row;FECHA_DIA;EVENTOS;official_temporal;d2_long;d3_reference;d3_long;d3_fast;d3_flexible;d3_regularized;d4_short;d4_regularized;full_sampling;more_sampling;poisson_d3;absolute_d3
724;2024-03-18;7.0;6.1598215;6.6700525;6.5970945;6.712548;6.8700595;6.6091485;6.7527647;6.2583313;6.574735;6.488631;6.1453686;6.258328;5.7073045
725;2024-03-19;4.0;5.8633595;6.723985;6.3574224;6.779117;6.6685534;6.9423275;6.6337976;6.4302516;6.291731;7.088678;5.9997616;6.7155285;6.104828
726;2024-03-20;4.0;7.1681905;7.029799;6.7571135;6.7097054;6.7396746;6.488342;6.9755526;6.5141172;6.5387444;6.2370224;6.6500235;6.0067425;5.7920566
727;2024-03-21;3.0;5.1052375;5.2665615;4.994935;5.2720747;5.3753543;4.760658;4.8727546;4.4945755;4.73444;5.239301;4.8937807;5.353276;5.0657544
728;2024-03-22;4.0;4.761067;4.5743656;4.3802505;4.296108;5.084689;4.2527003;4.386081;3.8199556;4.149508;4.5425467;4.547834;4.311722;4.217523
729;2024-03-23;3.0;5.661231;5.971831;5.7081876;6.0311995;6.557025;6.9772563;5.9165807;5.4950905;5.509677;6.9988427;5.6235347;5.650645;4.600856
730;2024-03-24;1.0;4.9137883;3.9777894;4.104714;4.215085;4.6264386;4.0074716;4.038051;4.183091;4.328792;5.1776514;4.1913958;4.17184;3.9086916
731;2024-03-25;4.0;4.8298283;5.56986;5.6172004;5.6068516;5.6796;5.921287;5.3235245;5.3993444;5.000146;5.8336134;5.4747343;5.3582087;5.2279882
732;2024-03-26;5.0;5.724599;6.876949;6.4901996;6.5118794;7.2402077;7.0112343;6.707679;6.4427724;6.04758;7.590174;6.1343675;5.928189;5.766334
733;2024-03-27;4.0;5.5467205;6.2365255;5.9104695;5.824548;6.7352633;6.018301;5.5148387;5.738258;5.51695;6.4400268;5.731018;5.7659197;5.5435514
734;2024-03-28;4.0;5.5040884;6.601852;6.63198;6.552389;6.4965086;6.803862;6.572621;6.359152;5.9268503;6.62056;6.3347077;6.2730937;5.5034723
735;2024-03-29;3.0;5.3229456;6.158636;6.137864;5.9142933;5.8961225;6.0952706;6.2164054;5.91923;5.69728;5.9333515;5.9144506;5.564824;5.368259
736;2024-03-30;1.0;5.564387;6.0569396;6.018012;6.189569;6.660953;5.8895364;5.5680494;5.995707;5.5502067;6.6898146;5.888875;5.7680535;5.71095
737;2024-03-31;3.0;4.533385;5.5008574;5.8852835;5.8068194;5.725407;5.8578806;5.938196;5.242637;5.5765047;5.5139885;5.657995;5.343509;5.284883
738;2024-04-01;4.0;5.278458;6.065748;5.7109694;6.1435995;6.1341057;6.143358;5.9916525;5.599887;5.56085;6.555061;5.729482;5.9467773;5.368708
739;2024-04-02;5.0;5.0852346;6.2213717;5.6400948;5.806268;6.201742;6.07315;5.935663;6.18062;6.0289946;5.5638833;5.8287125;5.4334345;5.2024612
740;2024-04-03;6.0;5.322477;6.187676;5.657075;6.1281652;6.280253;5.8144965;5.8254366;5.696916;5.5416403;6.558691;5.8289757;5.7891006;5.7679615
741;2024-04-04;3.0;4.77538;5.505896;5.235457;5.337279;5.6432734;5.542271;5.2750525;4.9570107;5.3112636;5.898124;5.157685;5.1790404;5.599868
742;2024-04-05;7.0;5.5873117;5.998843;5.9101415;5.9248548;6.208158;5.991107;6.2521415;5.5980644;5.8912816;5.5188394;5.946924;5.3701797;5.653583
743;2024-04-06;8.0;5.493636;6.0285115;5.874561;6.0825896;6.3866014;6.1014056;5.971706;5.4685044;5.4247828;5.8584995;5.5265756;5.3360443;5.237243
744;2024-04-07;3.0;4.8298526;4.4443774;4.267365;4.575285;4.582379;4.3691363;4.498563;4.203485;4.4702234;4.484316;4.3134236;4.4079695;4.3561826
745;2024-04-08;4.0;5.456831;5.2572703;4.8824296;4.925572;5.322103;5.22665;5.1294084;4.884266;5.2726564;5.932113;4.946677;4.673524;4.490967
746;2024-04-09;4.0;4.6759095;4.1672783;3.9556491;4.14751;4.212521;4.1428814;4.1364;4.1007705;3.9599493;4.6015644;3.8941774;4.162345;3.7969437
747;2024-04-10;3.0;5.002155;4.282799;4.569848;4.426747;4.6941032;4.300034;4.509332;4.4618754;4.4271507;4.6490965;4.4964695;4.42229;4.196501
748;2024-04-11;4.0;4.682506;4.9219394;5.124713;5.0927544;5.0366077;4.872168;5.2183995;5.053336;5.043292;4.938474;4.80345;4.880336;5.079592
749;2024-04-12;4.0;4.4280515;4.8822665;4.8979483;4.747692;4.781452;4.780567;4.8264456;4.551544;4.8220906;4.9090056;4.2106934;4.540949;4.1351414
750;2024-04-13;2.0;4.2653265;4.7879252;4.921029;5.052835;4.999672;4.8423033;5.0217524;4.6737595;5.0452623;4.894149;4.606058;4.0753193;5.039144
751;2024-04-14;2.0;4.268711;4.884878;4.6625056;4.4596543;4.642528;4.768505;4.7678704;4.2250066;4.6501036;4.667912;4.0713787;4.317529;3.8985724
752;2024-04-15;3.0;3.485563;4.7082257;4.172;4.149482;4.322648;4.4487615;4.1751842;3.8459356;4.028961;4.6032662;3.7606673;4.091126;3.8591688
753;2024-04-16;2.0;4.1395693;5.487664;5.284006;4.8184404;5.0789456;5.090471;4.840016;5.340774;4.8066664;5.5789924;4.702085;4.791266;4.4595394
754;2024-04-17;7.0;4.3630266;5.674572;5.9103074;6.0082393;6.4902596;6.154022;5.719953;5.3912096;5.4234953;6.0409513;5.1052866;5.6062183;4.854632
755;2024-04-18;10.0;4.5840974;4.7583346;4.3389125;4.632152;4.666305;4.4629116;4.4956098;4.514892;4.639362;4.9336653;4.1382313;4.5412874;4.017007
756;2024-04-19;9.0;4.601169;4.784324;4.510511;4.824311;4.4318013;4.1308255;4.9902625;4.7302847;4.924063;4.7668266;4.5735598;4.5250134;4.514233
757;2024-04-20;4.0;5.018549;4.1360083;4.043083;3.8879426;3.9948509;4.037166;3.8913352;3.915246;3.7108023;4.641318;3.6909132;4.6092515;3.8489687
758;2024-04-21;5.0;4.8306713;4.8548326;5.6087756;5.164567;5.037383;5.282034;5.308148;5.438054;5.775923;5.4419355;4.920603;5.1168566;3.9534874
759;2024-04-22;4.0;5.3566403;5.3906665;5.592474;5.8759437;5.930059;5.4021635;5.9578905;6.080943;6.1146274;5.871224;5.402137;5.821561;4.8003664
760;2024-04-23;3.0;4.5210238;4.487247;4.502364;4.509171;4.4159875;4.4447927;4.426562;4.2189474;4.4340653;4.8147902;4.4289875;4.57745;3.8307023
761;2024-04-24;5.0;4.4722977;4.228945;4.2790613;4.2866673;4.320161;4.335847;4.228569;3.9214997;4.070389;4.4824567;3.8816333;4.337079;4.2088394
762;2024-04-25;3.0;4.8788247;4.375914;4.159984;4.227856;4.520502;4.0743976;4.3774633;4.2934365;4.489042;4.3195686;4.5526233;4.0833225;4.0393815
763;2024-04-26;4.0;4.5892425;5.3508067;5.42309;5.63122;5.2576494;5.5628514;5.301264;5.2220683;4.8430953;6.209437;4.9471188;5.4600616;4.699973
764;2024-04-27;4.0;4.744567;5.0561414;5.1196666;4.958076;4.8648567;5.255088;4.8418984;4.848805;4.729148;5.013052;4.809562;4.9849944;4.3285336
765;2024-04-28;8.0;3.998168;4.2399597;4.175453;3.8653052;4.0312014;4.2001057;3.991592;3.6624784;3.9051964;4.196176;3.7136698;4.1264215;3.7078586
766;2024-04-29;8.0;5.368028;7.1576743;7.330572;7.3532786;7.3205;7.3878684;7.0021753;7.091432;6.864453;7.381656;7.0238442;6.4767528;6.3901463
767;2024-04-30;3.0;5.50791;5.6519637;5.744367;5.77489;5.6440377;6.05855;5.8762684;5.5185456;5.475603;5.9999185;5.1845202;5.7595325;4.972563
768;2024-05-01;7.0;4.5401607;4.3257794;4.190872;4.3852377;4.171253;4.27868;4.5786653;4.362329;4.365016;4.4707475;4.5241103;4.276247;4.067317
769;2024-05-02;2.0;4.1706862;3.5667474;3.5956907;3.6751356;3.4328272;3.6160676;3.5204217;4.1485724;3.7961216;4.068558;3.5396538;4.0515604;3.393729
770;2024-05-03;7.0;4.866101;4.3654313;4.220491;4.215704;4.3154655;4.0178137;4.2624516;4.4859796;4.265546;4.092863;4.3237476;4.2785535;4.3780065
771;2024-05-04;7.0;4.861221;4.404632;4.7975183;4.823377;5.2779665;4.681208;4.70876;4.9471965;4.5711465;4.579215;4.9064803;4.727888;4.4417014
772;2024-05-05;6.0;4.4812;4.2989693;4.2936006;4.2843223;4.189462;4.0771933;4.1914606;4.3571696;4.2118797;4.6557994;4.177169;4.3413305;4.58914
773;2024-05-06;2.0;4.4999795;5.4209538;5.4571147;5.3864813;5.239915;5.5240335;5.5218153;5.0039444;5.40145;5.63308;5.303885;5.368564;5.1698694
774;2024-05-07;2.0;5.0374913;4.1458955;4.5424924;4.6936893;4.649586;4.3557653;4.74315;4.823646;4.7965913;4.428303;4.7048655;4.2868667;5.031093
775;2024-05-08;2.0;4.208263;3.7589753;3.9681056;3.805631;3.8240025;4.058338;3.9335468;3.798278;3.997112;4.1432676;3.7680323;4.194519;3.7411573
776;2024-05-09;3.0;4.0347066;4.2372007;3.831886;3.8955214;4.222203;4.10779;3.9477298;3.9335017;3.8687918;4.091379;4.111827;4.062907;3.9745462
777;2024-05-10;1.0;4.23564;4.3923416;4.0945005;4.322405;4.1476727;3.8566184;4.444148;4.3301287;4.2337;3.8754134;4.443318;4.110148;3.9536061
778;2024-05-11;5.0;4.3684025;4.124203;4.0473256;4.2394295;4.0677395;4.2885747;4.285136;4.1766944;4.2480917;4.2318544;4.070058;4.185843;4.2592344
779;2024-05-12;10.0;4.044156;3.1120243;3.124268;3.2717543;3.1925268;3.162472;3.4209745;3.3660583;3.3740852;3.3705254;3.322615;3.5498385;3.334577
780;2024-05-13;6.0;3.8853307;4.767186;4.2963057;4.7318006;4.5404787;4.622291;4.3518186;4.494339;4.320264;4.537579;4.359318;4.4699993;4.1731663
781;2024-05-14;4.0;3.941701;3.7824216;3.7827182;3.821725;3.7193553;3.6999986;3.4841073;3.842181;3.7322314;3.6396534;3.7127483;3.9587433;3.0558822
782;2024-05-17;5.0;4.4251633;4.8199735;4.477206;4.765786;4.4184003;4.393537;4.60994;4.4833074;4.567675;4.327589;4.7259684;4.195491;4.284688
783;2024-05-18;10.0;3.9896183;3.8411734;3.4329295;3.7955654;3.2266572;3.6741326;3.7125134;3.4353538;3.6870446;4.2111626;3.6607468;3.837662;3.4405055
784;2024-05-19;3.0;3.8152027;4.485482;4.8600087;4.9237194;5.0214863;4.4984536;4.807963;4.810846;5.045928;3.8575664;4.760806;4.061417;4.567201
785;2024-05-20;7.0;4.5809894;3.3323228;3.5586452;3.4579196;3.5934894;3.483578;3.4607644;3.7528784;3.8370733;3.879746;3.6935937;3.729351;3.6585584
786;2024-05-21;3.0;4.3869615;3.692661;3.6542683;3.7054958;3.6692648;3.7656767;3.3927133;3.9210565;3.833092;3.537941;3.84945;3.8882346;3.591763
787;2024-05-22;3.0;3.9717321;3.1016462;3.2278314;3.212948;3.1936245;3.1177254;3.0365953;3.421001;3.2386026;3.409881;3.1989744;3.5236392;3.4621668
788;2024-05-23;4.0;4.3321013;3.9439032;3.7443814;3.9996636;3.904429;3.8100455;4.055534;3.9203126;3.911716;3.7985997;4.2349057;3.8407013;3.6163116
789;2024-05-24;10.0;4.6649966;5.1688895;4.992579;5.036851;5.117167;5.378913;4.8250756;4.8507843;4.822608;4.2464485;5.316088;4.6195927;4.7987223
790;2024-05-25;4.0;4.462192;3.9023187;3.9122908;3.78994;4.159833;3.804609;3.6722949;4.0382314;4.16915;4.304521;3.806463;4.2270913;3.8396907
791;2024-05-26;9.0;4.352001;3.5892494;3.8320227;3.5622532;3.5317643;3.7050784;3.6622317;3.5369146;3.8084893;3.9230094;3.5439596;4.0585036;3.7078269
792;2024-05-27;6.0;4.3181853;4.149364;3.966508;3.9373183;4.443185;4.0423665;3.9960253;4.0690103;3.8673549;4.3948135;3.961173;4.0267687;3.8731127
793;2024-05-28;4.0;2.8576727;2.1219785;2.3543305;2.1262958;2.1985393;1.8938224;2.0845;2.0891528;2.3450763;2.6215205;1.9337275;2.996342;2.6518903
794;2024-05-29;10.0;3.8761885;3.9380572;4.0470743;3.773654;3.7923205;3.6159859;3.9372332;3.8433578;4.072349;3.5645783;4.1230574;3.8427987;3.7127018
795;2024-05-30;2.0;4.031351;2.8601258;3.3999088;3.2592335;3.205329;3.7872643;3.359068;3.5401285;3.7183485;3.2056358;3.278698;3.459142;3.1310427
796;2024-05-31;11.0;3.7070417;3.0753565;3.0871687;2.8246272;2.760709;2.822266;3.0678654;2.7812417;3.227337;2.8839934;2.9306424;3.183862;3.5042193
797;2024-06-01;3.0;4.550911;4.4598384;3.7615068;3.7845957;3.7916963;3.8751612;3.9320765;3.9847326;4.016575;3.362265;4.0649166;4.298475;3.744327
798;2024-06-02;2.0;3.9723902;3.8509793;3.5966053;3.7430928;3.8441012;3.4651072;3.397532;3.8893156;4.0566783;3.7011025;3.7167935;4.1201525;4.0198193
799;2024-06-03;11.0;4.491572;4.869594;5.3799825;5.0301175;5.2947226;4.8289847;4.9902205;4.8841043;4.9376917;4.848606;4.584965;4.7775197;4.8058763
800;2024-06-04;5.0;4.8834686;4.843589;4.566484;4.6596847;4.8240423;4.7201962;4.6738825;4.8116503;4.567024;4.0503;4.375871;4.715522;4.6046553
801;2024-06-05;9.0;6.2167335;5.765327;5.833946;5.5491967;5.4864125;5.283443;6.3148766;5.319276;5.835238;5.094216;6.0073943;5.3335056;6.071996
802;2024-06-06;6.0;4.327414;3.9648075;4.1509056;4.0642004;4.0511575;3.7549386;4.091305;4.064727;4.105626;3.7804022;3.963345;4.1206985;3.9274778
803;2024-06-07;7.0;4.48296;3.1136682;4.0043497;3.7610621;3.1416774;3.6529517;3.5710192;3.7011063;3.7726412;3.5078971;3.8034534;3.9665427;3.4903026
804;2024-06-08;4.0;4.169141;4.638393;4.4026537;4.5166802;4.4260283;4.866973;4.881441;4.284425;4.7789063;4.2516737;4.787157;4.163647;3.8316832
805;2024-06-09;2.0;4.116602;3.8049455;3.8685777;3.9278693;3.7861297;3.7541997;3.823142;3.8903995;3.7909782;3.7833667;4.1431446;3.8596017;3.9390447
806;2024-06-10;8.0;4.668902;6.8585787;6.9786706;6.8320637;6.3908763;7.036097;6.3488274;6.3677444;5.7938333;7.4465394;6.6372166;6.1865964;6.0306845
807;2024-06-11;20.0;5.200663;7.0854273;7.5688243;6.7124104;6.414853;7.538676;6.570103;6.1967883;6.2987967;7.7107444;7.1891336;6.273572;6.4869184
808;2024-06-12;20.0;6.438374;8.159387;7.9153857;7.9088516;7.2392383;8.896055;7.205502;6.7326207;6.4934006;6.812072;7.80821;6.4523582;6.692414
809;2024-06-13;20.0;6.6086435;7.605631;6.828919;7.3684897;7.0894084;7.880301;6.654145;6.4464207;6.337462;6.274788;6.957252;5.937328;5.3191986
810;2024-06-14;5.0;5.7761984;5.3676844;5.2818956;5.541814;5.3496904;5.8756585;5.1258326;4.993128;4.9409547;5.5639935;5.66539;5.0731583;4.409456
811;2024-06-15;6.0;5.6561346;6.9176135;6.6177025;6.8343544;6.4218807;7.070839;6.1564336;5.662817;6.065931;6.343928;6.8780665;5.990287;5.410247
812;2024-06-16;3.0;5.063333;6.480231;6.3889112;6.448296;5.848638;6.6090693;5.9554887;5.840264;5.842309;6.8405004;6.1953526;6.082587;5.0022073
813;2024-06-17;5.0;5.8772106;5.330519;5.7176137;5.531448;5.4326906;6.2360845;5.4694333;5.709009;4.8562965;5.6890354;5.789972;5.224872;5.878368
814;2024-06-18;8.0;6.549158;4.880099;5.119265;5.26438;5.1146264;6.1204925;4.8213058;5.213723;4.963484;5.273944;5.4578023;5.113334;5.5446167
815;2024-06-19;6.0;5.7628818;4.584354;4.9439664;4.7588553;4.609402;5.251117;4.703526;4.9294376;4.5138097;5.2658777;4.5869875;4.475985;4.8945217
816;2024-06-20;6.0;6.1273837;7.2574134;7.5806785;7.50529;7.204973;8.093669;7.2463517;6.557299;6.584502;8.801841;7.0466433;7.013262;5.8005514
817;2024-06-21;18.0;6.4220347;7.8151417;7.3979864;7.5941916;7.4407344;8.316716;7.3202014;6.9260154;6.554147;8.002991;7.513825;7.357305;5.712557
818;2024-06-22;3.0;6.460927;6.273341;5.957529;5.9778066;5.787633;6.780952;5.0989904;5.5051956;5.545873;5.003391;6.272851;5.2695017;4.776435
819;2024-06-23;7.0;5.568452;6.677616;6.3941126;6.510711;6.5984516;7.0858693;5.780067;6.09347;5.5336547;6.0361023;6.3517756;6.026372;5.04002
820;2024-06-24;6.0;5.5071487;6.3355923;6.590874;6.4485016;5.796144;6.8198905;5.8294683;5.8559165;5.7086463;6.5231767;5.8231277;5.652899;4.7017097
821;2024-06-25;3.0;6.3787694;5.2112017;5.041988;5.1833243;4.6060867;5.578827;5.067407;5.210584;4.8078322;5.6748867;4.938139;4.953054;5.0040226
822;2024-06-26;10.0;6.2397017;5.9536166;6.0438623;5.8745894;6.124283;5.8783355;5.570552;5.7633085;5.517263;5.976482;5.3410716;5.6709704;5.956324
823;2024-06-27;3.0;6.368218;5.56838;5.589183;5.510137;4.894037;5.9978375;5.617383;5.0792117;4.986089;5.1761775;5.364802;6.008949;5.4588428
824;2024-06-28;2.0;6.3214273;5.626102;5.2537403;5.1857634;4.6311007;5.599617;4.888241;4.8443236;4.6579146;5.355615;6.188693;5.3259797;4.960537
825;2024-06-29;10.0;6.6035614;6.5541244;5.5692954;6.030632;5.097;6.250537;5.640497;5.2829504;5.4746323;5.740672;5.9371357;6.1964903;4.8900366
826;2024-06-30;3.0;4.7538886;4.325898;4.428178;4.5245094;4.029791;4.5838914;4.491005;4.754572;4.7527246;4.3112125;4.1765227;3.9015183;2.9669719
827;2024-07-01;4.0;6.5870447;5.459572;5.410825;5.4462323;5.4556103;5.6953793;5.321064;4.8832;5.1623936;4.7898455;5.2550616;4.7926807;4.5612974
828;2024-07-02;5.0;5.57388;4.1678786;3.8172488;3.9688241;3.8266945;4.562953;3.8017333;3.8949637;3.832779;3.1933506;4.2047;4.143809;3.6761005
829;2024-07-03;8.0;6.19675;4.89898;4.9429817;5.2966485;4.8380036;5.697822;4.872187;5.1744623;4.930811;5.0719366;5.457215;4.976578;4.384935
830;2024-07-04;4.0;6.1904473;4.625903;4.4486036;4.6132536;3.7044291;5.0742736;4.548489;4.372009;4.5359592;4.1127267;4.864892;4.5231957;3.646163
831;2024-07-05;4.0;5.895042;4.357789;4.119485;4.441507;4.0752053;4.877105;4.3978953;4.5106;4.4961853;3.8001928;4.596537;4.4743752;3.3980358
832;2024-07-06;4.0;4.430007;3.2755075;3.2849827;3.4185963;3.2530327;3.8878064;3.2619596;3.474675;3.666949;2.9310627;3.5780203;3.2697568;3.0729756
833;2024-07-07;2.0;4.7525835;3.961542;3.3051429;3.4350443;3.4629817;3.664295;3.6520386;3.5372963;3.714846;3.2964897;3.866686;3.399868;3.3161151
834;2024-07-08;7.0;5.167825;4.026299;3.6035185;3.6854067;3.9551122;4.183225;3.5822995;4.1414447;3.8532119;3.7682476;3.745361;3.9352808;3.3800075
835;2024-07-09;11.0;5.377916;3.9961812;3.5136368;3.7594314;3.5178516;4.329071;3.9028106;3.735209;3.8960688;3.7360778;3.7147267;4.0389795;3.2889397
836;2024-07-10;7.0;5.9186563;5.1368723;4.2836847;4.9958463;4.2036104;5.5515313;4.9408712;4.3918653;4.948671;4.1340895;4.7512727;5.0951324;3.8090835
837;2024-07-11;6.0;4.884248;4.122924;4.2143803;4.176726;4.145647;4.779547;4.3831725;3.940267;4.4084616;3.8060968;4.6218586;3.9735854;3.2952242
838;2024-07-12;3.0;5.6508317;4.549673;4.023009;4.4724336;4.2490783;5.113158;4.7627196;4.0950494;4.8012714;4.4095106;4.4468327;4.6983576;3.4160852
839;2024-07-13;5.0;5.364434;4.9800444;4.793409;5.0038056;5.315193;5.826057;4.923017;4.9075537;4.8306885;4.710759;5.0016785;4.9556074;4.322916
840;2024-07-14;6.0;3.8415458;4.1049004;3.8014338;4.008808;3.9272337;4.202788;3.7342348;3.671071;3.741418;4.1427298;3.7390702;3.8973737;3.5791516
841;2024-07-15;6.0;3.9941697;3.2793064;3.481639;3.5010018;3.445346;3.0098813;3.703777;3.5987034;3.6024349;3.971853;3.3611813;3.4690115;3.1439996
842;2024-07-16;4.0;4.3504057;4.338407;4.4056873;4.5150423;4.643663;4.2296567;4.5145206;4.7529616;4.64944;4.381846;4.5577874;4.1206865;3.7306576
843;2024-07-17;12.0;4.033131;3.9637096;3.8399968;3.8884761;3.995037;3.9495518;3.9676633;3.667873;3.8692794;4.0157256;3.7731283;3.7257392;3.0480123
844;2024-07-18;3.0;5.263271;5.388934;5.355333;5.4211907;5.2041974;4.7598915;5.9751163;5.444727;5.425209;5.2559986;5.704385;5.4054284;4.4731545
845;2024-07-19;9.0;6.21084;5.7645106;5.5472593;5.647424;5.8697367;5.601449;6.1398063;5.9329534;5.686007;5.5938835;6.197271;5.9128017;5.083589
846;2024-07-20;4.0;4.1313972;3.9898858;3.8953524;3.6762094;4.116969;3.8245087;3.9665868;4.8544316;3.9009032;3.728561;4.189512;3.9912987;3.4775553
847;2024-07-21;4.0;4.73581;4.8034043;4.7247667;4.79702;4.9700017;4.498515;4.7597346;4.797786;4.675217;4.515384;4.7606816;4.8716826;4.6048236
848;2024-07-22;11.0;5.1708684;5.2966304;5.1368656;5.2764874;5.5108447;5.44952;5.296729;5.543165;5.3899446;5.2319098;5.293465;5.262283;5.18159
849;2024-07-23;2.0;5.498645;4.7712016;5.2039165;4.9800444;5.490496;4.927094;5.3153443;5.3319993;5.1284075;6.1893396;5.1613784;5.180462;4.172415
850;2024-07-24;1.0;5.033146;5.0520678;5.7221375;5.034834;5.899511;5.691178;5.427542;5.7095585;5.507096;5.4731245;5.8560014;5.3843737;4.6236115
851;2024-07-25;2.0;5.1376348;5.624018;6.031782;5.7416945;6.10805;6.118883;5.648193;6.189105;5.4074993;5.5748873;5.4775467;5.436159;4.48412
852;2024-07-26;4.0;4.399699;3.783866;4.4007807;4.154701;4.004175;4.269605;4.0383654;4.682368;3.9212947;3.9779868;4.2388816;3.9763954;3.5532753
853;2024-07-27;6.0;4.675759;3.7674377;4.1466584;4.11917;4.2221556;4.442016;4.245968;4.4994135;3.96968;4.324831;3.9240324;4.0716763;3.954166
854;2024-07-28;3.0;4.205135;3.8734608;4.2360115;4.063993;3.996245;4.857363;4.057157;4.6909323;3.8330054;4.1425743;3.9640443;4.15844;3.5353718
855;2024-07-29;6.0;4.971443;3.1358364;2.9313295;2.9402204;2.8491943;3.24612;3.4357061;3.4460077;3.036207;2.9124289;3.0373335;3.240667;3.260429
856;2024-07-30;8.0;3.5084596;3.5467188;3.52425;3.2395074;3.5824623;3.6939328;3.4773495;3.9555635;3.4747467;3.4260812;3.4644344;3.6358638;3.472085
857;2024-07-31;16.0;5.3847995;8.491004;8.094393;8.02888;7.6263547;8.066942;8.392459;7.3088956;7.8864436;8.026463;7.8867865;7.073594;6.658617
858;2024-08-01;23.0;10.134915;14.144826;14.091686;14.0265045;13.594562;13.270958;12.214856;13.843532;11.9565115;14.361801;13.553472;10.478949;7.6318774
859;2024-08-02;17.0;6.5049157;8.660233;9.797484;9.148901;9.523342;7.8361936;9.615471;9.131763;9.459186;9.384375;9.639579;6.4362593;5.742638
860;2024-08-03;8.0;5.555428;5.254119;5.6686764;5.108973;5.4702373;5.060465;5.5066195;5.4807653;5.18395;5.1846933;5.7201657;5.1660867;5.300684
861;2024-08-04;12.0;5.6347966;7.7997527;7.466928;7.188557;7.5273223;6.990723;7.978564;6.582802;7.238887;6.3334336;7.7048187;6.7965302;5.926767
862;2024-08-05;10.0;5.525919;7.2189765;7.6328645;7.075413;7.045012;7.3093576;7.478941;6.785175;6.955578;6.7861714;7.0673833;6.2596655;5.9768834
863;2024-08-06;10.0;5.0850983;4.201428;4.598404;4.7726336;4.9405675;4.381487;4.9017367;4.6251345;4.762878;4.3368864;4.569395;4.5424223;3.8818917
864;2024-08-09;9.0;5.3894687;5.282047;5.8223248;5.6742644;5.1673627;6.1472354;6.0812583;5.8795753;5.587346;5.930088;5.794267;4.9144516;4.9449635
865;2024-08-10;9.0;5.493871;5.759414;5.326037;5.3243537;5.3877063;5.9830203;4.8061285;5.139897;5.0346556;5.8307867;4.632445;5.0771894;3.9321957
866;2024-08-11;7.0;5.058308;4.7850018;4.4365926;4.2112575;4.770168;4.520269;4.2395964;4.7506504;4.4535336;4.7187815;4.807048;4.521722;4.373748
867;2024-08-12;6.0;5.32211;4.020567;4.6036286;4.275892;4.9820943;4.3649073;4.2255216;4.848373;4.392378;4.1608777;4.416321;4.557169;3.7706525
868;2024-08-13;6.0;5.7203965;4.508447;4.501698;4.691541;4.7900867;4.5114107;4.690596;4.547243;4.645356;4.507414;4.6136622;4.562815;3.6833713
869;2024-08-14;8.0;4.9468718;4.7540526;4.4904065;4.6005445;4.5817337;4.4722257;4.475013;4.3720517;4.7488866;4.5143857;4.7199306;4.5049644;3.9700086
870;2024-08-15;2.0;4.5853844;4.7434855;4.549026;4.622052;4.5909953;4.51228;4.4960203;4.4380813;4.540516;4.200781;4.5179706;4.4956074;3.8352194
871;2024-08-16;3.0;4.8803983;5.1427493;4.8945966;5.1260514;5.146381;4.8415656;5.089396;4.713087;5.2303586;4.635133;5.0112596;4.8854856;4.3185444
872;2024-08-17;6.0;5.510401;4.9407473;5.0667315;5.250164;4.9705067;5.218165;5.383031;5.3027115;5.335683;4.819384;5.1957297;4.8757114;4.7755933
873;2024-08-18;9.0;4.7012887;5.0840287;5.0774164;5.0745053;4.992106;4.915047;5.1643634;5.1039267;4.9175105;4.7969103;4.8568835;4.9670086;4.5238547
874;2024-08-19;2.0;5.430935;5.852614;5.4902124;5.663928;6.001437;5.6074085;5.766382;5.42927;5.4554644;5.4442787;5.78186;5.306782;4.9652486
875;2024-08-20;3.0;5.399536;5.159188;5.063178;5.1303043;5.284965;5.057788;5.1057196;5.0901437;4.9441876;4.8875084;5.341856;4.9014616;4.53666
876;2024-08-21;2.0;5.373138;4.973454;5.1157994;5.209435;5.485038;5.136118;5.1281614;4.9791026;5.2158694;4.9515033;5.122758;4.769478;4.6990776
877;2024-08-22;7.0;4.781751;4.6407895;4.708284;4.771032;4.9274273;4.814376;4.529534;4.746689;4.349131;4.4053745;4.5801945;4.376833;4.5682373
878;2024-08-23;6.0;5.0954022;5.229776;5.043312;4.95522;5.3029013;5.040519;4.8982725;5.1771746;4.864072;5.2239957;4.6009336;4.657186;4.0332146
879;2024-08-24;4.0;4.6371703;3.5390162;3.7728565;3.801128;4.268966;3.6377194;3.7655082;3.9426093;3.8762777;3.621307;3.4567347;3.9809103;3.5234203
880;2024-08-25;6.0;4.2338586;3.863232;3.91662;3.7405896;4.2313128;3.773611;3.8175714;3.9306126;3.8275638;3.7823083;3.6028237;4.133106;3.5714371
881;2024-08-26;11.0;5.1777816;5.250885;5.4872212;5.1878242;5.664116;5.318095;5.307789;4.881243;5.1662827;5.2453165;5.386298;4.827084;4.495672
882;2024-08-27;4.0;4.441307;5.073581;5.147746;5.1499786;5.4335566;5.018511;4.865125;5.0267982;4.5055337;4.8015447;4.771284;4.94027;4.129441
883;2024-08-28;4.0;5.237652;5.184642;5.1578474;5.0888658;5.1376123;5.0307007;5.17268;5.214365;4.9717035;4.61905;5.2773094;4.7042465;4.9652467
884;2024-08-29;8.0;4.930761;5.2949266;5.1434073;5.093693;4.962002;5.010529;5.161597;4.8585167;4.79424;4.7807803;5.0775957;4.481082;4.238208
885;2024-08-30;4.0;4.7550397;4.6482863;4.830983;4.3743052;5.310994;4.7432437;4.5319014;4.544401;4.757833;4.568652;4.55065;4.1972585;4.0776286
886;2024-08-31;9.0;4.9762225;4.8126154;4.7009053;4.547937;4.794385;4.7497835;4.520971;4.4157352;4.6529512;4.5128317;4.484896;4.6406674;4.2792964
887;2024-09-01;4.0;4.757547;4.076666;4.1231356;3.9228315;3.896299;3.955252;3.983137;3.8369522;3.8580241;4.2486467;3.6071672;4.1587396;3.5953963
888;2024-09-02;5.0;5.239839;4.120373;4.784686;4.526112;4.8360357;4.499001;4.9182415;4.825271;4.980877;4.4882717;4.8364263;4.9244256;4.2623806
889;2024-09-03;6.0;4.883351;4.4820924;4.5326366;4.6444006;4.747504;4.505524;4.6633;4.808714;4.828836;4.662133;4.454448;4.3317204;3.647067
890;2024-09-04;11.0;4.7846236;4.2176075;4.1538143;4.2131214;3.9463165;4.0458736;4.4775767;4.280219;4.175889;4.5812845;4.3928747;4.1869373;3.3312016
891;2024-09-05;4.0;4.9517226;5.4777875;5.0954704;5.366148;5.467016;5.152548;5.423421;5.439735;5.049981;5.449763;5.125083;5.2629714;4.272052
892;2024-09-06;9.0;5.0569305;4.7789435;4.7018123;4.661152;5.1351542;4.5015407;4.8756676;4.750741;5.1687827;4.5874743;4.3825536;4.9220653;4.6244607
893;2024-09-07;4.0;4.3297405;4.223254;4.3516064;4.0965085;4.1343613;4.1405196;4.2272916;4.478305;4.1047783;4.494068;4.0694714;4.5323772;3.890246
894;2024-09-08;1.0;4.3573475;3.9804585;4.27828;4.099626;4.093801;3.8805823;4.2592344;4.2269907;4.2398477;3.9239328;4.496364;4.311557;4.071077
895;2024-09-09;6.0;4.768139;5.0890636;5.16647;4.9298563;5.1406345;5.2591586;5.1755505;5.4076285;5.3356442;5.1558695;5.1710343;4.938478;4.4766307
896;2024-09-10;5.0;4.883938;4.372963;4.4750314;4.2715015;4.508266;4.522923;4.106765;4.3511033;4.0734663;4.2248697;4.1443195;4.265285;3.8634799
897;2024-09-11;3.0;4.846074;4.046923;4.3249454;4.368093;4.129154;4.0321608;4.5397897;4.3788395;4.3612795;4.0162754;4.6127157;4.1828074;3.85535
898;2024-09-12;2.0;4.923488;4.878812;4.7113085;4.650814;4.741361;4.5710974;4.6430364;4.635069;4.6267266;4.724065;4.7974954;4.5185175;3.9587069
899;2024-09-13;7.0;4.5277786;4.5920615;4.6895027;4.827416;4.830722;4.8654017;4.940756;5.0686183;4.9567547;5.1086516;4.77018;4.300356;4.0119686
900;2024-09-14;10.0;4.6033697;4.087785;4.273329;4.449534;4.0984063;4.427913;4.270704;4.172389;4.4230905;4.225459;4.3171835;4.147521;3.776177
901;2024-09-15;4.0;4.8123198;4.6125154;4.205331;3.9796443;3.2846847;3.9931178;4.251526;3.6281254;4.1836834;4.6481934;4.1304517;4.183654;3.984788
902;2024-09-16;8.0;6.33284;4.5451107;4.657413;4.554218;4.3761005;4.553021;4.644475;4.6728983;5.061696;4.5659237;4.1784496;4.5858145;4.569714
903;2024-09-17;1.0;4.4485908;3.9019587;3.8494375;3.7784288;4.0376368;3.8866723;4.3660655;4.06973;4.5967584;3.1827614;4.1204906;3.5824053;3.2375338
904;2024-09-18;1.0;4.5223784;7.1941056;7.149502;7.009965;6.702084;7.309953;7.0738425;6.779561;6.6366386;6.9784565;6.601419;6.103626;6.1458755
905;2024-09-19;6.0;4.20737;6.1686697;6.684707;6.5933075;6.4964786;6.4107566;5.9386735;6.616017;5.9053926;7.175711;6.1641226;6.0073366;5.706359
906;2024-09-20;2.0;4.24147;3.9853835;4.363916;4.502161;4.2990932;4.588606;4.481585;4.4342046;4.2445893;4.3074965;3.9849737;4.408728;4.1147494
907;2024-09-21;6.0;3.7728934;4.00911;3.8152952;3.8597991;3.4986863;4.1667175;3.8470392;3.7127337;3.6257274;3.9953048;3.4932103;3.8278563;4.1368275
908;2024-09-22;3.0;4.451209;3.5639172;4.2074633;3.791974;3.5689702;4.2295923;3.734568;3.8077912;3.8165545;3.677354;3.9204037;4.051535;3.5139265
909;2024-09-23;3.0;4.347494;4.1941857;4.3448853;4.501897;3.9523606;4.24804;4.159869;4.194295;4.2022085;4.6926394;4.0737476;4.4980736;4.423407
910;2024-09-24;2.0;4.3819566;3.6721504;3.8051872;3.7757075;3.7693021;3.841588;3.8632376;3.988556;3.9354892;3.86545;3.8306832;3.7601984;3.7402313
911;2024-09-25;6.0;4.555628;3.2225142;3.6992452;3.5203674;3.4225588;3.7564034;3.6164691;3.6082964;3.7644472;3.7997477;4.020448;3.9748034;3.1573305
912;2024-09-26;1.0;4.6425576;4.6935387;4.641249;4.899132;4.880944;4.8193674;4.5231724;4.9718566;4.73147;4.8322477;4.488336;4.439269;4.068106
913;2024-09-27;4.0;4.469217;4.0674915;4.261847;4.3812127;3.8428733;4.4378963;4.360974;3.9963176;4.182844;4.462268;4.424807;4.1095066;3.453092
914;2024-09-28;3.0;3.6931312;3.1518743;3.4664886;3.3939745;3.1195982;3.2093692;3.4428067;3.4968069;3.3972473;3.9081986;3.2383726;3.5317152;3.0040658
915;2024-09-29;4.0;3.4690294;3.3883195;3.1888335;3.0433383;2.9791691;3.069568;3.3499384;3.2676556;3.2605693;2.7290354;3.1633956;2.9755328;2.385359
916;2024-10-02;1.0;4.792205;3.8809566;3.8510678;4.117438;4.0941253;4.3271084;4.009129;3.9970806;4.5050983;3.9067397;4.3795347;3.958857;4.0271635
917;2024-10-03;4.0;3.8277647;3.7123618;3.6193998;3.5980868;3.7398431;3.909491;3.623313;3.7115571;3.7992432;3.7091537;3.592612;3.731386;3.0019279
918;2024-10-04;5.0;4.4628386;4.0183043;3.865916;4.4728403;4.075387;3.8151255;4.177442;3.9267907;4.0063515;4.144294;3.9472697;4.0546803;3.4183655
919;2024-10-05;5.0;3.8583834;3.2184439;3.2825832;3.2927527;3.1080637;3.2754717;3.243856;3.4342036;3.2667568;3.2082772;3.26002;3.4014845;3.2393985
920;2024-10-06;4.0;3.2978933;3.2810376;3.1085863;3.0600784;2.5952907;2.9129953;3.1395247;3.1495805;3.0624382;3.0231233;3.2358868;3.3205762;2.8514082
921;2024-10-07;5.0;3.6050148;2.7301493;2.723547;2.6067593;2.5876486;2.489172;2.7133687;2.9779577;2.8471475;3.072316;2.8349082;3.191571;2.819331
922;2024-10-08;2.0;3.5325966;3.023912;3.2194934;3.1257532;3.1760945;2.9356158;3.1160927;3.2930033;3.149748;3.2486477;3.1246781;3.306868;2.906491
923;2024-10-09;2.0;3.3627052;2.648054;2.6659067;2.6384244;2.2674096;2.4667196;2.7133417;2.7408633;2.6441536;2.6454864;2.7862635;2.989522;2.4897392
924;2024-10-10;1.0;4.339293;4.176019;4.2544866;3.9361472;4.174642;3.9369142;4.084286;4.3262396;4.3327026;4.3717046;4.3291187;4.139895;3.471871
925;2024-10-11;4.0;4.3070703;4.1885214;4.156592;4.192457;4.075277;4.082043;4.201914;4.221308;4.0017443;4.0151496;4.2596903;4.069218;3.8913486
926;2024-10-12;5.0;4.189698;3.2683647;3.4114907;3.523748;3.4939754;3.6979692;3.5491602;3.9649014;3.8873367;3.708992;3.7856908;3.546258;3.8144763
927;2024-10-13;6.0;3.7800918;3.9318907;3.6800883;3.8462434;3.7012515;3.659109;3.835581;3.694907;3.6263037;3.5295491;3.604943;3.6658483;3.512976
928;2024-10-14;2.0;3.9137576;3.4130163;3.512885;3.5615094;3.6137943;3.5062103;3.629069;3.832947;3.7030978;3.4449582;3.5944932;3.6113377;3.362025
929;2024-10-15;5.0;3.9140556;3.2942348;3.520855;3.5479405;3.623436;3.597235;3.678155;3.5340886;3.7627492;3.556887;3.358304;3.4330595;2.7890482
930;2024-10-16;2.0;3.989889;4.159081;4.1547465;4.1102705;4.0096416;4.052904;4.0919046;3.8183072;4.0988617;4.090997;4.258218;4.041621;3.6943574
931;2024-10-19;5.0;3.6854067;3.4826026;3.4206386;3.3789628;3.391958;3.6571176;3.296738;3.5119076;3.3591828;3.668588;3.336837;3.7930124;3.3613102
932;2024-10-20;6.0;3.8489625;4.107309;4.1913624;3.8747811;4.1135;4.115161;4.224987;4.162982;3.9024136;3.9710262;3.8908641;3.7486222;4.194172
933;2024-10-21;1.0;4.0831723;4.2502184;4.338692;4.170739;4.1665363;4.312417;4.122169;4.532123;4.2721853;4.209925;4.145937;4.0589776;4.1254807
934;2024-10-22;1.0;3.7984333;3.2359464;3.405118;3.2445004;3.534321;3.3325753;3.3554428;3.2623198;3.2382119;3.6296268;3.3763547;3.4365547;3.1303744
935;2024-10-23;3.0;4.147251;3.7576046;3.8235388;3.7816904;3.6620402;3.9104111;3.874035;3.9138832;3.8194766;4.0855303;3.8560164;3.9851584;3.5162928
936;2024-10-24;4.0;3.411029;2.9449205;3.0255103;2.9888885;2.939259;3.144096;3.009564;3.1520226;3.185049;3.0131052;3.368641;3.280502;3.4023275
937;2024-10-25;2.0;4.0832834;5.0154533;4.8059955;4.6499224;4.977012;4.6274467;4.664235;4.7238197;4.6529737;4.706721;5.18191;4.702361;4.513061
938;2024-10-26;2.0;4.2667704;3.5234377;3.4354138;3.5617912;3.5103335;3.6989968;3.550283;3.5729637;3.4984775;3.4309006;3.2609167;3.7571766;3.6302035
939;2024-10-27;0.0;3.9353342;3.9431884;3.7903666;3.8084626;4.131163;3.8390176;3.7480013;4.2355266;3.944001;3.928323;4.006529;3.813223;3.3409526
940;2024-10-28;2.0;4.404337;3.073342;3.2317998;3.1726632;2.865372;3.1616051;3.1428616;3.437688;3.3455172;3.5978944;3.4561973;3.4567087;3.3519235
941;2024-10-29;4.0;4.1863;4.2505517;4.334701;4.3037972;4.484797;4.4393263;4.19919;4.315266;4.0400515;4.120242;4.5063443;4.1471725;3.8961918
942;2024-10-30;3.0;4.3034563;4.3015413;4.398203;4.519388;4.482638;4.5681553;4.277971;4.6452994;4.306064;4.4039946;4.268923;3.9437444;3.6466064
943;2024-10-31;2.0;3.7720695;3.2617111;3.3252628;3.2325606;2.8424928;3.2747362;3.2507637;3.6577675;3.2380931;3.4203954;3.4162269;3.494428;3.2120275
944;2024-11-01;8.0;4.575252;4.4272385;4.397633;4.1987805;4.571907;4.392764;4.191426;4.3271976;4.326588;4.0400033;4.68088;4.37408;4.6081276
945;2024-11-02;6.0;4.074213;4.1779704;4.2171216;4.0892835;4.359866;4.35768;3.9852536;4.24129;4.0761585;4.2144346;4.1417775;4.155145;3.8982818
946;2024-11-03;3.0;3.7163649;3.355738;3.3681746;3.2641041;3.6165571;3.4960158;3.345102;3.310147;3.3345692;3.1064417;3.4792154;3.709264;4.062455
947;2024-11-04;4.0;4.357613;4.2076774;4.2078075;4.19519;4.4034977;4.427848;4.173369;4.1332903;4.1826506;4.3006096;4.1055384;4.253165;4.04244
948;2024-11-05;6.0;3.9404178;3.7394404;3.5798318;3.7370856;3.5958722;3.7380362;3.865295;3.7935278;3.5639496;3.4627888;3.9271033;3.6796446;4.102605
949;2024-11-06;5.0;4.5490665;4.619444;4.5232406;4.501197;4.374159;4.5165668;4.380783;4.5581617;4.4704313;4.239434;4.512799;4.5663166;4.4663377
950;2024-11-07;1.0;4.2205443;4.2710834;4.1452994;4.185779;4.170328;4.3130536;4.1777906;4.455593;4.208284;4.222874;4.1739693;4.3826127;4.2570868
951;2024-11-08;5.0;5.021129;4.7947927;4.966582;4.8180223;5.08151;4.80949;4.8553905;5.247211;4.7682285;5.1829963;4.9175153;4.5792565;4.707281
952;2024-11-09;5.0;3.9000006;3.2141461;3.3790326;3.2989876;3.276115;3.4198368;3.160902;3.401561;3.111123;3.63707;3.0435512;3.6542115;3.5887392
953;2024-11-10;2.0;3.8849392;3.90568;3.9075544;3.766923;3.7312162;3.7434783;3.809513;3.8919487;3.7487092;3.7662113;4.171974;3.8646584;3.8782644
954;2024-11-11;3.0;4.3931446;3.8848796;3.8244503;3.6957247;3.786989;3.5487301;3.923869;3.84814;3.9183688;4.0105286;3.8479252;4.0354924;3.3900163
955;2024-11-12;12.0;4.14037;4.7945375;4.658773;4.8476596;4.8078465;4.809112;4.733447;4.483213;4.2377667;4.7595367;4.413649;4.842387;4.3215537
956;2024-11-13;3.0;4.4684305;5.361765;5.1696763;5.404917;5.1764417;5.5290174;5.3343835;5.51453;5.20542;5.9435573;4.78919;5.0931983;4.879853
957;2024-11-14;4.0;3.9745429;4.679798;4.4299717;4.6631784;4.3411446;4.4856625;4.747421;4.049422;4.473975;4.4303117;4.588622;4.532891;4.2027354
958;2024-11-15;6.0;4.4126;5.0648036;4.715684;4.9138603;4.2949047;4.9280086;4.85698;5.0448585;4.7884626;4.942448;5.0562057;4.8391175;4.4395633
959;2024-11-16;10.0;5.098167;4.1329026;3.9539728;4.142745;4.214632;4.183239;3.9927976;4.1342654;3.8831298;4.1330285;3.9994571;4.168106;4.2765107
960;2024-11-17;0.0;4.331714;4.2498155;4.0566683;4.2286596;4.1225586;4.106924;4.071514;4.7346;4.3727646;4.728509;4.6843004;4.746898;4.6784735
961;2024-11-18;3.0;4.4173455;4.2098403;4.090089;3.8491325;4.3812222;3.9871244;4.2852316;3.538474;3.9756281;3.9370322;4.41128;3.938565;3.7062218
962;2024-11-21;3.0;5.141386;4.8695836;4.8422832;5.047194;5.0226526;5.0722556;4.8546386;4.769472;4.9828525;4.957905;5.0808563;4.7244663;4.194382
963;2024-11-22;7.0;4.8844295;4.526274;4.2551694;4.5459156;4.5173426;4.56133;4.2792487;4.588222;4.4903975;4.383606;4.4066076;4.3867784;4.2506757
964;2024-11-23;2.0;4.580073;4.232664;4.2382026;4.0880594;4.3695035;4.3633857;4.1691666;4.3080378;4.327703;4.6803927;4.185662;4.382711;4.2544503
965;2024-11-24;5.0;4.4645157;3.8669643;4.0287104;3.833654;3.9623034;4.07894;4.0873294;3.9627373;4.089371;4.551845;3.7963822;4.092484;4.255561
966;2024-11-25;10.0;4.287677;4.544919;4.3904967;4.292315;4.328768;4.6976967;4.4063396;4.4200797;4.40885;4.598257;4.383646;4.6788135;4.28801
967;2024-11-26;7.0;4.8809147;4.720896;4.4752064;4.45998;4.150144;4.789108;4.4404764;4.6319156;4.5845003;4.280495;4.772273;4.485569;4.528123
968;2024-11-27;6.0;4.82951;4.6953106;4.888448;4.893831;4.380012;5.1327395;4.6806617;4.9959683;5.0172796;5.0343595;4.9518304;4.8691006;4.537192
969;2024-11-28;4.0;4.985106;5.1807857;4.985175;5.247333;5.1861205;5.399907;4.762133;4.868011;4.8753185;4.935924;5.189713;5.211819;4.720216
970;2024-11-29;5.0;4.5775795;4.9335737;4.9373517;4.7040267;5.1649213;4.848558;4.7895594;4.841251;4.904771;4.9247093;4.832696;4.7682104;5.1344643
971;2024-11-30;7.0;4.110151;4.159406;4.317539;4.1632433;4.2861834;4.5751195;4.0741243;4.526346;4.430818;4.1262026;3.7662942;4.4537153;4.282448
972;2024-12-01;6.0;4.4495506;4.5012503;4.1576414;4.3867803;4.7185383;4.3849797;4.001157;4.598713;4.320442;4.3207765;4.7930403;4.6113195;4.4048877
973;2024-12-02;10.0;4.6910567;4.0705605;4.259256;4.0153437;4.756651;4.257327;4.047164;4.770796;4.378528;5.000289;4.0574813;4.7468615;4.3568172
974;2024-12-03;1.0;4.6933603;4.2304373;4.2560053;4.421266;4.185238;4.400754;4.1014524;4.7395363;4.3130326;4.611277;4.0590906;4.467145;4.751592
975;2024-12-04;2.0;4.797045;4.570697;4.4973235;4.673953;4.4817166;4.6040306;4.6451144;4.45037;4.6519384;4.7262053;4.7144213;4.923382;4.4670424
976;2024-12-05;3.0;5.4558554;5.418824;5.3791275;5.581404;5.324851;5.216801;5.5279465;5.4559927;5.452234;5.5969296;5.488334;5.3051643;4.77967
977;2024-12-06;4.0;5.856167;6.442213;6.059905;6.2850504;5.99172;6.5230303;6.084014;6.059872;5.9612083;5.630959;6.3188486;5.7028155;5.097493
978;2024-12-07;5.0;5.2808623;5.675341;5.461605;5.5266833;5.5831447;5.6023517;5.2438774;4.865924;4.706162;5.0436215;5.1949387;5.151385;4.9365773
979;2024-12-08;8.0;5.40709;5.0401974;4.7519364;4.802454;4.5588837;4.7868204;4.8665404;4.3592243;4.7150903;4.231744;4.9580674;4.801782;4.622499
980;2024-12-09;3.0;5.328135;5.7615666;5.3508053;5.5352774;5.6692924;5.8651705;5.1379075;5.47623;5.503168;5.5022697;5.6869965;5.4434047;5.037687
981;2024-12-10;4.0;5.0633345;5.4693837;5.212006;5.3991055;5.47767;5.603213;5.1786575;5.2678967;5.1491017;4.8901196;5.1050296;5.4681964;4.978467
982;2024-12-11;7.0;5.487314;5.8968263;5.5814304;5.984035;6.0524178;5.8960614;5.8276544;5.54407;5.4556875;5.757794;5.6157703;5.3407135;5.1141534
983;2024-12-12;5.0;5.2794943;5.051872;4.847633;4.836962;4.440554;5.0020266;4.5756483;4.5047426;4.52902;5.011311;4.7858024;5.0775647;4.5291114
984;2024-12-13;9.0;5.4886336;5.983979;5.7147207;5.82256;5.8252954;5.774195;5.9062977;5.842168;5.855539;6.0107374;5.5032134;5.6365256;4.911138
985;2024-12-14;11.0;6.7148695;6.7429223;6.2007027;6.1678205;6.2786126;6.214693;5.8138385;6.30162;6.257926;6.028402;6.1972528;5.5964746;6.020116
986;2024-12-15;3.0;4.9817386;3.9719987;4.3265595;4.0998983;3.6534464;4.3550057;4.709738;4.516547;4.631361;4.8976707;4.3994994;4.649055;4.6500525
987;2024-12-16;6.0;5.376265;5.050334;4.823512;4.846412;4.907772;4.6989055;5.0549803;4.647157;4.935353;4.8743186;4.9557457;5.1209292;4.287912
988;2024-12-17;3.0;5.078845;5.366088;4.9867635;5.169378;4.9527597;5.2735353;4.958331;5.4230027;5.2355323;6.0461545;4.8388433;5.51442;4.4500704
989;2024-12-18;4.0;5.532725;5.1111627;5.12341;5.19808;4.674352;5.1085362;5.062939;5.3154407;5.3810024;5.08001;5.223699;5.3857765;4.944875
990;2024-12-19;5.0;6.265101;6.170743;5.8993683;6.515578;6.1766386;6.0976877;6.3529654;5.9703336;6.389509;5.6639986;6.4100366;5.8113446;5.590772
991;2024-12-20;11.0;5.886117;6.257158;5.8285575;6.2452345;5.6290164;5.973728;6.0744348;5.90639;6.1587725;6.128864;6.0865626;5.912865;5.011537
992;2024-12-21;8.0;6.16263;6.3412695;5.793696;6.00855;5.8051476;5.9761353;5.5534496;5.5864787;5.5751305;5.837051;6.0786376;6.0952806;4.8776345
993;2024-12-22;4.0;8.101666;6.753148;6.8128963;6.659406;6.4324803;7.2751904;6.050382;6.5808444;5.9553094;5.584811;6.7971773;7.650941;5.9349685
994;2024-12-23;9.0;5.331984;5.913872;5.894513;6.1540365;5.8272414;6.097856;5.688117;5.2710447;5.8875904;5.38925;6.1577077;6.343438;5.3118434
995;2024-12-24;11.0;7.385571;6.341099;6.5841637;6.2447643;5.764832;6.60065;6.0775957;5.7297745;6.1853952;5.5761213;6.8319564;6.7672615;5.374524
996;2024-12-25;5.0;6.26794;5.17497;5.0553913;5.226471;4.8797917;5.4641566;5.1956873;5.465901;5.324111;4.7138267;5.6328964;6.587782;5.6709886
997;2024-12-26;5.0;6.031236;5.435288;5.8606253;5.8609858;5.8244505;5.919423;5.875274;5.811293;6.0629334;6.0514565;5.9311247;5.65119;5.33109
998;2024-12-27;5.0;6.549766;5.1653643;5.448416;5.4463186;5.253301;5.899054;5.0900292;5.480926;5.698103;5.9371243;5.52145;5.8293643;5.2344747
999;2024-12-28;1.0;6.4675255;5.017513;5.21846;5.533684;5.192644;6.028483;5.238673;5.392351;5.2398586;5.8872;5.2490964;5.849928;5.12374
1000;2024-12-29;6.0;5.208781;4.671091;4.5119205;4.333068;4.542248;4.4820533;4.469099;4.5148525;4.1699724;5.015061;4.359252;4.4986973;4.6896114
1001;2024-12-30;9.0;6.85111;6.138362;5.3528194;5.474884;5.757873;6.4588656;5.5234323;5.559398;6.000008;5.6772766;6.161125;5.8751388;5.5895586
1002;2024-12-31;8.0;8.182491;6.5209;5.68057;6.193554;6.065348;6.594966;5.415912;5.7492375;5.428041;7.06078;6.250135;6.43877;5.404813
1003;2025-01-01;7.0;7.2854724;6.5564637;6.8551073;6.22988;6.6466126;6.9162955;5.5224;6.193276;6.1563253;6.410644;6.0604854;6.846148;5.235701
1004;2025-01-02;8.0;8.065709;6.59441;7.293893;6.420883;6.917102;7.137895;5.979964;6.272699;6.581202;6.830709;6.6620626;6.9075203;5.7645063
1005;2025-01-03;7.0;6.242983;5.584842;5.7769732;5.5158534;5.3772445;6.130977;5.696817;5.9790754;5.7809463;5.450179;5.7431192;5.7797914;5.5189595
1006;2025-01-04;3.0;6.8115773;5.743798;5.787953;5.8135;5.658851;6.3038564;5.824389;5.995539;5.7984366;5.412813;5.8843865;5.955787;5.2321587
1007;2025-01-05;7.0;5.2939234;4.7884016;5.0368624;4.6639566;5.1377735;4.7896137;4.659356;5.13608;4.840314;4.8118544;4.6159387;5.093582;5.334232
1008;2025-01-06;11.0;5.984746;4.1512527;4.815684;4.1454635;4.4302773;4.3873534;4.028942;4.8973713;4.61482;5.4648604;4.6919436;4.867591;4.4281693
1009;2025-01-07;5.0;6.391433;4.253473;4.750497;4.369589;4.6325173;4.5177383;4.2515016;4.7423134;4.7112684;6.0759034;4.947101;5.0542116;4.514642
1010;2025-01-08;5.0;5.6174865;5.171058;5.8053436;5.329843;6.149513;5.3195395;4.81269;5.142753;5.45735;5.620601;5.619923;5.659971;4.8312955
1011;2025-01-09;4.0;6.416435;5.7625313;6.0267034;5.948191;6.2839923;5.8138113;5.6308293;5.773834;5.824913;6.01122;5.912679;5.588492;4.746098
1012;2025-01-10;3.0;7.5256143;6.6377206;7.1250715;6.49055;6.6328874;6.8602324;6.2973104;6.804217;5.8541775;7.658486;6.225442;6.6758547;5.4627438
1013;2025-01-11;8.0;7.6450515;5.3396263;6.2548156;5.5467534;5.462479;6.1014214;5.3299217;5.7705874;5.4657464;7.111486;5.6418705;5.8098555;4.9503045
1014;2025-01-12;7.0;5.8470826;5.023853;5.6823354;4.594752;5.7027736;5.192511;4.763963;5.395001;4.758206;5.670387;4.850512;5.0274367;4.5833287
1015;2025-01-13;4.0;6.6898346;5.750688;6.419861;6.0482416;5.788972;6.026644;5.9026713;5.839246;6.2554693;6.8001056;5.819507;5.7996674;4.8974915
1016;2025-01-14;10.0;6.6529794;5.18126;5.330504;5.331694;5.3814764;5.411984;4.8448486;5.675879;5.7411494;5.444706;5.12069;5.0823903;4.3403883
1017;2025-01-15;2.0;5.438553;4.1874795;4.733537;4.7070365;4.817068;4.595311;4.3897943;5.0304685;4.817912;5.989877;4.9295173;4.6042457;4.3629127
1018;2025-01-16;5.0;5.1741266;6.906742;6.3392477;6.5066676;6.180985;6.5069933;5.596856;6.12664;5.753374;7.8833437;5.9540286;6.0633197;5.408964
1019;2025-01-17;7.0;6.7008615;7.187085;6.9571686;7.0158877;6.3897924;6.901381;6.097258;6.5903444;5.9443555;7.682163;6.4568334;6.7538342;5.7044907
1020;2025-01-18;6.0;5.6968293;5.1646066;5.6051707;5.185777;4.763156;5.203436;5.0832267;5.390908;5.5287576;6.2690554;5.28315;5.3186383;5.1611934
1021;2025-01-19;5.0;6.6347303;5.898608;5.996852;5.635715;5.2359667;6.2712846;5.213444;6.023986;5.290978;6.1415253;5.6446958;5.8626266;4.98093
1022;2025-01-20;6.0;5.7571993;6.3007727;6.178016;5.8058634;5.6647515;5.9451365;5.5077147;5.807588;5.55883;6.6357474;5.5673413;5.6582074;5.101466
1023;2025-01-21;6.0;5.7690535;5.39022;4.9496703;5.3682036;5.3259783;5.317887;5.126886;5.5936203;5.3918777;5.130544;5.6636586;5.637472;5.0221486
1024;2025-01-22;3.0;5.527865;6.072514;5.8814025;6.032549;5.586727;5.817747;5.3965855;5.936123;5.6395416;6.6105595;5.803826;5.9199505;5.03769
1025;2025-01-23;3.0;6.472556;5.522315;5.3894377;5.5612826;5.295202;5.512225;5.4413958;5.223291;5.475561;5.2887535;5.5445304;5.558014;4.707486
1026;2025-01-24;2.0;7.1240063;7.2755446;6.7294097;6.8470883;6.735532;7.3956003;6.642869;6.843313;6.054938;5.769996;7.3125763;6.617422;5.784737
1027;2025-01-25;11.0;6.2110825;5.7565064;5.632739;5.4347935;4.808067;6.1634455;5.425197;5.7502036;5.5502887;5.602481;5.9531217;5.8076944;4.715132
1028;2025-01-26;3.0;5.139813;5.449414;5.188254;5.136568;5.4532347;5.3268304;5.4337974;5.293269;5.2737093;4.893356;5.772425;5.316034;4.5832844
1029;2025-01-27;3.0;5.640406;8.24657;7.1770024;7.2557597;7.323082;8.277009;7.4625297;7.005719;6.884187;7.3383985;7.3671145;6.8449125;5.508823
1030;2025-01-28;7.0;6.85986;7.9703226;7.5608807;8.0711565;6.7250733;8.651556;7.3304677;7.728091;7.268925;7.3132606;7.8403716;7.770083;6.476971
1031;2025-01-29;3.0;5.810082;5.8286924;5.462483;5.5304585;4.992109;5.94791;5.4455748;5.2123265;5.556741;5.413752;5.7416263;5.3790674;5.227914
1032;2025-01-30;4.0;5.0352316;4.7498584;4.742292;4.7561283;4.779876;4.7564545;4.4453616;4.969783;4.6658196;4.8580327;4.8115396;4.748481;4.817744
1033;2025-01-31;2.0;5.2922173;5.9720907;5.622639;5.607507;5.5662656;5.6609697;5.932275;5.386375;5.4914765;4.9726806;5.865837;5.6277523;5.333311
1034;2025-02-01;9.0;5.888223;5.5446134;6.0135975;5.8387203;5.982223;6.2975435;5.658217;6.281483;5.6308994;5.849843;5.411267;5.609894;5.709159
1035;2025-02-02;8.0;5.384631;5.876434;5.5023727;5.378946;5.568803;6.2268195;5.4734397;5.3986316;5.1725655;5.074052;5.7244506;5.024363;5.459422
1036;2025-02-03;5.0;5.57107;4.9533787;5.218851;4.898567;5.0405927;5.5556283;5.104219;5.518634;4.90182;5.3196983;5.3612766;4.8726673;4.8208604
1037;2025-02-04;5.0;5.654729;5.536924;6.236202;5.547508;5.8965077;6.210379;5.543983;6.289866;5.637623;5.332795;5.5052814;5.3822136;5.233338
1038;2025-02-05;10.0;4.757017;3.7407033;3.8434567;3.7797456;4.302079;3.9028673;4.1259723;4.110664;4.16744;3.7774906;4.089803;4.294659;3.9557054
1039;2025-02-08;10.0;5.7116504;6.690229;5.8369093;6.1082587;6.4385815;7.1792483;5.938449;6.358564;5.9951315;6.0204334;6.4159036;5.785213;5.615911
1040;2025-02-09;13.0;5.6564584;7.8027964;6.798835;6.8675804;6.7698884;8.316521;6.878878;6.8637333;6.858164;7.5774736;6.889829;6.629778;5.432239
1041;2025-02-10;1.0;7.2887354;5.55005;5.3561416;5.529255;6.021929;5.5684524;5.359636;5.497254;5.723483;5.6966505;6.0127068;5.4309416;4.890919
1042;2025-02-11;4.0;6.6344786;7.790975;7.5505295;8.02822;7.8296223;8.369938;7.0568767;7.000068;6.8601832;7.8768134;7.7705874;7.1326456;6.24109
1043;2025-02-12;2.0;5.6368756;6.2643795;5.881058;6.258109;6.2035985;6.242684;5.8473735;6.1363773;6.236853;6.4003024;5.787338;5.6770573;5.2134614
1044;2025-02-13;5.0;5.1373982;4.922676;5.120105;5.066135;5.4087567;5.0057034;5.1943655;4.8973556;5.252401;5.772377;5.0937476;4.762739;5.2506766
1045;2025-02-14;12.0;5.877997;6.4079742;6.2380924;6.3189797;6.1843863;6.572956;6.1300163;5.7956333;5.799482;6.350534;6.121304;6.0201287;6.288622
1046;2025-02-15;6.0;5.778667;5.16761;5.43542;5.2076306;5.076858;5.346105;5.2298427;5.214067;5.4216633;5.4790177;5.032389;5.552737;5.0269294
1047;2025-02-16;6.0;5.2025166;5.479811;5.8996577;5.8473763;5.6848097;5.7992983;5.1485453;5.9061055;5.347781;6.5486684;5.1355944;5.7895503;4.6599536
1048;2025-02-17;4.0;6.1888604;4.932628;5.357903;5.2298417;5.208956;5.4771433;5.071578;5.0007167;5.24086;5.771961;5.2569737;5.138202;4.3498673
1049;2025-02-18;4.0;5.829584;5.351533;5.9052076;5.595443;5.6009455;5.9401255;5.3230352;5.503169;5.3761673;6.1135297;5.5041966;5.414566;4.4859185
1050;2025-02-19;3.0;6.0006256;4.9402714;5.099389;5.268945;5.139049;5.2194567;5.083517;5.1702843;5.2474403;5.9637074;5.1234083;4.9008245;4.8103433
1051;2025-02-20;3.0;4.846952;4.3190174;4.49168;4.3040295;4.029674;4.474238;4.4391794;4.3809376;4.5478845;4.5073895;4.094909;4.6286507;4.3788257
1052;2025-02-21;2.0;5.840351;5.707134;5.662013;5.689524;5.7764626;5.773443;5.5253286;5.5437255;5.579871;5.9931474;5.4685564;5.4306154;5.72535
1053;2025-02-22;4.0;5.334956;4.986472;4.74702;4.733008;5.0848584;4.7147045;4.5934124;4.677206;4.676838;4.5853596;4.534123;4.7707963;4.184408
1054;2025-02-23;2.0;4.674701;3.8244455;3.9284823;4.1227355;4.630409;4.599272;4.114092;4.222673;4.2682343;4.1298037;4.3407173;4.1136827;3.971628
1055;2025-02-24;5.0;4.9661684;4.359914;4.307361;4.384683;4.626192;4.647423;4.9000163;4.911605;4.7873216;4.1888084;4.8035865;4.7676086;3.840535
1056;2025-02-25;7.0;5.6386185;5.4393606;5.748265;5.978713;5.4679594;6.2820396;5.8690047;5.7049413;5.6050825;5.588933;5.6086636;5.7303653;4.819014
1057;2025-02-26;7.0;5.227998;4.689384;5.078058;4.988096;4.8508024;4.8039913;5.1552925;5.1014895;5.2325754;5.0335407;5.442676;4.910825;4.9167414
1058;2025-02-27;11.0;5.2796073;4.335051;4.331476;4.592258;4.622871;4.5406528;4.436493;4.7575083;4.817025;4.634038;5.055779;4.872211;4.5273857
1059;2025-02-28;7.0;6.060398;5.4627523;5.9102597;5.665244;5.858762;6.2591543;5.5555663;5.5574427;5.6150084;5.8401504;6.2184033;5.6476817;5.7477207
1060;2025-03-01;3.0;4.5500565;3.7914417;4.1534004;3.897189;4.0107265;4.692777;3.7660444;4.025656;3.8263175;3.9732473;4.0117326;4.454783;3.6742628
1061;2025-03-02;6.0;4.4245777;4.0806108;4.1962066;3.9940848;4.1209254;3.8279974;3.9929562;3.9355903;4.2293844;4.0156527;3.8541799;4.434876;3.5999117
1062;2025-03-03;5.0;5.668586;5.486564;5.593061;5.648876;5.585347;5.5847692;5.715554;5.5503383;5.616778;5.202099;5.5898614;5.3471375;4.9720597
1063;2025-03-04;6.0;5.284873;4.7599754;4.7865;4.491056;4.601966;4.5702724;4.3992143;4.550569;4.867533;4.69725;4.698443;4.9372444;4.319181
1064;2025-03-05;6.0;5.4594083;5.461739;5.4119678;5.534619;5.234093;5.978634;5.2680187;5.482228;5.1295323;5.3988476;4.9462166;5.618706;4.912158
1065;2025-03-06;12.0;5.478282;5.851387;5.94217;5.8103743;5.6447234;6.2769275;6.0347047;5.4351244;6.065466;5.5617194;5.7244835;5.870029;5.600566
1066;2025-03-07;2.0;7.1324944;5.801189;5.6014614;5.6771216;5.3333626;5.2930083;5.9158087;5.368403;5.5707054;5.9762654;5.3752766;5.631041;4.914319
1067;2025-03-08;4.0;5.3474336;6.607199;6.533348;6.2672486;6.484655;7.5527654;6.184213;6.1746254;6.1039147;6.2525377;6.499233;6.5958962;4.663211
1068;2025-03-09;6.0;6.7106476;6.425102;6.202203;6.506202;6.2839656;7.0208845;5.6527123;6.347127;5.543505;6.4779367;6.346505;6.266032;4.9351506
1069;2025-03-10;17.0;5.282693;4.9039893;4.8031754;4.717226;4.7335744;4.923736;5.342117;4.487153;4.9644117;4.1767755;4.9424634;4.9086533;4.106391
1070;2025-03-11;4.0;6.189802;6.657699;6.5633206;6.4781194;6.273866;6.448224;6.218098;6.181194;6.224864;6.0643725;7.373217;6.502798;5.4756336
1071;2025-03-12;9.0;5.337537;5.007721;4.891474;5.014292;5.055289;4.8717227;5.0485353;5.008606;5.015185;4.6571474;5.6373386;4.6874433;5.5849833
1072;2025-03-13;4.0;4.93816;7.419164;6.567587;7.4737825;7.371419;6.6094866;6.9918957;6.4320536;6.6113176;7.135201;7.3226404;6.7015686;7.119006
1073;2025-03-14;8.0;6.3858786;5.8434396;5.594383;6.014967;5.686024;5.537148;5.900802;6.1961884;5.9797883;5.9502425;6.1474853;5.7788925;6.4772615
1074;2025-03-15;1.0;5.3293014;5.1944184;5.1402073;5.188772;5.1512403;4.983963;4.845473;5.1257377;5.150141;5.154763;5.327662;5.4835525;4.847707
1075;2025-03-16;4.0;5.3113136;5.101374;5.1170697;5.3275566;5.1505933;4.921153;5.1815963;5.2408986;5.2328777;5.760431;5.1246543;5.3588076;4.8043637
1076;2025-03-17;6.0;5.223023;5.09992;5.2264695;5.219215;5.25926;5.344286;4.925608;5.2730417;5.579069;5.805949;5.067404;5.7080035;5.298574
1077;2025-03-18;10.0;6.0987744;5.375597;5.3274755;5.0859537;5.480478;5.25678;5.011391;5.3344417;5.302078;4.97092;5.577085;5.46958;4.6374416
1078;2025-03-19;8.0;5.236111;5.3069415;5.403562;5.6293473;5.203535;5.6187177;5.5914307;5.4962387;5.569305;5.8793354;5.684175;5.828741;4.93384
1079;2025-03-20;5.0;6.1356792;6.023514;5.5923023;5.7427187;6.086936;5.9403157;5.419162;6.0304904;5.989886;5.6875916;6.1589437;6.0046525;4.6700478
1080;2025-03-21;4.0;6.0552425;6.434578;6.60986;6.624419;6.6368465;6.7178154;6.2660356;6.598886;6.3385057;6.1148643;6.679625;6.6838336;5.178717
1081;2025-03-22;5.0;5.7363696;5.714404;5.8184013;5.8562355;5.7315793;5.6782007;5.5756454;5.7249002;5.649257;5.842989;5.7493644;5.720828;5.1335015
1082;2025-03-23;11.0;7.298187;7.351718;7.2127824;7.11279;7.222549;7.9343467;6.7597284;6.715315;6.6182847;6.8765755;6.8783154;7.4336996;6.196723
1083;2025-03-24;16.0;6.3790016;6.475019;7.0280843;6.65324;6.682801;7.047444;6.7428155;7.0976253;6.60754;7.104534;6.3892407;6.5443425;5.692625
1084;2025-03-25;10.0;6.0528035;7.389851;7.447929;7.438815;6.807755;7.7887254;7.8357472;6.824779;7.7284837;6.664947;7.3466434;6.8170557;6.734316
1085;2025-03-26;11.0;6.9126453;7.7248883;7.0319433;7.109813;6.530204;7.3251677;6.3976808;7.0056696;6.695407;5.682704;7.2008057;6.561848;5.5682974
1086;2025-03-29;7.0;5.67842;6.2868724;6.3250604;6.603631;6.660752;6.4599648;7.456827;6.6677246;7.0562353;7.321757;6.9162536;6.8944807;6.5396137
1087;2025-03-30;5.0;5.2924504;4.484219;4.5535016;4.7014937;4.399108;4.310994;5.360367;4.7995963;4.8670835;5.3058248;4.958567;4.930007;4.466746
1088;2025-03-31;2.0;5.875056;5.677679;5.4822927;5.6790824;5.3019967;5.4985166;5.4622126;5.3638287;5.4549446;5.6389318;5.984403;5.5566487;5.0303717
1089;2025-04-01;3.0;6.006919;5.455943;5.6187086;5.4304843;5.2100396;5.387798;5.2074275;5.4986544;5.32193;5.3969765;5.406205;5.50891;4.9175572
1090;2025-04-02;2.0;5.543818;5.1266885;5.053579;5.228062;5.2120023;4.9105926;5.0376644;5.0258865;5.132398;5.0545707;5.1254525;5.053639;4.5600953
1091;2025-04-03;5.0;5.501708;5.0064793;4.784684;4.9991665;4.852344;4.874085;4.812647;4.6136847;4.5709825;4.7896037;4.82729;4.8342266;4.00028
1092;2025-04-04;2.0;8.059983;6.1309047;6.129173;6.1089907;5.683277;5.943786;6.2867365;6.1225467;6.155971;6.2896466;6.028512;6.2106547;6.133579
1093;2025-04-05;9.0;5.577507;5.115175;5.0461764;5.066366;4.870924;4.998326;5.2517505;4.905721;5.2995477;4.8266425;4.9108987;5.1117043;4.608664
1094;2025-04-06;7.0;5.0303326;4.9720955;4.5748315;4.8625975;5.013279;4.898719;4.8786483;4.688544;4.8897877;5.068129;4.8679643;4.6850615;4.5067716
1095;2025-04-07;5.0;5.639204;4.689658;4.7161183;4.7255034;5.068517;4.7474356;4.7322273;4.8619165;4.6863194;4.576567;4.7008557;4.658165;3.9177623
1096;2025-04-08;4.0;5.403007;4.7983527;4.7006936;4.538812;4.8806515;4.5342383;4.816568;4.9061656;4.791916;4.7478266;4.678391;4.8195148;4.089914
1097;2025-04-09;5.0;5.3565373;5.0645766;4.838468;4.863317;4.966983;4.773214;4.895847;4.8435016;4.9293184;4.715064;4.9452376;4.878232;4.597623
1098;2025-04-10;3.0;5.406846;5.085901;4.7330594;4.891361;4.951792;4.9660454;4.7806625;4.8554006;4.578935;5.6395483;4.5189013;4.92428;4.372892
1099;2025-04-11;5.0;5.1602364;5.3384776;5.510401;5.542108;5.373181;5.1968694;5.549744;5.237525;5.587665;5.291813;5.2383847;5.0805674;4.6425514
1100;2025-04-12;4.0;4.697221;4.588115;4.646423;4.5802174;4.6725693;4.7110257;4.551806;4.686709;4.667062;4.6102448;4.813038;4.4748735;4.2035007
1101;2025-04-13;6.0;4.437776;4.417727;4.0497737;4.295086;4.0638366;3.8528745;4.3442035;4.0416284;4.2742;4.4386973;3.982321;4.4583054;3.6787815
1102;2025-04-14;1.0;4.715464;4.72271;4.6808553;4.815914;4.901979;4.9236884;4.913087;4.639594;4.8254676;4.838039;4.8005896;4.827068;4.2818966
1103;2025-04-15;2.0;4.7641573;4.769026;4.4509735;4.807196;4.878373;4.50121;4.6888766;4.5001936;4.502119;4.6017566;4.5297923;4.607333;4.121603
1104;2025-04-16;6.0;4.782126;4.956676;4.8841515;4.840301;5.077429;4.880824;4.8410497;4.626272;4.6103425;4.9347067;4.7291927;4.7110853;4.5448565
1105;2025-04-17;7.0;4.7232018;4.7013083;4.7970786;4.84375;4.864009;4.758284;4.6949196;4.6573567;4.6716356;4.8341804;4.813442;4.810559;4.1826406
1106;2025-04-18;3.0;5.3804216;5.426291;5.5340753;5.6298604;5.4323645;5.312259;5.4394054;5.509495;5.627258;5.6038303;5.513042;5.1669817;4.200686
1107;2025-04-19;1.0;5.2627726;4.9471536;4.9476814;5.115817;5.1157203;5.0628643;4.961958;4.9367204;4.859715;4.8333225;5.0949516;4.9102106;4.3965387
1108;2025-04-20;3.0;4.3340235;4.06006;3.7635663;3.8878167;3.7430987;3.9269676;3.918569;3.8980029;4.0119433;3.9757788;3.9173632;3.7459629;3.3379602
1109;2025-04-21;5.0;4.819936;5.762883;5.4127493;5.705392;5.6769266;5.7332697;5.6496506;5.413138;5.3997636;6.4297023;5.410616;5.384798;4.9592624
1110;2025-04-22;6.0;4.6917424;4.8274665;4.5785728;4.862015;4.4967885;4.6472216;4.886594;4.7621965;4.6554384;5.1439924;4.6679783;4.87991;3.9628692
1111;2025-04-23;3.0;4.144286;4.4096055;4.318283;4.316913;4.1998353;4.560342;4.1711836;3.9796169;4.246413;4.468431;4.5120397;4.446018;4.218936
1112;2025-04-24;4.0;3.8055787;3.2668889;3.542456;3.4483316;3.629092;3.5051193;3.553633;3.591062;3.6993563;4.000455;3.258957;4.0522556;3.422984
1113;2025-04-25;11.0;4.023205;4.019076;3.9450104;3.9708993;3.78114;3.6466506;3.861293;3.9248796;3.733682;3.8242404;3.529766;3.8268335;3.3723185
1114;2025-04-26;3.0;4.1152477;4.0749087;3.9882112;3.9785526;3.9750135;3.763615;3.984194;4.0956593;4.196296;4.3228836;3.7559948;4.2607427;3.5051463
1115;2025-04-27;7.0;4.30325;4.086126;4.1750617;3.9511812;3.9510314;4.11284;4.0244446;4.0705414;3.9702694;4.1088147;3.8284829;4.1067705;3.366773
1116;2025-04-28;2.0;4.592581;4.6509743;4.4600453;4.590559;4.6376333;4.428876;4.909707;4.572907;4.8798633;4.6219373;4.695587;4.6764603;3.8741956
1117;2025-04-29;2.0;4.209315;4.0083647;3.8409026;3.7395704;3.8719938;3.812113;3.7811208;3.7352939;3.810541;3.9382796;3.7904747;4.0631275;3.727189
1118;2025-04-30;7.0;4.4975758;4.5018387;4.3599973;4.4328966;4.2790995;4.190095;4.1524;4.325999;4.2850246;4.452486;4.626014;4.3793125;4.5344276
1119;2025-05-01;5.0;4.478906;4.698193;4.8481135;4.674244;4.8145146;4.708382;4.576688;4.7908373;4.742685;4.7638216;4.5636125;4.699346;4.4326777
1120;2025-05-02;3.0;4.930437;4.659942;4.5579486;4.6570373;4.448377;4.6272717;4.625233;4.5566473;4.743246;4.449352;4.545409;4.5603104;4.1848044
1121;2025-05-03;5.0;4.4855714;4.090248;4.0730896;3.9334903;4.338009;4.4005027;4.0831237;4.0863795;4.1808734;4.0011783;4.1719136;4.153382;4.028338
1122;2025-05-04;6.0;4.372351;4.0239544;4.054801;3.8863294;3.8425214;3.9404662;3.9697094;3.9173584;3.8947558;3.7795236;3.9233549;4.205096;3.312337
1123;2025-05-05;4.0;4.7462454;4.529343;4.5514107;4.6244287;4.7591863;4.6836286;4.696379;4.452552;4.580016;4.4496026;4.4364624;4.5271835;3.5531337
1124;2025-05-06;4.0;4.8144217;4.7067823;4.772543;4.749769;4.81786;4.9327316;5.127937;4.458784;4.7876844;4.6610003;4.7716045;4.744404;4.7978783
1125;2025-05-07;3.0;4.2987185;5.3474374;5.177295;5.324467;5.5534906;5.0651703;4.952371;4.9317427;5.129516;5.6241207;4.764142;4.9810014;4.4611683
1126;2025-05-08;9.0;3.3837757;3.6171882;3.4799576;3.2230802;3.3083262;3.6252568;3.066361;3.1303635;3.2320251;3.4961839;2.8848474;3.6433854;3.334892
1127;2025-05-09;8.0;3.8988962;4.15168;3.826847;3.9406796;4.043664;3.9316192;4.3217382;4.1312156;3.8539512;4.146505;4.0680256;3.983345;4.161467
1128;2025-05-10;4.0;4.077862;3.9006696;3.8945293;3.768357;3.6083555;3.7516506;3.649595;3.9740388;3.6848335;3.9930556;3.6480105;4.077369;3.6540828
1129;2025-05-11;5.0;4.2162995;4.2774515;4.041958;4.0930157;3.9530249;4.1511245;4.040595;3.861753;4.1258674;4.233019;3.9328747;4.509807;3.9884186
1130;2025-05-12;5.0;3.9368563;3.778349;3.5777404;3.6939902;3.4955993;3.4985442;3.8083785;3.504562;3.5776677;3.8128757;3.7404814;3.8621957;3.396385
1131;2025-05-13;5.0;4.5887923;4.4817896;4.33917;4.4674535;4.208915;4.410424;4.269705;4.1680427;4.1868043;4.416412;4.2647367;4.437461;3.8964727
1132;2025-05-14;6.0;4.0519238;3.9020004;3.8257306;3.9057827;4.0264955;3.7263477;3.771237;3.782598;3.8441954;4.0342283;3.743255;3.7953327;3.1794326
1133;2025-05-15;2.0;4.46756;4.2187667;4.051811;4.118278;3.8688374;4.011947;4.0130606;4.079584;3.935755;4.183359;4.033951;4.2828593;3.7866921
1134;2025-05-16;3.0;4.743336;4.9117146;4.7766013;4.683035;4.9641466;4.8621287;4.9824715;4.9513807;4.923753;4.443272;4.990884;4.2291017;4.488264
1135;2025-05-17;4.0;4.3258133;4.904717;5.4293056;5.643356;5.54402;5.511126;5.553995;5.4893417;5.8366046;6.5883913;5.3353014;4.958326;4.570276
1136;2025-05-18;5.0;4.454739;5.344078;5.1598206;5.304709;5.111859;4.999592;5.1125298;5.1822515;5.1997027;5.9266987;5.126734;5.1447806;4.443432
1137;2025-05-19;5.0;4.2716737;4.2579265;4.289431;4.495049;4.6411676;4.4898605;4.372789;4.3343115;4.754678;4.293057;3.9053183;4.2749014;3.7063558
1138;2025-05-20;3.0;5.065115;4.7478113;4.679011;4.991617;4.8543596;5.0303783;4.6294603;4.762662;4.5955915;4.827975;4.589601;4.6906486;3.8223045
1139;2025-05-21;7.0;4.864866;4.72174;4.7940645;4.820398;4.916805;4.98164;4.7471523;4.6073318;4.75767;4.6750264;4.530369;4.74192;4.716331
1140;2025-05-22;2.0;4.6520667;4.633332;4.6748004;4.746488;4.413042;4.582463;4.4997134;4.382888;4.6159306;4.616367;4.3006597;4.5095716;4.042119
1141;2025-05-23;5.0;5.0332255;5.697729;5.3952465;5.8912954;5.3649087;5.6282625;5.357678;5.3650136;5.532438;4.9874716;5.1307883;5.54492;4.8261223
1142;2025-05-24;1.0;4.8120203;4.6687617;4.579183;4.7731705;4.7101693;4.1044555;4.838685;4.6999173;4.8240905;4.379956;4.6469545;4.133171;4.4581685
1143;2025-05-25;2.0;4.7820206;4.405235;4.643802;4.3781834;4.4731956;5.1768994;4.421983;4.7301884;4.6016984;4.1777363;4.5084844;4.641674;4.8359537
1144;2025-05-26;9.0;3.8586414;3.3259103;3.53137;3.2966642;3.3716576;3.503996;3.3227265;3.309341;3.11227;3.3853452;3.3721766;3.7155712;3.152395
1145;2025-05-27;7.0;4.5090117;4.2371907;4.18331;4.1682544;4.1132145;3.9919033;4.163678;4.048832;4.3009276;4.3951793;4.3098216;4.42198;4.0493746
1146;2025-05-28;3.0;4.722604;4.452322;4.3109345;4.496076;4.343158;4.463671;4.264759;4.401304;4.433035;4.6616225;4.191906;4.691548;3.4743183
1147;2025-05-29;6.0;5.1889405;5.0671315;5.0157676;5.2056093;5.257174;5.16572;5.096377;4.86912;4.9477935;4.9095974;5.11281;4.882291;4.18837
1148;2025-05-30;5.0;5.212504;5.53193;5.2232356;5.1858945;5.4697266;5.329875;5.329496;5.277576;5.49796;5.0269284;5.084108;5.1579204;4.4719725
1149;2025-05-31;9.0;4.7060604;5.2042737;5.085257;5.5711284;5.447941;5.4198685;5.0224824;5.068651;5.1125355;5.179192;4.8610015;4.9893713;4.2315226
1150;2025-06-01;4.0;3.9254508;3.738046;3.6098983;3.6083443;3.1708333;3.2909184;3.542099;3.6631794;3.7971625;3.8864403;3.3458798;3.9808846;3.4253833
1151;2025-06-02;2.0;4.394434;4.086355;3.9507844;4.1433854;3.5354607;4.0221777;3.8556392;4.0190315;4.1679864;4.260169;3.8663716;4.4668207;3.7615464
1152;2025-06-03;6.0;4.69756;5.2917533;5.043463;5.2912207;5.325406;4.9168515;5.3124037;5.145718;5.0984526;5.428465;5.2895527;4.3508644;4.657051
1153;2025-06-04;4.0;4.3580256;4.392233;4.672222;4.7272873;4.5390577;5.1487207;4.829672;4.4348564;4.52569;4.371836;4.3309298;4.5951805;4.11134
1154;2025-06-05;2.0;4.8977036;4.9891367;4.832757;5.087948;4.8499756;4.6511455;4.8848825;4.614813;4.938797;4.7126255;4.645536;5.059478;4.328753
1155;2025-06-06;4.0;4.721313;4.419761;4.6917214;4.648617;5.0062323;4.7916894;4.7491436;4.965583;4.7177987;4.7219286;4.92415;4.505722;4.4129457
1156;2025-06-07;2.0;4.674591;5.0528703;4.997718;5.168847;4.5856614;5.152788;4.800248;4.753755;4.926989;4.629987;5.0264163;4.959071;4.3865
1157;2025-06-08;7.0;4.438124;4.440486;4.5310664;4.5506277;4.531742;4.5190773;4.661927;4.5287786;4.827621;4.6241975;4.512747;4.654905;3.6847377
1158;2025-06-09;7.0;4.4358606;4.6460085;4.687402;4.890332;4.469187;4.7805247;4.7602987;4.7512665;4.762683;4.5788527;4.759629;4.609039;4.321758
1159;2025-06-10;6.0;4.43839;4.0065145;4.261157;4.456815;4.4061747;4.4799943;4.2806125;4.709249;4.491005;4.4545007;4.077447;4.4452996;3.9370494
1160;2025-06-11;12.0;4.591475;6.5831676;6.959999;6.6858177;6.704046;6.3530765;6.483386;6.4001937;6.872728;6.224042;6.550167;5.545524;6.1259203
1161;2025-06-12;6.0;4.7362523;4.309942;4.705492;4.4642305;4.2577224;4.691288;4.3739433;4.823828;4.4685774;4.938369;4.493992;5.107439;4.3139462
1162;2025-06-13;4.0;4.8422446;5.584338;5.4177265;5.5728493;5.421238;5.8057404;5.7163477;5.3597245;5.6296697;6.2902884;5.5565925;5.8696775;4.6257577
1163;2025-06-14;16.0;7.609468;6.507483;6.618462;6.6981316;6.392841;8.366885;8.039281;6.768713;8.055479;7.545872;7.1574993;6.7956247;5.476356
1164;2025-06-15;23.0;10.501489;13.946396;13.219;13.796781;14.435132;13.023963;13.722893;14.029841;13.545474;13.632976;12.885984;11.734198;9.311412
1165;2025-06-16;7.0;6.5496373;6.9974256;7.4323516;6.960275;6.7171197;7.656653;6.3459773;6.6970887;6.8117623;6.9333067;6.260794;6.431685;6.619545
1166;2025-06-17;6.0;5.6325674;7.463111;8.221605;7.541081;6.8832555;8.195539;7.0362186;7.6724234;7.3964076;7.6028285;6.744024;7.119592;7.044381
1167;2025-06-18;3.0;5.7291822;6.367904;6.4414268;6.2931657;6.276586;6.303991;6.09566;6.4932966;6.198562;6.6963863;5.9261255;6.1790204;5.916166
1168;2025-06-19;11.0;5.133377;5.9709477;6.252545;6.319197;6.3983603;6.0705557;6.1723576;6.4371037;6.0003004;6.858729;6.058073;6.159521;5.681052
1169;2025-06-20;10.0;6.0604186;6.0496225;6.485143;6.322467;6.290759;6.2370267;6.5184255;6.6773453;6.2897205;6.3079576;6.506948;6.24618;5.911819
1170;2025-06-21;5.0;5.569341;5.042611;5.1642103;5.0912237;5.112242;5.2183056;4.935433;5.2952375;5.1355815;5.1054263;4.8080916;5.344342;4.5296993
1171;2025-06-22;3.0;5.015474;4.352664;4.37148;4.0891876;4.8409295;4.0228043;4.6355844;4.702251;4.677024;5.063117;4.558162;4.8149867;4.62581
1172;2025-06-23;4.0;5.3880253;4.9046535;4.797496;5.172981;5.1887765;5.0763974;5.064836;5.003928;4.729167;5.4898834;5.0858545;5.3720922;5.060801
1173;2025-06-24;5.0;5.481961;4.1802797;4.3631396;4.504843;4.637834;3.9808254;4.563993;4.546912;4.524894;4.275405;4.6583495;4.512994;4.06156
1174;2025-06-25;5.0;5.387395;4.9934936;4.9899254;4.876295;5.0806017;4.8427024;4.8675523;5.050805;4.7048516;4.900688;5.1013784;4.945863;4.396052
1175;2025-06-26;6.0;5.545892;5.0291185;5.4867377;5.3582087;5.333962;5.624126;4.883678;5.34498;5.189204;5.8165655;5.7713957;5.537691;4.80166
1176;2025-06-27;4.0;5.9930005;5.9387856;6.0820026;6.079749;6.0519295;5.6117287;5.9733796;6.047042;6.123726;5.325048;6.1357107;5.0777736;4.845709
1177;2025-06-28;3.0;5.7109375;5.0237465;5.519525;5.519064;5.519431;5.529286;5.199553;5.6653905;5.338132;5.332522;5.254388;5.093869;4.5082216
1178;2025-06-29;6.0;5.8953705;5.35113;5.630702;5.5913177;5.484743;5.8094196;5.473197;5.6524773;5.578874;5.577222;5.4817305;5.6217837;4.7580795
1179;2025-06-30;4.0;5.5906963;4.8342113;5.0897746;5.4480233;4.840915;5.0299706;5.215048;5.619418;5.5472794;5.396708;5.1420426;5.048713;4.5308065
1180;2025-07-01;6.0;5.9819484;4.861725;4.5173583;5.096922;4.4476275;4.9601493;5.1445174;5.1777234;5.034451;4.9555745;4.987938;4.8992944;4.1931806
1181;2025-07-02;6.0;5.7092032;5.1716185;4.989636;5.4030204;4.8937135;4.991578;5.5316367;5.534382;5.714763;5.0689096;5.337147;4.953579;4.6987624
1182;2025-07-03;5.0;5.791419;5.191036;5.104449;5.2952704;5.325546;5.2628045;5.4484925;5.3530264;5.427057;5.0543704;5.359849;5.1630993;3.9047844
1183;2025-07-04;7.0;6.0302715;6.4049034;6.133506;6.3838816;6.400379;6.0954723;6.5507426;6.2979507;6.2744617;6.780605;6.0306525;6.05624;5.461666
1184;2025-07-05;3.0;5.559667;6.4136934;6.176738;6.36862;6.8283453;6.1895537;6.0761223;6.0189514;6.236014;6.696041;6.2589703;6.044856;5.850049
1185;2025-07-06;4.0;9.617594;9.207237;8.190585;8.496946;8.432809;7.2723765;7.861985;8.457851;7.513845;7.954894;7.6928134;6.832643;5.5220575
1186;2025-07-07;3.0;5.513033;4.6716123;4.469995;4.8127594;4.8675413;4.6717935;4.8169394;4.656647;4.424766;4.4530883;4.174732;4.4695377;4.3784194
1187;2025-07-08;4.0;4.594599;4.383847;4.0042353;4.19411;4.33582;4.0747895;4.3409595;4.211017;4.077884;4.1964903;4.0066867;4.1038294;3.5759478
1188;2025-07-11;9.0;5.055823;5.558848;5.3995757;5.572813;5.729443;5.3299394;5.5315967;5.495087;5.4876385;5.132768;5.2755737;5.2484956;4.7739463
1189;2025-07-12;6.0;4.8247137;5.62568;5.176623;5.866926;6.238593;5.38473;5.438335;5.261803;5.382308;5.367001;5.543717;5.370613;4.6634884
1190;2025-07-13;6.0;4.2860193;5.196826;4.912784;5.455432;5.7493873;5.1603384;4.9106927;4.749684;4.8075967;4.9628787;5.0546546;4.970299;4.2331953
1191;2025-07-14;3.0;4.972132;5.115373;4.8760657;5.1422086;5.320592;4.9642806;5.0514135;5.325485;5.19344;5.0345144;4.9176364;5.0052814;4.5072484
1192;2025-07-15;4.0;4.9111996;4.3283205;4.3061137;4.5023484;4.391577;4.1704683;4.658801;4.5343523;4.6776376;4.554249;4.8115144;4.678863;4.3781853
1193;2025-07-16;7.0;4.573457;4.171498;4.531317;4.491352;4.3814406;4.2659483;4.266532;4.419125;4.6592884;4.52622;4.4517727;4.3958564;3.9080708
1194;2025-07-17;2.0;4.6832695;4.524065;4.3877416;4.5819664;4.5243587;4.3996525;4.4072704;4.5753255;4.4828587;5.165732;4.297507;4.6711287;4.0211887
1195;2025-07-20;5.0;4.360599;4.194843;3.9310443;3.8267205;4.048264;3.9339674;4.175712;4.0067415;3.9889002;4.1780014;4.218335;4.089303;3.4244306
1196;2025-07-21;10.0;4.3471274;4.2792506;4.037609;4.226884;4.65496;4.2845597;4.4107733;4.514316;4.5350947;4.134788;4.7199516;4.364647;4.186091
1197;2025-07-22;2.0;3.9425304;3.9767883;3.6838853;3.8728807;3.8600593;3.7924278;3.8465898;4.0687413;3.8423045;3.7202032;3.8266108;3.8552825;3.6026723
1198;2025-07-23;7.0;4.5845537;4.591044;4.739772;4.747651;4.3513722;4.670021;4.5850444;4.501666;4.578819;4.354366;4.509671;4.5805287;4.2151237
1199;2025-07-24;9.0;4.4519277;4.871824;4.6636014;5.043417;4.9675756;5.2123737;5.071568;4.974448;4.8482275;4.732622;4.4662538;5.0489845;4.290577
1200;2025-07-25;7.0;5.0486784;5.1750693;5.0750904;5.1879687;5.0796514;5.1823483;5.1366606;4.835713;4.827147;5.106566;4.8146954;5.100251;5.048846
1201;2025-07-26;6.0;3.717308;3.3357162;3.5473516;3.3253746;3.2891495;3.3893712;3.3471034;3.5382547;3.252287;3.4979825;3.2575104;3.7087245;3.7280986
1202;2025-07-27;3.0;3.3085642;2.1995697;2.6888502;2.4148438;2.4161816;2.6415992;2.6069345;2.5686028;2.763362;2.7344553;2.495097;3.3068464;2.7166734
1203;2025-07-28;7.0;3.7430713;3.5797315;3.8848104;3.5575123;3.952022;3.9578843;3.716352;3.5272632;3.7869194;3.7434359;3.3379328;3.9249227;3.6028783
1204;2025-07-29;4.0;4.3330464;4.3119664;4.779613;4.6841817;4.5442615;4.7883105;4.479501;4.254685;4.137229;4.4758034;4.237072;4.649911;4.3997607
1205;2025-07-30;5.0;4.7275686;4.9125767;5.438484;5.2050557;5.345115;4.918602;5.7212434;4.6618233;5.5786023;5.482991;5.19915;4.8215747;4.889186
1206;2025-07-31;5.0;5.184385;7.90442;8.628061;8.7723875;8.421333;8.64029;9.341759;8.319376;9.168028;7.8408256;8.886372;7.129128;7.8345165
1207;2025-08-01;4.0;6.2100415;7.1972017;7.554581;7.4733806;7.7008038;9.234739;6.520178;7.6431518;6.6895947;6.588032;6.6053405;6.520072;5.184135
1208;2025-08-02;4.0;5.556701;4.524875;4.419376;4.5742774;4.500213;4.588541;4.316056;4.9561863;4.3645835;4.2816186;4.3968697;4.7877526;3.7822537
1209;2025-08-03;4.0;5.4130645;4.526621;4.319399;4.5519934;4.306845;4.375889;4.479878;5.090502;4.813;4.674818;4.602117;5.074673;3.5746763
1210;2025-08-04;4.0;4.916307;4.3195148;4.2753177;4.2096667;4.048343;4.2819314;4.0813627;4.505674;4.113054;4.2016487;4.237657;4.3900466;3.1779177
1211;2025-08-05;3.0;4.3235993;4.6790924;4.5531197;4.4103923;3.8916352;4.3656893;4.2384357;4.1260214;4.157241;3.7067463;4.1215115;4.6393805;3.6956227
1212;2025-08-06;4.0;4.05624;4.180415;3.9857194;4.1180425;4.2723365;4.0312233;4.13133;3.9294837;4.350904;4.0200014;3.9969664;4.161867;3.7060988
1213;2025-08-07;1.0;4.0068;3.8174827;3.7028847;3.9496381;3.8923786;3.7920887;4.056479;3.8065832;3.9930742;3.8078182;3.9316072;4.0524297;3.6254027
1214;2025-08-08;6.0;4.742385;4.8670974;4.511695;4.7053413;4.861945;4.80655;5.088668;4.620777;4.9818654;4.2820625;4.8621855;4.625826;4.662458
1215;2025-08-09;3.0;4.359465;4.406218;4.4488726;4.4916234;4.582693;4.3584003;4.3506985;4.365585;4.507422;4.354872;4.634012;4.341505;4.161847
1216;2025-08-12;7.0;3.6829362;3.4742641;3.5013702;3.449564;3.5178862;3.3392694;3.4809918;3.3763454;3.5156302;3.3699355;3.1709745;3.5564787;3.1372442
1217;2025-08-13;1.0;4.351921;5.0402727;4.862675;4.900418;5.2134175;4.8562264;4.9209366;4.5622306;4.52694;4.800795;4.5671787;4.5239425;3.7009394
1218;2025-08-14;3.0;4.8237634;4.2696905;4.0846467;4.1036425;4.054182;4.2430024;4.3636894;4.2639775;4.270747;3.9915943;3.9013724;4.1625934;4.1483054
1219;2025-08-15;4.0;4.7299647;4.9455442;4.739148;4.786149;4.6969404;4.9379606;4.870673;4.735136;4.5727487;4.897314;4.7833467;4.426273;4.073554
1220;2025-08-16;2.0;4.788726;4.8820896;4.716155;4.907723;4.781154;4.801631;4.914164;4.68743;4.69781;4.8775616;4.727968;4.61913;4.464196
1221;2025-08-17;0.0;4.1511054;4.311261;4.290837;4.165896;4.5608926;4.0573053;4.189237;4.1063337;4.151182;4.161623;4.2270074;4.184208;3.7584414
1222;2025-08-18;2.0;4.321006;3.9908125;4.0545325;3.8811648;3.879675;4.0863;4.072462;3.9570355;3.8481128;3.959137;3.6702867;3.8854911;3.402283
1223;2025-08-19;4.0;4.57766;4.9820166;5.1292796;4.9846945;5.183315;4.8347864;4.8206167;4.900751;4.784823;4.309544;5.053698;4.665344;3.897239
1224;2025-08-20;2.0;3.9270034;3.2814775;3.7343493;3.3320377;3.5910466;3.4244514;3.6264565;3.626365;3.6507745;4.1738925;3.2290154;3.6509027;3.2700963
1225;2025-08-21;5.0;4.6342177;4.6415186;4.3109975;4.28399;4.2469015;4.1425753;4.2984266;4.2653937;4.69327;4.0117397;4.693054;4.2140956;4.7839117
1226;2025-08-22;7.0;4.3504834;4.045002;4.15347;4.2859755;4.5190244;3.8054771;4.3781643;4.0622907;4.367113;3.94316;4.1978574;4.1040893;3.6837137
1227;2025-08-23;5.0;4.5820904;4.029394;4.118342;3.8228378;3.863649;4.016425;4.0924525;4.199526;4.0559473;3.629401;3.86337;4.034246;3.9999714
1228;2025-08-24;4.0;3.915073;3.6983764;3.6300752;3.5189216;3.599998;3.6628196;3.5526614;3.3461902;3.598111;3.5389597;3.6621602;3.8073797;3.882173
1229;2025-08-25;4.0;3.9046674;4.232436;3.988492;4.0727053;4.0789437;4.1115656;3.9204714;4.0377836;3.8188338;3.914596;4.1007733;4.287334;3.8236816
1230;2025-08-26;3.0;3.9992437;4.1087637;4.1318655;4.157743;4.013365;4.179216;4.09545;4.133361;3.7606795;4.1767983;3.9767144;4.0500107;3.4564593
1231;2025-08-27;5.0;4.0616612;3.9260457;3.8688886;3.8039393;3.9820983;3.7759426;3.8624787;3.8057032;3.695342;4.0449786;3.6872532;3.891112;3.3955152
1232;2025-08-28;3.0;3.9594934;4.136444;3.8814197;3.9834394;4.0193095;3.934045;4.0907936;3.8006387;4.109215;3.9811344;4.1233892;4.094521;3.6832108
1233;2025-08-29;1.0;4.2600584;4.2728767;4.435986;4.2167635;4.3967795;4.2662325;4.089401;4.1252832;4.1125717;4.1592093;4.43723;4.174449;3.4235742
1234;2025-08-30;3.0;3.9085062;3.596038;3.800449;3.6609983;3.8185165;3.6415606;3.7052112;3.6632044;3.6280522;3.8095462;3.8402786;3.6777644;2.8918571
1235;2025-08-31;6.0;3.3125577;3.20202;3.435722;3.1338868;3.1821744;3.1749494;3.2100847;3.0575964;3.5057423;3.2697654;3.5038834;3.362779;2.6618884
1236;2025-09-01;2.0;4.0056496;3.9123929;3.7285218;3.8912346;4.116909;3.8305542;3.9628828;3.7093499;3.8000252;3.962836;3.7935944;3.8129642;2.8961613
1237;2025-09-02;6.0;4.1392837;4.011666;4.061002;4.0010686;4.24608;3.986549;3.940513;4.0885916;3.8349981;4.38854;3.8484285;4.025614;3.2304776
1238;2025-09-03;3.0;3.7821312;4.1047235;4.030767;4.028578;4.314104;4.251205;4.021586;3.940156;3.9913163;3.7068179;4.1007414;4.1124616;3.293551
1239;2025-09-04;5.0;4.0004244;3.935689;4.0109735;3.9048138;4.034337;3.8585925;3.7719226;4.004117;3.8606572;3.7334633;3.7658727;3.9811993;3.153651
1240;2025-09-05;2.0;4.351459;4.3208747;4.1684966;4.2861314;4.2133226;4.2246547;4.2408695;4.2235146;4.343415;4.2126975;4.376466;4.1487083;4.2291236
1241;2025-09-06;6.0;3.8145285;3.7730637;3.595903;3.593988;3.349453;3.5837414;3.6861718;3.6193845;3.605458;3.694429;3.849595;3.83617;3.2963128
1242;2025-09-09;6.0;4.2255826;4.0039134;3.7736332;3.9495773;3.6095111;3.9015908;3.8929107;3.8814058;4.0861363;3.887323;4.1729217;3.8869824;3.8707361
1243;2025-09-10;8.0;3.6428316;3.8228087;3.713315;3.8155022;3.5605793;3.5075324;3.6708615;3.4914768;3.317498;3.7732148;3.7168622;3.8165665;3.699407
1244;2025-09-11;3.0;3.3047478;3.5003645;3.418774;3.4818327;3.141652;3.386455;3.5521615;3.4603033;3.7203138;3.88679;3.6941538;3.737786;3.201248
1245;2025-09-14;11.0;3.338825;3.6014545;3.608448;3.449178;3.2851243;3.8765612;3.6085129;3.5301707;3.5500207;3.1491954;3.5416994;3.625678;3.6679385
1246;2025-09-15;7.0;3.6287801;4.0390973;4.346774;4.462083;4.0228214;4.3762956;4.338902;4.4717326;4.146906;4.0422397;4.4440236;3.9647746;3.891251
1247;2025-09-16;11.0;3.6853676;4.136045;4.0736246;4.1088815;4.32392;4.0433974;4.429275;4.4206934;4.3523664;4.7059817;3.9086733;4.244853;3.4954557
1248;2025-09-17;0.0;3.62755;4.341872;4.2473;4.2231846;3.6445837;4.2429123;4.2645416;4.3145866;4.2312083;4.676207;4.3918366;4.074908;4.286045
1249;2025-09-18;4.0;4.0000567;3.9320245;4.34125;3.861191;4.1075516;4.6374373;4.2136016;4.119591;4.2029586;3.8603203;4.2579627;3.951431;4.5314507
1250;2025-09-19;3.0;4.306298;4.097657;4.50167;4.401657;4.496389;4.611183;4.3800077;4.498726;4.6282077;4.5104084;4.4937334;4.328971;4.4755025
1251;2025-09-20;5.0;4.1325054;3.2636728;3.6545641;3.7597272;3.1538668;3.8376637;3.8663406;3.6852314;3.8531585;3.827888;3.765988;3.7889152;3.770649
1252;2025-09-21;2.0;3.885541;3.5932019;3.6861484;3.5845616;3.4369211;3.3596358;3.4702377;3.1091151;3.4078398;3.6017504;3.2188444;3.642275;4.0148664
1253;2025-09-22;5.0;3.4883747;2.9506938;2.8406413;2.9146776;2.735385;2.9327593;2.7825892;2.9595356;3.0983527;3.2769938;2.936434;3.3882725;3.237639
1254;2025-09-23;6.0;3.516894;3.0068612;3.2200482;2.9822574;3.1069515;3.3516536;3.084086;3.219081;3.0612485;3.5080829;3.083575;3.377264;2.9001791
1255;2025-09-26;3.0;3.9595678;3.8209403;4.1050925;4.0188603;4.1218524;3.8006;3.80833;4.0767345;4.0206094;4.200635;4.1312685;3.840093;3.7644958
1256;2025-09-27;7.0;4.1116095;4.332829;4.3018093;4.3055835;4.216537;4.441569;4.241591;4.0830183;4.190021;4.239549;3.9370778;4.2415676;4.0332975
1257;2025-09-28;2.0;3.3229787;3.2784247;3.3946936;3.195283;3.7272527;3.6101034;3.3432598;3.3056796;3.3920958;3.225168;3.3403747;3.5342407;3.5466383
1258;2025-09-29;1.0;3.9160428;4.285399;4.101407;4.5234237;4.1173325;4.0230055;3.9697156;3.8258946;4.0739865;4.3205333;4.037381;3.9955502;3.965663
1259;2025-09-30;1.0;3.8142054;3.8752365;4.0729184;4.015392;4.231095;3.6875606;4.0877056;3.9948092;3.89817;4.001646;3.79026;3.681241;3.652134
1260;2025-10-01;7.0;3.7178192;4.1090484;4.1700606;4.2249956;3.8940203;4.1219125;4.0733023;4.014623;3.988532;3.942663;3.9793553;3.8351429;3.5076964
1261;2025-10-02;3.0;3.6510937;3.436131;3.4975872;3.4641697;3.2264934;3.4795325;3.7211447;3.560661;3.655554;3.826033;3.5519903;3.5227818;3.5258024
1262;2025-10-03;2.0;4.247893;4.6142054;4.383876;4.2239423;4.2521534;4.3414125;4.3586044;4.321852;4.3443785;4.0454373;4.500213;4.227372;4.679097
1263;2025-10-04;3.0;4.228482;3.6150997;3.624194;3.5810916;3.4105916;3.5312428;3.5416806;3.7937446;3.6939707;3.9447048;3.7900279;3.7622447;3.7785616
1264;2025-10-05;5.0;3.5052543;3.5331545;3.356818;3.929219;3.6123757;3.9666533;3.6270504;3.5221078;3.269697;3.8752677;3.401875;3.8397188;4.223896
1265;2025-10-06;1.0;3.8911211;3.6644998;3.7279406;3.8709714;3.94943;3.8740413;3.6573951;3.76399;3.468088;4.077148;3.6383717;3.9133694;3.8829474
1266;2025-10-07;1.0;3.468375;3.551064;3.6902199;3.644227;3.6119869;3.8633347;3.7639122;3.619844;3.5624104;3.4858923;3.649041;3.804942;3.453102
1267;2025-10-08;6.0;3.60606;3.8390791;3.7222037;3.8974693;3.6965785;4.0541124;3.712874;3.745926;3.6462195;3.806348;3.901425;3.7845848;3.8619716
1268;2025-10-09;2.0;4.1768975;4.395943;4.2961154;4.181415;4.59001;4.4924045;4.149455;4.2377486;4.178488;4.272856;4.511611;4.1482153;3.8738294
1269;2025-10-10;2.0;4.459019;4.587355;4.4787087;4.549457;4.8847656;5.0250397;4.7400746;4.6324177;4.6034074;4.3468347;4.7156496;4.296481;4.1009955
1270;2025-10-11;3.0;4.140767;3.7400424;3.790775;3.8636708;3.829045;4.06981;3.685864;3.8943985;3.7234337;4.211528;3.883979;3.820471;3.8298376
1271;2025-10-12;2.0;3.425187;3.4206543;3.6530552;3.5367985;3.2996867;4.0156283;3.633785;3.2774568;3.4891243;3.2044072;3.7748187;3.8095005;3.5057683
1272;2025-10-13;5.0;3.8598936;4.0593305;3.905283;4.1054316;4.0089965;4.240862;4.0994163;3.9961183;3.8874893;4.139302;4.464766;3.9659986;3.7340517
1273;2025-10-14;2.0;3.6528418;3.842992;3.804062;3.9033659;3.9222426;3.9232225;3.8759804;3.8082929;3.877423;4.1180706;4.0067005;3.9510481;3.4139452
1274;2025-10-15;4.0;3.8258908;3.6226084;3.6208103;3.5337446;3.508836;3.8912084;3.561568;3.7935762;3.4361546;3.654745;3.6002133;3.6941025;2.9615977
1275;2025-10-16;6.0;3.7778106;3.7082827;3.8839762;3.7379346;3.6016648;4.1103797;3.8343322;3.946635;3.8692734;3.6091497;3.8029807;4.0430665;3.1920564
1276;2025-10-17;7.0;4.02906;4.49112;4.42244;4.3970127;4.4688044;4.8387456;4.2496657;4.4468427;4.5217605;4.4008574;4.8339143;4.3142753;3.9446745
1277;2025-10-18;3.0;4.11118;3.785697;3.8535435;3.7263474;3.8502388;3.8605542;3.7813528;3.933571;3.6513975;3.960995;3.7524843;3.8496914;3.0252936
1278;2025-10-19;6.0;4.0244527;3.8273115;3.66876;3.7050934;3.559072;4.044471;3.9179227;3.818429;3.811457;3.8224688;3.9242198;3.7124848;3.33323
1279;2025-10-20;1.0;4.2600923;4.039326;3.8325481;4.001057;4.1108985;3.9856806;4.1323085;3.8875313;4.078427;4.200604;3.9693782;3.9285889;3.430914
1280;2025-10-21;3.0;4.142697;4.0737476;3.857822;4.104562;3.9556386;4.0040865;4.080597;3.9784563;4.050395;4.180076;4.089452;3.8277848;3.8512447
1281;2025-10-22;9.0;4.2492332;3.9454236;4.1423917;4.0977564;3.8902087;4.018595;4.0253587;4.153691;4.061319;4.2306037;4.1011367;4.0199914;3.7329133
1282;2025-10-23;1.0;4.0852504;4.5821376;4.251083;4.3918433;4.4426613;4.274392;4.4350653;4.554677;4.3457694;4.983764;4.508159;4.173746;3.775383
1283;2025-10-24;6.0;4.464106;5.347841;5.237992;5.3670135;5.48237;5.452536;5.423523;5.281563;5.4826646;5.3949757;5.3224926;5.110715;4.502607
1284;2025-10-25;2.0;3.990955;4.9360967;4.8102694;4.9021554;5.1000614;4.910312;4.8034725;4.7215943;5.0032735;4.7087936;4.9710994;4.5219564;3.9985962
1285;2025-10-26;3.0;3.5109777;3.4081435;3.3953612;3.1435685;3.1577828;3.255199;3.4945023;3.369178;3.4396799;3.3751094;3.5236344;3.5488467;3.533543
1286;2025-10-27;3.0;4.2688894;4.2152476;4.200537;3.8738708;4.4574337;3.8907795;4.1499515;3.8736274;3.8324926;4.1877656;4.1518927;3.926343;3.534718
1287;2025-10-28;2.0;5.085989;4.397374;4.4569855;4.585558;4.7039657;4.163176;4.738717;4.216128;4.310972;5.3533764;4.628743;4.2639256;3.9208581
1288;2025-10-29;2.0;4.24297;4.036338;4.0136905;4.1274724;4.114061;3.8081353;4.1790442;4.0525827;4.0857315;4.6101856;4.612406;4.099387;3.907778
1289;2025-10-30;4.0;4.129802;4.8255944;4.926931;5.0181284;4.5512576;4.696546;5.0070806;5.042565;5.0644464;5.055131;4.5087137;4.8240047;4.0314364
1290;2025-11-02;4.0;4.166495;3.3744938;3.4463952;3.3041224;3.080645;3.3519003;3.5166986;3.47052;3.507525;3.3995304;3.628954;3.684049;3.072586
1291;2025-11-03;6.0;4.5811367;3.8939397;3.8513505;3.6375194;3.4145992;3.5335517;3.764748;3.6760173;3.6526322;3.7720022;3.79531;3.7224622;3.3642895
1292;2025-11-04;4.0;4.5128355;4.2641706;4.182179;4.186808;4.2123685;4.048909;4.214419;4.2365937;4.054311;4.151243;4.2288857;4.0219984;3.6950943
1293;2025-11-05;3.0;4.430697;4.01281;4.2179413;4.0918956;4.1299763;4.1344075;4.133736;4.3679485;4.141128;4.2486596;4.0174646;4.3626556;3.6313016
1294;2025-11-06;7.0;4.419562;3.8222816;3.9667509;3.951468;3.674459;3.8931882;3.9378967;3.920145;3.7254992;4.045473;3.7696161;4.0259833;3.313962
1295;2025-11-07;9.0;4.8091345;4.7585692;4.849538;4.655046;4.5887084;4.849457;4.612283;4.540807;4.727483;4.6817822;4.7998686;4.6720705;4.299152
1296;2025-11-08;5.0;4.4674;3.980846;4.1389117;3.9343708;4.017713;4.1013923;3.8359835;3.9432201;3.9214065;4.282889;3.9060478;4.4243035;4.0679426
1297;2025-11-09;4.0;4.747757;4.1613793;4.1095157;4.0822835;4.176313;4.109939;4.2284756;4.2534313;4.045601;4.17732;4.139783;4.1623564;4.126838
1298;2025-11-10;0.0;4.840132;4.436969;4.422581;4.4638453;4.8006516;4.481112;4.470763;4.65303;4.6512957;4.7019176;4.933662;4.482647;4.4692936
1299;2025-11-11;3.0;4.5978947;4.2419305;4.440367;4.191347;3.9702892;4.116233;4.1723614;4.165653;4.1067615;4.1648073;4.018679;4.319656;4.180243
1300;2025-11-12;6.0;4.9872794;5.2941823;5.5886455;5.5820556;5.717529;5.6236773;5.661199;5.7531238;5.7350225;5.3489566;5.9102135;5.479111;4.848672
1301;2025-11-13;5.0;5.086164;5.1383524;5.222774;5.524788;4.9631376;4.7662683;5.503861;5.2257776;5.8107376;5.1578093;5.5252624;5.179519;4.633417
1302;2025-11-14;10.0;5.374473;5.5998306;5.7233396;5.8435636;5.673813;5.7590947;5.5671363;5.9976954;5.629777;5.8061457;5.7092757;5.8340473;4.842011
1303;2025-11-15;5.0;4.6544433;5.602731;5.8177366;5.545621;5.6331625;5.692452;5.613641;5.9245872;5.574339;5.677616;5.4116325;5.650867;5.059772
1304;2025-11-16;5.0;5.2385907;5.476084;5.5555487;5.551569;5.682445;5.9702387;5.5748873;5.6058946;5.510532;5.622307;5.4857445;5.427537;4.675306
1305;2025-11-17;3.0;4.713112;5.0925426;5.1995606;5.1437488;5.424875;5.3889327;5.2712946;5.398215;5.3128824;5.422891;4.8213406;5.549936;4.8231564
1306;2025-11-18;4.0;4.954133;5.2183633;5.347814;5.360728;5.1928654;5.1654553;5.4329224;5.375889;5.5183277;5.539496;5.120992;5.4530106;4.9261975
1307;2025-11-19;5.0;5.045551;5.600485;5.55573;5.8511896;5.6422153;5.692539;5.8404975;6.0757427;5.90282;5.4753575;5.6475296;5.615095;5.36983
1308;2025-11-20;5.0;4.8105035;4.727698;4.554388;4.8017216;4.5434403;4.421803;4.553913;4.444039;4.6002088;4.6624312;4.51139;4.843512;4.4503584
1309;2025-11-21;7.0;5.9866266;5.8457775;6.1171594;5.985054;6.360348;5.985814;6.2451744;6.059752;6.0047216;5.832702;6.033732;5.950014;5.79211
1310;2025-11-24;6.0;4.530844;4.5213847;4.523306;4.4698453;4.726717;4.545063;4.643031;4.359547;4.4822807;4.637773;4.5228496;4.4936776;4.3108053
1311;2025-11-25;3.0;4.7995434;4.624154;4.3005867;4.3984804;4.3851867;4.5368643;4.3886037;4.1841135;4.3675504;4.5461936;4.6033936;4.433507;4.334496
1312;2025-11-26;3.0;4.4814973;4.304838;4.221902;4.0772085;3.9708974;3.9747155;4.0394607;4.1256576;3.9863486;4.1422505;4.4368315;4.177969;3.9933434
1313;2025-11-27;8.0;4.6181145;4.059058;3.9226763;3.9004197;3.818178;3.9310548;3.9460864;3.8119001;3.8851292;4.2610784;3.6663847;4.0933003;4.2402816
1314;2025-11-28;3.0;4.9689074;5.369901;5.2801127;5.4951143;5.10432;5.2370253;5.3197403;5.1129856;5.138514;5.2027507;5.0548606;5.2329016;5.617327
1315;2025-11-29;3.0;4.2002764;4.3353324;4.392782;4.213403;4.5122747;4.5286083;4.4342985;4.44109;4.3096666;4.535488;4.000484;4.468187;4.1090956
1316;2025-11-30;6.0;4.953241;4.459552;4.3457737;4.3604317;4.2095456;4.1533117;4.7098017;4.286298;4.547464;4.2059116;4.4976315;4.3277144;4.4045005
1317;2025-12-03;10.0;5.549337;5.514992;5.4169655;5.7196164;5.8140054;5.8720217;5.770222;5.4811783;5.625835;5.732295;5.854909;5.6353006;5.0290775
1318;2025-12-04;5.0;5.2617764;6.0552154;5.921247;5.9399643;6.0457115;6.0295978;6.015525;5.52913;5.6779695;5.8402996;6.284956;5.8333454;5.445026
1319;2025-12-05;9.0;5.6806264;6.2614884;6.1323824;6.2548785;6.302249;6.54896;6.3902936;5.497806;6.0996814;5.999925;6.528203;6.1917853;5.242383
1320;2025-12-06;5.0;5.775655;4.3550982;4.423792;4.132133;4.585778;3.859607;4.634231;4.6168756;4.712251;4.57288;4.965283;4.56893;5.2394013
1321;2025-12-07;4.0;4.6461062;3.7584956;3.9601147;3.7872794;3.5992022;3.741174;3.8374023;4.036609;4.01227;4.1823583;3.8337007;4.095209;3.7440174
1322;2025-12-08;3.0;4.69926;4.6091723;4.5915422;4.4611344;4.7268133;4.4921064;4.527754;4.3816824;4.4704432;4.4834495;4.545022;4.516611;3.9057927
1323;2025-12-09;8.0;4.5535283;4.345513;4.2224073;4.2812343;4.1551833;4.2246547;3.9290023;3.8082547;3.8173177;4.2395353;3.9855053;4.2732677;3.7390993
1324;2025-12-10;6.0;4.8271775;4.072543;4.427693;4.1710076;4.219816;4.936666;4.0729938;4.3735538;4.2327533;4.7664566;4.473867;4.782443;3.9425347
1325;2025-12-11;1.0;5.044981;4.975267;5.082531;4.9803305;4.926015;5.37415;4.8401537;5.180748;4.770363;4.8877974;4.863415;5.271491;4.37403
1326;2025-12-12;8.0;5.1443048;5.0125036;5.2840524;5.0073733;5.094843;5.239403;5.088723;5.172696;4.977385;5.289658;4.8954754;5.124026;4.600298
1327;2025-12-13;6.0;5.047057;5.605125;5.469414;5.73243;5.8651586;5.7121296;5.669246;5.776032;5.5753603;5.678572;5.536774;5.683223;5.6215386
1328;2025-12-14;6.0;5.371035;5.5621367;5.3888807;5.7660365;5.308234;5.125005;5.524545;5.3797283;5.442591;5.0279827;5.230783;4.9774165;5.3403807
1329;2025-12-15;1.0;5.6801457;5.3057356;5.4378595;5.3588963;5.5572715;5.4696093;5.500705;5.533611;5.3134813;5.2894607;5.724775;5.104066;5.2106185
1330;2025-12-16;10.0;6.032748;4.8767843;5.3161736;5.385607;5.132422;5.244342;5.393722;5.6454086;5.6129174;5.628556;5.816994;5.3384857;5.1127415
1331;2025-12-17;5.0;5.9841776;6.298344;6.0925064;6.382002;6.150049;5.587432;6.5129857;5.955106;6.224934;5.297564;6.6562157;5.797944;5.7827654
1332;2025-12-18;2.0;6.116196;6.361758;6.493555;6.318102;6.223384;6.241268;6.307335;6.3975067;6.2113023;6.3313427;6.123863;6.2504616;6.0887523
1333;2025-12-19;3.0;5.3423786;5.7777233;5.7029605;5.5773773;5.735757;5.718254;5.656474;5.804823;5.6509438;5.637152;5.502334;5.9198275;5.479418
1334;2025-12-20;4.0;5.0900865;4.7806196;4.6840687;5.0728188;4.7227273;4.979218;4.955729;4.9207606;4.7859035;4.9790897;5.005184;4.9390106;4.819721
1335;2025-12-21;6.0;4.1822743;4.1308084;4.1772866;4.265541;3.9005008;4.3591905;4.0987782;4.265254;4.265439;4.5002437;3.9651327;4.4231634;4.5522523
1336;2025-12-22;4.0;4.713897;3.9233303;3.8574111;4.02558;4.001998;3.842094;3.9199014;4.177277;4.123021;3.7209706;4.2269297;3.9299023;4.2130775
1337;2025-12-23;9.0;5.1992364;5.4512787;5.2723355;5.409146;5.3735747;5.709861;5.596081;5.1897464;5.3047776;5.623233;5.1599593;5.383554;5.2386756
1338;2025-12-24;8.0;5.118865;5.6933885;5.617646;5.8891845;5.295356;5.3914957;5.8712525;5.390229;5.693322;5.075883;5.58981;5.2916093;5.1084247
1339;2025-12-25;1.0;5.318925;5.5818734;5.610591;5.6606035;5.467144;5.675181;5.707244;5.4295907;5.5698123;5.5915685;5.8454866;5.682106;5.6807556
1340;2025-12-26;11.0;5.319517;6.0966344;6.1745076;5.9887953;6.321149;5.9906096;6.246473;6.0081215;6.0276585;6.1002393;5.435306;5.7530375;5.3200912
1341;2025-12-27;8.0;5.919648;6.615589;6.3582387;6.682932;6.4877896;6.2355;6.5309405;6.412517;6.314119;5.9984217;6.9527082;6.0950437;6.319686
1342;2025-12-28;4.0;5.839372;5.6215315;5.8350306;5.8710093;5.8597536;5.784718;5.8713837;5.9687014;5.916856;5.5310082;5.8289814;6.192573;5.5499635
1343;2025-12-29;7.0;6.7422624;7.1826243;7.3464665;7.8694296;7.274741;7.724853;7.482861;8.279882;7.63602;7.9809155;7.7924037;7.146651;6.2521296
1344;2025-12-30;2.0;7.9772334;7.2389936;7.4598403;7.56568;7.2234983;8.363479;7.4585414;8.11542;7.298461;7.5042033;7.6796656;7.003236;6.666947
1345;2025-12-31;2.0;7.4756856;7.605896;7.621546;7.872417;7.977882;8.054651;7.668014;8.3196125;7.814412;8.24091;7.9638476;7.107594;6.496644
1346;2026-01-01;10.0;6.117821;7.0410643;7.5594463;7.655949;7.6216474;7.986142;7.678084;8.000418;7.5754075;7.965015;7.991078;6.5198374;6.1452446
1347;2026-01-04;6.0;4.6298523;5.2993207;4.9649057;5.582199;5.39938;4.986921;5.176046;5.2849197;5.402159;4.9564414;5.4418635;5.4610853;4.7710586
1348;2026-01-05;6.0;4.7029657;5.080463;4.906491;4.905893;4.930308;4.8793683;4.9002967;4.8114567;4.8264265;4.901119;4.9812984;4.9560275;4.216429
1349;2026-01-06;4.0;5.657611;5.289748;4.9992585;5.0188913;4.755892;5.3410444;5.083514;4.854657;5.082191;4.879786;5.011498;4.925043;4.612597
1350;2026-01-07;2.0;6.085053;5.063559;5.4233303;5.6558657;5.319543;5.494458;5.7702436;5.653118;5.7200894;5.3453894;5.8078623;5.401145;5.428178
1351;2026-01-08;3.0;4.5453596;4.513429;4.74367;4.6227436;4.444546;4.4936085;4.579425;4.3236103;4.8136835;4.385812;4.680266;4.3666754;4.6567
1352;2026-01-09;6.0;6.179236;5.7866373;5.958619;5.673639;5.6838155;6.1078625;6.1789455;5.878987;6.344613;5.83744;5.924103;5.686293;5.6031547
1353;2026-01-10;3.0;5.852328;5.804807;6.0264564;6.115646;5.805777;6.047225;6.0948815;6.2877135;6.4772186;5.983599;6.203857;5.9450703;5.3305287
1354;2026-01-11;3.0;5.314323;5.4613957;5.7594905;5.344217;5.731666;5.5686965;5.98776;5.974533;5.9909678;5.4182024;5.6852474;5.562424;4.7056646
1355;2026-01-12;3.0;6.153517;7.1028132;7.149573;7.306226;7.449319;7.049885;7.160848;7.2524734;7.129881;7.4113994;7.216564;6.336584;5.7250686
1356;2026-01-13;2.0;7.0482574;7.3211985;7.6330457;7.785209;8.153066;8.046822;7.7966313;7.9492273;7.5355415;7.3243275;7.790742;6.435233;6.5132504
1357;2026-01-14;5.0;6.120026;5.699969;5.785293;5.6656146;5.424449;5.9210567;5.9210763;5.711604;5.977123;5.999622;5.759796;5.7413697;4.76484
1358;2026-01-15;8.0;6.170275;6.01977;6.3709536;6.118804;6.3643255;6.420604;6.336054;6.0944395;6.352903;6.1026087;6.1718683;5.987082;5.146767
1359;2026-01-16;7.0;6.6931086;7.362898;7.816829;7.713697;8.022931;7.934783;7.8897843;7.5621457;7.671794;7.727243;7.9213157;6.490471;6.416043
1360;2026-01-17;11.0;5.6687946;6.5586076;7.28891;7.1416464;7.612313;6.999289;7.031332;7.1034627;7.004161;7.8966546;7.2364435;5.9439063;5.548632
1361;2026-01-18;10.0;6.6796627;10.200444;10.456917;10.060474;10.414279;10.213775;10.358657;9.506448;9.618479;10.645504;9.966404;7.131003;7.1249804
1362;2026-01-19;4.0;5.90665;8.8364;9.39229;9.783774;9.723413;9.64306;9.491966;8.551697;9.219227;10.38859;9.284713;7.434249;5.689288
1363;2026-01-20;8.0;5.0879064;5.285751;5.0907626;5.0066237;4.9608884;5.414414;5.1041374;5.1856384;5.3022346;5.135981;5.3452973;5.2855906;4.8212776
1364;2026-01-21;13.0;5.2639155;5.790318;5.5713167;5.461589;5.4491134;5.1155863;5.348581;5.393402;5.0157394;5.603981;5.120268;5.4102497;5.168219
1365;2026-01-22;8.0;5.419162;5.874056;6.261666;6.1615043;6.5209846;6.008876;6.1655903;6.017776;6.054727;6.442706;5.674384;6.017045;6.115177
1366;2026-01-23;3.0;5.623435;6.4873815;6.60029;6.40367;6.5363936;6.303415;6.493835;6.7909904;6.3394265;6.644958;6.2374063;6.1002016;5.245578
1367;2026-01-26;4.0;5.7358074;5.227726;5.2977448;5.2018423;4.672212;5.064642;5.139033;5.0169377;5.041827;5.0182424;5.1444364;5.3643394;4.92607
1368;2026-01-27;3.0;5.748851;5.142979;4.8128786;5.0701103;5.18799;5.3619127;4.527537;5.0917006;5.036335;5.1472764;5.0905004;4.932348;4.961466
1369;2026-01-28;4.0;5.642607;5.5664697;5.124932;4.892456;4.688597;5.2148085;4.851024;4.577749;4.665495;5.040274;5.0347857;5.105688;4.67783
1370;2026-01-29;6.0;5.8168607;6.2123904;5.982522;6.3768024;6.226258;7.252969;6.030894;6.375065;6.0200667;6.1834264;6.004391;6.5076737;5.6088157
1371;2026-01-30;9.0;6.1921396;6.0092916;5.4928293;5.8130674;5.7443333;6.7945795;5.3176265;5.6727653;5.4156;5.4965606;5.9771724;6.336108;4.675995
1372;2026-01-31;7.0;5.73005;5.82938;5.781529;6.062862;6.165165;6.496997;5.90448;5.931463;5.7732005;5.8703823;6.0015836;6.712179;6.257068
1373;2026-02-01;10.0;5.2839313;4.628429;4.974865;5.0825777;5.1955338;5.2292976;4.906094;5.1504855;4.8013115;4.693164;5.02624;4.8198237;5.3550863
1374;2026-02-02;6.0;5.8949404;5.5723643;5.3197703;5.5886564;5.6637936;5.4559026;5.4470954;5.364285;5.2558794;5.4363847;5.6991324;5.680233;5.2719636
1375;2026-02-03;1.0;6.9982038;5.857423;5.8264647;5.9401445;6.2622814;6.0424037;5.8256702;5.5885487;5.5683713;5.842628;5.7396045;5.7080126;5.447266
1376;2026-02-04;2.0;6.272382;5.3701353;5.2500405;5.147811;5.1192636;5.4755974;5.3988853;5.0486913;5.0946918;5.165755;4.8311133;5.156647;4.561014
1377;2026-02-05;2.0;5.2586055;4.0650287;4.074244;4.2150655;4.598924;4.2139287;4.176308;4.5000954;4.445216;4.2918315;4.4217186;4.071801;4.04463
1378;2026-02-06;10.0;6.092932;6.3561726;5.9941516;6.3206196;6.774004;6.345277;6.1932387;6.075382;6.2553062;6.1957016;6.325466;6.1854377;5.6322536
1379;2026-02-07;3.0;5.425187;5.4705257;5.8091254;5.5925713;5.465164;5.6116905;5.8599167;5.7704167;6.2242365;5.959275;5.9359865;5.7354517;4.0852385
1380;2026-02-08;7.0;5.8130283;5.381723;5.5696645;5.7577386;5.8042297;5.829777;5.5857773;5.7294235;5.571636;5.322623;5.5745606;5.570029;5.439863
1381;2026-02-09;7.0;7.2047224;6.125529;6.1003323;6.1095347;6.117922;6.4514346;6.2919683;6.180451;6.320185;6.1187267;6.4462457;5.9457364;4.731118
1382;2026-02-10;7.0;5.548365;6.318295;6.255897;6.388484;6.1382236;6.4432592;6.3487372;6.0750256;6.289337;6.2859883;6.0557804;6.207585;5.201421
1383;2026-02-11;5.0;5.7819185;6.012747;5.7537208;5.9166074;5.687926;5.8771276;6.0413103;5.893236;5.9649515;5.9174204;5.9360943;5.92073;5.041083
1384;2026-02-12;6.0;6.184724;6.130236;6.2676616;6.2853985;6.138737;6.26919;6.1621394;6.2051463;6.219517;6.084079;6.3216534;6.16239;5.05375
1385;2026-02-13;7.0;6.6268697;6.089169;5.9355183;5.894863;5.5208135;5.676987;5.8515463;5.806602;6.1470566;5.9959946;5.738803;5.838989;4.8168445
1386;2026-02-14;3.0;6.976084;5.8619723;5.9229884;5.8395305;5.7810273;6.213032;6.1830072;5.8868947;6.0912046;5.8332453;5.877494;6.011281;4.7226925
1387;2026-02-15;4.0;5.3395934;5.8844852;5.9618716;5.7494645;5.69336;5.916244;6.0081706;5.979524;5.8795094;5.8795133;5.708006;5.994348;4.8796577
1388;2026-02-16;2.0;5.36265;5.0911303;5.148642;5.123821;5.5216684;5.2020307;5.1962743;4.92943;5.186988;5.222777;5.1788173;5.327193;4.650708
1389;2026-02-17;6.0;5.6751;5.121853;5.1359043;5.4878793;5.30458;5.3324194;5.1117663;5.149356;5.1520777;4.9262166;5.2446027;4.829403;4.371419
1390;2026-02-18;2.0;5.344115;5.6255703;5.5981936;5.7067165;5.360488;5.903266;5.8654943;5.4407077;5.6887975;5.8213067;5.6683326;5.6838217;4.82347
1391;2026-02-19;3.0;5.3318977;5.6778235;5.4844046;5.4417286;5.40595;5.561525;5.697303;5.4540834;5.4744697;5.8169794;5.5969343;5.446527;5.2219176
1392;2026-02-20;9.0;5.041003;5.7711225;5.785556;5.81796;5.680142;6.411441;5.6322417;5.7543273;5.4789257;5.7797356;6.0690236;6.0430064;5.2294173
1393;2026-02-21;10.0;5.805356;4.3267455;4.4390917;4.3880596;4.0391903;4.930948;4.404918;4.686757;4.681037;4.7930064;4.904853;4.9952345;4.797894
1394;2026-02-22;3.0;6.0470257;6.5250654;6.6297407;6.6619043;6.348403;6.827897;6.579602;6.452967;6.847748;6.5410705;6.5228376;6.886113;5.988674
1395;2026-02-23;9.0;6.1162653;6.2638164;6.3851104;6.3252606;6.233115;6.399603;6.4151363;6.5177674;6.5624785;6.238658;6.3820767;6.505815;5.438032
1396;2026-02-24;3.0;5.7891617;6.103747;5.9233856;6.270113;6.5565896;6.0071588;6.528091;5.8819942;6.214959;6.2854114;6.461444;6.2662616;5.7079
1397;2026-02-25;4.0;4.996838;4.921006;5.069542;4.948846;4.96893;5.0521603;4.9491916;4.9021783;5.1405697;5.040063;5.1201234;4.8405313;4.2580857
1398;2026-02-26;8.0;5.338725;5.6549444;6.169239;5.988203;6.330899;6.231133;6.2485805;6.1544805;6.3638005;6.2555475;6.181453;6.080533;5.4342175
1399;2026-02-27;8.0;5.212571;5.3813467;5.393266;5.6372595;5.757673;5.910146;5.4794846;5.6163473;5.418435;5.2064514;5.4992023;5.275548;6.069555
1400;2026-02-28;5.0;6.2188063;5.5575914;5.6865973;5.716254;5.81091;5.653765;5.614671;5.772368;5.702101;5.8637567;5.7117677;5.916296;5.6093063
1401;2026-03-01;5.0;5.0157027;5.083119;5.545292;5.4869413;5.9128947;6.240542;5.515615;5.5211816;5.568193;5.7743864;5.581047;6.129387;5.208485
1402;2026-03-02;1.0;5.750569;5.369168;5.5805683;5.7121863;5.6559024;5.655059;5.6953673;5.4438353;5.752361;5.8181076;5.877349;5.419619;5.231795
1403;2026-03-03;2.0;5.4543533;5.064149;5.0512357;4.8406754;5.233523;5.1850123;5.0156994;4.946949;5.0413303;5.296909;5.0909247;5.0984054;4.407118
1404;2026-03-04;4.0;5.49518;5.5401845;5.4021883;5.8197937;5.578725;5.354309;5.9499025;5.8283467;5.914921;5.49453;5.915757;5.351591;5.338363
1405;2026-03-05;8.0;5.437123;5.276309;5.226151;5.3290854;5.385107;5.352646;5.2446795;4.926961;5.329974;5.363761;5.1455727;5.2914467;5.3442187
1406;2026-03-06;5.0;5.3188415;5.3855352;5.341924;5.480895;4.952193;5.2257457;5.835298;5.469459;5.757917;5.465896;5.6309776;5.2124295;5.7466025
1407;2026-03-07;7.0;5.1503468;5.249966;5.261968;5.309959;5.130668;5.287505;5.469586;5.2233415;5.2923794;5.360151;5.222067;5.474456;4.9392796
1408;2026-03-08;5.0;4.6732807;4.5347357;4.658489;4.589962;4.6456304;4.5145106;4.6230865;4.8234696;4.5426507;4.531883;4.621524;4.807355;4.5671487
1409;2026-03-09;10.0;6.5909905;4.907321;5.071676;5.3312035;5.4677424;5.092802;5.32827;5.0572658;5.079955;5.1045322;5.48863;5.2576685;4.7678967
1410;2026-03-10;4.0;5.575288;5.467469;5.338192;5.5375314;5.4245744;5.3759527;5.2410665;5.3601847;5.1329465;5.363198;5.490817;5.6162095;4.851272
1411;2026-03-11;4.0;6.5834208;4.9792542;5.0974355;5.400379;5.4870787;5.419548;5.420176;5.052848;5.178175;5.499803;5.563052;5.3224673;4.8834844
1412;2026-03-12;2.0;6.8734303;6.281897;6.5380735;6.842023;6.9041142;6.702412;6.5443587;6.864607;6.91251;6.314171;7.180092;6.279888;5.238313
1413;2026-03-13;5.0;5.5001698;6.6209226;6.8186464;6.9269614;7.2621775;6.9957957;7.1351476;6.8267837;7.3844543;6.8607116;6.8374643;6.6526957;5.715048
1414;2026-03-14;6.0;4.942294;4.890079;5.0247803;4.9913206;4.9095364;5.00572;5.0608306;4.839348;5.0534263;5.1132464;4.7200522;5.1112485;4.5840034
1415;2026-03-15;12.0;7.8630786;7.0141644;7.3025885;7.0962577;6.668263;7.7876153;9.104844;7.0843725;8.976841;6.875657;7.6900163;6.8412495;5.592322
1416;2026-03-18;4.0;4.7160354;4.9555664;4.7034173;5.3031282;4.9973474;4.887331;4.9214396;4.991082;4.9825478;4.8665824;5.2930326;5.105426;5.342838
1417;2026-03-19;3.0;4.932404;5.165284;5.0029697;5.024843;4.9249854;4.973151;4.941937;4.845238;4.862621;4.627962;5.043158;4.816212;4.7359853
1418;2026-03-22;5.0;4.522124;3.9422717;4.210373;4.5574226;4.348519;4.6273174;4.2371826;4.9234743;4.4759336;4.2957644;4.315001;4.783662;4.191079
1419;2026-03-23;4.0;4.539887;4.919852;4.7291017;5.006538;4.59212;4.951689;4.81821;4.6716523;4.684828;5.0442986;5.0610456;4.860124;4.6861506
1420;2026-03-24;7.0;4.3834434;5.8218493;5.638061;5.892543;5.885519;6.783218;5.6576405;6.0850787;5.602302;5.9458528;6.0516777;6.706764;4.5600634
1421;2026-03-25;4.0;4.329601;4.9562826;4.6801186;4.793083;4.648139;4.679521;4.617635;4.9521637;4.787089;4.6753964;4.4329424;4.7361703;4.1750665
1422;2026-03-26;3.0;4.6055007;4.9086113;4.864168;4.735143;4.848009;4.8370852;4.780249;4.601271;4.5648537;4.5796614;4.5064793;4.501032;4.186609
1423;2026-03-27;2.0;4.9224734;4.9246736;5.0071325;4.974796;5.0073833;5.0888596;5.011283;4.9697623;5.0372677;4.683118;5.1422844;4.779539;4.457927
1424;2026-03-28;3.0;4.638481;4.5306115;4.580415;4.415125;4.341854;4.6094403;4.313473;4.418479;4.445409;4.5532236;4.3537655;4.4297967;4.0118437
1425;2026-03-29;2.0;4.444583;4.097521;4.162192;4.009776;3.8879826;4.2179055;3.950045;4.018495;4.128485;3.9005659;4.305666;4.078185;3.7364295
1426;2026-03-30;1.0;5.2376432;4.5716753;4.7147083;4.5372396;4.2144513;4.8632817;4.444208;4.2831435;4.673556;4.5635533;4.496593;4.4187007;3.8350494
1427;2026-03-31;2.0;5.6053553;4.0079427;4.224739;4.326989;4.25817;4.197599;4.33473;4.523852;4.3392653;4.326655;4.5341;3.8122175;3.5923367
1428;2026-04-01;4.0;4.332437;4.2169385;4.2371593;4.0133014;4.317178;4.3158145;4.00698;4.3533206;4.198049;4.3247695;4.359646;4.273698;3.764237
1429;2026-04-02;8.0;4.5141096;4.314584;4.2891464;4.1824164;4.259685;4.2364974;4.153026;4.273009;4.156627;4.4488683;4.0002666;4.2710757;3.9519
1430;2026-04-03;3.0;4.7667623;4.9703794;5.1241174;4.876948;4.9521236;4.91041;4.9790425;4.9611583;4.977525;4.7431083;4.9532933;4.936943;4.4999766
1431;2026-04-04;3.0;4.617321;4.84571;4.748441;4.8476048;4.7840695;4.8472238;4.7299356;4.597297;4.6287184;4.813248;4.72971;4.600525;4.104297
1432;2026-04-05;5.0;4.437112;4.3478656;4.256071;4.309303;4.200973;4.299296;4.128338;4.2625647;4.3720083;4.3329873;4.0771694;4.30501;4.0826864
1433;2026-04-06;4.0;4.5614967;4.389952;4.5711436;4.5396433;4.5169563;4.4875026;4.5050583;4.4120965;4.4692345;4.7126966;4.5252285;4.5691123;4.048253
1434;2026-04-07;3.0;4.5740924;4.9897814;4.9098907;4.980995;4.992171;4.957724;4.788805;4.8259134;4.7491946;4.879685;4.8163643;4.8576093;4.5138907
1435;2026-04-08;9.0;4.637981;4.31615;4.2264624;4.1849484;4.1763144;4.137223;4.1868196;3.9886212;4.2509384;4.2530823;4.1242466;4.130047;3.936679
1436;2026-04-09;3.0;4.4657283;4.25141;4.096825;4.1144104;4.0688562;4.1766524;4.1374435;4.2186556;4.215644;4.229105;4.289905;4.2232003;4.018804
1437;2026-04-10;3.0;4.740277;4.1002812;4.4033732;4.2565355;4.431427;4.174514;4.527835;4.6894546;4.504213;4.2440124;4.7375946;4.250056;4.357371
1438;2026-04-11;3.0;3.8972483;3.6213195;3.717506;3.5256834;3.4292111;3.65879;3.5162306;3.7308037;3.5681083;3.83086;3.7264657;3.8273644;3.8028169
1439;2026-04-12;6.0;3.853161;3.6227345;3.7192457;3.6487188;3.5978043;3.587742;3.5909681;3.996227;3.6705015;3.9931183;3.5690603;3.8604987;3.2843878
1440;2026-04-13;8.0;4.6607566;4.27198;4.327481;4.2746396;4.5320015;4.4037313;4.3049374;4.299101;4.347493;4.3277154;4.505917;4.303499;4.094978
1441;2026-04-14;3.0;4.801697;4.3695536;4.4263215;4.2391047;4.270196;4.2685013;4.2902136;4.5179014;4.5027747;4.3825245;4.3300624;4.5327053;3.9534483
1442;2026-04-15;11.0;4.662419;4.5056877;4.4799848;4.5050254;4.4871817;4.585118;4.412324;4.2611265;4.476825;4.47329;4.364016;4.482933;3.8714209
1443;2026-04-16;5.0;4.6565075;4.5605774;4.674396;4.7076716;4.5318627;4.757823;4.561997;4.496507;4.530334;4.978294;4.6062403;4.806125;3.7809596
