date,fold,actual_count,actual_critical,count__gradient_boosting_absolute,count__hist_gradient_boosting_poisson,count__poisson_regressor,count__tweedie_regressor,count__negative_binomial,risk__negative_binomial,class__rf_raw,class__rf_sigmoid,class__rf_isotonic
2022-10-21,1.0,6.0,0,5.254707760939105,4.328026832581351,6.017420026802684,5.918473721622009,6.168976496282691,0.29985495272362284,0.1359801028774022,0.16650087117436232,0.0
2022-10-22,1.0,4.0,0,6.446777731127208,7.3182710122824375,5.989343363748334,5.84780158665996,6.453905985782431,0.33376728940619427,0.2980949772218241,0.22099527403998287,0.21301775147928995
2022-10-23,1.0,4.0,0,5.056882569466887,4.017862494431508,4.252941066134593,4.347723101484396,4.3587533174921695,0.10682589701122475,0.16507224474415538,0.1779896723279225,0.0
2022-10-24,1.0,5.0,0,5.532909831461665,6.26276309554305,5.577694721517827,5.4450251236975475,6.117639700168934,0.29376787363785956,0.2929085900337026,0.21948354052125302,0.21301775147928995
2022-10-25,1.0,5.0,0,5.757115268216569,5.7027804996324765,5.318511942404158,5.306886040770871,5.535478542671945,0.22606646286028126,0.23591983127319488,0.20221345990342024,0.21301775147928995
2022-10-26,1.0,4.0,0,6.111614816016034,5.923536369763679,5.53730825274584,5.532823001385088,5.558547440356994,0.2286822218347283,0.2799277982892941,0.21566286264517198,0.21301775147928995
2022-10-27,1.0,4.0,0,5.272463814277502,6.567943409090702,5.167917901321584,5.2463439539940495,4.976633549648999,0.1654110964933286,0.1899656211349089,0.1869877492951927,0.125
2022-10-28,1.0,9.0,1,6.393668889950935,5.094049459641869,6.237482231763056,6.324428393303121,5.552127933615427,0.22795360170015855,0.3825335000505875,0.24481417037306183,0.21301775147928995
2022-10-29,1.0,3.0,0,6.613793980976928,6.930934143824095,7.173161399826501,7.010183978829874,7.039751679531669,0.4031645902340831,0.572399524481513,0.29854522507865155,0.5833333333333334
2022-10-30,1.0,3.0,0,3.5028126729173867,3.8712875060329712,6.057962983784736,6.014078545093254,6.0554320139120135,0.286407896627186,0.24013331097267127,0.20354094204439951,0.21301775147928995
2022-10-31,1.0,6.0,0,6.47931886316274,6.543438902365453,6.649935196801267,6.607639155664973,5.69418929697148,0.2441988521594197,0.5058728858773337,0.2790892519087956,0.4444444444444444
2022-11-01,1.0,4.0,0,3.430318049119257,5.234941966480478,7.793324141964101,7.528956960293634,6.764038906228843,0.3706617325670758,0.3700229574538372,0.24134848942031867,0.21301775147928995
2022-11-02,1.0,7.0,0,5.627025697184276,6.577576284717641,7.229018060356863,7.080039745668431,7.120487632846411,0.4125953044007083,0.32473508288111375,0.22864827535118662,0.21301775147928995
2022-11-03,1.0,7.0,0,5.7147935640473655,7.269232690825488,5.1910269761466505,5.231194587033544,5.266170073391893,0.19612223060905284,0.2635802931189206,0.21076572695792864,0.21301775147928995
2022-11-04,1.0,6.0,0,5.348548664383693,5.00598923979772,4.3056305239159,4.41258766301214,4.241135291348346,0.09697241320179033,0.22737386660301012,0.19949014857330624,0.21301775147928995
2022-11-05,1.0,4.0,0,5.603220337816465,4.259171505217675,4.772106419575218,4.860533611875027,4.610153959272566,0.1293608015727358,0.1912498723964929,0.18743530658409036,0.125
2022-11-06,1.0,1.0,0,4.423908281734599,4.042409171180734,5.745047689581768,5.770945433816448,5.67682769648817,0.2422005788064897,0.12339701333827287,0.1611021631425248,0.0
2022-11-07,1.0,5.0,0,5.649064357011848,5.890587514360912,6.035521919335067,5.991582140234215,6.280951807298581,0.31316375815574987,0.17775884390649704,0.1826561001859561,0.1050113732227089
2022-11-08,1.0,6.0,0,6.013298284611274,7.642142003473155,6.450287633296624,6.463427815595239,6.336190536071818,0.3197404437349201,0.35312883907906234,0.23664477777970666,0.21301775147928995
2022-11-09,1.0,7.0,0,7.909041051655757,6.9633133442590225,6.285665105198797,6.313549278606501,6.257259189761409,0.31034483630793186,0.5673653247792905,0.2970277470579151,0.5833333333333334
2022-11-10,1.0,6.0,0,6.7683007821064765,6.821883689455471,6.228651170895361,6.1724223257003565,6.303471649146476,0.3158442824277117,0.32458060235549574,0.2286043715669613,0.21301775147928995
2022-11-11,1.0,3.0,0,7.378092887476076,9.759231968887478,6.91140946224869,6.770650685676948,7.024526389865938,0.40138109357365426,0.5729865170805578,0.2987227427799312,0.5833333333333334
2022-11-12,1.0,4.0,0,5.145885232591541,5.696669635395224,6.124960715207025,6.133816431857811,5.750157703396091,0.2506629244109093,0.2834425704323602,0.21670289040169274,0.21301775147928995
2022-11-13,1.0,3.0,0,5.750747863360881,5.018772608496562,6.145695027571976,6.161187606394436,5.686086811383988,0.24326585803676898,0.3099190956948599,0.22441362612004007,0.21301775147928995
2022-11-14,1.0,6.0,0,6.015900569364734,7.1813939738405335,5.448806799193546,5.492063800422408,4.883849792791532,0.1559593947049848,0.31391996335527095,0.2255621252044956,0.21301775147928995
2022-11-15,1.0,0.0,0,5.508388972220101,6.454391681683909,6.225072514203951,6.2811500540294265,5.632048135383219,0.23706255593079242,0.28810225265536876,0.21807527582072384,0.21301775147928995
2022-11-16,1.0,9.0,1,5.729161151462633,6.288754076855043,6.203844673798824,6.315836311593321,5.4796014271985705,0.21976116708447288,0.35402555242212136,0.23689528597064666,0.21301775147928995
2022-11-17,1.0,5.0,0,7.03667360084475,9.651755810708291,7.606792341019889,7.544265811209078,6.938800458574772,0.3913117825509858,0.4589617409042046,0.2659212104785554,0.21301775147928995
2022-11-18,1.0,7.0,0,4.174258718662058,5.8430830592051795,6.540288791812958,6.598959027642687,5.9526121211576,0.27429064639365147,0.49524005441144725,0.2760756229869695,0.4444444444444444
2022-11-19,1.0,8.0,1,6.236502349221342,6.314337497591395,6.646799281084153,6.7609800721448154,6.176674486900569,0.3007686158433183,0.5336065704501628,0.2870581149450377,0.5833333333333334
2022-11-20,1.0,5.0,0,5.572447865470352,6.14355734723402,7.056673152273136,7.036158894366256,6.529467200910456,0.3427715371125466,0.5379575988842432,0.2883247927348987,0.5833333333333334
2022-11-21,1.0,11.0,1,6.154990943538364,7.308577851721713,7.31005337082218,7.195017425418657,6.915771960056996,0.3885994701413756,0.6094317946075611,0.3100090448692411,0.5833333333333334
2022-11-22,1.0,12.0,1,4.557225881949704,4.34848722523549,7.160542890750822,7.140052564533758,6.354045081472336,0.32186723606280015,0.47065261259663105,0.26917543935006777,0.4444444444444444
2022-11-23,1.0,4.0,0,7.797804949363014,7.089255599939098,7.058826508995524,7.05908711328324,6.296041345458754,0.3149597448757925,0.5913894376126676,0.30435342325516307,0.5833333333333334
2022-11-24,1.0,12.0,1,5.118379372747028,5.338981827293808,6.641665734299555,6.60092817547797,6.134345843055876,0.2957475393774567,0.5444299834654324,0.2902183728986161,0.5833333333333334
2022-11-25,1.0,6.0,0,4.354009791884422,3.4645995940408407,6.135582200903225,6.04514272977862,5.6225658382202335,0.23597760975624743,0.24363467293151506,0.20463684011502734,0.21301775147928995
2022-11-26,1.0,4.0,0,4.4126696808129795,2.4110570006957808,5.1557049111248014,5.161658609936807,4.7446047582315405,0.1421762634903431,0.14807336787252307,0.1714269461506802,0.0
2022-11-27,1.0,9.0,1,4.77161595021671,2.7120566104056443,5.241591682721968,5.262439446169763,5.089615464820935,0.17718730223484064,0.09954355504577544,0.149893457551599,0.0
2022-11-28,1.0,2.0,0,4.2490787267209695,2.9343625712202135,4.392420474589244,4.401740238521619,4.840974895202893,0.15166257641428318,0.15934192612837797,0.1758200577163186,0.0
2022-11-29,1.0,4.0,0,4.15641935250206,4.303391884376534,5.748631278314101,5.641380653172767,6.44767374940422,0.333024518778465,0.2637586283205276,0.21081972003315438,0.21301775147928995
2022-11-30,1.0,7.0,0,4.4953067360454995,5.265761809133069,5.994140151585725,5.88671516959176,6.860010189516996,0.3820200508010603,0.39220764282795967,0.24748701934748407,0.21301775147928995
2022-12-01,1.0,4.0,0,4.553034317153388,3.573058114823273,5.923436344312067,5.780997135804128,6.612590391159741,0.3526696008276315,0.23067799424214408,0.2005481240364189,0.21301775147928995
2022-12-02,1.0,8.0,1,6.089836478033885,6.10302477196197,6.322098147192324,6.086588176856157,7.198136722911846,0.42161972942989795,0.3425874577710433,0.23369149442689885,0.21301775147928995
2022-12-03,1.0,9.0,1,6.382431768974754,9.613031049935582,5.995565983399421,5.878255254622548,6.699978502775491,0.36305981148952077,0.4834050058406649,0.272743491826284,0.4444444444444444
2022-12-04,1.0,9.0,1,5.990356316336402,9.210168224848648,5.970203279175495,5.832128598480298,6.668704363530331,0.35934373509895495,0.5061278001040651,0.27916175603587406,0.4444444444444444
2022-12-05,1.0,5.0,0,5.263936528329318,5.7086858886273175,5.88274211888716,5.767649162458482,6.499669443780818,0.339221124312863,0.28399487069640833,0.21686593260743284,0.21301775147928995
2022-12-06,1.0,7.0,0,5.353373875633065,4.865638923143485,5.73931789760984,5.577432961977679,6.56859031332236,0.34743156253284607,0.16982137456609997,0.17975770396911628,0.0
2022-12-07,1.0,3.0,0,5.67361990585776,4.092700567807921,5.846963731762597,5.7322388417720775,6.522412739721248,0.3419310699678007,0.2679768742577321,0.21209302170608801,0.21301775147928995
2022-12-08,1.0,6.0,0,4.8669925448994436,4.524693686250319,6.5306395533775135,6.343906257122161,7.03778370345912,0.4029341473188022,0.34550511556342983,0.23451053912780664,0.21301775147928995
2022-12-09,1.0,4.0,0,5.292391267880632,3.747234992896721,5.310528018755015,5.232633776611481,5.592086207726403,0.2324977062522271,0.3803284186975613,0.24420416660819302,0.21301775147928995
2022-12-10,1.0,5.0,0,5.505851408275346,6.505881295134007,6.1885402621691545,6.09416945465065,6.693975408807046,0.3623467336977264,0.49931220728226955,0.27722739473848995,0.4444444444444444
2022-12-11,1.0,7.0,0,9.20715128824945,9.173684468931608,6.82553172168117,6.73039884076927,7.239197048572099,0.4263722204935746,0.6453964466699904,0.32176232794248827,0.5833333333333334
2022-12-12,1.0,4.0,0,8.660175910977202,9.351688772019802,6.734171595861747,6.7343149164524005,6.637922484416136,0.3556835147256717,0.6368983304743047,0.3189207945819542,0.5833333333333334
2022-12-13,1.0,5.0,0,7.021233955730977,7.637146212130448,6.619032775612565,6.580877198410099,6.649798582468221,0.35709596898962764,0.6190744438105016,0.3130932923188924,0.5833333333333334
2022-12-14,1.0,6.0,0,7.32326813983945,4.916416736443368,6.779812016593378,6.762332453402053,7.10959810046478,0.4113260301332295,0.5503104494025411,0.2919489519918933,0.5833333333333334
2022-12-15,1.0,4.0,0,7.240835505585959,6.784596851529527,7.137985759373573,7.067953829355584,7.311588474537573,0.4347158981151283,0.5875094922001877,0.30315534140006695,0.5833333333333334
2022-12-16,1.0,7.0,0,9.396027922844553,9.062519241903606,6.815840915150534,6.783128329376148,6.984385450120716,0.39667178087932997,0.6741979528361978,0.33173969289820315,0.5833333333333334
2022-12-17,1.0,15.0,1,4.422553284496851,5.2788204830201515,7.063871946947683,7.0212582437973525,7.153531201668909,0.4164413800412017,0.4898736598813142,0.2745620199655593,0.4444444444444444
2022-12-18,1.0,4.0,0,4.541314923916842,3.9550269119240236,5.992743500909599,6.022453453588314,6.147209796521162,0.297272721436536,0.2529082677059253,0.20750949043430625,0.21301775147928995
2022-12-19,1.0,5.0,0,5.560002364499681,3.4599631038733003,5.476568729906446,5.52914072687511,5.763201533503922,0.252174094549777,0.2508813690591618,0.206885198252769,0.21301775147928995
2022-12-20,1.0,9.0,1,4.8984477226981085,3.7473805259138713,5.901556823717014,5.943507066237035,5.8429192070456075,0.2614450908592739,0.23263560829434085,0.20117190454336084,0.21301775147928995
2022-12-21,1.0,9.0,1,5.759973948764038,4.918971784295793,5.398838056120952,5.465148520633158,5.284394965904412,0.19811069606920084,0.2468132315429096,0.20562623102342986,0.21301775147928995
2022-12-22,1.0,10.0,1,5.377742243405956,5.829352009745838,6.152844090615975,6.145880588785285,6.397117870339214,0.32699937940624607,0.3985606380913396,0.24923996367868817,0.21301775147928995
2022-12-23,1.0,8.0,1,8.554348349903108,8.54457462268592,7.077679976936117,6.967071595906411,7.397328519074775,0.4445363149436444,0.6070613373909776,0.30925767293231754,0.5833333333333334
2022-12-24,1.0,2.0,0,5.527211629523356,5.4285951381764805,8.444782668487754,7.9184239360202655,9.752223155310748,0.6757916750153299,0.5306803332996486,0.28620894284452103,0.5833333333333334
2022-12-25,1.0,9.0,1,5.912820062996492,6.391842485507163,7.492332169334821,7.186264055061798,7.695310742067551,0.4780800277974902,0.5686403112042548,0.29741124080737996,0.5833333333333334
2022-12-26,1.0,2.0,0,4.617190244599685,4.460941759815998,6.785512605851337,6.702178458032533,7.113501788475779,0.4117811413516064,0.3132134856934234,0.225359603436519,0.21301775147928995
2022-12-27,1.0,8.0,1,5.563970736088092,6.443529529149872,6.546913011215591,6.431102437892783,6.746405783700664,0.3685706934069648,0.3802974553716714,0.24419559872759716,0.21301775147928995
2022-12-28,1.0,7.0,0,5.654534433957637,5.973927139036187,6.105565658616234,6.061763571311409,6.44264213071144,0.3324248388488207,0.5073918724380511,0.27952147513750175,0.4444444444444444
2022-12-29,1.0,3.0,0,3.5408731239405595,3.2273546664031767,6.455781496488002,6.238902458468813,7.199106247155466,0.4217321066113877,0.3422937157691196,0.2336089617367878,0.21301775147928995
2022-12-30,1.0,6.0,0,6.346492518251138,6.767338307203061,6.054760157647372,5.92880875590912,6.439647538588652,0.33206793660641176,0.3489801027516434,0.23548437012595366,0.21301775147928995
2022-12-31,1.0,5.0,0,5.11919721134511,5.755585964686072,6.697736410917773,6.589437626288263,7.112917831384295,0.41171306789412304,0.2768554366683568,0.21475018966374088,0.21301775147928995
2023-01-01,1.0,11.0,1,4.901185149947142,5.309414903015524,6.015924690696678,6.011192537312086,6.193426170815533,0.3027575862314665,0.2287970506248281,0.19994665094121442,0.21301775147928995
2023-01-02,1.0,5.0,0,6.9279461802093865,9.391423058606314,6.45121840826548,6.386014378785235,6.694370549405309,0.36239367389943467,0.5961877180000928,0.30584365990098605,0.5833333333333334
2023-01-03,1.0,15.0,1,5.169056851019896,5.113468643247723,6.406320753894401,6.36227264349738,6.669566001678812,0.3594461550031534,0.5613361580824073,0.2952216827839918,0.5833333333333334
2023-01-04,1.0,12.0,1,5.631824829899627,3.930570425255965,6.165919308886054,6.025486497233733,6.782232462724832,0.3728179777596296,0.22231110231625428,0.1978560897133555,0.21301775147928995
2023-01-05,1.0,10.0,1,4.719987828671325,3.934303689827867,6.863839845906239,6.687977064028026,7.146467534091089,0.4156199105556513,0.21265865020237584,0.19469435845435237,0.16666666666666666
2023-01-06,1.0,4.0,0,4.891947162164594,5.235665766976596,4.9289641905541135,4.9146934897147965,5.24230690464716,0.1935277483559759,0.20121432229359335,0.1908594200939008,0.16659889610385614
2023-01-07,1.0,4.0,0,4.9619326527115755,2.831072604694329,5.089729394149089,5.031072616630417,5.391390609827287,0.20990122689592405,0.18109298495282658,0.18385372052968774,0.125
2023-01-08,1.0,2.0,0,6.756430949018795,5.336718696086444,5.442597251633701,5.416457805138069,5.920659182458752,0.27053924666796103,0.29764547216494164,0.2208645642447298,0.21301775147928995
2023-01-09,1.0,11.0,1,5.2242992106538315,4.433692575734212,5.575932686057419,5.555846120870892,5.899065554021186,0.2680083526678131,0.2109813127530478,0.19413837731172615,0.16666666666666666
2023-01-10,1.0,10.0,1,5.742622320523483,9.448056570620013,5.755517671385153,5.702840085604813,6.433053502793481,0.331282046960213,0.540926003203772,0.2891918217403452,0.5833333333333334
2023-01-11,1.0,10.0,1,8.300894997409051,9.444052993621595,5.944587974326579,5.898581426543318,6.556525871062692,0.3459947655112227,0.5189905233473758,0.28283718437267885,0.5833333333333334
2023-01-12,1.0,7.0,0,4.672125971963209,4.551021406509552,6.490416337805948,6.366310002752881,7.1683167284371025,0.41815960889344284,0.4187968919118949,0.25481827758115866,0.21301775147928995
2023-01-13,1.0,6.0,0,4.59652076894802,3.2666075599556423,6.2875815044842955,6.162775636246935,6.957608267043109,0.3935247419974511,0.2872738503186574,0.21783181287913086,0.21301775147928995
2023-01-14,1.0,5.0,0,6.724317013089771,5.8410247258328845,6.495924006906741,6.390871803859121,7.41495878599857,0.44654690833423283,0.45578481086228356,0.26503922896330734,0.21301775147928995
2023-01-15,1.0,7.0,0,4.237326359612303,2.976256423238658,5.97433915268282,5.881426551298684,6.5325220006890286,0.34313546895847713,0.3749683761125793,0.24271994685666543,0.21301775147928995
2023-01-16,1.0,8.0,1,4.978712690271239,6.300270282513222,5.807198510830516,5.740795885285638,6.409852899822921,0.3285170306587437,0.2459410989916391,0.20535527022948655,0.21301775147928995
2023-01-17,1.0,20.0,1,4.287329364248601,3.7234111248930923,5.658930543454046,5.55941159686452,6.440746848331838,0.3321989547758475,0.1618419669534819,0.17677166340976916,0.0
2023-01-18,1.0,7.0,0,4.296695515002754,3.472604271950355,5.237363945327328,5.1535800072232005,6.108921856628576,0.29273530980298157,0.16816844530210176,0.1791453284561677,0.0
2023-01-19,1.0,15.0,1,4.977099440244254,3.7730018043927087,5.281841611263539,5.275704178748923,5.9466240718020185,0.27358706920744025,0.15697927867742192,0.1749133395376595,0.0
2023-01-20,1.0,4.0,0,5.325644001493538,4.399414257288575,5.466202426373719,5.454059750238487,5.87048851331094,0.2646645776670705,0.24387135531541063,0.20471068947185114,0.21301775147928995
2023-01-21,1.0,8.0,1,4.666774070952746,5.914680942117694,6.407707700546592,6.306965077084505,6.994603556140644,0.39787152973477796,0.4719031376880583,0.2695244199451498,0.4444444444444444
2023-01-22,1.0,11.0,1,6.24945054620319,6.811556703772918,6.259234428942238,6.21129456372729,6.451666686995896,0.3335004056034113,0.438745418677436,0.2603220942840385,0.21301775147928995
2023-01-23,1.0,6.0,0,5.460183238092408,4.912694233259233,5.792011563995584,5.808125358434615,6.104191088073057,0.2921751319392855,0.267072838875728,0.21182074336612797,0.21301775147928995
2023-01-24,1.0,5.0,0,8.660211444690843,11.082360871877702,5.980335900756981,6.014369109686071,6.296975402627027,0.31507093346721465,0.5672845357971845,0.2970034658507798,0.5833333333333334
2023-01-25,1.0,10.0,1,6.161814193420914,6.523561902945292,6.216880747537591,6.171943391630457,6.523618492490544,0.342074726737069,0.495498445598598,0.2761486222796776,0.4444444444444444
2023-01-26,1.0,7.0,0,6.83848494393116,7.6517318304110225,6.667585404808889,6.581669488229159,6.9617249649122845,0.3940088442044399,0.5517288481660444,0.29236788595885155,0.5833333333333334
2023-01-27,1.0,8.0,1,7.063919536652141,7.768086927787587,6.218732956202706,6.19573999470935,6.529487035800976,0.34277390016389614,0.5893400301513844,0.30371983024591287,0.5833333333333334
2023-01-28,1.0,7.0,0,5.64725617426859,4.283581548188388,7.309041919825279,7.108699007325728,7.719670489356376,0.4807782636872156,0.36923632078234087,0.2411301402496927,0.21301775147928995
2023-01-29,1.0,7.0,0,9.259002760116738,10.994023640888635,7.748877124199707,7.602227686130095,8.05112476665562,0.5167562217922556,0.6959038782828706,0.3396689870117,0.5833333333333334
2023-01-30,1.0,16.0,1,9.585969875342872,8.664416878640099,8.046381947788346,7.833693756932382,8.539576334293862,0.5670179042420741,0.6843911485752211,0.33541508182350294,0.5833333333333334
2023-01-31,1.0,11.0,1,4.945809518458627,3.8170012456579263,6.029715459155788,6.01087011570558,6.225329130589075,0.30654809512874664,0.3312801192974697,0.23050401112932026,0.21301775147928995
2023-02-01,1.0,6.0,0,5.28807630404506,4.908039590916223,6.4503670997464875,6.414689766865078,6.636376985994868,0.3554996794284515,0.302944149491426,0.22240171914931078,0.21301775147928995
2023-02-02,1.0,15.0,1,7.671365031538689,5.8754409827560075,7.717354452191942,7.512258796797567,8.109881489431045,0.5229829130336371,0.5681706166911681,0.29726990008489546,0.5833333333333334
2023-02-03,1.0,20.0,1,5.558169122613043,3.9871430490640756,7.100278794769641,6.8589011798388295,6.7569650647140875,0.36982301506821147,0.31222582632986107,0.22507627656223292,0.21301775147928995
2023-02-04,1.0,18.0,1,5.532645959061965,3.234764443979508,5.94229101213098,5.952922393160868,6.133721680160519,0.2956735547497407,0.22259940604680314,0.1979495760544669,0.21301775147928995
2023-02-05,1.0,8.0,1,3.8991346788005448,3.160951001785361,4.990867700337988,5.029448648699458,5.244604869473058,0.19377713315666936,0.21351769937606588,0.19497832950716057,0.16666666666666666
2023-02-06,1.0,18.0,1,3.911685402794382,3.349378641102844,5.823513196761502,5.815971325316581,6.041352675117063,0.2847449087361971,0.27039094276463554,0.21281850043641568,0.21301775147928995
2023-02-07,1.0,12.0,1,5.051040449738684,2.9698878201136587,6.704196057920865,6.519065712355161,7.134095741603441,0.4141802109567221,0.30108160448728344,0.22186228463216734,0.21301775147928995
2023-02-08,1.0,13.0,1,6.735394879198768,5.95416121787953,6.122778403640554,6.0456151727227345,6.7327919715860745,0.36695550873102917,0.3693701601100497,0.2411672945069944,0.21301775147928995
2023-02-09,1.0,10.0,1,7.077623500424852,9.453187538537994,6.242606696235427,6.151760142894095,6.884986785800841,0.3849690655397302,0.5165236349091211,0.28212961321051366,0.5833333333333334
2023-02-10,1.0,10.0,1,6.965925178094179,8.793350623296082,6.439840909851816,6.366806164872546,7.176594383518253,0.41912080687776,0.5423674260887398,0.28961370113523427,0.5833333333333334
2023-02-11,1.0,7.0,0,5.529509308585548,5.1733162753933675,5.91475646905324,5.835890066007559,6.354653900920088,0.3219397643442408,0.3394194970160832,0.2328006598433462,0.21301775147928995
2023-02-12,1.0,11.0,1,6.621572644329487,6.052143364937432,5.547282968585798,5.488179437332401,6.1575935847052925,0.2985043416121751,0.31777934786254086,0.22666641026955178,0.21301775147928995
2023-02-13,1.0,6.0,0,6.579839800564464,7.407931658879861,6.261333202960144,6.145897353900383,6.960952067310524,0.39391796311963473,0.48738826023662696,0.2738625565813793,0.4444444444444444
2023-02-14,1.0,7.0,0,8.184941956213615,8.698656360781781,6.296482658996608,6.257129819332587,6.706969022683547,0.36389003884290994,0.6273229257763729,0.315768822254014,0.5833333333333334
2023-02-15,1.0,7.0,0,8.785493112884462,8.404560372071806,7.135376825173781,7.019544364409735,7.391800479582209,0.44390525936353964,0.6371107544928826,0.3189913049231756,0.5833333333333334
2023-02-16,1.0,12.0,1,5.232808305963917,4.357022647365444,5.896124422225704,5.870335375513582,6.337040638458596,0.31984169625834513,0.4491051623863304,0.2631876010239194,0.21301775147928995
2023-02-17,1.0,8.0,1,4.920287289295827,5.067011957063272,5.931671434759133,5.7490567796583285,6.974504562215713,0.3955110147247997,0.33846286828157884,0.23253133064381593,0.21301775147928995
2023-02-18,1.0,6.0,0,3.8183087630662023,4.103668434202431,5.071051699281914,5.012305298961701,5.385945865792325,0.2092966130846894,0.24498331257608755,0.2050572571098941,0.21301775147928995
2023-02-19,1.0,8.0,1,5.037475874097244,3.8854391545344993,6.860845517967978,6.5723007983872614,7.816856921204207,0.4914720130855287,0.27563577438238435,0.21438693202745596,0.21301775147928995
2023-02-20,1.0,11.0,1,4.80227407787778,3.9305301097126835,5.251711412761855,5.259764629014753,5.396313022640031,0.2104482487960788,0.2785508958835431,0.2152542586506137,0.21301775147928995
2023-02-21,1.0,17.0,1,6.462335455142808,4.971447741388514,5.473783276558305,5.415216622994912,6.101845727859564,0.29189745295473213,0.3746983733496078,0.24264512342862107,0.21301775147928995
2023-02-22,1.0,10.0,1,4.062964564238308,3.753172783295489,6.422551526494108,6.237609020104721,7.234844967070833,0.42586916030291866,0.22033535421108166,0.19721398407196683,0.21301775147928995
2023-02-23,1.0,17.0,1,5.868793127554234,5.841516043841346,6.343276407490017,6.260840864384566,6.647083127350954,0.35677304390627274,0.5462890602768791,0.29076441310192747,0.5833333333333334
2023-02-24,1.0,7.0,0,6.209374426261816,7.320128120423144,6.774862052431268,6.631693293903612,7.421144089033498,0.4472515676737549,0.451602545521749,0.2638794712617118,0.21301775147928995
2023-02-25,1.0,7.0,0,5.320667664333614,4.405555972839627,5.744823730788824,5.785671813961668,5.947530020092537,0.2736934991436952,0.5108497946057987,0.28050710109102844,0.4444444444444444
2023-02-26,1.0,13.0,1,5.885137186180738,4.7290162982786885,5.5943158328922085,5.62866282020445,5.878073869185811,0.2655514925639989,0.3648285040005379,0.2399055447582506,0.21301775147928995
2023-02-27,1.0,11.0,1,4.606745338454574,4.3402399723429665,6.280393488089686,6.161374536168447,6.630859888072666,0.3548433808174766,0.3161337741845889,0.226195983525034,0.21301775147928995
2023-02-28,1.0,6.0,0,5.414885805946393,4.689996140110121,6.6552784378580085,6.540787725502158,7.154379515973701,0.4165400088590131,0.49386000302925714,0.27568592738086767,0.4444444444444444
2023-03-01,1.0,6.0,0,8.532396927433018,8.600476378591692,6.550355971882432,6.5083702766561045,7.029240152917695,0.40193342950875904,0.6082703050902013,0.30964055570134996,0.5833333333333334
2023-03-02,1.0,8.0,1,8.256681087637213,5.915352308727679,7.207581700960714,7.065846781793271,7.782461858834236,0.48770060984399866,0.5392411617661604,0.2886994134630034,0.5833333333333334
2023-03-03,1.0,11.0,1,6.09679517714464,6.878610391921818,6.968500129504171,6.810311664911045,7.418007484838218,0.44689427807129856,0.46952452421166624,0.2688607838271359,0.4312279861801058
2023-03-04,1.0,4.0,0,3.469597924726009,2.704096823621232,6.324784537033496,6.15078658354623,7.0391768406671025,0.4030972813490141,0.24879761820561794,0.20624134853658876,0.21301775147928995
2023-03-05,1.0,3.0,0,5.386699068458502,6.251593269634166,6.197382067234915,6.140092039395367,6.572534073605811,0.3479011906069681,0.49392542546748947,0.2757043940671529,0.4444444444444444
2023-03-06,1.0,8.0,1,4.831383122200431,3.3913042358550367,5.221172541181525,5.243047761748959,5.556155120410021,0.22841062700287157,0.2262767976504951,0.19913741082754838,0.21301775147928995
2023-03-07,1.0,6.0,0,5.460605905629726,4.344021388405912,4.416811321733568,4.484645950962645,4.652748699402799,0.13336603668532565,0.23387754559976923,0.2015664912334945,0.21301775147928995
2023-03-08,1.0,5.0,0,5.1063529281895175,4.143136640820204,5.394204149169389,5.414568475719355,5.6466132556177175,0.23873117816001815,0.24844945382791914,0.2061335651863228,0.21301775147928995
2023-03-09,1.0,5.0,0,5.669087544186479,4.6031949917792545,4.845572176154103,4.9346182323057874,4.965636088993815,0.16428016989290226,0.27553138824756934,0.21435581685506155,0.21301775147928995
2023-03-10,1.0,6.0,0,4.852888744234019,3.8210742522351366,4.863970963599884,4.919040554516436,5.025902009433307,0.17051158104840808,0.2469073777238856,0.20565545835192603,0.21301775147928995
2023-03-11,1.0,5.0,0,7.009636190308812,6.199024473792161,5.844619002221278,5.935917598859887,5.787467546003108,0.2549898641723794,0.31426003060153823,0.22565956800342693,0.21301775147928995
2023-03-12,1.0,8.0,1,5.076298743224086,3.9481988856857813,5.142469040719569,5.185476665229932,5.331877498325136,0.20331904158235498,0.2682511207490009,0.21217555480859454,0.21301775147928995
2023-03-13,1.0,9.0,1,4.758401766067087,3.6371679987676915,5.292956471302298,5.338764995886251,5.429931010613415,0.21419443982279895,0.19429384561303764,0.18849028139099672,0.125
2023-03-14,1.0,3.0,0,4.6703806288388225,3.2260375043707192,5.171338541986295,5.1959242702092885,5.3639033459496686,0.206853822443914,0.2536810232731865,0.20774699361481874,0.21301775147928995
2023-03-15,1.0,9.0,1,4.279788318609674,2.4812900374541953,5.385196426463789,5.379908797355512,5.615210331535178,0.2351367633372288,0.24422349900709953,0.20482051170285784,0.21301775147928995
2023-03-16,1.0,11.0,1,5.272125024858448,3.5159430588033436,5.170398935460101,5.213469829199404,5.109448258819612,0.1792830886964892,0.21433771533715495,0.19524891358757737,0.18433688783982863
2023-03-17,1.0,4.0,0,3.980108814655053,2.1394139156541043,4.9652278169310895,5.034288886780929,4.844164636694428,0.15198065893071033,0.26900189714395684,0.21240134403385588,0.21301775147928995
2023-03-18,1.0,4.0,0,6.216945604536571,4.258059130279088,5.3247900495372935,5.368509252149201,5.155295375545524,0.18415906537161875,0.36126689217695757,0.23891458041434535,0.21301775147928995
2023-03-19,1.0,6.0,0,4.334627541372683,3.6446495577993185,5.742642307092416,5.725798657570977,5.956732172602845,0.27477488493265356,0.2713078729806351,0.213093458979439,0.21301775147928995
2023-03-20,1.0,2.0,0,4.578065344729227,3.882367309673224,5.061595532673809,5.059026181176458,5.476184846604966,0.21937708225486302,0.30869950366167614,0.22406274238523252,0.21301775147928995
2023-03-21,1.0,4.0,0,3.790806466188304,2.564614784845031,5.452682419819821,5.440937406471798,5.705272440370743,0.24547624016266142,0.26612129317952593,0.21153379936977515,0.21301775147928995
2023-03-22,1.0,4.0,0,5.364979732394998,4.331089055277964,5.667379479527549,5.612998685024359,6.05113782183956,0.28590057036931,0.282110636368325,0.21630926966356917,0.21301775147928995
2023-03-23,1.0,5.0,0,5.921748525114805,4.337953506846483,5.231023489698201,5.178320747545719,5.783950488282652,0.25458139929810125,0.382141840657154,0.24470584686198227,0.21301775147928995
2023-03-24,1.0,10.0,1,4.21224434553816,2.8193815390353585,6.0405076463380984,5.912455030758712,6.655257837546868,0.3577451331179365,0.24167217545996278,0.2040233863657788,0.21301775147928995
2023-03-25,1.0,7.0,0,4.867799947043195,3.835655123984612,5.184324366013405,5.19325761332398,5.278886285569461,0.197509028262294,0.25466195896202526,0.20804808110265624,0.21301775147928995
2023-03-26,1.0,9.0,1,5.352326816170567,3.885491602914609,5.611733842408782,5.522548777175708,6.037510213839735,0.2842912465036547,0.26400020937945146,0.21089284033754455,0.21301775147928995
2023-03-27,1.0,12.0,1,4.551602647866488,2.8806021691204364,4.971048542856464,4.982286998534473,5.394564786856657,0.21025392491466255,0.21724780926477302,0.19620541425716273,0.21301775147928995
2023-03-28,1.0,7.0,0,4.616184816042343,3.593427941802357,5.326823153504417,5.33151319624839,5.595064848554503,0.23283726811343092,0.2877684760534789,0.21797720735836051,0.21301775147928995
2023-03-29,1.0,5.0,0,6.015896438658713,4.0419200349372115,5.093941384489554,5.145483153750977,5.400327225750886,0.2108946295956214,0.32537144404162427,0.22882907925421458,0.21301775147928995
2023-03-30,1.0,9.0,1,5.776610349046899,3.923432650294858,5.588267583702267,5.55896412322322,5.9693985196416515,0.2762643175135825,0.2471646370654687,0.20573530106053317,0.21301775147928995
2023-03-31,1.0,8.0,1,4.7353261661781785,3.70739749092221,5.1592123158325744,5.078998922756767,5.90164018709944,0.2683099262772468,0.2901020692433732,0.21866210537923747,0.21301775147928995
2023-04-01,1.0,15.0,1,6.011741976373879,4.698571980465502,6.3471071358754845,6.15341205541233,6.779282395523435,0.372468433949545,0.3554837597116219,0.23730243303792586,0.21301775147928995
2023-04-02,1.0,7.0,0,5.84327208534699,5.382698500226979,5.276955455227563,5.260165838899052,5.614868807877304,0.2350977381628776,0.2438540693967572,0.2047052969147498,0.21301775147928995
2023-04-03,1.0,8.0,1,4.971500971294801,4.6678664714838956,5.363322778409295,5.3259768137254175,5.83726815503591,0.2607859760113272,0.23125679226289214,0.2007327868120203,0.21301775147928995
2023-04-04,1.0,8.0,1,3.7140205421424706,2.808445009119846,5.245019624490902,5.18752257236572,6.071808394042429,0.28834354830280345,0.25612292734372955,0.20849569107999116,0.21301775147928995
2023-04-05,1.0,6.0,0,4.163897862688154,2.6002043890626085,5.2456036119712985,5.27473308504703,5.467848104826516,0.21844060284389832,0.18417921448127636,0.1849523828931819,0.125
2023-04-06,1.0,12.0,1,5.5105319980992356,4.71888380835856,5.346807286236809,5.319050116798606,5.632226264740818,0.23708294757923642,0.25873265122750605,0.20929286096496458,0.21301775147928995
2023-04-07,1.0,6.0,0,4.87949829426476,3.49698832848387,5.084986840390327,5.073223393949636,5.217557023574229,0.1908480593089342,0.23641010637156198,0.202368424602021,0.21301775147928995
2023-04-08,1.0,10.0,1,5.377448483720649,2.9575376961063573,5.492926787088973,5.446998035496689,5.737401279661574,0.24918672141134499,0.23365934478655961,0.2014972286488541,0.21301775147928995
2023-04-09,1.0,3.0,0,4.525508529453362,2.7419139891750177,5.945376166964664,5.871700530096301,6.434713314845219,0.3314798660445622,0.2574797869579444,0.20891053876576102,0.21301775147928995
2023-04-10,1.0,5.0,0,3.999247022292092,2.936577099462868,5.110254558664633,5.176660840208799,5.206631924977636,0.18966888379224914,0.188853952809305,0.18659913231400596,0.125
2023-04-11,1.0,3.0,0,3.613750385045728,2.0142127465999837,5.069532644012813,5.164369500251144,5.199369123276533,0.18888625771948578,0.20674520338184257,0.19272512473388495,0.16666666666666666
2023-04-12,1.0,5.0,0,4.068819605484975,2.0779502381854504,4.934425529209301,4.995063280150702,4.950156424289092,0.1626930869055367,0.24650055610693403,0.20552913039294488,0.21301775147928995
2023-04-13,1.0,7.0,0,4.916872142258896,1.8697173224129457,4.7408730690723475,4.861993516772476,4.77585113569207,0.14522542127798757,0.20954114299617063,0.19365939004169766,0.16666666666666666
2023-04-14,1.0,7.0,0,5.275131181090199,3.563492482644066,4.992601301684774,5.062041372898485,4.952575328732982,0.1629407198823864,0.20781602066475913,0.1930836269815912,0.16666666666666666
2023-04-15,1.0,4.0,0,4.99478319288864,4.118564853377452,5.275227720999259,5.273017046926625,5.429292713280878,0.21412314720012748,0.3268653411414697,0.22925320426773071,0.21301775147928995
2023-04-16,1.0,7.0,0,5.468404714980154,6.136383278914866,5.855166581758455,5.841960622539978,6.066276927591925,0.2876895828966858,0.34197902761144094,0.2335205286092,0.21301775147928995
2023-04-17,1.0,13.0,1,5.686988259121051,4.8838516485635,5.712265249003712,5.748710942902423,6.0389950964502,0.28446655005783905,0.3333410985600388,0.23108666638285882,0.21301775147928995
2023-04-18,1.0,10.0,1,5.068405612798214,3.7848365025507222,5.480093300057574,5.538435841977682,5.715410234736637,0.2466458423845633,0.2339096741124083,0.20157668736447928,0.21301775147928995
2023-04-19,1.0,3.0,0,4.842275940117327,3.422977515327838,5.913392187530628,5.909946215470107,5.641805095190879,0.23818006137816244,0.21787574229627527,0.19641104869060813,0.21301775147928995
2023-04-20,1.0,8.0,1,6.449037040736611,4.582610504470458,6.348218027980965,6.3295578094308835,6.314366735514732,0.3171414690018348,0.27694978360122474,0.21477826680527468,0.21301775147928995
2023-04-21,1.0,5.0,0,4.91580609970132,2.870016924031934,4.858103967385647,4.8948323817095565,4.957416567796186,0.1634367493713369,0.3096899734678893,0.22434773477613226,0.21301775147928995
2023-04-22,1.0,6.0,0,4.479868256362266,3.888315849600971,5.662003026387641,5.643590836239626,5.827106182480026,0.2596014323984876,0.22593219959207717,0.19902646059256918,0.21301775147928995
2023-04-23,1.0,4.0,0,5.261967132177535,4.315191566539375,5.463688259781194,5.459166177271803,5.701595375017525,0.2450522907137836,0.28129717208249155,0.21606857078472785,0.21301775147928995
2023-04-24,1.0,4.0,0,3.764111808689245,2.840111426522704,5.211494915750025,5.217162331085216,5.477910181056621,0.21957101938947357,0.2687248088911478,0.21231803829528856,0.21301775147928995
2023-04-25,1.0,3.0,0,3.8183905360148414,2.2940902844830537,5.015437695239189,5.022487179848809,5.172345777112302,0.18598328266596,0.21977409135630116,0.1970311133717609,0.21301775147928995
2023-04-26,1.0,7.0,0,4.686816098647551,2.821984956984277,5.613957386254058,5.55590779276126,5.5692386166448715,0.2298968936285276,0.25148480346834845,0.20707126161927664,0.21301775147928995
2023-04-27,1.0,6.0,0,6.62704461723565,3.6088880292146164,5.778469209811823,5.8040056353526905,5.7042761849443835,0.2453613617400934,0.23847843333474908,0.2030207158112255,0.21301775147928995
2023-04-28,1.0,19.0,1,6.62342136992054,6.138938378013901,8.818826756258074,8.602918739460224,10.148567928542827,0.7062369211164777,0.5141612827294587,0.28145325045371344,0.5833333333333334
2023-04-29,1.0,7.0,0,7.0218516031029,5.299616589900552,9.511670594404489,8.554596744788496,11.189060870991424,0.7747839929536106,0.6441767783990104,0.3213518451222634,0.5833333333333334
2023-04-30,1.0,8.0,1,5.362311578507756,4.97687517433752,7.582429526462311,6.84368301869907,9.236262957749942,0.6323920505285807,0.3938865804031388,0.24795042505353884,0.21301775147928995
2023-05-01,1.0,10.0,1,4.843168499542695,5.0563250999392135,7.4079796678392995,6.673501147182281,9.002102582747522,0.6112795734293999,0.2855905452942589,0.21733641025480382,0.21301775147928995
2023-05-02,1.0,0.0,0,5.836310221945245,5.04706894882728,10.49259474468541,9.242988247525103,14.309074517538143,0.9016299849038022,0.33513627815001407,0.2315935466122264,0.21301775147928995
2023-05-03,1.0,8.0,1,5.038331258352066,5.525819633249203,9.31616373412559,8.594625519248396,12.131331359857889,0.8240386272477763,0.37611834857233584,0.24303856299125062,0.21301775147928995
2023-05-04,1.0,8.0,1,4.365821115894424,4.078666577452863,8.833993431947034,8.038986742432918,11.734967817864081,0.8046814550299153,0.3430905387253905,0.2338328134566585,0.21301775147928995
2023-05-05,1.0,10.0,1,4.005906927969401,3.7724752105661543,5.815321235002649,5.407022626545132,7.306268056723382,0.4341042613106021,0.36807275654374455,0.24080705951629222,0.21301775147928995
2023-05-06,1.0,6.0,0,4.128042641745699,1.8023833678582952,5.1016289786212266,4.952491645359909,5.919550323625115,0.270409196153947,0.34169749524732046,0.23344139947997086,0.21301775147928995
2023-05-07,1.0,3.0,0,3.908147642998305,1.7394698019002637,6.007530609466749,5.769598485548155,7.173156051090576,0.41872161493447774,0.24750534115244555,0.2058409910238637,0.21301775147928995
2023-05-08,1.0,3.0,0,3.8840681183713706,2.0187956326142533,6.280744454805885,5.976783999417207,7.67567898304857,0.47590040534153233,0.22251682806631923,0.19792280447828503,0.21301775147928995
2023-05-09,1.0,10.0,1,3.3868527763331215,1.622265011433588,6.442352250204309,6.08266677545834,7.781867315705386,0.4876352900871151,0.23889986738793467,0.20315333763806318,0.21301775147928995
2023-05-10,1.0,4.0,0,3.8129762981052733,1.9156988111929678,6.80742346012992,6.503528389686347,7.863203937867319,0.4965305743626692,0.21203560935014348,0.19448807613491728,0.16666666666666666
2023-05-11,1.0,10.0,1,5.667318371695998,3.5249875978427263,7.126341514130574,6.757038428090292,8.139666770989994,0.5261211599838567,0.25479166789566554,0.20808786064661944,0.21301775147928995
2023-05-12,1.0,3.0,0,5.34943045365307,2.619397946566423,8.33282119831733,7.671652489065086,9.352609850587411,0.6425535931925824,0.34917769014776456,0.23553968959132843,0.21301775147928995
2023-05-13,1.0,7.0,0,4.787977052740594,2.2993686446377013,5.9575780047867255,5.65567346825551,7.56879150246347,0.4639556205878433,0.21539359148806242,0.19559663581019085,0.20786960845420344
2023-05-14,1.0,3.0,0,6.77279994147665,3.7401913733687726,6.592743542676459,6.199341070079148,9.14741125068475,0.6244847948015187,0.4091481260228613,0.252158921008026,0.21301775147928995
2023-05-15,1.0,6.0,0,6.727870757415621,3.8489570666717325,5.851044281040342,5.570233177111674,8.15753390545515,0.5279977389181552,0.3079768303698361,0.2238546478277987,0.21301775147928995
2023-05-16,1.0,6.0,0,5.657389305939152,3.106448153821229,4.768731407729669,4.597382014137854,6.355586873959292,0.3220509096886106,0.28023291733350997,0.21575331789148344,0.21301775147928995
2023-05-17,1.0,4.0,0,5.1223140871414925,2.0397657066279384,4.880651860009023,4.720975228948694,6.361927048688777,0.32280624287317283,0.25519368939497783,0.2082111048640447,0.21301775147928995
2023-05-18,1.0,6.0,0,4.532309841866411,2.3690835915760413,5.757205392701264,5.418136865109682,7.946683601131804,0.5055727528472787,0.20824927915507932,0.19322843518571597,0.16666666666666666
2023-05-19,1.0,8.0,1,5.610983000236322,2.8982834048767083,5.76294561702642,5.4074939497303935,8.028980456705167,0.5143972593392028,0.3123009830920321,0.2250978448269495,0.21301775147928995
2023-05-20,1.0,5.0,0,5.611434822796374,3.23045251583587,6.337217607295013,5.973600069256496,8.800401362725903,0.5923907451942919,0.27039516899849664,0.21281976850037163,0.21301775147928995
2023-05-21,1.0,15.0,1,8.575157738017415,6.449936253174953,8.17567075247292,7.54513260519405,12.010278466829222,0.8183261323873401,0.5258730088131753,0.2848184614531577,0.5833333333333334
2023-05-22,1.0,7.0,0,6.070572772561002,6.8877618684948745,8.375457268607176,7.816751562517637,7.353885684591886,0.4395691524645036,0.4673559511170586,0.268256315148227,0.35827978141897604
2023-05-23,1.0,7.0,0,6.548011337258351,7.319429849698931,7.881763002502917,7.355907452824141,7.118215181058705,0.41233050194641246,0.5129687261794956,0.2811122562401643,0.5658253516586677
2023-05-24,1.0,5.0,0,7.139243975723711,8.239688583204561,7.957932368021916,7.543504458102899,7.170644758825325,0.41842999360129274,0.5690022184287843,0.2975201978936336,0.5833333333333334
2023-05-25,1.0,8.0,1,5.6423613132562105,6.882502953919433,7.889864721676502,7.809740671610459,7.329687036695232,0.4367945821474552,0.3591816841919248,0.2383337493715355,0.21301775147928995
2023-05-26,1.0,7.0,0,5.250982698179073,4.756106183896337,6.791873885459967,7.108019489072788,6.072723685323798,0.28845177522995136,0.3804164581685323,0.24422852770327058,0.21301775147928995
2023-05-27,1.0,12.0,1,4.672460863114791,3.0731118477293466,6.626114088038645,6.676394926839067,6.9862251450540205,0.39688783460046395,0.3560701806069258,0.23746609208952366,0.21301775147928995
2023-05-28,1.0,4.0,0,6.520744724413428,5.813605556064455,3.6549891931562404,3.904203550448209,3.5431994562069797,0.0486229221141466,0.3957820279739537,0.24847345690115247,0.21301775147928995
2023-05-29,1.0,9.0,1,5.754903402630587,5.0330908247443515,6.333159454478146,6.290585590755937,7.318474144948587,0.4355070949687545,0.40037520529687093,0.24974040385438118,0.21301775147928995
2023-05-30,1.0,7.0,0,5.6637633344476495,5.9728837927951135,5.94537308651746,5.8842924682405915,7.2673178570827615,0.42961881954517267,0.3633398286518546,0.23949150975393707,0.21301775147928995
2023-05-31,1.0,7.0,0,5.372518470892889,5.168050184587266,5.356879336006751,5.35619919192514,6.121736783976637,0.2942532614844422,0.3438565700740942,0.23404792107624509,0.21301775147928995
2023-06-01,1.0,6.0,0,4.774406610820978,4.546275197585815,9.298904923092456,8.765068911910156,11.434866721018409,0.7887294735664645,0.4060494660386123,0.25130482086747696,0.21301775147928995
2023-06-02,1.0,10.0,1,5.507176965979112,4.7863133565218385,6.617981927968741,6.494457799900108,7.467610515989855,0.4525329774721329,0.40060564046328906,0.24980394933273373,0.21301775147928995
2023-06-03,1.0,6.0,0,6.828776370025511,6.7596332301945345,9.016381432264899,8.458417017737329,11.130748578998823,0.7713555370252703,0.6075022026268777,0.30939721724967595,0.5833333333333334
2023-06-04,1.0,5.0,0,5.524976852873694,4.087501917378796,8.720816917795531,8.15115835833725,10.186879850242077,0.709048910019354,0.32359216552014886,0.22832333822244485,0.21301775147928995
2023-06-05,1.0,7.0,0,5.176882701576289,4.5764067411630425,6.728483733374933,6.395454401216737,8.867976644690996,0.598790922638912,0.3545780775708337,0.23704958889162006,0.21301775147928995
2023-06-06,1.0,6.0,0,5.923193419997661,5.390484330159397,5.704811828101319,5.543145433104961,6.808518411066233,0.375930926387666,0.3970969086431879,0.24883621089181454,0.21301775147928995
2023-06-07,1.0,5.0,0,4.401773912904884,3.41185167003274,7.566055569066703,7.1410693446309965,9.435315001688574,0.6496439648367481,0.26542382746285653,0.211323240356639,0.21301775147928995
2023-06-08,1.0,8.0,1,7.3565791446352335,8.05373192539612,9.733386721904342,9.188955806584628,11.817014293772687,0.8088445129557434,0.6297138811001247,0.31655110806172254,0.5833333333333334
2023-06-09,1.0,4.0,0,3.958732217065383,3.144098855724127,5.586288988795029,5.445471532502739,5.93102714113722,0.2717556750656877,0.3389825653336985,0.23267766512098312,0.21301775147928995
2023-06-10,1.0,8.0,1,5.382473989631437,5.600038746938618,4.468043556174396,4.395652970124951,4.692049600888231,0.1371070358989182,0.31855753202801684,0.2268886592329416,0.21301775147928995
2023-06-11,1.0,8.0,1,5.492152638707697,4.324222594702724,5.382632019577038,5.143054262286659,5.897752703948482,0.26785459492712027,0.3511112336933239,0.2360807444730951,0.21301775147928995
2023-06-12,1.0,10.0,1,5.2083258413578255,5.977103115963959,8.31465096299235,7.654096176929403,10.078858547793734,0.7010617251353635,0.24765935447985374,0.2058887487053569,0.21301775147928995
2023-06-13,1.0,4.0,0,4.805568370305132,3.9797209827071676,6.37821393817777,6.183327043827623,6.881454313316329,0.3845521737582392,0.35894616544658164,0.23826811443230686,0.21301775147928995
2023-06-14,1.0,6.0,0,5.445005843639033,5.582654407716337,8.604854995539633,7.883087408153361,10.110094631785579,0.7033900709605454,0.3033088026756636,0.2225072200329617,0.21301775147928995
2023-06-15,1.0,5.0,0,5.4134922432935495,5.935580246737707,4.629293986375695,4.495444100670057,4.923144529101071,0.15993717256335205,0.35847554906459855,0.23813694232730023,0.21301775147928995
2023-06-16,1.0,12.0,1,5.9827521586295145,4.366001671745029,4.097073260712545,4.119619759983711,4.111653765076005,0.08666633075151345,0.3210729333089881,0.2276061378234063,0.21301775147928995
2023-06-17,1.0,7.0,0,5.745314506026588,6.1102033612039035,4.473554505735224,4.381507565703403,4.483671891437338,0.11778080630534152,0.3984199933932364,0.24920117132380964,0.21301775147928995
2023-06-18,1.0,2.0,0,5.3491685179338635,2.348951849600641,4.520207605491129,4.542560104116803,4.582826789943361,0.12681872199760943,0.28186824641973873,0.21623757190232515,0.21301775147928995
2023-06-19,1.0,7.0,0,5.84445755747658,3.379556327571689,4.9992024760675875,5.0149820854645935,5.01807203150613,0.16969732501247128,0.1845740173718404,0.185092258407928,0.125
2023-06-20,1.0,8.0,1,5.0388006516363735,3.3340151625345626,4.6236163235160825,4.673797883624769,4.375216966150079,0.10824134309999381,0.2810139579459166,0.21598471579753808,0.21301775147928995
2023-06-21,1.0,4.0,0,8.251915243404818,8.387766847814074,6.174770313242915,6.077261480927411,6.448271498123021,0.3330957598102629,0.5143816315164799,0.2815162884539937,0.5833333333333334
2023-06-22,1.0,3.0,0,7.846100889343412,7.504819262200084,9.523507766630853,8.839113726651496,9.990889065024946,0.694422159884421,0.7285753434095359,0.35242449160299844,0.5833333333333334
2023-06-23,1.0,5.0,0,7.8340847261986335,7.1261993957843295,8.250443292742617,8.074886778129263,7.802304360874736,0.489878118623095,0.7114168792348131,0.3455904898607313,0.5833333333333334
2023-06-24,1.0,3.0,0,6.869063769681972,5.516100056461316,6.676857350100061,6.76583696224364,6.181496117138715,0.3013409984602148,0.5428483214259566,0.28975457777126673,0.5833333333333334
2023-06-25,1.0,4.0,0,7.484648461184989,7.654809884662321,7.112224051152508,7.669397455753174,6.004036101703229,0.2803427494011648,0.7234315380926675,0.35034208420230895,0.5833333333333334
2023-06-26,1.0,4.0,0,5.6349937697426835,4.619211126906563,4.8328065887160045,5.673511534354054,3.7338548806397065,0.06003325062696898,0.39753169819413975,0.24895614954484646,0.21301775147928995
2023-06-27,1.0,5.0,0,6.432950836779794,5.783430989589839,3.58445663825265,4.270295253501887,2.5912031202881574,0.011840623878172186,0.3548735947206819,0.23713210146700703,0.21301775147928995
2023-06-28,1.0,11.0,1,6.364673300273861,5.281784486656045,3.4613861698940926,4.150326622680441,2.246504306475297,0.0057327780904775395,0.29983130965897387,0.22149963310760598,0.21301775147928995
2023-06-29,1.0,7.0,0,5.338135672468082,5.676986872930085,3.0106798350119366,3.590283777665855,2.1056987405518255,0.004063722582349379,0.35032421764685645,0.235860579915254,0.21301775147928995
2023-06-30,1.0,8.0,1,4.536151520924297,3.632981282762547,3.5223499706876207,3.995613793119593,2.7525704071816977,0.0158614964122294,0.39296521378282506,0.24769613188078882,0.21301775147928995
2023-07-01,1.0,5.0,0,5.370853108724269,4.347972721838392,5.265259682458361,5.5962076651579675,4.488346817189489,0.1182002488272677,0.3854689478693259,0.24562574107195914,0.21301775147928995
2023-07-02,1.0,5.0,0,4.82175193596677,4.368715734627759,5.674834864293902,5.919876516079321,4.351024664223129,0.1061644569950377,0.5062379045765826,0.2791930764113122,0.4444444444444444
2023-07-03,2.0,7.0,0,6.316431494557111,7.491919009373851,7.74763549489328,7.509455822142672,6.284487273031649,0.31236440999172105,0.4237615849790201,0.33527242996158424,0.36666666666666664
2023-07-04,2.0,7.0,0,5.4233532460861555,6.543233897204388,7.071126256808618,6.9639861146346815,5.464405237091665,0.21546769079434103,0.3588270639947991,0.3236278467548755,0.31500000000000006
2023-07-05,2.0,6.0,0,6.409652450909364,6.056616974189486,5.794580625714177,5.858898384615857,4.67022406474891,0.1320174473880282,0.36650409317254146,0.325032779716893,0.31500000000000006
2023-07-06,2.0,4.0,0,6.211593945816193,4.668518037005001,5.36429723783491,5.489677763229892,4.339751086655404,0.10230846893177818,0.46002010039521346,0.3416291048925219,0.36666666666666664
2023-07-07,2.0,11.0,1,7.059403056374607,7.544677541510286,7.29097613381113,7.289558028309804,6.07224925267734,0.28674745508669985,0.3499957413656001,0.3219991477747895,0.31500000000000006
2023-07-08,2.0,7.0,0,8.193009241204749,7.788963333935965,6.664741440755924,6.918531773077138,5.702631793372339,0.2428962710528494,0.4340811370873931,0.3370872267879826,0.36666666666666664
2023-07-09,2.0,6.0,0,4.8472740292092515,4.725254713551769,4.3340957540522425,4.58524552555859,3.560609149201251,0.04750554866388513,0.3328496645219763,0.31879378520991736,0.31500000000000006
2023-07-10,2.0,7.0,0,5.969217176885237,5.868764840380408,5.266773632492539,5.2276454302666036,4.649141509514705,0.1300204103831812,0.35071730998938455,0.32213275413566067,0.31500000000000006
2023-07-11,2.0,5.0,0,6.073224269025615,7.170084618409352,4.884522267404164,5.078637841537397,4.226267502808861,0.0929392736764459,0.38074723411593026,0.32761549157905034,0.31500000000000006
2023-07-12,2.0,7.0,0,5.714311502301563,6.307277706711249,4.920861863478071,5.074622617939155,4.391119818654989,0.10669439014082162,0.3677089488552289,0.32525241438621644,0.31500000000000006
2023-07-13,2.0,4.0,0,5.1198550639698075,5.21300121450884,5.16709668566858,5.189242712729022,4.658988058263249,0.13095147876688343,0.4048430924687954,0.3319265074606343,0.31500000000000006
2023-07-14,2.0,4.0,0,5.142989010189857,5.993327805411221,5.013985511372969,5.078667116934583,4.565329698669175,0.122213876454942,0.36244474265615134,0.32429110284536355,0.31500000000000006
2023-07-15,2.0,3.0,0,5.468907338885862,5.769034703960835,4.71063668281444,4.8134701018738495,4.182574277602111,0.08945216462488653,0.38138796051216484,0.3277310100002611,0.31500000000000006
2023-07-16,2.0,10.0,1,5.1346176964064645,4.187504541644907,4.888049951738115,4.949350045875211,4.227508717318324,0.0930393209870004,0.32530272206365984,0.31736263242198115,0.31500000000000006
2023-07-17,2.0,2.0,0,6.878429505978115,5.822521767549862,4.892384604975548,4.897724008828,4.50331155995716,0.11657721693743286,0.36187184531735583,0.3241862147801029,0.31500000000000006
2023-07-18,2.0,3.0,0,6.477461185164695,4.8994490550734415,5.2037839420821905,5.2962738552823465,4.616349495400579,0.1269406078219791,0.4056080620799911,0.332062372728245,0.31500000000000006
2023-07-19,2.0,6.0,0,5.746933863790106,6.155641388900233,4.547344780133155,5.011449629352532,3.6685845184555674,0.05372741222983217,0.32787216112245454,0.31785138188725304,0.31500000000000006
2023-07-20,2.0,8.0,1,6.936783153246455,6.853058121561328,7.508378265965827,7.503396803629275,6.510961354421596,0.33984771042292317,0.6097927425958403,0.3684349039832412,0.4642857142857143
2023-07-21,2.0,6.0,0,5.738840046103242,5.035046930909143,5.925681515014206,5.930889047552921,5.327339343130217,0.20009100832969828,0.351146026614946,0.3222120896049356,0.31500000000000006
2023-07-22,2.0,0.0,0,5.327333201002938,4.992451982086838,4.6377977823828385,4.7744452799388855,4.205313336559606,0.09125849143553814,0.2715285200758803,0.30669910807004586,0.31283091580515254
2023-07-23,2.0,0.0,0,5.687040942070095,6.35395260790022,4.759069450180534,4.8171739751027856,4.68358934513199,0.13329027421357986,0.36877683511318515,0.3254468931658207,0.31500000000000006
2023-07-24,2.0,6.0,0,6.104401886425862,5.896930499070117,5.657496025667559,5.648574863458364,5.7957865528897035,0.2538233958566825,0.26340582851601124,0.3050001169694356,0.2972972972972973
2023-07-25,2.0,5.0,0,5.645549285221074,5.185443915694208,5.419524516350572,5.5383650837554095,5.3539788232871945,0.20305346209338357,0.3141964967458158,0.31523113848155443,0.31500000000000006
2023-07-26,2.0,3.0,0,5.896801129996879,5.603370014169481,5.8875150841309605,5.912611943669093,5.922120238162404,0.2687880240784725,0.3473407736349385,0.32150670139115234,0.31500000000000006
2023-07-27,2.0,1.0,0,5.024498467978991,3.948623151703882,4.404969251508705,4.521640366079965,4.3290280243183235,0.10140418347427008,0.283099126684078,0.3090740434448896,0.31500000000000006
2023-07-28,2.0,2.0,0,4.685432117011524,4.657860557187995,4.82503201385493,4.884027551685975,4.561068581995519,0.12182273618594322,0.351525495024394,0.3222822829958599,0.31500000000000006
2023-07-29,2.0,1.0,0,2.8230396448776722,2.8577666697504918,4.702994198200637,4.784617842311734,4.364457821805545,0.10440686301451162,0.2313179619196226,0.2979866409365786,0.27848101265822783
2023-07-30,2.0,0.0,0,4.613442972634791,3.7302760589967052,5.804991083338485,5.747903683619621,5.2243742490348035,0.18876830226503863,0.3032947147041514,0.31310655267214277,0.31500000000000006
2023-07-31,2.0,0.0,0,3.8748285041875494,2.31076077122768,5.293585069514621,5.42563125347598,4.811231974112571,0.14570484748979665,0.19168803835144463,0.28845899214170084,0.27848101265822783
2023-08-01,2.0,4.0,0,4.433694370839076,4.213017936756101,4.773009021249121,4.974889802222819,4.265794453569661,0.09615188862927651,0.3277292041876283,0.31782423044347224,0.31500000000000006
2023-08-02,2.0,6.0,0,4.875565993992636,5.92535776013846,5.33348276749124,5.396202790554416,4.9017494775773685,0.1547805520113292,0.25480806398331785,0.30317060745588736,0.2972972972972973
2023-08-03,2.0,5.0,0,4.028295901831269,3.2665008335334744,4.7809695440814,4.92439808529212,4.394735274094442,0.10700641796620153,0.3349682089661322,0.3191931892711453,0.31500000000000006
2023-08-04,2.0,1.0,0,4.450780232776192,3.6800826477260555,4.977062179662038,5.209369488847173,4.446577275222689,0.11152819495927589,0.2631232614209408,0.3049405122003578,0.2972972972972973
2023-08-05,2.0,2.0,0,6.669782384053244,7.043084833677532,5.5133647896336555,5.765117352215268,5.248223817603202,0.19137234282589766,0.3044204416798941,0.31332752229160893,0.31500000000000006
2023-08-06,2.0,3.0,0,4.6047659259318925,3.9308195235801744,5.375251141579491,5.430139330439485,5.1435006860283226,0.18002604784494847,0.33921194485907974,0.31999030161707576,0.31500000000000006
2023-08-07,2.0,2.0,0,5.6192279363147515,5.348815534438422,5.201804412830672,5.114967050467068,5.147346201251979,0.18043857587530063,0.2472042297713145,0.30152380030419135,0.27848101265822783
2023-08-08,2.0,0.0,0,4.450162353780768,4.759704534392194,4.86148812062236,4.823640277734354,4.820491167313461,0.14662312753807413,0.3128887200234028,0.31497803081366427,0.31500000000000006
2023-08-09,2.0,2.0,0,5.51154893300496,5.988837257000685,6.1801877389261834,6.257006602806771,5.862926350833835,0.26175720520834517,0.2925165214140895,0.31097114251487923,0.31500000000000006
2023-08-10,2.0,4.0,0,6.351199719895624,6.008690190509054,6.437862580052342,6.367394137285787,6.230879292568923,0.30587550028783633,0.34131970579267223,0.32038478707951334,0.31500000000000006
2023-08-11,2.0,7.0,0,5.944730683939879,4.932214742054534,5.021478927640443,5.1960000196729474,4.427555083904896,0.10985874564948972,0.375569357635651,0.32667993686234587,0.31500000000000006
2023-08-12,2.0,4.0,0,4.848258888709431,4.663375873865398,5.674583609246361,5.7286447755207375,5.1541469441706,0.18116891407254407,0.37828128291268187,0.327170390305074,0.31500000000000006
2023-08-13,2.0,3.0,0,5.581071925477643,5.174535157222271,5.906023910937495,5.920934639433127,5.37039682015864,0.20488569202948362,0.3369186632085348,0.31956003021577306,0.31500000000000006
2023-08-14,2.0,1.0,0,4.844097817503976,5.735002793539456,5.156898483958907,5.339403401064943,4.606670659281037,0.12603778715259073,0.3293983212294391,0.3181409422410253,0.31500000000000006
2023-08-15,2.0,4.0,0,5.629886678079495,5.087384000541362,6.334597561827507,6.4816069941607015,5.553025538228983,0.22557541478822354,0.291490661212537,0.31076595518844713,0.31500000000000006
2023-08-16,2.0,1.0,0,4.509376973136438,3.4957161906478817,6.074918862613193,6.151887574268246,5.364809210162488,0.2042615745650632,0.3264551428962805,0.31758203705945853,0.31500000000000006
2023-08-17,2.0,7.0,0,3.734920748867817,3.096450840211006,4.110400277685777,4.387535563781751,3.380347257446433,0.03812418822662335,0.2453752424472067,0.3011234196306115,0.27848101265822783
2023-08-18,2.0,4.0,0,5.9996444085363425,7.248009275043553,5.961448769778749,6.015306144947419,5.2565814764863195,0.192287592639065,0.44349673193480027,0.3387384329986854,0.36666666666666664
2023-08-19,2.0,6.0,0,7.88475782210978,7.714984655088189,8.43241689872457,8.405251942484039,7.35887125369089,0.441546769215359,0.5144638693100085,0.3511612577834775,0.36666666666666664
2023-08-20,2.0,3.0,0,5.5824028998097885,6.577857606590972,9.490619830113326,9.253614264254587,8.24831272265668,0.5411514626539492,0.42400767869523853,0.3353157811757943,0.36666666666666664
2023-08-21,2.0,4.0,0,5.590537245819998,5.642628584960761,7.818885445094187,7.872641435109048,6.544823076014864,0.343960206364219,0.2979992840884725,0.31206196443817935,0.31500000000000006
2023-08-22,2.0,3.0,0,6.220944459798485,8.008789045279089,7.247100368277814,7.2216355294072345,6.400614138086218,0.3264477447976174,0.33103951763653133,0.31845172438270597,0.31500000000000006
2023-08-23,2.0,5.0,0,5.46800223611007,5.342801241278442,5.30454974284579,5.476808639034677,4.636845256855535,0.12886176715565728,0.3062726247317321,0.3136902751737687,0.31500000000000006
2023-08-24,2.0,2.0,0,5.552733287810512,6.116164511871089,6.592820078092995,6.686761349455097,5.949112283575723,0.2720042529193386,0.41742922012384504,0.33415553994542435,0.31500000000000006
2023-08-25,2.0,5.0,0,6.124622139060887,5.950437381854341,6.966772912930919,6.938117003849794,6.660370950380535,0.3579853619273109,0.5072775683792388,0.34989749891827,0.36666666666666664
2023-08-26,2.0,6.0,0,5.790879073696986,5.180996083884976,5.903165964153924,5.935335992253687,5.614978055110715,0.23271117500604915,0.43788358603692346,0.3377545190067099,0.36666666666666664
2023-08-27,2.0,2.0,0,5.656729027603753,6.04117828120128,5.677019002028291,5.756303704066839,5.086548796948978,0.17395487035877388,0.4197514734771428,0.3345654565077627,0.31500000000000006
2023-08-28,2.0,3.0,0,6.553057671501663,6.74319049261108,8.374096593117422,8.18777663613248,7.462407629084112,0.45362088553794133,0.31946858311934984,0.31624688479267227,0.31500000000000006
2023-08-29,2.0,5.0,0,5.84468669173199,6.461119293685799,7.222708611819511,7.082857362042172,6.653572870346986,0.3571607872978491,0.3282494547006688,0.3179230171370941,0.31500000000000006
2023-08-30,2.0,3.0,0,6.455879327923904,6.290573546360527,7.373243594709264,7.396423975887062,6.427444244735519,0.3297050163093349,0.4160095665489482,0.3339047534768653,0.31500000000000006
2023-08-31,2.0,9.0,1,6.672781706994602,7.27818825094039,6.058431189475969,5.988739616258163,5.799612129541002,0.25427421233905634,0.44023627130828835,0.33816706923697887,0.36666666666666664
2023-09-01,2.0,3.0,0,6.191791798409984,6.690562400384505,6.487355259084547,6.512324622091481,6.007354283625586,0.2789639415089148,0.36529080998496616,0.3248113789465993,0.31500000000000006
2023-09-02,2.0,2.0,0,6.071550122618148,6.69977971737407,6.45071591684882,6.375980640183537,5.923239800919809,0.2689213027077774,0.403180849676481,0.3316310911689045,0.31500000000000006
2023-09-03,2.0,4.0,0,5.4602570921686295,6.816663660023519,5.670618633687833,5.662999714514428,5.594100209277605,0.23030035431212204,0.40074356236926023,0.331197455906883,0.31500000000000006
2023-09-04,2.0,4.0,0,3.734933343956476,4.284433876556458,4.146049458642758,4.266416045812546,3.9020557071811988,0.06871964836830241,0.2944320697401413,0.31135335287942784,0.31500000000000006
2023-09-05,2.0,7.0,0,5.911663933377393,6.49311174621291,6.7179355868713495,6.771351680844229,6.353674508964599,0.3207516449243898,0.339261362548973,0.31999956119924855,0.31500000000000006
2023-09-06,2.0,3.0,0,5.185844636487694,5.074473219622877,4.794326547628535,4.938631190433217,4.398470037522155,0.10732919990844217,0.30316418559252434,0.31308090662191634,0.31500000000000006
2023-09-07,2.0,5.0,0,6.882022337354845,6.40436220731293,5.440616652842477,5.38650771517079,5.25446349176539,0.19205551957260086,0.3455858900921185,0.3211804564868124,0.31500000000000006
2023-09-08,2.0,6.0,0,5.3585046734648225,6.264448982002246,5.040906377268504,5.026962363026669,5.278758265530222,0.19472289101965995,0.3886355291877901,0.32903407291919673,0.31500000000000006
2023-09-09,2.0,1.0,0,6.365812517099479,6.575540955283265,6.571522938525915,6.565855732781772,6.425290486246692,0.32944351214473366,0.4094526043437141,0.3327444019382695,0.31500000000000006
2023-09-10,2.0,3.0,0,6.1467078355523235,5.7772479079050525,7.862551066909437,7.549289188699985,7.710479984273955,0.4820881410813611,0.3642262270226042,0.32461692054113706,0.31500000000000006
2023-09-11,2.0,4.0,0,4.590672289808085,4.477302900861406,5.168502192671152,5.237372796050948,5.321426131883043,0.19943521363722597,0.2880569494209708,0.3100765897666888,0.31500000000000006
2023-09-12,2.0,1.0,0,5.924771449459765,6.831912114896004,4.67492833596091,4.733943584787552,4.8952282250460515,0.15411946528888285,0.4166344736023909,0.33401516386840674,0.31500000000000006
2023-09-13,2.0,1.0,0,5.661763466411385,5.985417765313099,5.456225007655895,5.503275075794305,5.585033945759455,0.2292553508800095,0.2946687708916501,0.31140049891445576,0.31500000000000006
2023-09-14,2.0,7.0,0,6.482883410257325,7.938209040346422,6.756160444969022,6.748019431097384,7.058822101371143,0.40602259436181815,0.401017508162113,0.3312462244420642,0.31500000000000006
2023-09-15,2.0,3.0,0,4.657889842982246,4.59172177078258,5.703732545480891,5.699403845370908,5.848980138100388,0.26010548602566613,0.292421015632358,0.3109520546585689,0.31500000000000006
2023-09-16,2.0,7.0,0,4.799319409094968,4.372461417325477,4.62641604995065,4.716861196501294,4.783938349481028,0.1430116947303706,0.2862915193796121,0.3097205835501075,0.31500000000000006
2023-09-17,2.0,7.0,0,4.9051409833802495,5.4404419723871955,4.325842610836222,4.386836013949171,4.5604095791687245,0.12176229481318482,0.39597018668739503,0.33034646792287675,0.31500000000000006
2023-09-18,2.0,0.0,0,6.703301549954941,9.365662258994112,6.226541890583888,6.168889013004661,6.558652124597299,0.3456395765880509,0.4292752216657618,0.3362428068099506,0.36666666666666664
2023-09-19,2.0,2.0,0,5.521931103360122,6.873909656553719,6.051096527859701,6.01469628140972,5.796094109942021,0.25385963346017293,0.3464164324618628,0.3213349350719328,0.31500000000000006
2023-09-20,2.0,3.0,0,4.3738761608518795,4.3446646423613675,6.28485103087377,6.262011784378776,6.871384744831432,0.3835136579820992,0.3348073863033321,0.31916290466047803,0.31500000000000006
2023-09-21,2.0,7.0,0,5.879586607838575,6.115633512610761,6.432021843424248,6.488596725556381,6.408448955894436,0.32739882970012035,0.4498581756755625,0.339852155129206,0.36666666666666664
2023-09-22,2.0,6.0,0,5.285324243003569,5.2483460641503195,5.110179074797869,5.291458749518539,4.947641972219346,0.15946375243427535,0.3505802955190886,0.32210739190709964,0.31500000000000006
2023-09-23,2.0,4.0,0,4.0312782215820855,4.587108438559541,4.45544694604919,4.597356765283491,4.218143548343869,0.09228578966154359,0.3466012143921672,0.32136928561088224,0.31500000000000006
2023-09-24,2.0,7.0,0,5.541477948683353,5.874445158584918,4.467330729725375,4.658426636994714,4.17463140852714,0.08882554998109152,0.35225235883000067,0.32241666257372825,0.31500000000000006
2023-09-25,2.0,0.0,0,4.787751483297918,5.240482998552003,4.405507832466121,4.564767080058477,4.266083603620835,0.09617559109657173,0.3088933782922763,0.31420185541023854,0.31500000000000006
2023-09-26,2.0,5.0,0,4.774874721526349,5.1813200451273485,4.991603282431067,5.087252461045981,4.798816316441584,0.1444772077205419,0.2540998314682815,0.3030183962004366,0.2972972972972973
2023-09-27,2.0,20.0,1,4.422174911618763,4.100758938202873,4.543875489927464,4.715497260948937,4.311836494874822,0.099962598901354,0.24636305418740417,0.3013398708903887,0.27848101265822783
2023-09-28,2.0,4.0,0,4.244350649699861,4.1775351023838825,4.8265903018909295,5.087000175635491,4.323575974795314,0.10094591072668942,0.35703445163918845,0.3232983699772526,0.31500000000000006
2023-09-29,2.0,1.0,0,4.571327772337289,3.334264101316297,4.37222108033854,4.6717652838235875,3.8207763571462454,0.06326299123083415,0.27912629543724543,0.30826430316000364,0.31500000000000006
2023-09-30,2.0,2.0,0,3.5951691102824874,2.6013054442663055,4.802194525087574,5.064744246287229,4.262281566165761,0.09586415978457548,0.2889389388760117,0.31025404361914266,0.31500000000000006
2023-10-01,2.0,8.0,1,5.604117907152191,5.702401450714091,4.0361109891338565,4.3103455314187,3.6135217150257577,0.05049803927229133,0.2781562877346493,0.30806570875288825,0.31500000000000006
2023-10-02,2.0,2.0,0,4.825969971109502,5.283574737294655,3.9030362457743304,4.0964154911023165,3.5233839206741036,0.045465314230314594,0.20517324656899208,0.2918305229113099,0.27848101265822783
2023-10-03,2.0,4.0,0,5.214619781582454,2.9785332188190603,4.290979770530435,4.53033378529894,3.694220657440532,0.05527101982236978,0.1856804369228148,0.286906624178078,0.27848101265822783
2023-10-04,2.0,6.0,0,5.407748420841383,4.655338923114658,4.371605272040415,4.549538529628448,3.906874639081319,0.0690510556682038,0.25670193217533155,0.3035764814879892,0.2972972972972973
2023-10-05,2.0,6.0,0,5.2639870130725335,5.1509805775021,4.244116307796867,4.421497429425848,3.850939321457334,0.06525857606007793,0.2773189305327265,0.30789398721638456,0.31500000000000006
2023-10-06,2.0,3.0,0,4.462554851294188,2.9726713425654383,4.3515372519827125,4.590265590241655,3.805074359397414,0.06223792907684602,0.18205218259507375,0.28595272430650126,0.27848101265822783
2023-10-07,2.0,2.0,0,4.984027353483676,3.8288657401291513,4.681229719470115,4.943176257934334,4.037926897205289,0.07839861727667442,0.1809155575204184,0.2856512575677548,0.27848101265822783
2023-10-08,2.0,1.0,0,5.352042446660547,5.594386499379671,5.179822388382487,5.383140744536256,4.58028197866759,0.12359084265496918,0.3167809891236061,0.31572999236708754,0.31500000000000006
2023-10-09,2.0,3.0,0,4.851211100837084,5.836121661869441,5.108807744015241,5.299010376952104,4.44797504705068,0.11165133518250223,0.3389788611828734,0.31994662089192827,0.31500000000000006
2023-10-10,2.0,2.0,0,6.387215671965311,8.369762934483857,5.613498820246563,5.796494365421156,5.065973834807753,0.17177957268030317,0.329890483978325,0.3182342050290052,0.31500000000000006
2023-10-11,2.0,4.0,0,5.603442654292201,6.385562296059508,5.536341752012634,5.600502044123837,5.511412003612411,0.2208139298596924,0.2945944661291567,0.3113857008783561,0.31500000000000006
2023-10-12,2.0,3.0,0,5.592633399573547,3.9730811780021917,6.16779349564126,6.177205416394009,6.33287414439807,0.3182288775837629,0.3211468337109185,0.3165687132814673,0.31500000000000006
2023-10-13,2.0,0.0,0,5.91632738729765,4.820398822766014,5.773761414008546,5.800221597569749,5.790301569339418,0.2531773032663491,0.3553911964031818,0.32299585234771927,0.31500000000000006
2023-10-14,2.0,2.0,0,5.507044128505823,5.433713640832271,5.936012083176663,5.968160439583064,5.938125679128535,0.27069441066566263,0.3930036803543977,0.3298163943238941,0.31500000000000006
2023-10-15,2.0,0.0,0,5.932139660772922,5.457119570342643,6.341742394648722,6.372087180469352,6.139315977516907,0.2948189687514664,0.3529807534662073,0.32255122774441664,0.31500000000000006
2023-10-16,2.0,3.0,0,7.087600802375581,6.297802660656318,6.690772138374546,6.734336229967469,6.552554174377287,0.3448990704980637,0.37710395466065827,0.3269575943891881,0.31500000000000006
2023-10-17,2.0,2.0,0,5.978238184034943,6.249690416386073,6.183046877009201,6.182230671988468,6.1501654617470765,0.2961270268340709,0.38209171468463127,0.327857830193145,0.31500000000000006
2023-10-18,2.0,1.0,0,6.062025164846972,7.162627730287334,6.707231831588608,6.783641522104407,6.699345135899679,0.3627107793912869,0.33359140307228263,0.31893373703748523,0.31500000000000006
2023-10-19,2.0,4.0,0,5.627914896326291,6.226270574043739,6.091020006374144,6.032176135340896,6.085267293191032,0.28831213691635094,0.3675288762611985,0.32521960305548986,0.31500000000000006
2023-10-20,2.0,11.0,1,5.719796288194346,5.5432857971327545,6.011296534809979,6.003966486909047,5.760714354497211,0.2496977953014534,0.3967787738178772,0.33049078707197216,0.31500000000000006
2023-10-21,2.0,2.0,0,6.511328402697089,4.991389341870945,6.206357580615454,6.195670198271098,6.280740654928387,0.31191059629574175,0.351490094792799,0.3222757358539367,0.31500000000000006
2023-10-22,2.0,2.0,0,6.595550858839528,4.565825141732583,6.33475289066231,6.353445689784404,6.227304327018457,0.30544313813576024,0.4298558904462546,0.3363448985297953,0.36666666666666664
2023-10-23,2.0,3.0,0,8.040963381250084,8.554764007303838,6.592721634463977,6.514197332225646,6.790330152788463,0.37372590290333046,0.4606263237466876,0.34173505377824503,0.36666666666666664
2023-10-24,2.0,3.0,0,6.163083668620601,6.307033365484337,7.0163173737119395,6.941677327452086,7.075792683695432,0.40805014284870006,0.4576070469084235,0.34120732735795095,0.36666666666666664
2023-10-25,2.0,3.0,0,6.834875199009109,5.372023045814321,6.903673988419483,6.842062166906792,6.983855014205287,0.3970439043555242,0.5218839090597789,0.3524694271036511,0.36666666666666664
2023-10-26,2.0,8.0,1,7.3665435008425435,7.979652906597289,6.828653042260824,6.788749802434943,7.0345399184864865,0.40311820556554573,0.6152582924221199,0.36946982387254956,0.4642857142857143
2023-10-27,2.0,5.0,0,8.643628711171354,9.35716084878922,6.802315401459591,6.79237580109738,7.155090267186599,0.41749753501778586,0.4957223100923147,0.3478707316906471,0.36666666666666664
2023-10-28,2.0,7.0,0,8.810115411780728,10.819383028051337,10.374584831587832,9.766590550943608,11.178038537736565,0.7822746568211116,0.6124862495818079,0.3689441075090865,0.4642857142857143
2023-10-29,2.0,1.0,0,6.934171482908637,5.987109607770811,7.509539218419522,7.155266750674715,8.498386722393235,0.5671997829095032,0.3841520455315834,0.3282287467986858,0.31500000000000006
2023-10-30,2.0,5.0,0,6.735931682138057,5.969827604201421,6.019783255564898,5.969444128388065,6.823210899498566,0.37769966008633243,0.37742490238364396,0.3270156228262542,0.31500000000000006
2023-10-31,2.0,4.0,0,4.933701150500795,3.9670404427512764,6.9665017442235335,6.875593054006314,7.767951676686642,0.4885814923778445,0.3598207172410373,0.3238102397917175,0.31500000000000006
2023-11-01,2.0,6.0,0,6.077669561145798,6.310819510859985,7.33036270472301,7.242047560885592,8.084297933287765,0.5235610627257754,0.2924298495408395,0.31095382033656443,0.31500000000000006
2023-11-02,2.0,4.0,0,6.399222959849328,6.625695643076612,7.917072342600207,7.744111633174157,8.811846836048003,0.5984645739684663,0.3663725224061289,0.32500878179831333,0.31500000000000006
2023-11-03,2.0,3.0,0,5.546730865936492,6.834078283217745,7.445695087430919,7.365298743952528,8.01485292194419,0.5159976605746249,0.39187347840962283,0.3296141877812542,0.31500000000000006
2023-11-04,2.0,7.0,0,4.949664527643523,4.97216563599368,6.918740481499811,6.856961526543732,7.490983069455033,0.45693432044536303,0.3479232444464484,0.32161485431664266,0.31500000000000006
2023-11-05,2.0,3.0,0,5.684513777580647,6.889730500251702,6.071127164476728,6.1110420477203515,6.2969793763821444,0.3138778342306519,0.3090920574513326,0.3142405583018589,0.31500000000000006
2023-11-06,2.0,2.0,0,5.737006142483331,5.24303795458722,7.120689726997424,6.9829684888862475,7.521296576833632,0.4604399480299273,0.2944323110310728,0.3113534009489018,0.31500000000000006
2023-11-07,2.0,9.0,1,6.265513456249993,5.436008836328753,6.720480585547634,6.691133710629682,6.843893829435484,0.38019705981498997,0.31590613812312585,0.31556132904613604,0.31500000000000006
2023-11-08,2.0,7.0,0,5.8614626168162,6.931766938624759,7.748495318712314,7.610290985818413,8.03569391344966,0.5182745479351692,0.36103878904911857,0.3240335990260306,0.31500000000000006
2023-11-09,2.0,5.0,0,5.423722214683011,5.2728821713911636,6.732158362992639,6.705721253487156,6.792812487963186,0.3740260449462709,0.30914349456670565,0.31425057648129373,0.31500000000000006
2023-11-10,2.0,4.0,0,5.1466797751280415,5.435076565741239,5.884528066410539,6.027887942031345,5.888289765003733,0.2647658621697653,0.28627796388576504,0.3097178458333763,0.31500000000000006
2023-11-11,2.0,7.0,0,7.790383409815075,8.25336093099735,6.549563902606343,6.805076607774556,6.37996232535672,0.3239411994885721,0.4814245173688309,0.3453692002072164,0.36666666666666664
2023-11-12,2.0,4.0,0,4.935673078471298,4.120886566178005,6.573397142100256,6.567662721339881,6.748712215410997,0.3686906233312856,0.21663463335243852,0.2945858691889444,0.27848101265822783
2023-11-13,2.0,5.0,0,3.867618103956128,2.9661564683176396,6.425011018132309,6.444853469993609,6.743126466321164,0.3680143789469371,0.26350543557959655,0.30502111987038305,0.2972972972972973
2023-11-14,2.0,6.0,0,5.678087500255167,4.955749044236115,6.460001320838252,6.466998392941363,6.622551083798207,0.35339688862438506,0.29572533971640586,0.3116107252376835,0.31500000000000006
2023-11-15,2.0,4.0,0,5.634958630180842,6.77543238852095,6.045545727594731,6.080121119829106,6.3843801903541175,0.3244773478087112,0.264150384228215,0.30515700859266665,0.2972972972972973
2023-11-16,2.0,4.0,0,4.794324080213196,5.051554220289938,6.872985347027641,6.926185597418584,7.009682417654347,0.40014112721702777,0.24094516056143522,0.300146474419665,0.27848101265822783
2023-11-17,2.0,3.0,0,6.577084059842507,5.877776191160865,6.477439739416439,6.5512986438032454,6.436070888725624,0.33075248774793464,0.4318386714822293,0.33669336721866866,0.36666666666666664
2023-11-18,2.0,5.0,0,5.252907464517091,5.413792803134862,4.371678420578156,4.459571438834996,4.455009036160678,0.11227197947384063,0.32396581000024083,0.3171077001669498,0.31500000000000006
2023-11-19,2.0,8.0,1,5.156730904985383,4.904157586714771,6.193795649544118,6.08870455416878,6.6041062689691925,0.35115821387630636,0.20985579223863823,0.2929676879493007,0.27848101265822783
2023-11-20,2.0,4.0,0,5.363045539264964,3.757820230052107,6.290097965750999,6.280594923417816,6.26441850876074,0.30993407151232183,0.14614750433387974,0.2757150765230357,0.14285714285714285
2023-11-21,2.0,0.0,0,5.455427541550922,5.921360196704809,6.440188699097187,6.338245045969491,6.699784671178165,0.3627640500201821,0.2880853274486418,0.3100823035048999,0.31500000000000006
2023-11-22,2.0,7.0,0,5.77996417204804,6.265124510597512,7.157157880832763,7.151189256260553,7.221081038280595,0.4253235869893778,0.3203654813749218,0.3164189668549255,0.31500000000000006
2023-11-23,2.0,3.0,0,4.98630051951169,5.5067156190953765,6.775929269693448,6.784857463273272,6.738993237900067,0.36751392335160027,0.34422227435535857,0.3209265320147799,0.31500000000000006
2023-11-24,2.0,9.0,1,5.1997863368204325,6.492953875712406,6.136062359298123,6.1701509342133,6.21410351630992,0.30384704441827143,0.3030020290612015,0.31304903939394907,0.31500000000000006
2023-11-25,2.0,6.0,0,5.430499331130363,4.774192816387706,6.567140023530501,6.51996411492431,6.395020886236838,0.3257688194305362,0.3068532762861061,0.31380379069715947,0.31500000000000006
2023-11-26,2.0,4.0,0,5.758570558866934,7.06254079041531,5.725488265861596,5.754258202449592,5.645580616876708,0.23625570256513373,0.2779451380257897,0.3080224321162135,0.31500000000000006
2023-11-27,2.0,1.0,0,5.309185900260877,4.618442654535543,6.091902115982745,6.121642314587959,5.942431686407983,0.27120766144271746,0.1968653447552969,0.2897711622374619,0.27848101265822783
2023-11-28,2.0,5.0,0,5.575025633376313,5.580369553662303,5.617390236817958,5.778843696762124,5.067822299655228,0.17197460379498616,0.31035192611520923,0.3144857229340479,0.31500000000000006
2023-11-29,2.0,3.0,0,6.191833044981304,8.068388241821847,6.61083130117687,6.6877314252005,6.2000785766067175,0.3021520834695447,0.4075900322234908,0.3324141410646877,0.31500000000000006
2023-11-30,2.0,8.0,1,6.146416837532922,6.282425480851658,6.722947395654519,6.849369849432954,6.104109072180345,0.29057859315357326,0.3602640250217549,0.3238915585160081,0.31500000000000006
2023-12-01,2.0,5.0,0,5.057473191320364,5.038684102465228,5.611165819508695,5.830484725910016,5.163412396208614,0.18216555102515053,0.25956367602480124,0.3041866567946849,0.2972972972972973
2023-12-02,2.0,6.0,0,6.319408133454436,6.008511322345736,6.818018353519712,6.821436100584476,6.453352201101701,0.33285102179192094,0.41800713004906676,0.3342575870058415,0.31500000000000006
2023-12-03,2.0,3.0,0,6.572682273782285,5.836136185952061,7.3482768211509155,7.441069271050168,6.961864530944571,0.39440373978932314,0.39948307690268514,0.3309729649372073,0.31500000000000006
2023-12-04,2.0,6.0,0,4.58886945136088,3.127429689563124,6.486931506872735,6.614306184307831,6.02500324214806,0.2810779198349527,0.3224369894339026,0.3168156357479296,0.31500000000000006
2023-12-05,2.0,3.0,0,5.158228783231382,4.89323631123142,5.75900129252247,5.873068659236874,5.491462769654869,0.2185407489887442,0.2530703689654958,0.30279672470607155,0.2972972972972973
2023-12-06,2.0,2.0,0,5.857539624375455,5.868673289582212,6.169853635761626,6.192616558304365,5.808214341046778,0.25528848676063265,0.34144997573305275,0.3204091379437775,0.31500000000000006
2023-12-07,2.0,3.0,0,6.172202628305515,6.557742572523778,6.744822207407809,6.771979030892236,6.309373740882941,0.31537985664654516,0.431656226796058,0.3366613118197977,0.36666666666666664
2023-12-08,2.0,3.0,0,5.892491994634563,5.069366051238797,7.795930003591098,7.7074319438351,7.384122097923971,0.4445010891478622,0.4165583595079405,0.3340017173749307,0.31500000000000006
2023-12-09,2.0,6.0,0,7.330752439249939,8.929289509523581,6.919059204586752,6.94572201909104,6.607986617437449,0.3516292185748835,0.4776866344525162,0.3447159154999608,0.36666666666666664
2023-12-10,2.0,1.0,0,7.03108609169502,8.130042720612302,7.606429738695296,7.55870354856047,7.283572095214857,0.4327018282934141,0.5184450246896514,0.35186269113538254,0.36666666666666664
2023-12-11,2.0,7.0,0,5.500802367016269,4.311485631332733,6.830147520951248,6.961864249848312,6.504194425191852,0.3390258337922173,0.2879184864343294,0.3100487071342126,0.31500000000000006
2023-12-12,2.0,13.0,1,5.764830770919729,5.699641625559878,7.098344771244869,7.11755760960132,6.944218627403885,0.39228322567285395,0.3708984772349729,0.3258327633852551,0.31500000000000006
2023-12-13,2.0,2.0,0,6.731260260277626,9.57725274838345,7.184172088616358,7.143481403794565,7.1418490995672625,0.4159231739582834,0.4754876098093959,0.344331657757773,0.36666666666666664
2023-12-14,2.0,3.0,0,6.488524584642991,7.769937522812772,6.895586324333841,6.886735349918569,6.94739403416502,0.39266494093764726,0.3721260943419475,0.3260557274122828,0.31500000000000006
2023-12-15,2.0,0.0,0,5.199929868389282,4.8405786775287645,5.876180616944584,5.918096209118855,5.979663923577555,0.27565179479997887,0.30733362932964586,0.31389762454714604,0.31500000000000006
2023-12-16,2.0,0.0,0,7.883327151830823,7.606887730452808,7.82285496835527,7.729182253304158,7.847737076325093,0.49752783000029493,0.35708349767472647,0.3233073919006281,0.31500000000000006
2023-12-17,2.0,9.0,1,5.2566514595206,4.78427272480366,6.3648664646580935,6.420788839698869,6.427158239653491,0.3296702899915048,0.2948573811182637,0.31143805323354795,0.31500000000000006
2023-12-18,2.0,2.0,0,6.466745094106444,8.043011725350462,6.7527789504483655,6.733463225730582,6.879637139743277,0.384508589949127,0.4785306907798966,0.3448634189652562,0.36666666666666664
2023-12-19,2.0,3.0,0,5.0217280114566885,4.719696732888019,6.641593663335853,6.650959071156536,6.795645127376655,0.3743685149911163,0.3622528676817943,0.32425597971750164,0.31500000000000006
2023-12-20,2.0,3.0,0,5.662426007851576,5.779329583046001,5.699971253741401,5.800950056991239,5.687637901605697,0.241147044716279,0.36739663689957425,0.32519550430255406,0.31500000000000006
2023-12-21,2.0,5.0,0,6.094476479499928,5.932158609319508,7.128402299220738,7.078210270159128,7.077012936260044,0.4081958571250832,0.4338627992557007,0.3370488897688046,0.36666666666666664
2023-12-22,2.0,3.0,0,5.990450085444997,7.745577909794143,7.614172999275185,7.548119329831314,7.531466225244005,0.4616138333660263,0.4892924456751915,0.34674511507552,0.36666666666666664
2023-12-23,2.0,6.0,0,5.74968987569643,5.906281112459856,6.9246808994065825,6.946285493051506,6.772842633695645,0.3716108398540848,0.4697362070416966,0.34332679784727227,0.36666666666666664
2023-12-24,2.0,1.0,0,6.05397000416097,6.397325720262782,6.443830137619761,6.584310243692471,6.22181624713693,0.3047794973075374,0.4775188739187989,0.3446865993645314,0.36666666666666664
2023-12-25,2.0,9.0,1,8.305907618568911,9.023512412039516,7.108403755265855,7.139997167233495,7.115005681436745,0.4127275490402664,0.5122139229160861,0.3507652758074199,0.36666666666666664
2023-12-26,2.0,2.0,0,5.921254098632555,6.732380401690616,6.76421510493466,6.791916194489905,6.706522496438966,0.36358059590697944,0.45232666637291347,0.34028400723221025,0.36666666666666664
2023-12-27,2.0,3.0,0,5.260548207193312,5.721121881188976,6.019259665999961,6.082011458989866,5.860783325327488,0.26150327386165606,0.3575536367536115,0.32339385182730884,0.31500000000000006
2023-12-28,2.0,3.0,0,5.659418166006195,4.6622398882218405,5.956027199425962,5.977003319206074,5.91123109620911,0.26749228990846824,0.2217343796334074,0.2957825453598219,0.27848101265822783
2023-12-29,2.0,8.0,1,5.576787759870449,4.109599739065076,6.400470678901965,6.363709088888375,6.281656747554308,0.3120215551655401,0.3257623146062483,0.31745017068789116,0.31500000000000006
2023-12-30,2.0,5.0,0,5.569302827687737,6.232888891959561,7.366455311575016,7.352600510076351,7.299657992592218,0.43459563306206883,0.37537491030129017,0.32664473165923663,0.31500000000000006
2023-12-31,2.0,5.0,0,5.639466726427353,5.982070293534771,5.920189619354545,5.918868957201497,5.911534225668172,0.26752834625957544,0.3932750432396977,0.3298649231340209,0.31500000000000006
2024-01-01,2.0,6.0,0,5.573079488575727,4.409958627593965,6.625792699431856,6.60730766488284,6.654803041659285,0.3573100081107323,0.3899454658547738,0.3292689089981543,0.31500000000000006
2024-01-02,2.0,8.0,1,6.536235060553807,7.832240856067711,7.401811810545383,7.37540787455169,7.2619667563376655,0.4301546627499074,0.5711356775495858,0.3612803263609857,0.36666666666666664
2024-01-03,2.0,3.0,0,6.7490860223523566,7.313145839412557,7.381549541627287,7.354054492427477,7.384044862796418,0.4444920619971001,0.5228418874664966,0.35263859466565856,0.36666666666666664
2024-01-04,2.0,3.0,0,8.155852911060105,7.482662256591547,6.845247902931953,6.832449494263334,6.760301792177228,0.3700934109909524,0.4900114355830536,0.3468709210621138,0.36666666666666664
2024-01-05,2.0,3.0,0,6.471065923090807,5.0045519000469305,6.641482206387441,6.679412170932928,6.5289546267405845,0.3420330400834039,0.4367609266090071,0.3375575728907545,0.36666666666666664
2024-01-06,2.0,0.0,0,6.078514066469697,6.009978160820238,6.6344114928693125,6.62339241101846,6.637958531651579,0.3552665019192087,0.45451736316341224,0.34066713840135154,0.36666666666666664
2024-01-07,2.0,2.0,0,6.445487609476986,6.2256300516737,6.578756189005101,6.627884998013189,6.527763604166084,0.3418883901966826,0.5959877944254507,0.3658487094490747,0.4632881047455625
2024-01-08,2.0,9.0,1,6.6352019286142365,7.460669993589323,6.980386601514635,6.941969076623215,6.980083445238457,0.3965912886872488,0.5731997285926207,0.3616559727315194,0.36666666666666664
2024-01-09,2.0,15.0,1,6.137480223299534,7.138759390539202,7.704373790195996,7.719507583622694,7.715804650178791,0.4826914285876224,0.5154837666627107,0.3513408564032459,0.36666666666666664
2024-01-10,2.0,7.0,0,5.227501569176869,4.460199279371563,6.999162779222636,7.095106749647713,6.84720001260397,0.38059610448616865,0.5144212790970908,0.3511537592563694,0.36666666666666664
2024-01-11,2.0,8.0,1,6.634371531971602,7.350495129634731,6.854079554915249,6.902897296368791,6.931774183981346,0.39078675999414947,0.6255726872436757,0.371441507427603,0.4642857142857143
2024-01-12,2.0,3.0,0,5.628323207544455,4.270948149238007,7.711337609299406,7.629770868131693,7.597833468144067,0.4692469138003856,0.5178955822133375,0.35176582510226545,0.36666666666666664
2024-01-13,2.0,6.0,0,5.910019940752364,6.519588312591904,7.593806428005769,7.5727024831894045,7.512893611451666,0.45946915651168496,0.5396009223617226,0.35560993420257,0.36666666666666664
2024-01-14,2.0,8.0,1,7.971430133890186,10.25015607712122,7.950548519692921,7.834870514213567,8.071589418281214,0.5221819915398414,0.6102034806718881,0.36851245189989285,0.4642857142857143
2024-01-15,2.0,5.0,0,7.000933187524507,7.261470587889458,7.9088314801639115,7.884508157302182,7.856951310193375,0.4985558012408434,0.6733192144186033,0.38095186480681126,0.4642857142857143
2024-01-16,2.0,5.0,0,7.3714507746733675,9.45212712752907,7.653747139138943,7.569040520550119,7.6633658362149895,0.4767353410921555,0.6063467918545996,0.3677857157704515,0.4642857142857143
2024-01-17,2.0,6.0,0,7.848026869435837,10.66246076570883,8.249791431469239,8.064617162625227,8.632359606187206,0.5807551621138534,0.607862673796484,0.3680709865854865,0.4642857142857143
2024-01-18,2.0,8.0,1,8.120631599011853,9.148884618694995,7.990916634397877,8.035632708013521,8.056315001251788,0.5205214783997738,0.5956872798518528,0.365792828405692,0.4610178042100003
2024-01-19,2.0,4.0,0,7.5769639989719,9.972891850214088,9.114748475267177,8.924268470530562,9.344806061220682,0.6479141738275862,0.598240986572648,0.3662682383307434,0.4642857142857143
2024-01-20,2.0,11.0,1,6.668244859871782,6.1045024353171895,7.862791885914593,7.757223418124398,7.954499291559498,0.5093704140152316,0.5578765441250169,0.3588813917817512,0.36666666666666664
2024-01-21,2.0,13.0,1,6.395580592095023,6.3766669991061224,7.022188901740644,7.012425116269242,7.114919977359167,0.4127173378728509,0.5744748140574896,0.3618883473187006,0.36666666666666664
2024-01-22,2.0,3.0,0,6.463434426843254,6.370636613943218,6.949492987243602,6.896488542166665,7.053024871835257,0.4053295364894574,0.5240402240786429,0.3528503005877026,0.36666666666666664
2024-01-23,2.0,7.0,0,5.9785616640491686,5.362417791483047,6.147741101063036,6.09424765390071,6.31925722108766,0.31657789035907313,0.4893246439809329,0.34675074871066086,0.36666666666666664
2024-01-24,2.0,3.0,0,6.887906880102284,5.225739492008379,7.2454810281246225,7.174058409304334,7.255669876733368,0.42941153590763026,0.5198421965627461,0.35210910170720694,0.36666666666666664
2024-01-25,2.0,4.0,0,7.621551901804141,7.809492468913807,6.673853422370881,6.764471552420243,6.698926252039969,0.3626600112061347,0.5316996554781244,0.3542060899812349,0.36666666666666664
2024-01-26,2.0,3.0,0,5.7856352253363506,4.103223842669307,6.815955855551417,6.756762635151448,6.914841624725019,0.388749287854773,0.5133450361212915,0.35096430987215593,0.36666666666666664
2024-01-27,2.0,4.0,0,8.268039372269872,8.46847884459196,7.4398151079196015,7.263369227042447,7.514091486059782,0.45960759251012917,0.5914254126095124,0.3650021309067872,0.4288206319832523
2024-01-28,2.0,2.0,0,7.063396184111859,7.0217222361817955,7.0187669769494425,6.958117904816834,7.275618174443748,0.4317645691379383,0.5252250724739033,0.35305972850007095,0.36666666666666664
2024-01-29,2.0,1.0,0,7.155770981945214,5.441062600169101,7.2781154892833735,7.191374234694839,7.560246921240245,0.46492993374413394,0.5332206240129248,0.35447588991364276,0.36666666666666664
2024-01-30,2.0,5.0,0,7.747393510025644,7.883704420908764,8.457950383311099,8.248115953453786,8.987581592601913,0.61529303934016,0.6030313216951929,0.3671634387436198,0.4642857142857143
2024-01-31,2.0,2.0,0,9.614710283912999,10.388735606527526,9.689331219070379,9.479146175964983,9.95657158248324,0.698797626839992,0.6147032213805184,0.36936441764442995,0.4642857142857143
2024-02-01,2.0,3.0,0,9.705759272462108,11.259403667478423,9.783290651412043,9.582108971743196,10.083936421297746,0.7086067192625333,0.5895201060623344,0.3646497083824148,0.4144265930430449
2024-02-02,2.0,5.0,0,9.55282397871433,8.418635878732312,9.45355386832984,9.171008226320078,9.808690506005881,0.68707184640825,0.5559677641119002,0.3585379271110138,0.36666666666666664
2024-02-03,2.0,5.0,0,8.266263376817284,7.772289536476655,8.996011690651478,8.800021953289923,9.313372768038885,0.6451297640684397,0.489439880536489,0.34677091150946066,0.36666666666666664
2024-02-04,2.0,4.0,0,7.80229316132984,8.984040279623535,8.721572069591158,8.462886085893995,9.271158268077455,0.6413641545556216,0.6018304766121734,0.36693860322391025,0.4642857142857143
2024-02-05,2.0,6.0,0,7.986168179797869,9.1143385402283,8.268051894040518,7.946744137429862,9.006114479142884,0.6170379543118097,0.6105101952216667,0.36857038371139766,0.4642857142857143
2024-02-06,2.0,11.0,1,9.221273954781717,9.471185738000301,7.764295369511243,7.5694176162296065,8.069458245897835,0.5219505038153799,0.5829353503844151,0.36343659382837123,0.36666666666666664
2024-02-07,2.0,8.0,1,6.44244179605394,8.143001283656627,8.406349796070211,8.273097400077617,8.26035125849024,0.5424271053318706,0.49788219966375524,0.348249151682004,0.36666666666666664
2024-02-08,2.0,7.0,0,8.642375313841976,7.917556902046108,8.518026874975801,8.172926549165298,9.30822591098827,0.6446722616050454,0.6054766050948596,0.3676221731705342,0.4642857142857143
2024-02-09,2.0,11.0,1,7.481180168175977,7.26600815135342,7.818238460238246,7.757464763097008,8.284042298820477,0.5449311903823453,0.5511547339209482,0.3576738118581414,0.36666666666666664
2024-02-10,2.0,3.0,0,7.133507996111168,7.849131822386262,7.841385949960825,7.564141602395433,8.514757443488378,0.5688713779735588,0.6300371255724447,0.372302936322952,0.4642857142857143
2024-02-11,2.0,1.0,0,6.582559936906615,5.970227680596041,8.844419199020045,8.513417593039641,9.403791665824821,0.6530942708810741,0.4908719108065876,0.34702150225101963,0.36666666666666664
2024-02-12,2.0,1.0,0,7.293522489616083,6.269439273558251,8.610838063038075,8.441445295437815,8.922581241471429,0.6091280206736037,0.5702910622171036,0.3611267902330152,0.36666666666666664
2024-02-13,2.0,3.0,0,9.148134369355951,9.829107659116847,8.506506711673625,8.280812691809052,8.774822342012758,0.594854312894167,0.5749925627895152,0.36198277289885694,0.36666666666666664
2024-02-14,2.0,3.0,0,7.410299223293848,8.72546615035397,8.32744628869756,8.067816178064422,9.066818467517484,0.6227133108468722,0.6032967836382581,0.3672131805530396,0.4642857142857143
2024-02-15,2.0,4.0,0,5.59463456435787,5.417367752317606,6.578141531688647,6.351355021724401,7.214580071141227,0.4245541541650773,0.517576671477206,0.3517096106395239,0.36666666666666664
2024-02-16,2.0,7.0,0,6.978260313526358,4.83787715264093,8.286006407789104,7.9060944424800095,9.087642189646138,0.6246459987036109,0.5270161760096783,0.35337651833803085,0.36666666666666664
2024-02-17,2.0,2.0,0,7.418545540159688,6.308193933039331,9.311966172239355,9.013566542639861,9.682486649680722,0.6767765857248939,0.515771239207906,0.3513914904680999,0.36666666666666664
2024-02-18,2.0,4.0,0,7.353954257658708,7.351698853440733,9.72485504302715,9.357153607750538,10.128636499520432,0.7119861948893279,0.5106299995269152,0.3504866876687344,0.36666666666666664
2024-02-19,2.0,4.0,0,6.870142093073381,7.857425226316888,9.282287805047986,8.928266660291865,10.361432793132261,0.7290620552539469,0.487112646324981,0.3463637838984281,0.36666666666666664
2024-02-20,2.0,2.0,0,7.066811932861236,7.323599193880262,6.875451926481455,6.658321342918976,7.486335718532415,0.456396018803464,0.5561647246585928,0.35857334743328295,0.36666666666666664
2024-02-21,2.0,4.0,0,6.3245480651617925,7.210509477155673,7.201555815388183,6.969099710538494,7.808241865554046,0.4931092854312618,0.4422116326123544,0.33851328035210465,0.36666666666666664
2024-02-22,2.0,3.0,0,5.876464005750757,4.899340613699565,7.34234703697778,7.1110524618761,8.067137348259283,0.5216983356194039,0.4707803774861627,0.34350922327290395,0.36666666666666664
2024-02-23,2.0,1.0,0,7.241903193578167,7.898457331895688,8.343955943686327,8.031348837467492,8.926274122439926,0.6094801514742321,0.4916134651789931,0.3471512895030497,0.36666666666666664
2024-02-24,2.0,4.0,0,7.879186661505146,6.68239385560385,7.894542842406976,7.678415438636702,8.475686165627348,0.5648749144736771,0.4681953903876839,0.34305760360934,0.36666666666666664
2024-02-25,2.0,2.0,0,7.021607166376763,6.495760941346405,8.202804513799725,8.043778320904124,8.903714003360513,0.6073254356177628,0.5038011845560681,0.3492871296721,0.36666666666666664
2024-02-26,2.0,4.0,0,7.212737164462686,8.844345433989695,8.68940231903995,8.456340460709766,9.08867586547232,0.6247417471867968,0.568392460126538,0.3607820314705329,0.36666666666666664
2024-02-27,2.0,3.0,0,7.349888991009812,10.60114831384331,8.36533901567698,8.17190698697641,8.81720740893681,0.5989854258496191,0.5728584687565444,0.3615938219032875,0.36666666666666664
2024-02-28,2.0,7.0,0,9.085433185207636,8.390835580096176,8.507719456338112,8.363829514467866,8.832943877636884,0.6005117154189998,0.5552056655483932,0.358400919644421,0.36666666666666664
2024-02-29,2.0,4.0,0,5.522321715061399,5.418792966953993,8.199275865327115,8.021787562620979,8.587454257313262,0.5762433540288497,0.4805590802845164,0.34521792727620704,0.36666666666666664
2024-03-01,2.0,7.0,0,6.891791568372149,8.88994534929536,8.776815251036417,8.581517176618082,9.043306578902211,0.6205224224848698,0.5939663116563171,0.36547313736208836,0.448016388108172
2024-03-02,2.0,5.0,0,7.395905060821085,8.61933593297459,9.276604157623263,8.945809345403639,9.90927378712213,0.6950867829242345,0.5779183024055864,0.36251713223695764,0.36666666666666664
2024-03-03,2.0,0.0,0,6.141463732801502,4.800174917215355,8.722239280648804,8.526967095674499,9.350588504667648,0.6484245786236481,0.5633947058271659,0.3598769113149182,0.36666666666666664
2024-03-04,2.0,10.0,1,6.7956489109739,7.994210764995238,7.886001821258367,7.718764193072451,8.403583254281132,0.5574374037324917,0.5852852431786705,0.36386866899041703,0.382433430922135
2024-03-05,2.0,2.0,0,6.850251063183872,8.593292739584687,8.549266953880458,8.400546673347982,8.940210695713803,0.6108070253824559,0.6350506945903216,0.3732764347945758,0.4642857142857143
2024-03-06,2.0,3.0,0,6.811674498753871,7.765883793340105,7.844481261942496,7.731206252354258,8.232701853081691,0.5394940881066823,0.6175125884797624,0.3698986250086175,0.4642857142857143
2024-03-07,2.0,8.0,1,5.897460432899868,5.634968241170236,7.190466946491504,7.126091551964022,7.6652445626013845,0.4769492919770511,0.51712423294144,0.3516298705740361,0.36666666666666664
2024-03-08,2.0,12.0,1,8.008063089305702,8.248165561026688,7.678871980331251,7.432810015852678,8.434489726768017,0.5606353002960308,0.5216398218281099,0.35242633471381335,0.36666666666666664
2024-03-09,2.0,4.0,0,6.431403581435998,7.323888596907591,7.412210108851301,7.198517715002149,7.868014534348825,0.4997886019114938,0.4690973288169589,0.3432151804884299,0.36666666666666664
2024-03-10,2.0,2.0,0,6.959380010053799,10.224287564812885,7.326804657287168,7.122176525307417,7.889076500494163,0.502131184833756,0.559998550795723,0.35926375626506696,0.36666666666666664
2024-03-11,2.0,7.0,0,6.7760414683041645,8.304734209937187,7.120858402722351,6.921516103769644,7.7968643602298515,0.4918327481078276,0.36508905530420277,0.3247745400164851,0.31500000000000006
2024-03-12,2.0,0.0,0,6.714904488312375,8.45092424544303,7.993875609490216,7.669768402399237,8.528965847721926,0.570318770125057,0.44747964857604244,0.3394358852677362,0.36666666666666664
2024-03-13,2.0,3.0,0,5.472720569316233,6.340548407024906,6.633964692470387,6.577967684549087,6.91100852361487,0.38828785230363694,0.4080326659319287,0.3324926537640163,0.31500000000000006
2024-03-14,3.0,3.0,0,4.991612414190263,5.121517179788695,6.85715143419936,6.813067623410502,6.945772597169759,0.3897021264361674,0.4290838115384933,0.24441338798882856,0.23828125
2024-03-15,3.0,8.0,1,5.057776432025749,5.425552649028906,6.486042434221996,6.445119113193481,6.713517231578531,0.3649962561039392,0.44079699081749124,0.24575419978868676,0.23828125
2024-03-16,3.0,12.0,1,5.246723144565543,5.197918251666213,6.486399622964495,6.42455303493976,6.686172981791381,0.36206659237356387,0.44425780088448297,0.2461497923748064,0.23828125
2024-03-17,3.0,17.0,1,4.633031154531438,3.0828995380435926,6.59628188827619,6.494067498922995,6.959765156764269,0.3911792411071263,0.3997777393066666,0.241037274907175,0.23828125
2024-03-18,3.0,5.0,0,5.146764746172264,3.693650596566672,6.153727036482172,6.117868927608155,6.3588020771397735,0.3267412180258656,0.46622417286565215,0.24865782803828135,0.23828125
2024-03-19,3.0,9.0,1,4.910618515512665,4.669816112318247,6.130722325868895,6.133109832376439,6.152923497158371,0.30438176597566885,0.4491154636295434,0.24670474204111772,0.23828125
2024-03-20,3.0,3.0,0,6.38061142227888,4.89699537200768,7.127018502530831,6.844786478836598,7.332231377076654,0.4299273885523337,0.44182825329643477,0.24587210179112656,0.23828125
2024-03-21,3.0,4.0,0,5.380469832437274,6.107196792766313,6.611267861146726,6.570085650323133,6.775642634519827,0.3716371602063126,0.40299403197807854,0.24140980789673994,0.23828125
2024-03-22,3.0,3.0,0,4.291816576196938,2.6993969060169336,7.430844930113466,7.217390006559892,7.675983276363331,0.4645463378475168,0.3943087082393097,0.24040239961229398,0.23828125
2024-03-23,3.0,4.0,0,6.019285276899442,5.755706733510224,7.790913522822656,7.52075541748359,7.909543155187806,0.48734580975312314,0.4055313596774857,0.24170329170023738,0.23828125
2024-03-24,3.0,1.0,0,4.160653203404717,3.7328232010245603,6.6735240243222265,6.54641137563816,6.992206041527952,0.39459839996926155,0.2920859177263782,0.22796905758910213,0.2094017094017094
2024-03-25,3.0,4.0,0,6.234679828123219,4.618000637877334,7.1383278846182,6.982501468004447,7.329906959910008,0.42968931369183794,0.3732160261339994,0.23793421849013965,0.23828125
2024-03-26,3.0,5.0,0,6.5518301610485725,6.166674483037701,7.518374610072135,7.4224490259139,7.532251319588275,0.45021801753407387,0.41276321154772405,0.24253796014859066,0.23828125
2024-03-27,3.0,2.0,0,4.900543309301176,4.410864665634622,6.422936124217201,6.4074664128439505,6.557939254435057,0.348278851520434,0.3231474669114611,0.231897765923569,0.2094017094017094
2024-03-28,3.0,5.0,0,6.229667163665433,5.607597658171927,6.535360280730142,6.4451977709494175,6.6204385619277515,0.35500832037769653,0.38883711674670096,0.23976529713411204,0.23828125
2024-03-29,3.0,3.0,0,4.886723841182973,4.466413739231721,7.024959291807617,6.917462540118032,7.123301238854303,0.40833383433644427,0.36447495410708547,0.23690054889027543,0.23828125
2024-03-30,3.0,2.0,0,5.3529582113339265,7.095048151039461,6.025183732891494,6.126757038705547,5.945226931758521,0.281819290555012,0.3783212604995032,0.23853478812434395,0.23828125
2024-03-31,3.0,3.0,0,4.15226451896471,4.472034956799496,6.728736247703211,6.760085225939324,6.774789764696714,0.37154614159971006,0.35276179712819655,0.2355035434332304,0.23828125
2024-04-01,3.0,3.0,0,4.965765261043707,4.212725697280002,6.1069514994638325,6.105388635335751,6.300389340160932,0.32040325669556896,0.34809347088967213,0.23494257606149924,0.23828125
2024-04-02,3.0,6.0,0,5.758011889268783,5.130756780228774,7.011493319444111,6.9384196227578725,7.056177329590875,0.4013177344498814,0.35499289950577895,0.2357707696727128,0.23828125
2024-04-03,3.0,6.0,0,5.263638264461024,4.922973576360646,6.0884961262747925,6.119561287112068,6.369508981177157,0.3279021701755461,0.265496681220067,0.22444757378067115,0.2094017094017094
2024-04-04,3.0,3.0,0,4.8938723338809975,4.666612173377359,5.842055398275369,5.7186304776779675,6.150172163695838,0.3040827086552337,0.26876845594162607,0.22489021136762455,0.2094017094017094
2024-04-05,3.0,8.0,1,4.36059361129425,3.704173821553224,5.999877938752823,5.818100224303499,6.451100834039166,0.33673943364459774,0.26845254619594,0.22484759476143476,0.2094017094017094
2024-04-06,3.0,8.0,1,4.589980005909418,3.7656365217878087,5.986350205473665,5.8691139910256105,6.34092914439173,0.32480267964035525,0.3592938690140731,0.23628438364531051,0.23828125
2024-04-07,3.0,4.0,0,4.54502209341071,3.4230279113031594,6.0798912552162285,6.026081768351615,6.202727835052393,0.3097948463938039,0.303023107367374,0.22937250409405666,0.2094017094017094
2024-04-08,3.0,2.0,0,4.483323227599368,4.571040783223818,6.967667351119906,6.78052829345013,7.174825806583857,0.4136943965226145,0.35099777462023873,0.2352918654622685,0.23828125
2024-04-09,3.0,5.0,0,4.3619243605018765,3.8132768539564883,5.3829215451698005,5.353748104312662,5.582735367932963,0.24273519908376284,0.2664124874889403,0.2245717584257567,0.2094017094017094
2024-04-10,3.0,4.0,0,4.021131114840676,4.405765546125003,6.013210087846031,5.880969668070867,6.319363751297629,0.32246276568233534,0.26341683686017364,0.22416470560153304,0.2094017094017094
2024-04-11,3.0,4.0,0,4.878290861725854,4.126320038417763,6.0617300832818675,5.922275263070667,6.311388123774641,0.32159715835098,0.30937734367538355,0.23017739748164998,0.2094017094017094
2024-04-12,3.0,4.0,0,3.95981063212262,3.1105029629540852,5.8819526130011175,5.69857688594549,6.206684378444223,0.3102248152756418,0.281172896758964,0.22654383623165325,0.2094017094017094
2024-04-13,3.0,1.0,0,3.438823905330588,3.786015662711221,5.4743112545969845,5.36305995432474,5.763025467015456,0.26210131576674756,0.2348501992790662,0.2201490133465877,0.2094017094017094
2024-04-14,3.0,3.0,0,4.611294368747252,3.7814594004926114,6.207367696070711,5.976231708960727,6.4429150411400125,0.33585368393021964,0.28766884991444946,0.22739533672207923,0.2094017094017094
2024-04-15,3.0,3.0,0,4.27665616423526,2.799073295503062,5.659792164110045,5.541742506966804,5.963763804919937,0.283830670528643,0.23717825190085354,0.22048624004339215,0.2094017094017094
2024-04-16,3.0,2.0,0,5.541348763242346,4.2820703902177515,7.597036980955908,7.33255524731262,7.916726798173572,0.48803718551789477,0.3118986102336125,0.2304947665871382,0.2094017094017094
2024-04-17,3.0,7.0,0,5.343658527212049,4.915329804579805,6.525784734844677,6.278270357638794,6.6759459742821425,0.3609698692790978,0.31078602465821215,0.23035485442936277,0.2094017094017094
2024-04-18,3.0,8.0,1,5.19956069046837,4.643797031185156,5.800923799184519,5.65630282956017,6.117765745459581,0.30056026936165864,0.2768442117983285,0.2259710440117499,0.2094017094017094
2024-04-19,3.0,8.0,1,4.772238644995505,3.7377143413483145,5.5626382419830245,5.47115111236732,5.832818704213913,0.2696411178073193,0.2351888934840041,0.22019819460422385,0.2094017094017094
2024-04-20,3.0,3.0,0,4.390849025829473,3.4135477522141775,5.182757847224467,5.224997002567013,5.296342978200232,0.2124602041495691,0.32560585801160485,0.23220171117597263,0.2094017094017094
2024-04-21,3.0,7.0,0,4.480441669708052,4.021576833698416,6.293483704001312,6.227875139988954,6.395117571596011,0.33067779304373707,0.2964859164566593,0.22853651639344233,0.2094017094017094
2024-04-22,3.0,6.0,0,5.31738756897727,4.522482058033017,7.056040407017212,6.904387709668063,7.222708300877001,0.4186557821669732,0.3269821252806391,0.23237146906383904,0.2094017094017094
2024-04-23,3.0,3.0,0,4.8217968962995545,4.4584495057744356,6.320848679941868,6.245061910466754,6.599334509560861,0.352737908182505,0.30070864115982227,0.2290774701088045,0.2094017094017094
2024-04-24,3.0,5.0,0,4.106795246586774,4.498436258040923,6.086057210481461,5.926653251455213,6.7258798351620195,0.3663194741942851,0.18647290984412596,0.21262211457528293,0.14285714285714285
2024-04-25,3.0,3.0,0,6.035649838990127,6.415921415721831,6.690984414071447,6.564867666300607,6.975550407217047,0.39284391102430166,0.36428672015619734,0.23687821000552156,0.23828125
2024-04-26,3.0,2.0,0,4.2561540260225454,4.371354248756585,5.445496123706756,5.461346875001309,5.752002557498167,0.26091236878139346,0.2273652599238674,0.21905134691803713,0.2094017094017094
2024-04-27,3.0,6.0,0,5.184611910821161,5.537483580199542,5.65404058284547,5.622741153841352,6.004435660185004,0.28824612480223627,0.3531720312638305,0.23555272004301733,0.23828125
2024-04-28,3.0,6.0,0,5.452394554771356,5.504220684284981,5.8514058032882765,5.815716787722072,6.2908662597611515,0.31936937508865476,0.2763277117433174,0.2259024004777192,0.2094017094017094
2024-04-29,3.0,10.0,1,7.038109077073247,6.8803852796997775,8.158866616705724,7.967664054595379,8.536299656201717,0.5453044720068438,0.4329561003892396,0.2448570316410518,0.23828125
2024-04-30,3.0,3.0,0,5.67159272301311,6.206425148757809,6.271115866959953,6.352871673399856,5.85066677659778,0.2715722050467138,0.24446437629035545,0.22152953412883167,0.2094017094017094
2024-05-01,3.0,5.0,0,5.347356846661572,5.418102387063437,5.6645707747463545,5.673867653015361,5.585039857767361,0.24298151047375213,0.3223305943556175,0.23179656620362482,0.2094017094017094
2024-05-02,3.0,4.0,0,5.21389001326782,4.642078171553998,5.57285798167634,5.58351974225778,5.424573938766267,0.2259257856660766,0.34638663530783276,0.23473683739979842,0.23828125
2024-05-03,3.0,3.0,0,4.961114216682517,4.819943772883636,6.811146935321933,6.659492782198027,6.65247347058662,0.3584507303570653,0.28232809248020396,0.22669595751390198,0.2094017094017094
2024-05-04,3.0,11.0,1,4.9124245238428506,5.3805649268381295,7.179060360476817,7.203276868665047,6.721443245781196,0.365844704175543,0.26216471456316354,0.22399384242526912,0.2094017094017094
2024-05-05,3.0,5.0,0,4.618326354647165,6.4125197395408815,5.522249648241871,5.616035916942069,5.214849868858318,0.20399342522549882,0.24577459069954488,0.22171526069719796,0.2094017094017094
2024-05-06,3.0,3.0,0,5.2455312454099685,4.5896922318657385,7.068246757551374,7.182796887861101,6.757460968852761,0.36969588928625513,0.3357707751656752,0.23344906286599248,0.23828125
2024-05-07,3.0,2.0,0,4.939030958462337,4.908100547482451,6.706495085721714,6.688979551627029,6.499869769550202,0.34201198329839905,0.25407550386802175,0.22287931278615783,0.2094017094017094
2024-05-08,3.0,1.0,0,4.7626570827203984,4.754174141503312,5.637951792421482,5.604162059894367,5.519129808051834,0.23595167561230265,0.24131443055017412,0.22108070446972608,0.2094017094017094
2024-05-09,3.0,3.0,0,4.482183610348021,4.368187551015123,5.526879339801653,5.503343874074204,5.58072404622464,0.242520251985349,0.19404214344315981,0.2138755909911902,0.2094017094017094
2024-05-10,3.0,2.0,0,4.744885395175958,3.835520669207073,4.6352254511891955,4.662435552248657,4.695878768996181,0.15230097144473725,0.2663868371794915,0.2245682832503586,0.2094017094017094
2024-05-11,3.0,5.0,0,4.478053576456756,5.025075125593661,5.064021601768892,5.055886505276969,4.854689004999805,0.16764592671612127,0.297762770334568,0.22870045773007097,0.2094017094017094
2024-05-12,3.0,6.0,0,5.406636675693522,4.574080872875259,5.208487435479893,5.161047840326392,5.133475567713187,0.1956189335332168,0.3335539858031811,0.23317828231999796,0.23828125
2024-05-13,3.0,9.0,1,4.769082115356543,4.607705168922682,4.4594185903034,4.533317858704741,4.504680835793785,0.13450413571413034,0.2974959032845631,0.22866622015014815,0.2094017094017094
2024-05-14,3.0,3.0,0,4.551899888430386,6.9685704469758845,4.304997450911148,4.36356553489543,4.278343688736149,0.11453390244220693,0.29118578709567877,0.22785247771160116,0.2094017094017094
2024-05-15,3.0,10.0,1,5.737691915977785,5.707220216054722,4.767873292180381,4.838064580601013,4.6645679556921715,0.149333372976608,0.3240265967996532,0.23200656365780942,0.2094017094017094
2024-05-16,3.0,0.0,0,5.119579543045351,5.655221163083172,5.128782385996975,5.163162464874697,4.934194739940072,0.17549873995704451,0.3262815694712637,0.23228509321528862,0.2094017094017094
2024-05-17,3.0,6.0,0,4.376671338920702,3.1551649390082597,4.654963664752071,4.673542748868586,4.663240029439522,0.14920795627624803,0.27587239952798137,0.22584183535277536,0.2094017094017094
2024-05-18,3.0,7.0,0,3.9878408908550216,2.2992211791687893,4.308742665047585,4.301924750031783,4.188459024881002,0.10696944685344499,0.31992050942613004,0.23149738115518173,0.2094017094017094
2024-05-19,3.0,6.0,0,4.320842322678706,5.301314139213016,4.273980904796791,4.3010685125930594,4.162789348944599,0.10484983387031667,0.339413654325997,0.23389260285418362,0.23828125
2024-05-20,3.0,5.0,0,4.83783735751969,4.306397455548362,5.38120445409902,5.448548640562485,5.26342188454753,0.20903071667824233,0.2829028069578805,0.22677152456752514,0.2094017094017094
2024-05-21,3.0,5.0,0,4.281246239932914,3.792182663279421,3.998175864402133,4.091626574574603,4.020656300840617,0.09345479501534895,0.24911021397952154,0.22218560331341725,0.2094017094017094
2024-05-22,3.0,2.0,0,5.25450188896319,4.669327646286311,4.3485564910309655,4.356829969815512,4.325347266100106,0.11857534403117446,0.3053390855470777,0.22966672389137716,0.2094017094017094
2024-05-23,3.0,5.0,0,5.137535103331494,5.132822120592333,4.199784215567871,4.2063852080860435,4.181181224223734,0.10636663339745529,0.4083401502722972,0.2420277779103968,0.23828125
2024-05-24,3.0,6.0,0,5.366036694769028,6.046301105110352,4.1765597071189084,4.194303964979115,4.106589642097763,0.10027421626267609,0.3670722649460138,0.23720843722794496,0.23828125
2024-05-25,3.0,8.0,1,4.7265006299650345,3.8114329418996733,4.352250095236879,4.463465703195274,4.281658394844371,0.11481700877877699,0.2572748321232028,0.22332237103314317,0.2094017094017094
2024-05-26,3.0,3.0,0,4.077483996844802,3.6131620733328167,4.342596727832225,4.4195760328214435,4.187462847639001,0.10688684753286472,0.24274468630177964,0.2212849082745445,0.2094017094017094
2024-05-27,3.0,10.0,1,4.049584560142482,3.990542630327295,4.5323752653546165,4.470389455378855,4.300708270395632,0.11644965045449776,0.3185839145667023,0.23133106079052027,0.2094017094017094
2024-05-28,3.0,4.0,0,3.069355872921209,2.6469654715474884,4.3731025198733455,4.38752964640863,4.318315573064231,0.11796709066515557,0.18921826825969668,0.21308055377922985,0.14285714285714285
2024-05-29,3.0,9.0,1,3.750638917507468,3.248342381075336,4.588130115393553,4.651213364748477,4.387850562183584,0.12403736760368368,0.26089336338803476,0.2238199114050426,0.2094017094017094
2024-05-30,3.0,5.0,0,3.3522780442267397,3.0329081898177743,5.759718130363436,5.715532818886983,5.690831205069741,0.2543249112905315,0.3106820826585048,0.23034177232511213,0.2094017094017094
2024-05-31,3.0,7.0,0,5.349364396137578,5.479340484240264,4.827081655951833,4.829959115446787,4.67745361132413,0.15055224398256933,0.261495615587053,0.22390236042207967,0.2094017094017094
2024-06-01,3.0,4.0,0,4.3657814629274005,4.207317424538335,3.981256752418398,4.067654570282438,3.9211850560730133,0.08583802696154892,0.17054424485677833,0.2098687492067176,0.14285714285714285
2024-06-02,3.0,5.0,0,4.6950615989013365,5.829796024611415,4.4864897111807,4.544547093235809,4.378493516923189,0.1232134135239811,0.23280583351123915,0.21985127254963177,0.2094017094017094
2024-06-03,3.0,5.0,0,4.941698875355494,5.065149360262381,4.518891071482315,4.629133885572659,4.4129356357880205,0.1262569780446117,0.24764480151628254,0.22197940759794885,0.2094017094017094
2024-06-04,3.0,13.0,1,4.403773700679144,3.824131878977664,4.783196003339548,4.911624676835966,4.489059603674158,0.1330858792952695,0.20459353479581885,0.21557097816791726,0.2094017094017094
2024-06-05,3.0,8.0,1,7.202380196602705,5.855636222076842,7.911134108695584,7.642524141030919,7.6036996824374,0.4573679112146274,0.556379610988831,0.2590765902385489,0.24390243902439024
2024-06-06,3.0,4.0,0,6.107616119656814,5.00231180217823,7.705343581027424,7.505102828498716,8.34229346044972,0.5278872774939483,0.3912117114794036,0.2400420389073586,0.23828125
2024-06-07,3.0,9.0,1,5.488760224812416,4.961356228744885,7.290005818286364,7.127458617468453,7.794375591856671,0.47618040733452477,0.4031293755178357,0.2414254714843606,0.23828125
2024-06-08,3.0,5.0,0,6.9314817966151425,6.667948664452689,8.19278192151601,7.7172609971775845,8.96318235665418,0.5819100972525755,0.3911836049001849,0.24003876555145717,0.23828125
2024-06-09,3.0,1.0,0,5.244467531997589,4.793906187729985,7.778791298380194,7.61401024179706,8.271886386243839,0.5214482400961021,0.38251188274389725,0.23902616442043575,0.23828125
2024-06-10,3.0,9.0,1,7.790229201954634,8.344077845071757,9.305932748354758,9.02033630163628,9.723010190151884,0.6411274652131401,0.41941781922172516,0.24330388348405851,0.23828125
2024-06-11,3.0,20.0,1,7.492150790278419,6.727770254219301,10.768714370757964,10.415439564144325,11.56008004915472,0.754448254245864,0.43954327488090966,0.24561083776590156,0.23828125
2024-06-12,3.0,20.0,1,6.917265504357904,8.003182679786626,11.027838814102962,10.289620109729285,11.793541936069984,0.7661223923107744,0.3475079455179441,0.23487203718571592,0.23828125
2024-06-13,3.0,20.0,1,3.993845321251968,4.120837272593044,9.054604122860416,8.79671850705187,8.943866549194851,0.580305430934795,0.35506057492237664,0.23577886677964438,0.23828125
2024-06-14,3.0,5.0,0,6.077951040459672,4.94409952050506,6.707563252298641,6.9362968660847715,6.6068020270882775,0.35354150785888144,0.354962963402415,0.23576718777143135,0.23828125
2024-06-15,3.0,6.0,0,6.447171423135212,5.314168163815026,5.745016097413048,5.843280954192616,5.882703018215252,0.27504101201627595,0.30357319710755076,0.22944247737352735,0.2094017094017094
2024-06-16,3.0,3.0,0,6.298606995930316,3.8836458665097586,5.809172289889927,5.8349459001481465,6.048891155907404,0.29307515736925166,0.2411287523724099,0.22105414390511935,0.2094017094017094
2024-06-17,3.0,5.0,0,6.6877857740246105,4.709607462197612,8.041608724860765,7.917666092565716,8.294833663085448,0.5235537107061186,0.3447388220310017,0.2345378795669557,0.23828125
2024-06-18,3.0,4.0,0,5.420582940708517,4.913467750936286,5.886425820680125,5.898510048023732,6.329760168658213,0.32359092517850624,0.27006975472287903,0.225065485478799,0.2094017094017094
2024-06-19,3.0,9.0,1,4.835439928701445,5.684732542567833,5.071513639700071,5.245037795504005,5.639932943997911,0.2488589239811391,0.3051857276117438,0.22964727213117048,0.2094017094017094
2024-06-20,3.0,5.0,0,7.512938652909432,5.069979762893868,8.109557788000735,7.885993758475508,8.902264161548887,0.5768325814813388,0.3866587303524375,0.23951107387607146,0.23828125
2024-06-21,3.0,18.0,1,6.573385568562146,5.669436529384735,6.88703998122459,6.768902548872922,7.655179074850019,0.4624860502933653,0.3383882746768049,0.2337679350611966,0.23828125
2024-06-22,3.0,3.0,0,5.200501685386672,4.564821543926837,5.355273259307948,5.40138791298018,6.361918970362361,0.3270792107957614,0.36703151873473155,0.23720361211397914,0.23828125
2024-06-23,3.0,5.0,0,5.214226772813565,5.936261392812721,5.050960518274604,5.004204974074506,6.303064315228531,0.3206936405647523,0.42432578741869825,0.24386764498242955,0.23828125
2024-06-24,3.0,10.0,1,6.725972982114015,4.678741420195881,4.972022122752107,4.875289477843443,6.428997735987179,0.3343472836396995,0.4042892056008371,0.24155965969446175,0.23828125
2024-06-25,3.0,3.0,0,6.134093697272971,4.563286939441139,4.502597580097554,4.536155644349977,5.701536715884116,0.25547640786373177,0.37797338598524904,0.2384939342458122,0.23828125
2024-06-26,3.0,4.0,0,7.385751896832388,5.17882825650671,5.5113289424376095,5.620173650442627,6.91671911679085,0.386630705683096,0.4137732987249178,0.2426543410586962,0.23828125
2024-06-27,3.0,11.0,1,6.8594549294554765,6.954719392071459,4.763954041614281,4.785173852706149,6.278850230853156,0.3180646394426515,0.2928716530898514,0.22807068349208004,0.2094017094017094
2024-06-28,3.0,2.0,0,5.1538349413486175,5.5089447613605405,3.8177206249146485,3.7835145116021507,4.951176824164689,0.17718973202320115,0.32843141055600306,0.2325499300762002,0.23828125
2024-06-29,3.0,10.0,1,6.012066967622659,7.183570555378794,3.8473254295759993,3.8077357367051783,4.746900721741512,0.15717873128464108,0.35287540133496137,0.23551716357021654,0.23828125
2024-06-30,3.0,4.0,0,4.205301282008072,3.852968942522195,4.258881261301217,4.096623731621104,5.542676021181045,0.23845944430885382,0.3123017970389517,0.23054541620065094,0.2094017094017094
2024-07-01,3.0,3.0,0,4.585640569775867,4.37678807521136,3.9114077224678208,3.948976690807672,4.661223330432838,0.14901755753078672,0.4208718492060821,0.24347099631342103,0.23828125
2024-07-02,3.0,3.0,0,4.988734487208237,3.7462265023017682,3.460747096999134,3.476039296686824,4.243950431283048,0.11161364975406558,0.2578211390619888,0.22339772714141232,0.2094017094017094
2024-07-03,3.0,7.0,0,5.0724479609438475,3.948767681516989,3.377366748843337,3.362211762080417,4.177782350860253,0.10608561256509282,0.3445335944657576,0.2345130770319287,0.23828125
2024-07-04,3.0,8.0,1,5.734748154229892,4.922286707623738,3.692897664996739,3.714684694456431,4.666828572183501,0.1495469615272156,0.3919674611727957,0.2401300352415208,0.23828125
2024-07-05,3.0,3.0,0,5.384599693806241,4.269475285528946,3.3490252975721426,3.3875620089821643,4.132045034075596,0.10233557344001579,0.3383222789681531,0.23375990644094533,0.23828125
2024-07-06,3.0,5.0,0,4.410745982199514,2.9649249537092888,3.5379671644755635,3.5037945904894854,4.13829352316622,0.10284440380874421,0.31298277402842667,0.23063089941536732,0.2094017094017094
2024-07-07,3.0,2.0,0,5.323874265188784,3.2239818970229033,3.4046932168654394,3.360232549659645,3.916941520221378,0.08551987284007997,0.3103332854409524,0.23029785905103353,0.2094017094017094
2024-07-08,3.0,5.0,0,5.684056869538857,3.483110537838616,3.347216456160805,3.285002071325624,3.785342325337589,0.07593719380962394,0.31983772951536,0.23148708866197432,0.2094017094017094
2024-07-09,3.0,11.0,1,4.638208121263572,3.1344057672045293,3.2838791816012654,3.24861681845933,3.581217729573566,0.062202411953194946,0.3431645532725945,0.2343474898437596,0.23828125
2024-07-10,3.0,10.0,1,4.729699825936982,2.888676771154196,2.8988257271985507,2.943629079411607,2.965517169141829,0.029665690331825062,0.3708039446373458,0.2376496810761097,0.23828125
2024-07-11,3.0,4.0,0,5.267689996743926,2.8694823508179312,3.798460743001511,3.803578639306759,3.6153898383477943,0.064403237666487,0.32706942068075867,0.23238222714499135,0.2094017094017094
2024-07-12,3.0,9.0,1,4.445449371412359,2.607522442872696,3.7905737815110117,3.76164397082664,3.7301215836514348,0.07208357480543084,0.2793831092099905,0.22630753854704028,0.2094017094017094
2024-07-13,3.0,5.0,0,5.95774429661381,3.6351567617163996,3.88283020806322,3.948645317685013,3.7834998743629997,0.07580699800706467,0.36387054022600895,0.23682880701492792,0.23828125
2024-07-14,3.0,5.0,0,3.696565817599951,3.5070301757972184,4.2154598218024715,4.263775115408543,3.9311677606578046,0.08658868336388793,0.3189111786614714,0.23137181067885054,0.2094017094017094
2024-07-15,3.0,5.0,0,4.0550162075766,2.5783665505885307,3.6197669773685948,3.698451072633804,3.3178731926886367,0.04661658898340344,0.305913750499525,0.22973957543228332,0.2094017094017094
2024-07-16,3.0,7.0,0,5.105236655221689,4.220486123905344,4.692232386298927,4.6989994324990425,4.102142602020964,0.09991601090430652,0.3502727677994161,0.23520476352433647,0.23828125
2024-07-17,3.0,13.0,1,4.380949440546176,2.663895114241228,4.238761210397592,4.284326822977786,3.9224204223704136,0.08593075277607497,0.28344660152590445,0.22684295689894976,0.2094017094017094
2024-07-18,3.0,4.0,0,4.858596025537425,3.639149572532211,4.422145503953231,4.482616944040447,4.165106636593824,0.10504042193522622,0.2729747985403756,0.22545520980400235,0.2094017094017094
2024-07-19,3.0,14.0,1,5.005949782649841,6.437947667973824,4.45908927860033,4.5821423844917915,4.0597621466976594,0.09653116199206724,0.2641102672444251,0.22425914554360316,0.2094017094017094
2024-07-20,3.0,4.0,0,3.5087079332977784,3.8370813073722125,4.8925905772999565,4.911560011997081,4.619110980586914,0.1450610429717275,0.2890436453902489,0.22757435159584444,0.2094017094017094
2024-07-21,3.0,3.0,0,4.331254389081817,2.6584190282990963,5.302263683434483,5.146038239964081,5.834175749437711,0.26978790555888327,0.3353904665825872,0.23340265591094222,0.23828125
2024-07-22,3.0,9.0,1,5.353379416669198,3.4190565488375158,5.248582036010184,5.132154664903235,5.344094796063711,0.21745542252023115,0.2902203439914302,0.22772724951599316,0.2094017094017094
2024-07-23,3.0,4.0,0,6.2579361724866285,4.8774768012557255,4.799805246566205,4.765146293654621,5.251715203075771,0.20781413232181592,0.3061915001305975,0.2297747647259562,0.2094017094017094
2024-07-24,3.0,2.0,0,5.814210216036193,7.408935962162996,5.236260672614263,5.2383744706318245,5.438406012360709,0.22738767875443672,0.31327677566025314,0.2306677810533622,0.2094017094017094
2024-07-25,3.0,1.0,0,4.923018344152078,5.647498017737128,5.3487870777592965,5.325874076342558,5.587166291887937,0.24320882259962281,0.25447751631588317,0.22293515150891283,0.2094017094017094
2024-07-26,3.0,2.0,0,4.160615004481713,4.432621863768912,5.100095861487822,5.099022587622297,5.397403598901068,0.22305923894912616,0.34350505229196493,0.23438869537508894,0.23828125
2024-07-27,3.0,5.0,0,4.919380594467072,3.972907758832118,4.972871311096538,5.010560733983121,5.000646265024545,0.18214182521541125,0.4009750794727767,0.241176028260218,0.23828125
2024-07-28,3.0,7.0,0,4.219909300117897,3.769340160118874,5.630841438841688,5.596750303911399,6.133354666573779,0.30225471163307477,0.4191123356851836,0.24326876357226512,0.23828125
2024-07-29,3.0,5.0,0,3.6840735484271545,3.027344601205221,5.245001711269485,5.289655379530591,5.187520445736972,0.20117155602252754,0.3430785473553584,0.23433707953542823,0.23828125
2024-07-30,3.0,5.0,0,3.5254593853795004,3.4042490298277324,5.177214244035811,5.215500330535043,5.495610995768298,0.23345107332589127,0.3846848135108328,0.23928041543569994,0.23828125
2024-07-31,3.0,20.0,1,8.038663995878206,11.201046249552128,7.950281309218115,7.811783628622814,8.212149302888337,0.5159363800452562,0.45741548122907255,0.24765238688314978,0.23828125
2024-08-01,3.0,20.0,1,6.80197397969464,6.066126335141987,13.845975415153237,12.480532832649983,15.099495337414643,0.8822086367345692,0.5144330953191933,0.2541823520647091,0.23828125
2024-08-02,3.0,20.0,1,5.960818870401468,5.809049585063015,9.588283610413798,9.182220716602798,10.560531666518955,0.6977741930782169,0.37494480467323854,0.23813783664317806,0.23828125
2024-08-03,3.0,5.0,0,5.854188852122011,6.89493105469451,8.017342023156358,7.782679853905728,9.054480648788621,0.5894280369352192,0.42536374130532634,0.2439867608651306,0.23828125
2024-08-04,3.0,12.0,1,7.346491675950539,6.956335171080208,8.822426660727865,8.49990531623139,10.14103925820949,0.6705014645988225,0.4490319513151665,0.24669520399487904,0.23828125
2024-08-05,3.0,9.0,1,7.187331696336757,8.614258225728628,13.291993779282164,12.746757149898823,15.805519707066875,0.8979789479476311,0.4561125049945553,0.24750365200069108,0.23828125
2024-08-06,3.0,11.0,1,5.392832671497242,4.711505593255757,8.00655465454574,7.783988149593405,9.487654162229589,0.6235967319321071,0.48445274575526903,0.2507401721464147,0.23828125
2024-08-07,3.0,5.0,0,6.774012584438377,5.881207735192297,7.397297733870075,7.293583791282309,8.799469740592308,0.5681538331715565,0.49551610762124687,0.2520069666152393,0.23828125
2024-08-08,3.0,0.0,0,5.466073194192562,6.823185040255775,7.88582088640511,7.635148323183155,9.254238228179267,0.6054927128150798,0.509994728854626,0.25367064936036376,0.23828125
2024-08-09,3.0,11.0,1,6.0496579906753345,6.109332879063168,7.679417239232982,7.358013994173436,8.733640219729843,0.5625230501099604,0.3831674184365504,0.23910290541425766,0.23828125
2024-08-10,3.0,6.0,0,5.626490461054597,4.95535348785972,8.0436295409897,7.786362442805272,8.770384726568146,0.565673028385988,0.3388060383122087,0.23381874425603688,0.23828125
2024-08-11,3.0,6.0,0,6.0894463255268025,9.579550285491758,8.01802134372657,7.7617207312350915,8.579156181025056,0.5490868248316352,0.42551291650279266,0.2440038772595239,0.23828125
2024-08-12,3.0,7.0,0,7.104338198694499,6.912982666136797,8.048395481380181,7.8751428299352435,8.721894921243141,0.5615124380292865,0.5119885631690676,0.2539004086124254,0.23828125
2024-08-13,3.0,7.0,0,6.32172651746939,7.839180474619934,7.82626148425372,7.552865940075014,8.482322832211674,0.5405069787204073,0.40813486358656736,0.24200407577769698,0.23828125
2024-08-14,3.0,8.0,1,6.259447876610076,6.971096782672684,8.057226507450869,7.9250997729015,8.649392607118928,0.5552341551334334,0.4333325329054994,0.24490013712901507,0.23828125
2024-08-15,3.0,3.0,0,5.760213434372486,5.955680750155947,8.214519850463828,8.243697260064879,9.193845796689493,0.600691542564153,0.4420923276993075,0.24590228970742545,0.23828125
2024-08-16,3.0,4.0,0,6.084181312952927,7.0151077425831625,6.549577502389714,6.223585881289266,7.5777121999412245,0.4547735055306027,0.44537332913798783,0.24627726199614272,0.23828125
2024-08-17,3.0,4.0,0,5.6159418032384165,5.920723742775399,6.382828022328394,6.048501394100304,7.1777206631291985,0.41399491064324484,0.3119448729285963,0.23050057967484386,0.2094017094017094
2024-08-18,3.0,8.0,1,6.039072884403741,5.634757394509128,5.692506181170485,5.432654173703888,6.642058577694761,0.3573321035215334,0.4131529362721734,0.24258286918875008,0.23828125
2024-08-19,3.0,5.0,0,4.9312548337676905,6.239922981298504,5.371172522675585,5.114519875252358,6.348870909619575,0.3256641470017819,0.3592093365601536,0.2362743078235482,0.23828125
2024-08-20,3.0,1.0,0,4.730998888461888,4.701263066636135,5.149161588753589,4.921186744755544,5.968720983036196,0.28436867702955493,0.3422370273039541,0.23423517147612452,0.23828125
2024-08-21,3.0,3.0,0,5.853888388092081,5.311306119931108,6.049770199067207,5.748673061268376,7.04978004167159,0.4006471947980584,0.3544471392127141,0.2357054531500837,0.23828125
2024-08-22,3.0,5.0,0,5.903581581779504,4.952095370083361,5.2892771428805245,5.039047945486622,6.287478365257348,0.31900153007885507,0.3392330140471556,0.23387065021003478,0.23828125
2024-08-23,3.0,9.0,1,5.240866324216299,3.9709931907997156,5.307290074241457,5.025452432498872,6.422160266437643,0.3336069906947522,0.38056647332641114,0.2387982265945098,0.23828125
2024-08-24,3.0,4.0,0,6.5351687559230465,5.796748762338318,5.8114611609328914,5.450137203735207,6.846556546538033,0.3791897502684787,0.40278029104070734,0.2413850691446711,0.23828125
2024-08-25,3.0,4.0,0,4.928335188507551,3.304082577288782,5.228610684980674,4.895233278508524,6.484192694968935,0.3403179681943864,0.28917075519281055,0.22759088225219157,0.2094017094017094
2024-08-26,3.0,7.0,0,6.649132619377188,6.887451773447073,6.26843289935819,5.851815104300416,7.521831662865053,0.449170883652024,0.34828602598595176,0.2349657644951897,0.23828125
2024-08-27,3.0,10.0,1,6.156123714809364,5.906771363189943,5.47774270242595,5.1574913926769375,6.676395885052748,0.3610181280212759,0.3553910149722625,0.23581839548485964,0.23828125
2024-08-28,3.0,5.0,0,5.430260576108525,5.520456652080161,5.345254326221274,4.956222371731478,6.4954781326368645,0.34153752414642485,0.33105764928270326,0.23287253949075054,0.23828125
2024-08-29,3.0,7.0,0,5.342742327746458,4.8608137483091856,5.082706940728869,4.812890320903897,6.103991046195461,0.29906306905837,0.40243839871364917,0.24134549262885943,0.23828125
2024-08-30,3.0,5.0,0,5.633528004132964,6.3470983341465965,5.384836949501142,5.070484982541556,6.377696107189959,0.32878971977784516,0.23792299991699584,0.22059371482063744,0.2094017094017094
2024-08-31,3.0,5.0,0,6.566556193275726,5.748326786296765,6.031710687014255,5.616914591174181,6.921599538070924,0.38714705574418884,0.3364589158921723,0.23353298317976032,0.23828125
2024-09-01,3.0,6.0,0,4.775318553989798,4.035493204059171,4.9376089444263025,4.936011674728761,5.039339625075848,0.18604142051154618,0.1556155159832365,0.207122609557297,0.14285714285714285
2024-09-02,3.0,6.0,0,6.326482120231637,5.995839213843963,5.597602248502151,5.675151420974879,5.425194209153984,0.22599130459691236,0.35306042793139797,0.2355393435179214,0.23828125
2024-09-03,3.0,7.0,0,5.007413581360461,5.1999068985818075,4.918431103702111,4.966391173750553,4.955644886604106,0.17763541376402184,0.3322137777722764,0.23301424693062095,0.23828125
2024-09-04,3.0,8.0,1,4.770777362890097,4.123606245168897,5.842363035083706,5.824333865643293,5.618406797355829,0.24655182526303188,0.28869507833111047,0.227529002573355,0.2094017094017094
2024-09-05,3.0,6.0,0,4.590956133289733,4.658946885124685,5.169069708698853,5.19826861087471,5.194303782032681,0.2018711046103925,0.2720344499155013,0.22532929150019837,0.2094017094017094
2024-09-06,3.0,5.0,0,4.93437182949784,5.462321536116244,5.104545416169815,5.135314142333618,4.930800361100555,0.1751613076150239,0.25188755678809893,0.2225745597704699,0.2094017094017094
2024-09-07,3.0,9.0,1,5.013539748908133,4.603319882841122,5.043458246506746,5.079797300489344,4.954079982795799,0.1774792807681493,0.33087719303935403,0.23285040376394367,0.23828125
2024-09-08,3.0,1.0,0,4.963540805148239,5.429122945017292,4.938373140420681,4.958589262517542,4.938384671255405,0.17591551728506086,0.37850928647957427,0.23855686549842892,0.23828125
2024-09-09,3.0,4.0,0,5.4998793862888,4.850190861105317,4.634961946649182,4.6414940697158364,4.5885451433164235,0.1422129112798001,0.3436217213413339,0.23440281076922176,0.23828125
2024-09-10,3.0,5.0,0,4.7886139336730045,4.599824506267508,4.651434257166085,4.712232241566747,4.478126258945836,0.1320966155405821,0.17349611126109787,0.21039178728511573,0.14285714285714285
2024-09-11,3.0,3.0,0,4.5762154274173525,4.7490696825481,5.012285464360512,5.035782106178823,4.8448241867964,0.16667917080926561,0.21099100617929778,0.21657195441967983,0.2094017094017094
2024-09-12,3.0,2.0,0,4.813130603687507,4.187633397714287,5.136818517751795,5.156265710803989,4.9487311025933165,0.1769459113422987,0.20374056511639652,0.21543603378358547,0.2094017094017094
2024-09-13,3.0,9.0,1,5.031470258888853,5.572025905078156,4.942449586912969,4.954343425617393,4.855379212413103,0.16771363156785393,0.26649806527669395,0.22458335147815783,0.2094017094017094
2024-09-14,3.0,10.0,1,4.9569709112698135,4.492402365493671,5.330077125736466,5.3508227112767255,5.172732015806218,0.19964845788406324,0.24641960809778432,0.22180648921984378,0.2094017094017094
2024-09-15,3.0,3.0,0,4.696059722223229,3.8783036067583185,5.596846596668877,5.62811803158515,5.366755768175508,0.2198341414437198,0.24262082539163216,0.22126725121262739,0.2094017094017094
2024-09-16,3.0,9.0,1,4.689443954847739,4.4765985360371605,5.130942900838913,5.249945946187453,4.794107526385448,0.1617365134840083,0.2519876151851612,0.22258852826784645,0.2094017094017094
2024-09-17,3.0,1.0,0,4.838927782261379,4.6638087917063675,5.077951651528858,5.10586918990855,4.997132844952804,0.18178885835258482,0.25544506849915316,0.22306934568004497,0.2094017094017094
2024-09-18,3.0,1.0,0,6.3044575625103745,6.599785905219647,5.2642438516646,5.332879928526573,5.04247480892575,0.18635836830579372,0.3043885897071036,0.2295460941777173,0.2094017094017094
2024-09-19,3.0,7.0,0,7.189103812679813,7.267726817146372,6.168937061739861,6.175010005872947,5.936523373632803,0.28087514927372303,0.44950751613600054,0.24674951779391116,0.23828125
2024-09-20,3.0,2.0,0,5.076453102981576,5.98863379517672,4.522703345412229,4.66378529232948,4.3021495183694185,0.1165735574896999,0.19115250843251924,0.21340091919942092,0.2094017094017094
2024-09-21,3.0,5.0,0,5.136858860724428,4.210378368270484,5.381437292128165,5.421949481571701,5.13202148914294,0.1954700655879185,0.2752927164509888,0.2257646536090294,0.2094017094017094
2024-09-22,3.0,3.0,0,5.295030164233923,5.6473958153772585,5.530600355783807,5.612126600895658,5.498449676719996,0.23375266051099722,0.24760687273091533,0.22197406168239556,0.2094017094017094
2024-09-23,3.0,4.0,0,4.7895850347417595,4.268108272408413,5.413617411111117,5.425234731249071,5.412548068720424,0.22465618610432436,0.192829742316139,0.21367699976573754,0.2094017094017094
2024-09-24,3.0,2.0,0,5.135496188413852,5.473423223030209,4.986097393183635,4.984494306222806,5.076476781050617,0.18980492624773904,0.24298837195870107,0.2213196321034168,0.2094017094017094
2024-09-25,3.0,5.0,0,4.596575814512753,3.763874796378816,4.969672791800868,5.038233516089907,5.012836609335272,0.18336795977318057,0.1864394581200049,0.21261650110827726,0.14285714285714285
2024-09-26,3.0,2.0,0,4.634565136623955,4.976378593625822,5.222580457427653,5.26190141233185,5.3112069236359645,0.2140125119068585,0.23132476435529603,0.21963461313616248,0.2094017094017094
2024-09-27,3.0,3.0,0,4.003965194601912,4.575045095775394,4.91314921698609,4.9986228093751945,4.8770678276560355,0.169845384238662,0.2240595027331873,0.21855973807550236,0.2094017094017094
2024-09-28,3.0,2.0,0,4.345546578878063,3.391541283975339,5.031581836392961,5.0814158029354815,4.9311713904913885,0.17519818214297303,0.2788983055843516,0.22624340296323583,0.2094017094017094
2024-09-29,3.0,5.0,0,3.8205121920182443,4.496662583265057,5.526576010118478,5.571279224115871,5.474235478566194,0.23118218851002503,0.2819485578257271,0.22664601253707425,0.2094017094017094
2024-09-30,3.0,5.0,0,5.44103411953206,4.624890681939211,6.505868723839064,6.368749663869195,6.429146429984612,0.33436338122948606,0.29311269278222696,0.2281018335731501,0.2094017094017094
2024-10-01,3.0,0.0,0,4.63194261364812,3.909087526604236,5.586531897367803,5.581954266116953,5.577554836310872,0.24218161913976147,0.19267786926623798,0.21365206559020442,0.2094017094017094
2024-10-02,3.0,1.0,0,4.233579498982521,3.4625282594971054,5.896796911947887,5.906714947453006,5.8200103353146995,0.26825599956125973,0.22703678805711536,0.2190026907321702,0.2094017094017094
2024-10-03,3.0,5.0,0,4.8311804723705505,5.399825031389061,5.5283925910816185,5.5104471103743595,5.552431229540386,0.23949961848719306,0.2603074467668882,0.22373960126777484,0.2094017094017094
2024-10-04,3.0,4.0,0,4.781214795294476,3.75205138915184,5.196239642430344,5.215256619899574,5.191226474076715,0.2015536786785031,0.22101052879353933,0.21810243811764202,0.2094017094017094
2024-10-05,3.0,6.0,0,5.668143051811931,4.322183728165007,6.039032732369945,6.0979251864594275,5.909588781131756,0.2779544858810368,0.31848316652104414,0.23131851248824772,0.2094017094017094
2024-10-06,3.0,4.0,0,4.27382106539732,3.2439123698861447,4.949826315468911,4.97492801009331,4.848808487289597,0.16706942667838498,0.19841932028659737,0.21458593683317884,0.2094017094017094
2024-10-07,3.0,5.0,0,4.562793966059113,3.8012287299027507,5.200727108371573,5.242737801078249,5.06199013381501,0.1883344732132183,0.27640723621527463,0.22591297358155868,0.2094017094017094
2024-10-08,3.0,2.0,0,4.340906570205922,2.874971240055888,5.257000471624433,5.32442866723636,4.996861648127588,0.18176162113247052,0.23090781578747002,0.2195734725430054,0.2094017094017094
2024-10-09,3.0,2.0,0,4.526403397288913,3.34368037881342,5.2093760799282585,5.257389995126481,4.967224952575017,0.17879199115594377,0.22493656621619684,0.21869058952154607,0.2094017094017094
2024-10-10,3.0,1.0,0,4.362248643420388,4.007101354394606,5.418101783327189,5.467854914228558,5.257061552845615,0.20836954253692963,0.1852718002909998,0.21242013823323083,0.14285714285714285
2024-10-11,3.0,3.0,0,4.815657761847411,6.399193677321316,5.684383747232169,5.680078037778826,5.536237421564692,0.2377732945011584,0.2489357443269886,0.22216108946139354,0.2094017094017094
2024-10-12,3.0,5.0,0,4.665921594937438,4.529233924150583,5.251134021045798,5.312393068536415,5.150431785599807,0.19735696578172437,0.20810411746809646,0.21612265572175784,0.2094017094017094
2024-10-13,3.0,7.0,0,4.625260371204255,4.434983815082513,5.691984997363415,5.706957031164552,5.624256293506786,0.2471784699154217,0.26087184322945556,0.22381696339437349,0.2094017094017094
2024-10-14,3.0,2.0,0,4.681120462818328,4.921614322166057,5.903954421082835,5.939699346479597,5.763945935330891,0.2622006234137465,0.22937757550548463,0.21934852133116964,0.2094017094017094
2024-10-15,3.0,3.0,0,4.014658575032251,3.8582644946332105,5.2516301949479285,5.205371985985009,5.127585272073553,0.19501606167345656,0.2450421516544635,0.22161150433374585,0.2094017094017094
2024-10-16,3.0,6.0,0,4.263558334952937,3.0224792195798638,5.192268392664543,5.265003282789375,4.990552593363272,0.1811283012303883,0.22045556826405022,0.21801879274472613,0.2094017094017094
2024-10-17,3.0,1.0,0,4.656379495212115,4.551358076207625,5.496424049353865,5.479291366461935,5.389781142929007,0.22225628131477557,0.2430449297289751,0.2213276884416592,0.2094017094017094
2024-10-18,3.0,0.0,0,4.570258081999399,5.405869264282957,5.023741194310073,5.023328246544455,4.823791767322034,0.16462377177942905,0.24999192128820955,0.22230934197521113,0.2094017094017094
2024-10-19,3.0,6.0,0,4.607003911303255,4.672702174648867,4.982913160326564,5.002309140825908,4.835111190288308,0.1657289809929209,0.17329135568555354,0.21035570452491173,0.14285714285714285
2024-10-20,3.0,7.0,0,5.013757768769095,4.2143151317201095,6.742239320053645,6.583145712464698,6.508957138210127,0.3429935349183262,0.3914604598499726,0.24007100637646983,0.23828125
2024-10-21,3.0,3.0,0,4.652932929591604,3.8513386018364897,5.815749779911701,5.7293241105116035,5.777085800414693,0.263618663087649,0.22364778436693453,0.21849820659057156,0.2094017094017094
2024-10-22,3.0,1.0,0,4.548360696555336,4.867514767498133,6.58316972957394,6.3614763185584104,6.688718181925733,0.3623394507341952,0.30120319374298277,0.22914059828057762,0.2094017094017094
2024-10-23,3.0,2.0,0,5.45243024699104,5.2386339999158595,5.801874052369394,5.712951445131505,5.877464196804238,0.27447354782391475,0.3270983845689447,0.23238579633753056,0.2094017094017094
2024-10-24,3.0,5.0,0,3.7575323294201657,5.219768932390197,5.548164345631102,5.431001132779348,5.804981190009421,0.266631501926596,0.17390641706862764,0.21046400534495627,0.14285714285714285
2024-10-25,3.0,1.0,0,4.485560687563921,4.445132895767246,6.472892067253848,6.334891443393372,6.906728317724237,0.3855731652257496,0.2221207617675445,0.2182693947059499,0.2094017094017094
2024-10-26,3.0,5.0,0,5.045578810462857,4.950472858888825,7.1067545721396685,6.85738123049595,7.051212155746296,0.40079733128310363,0.3147966916229042,0.23085821666666342,0.2094017094017094
2024-10-27,3.0,1.0,0,5.117105007021532,5.32918673338642,5.91922426892099,5.815334630777409,6.071312647459987,0.2955115271601778,0.3016658625906535,0.22919961426671304,0.2094017094017094
2024-10-28,3.0,2.0,0,4.2829166883455505,3.7007248926470666,6.019569028565737,5.904925243929721,6.148842833693469,0.303938216231255,0.2786572507027865,0.22621149270925459,0.2094017094017094
2024-10-29,3.0,3.0,0,5.22191538452646,3.6892919450568242,6.601714664338058,6.74316831053128,6.6919203723375995,0.362682694044234,0.3487621726332934,0.2350230856216522,0.23828125
2024-10-30,3.0,3.0,0,4.903996909643036,6.839715030532806,5.451582625249411,5.46221978655245,5.5193709450605715,0.23597733643764202,0.28398994207395845,0.22691426275917323,0.2094017094017094
2024-10-31,3.0,3.0,0,4.874471606439119,4.981468357440355,5.230679911874304,5.250492568160051,4.995060707728968,0.18158077527509608,0.20926887230257787,0.2163043980378043,0.2094017094017094
2024-11-01,3.0,5.0,0,5.9362546457026255,4.547278657181495,5.535391201984519,5.628966343077506,5.348261663290438,0.21789243154205806,0.3052944231514531,0.22966105940581893,0.2094017094017094
2024-11-02,3.0,8.0,1,5.16516773713278,5.564449902790383,5.5750964814143655,5.51272553038453,5.6117730910310595,0.245841431724214,0.2137612495415432,0.21699950984175057,0.2094017094017094
2024-11-03,3.0,3.0,0,4.9846339946862726,4.7931666909052,5.359695011779668,5.407934719545583,5.2432163957751206,0.2069319046417876,0.19661706779260846,0.21429470133411113,0.2094017094017094
2024-11-04,3.0,5.0,0,5.435854689721161,4.636809475264384,5.047741141676061,5.132483521822,4.828642659213339,0.16509712230742263,0.19657196156651657,0.21428739029717525,0.2094017094017094
2024-11-05,3.0,5.0,0,5.222938954465277,5.202823218505045,5.197451607537985,5.271845565096108,4.954679100158817,0.17753905104225026,0.16150116927934988,0.2082264155925993,0.14285714285714285
2024-11-06,3.0,5.0,0,5.38703239450813,5.41033532971303,5.802807839468604,5.814663434090075,5.592134227205257,0.2437400049041587,0.26819475727394937,0.22481279944933233,0.2094017094017094
2024-11-07,3.0,2.0,0,5.430705960007507,7.145328438860928,5.324160607955749,5.413850435263572,4.971637918021467,0.1792333033669609,0.3545000235570501,0.23571178377527427,0.23828125
2024-11-08,3.0,3.0,0,5.240398211534711,5.061419855830492,5.654516115736913,5.67063387244812,5.377294798147702,0.22094215189994554,0.37328226581955753,0.23794202508637116,0.23828125
2024-11-09,3.0,6.0,0,5.254350271751114,5.897916135595518,4.720195890334486,4.800569575884362,4.399905506861814,0.12510209358982693,0.23848634264023158,0.22067488220035514,0.2094017094017094
2024-11-10,3.0,3.0,0,4.511455609841327,3.875602125764453,4.717718961228507,4.84417680201114,4.443616268209832,0.12899259559211146,0.1998375336645384,0.21481391716248444,0.2094017094017094
2024-11-11,3.0,2.0,0,5.34855497328732,4.085899686802662,5.55805470523071,5.64696205484166,5.227350103350246,0.2052871444176614,0.29479929877583205,0.22831946321935995,0.2094017094017094
2024-11-12,3.0,12.0,1,4.918693719682193,3.9627632142741103,5.871861937280759,5.9471822569725195,5.521678104456002,0.23622287753625743,0.3126376095283537,0.23058758074008884,0.2094017094017094
2024-11-13,3.0,4.0,0,5.7651011626030515,5.42387626391932,6.24803346523484,6.253253397961606,5.738216019685836,0.25942611699564216,0.33090671411304107,0.23285402529358573,0.23828125
2024-11-14,3.0,3.0,0,5.349024303416045,5.1490270671682445,5.714442767306723,5.74995765017285,5.245198695511564,0.20713760451452323,0.3220210237480542,0.23175818745294544,0.2094017094017094
2024-11-15,3.0,5.0,0,4.481336827968636,4.206212475521838,5.006000865796654,5.110472880369961,4.736510839781916,0.1561813080650951,0.22520184266288992,0.21873010653224217,0.2094017094017094
2024-11-16,3.0,10.0,1,4.468527043840367,3.109631437618797,5.187003809346588,5.319732939524628,4.865665543610576,0.16872364352761918,0.21107579089409406,0.21658509158190667,0.2094017094017094
2024-11-17,3.0,2.0,0,4.180247023720648,3.456269127494802,5.641921196776768,5.730264951600658,5.311425305875731,0.21403533616946605,0.26931305614214407,0.22496361772911508,0.2094017094017094
2024-11-18,3.0,3.0,0,4.706782380797711,4.88233347696505,5.19885984414957,5.221715462796982,4.816843664024942,0.16394651663497223,0.33048597506162863,0.23280239894049146,0.23828125
2024-11-19,3.0,3.0,0,4.53926367898527,4.040515152569834,4.495841755108248,4.5953680334579685,4.224075377831493,0.10994059765488315,0.22343634135614568,0.2184665798578686,0.2094017094017094
2024-11-20,3.0,0.0,0,4.58929459535693,3.7494452613563176,5.341829325333432,5.410809709086038,5.040540211879652,0.18616277537258358,0.25604047839150273,0.22315178835282923,0.2094017094017094
2024-11-21,3.0,3.0,0,4.488207033045516,6.190952734992484,5.354434828488145,5.387015576785304,5.104186669157813,0.19262582866292732,0.2397432841907048,0.22085558803987895,0.2094017094017094
2024-11-22,3.0,5.0,0,4.45107400107163,4.298027291372784,4.862236499434338,4.928999426518682,4.609197673023507,0.1441351186319807,0.2665050526467844,0.22458429795735577,0.2094017094017094
2024-11-23,3.0,4.0,0,4.565360180542547,3.806542471402192,5.339694877060152,5.348889046479873,5.252938159184386,0.20794115123564286,0.27828663385218,0.22616240451247568,0.2094017094017094
2024-11-24,4.0,5.0,0,4.029104668655537,2.8126708811919743,4.657665692408373,4.788758241423979,4.5435872369178805,0.13991758280839867,0.28611204600041257,0.20000033100765768,0.21311475409836064
2024-11-25,4.0,9.0,1,4.832733414671727,4.360507019616393,4.636465900155368,4.828476711137729,4.4841078617203225,0.13449690127053646,0.33006595604031796,0.21413459109138147,0.21311475409836064
2024-11-26,4.0,8.0,1,4.346480945352648,3.8933981588693802,4.31294160595531,4.476855582449916,4.198404021415716,0.10962280794648206,0.3114066375988838,0.20818329886452502,0.21311475409836064
2024-11-27,4.0,4.0,0,4.730361011039305,3.8692320523111134,4.7993581945300585,4.970592781532167,4.655055426230493,0.15027894914224102,0.30321865548157567,0.20555093824527118,0.21311475409836064
2024-11-28,4.0,6.0,0,4.795763930452631,5.47482604071182,5.189578476956201,5.343291114364742,5.030293276585442,0.1868428619346486,0.4070385619099139,0.23833218032077325,0.25
2024-11-29,4.0,5.0,0,4.4466409340168855,3.434790247609029,5.0471921898639796,5.215368820452155,4.826774995862779,0.16671495656905297,0.3461541234461667,0.21922437877040146,0.23333333333333334
2024-11-30,4.0,6.0,0,3.1371315874930525,2.5349262546639997,5.333266134331647,5.423898031793451,5.176530887343413,0.2016717017957247,0.2988255950456275,0.20413248221057018,0.21311475409836064
2024-12-01,4.0,4.0,0,4.825693495816927,4.842012670404748,4.883722525907245,5.069615390752894,4.6880307947555115,0.15339227379954254,0.35511392901886096,0.22204677713056672,0.25
2024-12-02,4.0,12.0,1,3.9435740796215937,2.8912304506432926,5.245236223236911,5.405569410668622,5.114454013834013,0.19534336728783894,0.3892523544541714,0.23275711868267288,0.25
2024-12-03,4.0,6.0,0,3.6319046489067235,2.7735281368510134,5.193601635383518,5.313735819392845,5.0663555169088506,0.19047363404694936,0.43809031576245067,0.24810460327072878,0.2545454545454545
2024-12-04,4.0,2.0,0,4.518543002933909,4.313798763275779,4.982534790006041,5.090911299956913,4.913469691110202,0.17520980196848274,0.4833558213870485,0.26256014414535983,0.27586206896551724
2024-12-05,4.0,3.0,0,5.571110344223364,6.212127309295865,4.929573249174476,5.021167300853754,4.843875192668174,0.16838065215841116,0.49211259425480686,0.2654004724128166,0.27586206896551724
2024-12-06,4.0,4.0,0,5.418472866855257,6.275899370192259,4.974777378907911,5.116581565151984,4.992383016633917,0.18304569491912695,0.5170395247031246,0.27358959993980614,0.28125
2024-12-07,4.0,4.0,0,5.729938019348695,6.32418539527078,5.629796855292263,5.668133590434654,5.592106232941165,0.24504248702454837,0.5245764848947707,0.2761001432146322,0.28125
2024-12-08,4.0,6.0,0,4.869363327362621,3.5910906665055315,5.643922631088343,5.71384431957261,5.536839198753189,0.23919354850090097,0.48391996566847,0.2627426186728176,0.27586206896551724
2024-12-09,4.0,5.0,0,5.140505875504453,5.917009512290616,5.826215364194279,5.855461839454379,5.802931620449604,0.2675041977244009,0.535154772205773,0.2796543093462531,0.3069306930693069
2024-12-10,4.0,5.0,0,5.481699805358947,5.753067364776313,5.994099603415086,6.0254566456429215,5.987158055812423,0.2872584035121567,0.4464415444040378,0.2507483343068325,0.2545454545454545
2024-12-11,4.0,7.0,0,5.425955724144454,5.421151619913274,6.376786621441734,6.359501685791511,6.382011389571177,0.32965081313260314,0.5504805246734307,0.28487296053923306,0.3069306930693069
2024-12-12,4.0,4.0,0,5.472100865844319,5.712550678487412,6.334037941386301,6.325248100540975,6.323674696128843,0.3234009655543418,0.5106028039322937,0.2714589171888425,0.28125
2024-12-13,4.0,8.0,1,5.893557263456932,6.405029620803279,6.099855727743914,6.091609309280877,6.069393557819816,0.29609378801147984,0.6643006833646041,0.32733779918630634,0.3069306930693069
2024-12-14,4.0,11.0,1,6.424287348583374,6.873315948450415,6.073593639903976,6.086915087942968,6.038174939800744,0.292739093986957,0.5280863235448233,0.277275323429693,0.28125
2024-12-15,4.0,5.0,0,4.28028067657937,3.666769689459279,5.445458647859117,5.475204566605962,5.425352599068784,0.22745992395425765,0.5205457888818471,0.2747553657210001,0.28125
2024-12-16,4.0,4.0,0,4.4562593012569165,4.346076924784125,5.507002131189034,5.479708324742758,5.616259690003936,0.24760455821868108,0.4972072435443895,0.26706112361744994,0.27586206896551724
2024-12-17,4.0,4.0,0,5.378928234727653,3.737409641538117,6.098335961097127,6.082475377509948,6.207313447163456,0.3109134759994668,0.5692734313153034,0.29139819912114345,0.3069306930693069
2024-12-18,4.0,5.0,0,6.678719248071144,6.420222466883351,6.765658613998751,6.714091478923413,6.8289176857410565,0.3770855866813883,0.6333562678695555,0.3149832280159384,0.3069306930693069
2024-12-19,4.0,3.0,0,6.260499769674979,4.867374039045997,6.823604281217263,6.791860438429624,6.870101479469664,0.3814025297709592,0.5977315015779541,0.3015880923577546,0.3069306930693069
2024-12-20,4.0,11.0,1,5.282213377421999,7.543243154906181,6.497191927119143,6.4701307237332655,6.4678586200559876,0.3388300161281061,0.612071243287385,0.30688579166353186,0.3069306930693069
2024-12-21,4.0,9.0,1,5.148931416634514,6.71395739458246,5.907903431020688,5.914714449526916,5.932611702446951,0.2814020448592799,0.564513735000143,0.2897314291762852,0.3069306930693069
2024-12-22,4.0,5.0,0,5.928000207781714,5.478074479454906,6.0288687616453345,6.089221210268088,5.958335966215523,0.28416336402106135,0.5451644915019359,0.2830529523206066,0.3069306930693069
2024-12-23,4.0,9.0,1,6.256438788770989,5.896776157035294,6.634541440104687,6.584137517831573,6.576327970043229,0.3503896127170208,0.5221468629199487,0.2752889346500523,0.28125
2024-12-24,4.0,9.0,1,4.658904768877089,3.799926631580801,6.7025574727643695,6.695227929428668,6.705886532787652,0.36412640253523554,0.44720727458363824,0.2509911717845813,0.2545454545454545
2024-12-25,4.0,6.0,0,5.9847621313731665,7.017629332954114,6.631760558704896,6.552477077712271,6.658641303382103,0.3591269627509464,0.5336912388012142,0.27916035364882247,0.30563639207157856
2024-12-26,4.0,4.0,0,4.966305041134055,4.729043296706094,5.1081294051373085,5.141186487283585,5.2147539716660765,0.2055911941258912,0.4293480540969485,0.24534534287544782,0.2545454545454545
2024-12-27,4.0,6.0,0,5.596038985292431,5.110432302806773,5.18086481434676,5.151225740871705,5.354474290974033,0.22005241015146285,0.44396488960937497,0.24996342225575732,0.2545454545454545
2024-12-28,4.0,1.0,0,6.183159578414983,5.346972944205591,5.176899047615718,5.157667212128279,5.348905200680866,0.2194722876971095,0.41574572779145247,0.24106549486637593,0.25
2024-12-29,4.0,6.0,0,5.438321800390165,4.558867933580524,5.459684332361759,5.4542159749612145,5.667686003828531,0.2530704331817929,0.4290926121235818,0.24526483180263023,0.2545454545454545
2024-12-30,4.0,14.0,1,6.863750707499947,6.926982119541394,6.29733984264755,6.316295110739838,6.396469774097083,0.3311983857296343,0.504306202444792,0.2693858415800559,0.28125
2024-12-31,4.0,11.0,1,6.091514380015167,4.666862466704913,6.097232237250601,6.128045653867643,6.127999780619215,0.3023920292204413,0.531688257710182,0.2784855115279337,0.28125
2025-01-01,4.0,7.0,0,5.284605851120534,4.225948438523013,6.42104372748467,6.417386228064488,6.426644205095493,0.33442612642151687,0.46496843886852735,0.25664744659098965,0.2545454545454545
2025-01-02,4.0,3.0,0,5.691617110643858,3.800556754980091,6.0144275154855285,6.038309523404514,5.951101584355052,0.283386693492276,0.4473230571505477,0.2510278967944137,0.2545454545454545
2025-01-03,4.0,11.0,1,5.842542232831731,5.962079702696023,5.698179263706621,5.712275923177089,5.655883574488934,0.2518147649495739,0.5151387820841413,0.27295916954250093,0.28125
2025-01-04,4.0,3.0,0,5.800527210859127,5.338135619773117,5.516722354037816,5.480688630152575,5.629728169358811,0.24903467855532038,0.4465059151903267,0.25076874540398825,0.2545454545454545
2025-01-05,4.0,8.0,1,5.250454070705087,6.210351642442519,5.210053876007092,5.218667916404983,5.41320511555792,0.2261873017399725,0.40176333599280495,0.23667784987549426,0.25
2025-01-06,4.0,7.0,0,4.549216886642645,4.539828057494126,4.931331055777886,4.9743507163740475,5.1248420853994645,0.1963990377340066,0.3035272819106705,0.20565042230314698,0.21311475409836064
2025-01-07,4.0,7.0,0,3.8542394165844684,4.167774624039573,5.628322874140712,5.612689606220382,5.80064835492735,0.2672599276966176,0.2840433809647673,0.1993238239789367,0.21311475409836064
2025-01-08,4.0,7.0,0,3.839936117587009,3.9574305754597914,6.369891216886943,6.327405092768687,6.518126745997192,0.34419301262396385,0.35008324514125666,0.2204629811943559,0.23333333333333334
2025-01-09,4.0,3.0,0,4.988975194144714,5.588005708966007,6.418020031337835,6.374695259566016,6.4797210817045405,0.34009645466519844,0.3961609472729327,0.23492183386628124,0.25
2025-01-10,4.0,4.0,0,4.330886275543151,4.215398217851497,6.18022293524523,6.205500867582349,6.239761026226634,0.31439785998652087,0.343832722268818,0.21849185560665663,0.23333333333333334
2025-01-11,4.0,9.0,1,3.28927527418117,3.1490851177456203,6.721161498278458,6.689932672717726,6.725399439575024,0.36618768377026545,0.2976167225648208,0.20374135359223391,0.21311475409836064
2025-01-12,4.0,4.0,0,3.6884153843183434,4.465375000426995,6.935017929428384,6.857191460854229,6.96505839752749,0.39131195293395543,0.31978977627415356,0.2108645153261569,0.21311475409836064
2025-01-13,4.0,6.0,0,3.7429164519738416,3.9872849382886373,6.611100257825414,6.572579138944797,6.688422316968745,0.3622797523421715,0.2919149776824128,0.20189165558006994,0.21311475409836064
2025-01-14,4.0,9.0,1,4.43034225241635,3.3723309766983727,5.745247186004303,5.789716301367079,5.784418441214337,0.2655241227636008,0.377633752838753,0.22911639790777585,0.25
2025-01-15,4.0,4.0,0,4.022315418032684,4.522142543160994,5.234127190261126,5.275279094325993,5.308241886779523,0.21524539028721973,0.3641639714401807,0.22489111878354925,0.25
2025-01-16,4.0,5.0,0,5.329707469051926,3.8426776976335284,5.9029202831733185,5.922808893800438,6.096458198210875,0.29900235000198955,0.38154806450385254,0.230343153687397,0.25
2025-01-17,4.0,5.0,0,4.929884383137968,2.9845812139490886,6.697261392996706,6.635868948226659,6.767643751289581,0.37064276463993107,0.34547443852447585,0.21900996130277256,0.23333333333333334
2025-01-18,4.0,8.0,1,4.809699880887816,2.7821473487681883,6.844479901804094,6.72728570417335,6.932938442108922,0.38796712600346883,0.3843224132515649,0.231212486424694,0.25
2025-01-19,4.0,3.0,0,4.736519700804129,4.990072334588622,6.117760306668088,6.127964591550648,6.133500243154263,0.3029831235729497,0.44237840411233137,0.24946102773283435,0.2545454545454545
2025-01-20,4.0,7.0,0,5.651660691907716,4.879441440301395,6.661251996835473,6.597200285527239,6.760082034186464,0.36984607549986376,0.436529357600048,0.24761135012168586,0.2545454545454545
2025-01-21,4.0,9.0,1,4.958827392326085,5.65346655338265,6.233279856686271,6.159722240454713,6.309097587385399,0.3218379778160757,0.4736377622757799,0.2594271070940955,0.27586206896551724
2025-01-22,4.0,4.0,0,5.162348167468426,5.873369989988114,5.6019203828907695,5.608628126181688,5.724818038514752,0.2591582825017137,0.43523488658760984,0.24720250406202962,0.2545454545454545
2025-01-23,4.0,2.0,0,4.5549417906127045,6.01026266427248,5.541798539579003,5.575408646425858,5.610175886794854,0.24695890012618915,0.46041644216373034,0.25519316966394123,0.2545454545454545
2025-01-24,4.0,3.0,0,4.941630832438744,4.116900751593092,6.211039221974454,6.203503339809871,6.303445273606857,0.32123180118624073,0.42227790163511897,0.24311902248616624,0.25
2025-01-25,4.0,10.0,1,4.77372713312968,2.684282910244112,6.7637445788928545,6.675161418159362,6.809069291704428,0.37500113188195444,0.43155353150708264,0.2460407249789878,0.2545454545454545
2025-01-26,4.0,4.0,0,4.65889294350681,5.877625838732932,6.275502453211603,6.200903884624138,6.334147897615047,0.32452362692382647,0.5303658716122601,0.2780407136400603,0.28125
2025-01-27,4.0,3.0,0,6.36729502932063,3.9271312787674173,6.168813233489023,6.221049974606974,6.180467694496682,0.3080297222092009,0.4903072430155344,0.26481347564715707,0.27586206896551724
2025-01-28,4.0,7.0,0,5.247138255423146,4.222458504700087,6.645958758632061,6.569965734678504,6.724222170508275,0.36606338149513135,0.4502939758510012,0.2519708526384052,0.2545454545454545
2025-01-29,4.0,4.0,0,4.869430121312869,3.2268088600010847,6.43133539710238,6.345071607464892,6.5226468215831055,0.344674767770741,0.44368936175392504,0.24987614835789831,0.2545454545454545
2025-01-30,4.0,4.0,0,5.644729320782517,6.61379165126504,5.751485147497343,5.72772597076292,5.86477831430026,0.2741268957416206,0.5218535579920491,0.27519112967842224,0.28125
2025-01-31,4.0,2.0,0,5.294171596821348,6.534338890387014,6.205247513543732,6.137663391138289,6.283236586048345,0.3190640086642292,0.4961763162753552,0.2667245766475802,0.27586206896551724
2025-02-01,4.0,7.0,0,5.192970980518189,4.483492806005687,6.171787007538623,6.202929269052406,6.192510501019199,0.30932344199153794,0.44310781806944677,0.24969197409981092,0.2545454545454545
2025-02-02,4.0,10.0,1,6.613867114387733,8.149144247867273,6.320418877860213,6.334700228271933,6.323421366769516,0.32337380710225727,0.5210697474462868,0.27492989177071736,0.28125
2025-02-03,4.0,5.0,0,4.595847914442089,3.3618511818249974,5.820812232225127,5.878317971166656,5.8114856820171825,0.26841948885817074,0.47797561466828264,0.2608232487693015,0.27586206896551724
2025-02-04,4.0,4.0,0,3.9523657553484837,3.3770898598141184,5.598353708173876,5.678588695166227,5.521593025743839,0.23758356845732503,0.4287312082307805,0.24515093341811114,0.2545454545454545
2025-02-05,4.0,11.0,1,5.4527950154949,6.131278702860652,5.576074286038432,5.657820747619882,5.478819247865124,0.23307547897735653,0.49797864393492797,0.2673131190884918,0.27586206896551724
2025-02-06,4.0,1.0,0,5.223843138856408,4.028541953587178,6.2166155721159395,6.205439247479287,6.286616080378871,0.31942658401883683,0.40905588492226813,0.23896511180188099,0.25
2025-02-07,4.0,0.0,0,5.308654647040164,6.08629337310873,6.058331996236711,6.07584742285117,6.037847101484369,0.2927038678077862,0.5237426341679471,0.27582152648908725,0.28125
2025-02-08,4.0,9.0,1,5.806426278271687,4.6326845997144765,6.883840188876878,6.831312863509346,6.834381480875341,0.37765894634119784,0.42483526210725076,0.24392383096281872,0.2507702766503996
2025-02-09,4.0,19.0,1,5.664604508592152,3.6714978682321093,6.8186339559966145,6.848342235926749,6.629923667298744,0.35608240849782424,0.3657436776123777,0.22538707379184633,0.25
2025-02-10,4.0,1.0,0,6.1142260446761405,3.8469158013179134,6.879552082026528,6.908728954901099,6.6746285549442455,0.3608200477191704,0.37158605549750384,0.22722022879750073,0.25
2025-02-11,4.0,3.0,0,5.942378169458154,4.992532312982694,6.37117702942858,6.391624721945985,6.302432700462594,0.3211232017290507,0.4787063090549114,0.261058790097686,0.27586206896551724
2025-02-12,4.0,3.0,0,5.554588120005508,4.0223318869402,6.194879922138045,6.233899013077647,6.153052917080622,0.30508420022964194,0.4798902039815486,0.2614406517660818,0.27586206896551724
2025-02-13,4.0,4.0,0,4.483447310027019,4.029755983197668,6.0160360184787525,6.0378119541503175,5.999644450562785,0.28859957161170036,0.48739180754836137,0.2638671190072839,0.27586206896551724
2025-02-14,4.0,12.0,1,6.605800227510042,6.329567908171151,6.486732580236906,6.428208649989363,6.561219192893524,0.34878240445344105,0.5802002161409926,0.2952635432694868,0.3069306930693069
2025-02-15,4.0,7.0,0,4.277540400289581,4.896275422751316,6.651482274808886,6.5021182173616126,6.838353519604041,0.37807564313147085,0.326294326451696,0.2129363343669195,0.21311475409836064
2025-02-16,4.0,6.0,0,4.608411031684013,6.4678732252273194,6.494666758214387,6.4048434840331225,6.675737967764405,0.36093748717971536,0.39042111169176225,0.23312330617613544,0.25
2025-02-17,4.0,3.0,0,4.246227201827022,3.7465825833885145,6.367029253729731,6.296559124065663,6.483210620975173,0.34046890025641796,0.37389084362065383,0.22794300331835274,0.25
2025-02-18,4.0,5.0,0,4.614859222535472,4.587387514915235,6.6247738789135955,6.530655767187978,6.730962533531698,0.3667749579913852,0.34392825344949945,0.21852201198340468,0.23333333333333334
2025-02-19,4.0,3.0,0,4.429771007761798,5.8243604217973015,5.8393332137968175,5.781266619236587,6.036337552559228,0.2925416678898561,0.34779643858872433,0.21974227966346768,0.23333333333333334
2025-02-20,4.0,3.0,0,4.153375717718666,4.962965643550482,5.442666876015374,5.465794916780318,5.5594046914628,0.24157930482850695,0.310034713075972,0.20774321919347377,0.21311475409836064
2025-02-21,4.0,2.0,0,5.087754144264801,5.949819022150517,5.996884991092437,5.960582360048394,6.178681375738502,0.3078378126070243,0.3718514903869419,0.22730347846059903,0.25
2025-02-22,4.0,4.0,0,4.816274864102234,5.240870843719101,6.3069410320212365,6.2779700377220795,6.438416412369622,0.3356846097833655,0.44440311814499867,0.25010225124586527,0.2545454545454545
2025-02-23,4.0,2.0,0,4.249799760746175,6.03542676105588,6.382050524608821,6.232021594750241,6.5249921972255045,0.34492470811850984,0.38947786284953767,0.23282777320699605,0.25
2025-02-24,4.0,5.0,0,4.223917962679622,5.247106747511828,6.0369530652478955,6.028384669248096,6.154949284406135,0.3052879679740419,0.35146085501765895,0.22089690875505824,0.23333333333333334
2025-02-25,4.0,9.0,1,3.8106221799139877,3.3664936302122284,6.4775431518278355,6.421282610174102,6.568066872731463,0.34951095754227945,0.32347915784126074,0.21204050834228153,0.21311475409836064
2025-02-26,4.0,6.0,0,4.070251675453992,3.0975121101587235,6.455105707443095,6.377582271682318,6.491836182797765,0.3413893286631748,0.3102683669282385,0.20781819654595962,0.21311475409836064
2025-02-27,4.0,14.0,1,3.9532535923621164,4.986292136065735,5.794473541081031,5.776181169477078,5.832798203572751,0.270700961821688,0.4374210110880005,0.24789307454532758,0.2545454545454545
2025-02-28,4.0,11.0,1,4.5964260051088095,4.180657672916282,5.901919937704755,5.8605969006128005,5.933942342596093,0.28154485188690465,0.32731335110022164,0.21326029388522424,0.21311475409836064
2025-03-01,4.0,4.0,0,4.681162067110364,4.785975439771024,5.126367161050723,5.080615039903285,5.322580435148687,0.21673404198314342,0.3286420113790646,0.21368245149468368,0.21311475409836064
2025-03-02,4.0,6.0,0,4.286043361332865,5.2706783454017385,5.436087120867505,5.38394576295569,5.659285441152387,0.25217661862636725,0.30028303405560364,0.20460356817294253,0.21311475409836064
2025-03-03,4.0,4.0,0,6.126957463212248,6.2428473972295055,5.439120323677013,5.419798975353488,5.576272938766215,0.2433648667095098,0.35509768058565205,0.22204166509595905,0.25
2025-03-04,4.0,7.0,0,4.672308938402291,5.210628940095581,5.510177889400776,5.472186801752765,5.657714589551754,0.25200952104714125,0.40643785825114087,0.2381437445226649,0.25
2025-03-05,4.0,5.0,0,6.002248515734957,5.822299398915739,5.413760364189941,5.391551057551689,5.533022425341045,0.23879035221287095,0.3511426575328747,0.22079669626861065,0.23333333333333334
2025-03-06,4.0,9.0,1,5.951481400542055,6.574466909691446,6.32421093542885,6.276696006395705,6.398282823974822,0.3313924049738211,0.36063865215158003,0.2237838018754568,0.25
2025-03-07,4.0,6.0,0,6.101818594244243,6.7741216179569355,7.073527076588994,6.937542566651769,7.094753124727251,0.4047387972474774,0.4512647908214427,0.25227924585855055,0.2545454545454545
2025-03-08,4.0,4.0,0,4.569465002513065,5.04805421595934,6.461207218157444,6.3880525600837785,6.585228919623631,0.35133597859586213,0.2910175657615798,0.2015997630936181,0.21311475409836064
2025-03-09,4.0,6.0,0,4.407118472781392,5.216066120651452,6.780331539392409,6.663103363900649,6.802105849173723,0.3742692502705319,0.28282613394281353,0.19892517182247796,0.21311475409836064
2025-03-10,4.0,13.0,1,5.3507682023765755,5.036623153821543,6.978329974113434,6.830259422926739,6.962295824815485,0.39102456515311346,0.2878384173698392,0.2005639675448472,0.21311475409836064
2025-03-11,4.0,9.0,1,5.021385258823417,3.784462366815405,5.968017237359592,6.000565052418923,6.021336686151498,0.29092992326133726,0.2398184771365787,0.18450534053128495,0.14285714285714285
2025-03-12,4.0,7.0,0,3.309459796035114,3.2122470803109477,5.8720541293914,6.003340548282969,5.825238566612381,0.2698915527742049,0.21097366629520148,0.17435085182042814,0.14285714285714285
2025-03-13,4.0,4.0,0,3.623551443326076,2.560889877546855,5.8451366254834305,5.865692653588996,5.73283790027539,0.260014039494638,0.24118489452500821,0.18497526811668874,0.14285714285714285
2025-03-14,4.0,8.0,1,4.192152118124313,4.034664959423795,5.3606065804981435,5.421739533908571,5.3447320547539885,0.2190377679357578,0.24381569722805277,0.18587752916611064,0.14285714285714285
2025-03-15,4.0,3.0,0,4.514137754958825,4.413224414104674,5.61469669519802,5.575201718314411,5.724987039885639,0.2591763129056013,0.3262933749581344,0.21293603180099543,0.21311475409836064
2025-03-16,4.0,8.0,1,4.294308539894251,3.942121937168475,5.773239404658203,5.74117533809943,5.808038910450696,0.2680506526646118,0.3485544703975383,0.2199812335363706,0.23333333333333334
2025-03-17,4.0,7.0,0,4.37729469767612,4.0016049959561535,6.362417700201226,6.261198501652796,6.39144458594977,0.33066057654551523,0.38483846717736175,0.23137418066369933,0.25
2025-03-18,4.0,12.0,1,4.010386386119955,4.208407484855732,5.997246388814635,6.009732338299585,5.909436886815508,0.27891541656200586,0.37662139012305573,0.22879906395421543,0.25
2025-03-19,4.0,8.0,1,4.436035512290828,5.587342696209658,6.350009683073844,6.3121575443606694,6.272709677357631,0.3179344730030746,0.36742955876828437,0.2259162161988522,0.25
2025-03-20,4.0,6.0,0,5.11503585686026,6.520582054836819,6.352443780650629,6.2990410419236875,6.281899660472757,0.3189205681312146,0.41204008157579475,0.23990175094188487,0.25
2025-03-21,4.0,4.0,0,6.8147795557410635,7.952860807261937,6.175737101147064,6.229779073203001,6.022449298636058,0.291049460281356,0.4628474264203326,0.25596939553269205,0.2545454545454545
2025-03-22,4.0,7.0,0,4.610852447973045,4.417188646652162,5.936498740477658,5.970123524086168,5.818418110602834,0.2691614386281104,0.4348090740162372,0.24706805382008473,0.2545454545454545
2025-03-23,4.0,10.0,1,5.919355878588117,6.49861448916078,6.225077550806334,6.3396127406545855,6.147251773768118,0.3044608451844316,0.4773010900788618,0.26060590911747666,0.27586206896551724
2025-03-24,4.0,16.0,1,4.489767942576229,4.104980433518002,5.820112598454002,6.0464403303155905,5.610423682262873,0.24698519385311543,0.3744252259584737,0.22811055724816284,0.25
2025-03-25,4.0,10.0,1,4.573617494498957,4.984920299286718,5.660003874498824,5.7713372396219835,5.519775974917159,0.23739179657821433,0.38174296915774447,0.23040422981185393,0.25
2025-03-26,4.0,10.0,1,4.400485342043635,4.137571571612225,5.289975628685142,5.3264055551252705,5.194392543656152,0.20350118090191427,0.3904421901414334,0.23312991038656813,0.25
2025-03-27,4.0,6.0,0,5.30276150718375,6.370950741801691,5.131784940525492,5.198518221850364,5.137025784653834,0.1976389162776827,0.32991999407802225,0.21408825807101678,0.21311475409836064
2025-03-28,4.0,0.0,0,3.9830041747341536,3.628415885268348,4.920871617874839,4.993462737927669,4.8979097008748385,0.1736761093338293,0.2847656708823381,0.19956017156350536,0.21311475409836064
2025-03-29,4.0,6.0,0,4.803292238110996,3.840519439342507,6.500816074361095,6.48732591871666,6.459494559366213,0.33793676306767245,0.3518570889309146,0.22102168532396776,0.23333333333333334
2025-03-30,4.0,6.0,0,3.125763417076352,3.4156253307697315,5.471623265696171,5.528710049700901,5.290062342486305,0.21336089534033145,0.20315953979811258,0.17151151940061843,0.04878048780487805
2025-03-31,4.0,3.0,0,4.003647735238488,3.978184156612307,6.054291988842716,6.047588202125423,5.829822075915487,0.270382287658624,0.24589883969626442,0.18658967753411695,0.14285714285714285
2025-04-01,4.0,2.0,0,3.887290667278789,3.790577005579321,5.816193246801014,5.792706811601348,5.623378800910372,0.24836035833463302,0.2008729928504917,0.17067249811837654,0.04878048780487805
2025-04-02,4.0,3.0,0,4.21480950196404,3.8424635143941774,4.980116981689822,5.1270580712098255,4.713515842673824,0.1558128137187491,0.2456799946872444,0.18651495608513785,0.14285714285714285
2025-04-03,4.0,5.0,0,3.9303780227476537,3.4794042690661096,5.48493957189192,5.5775223749423555,5.249114059460961,0.20912863625398156,0.2594133752796942,0.1911638584205728,0.21311475409836064
2025-04-04,4.0,1.0,0,5.980604187145391,4.3996856426286985,6.947233763977012,7.004748190928031,6.764103760049623,0.37026983983012374,0.2592651590116578,0.19111410011304414,0.21311475409836064
2025-04-05,4.0,7.0,0,3.9055017681970137,3.526659343454071,5.381506687509817,5.456025751744404,5.0934922419650235,0.19321736834313288,0.23053103264468944,0.18128653996178892,0.14285714285714285
2025-04-06,4.0,8.0,1,4.154706226343712,4.500696317809106,5.693848434287499,5.66964190138033,5.456527179606689,0.23073142665425375,0.33518953085488973,0.21575907539092273,0.21311475409836064
2025-04-07,4.0,7.0,0,4.554430542937982,4.616376870073728,5.94224197860418,5.8354161182574185,6.09463886482313,0.2988068287450049,0.34263705508689773,0.21811433428338015,0.21311475409836064
2025-04-08,4.0,3.0,0,4.7533713412197205,4.37118454117276,5.974019928421018,5.877766204978123,6.100967889967416,0.2994870003445662,0.3426415739811398,0.21811576138168703,0.21311475409836064
2025-04-09,4.0,6.0,0,4.917183043331476,5.694186591457564,5.784566919828293,5.745085041964182,5.915094739046291,0.2795223990268676,0.3048373053253827,0.20607246411570831,0.21311475409836064
2025-04-10,4.0,2.0,0,4.860269176483916,5.177409179038294,6.027617159275581,6.0056901573089085,6.102135202790722,0.29961244974642426,0.2762229487098644,0.19675479358690415,0.21311475409836064
2025-04-11,4.0,6.0,0,3.9598109480145096,4.673272247413937,5.017634945069544,5.086317076751777,4.842232707354924,0.16822044554047338,0.26148762871134884,0.19185932099156006,0.21311475409836064
2025-04-12,4.0,4.0,0,4.911173567364477,4.863677477961138,5.453341495644519,5.533262162696535,5.27030092279063,0.21131623937542654,0.24625351976567975,0.18671073170881866,0.14285714285714285
2025-04-13,4.0,3.0,0,3.9248191575703126,4.6116522060811285,5.308221415531809,5.319391321558927,5.173612163802202,0.20137310813948886,0.19795687932205117,0.16959682845371177,0.04878048780487805
2025-04-14,4.0,4.0,0,5.515128868428331,4.341717846282345,5.284246717569815,5.336000295127108,5.104590477425796,0.19434227486740557,0.2432621811455612,0.18568796545511904,0.14285714285714285
2025-04-15,4.0,1.0,0,3.799737954633961,3.7711667060227856,5.606241295117678,5.577587529482678,5.542059860204928,0.239745207679191,0.22045319090947968,0.1777411876001029,0.14285714285714285
2025-04-16,4.0,7.0,0,4.890666882296045,3.7905152207850485,5.177556301105523,5.2015612861206915,5.187287831417249,0.20277303460824725,0.1803735283407966,0.1629650051052213,0.04878048780487805
2025-04-17,4.0,3.0,0,4.332068551445907,4.85494975680522,5.030915161403245,5.117144365828807,4.87476893724582,0.17140240679642163,0.26761137413057545,0.19390308077502474,0.21311475409836064
2025-04-18,4.0,7.0,0,3.8767361106317826,3.4100410100557403,5.414880343142383,5.4429709093006,5.22494301140394,0.20663881636954926,0.27490258998716277,0.19631916592767812,0.21311475409836064
2025-04-19,4.0,1.0,0,3.6282671845920813,3.165430067532536,5.3250141876566355,5.271293238141678,5.1916083083801,0.20321576092418542,0.2878306970915292,0.20056144883659976,0.21311475409836064
2025-04-20,4.0,3.0,0,4.5498831153750565,4.0195744847923836,5.036384243938063,5.022510810701896,4.946173280074771,0.17844567804632117,0.34822504957953526,0.21987739728390196,0.23333333333333334
2025-04-21,4.0,5.0,0,4.942043204125794,4.553184598525826,5.23914007017068,5.335057845153055,5.131965002009841,0.19712367865511682,0.30589740098899526,0.20641371091160354,0.21311475409836064
2025-04-22,4.0,5.0,0,4.530184907278815,4.020789605568702,7.150156582888417,7.014157653879363,6.928772735585097,0.3875327855392906,0.2972252778022083,0.20361462614182704,0.21311475409836064
2025-04-23,4.0,4.0,0,5.138673064648268,4.987080236768372,6.184776336674124,6.159339287460246,5.753635487906739,0.26223448615732053,0.3017848570161388,0.20508847759341955,0.21311475409836064
2025-04-24,4.0,2.0,0,3.07762813810142,2.639501934792124,5.578949763418735,5.800003193563575,5.261599657092889,0.21041723338298826,0.3065558853542282,0.20662555514724074,0.21311475409836064
2025-04-25,4.0,12.0,1,4.0422275721342436,4.4122891424005735,4.865228162233321,4.950798583732236,4.637415528149408,0.14862231021665676,0.20096537679522977,0.17070647179002116,0.04878048780487805
2025-04-26,4.0,6.0,0,4.366268227256452,3.823361759745159,5.183962939734748,5.2293517111942815,4.933803916174557,0.17721983109882516,0.25166181340199817,0.18854968820637585,0.21311475409836064
2025-04-27,4.0,6.0,0,4.160443152397452,4.656270855571468,5.729405049274076,5.681615213839356,5.470743447044433,0.23222585345119875,0.27196504774782826,0.1953479263465365,0.21311475409836064
2025-04-28,4.0,3.0,0,4.28451181576243,5.249492703161177,5.179925007230101,5.1722700145239955,4.989907033985931,0.1827984161258461,0.25993416841937994,0.19133862812936323,0.21311475409836064
2025-04-29,4.0,2.0,0,4.155826989884607,4.3452301785009375,5.16875544978847,5.181986816245068,5.025938260249124,0.18640561516646925,0.21362836966968313,0.17530605948687286,0.14285714285714285
2025-04-30,4.0,4.0,0,4.346401801595024,5.417409146001818,5.258009494226298,5.280163272794488,5.1639204063469935,0.20038234138678412,0.17501860101891595,0.16089055664961033,0.04878048780487805
2025-05-01,4.0,6.0,0,5.139033545775747,4.464378182769378,5.24531589871447,5.377885845443972,4.878033138492052,0.171722604332406,0.26940849295305536,0.1945002844363197,0.21311475409836064
2025-05-02,4.0,3.0,0,4.601469272512254,3.805501009333868,5.096679108077286,5.087406115964115,4.9883240382303216,0.18264036778553977,0.2800557289524952,0.1980162102594197,0.21311475409836064
2025-05-03,4.0,5.0,0,5.232644815562769,4.895120758089141,4.672588269808956,4.724066488314968,4.528285662895299,0.13851565619122286,0.18812132467676754,0.16591951430030918,0.04878048780487805
2025-05-04,4.0,6.0,0,5.453010203856072,4.826066529253633,5.105420574799421,5.1262705163306554,4.924161833300956,0.17626590922176621,0.27126443856428023,0.19511585733546696,0.21311475409836064
2025-05-05,4.0,5.0,0,4.365241674637927,4.461491012468346,5.289486049707965,5.2894100853901005,5.177644787854754,0.201785683544435,0.2822594874422071,0.19873944416820274,0.21311475409836064
2025-05-06,4.0,5.0,0,4.893947402856139,3.8279217723842454,5.316129203177909,5.399982789364145,5.1667060560121385,0.2006669971781834,0.19633677131471136,0.16899641822480843,0.04878048780487805
2025-05-07,4.0,2.0,0,6.287568310991932,6.027281521080489,6.494219716181901,6.49155443706183,6.193379634979155,0.3094168048982127,0.3628906749104881,0.2244912588519075,0.25
2025-05-08,4.0,9.0,1,3.925250437400337,3.913965184199506,5.409807023588149,5.503314234397743,5.117329645967551,0.1956354616169312,0.2634007404686941,0.19249929951569011,0.21311475409836064
2025-05-09,4.0,9.0,1,4.527289543125615,5.455817771635648,4.8305847521816005,4.8990638228103895,4.602258561762401,0.1453392920571722,0.2117704927750994,0.17463804894437848,0.14285714285714285
2025-05-10,4.0,2.0,0,3.7582865458079127,3.750400621847387,4.973272402424341,5.002031227190466,4.827362242898654,0.16677207645505604,0.20305675250367866,0.17147388466739902,0.04878048780487805
2025-05-11,4.0,6.0,0,4.957302873910769,3.7775464615902403,4.863049414857429,4.893266298372166,4.786929829891942,0.16285329790515302,0.28764421654218864,0.2005006053094068,0.21311475409836064
2025-05-12,4.0,5.0,0,4.352096724988122,3.5076755663537256,4.58884366728422,4.642811418677423,4.579199365774769,0.14319978990786333,0.21255094017866769,0.17491893748928392,0.14285714285714285
2025-05-13,4.0,6.0,0,4.51055456718159,4.753187681056308,4.4623924284563214,4.463627463570899,4.507276665208372,0.13659913380534963,0.23801981077858886,0.18388537272966218,0.14285714285714285
2025-05-14,4.0,6.0,0,4.49114313135527,3.6996517152507287,4.1580204189240675,4.315021838017679,4.015737843211903,0.09484021379577784,0.27079882408859357,0.19496153534647676,0.21311475409836064
2025-05-15,4.0,1.0,0,4.4221298033138945,3.8646732038436236,4.420263299382929,4.426605329109894,4.410231880500851,0.127875152948373,0.24821916485165435,0.18738059085802095,0.17918185615387655
2025-05-16,4.0,2.0,0,4.253854207166561,3.852029983486602,5.002718249862033,5.105097029545855,4.955245772285635,0.17934628315003082,0.26481985905292516,0.19297314222777498,0.21311475409836064
2025-05-17,4.0,6.0,0,7.3210096230929,5.556203953119521,6.455589173881388,6.521560552462288,6.1863915748778755,0.30866612236970453,0.3715121877655245,0.22719706080282642,0.25
2025-05-18,4.0,5.0,0,4.1120424971677245,3.8138285407064134,5.474686635026069,5.4939559383562,5.441809880629567,0.22918599925587332,0.2537277705239823,0.1892488338876682,0.21311475409836064
2025-05-19,4.0,4.0,0,4.2934903887993805,3.687684152909351,5.228551788731757,5.267420462267886,5.235644440015853,0.20774036396783388,0.27335814255544627,0.19580888238749086,0.21311475409836064
2025-05-20,4.0,4.0,0,5.0084845191085465,3.00781192302451,4.481697534956573,4.628116137719561,4.337859789980841,0.12151296684684594,0.24586398777447457,0.1865777793096718,0.14285714285714285
2025-05-21,4.0,3.0,0,5.25730599016686,3.947315979258639,5.392920237480392,5.552601673158169,5.125142832444919,0.19642962097318323,0.26786077665358243,0.19398602821464317,0.21311475409836064
2025-05-22,4.0,6.0,0,4.316649304406621,4.042155658554358,4.2189025069634285,4.362319679349651,4.1566639669565,0.10616324862717394,0.2696094631365346,0.1945669988683667,0.21311475409836064
2025-05-23,4.0,5.0,0,4.338635899802761,3.691688303188757,4.426005761598375,4.555048130200582,4.352032643700647,0.12274889598509937,0.3128983931289186,0.2086613904334921,0.21311475409836064
2025-05-24,4.0,1.0,0,4.397194479570819,4.204583110786387,4.554200988726503,4.5487701275805055,4.645900563688234,0.14941840170112602,0.276471595095982,0.19683676693921712,0.21311475409836064
2025-05-25,4.0,2.0,0,5.617095689742787,5.01785452298649,6.761894136269269,6.624993852457887,6.8197030156585665,0.376118184173772,0.3451861556306372,0.21891900337249792,0.23333333333333334
2025-05-26,4.0,10.0,1,3.5952430850452433,3.1557170842851705,4.956160634538574,5.0283889824795995,4.7667146937966445,0.160904833925533,0.1418855919959069,0.14734520573694662,0.0
2025-05-27,4.0,7.0,0,3.970221457673796,3.216898060479651,4.938885167583809,5.005543988679646,4.83840990498664,0.16784774931744906,0.24857600370301786,0.187502011025141,0.20987326942047146
2025-05-28,4.0,4.0,0,4.4439728565535335,4.162395041201329,4.793560047484785,4.83985132143192,4.655071979532525,0.15028050664254522,0.21071731175056688,0.17425836548365925,0.14285714285714285
2025-05-29,4.0,6.0,0,5.214528610351714,5.334072332083381,5.192908744589851,5.266294238082235,4.981197367923121,0.18192928746700057,0.2591086121147391,0.1910615357613426,0.21311475409836064
2025-05-30,4.0,4.0,0,4.437157031349387,5.668548251847249,5.079521129497931,5.188871399563121,4.813780397334363,0.1654525262630897,0.2556085542041809,0.18988376775482219,0.21311475409836064
2025-05-31,4.0,9.0,1,5.084878810227301,4.440224793196506,4.488844979660148,4.697806535172804,4.217690701883459,0.11123714035071869,0.3064964060154134,0.20660642360253628,0.21311475409836064
2025-06-01,4.0,5.0,0,3.038666714093965,2.704917435494573,4.079815236308171,4.270076689289978,3.822288089891067,0.08024923906196325,0.2173111471021677,0.17662368529008662,0.14285714285714285
2025-06-02,4.0,2.0,0,3.910884529134529,2.9070828221754135,4.6584448622313595,4.715487176042493,4.390259818259585,0.12610683687607047,0.2757050304006615,0.1965839833123355,0.21311475409836064
2025-06-03,4.0,5.0,0,4.457945964775572,4.043284552061085,5.273309029922234,5.394158944422398,5.024898843011495,0.18630129635953174,0.30627458208465774,0.20653506715578338,0.21311475409836064
2025-06-04,4.0,4.0,0,5.114099535863731,4.4979316477223605,6.0171350988594625,6.030668067421839,5.731826017237268,0.25990605174666864,0.31782018133060613,0.2102357401965831,0.21311475409836064
2025-06-05,4.0,2.0,0,4.7881884740621965,4.768628898447731,5.533658845092439,5.519737925172803,5.377877037655614,0.2224933425860977,0.31890459051518116,0.21058201316469144,0.21311475409836064
2025-06-06,4.0,5.0,0,5.073467220995403,4.8938110578032665,4.821574663028271,4.866805393176388,4.704948275628659,0.1549976937591058,0.267741309240697,0.19394629794696885,0.21311475409836064
2025-06-07,4.0,1.0,0,5.166345420276771,4.246255113745741,4.814299978331507,4.932379052533415,4.442870734350718,0.1307851738808153,0.3405795704432162,0.21746432577033292,0.21311475409836064
2025-06-08,4.0,7.0,0,4.511787581206495,3.674469302670613,4.879051472855454,4.955173056661499,4.6644961282097785,0.1511681039253968,0.35482850486306317,0.221956974750447,0.25
2025-06-09,4.0,7.0,0,4.169283812154777,3.6638596424394088,4.7237492050087555,4.755216634227295,4.588676916066222,0.14407780578420892,0.40566156161951994,0.23790024834423382,0.25
2025-06-10,4.0,7.0,0,3.9345231811027204,3.433011025875624,4.713555996273298,4.745394849972422,4.604261415866758,0.1455256434517472,0.3403277153703147,0.21738472517502874,0.21311475409836064
2025-06-11,4.0,6.0,0,5.713603881644209,5.342723425615023,6.243564403430883,6.351929229034098,5.899468950673061,0.27784620594805864,0.41331901617689043,0.24030330715027415,0.25
2025-06-12,4.0,13.0,1,4.083586031203786,4.306324888081866,5.335167594266008,5.4019615335860705,5.007996526611292,0.18460708252077465,0.2709084179092722,0.19499786548731596,0.21311475409836064
2025-06-13,4.0,4.0,0,3.896461048732929,3.791508724863787,5.318090455875162,5.38258995132354,5.131153535964553,0.19704109310430795,0.2552289158285968,0.18975572279423505,0.21311475409836064
2025-06-14,4.0,16.0,1,6.683189007364436,10.931116528048411,8.124024509555376,8.064325941054738,7.7876384777891685,0.47389151283068204,0.5662147034229388,0.29032593854114047,0.3069306930693069
2025-06-15,4.0,20.0,1,8.468234112569036,13.71793169556719,8.51957079354566,8.417187471047596,7.832677578904145,0.478214818098816,0.5291098295227996,0.2776187686699436,0.28125
2025-06-16,4.0,7.0,0,4.406259943051104,5.330516714230726,6.098878771225707,5.994262517321699,5.811086712613709,0.26837679348701193,0.39900752944502793,0.2358139742166682,0.25
2025-06-17,4.0,8.0,1,5.461886688074639,4.321082938435499,5.7709504127848135,5.744213781322943,5.573569010444636,0.24307852583082076,0.40974411746762057,0.23918108595510185,0.25
2025-06-18,4.0,4.0,0,5.697740183110929,7.857287894822531,5.109355090728484,5.073290777363814,5.051341054449191,0.18895979820101344,0.45931090716456346,0.25484048255695574,0.2545454545454545
2025-06-19,4.0,10.0,1,5.7357963371511875,7.31518009159464,5.706251412819429,5.750169533576489,5.566805768557836,0.24236251222964952,0.46431499029403445,0.2564384694128464,0.2545454545454545
2025-06-20,4.0,8.0,1,5.899035153131862,6.615811500434495,5.61862702931502,5.633430375896366,5.494637852332169,0.23474111275437598,0.37111740926460407,0.22707323815897915,0.25
2025-06-21,4.0,6.0,0,3.968827282942117,4.317067020880372,5.509398951408706,5.576389130197808,5.23322886598684,0.20749160742661996,0.31262739266265716,0.20857457033072102,0.21311475409836064
2025-06-22,4.0,4.0,0,4.955095076609581,5.166208825651619,4.790649359641342,4.968816624867407,4.5515967365712395,0.1406534256177556,0.4501530459638434,0.2519260951026859,0.2545454545454545
2025-06-23,4.0,8.0,1,5.8220459013176535,5.784440910981186,5.538934033217129,5.54794870622044,5.263422030030086,0.21060545309866213,0.44146944910987046,0.2491733247377494,0.2545454545454545
2025-06-24,4.0,3.0,0,5.05738874877505,5.4758074210932834,5.697613839558612,5.657854622035833,5.592917017711157,0.2451284349251739,0.3061791437638459,0.2065043632352483,0.21311475409836064
2025-06-25,4.0,6.0,0,5.719197966059317,7.775605204727657,5.414851177720093,5.49014592936846,5.280638878009944,0.2123853748596167,0.4872898845222433,0.26383406919686364,0.27586206896551724
2025-06-26,4.0,7.0,0,5.453077130763399,5.577006946404016,5.629186578240792,5.63204324807582,5.489407100428928,0.23419013100874855,0.4368634248121564,0.24771689101023567,0.2545454545454545
2025-06-27,4.0,5.0,0,5.60694394176366,6.945720292171882,4.98231974840233,5.063816811983616,4.7027385676261115,0.15478768796265302,0.4697813192797301,0.2581889275529482,0.2545454545454545
2025-06-28,4.0,2.0,0,5.950892133092554,9.425493660842129,4.8085845398455405,4.932059443904576,4.58602609570469,0.14383204027376637,0.44290105972119476,0.24962650391337896,0.2545454545454545
2025-06-29,4.0,6.0,0,6.068249213558377,7.424706335770863,5.310222369420243,5.40377679789815,5.147085078781142,0.19866399373917254,0.48933841877547557,0.2644987793520167,0.27586206896551724
2025-06-30,4.0,5.0,0,3.871235545044507,3.5212294827667403,4.827234280293057,4.944563898932176,4.645829916435029,0.14941176742038234,0.4283912002841237,0.2450437888316389,0.2545454545454545
2025-07-01,4.0,6.0,0,3.723728263052833,3.5755284723428895,4.872602578939404,4.926950945977542,4.669315116882553,0.15162264774010759,0.3977522238173617,0.23542053101891386,0.25
2025-07-02,4.0,6.0,0,5.159729994953366,5.327256757067584,5.7461615583334655,5.73804435326136,5.589656172441777,0.24478279041100034,0.39791312560106823,0.23547095957478897,0.25
2025-07-03,4.0,4.0,0,4.889326397691033,7.0062106943517115,5.573709054132192,5.541765727267103,5.349392423374022,0.2195230293186234,0.44187288212904335,0.2493010074420166,0.2545454545454545
2025-07-04,4.0,9.0,1,5.06499288612569,5.876487712663107,5.696712151884979,5.676404388934582,5.482524295894153,0.233465438291846,0.41435072364012215,0.2406273062697451,0.25
2025-07-05,4.0,3.0,0,5.748279542577786,6.324159795618486,6.677630738688329,6.7669344888506044,6.366619360050699,0.32800265933967515,0.35734234324976827,0.22274767995937916,0.25
2025-07-06,4.0,4.0,0,8.286947233769126,7.981241583935187,9.065576797754078,8.782668366935292,8.520599868665094,0.5412742970872266,0.5887247507167496,0.29831904507250345,0.3069306930693069
2025-07-07,4.0,2.0,0,5.631940645986857,5.857496833928298,5.498731782186525,5.496503529796281,5.042426738469049,0.18806246825329337,0.3674852643638997,0.22593369789078774,0.25
2025-07-08,4.0,5.0,0,5.226757421423544,5.126901704330502,5.1525168543953415,5.151268735780615,4.914499420372525,0.1753114342962176,0.43920420252795056,0.24845674921945368,0.2545454545454545
2025-07-09,4.0,7.0,0,5.781577608793117,6.709785542976933,4.783366067765167,4.8421742467874065,4.597077271982901,0.14485759399867165,0.5399737657717811,0.2812860334341005,0.3069306930693069
2025-07-10,4.0,0.0,0,6.117075245464174,7.833577441568056,4.94523768242414,5.061251795292051,4.698561303566137,0.15439094445981666,0.583446288833681,0.29642278416529255,0.3069306930693069
2025-07-11,4.0,9.0,1,5.6915562408201446,6.576220610395834,5.765406542859238,5.844928344124114,5.407664831894523,0.2256072896033679,0.5379386237864171,0.2805959314287529,0.3069306930693069
2025-07-12,4.0,8.0,1,6.074119547416645,6.352351115010574,5.218448377232365,5.283715079749471,4.832900501349401,0.1673110575923394,0.5448368399006107,0.28294112665213594,0.3069306930693069
2025-07-13,4.0,6.0,0,5.587973253764733,5.633174347964092,4.067929529469847,4.2542957291903,3.690405498837302,0.07097453610931731,0.5294351709333991,0.27772801138427616,0.28125
2025-07-14,4.0,7.0,0,5.9185825221322235,6.259507215031458,5.328987936185883,5.36231985383543,4.776480811766558,0.16184524059750216,0.39087145665027867,0.23326440682406038,0.25
2025-07-15,4.0,3.0,0,5.1760645590436525,5.659971132742434,5.796597110115409,5.813872513169827,5.368954822660953,0.22156215932746043,0.31024645887788105,0.20781116692858168,0.21311475409836064
2025-07-16,4.0,7.0,0,5.357145659968371,5.808697027641708,6.572938327708304,6.452273991361886,6.75792560613388,0.3696188157898844,0.42395499252017177,0.24364674935251224,0.25
2025-07-17,4.0,5.0,0,5.694404072289512,4.4225113351268766,6.442077160626902,6.288861586521331,6.6704352890904195,0.3603761011569646,0.3650718046105848,0.22517615343173292,0.25
2025-07-18,4.0,5.0,0,6.35236608252638,6.925749296479038,7.307617427738929,7.063427638798849,7.477974938166011,0.44357147051580853,0.4559723573694889,0.25377658105438033,0.2545454545454545
2025-07-19,4.0,0.0,0,5.588909930620016,5.5448331074286825,6.51298380954479,6.399796666748504,6.6710868889226616,0.3604450929657888,0.35943129745921687,0.22340438427500242,0.25
2025-07-20,4.0,2.0,0,5.101600607546197,5.072567602001157,5.651004900847339,5.654799799993127,5.744506858237027,0.2612596542840128,0.43375264866214797,0.24673456842795055,0.2545454545454545
2025-07-21,4.0,11.0,1,5.371142690723486,5.088642074471285,5.234382810577826,5.274122455370367,5.307877121824906,0.21520754619109417,0.3531877239141227,0.22144061077565222,0.23333333333333334
2025-07-22,4.0,4.0,0,3.5113122803861896,4.294955549200405,5.617242180542296,5.548432423899901,5.774036783664928,0.26441428503119013,0.29602338791380073,0.20322528702702108,0.21311475409836064
2025-07-23,4.0,7.0,0,5.003203266616286,6.233122825076032,5.172852098364927,5.15850517815405,5.348401569284576,0.21941983952629432,0.38536957848015424,0.23154059051042572,0.25
2025-07-24,4.0,9.0,1,6.244099342202076,6.871086593608118,6.653413978791419,6.61325220407891,6.813036093245232,0.37541792027523285,0.39867119584902033,0.2357085555878142,0.25
2025-07-25,4.0,7.0,0,6.073554985822047,6.190666364730801,8.028493587250802,7.6911657077471585,8.140049146915727,0.5070958919860681,0.42213569662427264,0.2430742850792777,0.25
2025-07-26,4.0,5.0,0,3.9818020248865613,3.3872197928390926,5.423787444901169,5.33239283063716,5.544261778246039,0.23997793559515815,0.25638978519697625,0.19014707780888926,0.21311475409836064
2025-07-27,4.0,2.0,0,3.3551957458664106,2.962035430356291,7.315485948706457,7.038320417917836,7.49446243609854,0.4452110354015989,0.3134893591717203,0.20885066783685138,0.21311475409836064
2025-07-28,4.0,10.0,1,3.987444126525746,3.2430372831925256,7.4080759136992285,7.189806960801904,7.495368081835358,0.4453010162276567,0.3088374366374524,0.20735884850083644,0.21311475409836064
2025-07-29,4.0,3.0,0,5.1769286386632425,4.2927232546647,6.653277903348528,6.446962946553561,6.757835748965378,0.36960934540571677,0.30452557342650377,0.2059720700414642,0.21311475409836064
2025-07-30,4.0,5.0,0,4.6572298499726825,5.192067822651289,8.342801088955602,7.999992374465611,8.810380200930934,0.5660795464021653,0.42471115476410004,0.24388476202284318,0.2502656424115113
2025-07-31,4.0,6.0,0,9.068185664459342,10.367140463936547,11.931571911246982,10.927327339996728,12.052353681320591,0.7731439886580486,0.5506500190266733,0.28493116751898107,0.3069306930693069
2025-08-01,4.0,4.0,0,5.940879091823759,8.210317555518296,9.201671613959364,8.708845862784496,9.17065691145433,0.5954154471144313,0.4632573141326505,0.25610037063208135,0.2545454545454545
2025-08-02,4.0,2.0,0,5.751480598579066,5.228919160990427,6.35855440855619,6.259307197585904,6.17770537605441,0.30773295687337476,0.28862226144564185,0.20081960747839042,0.21311475409836064
2025-08-03,4.0,6.0,0,6.512069322945808,4.462632652568173,5.493123978126695,5.427025783859758,5.5515286305866605,0.24074622084734867,0.4152525886118402,0.24091058021186632,0.25
2025-08-04,4.0,3.0,0,5.899850274079315,4.900678496179671,5.928276134151741,5.8383932328766495,6.020773074518621,0.2908693702606886,0.4634072905145349,0.2561483009362579,0.2545454545454545
2025-08-05,4.0,4.0,0,5.3017563626425614,5.735317073118988,5.502276756315483,5.460764262682282,5.345135446006977,0.21907976304925997,0.2869091803453382,0.20026068847319645,0.21311475409836064
2025-08-06,5.0,4.0,0,3.982582816890361,3.3762634884178486,4.945439622928938,5.007989071902405,4.6638908776591075,0.1493147545881882,0.262341152331552,0.20092708019594607,0.20238095238095238
2025-08-07,5.0,1.0,0,3.7921369877821185,3.1317863146636737,4.707452431244658,4.76735594834409,4.4847183959351336,0.13273845943257329,0.2395518946864027,0.1942469471253394,0.20238095238095238
2025-08-08,5.0,5.0,0,4.7577340981785925,4.589087274783079,4.780970442635381,4.8201857386082,4.601283281015068,0.14344295693213938,0.3120747594413913,0.21484563703568765,0.21291866028708134
2025-08-09,5.0,3.0,0,4.730866527441337,4.384542380484942,4.425609604521979,4.501871510290567,4.193607108486258,0.1074415447474936,0.2688654727068307,0.2027991143890314,0.21291866028708134
2025-08-10,5.0,1.0,0,4.980138784655531,4.570312315344674,4.45335123898995,4.573554832712957,4.18026569548662,0.10633561866241553,0.2357826381108908,0.19311835055448462,0.20238095238095238
2025-08-11,5.0,0.0,0,3.4250985315223534,2.7289605823174963,4.39687339683272,4.451477080204198,4.100227280610866,0.0998060264294671,0.23348202486068,0.19242584630394952,0.20238095238095238
2025-08-12,5.0,5.0,0,4.590453825024159,4.169578446324743,4.0833548980166166,4.227321558832392,3.754077210429517,0.07378304254001458,0.19707275770033225,0.18103740727026688,0.14814814814814814
2025-08-13,5.0,3.0,0,4.254901245054919,4.358786914426044,4.485374051051461,4.591955495556003,4.151433466078841,0.1039625538499219,0.2922331382275001,0.20938159530652906,0.21291866028708134
2025-08-14,5.0,3.0,0,4.070278822704858,3.523107211175326,5.188152831729067,5.2479227613516395,4.940796282443587,0.1761988668456247,0.29416249802283656,0.2099174700837146,0.21291866028708134
2025-08-15,5.0,2.0,0,4.700622859781471,4.104473382826121,4.7458160899751185,4.906115728329037,4.376108611891892,0.12304934646165375,0.2847360244231837,0.2072889242473672,0.21291866028708134
2025-08-16,5.0,3.0,0,4.8243018115736,5.069880001788128,4.910866700073764,5.053213582892865,4.516891848539664,0.13566239576546868,0.3385009970016036,0.22198818038244622,0.21291866028708134
2025-08-17,5.0,1.0,0,4.764004907505133,4.070345655917563,4.8433472739493215,4.96482641828564,4.635345815064135,0.1466273638775892,0.30069517315549654,0.21172427817208228,0.21291866028708134
2025-08-18,5.0,1.0,0,4.0392897344501515,3.969812380322418,3.994051979081975,4.121052386301372,3.750592872772598,0.07354045060414664,0.27929135614259337,0.20575821927580323,0.21291866028708134
2025-08-19,5.0,5.0,0,4.586530270718394,4.3954061541547365,4.952730281719623,5.0788944398740545,4.587268037472271,0.1421399336601966,0.3323334917899558,0.22033266905415247,0.21291866028708134
2025-08-20,5.0,1.0,0,4.356150508587633,3.6219416255420107,4.625158143169474,4.76044933716099,4.282213222673473,0.11490969966132639,0.2333706391087149,0.19239224648522038,0.20238095238095238
2025-08-21,5.0,5.0,0,4.421726054241195,3.59731688640527,5.273818705425696,5.408242946887098,5.009898390480367,0.18311479360896096,0.2735858884946691,0.20414361901163558,0.21291866028708134
2025-08-22,5.0,6.0,0,4.530343023804416,4.624986911273284,4.827892021997776,4.873561058337595,4.675139694804539,0.15037840264839242,0.23979351475136135,0.194319045468124,0.20238095238095238
2025-08-23,5.0,7.0,0,4.920506939549344,5.245908570902323,4.283915949118332,4.40992263319305,4.263352231532252,0.1133023193894395,0.2328976333402553,0.19224948842679737,0.20238095238095238
2025-08-24,5.0,1.0,0,4.77161630928261,4.109542432313513,4.229610189928233,4.360638073332963,4.10262889870313,0.09999929065757503,0.22594092536747823,0.19013556822976307,0.20238095238095238
2025-08-25,5.0,4.0,0,4.370055808561678,3.4312524121682584,4.936446343230929,5.017470780134776,4.741299478377364,0.15668570079322447,0.2186147766906474,0.18787887973370032,0.20238095238095238
2025-08-26,5.0,6.0,0,4.1726466445421115,3.783145531333615,5.10298192690336,5.141430268251575,4.968082155736319,0.17892073650935336,0.2617911512123827,0.20076850838653632,0.20238095238095238
2025-08-27,5.0,6.0,0,4.155857547720133,3.9142769905774526,4.357575698588255,4.455054440099603,4.1789166205714885,0.10622406331119749,0.2605048926379012,0.20039719035965825,0.20238095238095238
2025-08-28,5.0,2.0,0,5.496375988698609,5.745961651198681,3.840476623924938,3.9739000532142885,3.6174570596791265,0.0645755610989481,0.2231644395677576,0.18928412980828768,0.20238095238095238
2025-08-29,5.0,2.0,0,4.079172626697481,3.824819202093932,4.482259303781638,4.59540705076917,4.257945576187274,0.11284329447837366,0.28066383860398125,0.20614498173733237,0.21291866028708134
2025-08-30,5.0,3.0,0,4.5857398361949375,3.85934808222184,4.43185757774885,4.497119950217829,4.284536371119172,0.11510833495818995,0.21867573307104993,0.1878977918673267,0.20238095238095238
2025-08-31,5.0,6.0,0,3.7779499989022147,3.151164745951318,4.169192805892843,4.239156634179965,4.1210328873416024,0.10148582298767184,0.20984237054314303,0.18513207604201296,0.20117354906570814
2025-09-01,5.0,2.0,0,4.6683858217356775,3.672934598094058,4.171711783127925,4.2305946884462555,4.081378707059852,0.09829504128923346,0.22529180036294277,0.18993691396228116,0.20238095238095238
2025-09-02,5.0,3.0,0,5.3144257511263335,5.166278274367035,4.195783962167186,4.3577453268171435,4.120686364325711,0.10145774365715142,0.27941906166550456,0.2057942326519861,0.21291866028708134
2025-09-03,5.0,6.0,0,4.5513294439550505,4.6425899269492925,4.882166808587058,4.924967350812036,4.79749295371093,0.1621095621531137,0.2618833393722473,0.20079509575824284,0.20238095238095238
2025-09-04,5.0,5.0,0,4.551431851844636,5.237389521254262,4.777257527626909,4.850882336429911,4.730427282745878,0.15564327125696892,0.2818480380469128,0.2064781909890931,0.21291866028708134
2025-09-05,5.0,1.0,0,4.670613909715424,3.2808110557930332,4.676957067601793,4.748223856935376,4.608546531999793,0.14411990187236517,0.21369199545406647,0.18634371275801728,0.20238095238095238
2025-09-06,5.0,7.0,0,3.7701662824438285,3.326542587432278,4.554393023824967,4.64866690964752,4.529520189462969,0.13681655492676972,0.24269017004352794,0.19518112384984518,0.20238095238095238
2025-09-07,5.0,4.0,0,5.563747046491686,5.114932736525789,4.634423233754645,4.753382375054384,4.415950427985888,0.12657044401349926,0.3403112136456404,0.2224729392209275,0.21291866028708134
2025-09-08,5.0,0.0,0,4.747685003701148,4.17504561737465,5.016901612130509,5.149784523981731,4.943804383580582,0.17649834947012444,0.2904040336855978,0.20887257947703797,0.21291866028708134
2025-09-09,5.0,6.0,0,5.965141088330099,7.678227753207976,6.814891742775474,6.798131840570973,6.641391546925598,0.35726167853988594,0.4380496122999445,0.24826093478796868,0.21505376344086022
2025-09-10,5.0,10.0,1,3.6407581912030436,4.205303197148311,5.297012774920789,5.323428195693606,5.06706798388151,0.18889142258306213,0.22934000706507554,0.1911718356995565,0.20238095238095238
2025-09-11,5.0,2.0,0,3.975596660106974,3.3605712051876093,4.475027123682361,4.517696703319314,4.3337980573695285,0.11935350962171386,0.228538044237503,0.19092793749081047,0.20238095238095238
2025-09-12,5.0,4.0,0,4.517034554222924,4.264538490830964,4.453686976563413,4.50998867572868,4.406638406743633,0.125743974892376,0.22745749618882782,0.1905987373257776,0.20238095238095238
2025-09-13,5.0,0.0,0,4.103625117335768,4.000933460763963,4.396215745795841,4.475937139584171,4.2381621973523735,0.11117036143479667,0.18673288105029187,0.1776280976177675,0.14814814814814814
2025-09-14,5.0,6.0,0,4.666751437734296,4.690221771986572,4.389261867443031,4.460489777246409,4.364828776549885,0.12205963122579402,0.18313908287882505,0.17642149193805037,0.14814814814814814
2025-09-15,5.0,13.0,1,5.0333978694943005,5.551270437342637,4.890771117140874,4.946828224503371,4.796286386318828,0.16199248024209645,0.2200538635025702,0.18832474643645275,0.20238095238095238
2025-09-16,5.0,10.0,1,4.131458272312628,4.712779533403826,4.659091888373547,4.714806092650494,4.560341893668372,0.13964858794940177,0.22770202660866176,0.19067329434993827,0.20238095238095238
2025-09-17,5.0,1.0,0,4.975730565659343,5.523678517568692,4.375612158013953,4.4536277919278495,4.313571619630308,0.1176028551933445,0.26471472941997287,0.20161003684152182,0.21291866028708134
2025-09-18,5.0,2.0,0,4.575499046456523,3.9026681641224736,5.01163215684697,5.073471226403502,4.8223641387607366,0.16452894111924574,0.278308119805356,0.20548076148142097,0.21291866028708134
2025-09-19,5.0,7.0,0,4.5087818389398695,5.901453398840165,5.990067739601918,5.907586352044468,5.729479620603167,0.2585138383343107,0.4172803197953593,0.24280003520849794,0.21505376344086022
2025-09-20,5.0,6.0,0,3.71964063186286,5.283590526724275,6.156688369898067,6.064699076685721,5.9409415526420535,0.28137786269754606,0.3019289794609896,0.21206425191903028,0.21291866028708134
2025-09-21,5.0,1.0,0,4.690457849708576,4.3759553529398865,5.229225674589324,5.2451023474632885,5.131258300934115,0.19543293669844855,0.2588740116587385,0.19992541897939775,0.20238095238095238
2025-09-22,5.0,4.0,0,4.65943756700209,3.7461160749220968,4.745474089150401,4.823851990313127,4.651675690052962,0.14816267719737683,0.23521261615370978,0.19294703087273496,0.20238095238095238
2025-09-23,5.0,8.0,1,3.932110123711501,3.8726314770236354,4.595469794329031,4.702712449642348,4.508056062646781,0.13485701906863778,0.23900997587822484,0.1940851335743075,0.20238095238095238
2025-09-24,5.0,1.0,0,3.6792645471397294,2.7122859171218705,5.072403294012534,5.06473511281215,5.0234996996215715,0.18448473670206827,0.24970553033731357,0.19725220431736273,0.20238095238095238
2025-09-25,5.0,0.0,0,4.481647752558903,4.13177041311811,4.969871566227337,5.064213199187402,4.9010604851147255,0.17225676744194285,0.28047586813230574,0.2060920487041771,0.21291866028708134
2025-09-26,5.0,3.0,0,4.8631375024682955,4.088057883651303,5.01235730873419,5.104171628096095,4.813542013760236,0.16366946439272576,0.25872542667266246,0.19988238286239188,0.20238095238095238
2025-09-27,5.0,5.0,0,4.31595392117054,3.7813972847901303,4.451247164079346,4.565642884264916,4.318214860022129,0.11800380756100705,0.253730103050037,0.19843012946075583,0.20238095238095238
2025-09-28,5.0,4.0,0,4.423927365401802,4.0211626513040875,4.324279797140836,4.389871048860141,4.168726465060738,0.10538307616068034,0.23064501582461944,0.19156795244033858,0.20238095238095238
2025-09-29,5.0,1.0,0,4.80066381367969,4.146149430045537,4.72956891559288,4.841126932415063,4.536251522116175,0.1374332385160082,0.22734683845439066,0.19056498666415644,0.20238095238095238
2025-09-30,5.0,1.0,0,4.401395566662912,4.061271675191609,5.764345354397251,5.776175459143161,5.541602360232718,0.2383785094370849,0.24108818640186924,0.19470487013475604,0.20238095238095238
2025-10-01,5.0,6.0,0,4.409836677749457,5.038185868045961,5.46801220809928,5.44314220481553,5.305413054072652,0.21344535597036046,0.24611776491550622,0.19619592289503632,0.20238095238095238
2025-10-02,5.0,3.0,0,4.28468731377232,4.396879942003627,5.1203239954294215,5.144816972945833,4.975157711452653,0.17962848427884895,0.2769570252669464,0.20509896837917016,0.21291866028708134
2025-10-03,5.0,3.0,0,4.08241763099117,3.3270796244784324,4.963374328965946,5.086657109016703,4.810340857579766,0.16335794857725586,0.2533012681314746,0.19830495818051241,0.20238095238095238
2025-10-04,5.0,2.0,0,5.431285398750535,4.781914470616409,6.180586578264019,6.160092459433672,5.839167633315668,0.270354163544489,0.29368988061327933,0.20978629937412638,0.21291866028708134
2025-10-05,5.0,4.0,0,4.986251456024424,6.667017273217885,4.875717279771449,4.9386874762622295,4.677784648737481,0.15062887544120668,0.28079911097197724,0.20618306767854347,0.21291866028708134
2025-10-06,5.0,3.0,0,4.285569762086597,4.075891207969519,4.944349974338996,5.0416277466904065,4.786700060959756,0.16106320879290445,0.23985176968035568,0.19433642407123475,0.20238095238095238
2025-10-07,5.0,1.0,0,4.663190801466239,4.797955224377121,5.4700555095753955,5.508466875059647,5.215032120939023,0.2040520022841667,0.2837702865446573,0.20701811074695842,0.21291866028708134
2025-10-08,5.0,6.0,0,4.927199391500547,4.395740366703265,5.350977682465239,5.369529474701155,5.160468372525557,0.19842806691121023,0.27754523173366485,0.205265260007102,0.21291866028708134
2025-10-09,5.0,2.0,0,5.02588794440179,5.462613223594398,5.561319900640555,5.650429190788192,5.382941005030245,0.22157297842388687,0.26902553028331866,0.20284483653765978,0.21291866028708134
2025-10-10,5.0,1.0,0,4.9027205285335995,4.537428120924403,5.263752055256734,5.32666490609789,5.0887461281611435,0.19109422273228863,0.2786367415798534,0.20557353063310943,0.21291866028708134
2025-10-11,5.0,4.0,0,4.404680385755476,3.5637521795882137,4.577936946113707,4.732213690496905,4.4779286497389625,0.1321244743861181,0.194997363684983,0.18036019386746924,0.14814814814814814
2025-10-12,5.0,1.0,0,4.566573235721412,5.107190595174519,5.233383185990084,5.2918475807636955,4.975008955469343,0.17961359653361572,0.2423293465486612,0.19507396492604323,0.20238095238095238
2025-10-13,5.0,6.0,0,4.982550431688748,5.767142831048589,5.675967448876337,5.6759352190438594,5.383932291131986,0.2216772867569206,0.25602210571005984,0.1990977837603508,0.20238095238095238
2025-10-14,5.0,2.0,0,4.491729962617021,4.938454564772873,5.190387458657389,5.249598956889398,4.915605779305356,0.1736967384301594,0.28467193394071844,0.20727096097643496,0.21291866028708134
2025-10-15,5.0,3.0,0,4.573204601768828,3.8770835897910207,4.808626922545067,4.863371399328069,4.488858477285537,0.13311336817838731,0.224504454427203,0.18969562785292818,0.20238095238095238
2025-10-16,5.0,7.0,0,4.285523332011523,2.969346187478778,5.198039137277705,5.2583465974094095,5.001895173051279,0.18231000631067376,0.16992392132911946,0.1718782072026716,0.09090909090909091
2025-10-17,5.0,8.0,1,4.121690832646276,5.503145184333474,5.356854774051567,5.378348164482133,5.096522533930085,0.191886018995174,0.3136252120521763,0.21526855613344775,0.21291866028708134
2025-10-18,5.0,2.0,0,4.081760916246105,4.151868787497346,4.941966407885897,5.046055449488054,4.723382125228485,0.15496901003091892,0.2561425403394714,0.19913280371856404,0.20238095238095238
2025-10-19,5.0,8.0,1,4.005514149279554,4.510335347272978,5.211718877267502,5.291184820537091,4.965879129027148,0.17870053528679203,0.2386877637893956,0.19398885236654345,0.20238095238095238
2025-10-20,5.0,1.0,0,4.473958276385499,3.7551410099848397,5.083537373110453,5.103823511662645,4.9675478404774305,0.17886732253553855,0.23338304063489454,0.1923959877703196,0.20238095238095238
2025-10-21,5.0,3.0,0,4.523390612485099,5.4133977978526815,4.865529540492604,4.917332719775262,4.894908627653092,0.1716488089686031,0.27507355258450167,0.20456569586315496,0.21291866028708134
2025-10-22,5.0,9.0,1,3.826140257145087,3.5874070179459907,5.604045873447148,5.647109835784785,5.6280532245144785,0.24761688140062757,0.27979501925517875,0.2059002225593608,0.21291866028708134
2025-10-23,5.0,1.0,0,4.239204214370787,7.246958060307338,5.762970075168007,5.794274847211912,5.7440446850984355,0.2600830791288243,0.37572709646753216,0.23187497838988347,0.21291866028708134
2025-10-24,5.0,6.0,0,3.9396522393741877,3.742220612113062,5.58371140115018,5.656011458737723,5.556045528719023,0.2399183623751489,0.2897868271136366,0.20870059861417184,0.21291866028708134
2025-10-25,5.0,2.0,0,4.20312028036639,4.588440135971252,5.821803925641017,5.851110372175279,5.782197406295845,0.2641982409580473,0.28716152838512,0.20796780852236774,0.21291866028708134
2025-10-26,5.0,2.0,0,3.8041657736156713,5.025901735856804,5.860086382069873,5.8314569737280255,5.819961414886436,0.26827746369087385,0.36987954781972315,0.23033127514625712,0.21291866028708134
2025-10-27,5.0,4.0,0,3.8074759876175333,3.077893154412649,5.700354309145321,5.774151279082495,5.647400639781531,0.24969102907630258,0.4066311328858343,0.24000351752361027,0.21505376344086022
2025-10-28,5.0,2.0,0,4.273962232769396,4.226138753198231,5.9815575106878525,6.031532887030853,5.898135422793916,0.2767377471945581,0.45815257793705916,0.2535688679204433,0.21505376344086022
2025-10-29,5.0,2.0,0,4.712583163980352,3.533514430812203,6.679652731072036,6.639140496784638,6.55770792661563,0.34825802196437083,0.41235677457240993,0.24150703500984896,0.21505376344086022
2025-10-30,5.0,3.0,0,5.250899468077338,3.787769699606398,6.10043124798779,6.120532549872881,6.025239974027748,0.2905267640942329,0.42429281337114594,0.24464228155449727,0.21505376344086022
2025-10-31,5.0,7.0,0,5.135252825972013,5.994265995467596,6.0094721480226365,6.0790779133518456,5.958354724841489,0.2832666453048653,0.47155963181271027,0.25712883789214197,0.21505376344086022
2025-11-01,5.0,0.0,0,4.153037010264937,4.97941941370504,5.927612780863541,5.977809138089371,5.85455004625338,0.27201833444485246,0.4520592439687312,0.2519567359034594,0.21505376344086022
2025-11-02,5.0,4.0,0,3.9941054748577662,4.686683916557684,5.676511853060757,5.6958839096091936,5.589279655954426,0.24346720391806637,0.39053888742166615,0.23577541462753684,0.21505376344086022
2025-11-03,5.0,6.0,0,3.7904410459551072,3.57768053897405,5.17618842576453,5.219630425509665,5.1552865730430115,0.1978959263486446,0.29075398408775854,0.20897004135647404,0.21291866028708134
2025-11-04,5.0,3.0,0,4.565191457034746,4.891583008322348,4.784426828622152,4.848204483526943,4.798439834908412,0.16220146367540464,0.30094368766887525,0.2117927876775397,0.21291866028708134
2025-11-05,5.0,3.0,0,4.781173614774208,4.308899260212275,5.356697988148669,5.352049236039397,5.3534528559815575,0.21847444643842612,0.36114523708249996,0.2280200931961174,0.21291866028708134
2025-11-06,5.0,6.0,0,4.323826786505112,4.770583277483585,5.0913805627844955,5.126956546385136,5.18389212272037,0.20083782690885085,0.345956122308827,0.2239814827812556,0.21291866028708134
2025-11-07,5.0,10.0,1,4.803834887737436,4.6818491579022865,4.985577312712995,5.057459082782661,5.024314370691823,0.18456687969631674,0.36119700887345263,0.22803381395241087,0.21291866028708134
2025-11-08,5.0,6.0,0,4.431083712171306,4.398564354438421,5.392535859500233,5.394978913466977,5.399950010872369,0.22336404851050842,0.3247407990206941,0.2182856058117417,0.21291866028708134
2025-11-09,5.0,3.0,0,4.602159528095232,4.79320058563103,5.017805882667638,5.041826153171295,5.083779256731542,0.1905889351838555,0.3291707868918865,0.2194812359493496,0.21291866028708134
2025-11-10,5.0,1.0,0,4.645581543184352,4.169098139864583,4.94176711773006,5.0116059326605615,4.975275447890023,0.17964026778278863,0.35339099404061514,0.22596177277688273,0.21291866028708134
2025-11-11,5.0,2.0,0,4.3799114341495375,3.9022326350111136,5.375691635023018,5.392222270080744,5.414367829183337,0.22488438089438134,0.28034909309809597,0.20605634194718456,0.21291866028708134
2025-11-12,5.0,6.0,0,4.915180848871312,4.4617785854782035,5.92361487636816,5.89719712566768,6.016504022333742,0.2895781211409371,0.4020852248789982,0.2388096535402514,0.21505376344086022
2025-11-13,5.0,4.0,0,5.903238019078424,6.104251801345662,6.3548429944037785,6.292053618509041,6.363973107208319,0.327312519589549,0.47358740501483626,0.25766902592049046,0.21505376344086022
2025-11-14,5.0,8.0,1,6.268053527988803,7.5554526723136854,6.216970769189224,6.1502984004179675,6.271259586406476,0.31725387060458793,0.42346994248885933,0.2444260475442347,0.21505376344086022
2025-11-15,5.0,9.0,1,5.5132902227385125,6.027495560168203,6.280870639431326,6.238325422464686,6.414015897009623,0.33273395574538206,0.4369864751249902,0.24798097838405186,0.21505376344086022
2025-11-16,5.0,5.0,0,5.1053698873270825,5.590765490366749,5.910778874683173,5.915842484133202,5.988848700802417,0.28657572703262363,0.34879881499987825,0.2247394808253949,0.21291866028708134
2025-11-17,5.0,3.0,0,5.1459388139249365,5.46961152533688,6.522078115663171,6.49363763011494,6.55758994973186,0.3482453072006973,0.4143612930448747,0.24203342610739426,0.21505376344086022
2025-11-18,5.0,4.0,0,6.268400869524793,6.006435468359852,6.135651388626853,6.187195582461118,6.111302183496778,0.2998762306195906,0.42420561876494306,0.2446193676778613,0.21505376344086022
2025-11-19,5.0,5.0,0,5.802575633376811,6.898435674426688,6.348282868085607,6.305156729586252,6.419939985589517,0.3333753069349016,0.5149533592472024,0.26882317784022425,0.23529411764705882
2025-11-20,5.0,5.0,0,5.479970550606088,5.142331837165204,5.663321301101644,5.746641963721854,5.636586140325569,0.24853137684657464,0.47587750356077435,0.25827970754669405,0.21505376344086022
2025-11-21,5.0,4.0,0,7.602024782422079,7.53499621791888,6.18832653307835,6.277662920224026,6.280105603058554,0.3182142365187718,0.5080508104573449,0.2669411597447199,0.23529411764705882
2025-11-22,5.0,5.0,0,5.773289653102135,5.5580299905486195,5.653712318959204,5.655322139866487,5.5166578578485925,0.23572269449006458,0.4607994772513738,0.2542702203870461,0.21505376344086022
2025-11-23,5.0,0.0,0,4.970399555468421,4.932237055798393,4.830965097603659,4.86200907190398,4.873708748036697,0.16955866226537752,0.3918469665470143,0.2361193652676866,0.21505376344086022
2025-11-24,5.0,6.0,0,4.8204851088594225,5.752338457604349,4.663610015782923,4.700086115129335,4.735012424666662,0.1560826159309206,0.29258441241097194,0.2094792397159347,0.21291866028708134
2025-11-25,5.0,3.0,0,4.885893803023814,5.0385363546072455,4.592177770286899,4.65908491606644,4.647998905786885,0.1478165056613871,0.2990429609736457,0.2112683921880616,0.21291866028708134
2025-11-26,5.0,4.0,0,5.212879559835577,4.418141146429404,4.473111357347581,4.550046234869799,4.4385591396485164,0.12858580794276372,0.34773281734166994,0.22445536121261908,0.21291866028708134
2025-11-27,5.0,7.0,0,5.2997234337532,4.250410954606095,4.550240919482135,4.6228311733154905,4.551759413979336,0.13885785676957316,0.3381724243806865,0.22190013758853397,0.21291866028708134
2025-11-28,5.0,4.0,0,6.204127082539486,5.556993796591046,5.193922959789135,5.2702336160368,5.1935355696000665,0.20183191879776677,0.43267928530312766,0.2468473472304246,0.21505376344086022
2025-11-29,5.0,2.0,0,5.280815778980978,5.597127340262366,5.413790784205177,5.489390067023515,5.305398860283298,0.2134438736510914,0.47648101863042724,0.25844075273985007,0.21505376344086022
2025-11-30,5.0,9.0,1,5.229795666070248,5.921280386175301,5.387505082288035,5.440828348555268,5.29590011962446,0.21245236446318877,0.4010324743201971,0.23853313668899642,0.21505376344086022
2025-12-01,5.0,5.0,0,5.167837655025165,5.312917412929895,4.997870037725124,5.039422808150891,4.917633651550306,0.17389777636104484,0.38292672004804573,0.2337723731491694,0.21417554623451582
2025-12-02,5.0,0.0,0,5.640160774288599,5.218899893470339,5.107231101464751,5.210515906543595,5.0258934946362315,0.18472613042625877,0.3938543161790245,0.23664706491259738,0.21505376344086022
2025-12-03,5.0,9.0,1,5.700623965777223,5.9919021059690865,5.7652733587116,5.778800127389742,5.686815166866035,0.25392323365367864,0.3948787648152476,0.23691632465115295,0.21505376344086022
2025-12-04,5.0,5.0,0,5.434300456848161,6.234689582011807,6.097852796951948,6.103982931005896,6.0290592230495355,0.2909415293840026,0.4387422068095863,0.24844334904572923,0.21505376344086022
2025-12-05,5.0,11.0,1,5.8243207046940935,5.672560533608629,6.023478763487077,6.078003076993851,5.8426787265412266,0.27073394621726865,0.36870593137751967,0.23002112380965603,0.21291866028708134
2025-12-06,5.0,4.0,0,6.51709762865468,6.019253128614401,5.579387386417517,5.631800357148018,5.450187688520251,0.2286696418088155,0.35526347875313,0.22645943162136842,0.21291866028708134
2025-12-07,5.0,5.0,0,4.551968515072434,4.923477928316086,4.917741172389052,4.950400684288331,4.846531053055692,0.16689052586878816,0.37722177889906516,0.23226916054717928,0.21291866028708134
2025-12-08,5.0,3.0,0,5.161391149727903,4.455226888515851,4.678090018616304,4.714290704976007,4.70466003162791,0.15318194980145927,0.39831611033207603,0.23781955609258756,0.21505376344086022
2025-12-09,5.0,8.0,1,5.002579135610602,6.165804567098043,4.584437654299055,4.681911269028284,4.552229985327576,0.13890116952298462,0.3851490702256167,0.23435744275726192,0.21505376344086022
2025-12-10,5.0,6.0,0,4.229114742290024,4.750179951778315,4.69896039526532,4.7230654082015056,4.7196622629333715,0.1546133909505935,0.3668070156149594,0.2295190477178443,0.21291866028708134
2025-12-11,5.0,1.0,0,5.06965150704274,6.602738985732923,4.816068793123897,4.873010446396257,4.848632582795524,0.16709637856653692,0.4499026237944623,0.2513869005333785,0.21505376344086022
2025-12-12,5.0,7.0,0,5.169019797186434,5.53590656153431,5.166224746933267,5.211180914676707,5.154443345004602,0.1978093645603328,0.4833080895735431,0.26026590714757136,0.2315526885540572
2025-12-13,5.0,7.0,0,4.7438188607511576,4.570314202221325,5.119726229252364,5.205961983410844,5.05543376082095,0.18771198144664086,0.4316709633495091,0.2465820859826924,0.21505376344086022
2025-12-14,5.0,6.0,0,5.914660104859483,5.113208163836915,5.610824986373043,5.691025127221496,5.5579101867305765,0.24011727177732328,0.4544806216947149,0.2525969801906881,0.21505376344086022
2025-12-15,5.0,1.0,0,6.189488563635955,5.255182495096675,6.078735142630645,6.137331546518793,5.837152881406641,0.2701362541209325,0.3700308289879948,0.2303712458288352,0.21291866028708134
2025-12-16,5.0,8.0,1,5.2243767244379855,7.706998339090964,6.766833452423888,6.733560694266021,6.615736372668894,0.3545047475655603,0.490166447560151,0.2621061298945984,0.23529411764705882
2025-12-17,5.0,3.0,0,5.036101689665853,4.620012130855484,6.495603119199717,6.4934251870346,6.342386120842462,0.32497200632843715,0.4370367749471216,0.2479942225037776,0.21505376344086022
2025-12-18,5.0,6.0,0,5.64392272009351,6.221925945373133,5.958550370187467,5.992809775697408,5.805881016681747,0.2667558628872387,0.43825971464877767,0.2483162683604155,0.21505376344086022
2025-12-19,5.0,3.0,0,5.435496467441987,6.564419374223682,5.695004218922808,5.71095489030325,5.662072571029549,0.25126542226925114,0.39474041791024794,0.23687996430694677,0.21505376344086022
2025-12-20,5.0,4.0,0,6.665195008433334,6.7629621706050855,6.119499964888214,6.0686132025862385,5.9860336857846,0.28627018301958257,0.3938757350984623,0.2366526948680685,0.21505376344086022
2025-12-21,5.0,6.0,0,4.703547312317224,4.728595460466869,5.424192541657742,5.410079963064835,5.499433363450992,0.23389160147171287,0.29406209291941776,0.2098896088099031,0.21291866028708134
2025-12-22,5.0,3.0,0,4.792828979981722,4.325954088457631,5.007324457455634,5.073898304840936,5.0285704805785105,0.18499618273560384,0.27177968580274725,0.2036301147370093,0.21291866028708134
2025-12-23,5.0,9.0,1,5.380300811381158,5.096043822901477,5.532782454985426,5.55730822201217,5.501424468891145,0.23410315198743628,0.3425606078322099,0.2230746182965326,0.21291866028708134
2025-12-24,5.0,9.0,1,6.468296963610733,6.251675593844973,5.889851798599627,5.8982942295131675,5.806041496482117,0.2667732009021326,0.380826387270248,0.23321917814091578,0.21291866028708134
2025-12-25,5.0,1.0,0,6.136830736323697,7.1983810399050245,6.384257550307,6.369131605039567,6.225456819248159,0.31227970441948893,0.4087851154146793,0.24056914536257787,0.21505376344086022
2025-12-26,5.0,10.0,1,6.565110224114502,7.789715211134119,6.07048776194784,6.129710021657116,5.958240561249119,0.2832542600701516,0.4331908910770481,0.24698195343072338,0.21505376344086022
2025-12-27,5.0,5.0,0,5.852732145137864,6.95168290612313,5.832221064677341,5.869309617175164,5.636542378723635,0.24852668566497957,0.384295010907126,0.23413262840435212,0.21505376344086022
2025-12-28,5.0,8.0,1,4.76706377739266,5.491693497769439,5.602421131967267,5.6474327625767,5.364284591763869,0.21961162366191686,0.3774323827053982,0.23232468945199788,0.21291866028708134
2025-12-29,5.0,6.0,0,5.119180236231374,5.55027346693523,5.911227402399659,5.902346866537559,5.6968910189723365,0.25500652480029806,0.5169147685511857,0.26935974860695705,0.23529411764705882
2025-12-30,5.0,3.0,0,6.241687390380159,9.203484255044916,6.523916190611331,6.460339312633514,6.354114096301275,0.32624371013567577,0.581783206829612,0.2876717878181825,0.36752136752136755
2025-12-31,5.0,1.0,0,5.8998741883367085,8.983329286917773,6.3899863064290985,6.354505424465726,6.191512008766173,0.30859199157963635,0.5733121501621679,0.2852066610544685,0.36752136752136755
2026-01-01,5.0,9.0,1,5.655676269894823,5.150679689451935,5.893676271694581,5.920072914202585,5.7421260570301325,0.2598763086503535,0.5210440370680944,0.2704920627476595,0.3333333333333333
2026-01-02,5.0,3.0,0,5.159057507509555,5.94129582925228,5.502193290764048,5.505793017556851,5.538482405865752,0.23804607660395427,0.4260045116068255,0.24509214352445374,0.21505376344086022
2026-01-03,5.0,0.0,0,4.966534907680258,4.262104699907298,4.647638824405262,4.706457429825121,4.68837777722228,0.1516334507982032,0.331007469976177,0.21997590302496423,0.21291866028708134
2026-01-04,5.0,7.0,0,4.473098446262181,4.256220873946435,4.6045271824345795,4.691741932621035,4.596217686707434,0.14297150877006967,0.3606624001209997,0.2278921167143372,0.21291866028708134
2026-01-05,5.0,6.0,0,4.880233253052371,5.256310333324627,4.824874520735358,4.917640607707789,4.745096634110017,0.15705031318849136,0.39174091585906473,0.2360914823304004,0.21505376344086022
2026-01-06,5.0,3.0,0,5.210438523843668,5.124442112230071,4.716327850944678,4.818634341038423,4.696738478666701,0.15242791865403965,0.4106260849033488,0.24105256761536586,0.21505376344086022
2026-01-07,5.0,1.0,0,6.645712224652991,5.447079109270065,5.3322215180935,5.438377808793527,5.133687494537082,0.19568159287094428,0.4601268592476215,0.2540919319173718,0.21505376344086022
2026-01-08,5.0,5.0,0,4.50432973018951,3.566617646645164,5.28406838702963,5.329184675376999,5.180585709318628,0.2004972533323185,0.33415841855042183,0.22082317514848843,0.21291866028708134
2026-01-09,5.0,6.0,0,5.25766309011592,4.016295252351323,5.540823198769354,5.574218980875921,5.478785145615073,0.23169964839501223,0.4448165364805542,0.2500444144705003,0.21505376344086022
2026-01-10,5.0,2.0,0,6.391544748149629,6.815806950474406,6.03297873763505,6.048553482349409,5.8908096195257915,0.27594411956288845,0.598509883135613,0.2926199084975518,0.36752136752136755
2026-01-11,5.0,4.0,0,6.609058736548378,5.754096878831519,6.151621187043172,6.2078014162060215,5.963896934447658,0.2838679329170253,0.6405668957197505,0.30562249525954654,0.36752136752136755
2026-01-12,5.0,3.0,0,6.728415976797043,7.535779334544528,6.055021514870547,6.126453278619633,5.911293932875555,0.2781636170982298,0.6423710456621226,0.3062010917613588,0.36752136752136755
2026-01-13,5.0,2.0,0,7.719306907406701,8.435926372123399,6.56514071806729,6.563348426849486,6.3829159348336,0.329365458847458,0.7055050734917626,0.3278548452406916,0.36752136752136755
2026-01-14,5.0,4.0,0,6.949606351008763,7.390759936609538,6.304293809747852,6.332071510920125,6.074018548469844,0.2958252044251979,0.6201332927279771,0.2991951221468182,0.36752136752136755
2026-01-15,5.0,9.0,1,7.2358473763060225,7.409919286907328,5.874704801675268,5.99631450813564,5.718446866250039,0.25732585115878875,0.6658664752106409,0.3139200725305101,0.36752136752136755
2026-01-16,5.0,6.0,0,7.175530234535598,10.18459741075096,6.718296965003099,6.701421979661558,6.533201403146072,0.3456156685134136,0.6998229914212883,0.32577633515054377,0.36752136752136755
2026-01-17,5.0,11.0,1,7.713808028564613,7.515875782366777,6.806428948864008,6.846403146048575,6.519217444933194,0.34410683025867694,0.6918508366410818,0.3229088379969717,0.36752136752136755
2026-01-18,5.0,10.0,1,9.425917290492674,9.87447752108722,7.2569661595781465,7.301319599151272,7.222264976635869,0.4185904160865392,0.6871203824189442,0.32123300257420195,0.36752136752136755
2026-01-19,5.0,6.0,0,8.113862174840438,10.263627503860773,6.603707711894715,6.578896032971152,6.533507140571065,0.3456486485103403,0.5584932296655567,0.28095371087107174,0.36752136752136755
2026-01-20,5.0,6.0,0,5.286078881815421,5.963517237929399,5.356172801889898,5.364116125183404,5.41498823724083,0.22494984467354295,0.4645762361533003,0.2552721569871055,0.21505376344086022
2026-01-21,5.0,15.0,1,4.315681249580688,4.103670507229603,5.735264523096531,5.734413340950755,5.889832085055537,0.2758382315241678,0.29133946230751895,0.20913301829177627,0.21291866028708134
2026-01-22,5.0,7.0,0,5.977192734449901,6.254233297488421,6.242240670425651,6.219060886046568,6.3220227761159205,0.32276325962102226,0.46117798818623507,0.2543705704953966,0.21505376344086022
2026-01-23,5.0,4.0,0,5.308235609094756,5.985073373869568,5.942261167893884,5.917974535622979,6.019091458944967,0.2898590822483541,0.4456265105241413,0.2502580856138857,0.21505376344086022
2026-01-24,5.0,2.0,0,4.823014615635405,4.230893157302071,5.728790431226096,5.74164848912022,5.838721131276169,0.2703058700292658,0.3436689263662712,0.22337080456210381,0.21291866028708134
2026-01-25,5.0,0.0,0,4.063029081055344,4.165682118262118,5.764595540646178,5.797301663667359,5.850013097658713,0.271527414870481,0.37529587855326846,0.23176122753834016,0.21291866028708134
2026-01-26,5.0,3.0,0,4.471239051985549,4.427462076817304,5.739632174500545,5.7663732609068115,5.710824162273873,0.2565054058237698,0.4020949800580217,0.23881221576348696,0.21505376344086022
2026-01-27,5.0,3.0,0,5.732945982112021,7.403755440252233,5.676225989133158,5.684009399285319,5.693719416115397,0.25466547602815687,0.5013736927241996,0.2651293971749393,0.23529411764705882
2026-01-28,5.0,5.0,0,4.314488757347172,4.300900336754984,5.809538513641874,5.810851604545431,5.865553815940527,0.2732092726856325,0.3469203626815288,0.22423871694697745,0.21291866028708134
2026-01-29,5.0,5.0,0,5.949748010580452,7.934889442500063,5.945944040745998,5.946656712027402,5.908269144489625,0.27783580725886947,0.5335596271334228,0.27394780113396244,0.36752136752136755
2026-01-30,5.0,7.0,0,5.812299384825804,6.4445233252049166,6.2672364129744444,6.117987060952816,6.475260316846447,0.33935927768660507,0.4554056716793364,0.2528417076461375,0.21505376344086022
2026-01-31,5.0,8.0,1,5.840715171912911,5.031663420628846,5.839213742862066,5.814748468295569,5.916579902725745,0.27873653785914265,0.4220349070581007,0.24404899100854702,0.21505376344086022
2026-02-01,5.0,11.0,1,5.519338503202768,4.770791955687402,5.473488574764209,5.451346144763593,5.509984045129519,0.2350129434025296,0.4212406508231132,0.24384032088407068,0.21505376344086022
2026-02-02,5.0,7.0,0,5.105909457539924,4.523478041127814,5.424174709055901,5.475459991469396,5.537326497644734,0.23792293219890256,0.3975862686923059,0.23762780132388256,0.21505376344086022
2026-02-03,5.0,1.0,0,7.151549929712029,6.160061420819523,6.015316013047285,5.939300054319766,6.037494745616736,0.29185767723384887,0.47333223865181573,0.257601023360873,0.21505376344086022
2026-02-04,5.0,2.0,0,5.816710787685042,4.478442715243668,5.454803002977201,5.439252863041014,5.387297834405949,0.22203149694575108,0.318082774333446,0.21648152194358128,0.21291866028708134
2026-02-05,5.0,1.0,0,6.360097627131357,5.093092631475896,5.146481507851815,5.22096098436533,5.175269393149485,0.19994993990520007,0.31725583278721114,0.21625682053398043,0.21291866028708134
2026-02-06,5.0,8.0,1,4.992356556077213,4.597639029212871,6.14138585266794,6.162452722304477,6.207416172559341,0.31031990372451174,0.37934145707413125,0.23282791411740592,0.21291866028708134
2026-02-07,5.0,5.0,0,5.739038449599681,4.793313893798485,6.238146733698032,6.206995995042639,6.123055446457717,0.30115338253442897,0.4156551469641378,0.24237321243044038,0.21505376344086022
2026-02-08,5.0,8.0,1,6.486651504912827,6.670589861819841,5.883944833581549,5.889419513067227,5.816338806533879,0.2678859143549102,0.42238412256694063,0.24414074293161775,0.21505376344086022
2026-02-09,5.0,6.0,0,4.907173555062764,4.32687738576761,5.660358591532826,5.655669413354483,5.650149641683056,0.24998591901035408,0.37511188001204204,0.2317126866096915,0.21291866028708134
2026-02-10,5.0,8.0,1,4.908201878626362,5.451434437414975,5.711239824898386,5.737174368330037,5.656951546317466,0.250715760998982,0.43493883341190276,0.24744193715381696,0.21505376344086022
2026-02-11,5.0,5.0,0,4.5980871130315695,3.435019169036372,5.410491885703184,5.48053719508199,5.344754503654095,0.21756209280422126,0.41345817215677405,0.24179626118464162,0.21505376344086022
2026-02-12,5.0,5.0,0,5.60329550315646,5.914881104511796,5.851921813692045,5.857897108113279,5.718228734833338,0.25730236922524247,0.501508538793057,0.2651659048233852,0.23529411764705882
2026-02-13,5.0,8.0,1,5.266255068501196,4.440074937460029,6.017037782556192,6.017759264061689,5.8601048978512535,0.27261948764034255,0.4796745806838883,0.25929373383207893,0.21505376344086022
2026-02-14,5.0,2.0,0,5.1313279636303495,4.6040125293210785,5.645795313041845,5.6945744731165755,5.494242153430296,0.23334019511282075,0.541499330358638,0.27616009693150095,0.36752136752136755
2026-02-15,5.0,5.0,0,4.623526488888925,4.791230381925533,5.687797894759623,5.739821702010947,5.6024101318835955,0.24487138300726,0.5201235859609755,0.27023933763196617,0.3333333333333333
2026-02-16,5.0,2.0,0,4.950557333758209,5.642302571340764,5.645287048577854,5.633098190686338,5.495290128712894,0.23345149293296574,0.4123883874393993,0.24151533643353,0.21505376344086022
2026-02-17,5.0,5.0,0,5.70185466130014,4.881448777695502,5.757005849740441,5.7588917032375075,5.636480749739303,0.248520079145054,0.42668861582386464,0.24527196226596756,0.21505376344086022
2026-02-18,5.0,3.0,0,5.669764489761747,5.182174456359794,5.470033705167516,5.532393454721338,5.33396270536999,0.21643122801228284,0.4519584412755356,0.251930092897965,0.21505376344086022
2026-02-19,5.0,3.0,0,5.645264580899884,4.696559211597227,5.787765780406524,5.789544774815248,5.581570326327247,0.24264330085663827,0.46061395820691514,0.2542210410862487,0.21505376344086022
2026-02-20,5.0,7.0,0,4.493428763043463,4.382945266035455,5.172405727494989,5.229418354163058,5.001361896618883,0.18225641581395144,0.37119354094782453,0.23067838890956727,0.21291866028708134
2026-02-21,5.0,11.0,1,5.065755588070071,4.412186947020528,4.833890695752624,4.9131208435202725,4.68817701663953,0.1516143910151425,0.3555043644501115,0.22652342324252323,0.21291866028708134
2026-02-22,5.0,4.0,0,5.341089765271789,6.627421923737391,5.499874903652739,5.53788558744824,5.362236327623402,0.21939649610450349,0.3726249773783048,0.23105637073375254,0.21291866028708134
2026-02-23,5.0,9.0,1,5.497949152842176,5.432992355450757,6.025587184779942,6.026133905799277,5.864156035336602,0.27305796944756444,0.4946207711242645,0.26330521223304604,0.23529411764705882
2026-02-24,5.0,1.0,0,4.826526867849773,6.336285866445587,5.426239802170526,5.514170652634935,5.209401920223188,0.20346999236873795,0.40565018389626395,0.23974591492113737,0.21505376344086022
2026-02-25,5.0,5.0,0,4.332488887663004,4.031111280601339,4.9786610068547965,5.071553874272501,4.7701289274790275,0.15946089682279216,0.4233817496884075,0.2444028733185425,0.21505376344086022
2026-02-26,5.0,9.0,1,5.7808303661409415,5.580585719987784,5.13635330112648,5.264345473837924,4.957475473822746,0.17786126414840084,0.47039850209811823,0.25681974141972974,0.21505376344086022
2026-02-27,5.0,6.0,0,5.393666896339274,4.123717489810381,5.067638793470507,5.136223013804515,4.908029388398352,0.17294624072703194,0.4148105192949383,0.24215139811638522,0.21505376344086022
2026-02-28,5.0,7.0,0,6.550215946339086,6.771768474337301,4.798553827105497,4.859709260569552,4.631527239929965,0.14626915206667784,0.3792681174836502,0.23280858637435695,0.21291866028708134
2026-03-01,5.0,4.0,0,5.623141322706699,5.581039063537699,5.190974118491918,5.2434617216675115,4.967719205274774,0.17888445289430205,0.35830948669170903,0.22726812591287562,0.21291866028708134
2026-03-02,5.0,2.0,0,5.174867830422751,4.14109017737469,5.08154164673548,5.108134856484773,4.941253554867353,0.1762443828365082,0.3113378214607956,0.21464443164191446,0.21291866028708134
2026-03-03,5.0,2.0,0,5.208822728505669,5.169660108132119,5.007780349604945,5.093004333928181,4.857617133148986,0.16797732696430892,0.3217807029719458,0.21748461865140656,0.21291866028708134
2026-03-04,5.0,5.0,0,5.416848399495992,5.986857999809947,5.858187276989303,5.915525830191331,5.585069245083753,0.24301718374311437,0.4138614206684255,0.24190215587102917,0.21505376344086022
2026-03-05,5.0,8.0,1,6.097092519146189,4.374583726854655,5.553072558356462,5.602139148841569,5.32186346344925,0.21516478255508625,0.3413279124606212,0.22274498372837884,0.21291866028708134
2026-03-06,5.0,6.0,0,3.7588332766638235,4.187764913814295,4.898890605470055,4.907877791643585,4.745150926018784,0.1570555284521878,0.27618220128823046,0.20487973818193006,0.21291866028708134
2026-03-07,5.0,7.0,0,5.001869874943894,4.95657949669148,4.664209240642731,4.723449239270488,4.655584085198128,0.14853096262034207,0.3034064159608926,0.2124708449684885,0.21291866028708134
2026-03-08,5.0,3.0,0,5.118868067767643,5.761960475799691,5.370834523075162,5.432502814848394,5.300420642555796,0.21292410999380484,0.36276947400011605,0.22845042602839774,0.21291866028708134
2026-03-09,5.0,11.0,1,5.59927908427956,5.518819880445056,5.201568503335355,5.2398066755401596,5.101062949280881,0.19234871278755442,0.370507811956909,0.23049725936251736,0.21291866028708134
2026-03-10,5.0,5.0,0,5.860560039754738,5.494071098299927,5.107179057215233,5.14972564000614,4.976501294023835,0.1797629679786029,0.4086105821689185,0.24052331425495055,0.21505376344086022
2026-03-11,5.0,4.0,0,5.3488225874375415,4.844287698020609,5.404699424877218,5.454270618598181,5.262896328307821,0.2090150079969738,0.4287612289090776,0.2458168502393727,0.21505376344086022
2026-03-12,5.0,2.0,0,5.925230858190253,5.715422085562515,5.789958737815098,5.854803841272245,5.57743399935615,0.24220141411251864,0.4311924529108764,0.2464562184469087,0.21505376344086022
2026-03-13,5.0,7.0,0,6.489400622302007,6.421464405038411,6.5193578067227325,6.5192602685281065,6.435191255895886,0.3350259678797924,0.513336931568776,0.26838158523154004,0.23529411764705882
2026-03-14,5.0,1.0,0,4.890049182724848,4.583001750698237,6.195086346699607,6.173877439155518,6.04675962365278,0.2928639888589039,0.4241045277097391,0.24459280221686816,0.21505376344086022
2026-03-15,5.0,15.0,1,7.564059563458358,6.7822924728957545,7.770779573821053,7.449416052389549,7.535627613321785,0.4505261645970695,0.4212798767990896,0.24385062615260522,0.21505376344086022
2026-03-16,5.0,5.0,0,5.1222407895539455,5.96267828822975,6.012010610939942,5.9537031849086635,6.09280277192108,0.29786610506415884,0.3911936004583005,0.23594757510083852,0.21505376344086022
2026-03-17,5.0,0.0,0,4.816608217236264,6.2659070189179795,5.155405062194422,5.190709145908549,5.233843211275108,0.2059993111938324,0.4069111004875016,0.24007703730134228,0.21505376344086022
2026-03-18,5.0,3.0,0,5.473786574547051,5.240005775392116,5.464113088927039,5.463089769681016,5.536005143802196,0.2377821742089182,0.3872645201637783,0.2349141385556728,0.21505376344086022
2026-03-19,5.0,3.0,0,5.550616123363618,4.317203846214545,5.939910487018335,5.877554161098104,5.849894634727624,0.27151459752684404,0.31646407468186344,0.21604154401109332,0.21291866028708134
2026-03-20,5.0,1.0,0,5.388391944924419,5.594475318834555,5.516155890739668,5.585030385387589,5.498936098152331,0.23383877304469167,0.4400994065534896,0.2488008841351034,0.21505376344086022
2026-03-21,5.0,0.0,0,5.0067946230180675,4.424146004906052,5.765428685485445,5.705009502511896,5.864525379969647,0.2730979486852984,0.4093121310815335,0.24070753528530953,0.21505376344086022
2026-03-22,5.0,8.0,1,5.234932259202702,5.784940773889574,5.5346514433338045,5.571741258143585,5.510069794639915,0.23502206055856203,0.4256331798428715,0.24499454408297222,0.21505376344086022
2026-03-23,5.0,4.0,0,5.757746871082118,7.933900002978368,5.625534370519299,5.617776657334449,5.623879471535985,0.24716973241998283,0.3826214020484278,0.233691972614032,0.21291866028708134
2026-03-24,5.0,7.0,0,5.334123834802214,5.045796849198856,6.016587475290702,6.05782384947161,5.92567121202422,0.2797220647965211,0.34277523376696245,0.2231319886208645,0.21291866028708134
2026-03-25,5.0,6.0,0,5.6326510925745215,4.718583116725982,6.32787056595462,6.253215200584771,6.429401487773603,0.33439941552055585,0.34759011648688143,0.22441731585135097,0.21291866028708134
2026-03-26,5.0,2.0,0,4.997218135834789,5.346785243681437,5.873856621443067,5.776235054254969,5.888009177052045,0.2756407785894239,0.31045345493534343,0.2144028103526994,0.21291866028708134
2026-03-27,5.0,3.0,0,5.146049998984142,6.024040487550717,5.439576771272061,5.40009179822634,5.488478262348668,0.2327282117842136,0.29444817609405766,0.20999672702200425,0.21291866028708134
2026-03-28,5.0,2.0,0,5.2303897674173685,6.521967175688167,5.112918709565642,5.067272421510339,5.144692862534105,0.1968090974804927,0.33072231582317047,0.21989914248373824,0.21291866028708134
2026-03-29,5.0,2.0,0,5.137056349711635,5.275138112167424,5.534955735040162,5.513672699610923,5.6220518558980155,0.2469739675941669,0.34435612307129937,0.22355436228227166,0.21291866028708134
2026-03-30,5.0,2.0,0,5.237760395297886,6.530842633780178,5.015793396620125,5.007148022536451,5.08953411878153,0.19117441791754752,0.37198177171116337,0.2308865471366213,0.21291866028708134
2026-03-31,5.0,1.0,0,4.743233537286303,4.711046850212447,5.124764718689809,5.120190932579415,5.097447559562806,0.19198026121647338,0.3424683254880462,0.22304994881937484,0.21291866028708134
2026-04-01,5.0,5.0,0,4.954354312036807,6.297911708989541,5.711325220565433,5.721514257197504,5.70106167218895,0.25545508406455253,0.40011605525402094,0.2382924128634998,0.21505376344086022
2026-04-02,5.0,8.0,1,4.487279729532544,4.691602206803406,5.885454048457636,5.882771558838132,5.8533413620126975,0.2718875423873951,0.3983604520764956,0.23783120580302464,0.21505376344086022
2026-04-03,5.0,3.0,0,4.386047048133723,5.613478657520265,6.3899092591575455,6.269220652649054,6.445379913814813,0.3361283105919632,0.39405450135259273,0.23669968294023291,0.21505376344086022
2026-04-04,5.0,3.0,0,5.190796225487432,5.790798391032985,5.559187649242416,5.6035719299225395,5.453195709001522,0.22898802663506423,0.4027232605477215,0.23897723221415132,0.21505376344086022
2026-04-05,5.0,5.0,0,4.577512428636029,4.612771585948638,5.040265426674287,5.116606503291937,4.964030320526176,0.17851579889756852,0.26773646696782216,0.20247633044470997,0.21291866028708134
2026-04-06,5.0,3.0,0,4.676365998905523,5.452733756855624,5.660692042516373,5.658932049292751,5.637125184935407,0.24858916261563335,0.399808184006952,0.23821153800024797,0.21505376344086022
2026-04-07,5.0,3.0,0,5.486360851972116,5.825921008289398,5.694399576678633,5.69802640919746,5.68103300830193,0.2533018197343927,0.4169527726235016,0.24271400799095896,0.21505376344086022
2026-04-08,5.0,10.0,1,4.846720911902381,6.5427449543580884,5.355827697350043,5.394901135513362,5.278311060843105,0.21061895426052202,0.3584211644168676,0.22729775608620412,0.21291866028708134
2026-04-09,5.0,2.0,0,5.084418262900294,4.175433059480552,4.952174669704303,4.945363568625927,5.040200018014124,0.18617059496499297,0.34644918573991673,0.22411303503623933,0.21291866028708134
2026-04-10,5.0,4.0,0,4.403954827654301,4.283921463158514,4.605361660200443,4.667145935906738,4.691008905910839,0.15188331968897853,0.30535290936688164,0.21300568612782983,0.21291866028708134
2026-04-11,5.0,1.0,0,4.325796175158271,3.678067393817473,4.708647542277791,4.752062185987069,4.72783455686294,0.15539501984342424,0.2339809987414255,0.19257628130062288,0.20238095238095238
2026-04-12,5.0,5.0,0,4.711459658650836,4.706412625576426,5.002367407085191,5.016132057567155,5.063355788674314,0.1885148807178855,0.25464352068845936,0.19869647715508446,0.20238095238095238
2026-04-13,5.0,11.0,1,5.067651898547841,6.120361507518251,5.041717250859731,5.094237286700088,5.027099555154406,0.18484778368556243,0.3520312281863033,0.22560011949500533,0.21291866028708134
2026-04-14,5.0,2.0,0,4.886896421935886,4.998030598409468,5.076088593965583,5.127525524962259,5.082085729237914,0.19041672900108014,0.2674654953328168,0.2023987882150064,0.21291866028708134
2026-04-15,5.0,12.0,1,4.696288132808162,4.856401982928608,5.310679323150288,5.270337718792705,5.254854340790479,0.20817928171180447,0.39663368958072703,0.2373775057393681,0.21505376344086022
2026-04-16,5.0,5.0,0,4.662547652503844,2.6537156372511137,4.9354036270530965,4.964311683749825,4.7747430046469095,0.15990652738079916,0.2680744891498488,0.2025730213852318,0.21291866028708134
2026-04-17,5.0,1.0,0,5.199699445291115,4.347044081135743,4.941092157181666,5.000225630251408,4.761982942060988,0.15867513534625596,0.23387834434424748,0.19254534307235802,0.20238095238095238
