date,fold,actual_count,actual_critical,count__gradient_boosting_absolute,count__hist_gradient_boosting_poisson,count__poisson_regressor,count__tweedie_regressor,count__negative_binomial,risk__negative_binomial,class__rf_raw,class__rf_sigmoid,class__rf_isotonic
2022-10-24,1.0,5.0,0,5.572807460063266,5.69639578658755,5.821290775003647,5.7799339513728345,6.0633244970832445,0.2755714582651242,0.2396091102249212,0.22861025429885248,0.21428571428571427
2022-10-25,1.0,5.0,0,5.418658889679043,4.63435795589821,5.432887828266022,5.434680187700544,5.510717729119196,0.20619841449417725,0.20578280851927253,0.2230989970078205,0.21428571428571427
2022-10-26,1.0,4.0,0,6.406095552141424,5.962520882616457,6.129016901055964,6.1494841499203154,6.109725300769208,0.2816276646843391,0.29207071816406116,0.23635424422677015,0.2289156626506024
2022-10-27,1.0,4.0,0,5.5561472470221345,5.55187953784448,5.45662990713899,5.506887579290496,5.3436817149166576,0.18653125531717213,0.1613408277874699,0.21489732861921815,0.0
2022-10-28,1.0,9.0,1,7.077292336590186,6.167881868891345,6.918456164473104,6.935652583895962,6.681600012405618,0.3578606161582127,0.410787757308456,0.2519438426213538,0.25
2022-10-29,1.0,3.0,0,7.568128991908555,7.959166592350049,7.011499943164998,6.952697314293834,6.886769832575037,0.38552302692989615,0.5849916473086794,0.2739086347178059,0.4117647058823529
2022-10-30,1.0,3.0,0,4.1815342871733,4.4484684645422625,6.418667846883889,6.302480183122375,6.470918724677456,0.3295314246600879,0.259577926005038,0.2316538720402801,0.2289156626506024
2022-10-31,1.0,6.0,0,7.9355886318561435,7.512383508545938,8.224032078325042,7.928726325845717,8.061686848496581,0.5387994216799945,0.5889279387074773,0.2744290400226901,0.4117647058823529
2022-11-01,1.0,4.0,0,5.729239558570176,7.984056362121893,8.312769467867726,8.053113300798927,7.933522887877002,0.5228613110329928,0.44862225356243857,0.2566617515701364,0.25
2022-11-02,1.0,7.0,0,5.455446184283769,4.6664279900289385,7.060449471926818,6.947200828257126,6.918931950502879,0.3898562714886469,0.3802783317947847,0.24808854680638384,0.25
2022-11-03,1.0,7.0,0,5.285502431116363,5.342987750467532,5.189286165097474,5.2285027797108725,5.193856829863401,0.16953670668463555,0.24053170276051536,0.2287539232363339,0.21428571428571427
2022-11-04,1.0,6.0,0,4.980463233782367,4.9022458119594,4.5232755478519815,4.58384600127525,4.485408646469635,0.0991956587890061,0.23613689507477478,0.2280666975172331,0.21428571428571427
2022-11-05,1.0,4.0,0,5.686185856745769,5.801714844406174,5.138179856843245,5.169042666627853,5.125587172366671,0.16201286907520435,0.1948376183905885,0.22119694386748256,0.0
2022-11-06,1.0,1.0,0,4.5104454381293815,4.725817958324764,6.198913199346265,6.185229964598858,6.251634690519608,0.30030662220268306,0.15779868985275708,0.21418043018622096,0.0
2022-11-07,1.0,5.0,0,5.216690056323547,5.077434677463272,6.27483616705422,6.195899918276819,6.453537542734068,0.3272027867475713,0.16761876884545984,0.21614143824816356,0.0
2022-11-08,1.0,6.0,0,5.976198673572181,6.106197423199298,6.5370453335529755,6.5187572399469484,6.496900725113996,0.33301540590707207,0.3382607948020584,0.2426404799348164,0.2289156626506024
2022-11-09,1.0,7.0,0,8.797718642888642,8.133869988319137,6.47950290526554,6.4112790364008,6.499524448918933,0.333367419265929,0.5382073933735537,0.2678592811504248,0.4117647058823529
2022-11-10,1.0,6.0,0,6.049765020489618,6.120844356704561,6.313456364704524,6.2441473264654785,6.318819555845433,0.309220800953608,0.3204128336813082,0.2402563534745236,0.2289156626506024
2022-11-11,1.0,3.0,0,8.492597994322619,10.459732063959231,7.479363665595161,7.404584371786621,7.519828489525127,0.4698423018918805,0.6180395956652702,0.27834926524270603,0.4117647058823529
2022-11-12,1.0,4.0,0,5.641158396630007,4.891992887717863,6.455219038915943,6.445059515035146,6.266962906378889,0.3023367808832321,0.2787715750890245,0.23446365843182096,0.2289156626506024
2022-11-13,1.0,3.0,0,6.215417820734707,4.58835194709315,6.471586061909134,6.477411495291405,6.2510596233260385,0.3002305004518426,0.31452162209980034,0.2394579212032217,0.2289156626506024
2022-11-14,1.0,6.0,0,6.240507441085708,5.8270149505993905,5.691070030196077,5.734901589301018,5.428005041550694,0.19636977823946072,0.32141899695630416,0.240392115623969,0.2289156626506024
2022-11-16,1.0,9.0,1,6.389008319253074,5.4758864628939135,5.983648144928613,5.9828892220809164,5.621512208960415,0.21962131119029304,0.3801049219234287,0.24806643759577743,0.25
2022-11-17,1.0,5.0,0,7.013416384907583,9.125999394890751,7.422471032740515,7.351415705475626,7.100895198499693,0.4143128312978239,0.3899933889363496,0.24932325464015484,0.25
2022-11-18,1.0,7.0,0,6.52508231781761,8.083627407862808,6.351401040400141,6.31438124901462,6.060268864103114,0.2751736213138174,0.48040934531982293,0.2606096528367808,0.25
2022-11-19,1.0,8.0,1,7.236496124879009,7.6723388632293,6.650246662625199,6.626336852999346,6.374677307159686,0.3166609369051887,0.5449086858731524,0.2687127230968675,0.4117647058823529
2022-11-20,1.0,5.0,0,6.1097249763933466,6.610556864192103,6.673609252030447,6.520650234292401,6.349376835708685,0.3132879609176825,0.5358868510713612,0.2675645746528226,0.4117647058823529
2022-11-21,1.0,11.0,1,7.285222957858308,7.4442327888529185,7.23963068717746,7.004466474873121,7.0847203376008245,0.4121443387209702,0.5980457688053865,0.2756427764467071,0.4117647058823529
2022-11-22,1.0,12.0,1,5.949784336456163,6.248358585492931,7.038164080109609,6.8919793910010485,6.70011076267085,0.36035564601511794,0.46798440871110686,0.2590659553941888,0.25
2022-11-23,1.0,4.0,0,8.353367727749077,7.168868273068081,6.964054999397567,6.848506443975572,6.600103861542039,0.3468842875481405,0.557369277886263,0.2703099913199394,0.4117647058823529
2022-11-24,1.0,12.0,1,6.9320844064610405,8.838714166109673,6.742244272176546,6.682184520192359,6.426937906471045,0.3236425303721172,0.5698836385697077,0.27192955778678135,0.4117647058823529
2022-11-25,1.0,6.0,0,4.628598965441027,3.8928538855153727,6.898359318251894,6.887012445102342,6.603514743638934,0.3473433335350416,0.2533274320948391,0.2307154576293789,0.2289156626506024
2022-11-26,1.0,4.0,0,4.904197262193708,4.386735920559268,5.944908624168108,6.009003633606211,5.730061992589185,0.23303476887716376,0.16362609846900603,0.2153540300035848,0.0
2022-11-27,1.0,9.0,1,4.45534341497157,3.9505339066978564,5.7509675553973,5.8232878215807435,5.634972354781155,0.22127098396521436,0.141199618889779,0.21065969387368835,0.0
2022-11-28,1.0,2.0,0,4.709213410635184,3.5501304909790212,4.872545968437287,4.986542967553947,5.019566072733126,0.15061871501594534,0.1794852378239874,0.21840833715309635,0.0
2022-11-29,1.0,4.0,0,4.635140490211784,5.728840791700493,6.16640243289972,6.198713264342675,6.452201346383844,0.3270238414779049,0.2575895554772447,0.23135668056896938,0.2289156626506024
2022-11-30,1.0,7.0,0,5.422029417503813,6.146468209274372,6.538114077319673,6.538319055710478,6.855508906997,0.3813094543440018,0.4208474080152613,0.2532030663124481,0.25
2022-12-01,1.0,4.0,0,4.803851849836288,4.10172802056683,6.18645481044553,6.146018246977282,6.386446199684186,0.3182315303682272,0.2254042534534249,0.22635660087195397,0.21428571428571427
2022-12-02,1.0,8.0,1,5.570886936222827,5.093746624280744,6.436883962834927,6.387271326336298,6.684175563576198,0.358207737761589,0.3449747475583973,0.24352512977900875,0.2289156626506024
2022-12-03,1.0,9.0,1,7.149320771709311,9.798216065266548,6.435384604712091,6.435026508211265,6.690177881386153,0.3590167459476942,0.4751851902762923,0.2599603465739007,0.25
2022-12-04,1.0,9.0,1,7.166905448504877,8.630776179561497,6.360720294183717,6.3257125020266045,6.610461692597621,0.34827838274409395,0.49499715061442345,0.26242593156021476,0.4117647058823529
2022-12-05,1.0,5.0,0,5.113065617593947,5.046620850168245,6.16634639036376,6.1621588252423605,6.341308428030663,0.31221333492046327,0.2614958462992091,0.23193938680406653,0.2289156626506024
2022-12-06,1.0,7.0,0,5.856418975620383,4.75026353081043,6.204060015401011,6.236531557268639,6.475663447086821,0.3301673884188619,0.18654953275315564,0.21971026195996501,0.0
2022-12-07,1.0,3.0,0,5.183042837817545,3.9166843841429726,5.979684510459774,5.9795877670272635,6.2143510569394635,0.29537812453262186,0.2602736954504041,0.23175757811526232,0.2289156626506024
2022-12-08,1.0,6.0,0,7.049508768606879,6.982132184213614,7.406828803893399,7.419945970515438,7.673107771173221,0.4897411318242862,0.39004136260944394,0.2493293334672656,0.25
2022-12-09,1.0,4.0,0,7.041584393790625,5.82195926108564,5.81018718858937,5.850396443608293,5.909392237687209,0.2556961281735045,0.3776446567484566,0.2477524804658356,0.25
2022-12-10,1.0,5.0,0,6.18578015558515,5.946933412747943,6.468848361680378,6.468591824331301,6.685770096275575,0.3584226474453406,0.4762057022902998,0.26008715128679943,0.25
2022-12-11,1.0,7.0,0,9.455572994759628,10.374349711302937,6.966831816744275,6.853748239324705,7.147428849178724,0.4205437674114548,0.6349797023262468,0.28069782016494194,0.4117647058823529
2022-12-12,1.0,4.0,0,8.580310782366643,9.739082520303395,6.970808566088606,6.862606875369307,6.964790295416053,0.3960306272647899,0.6399619313434052,0.28139944562265895,0.4117647058823529
2022-12-13,1.0,5.0,0,6.984788044899132,8.416401790167955,6.629012085070235,6.527365312416672,6.6777198740159305,0.3573376892210178,0.6169546850597035,0.2782006821473285,0.4117647058823529
2022-12-14,1.0,6.0,0,8.682969581686555,7.3597894450271655,6.735568271960926,6.714159292956451,6.904044733663236,0.3878507573489459,0.5798131217787458,0.27322709947847174,0.4117647058823529
2022-12-15,1.0,4.0,0,7.653600978067627,8.067005535491992,7.108690804041425,6.994510951260283,7.287729043806969,0.43924890213363327,0.6450032870225616,0.2821148296383152,0.4117647058823529
2022-12-16,1.0,7.0,0,9.105619629737928,8.398655012573757,6.914135971335706,6.8094344602500545,7.079264991170546,0.41141267581624374,0.7107510937715997,0.2920657802131229,0.4117647058823529
2022-12-17,1.0,15.0,1,6.078254154596635,6.192569804850365,7.482794952807256,7.365492355017055,7.68324013122097,0.4910466909562274,0.56102585539864,0.2707815168928255,0.4117647058823529
2022-12-18,1.0,4.0,0,5.134188247245299,4.048928158237826,6.354267928866715,6.352098852001309,6.496377444422821,0.332945203762839,0.22167228673918604,0.22575070921127527,0.21428571428571427
2022-12-19,1.0,5.0,0,5.924378658861642,4.5061380758786465,5.938209065361018,5.988084810968414,6.135640559328441,0.2850218307671315,0.26215665036656693,0.23203750152206204,0.2289156626506024
2022-12-20,1.0,9.0,1,5.458969954523486,4.062799466377548,6.466110803271183,6.507017685241179,6.554751207141077,0.3407843344033001,0.2331585974698352,0.2275967818388694,0.21428571428571427
2022-12-21,1.0,9.0,1,6.963982321227293,5.897256634913341,5.714507126830378,5.770194259509194,5.734576929725031,0.23359793230108766,0.24720519334908594,0.22978399562286742,0.2289156626506024
2022-12-22,1.0,10.0,1,6.18725900902565,6.3132537007486,6.7994863227740385,6.880550702060127,6.970662560288555,0.39682084346573326,0.41679233736395527,0.25269602216271836,0.25
2022-12-23,1.0,8.0,1,8.916733836625669,8.244191506642764,7.258664730341533,7.1277344175980835,7.479590572393191,0.46457535361344104,0.6088199522932268,0.2770930937629204,0.4117647058823529
2022-12-24,1.0,2.0,0,6.977616318879264,6.30033855283738,8.831508580002177,8.550840506909553,9.329256356131415,0.6802219834975101,0.5864888081792001,0.2741063246411088,0.4117647058823529
2022-12-25,1.0,9.0,1,6.466179623145746,6.802511064817066,8.040495125926418,7.982027704682229,8.125356577297111,0.5466202949271755,0.6044609674541476,0.27650412845132144,0.4117647058823529
2022-12-26,1.0,2.0,0,5.557397415344472,4.980042206022414,6.807931656113451,6.722702524451663,6.971476931089781,0.3969304229836698,0.25333362909872026,0.2307163941753746,0.2289156626506024
2022-12-27,1.0,8.0,1,5.967052573015796,5.351221248236084,6.6010327274692875,6.573935512136126,6.663288916963233,0.3553930669611026,0.3509753577737588,0.24431073164336484,0.2289156626506024
2022-12-28,1.0,7.0,0,6.459165628197771,7.145861528202299,6.657438879882077,6.566127476537043,6.931269016673443,0.3915178652321663,0.5173589268936906,0.26522490211172733,0.4117647058823529
2022-12-29,1.0,3.0,0,4.9031689830767435,3.410076323062914,6.932257155939287,6.764963272388582,7.34984693687755,0.4474843086995488,0.3527963242577347,0.24454823891004443,0.2289156626506024
2022-12-30,1.0,6.0,0,6.220295174910042,5.954074155645693,6.51545425970997,6.472566411198728,6.733626424410418,0.36487427902208935,0.3531882273439362,0.24459930174714342,0.2289156626506024
2022-12-31,1.0,5.0,0,5.572849243555224,5.714160098499667,6.818557539853457,6.733303673590454,7.082017228065788,0.41178181955710713,0.26959407785782846,0.23313298858794637,0.2289156626506024
2023-01-01,1.0,11.0,1,4.715358070860749,4.005759356859297,6.370836322664247,6.325264044681216,6.537272647477109,0.33843553146519945,0.2022756380182183,0.22249668744665294,0.21428571428571427
2023-01-02,1.0,5.0,0,7.756078019408653,7.387569250912058,6.6739325781530505,6.625425023769552,6.789316683088228,0.37238418356880815,0.563311743305023,0.27107698240211364,0.4117647058823529
2023-01-03,1.0,15.0,1,6.754524283699307,6.822009499333606,6.6660309709311445,6.582215594202227,6.8026963671061305,0.3741884918190734,0.5747786215679384,0.2725677442428965,0.4117647058823529
2023-01-04,1.0,12.0,1,6.106250157805772,4.511142730460583,6.73381566579356,6.649635636743985,7.047275660670458,0.4071195454970938,0.21802743768053173,0.22515300807257202,0.21428571428571427
2023-01-05,1.0,10.0,1,4.392328901835993,4.161765020277384,7.272511400249027,7.219267364867002,7.413578037540633,0.4558992859863313,0.17352119538559915,0.21728217860979912,0.0
2023-01-06,1.0,4.0,0,5.65314189951408,5.689134742825453,5.42047459983261,5.507879028040762,5.511705634185657,0.20631682754492162,0.20640604369231633,0.2232053508415469,0.21428571428571427
2023-01-07,1.0,4.0,0,5.154410428994496,3.9335464334817094,5.744497313285393,5.827754892020729,5.886311834114143,0.2527476544614354,0.2079670532811231,0.22347085320845428,0.21428571428571427
2023-01-08,1.0,2.0,0,7.029783366786374,5.55994319131551,5.727878076898681,5.783543407790657,5.967449739120741,0.263150791910594,0.2502624083621348,0.2302507000845737,0.2289156626506024
2023-01-09,1.0,11.0,1,5.05472096685879,3.985248158300747,6.210737634600537,6.3230606621376255,6.372937552911661,0.31642884619022554,0.2129693231209779,0.22431338619920008,0.21428571428571427
2023-01-10,1.0,10.0,1,7.557338700215548,9.001345848827038,6.286927405753737,6.369284317186542,6.494209562122206,0.33265438023644744,0.5862516610484048,0.2740749910799745,0.4117647058823529
2023-01-11,1.0,10.0,1,9.028082096382427,8.567937063398338,6.621346706226252,6.555277875009051,6.942505885741687,0.39303095442059655,0.5679126884611344,0.27167336767393213,0.4117647058823529
2023-01-12,1.0,7.0,0,5.821836112161555,6.12126690185094,6.753392127284906,6.668278501314902,7.02802204833724,0.40453347281594654,0.47146521268280245,0.2594982310602553,0.25
2023-01-13,1.0,6.0,0,5.608608151713415,4.006236132975851,6.520801992832698,6.476018630067028,6.784765670849712,0.3717704517241168,0.29257227327342233,0.2364247331690829,0.2289156626506024
2023-01-14,1.0,5.0,0,8.28314676222849,6.163304737246697,6.9067821298891285,6.888549923138971,7.294241676500532,0.4401137817260899,0.5029902486079704,0.26342392612831,0.4117647058823529
2023-01-15,1.0,7.0,0,5.627478051327758,5.932897562391362,6.391610130526369,6.356168340255506,6.659631845574554,0.35490032811967953,0.413235671376672,0.25225069614357587,0.25
2023-01-16,1.0,8.0,1,5.603027072258342,4.709923953421869,6.235962496043621,6.227514642452737,6.513184471941793,0.33520066619997957,0.245402673449573,0.2295073258759052,0.2282169909753981
2023-01-17,1.0,20.0,1,4.7970519970044805,4.074589970946003,6.270170724743748,6.26636308208284,6.679523839359918,0.3575808067191891,0.16687441940331443,0.21599563327593135,0.0
2023-01-18,1.0,7.0,0,4.388342646214986,3.667139872217603,5.781500753709491,5.829638745360873,6.218820980737399,0.29596826269781895,0.16863060951560144,0.21633892675419156,0.0
2023-01-19,1.0,15.0,1,5.524175417664221,4.03021687266722,5.728344788854362,5.836335747196056,6.061626729258094,0.27535039713253023,0.17179101005722786,0.21695057722374653,0.0
2023-01-20,1.0,4.0,0,5.144859776178552,3.689689024856367,6.04610748274896,6.056492625134386,6.315795550650584,0.3088187210001163,0.22460497979136998,0.2262273449301822,0.21428571428571427
2023-01-21,1.0,8.0,1,5.755163595693253,6.390173030770726,6.729432804570776,6.692761117937997,7.04951678814527,0.40742046440927715,0.47527691973725633,0.25997174390412864,0.25
2023-01-22,1.0,11.0,1,6.93356301421614,5.012010604449183,6.783768850911385,6.727737906413517,7.004695444663127,0.4013983643144807,0.39472900215676193,0.24992250942102226,0.25
2023-01-23,1.0,6.0,0,5.02645723114755,4.274918812069152,6.3192295799175735,6.360059608658358,6.536660179120152,0.3383532497865992,0.23134664298586874,0.22730918406391767,0.21428571428571427
2023-01-24,1.0,5.0,0,9.26525713886433,10.430983915585267,6.400569322683208,6.450709871778417,6.586088989672149,0.3449985165711681,0.6089871532309997,0.2771157466892,0.4117647058823529
2023-01-25,1.0,10.0,1,7.172208489479465,7.03541778988228,6.52587740047035,6.470190204193645,6.686900942613425,0.35857506439553866,0.5434302335529432,0.26852412000022957,0.4117647058823529
2023-01-26,1.0,7.0,0,7.396867080503048,7.271128645062721,6.772798468329177,6.679455615975069,6.982686772944684,0.39843857575054736,0.5964409996934901,0.27542828369965355,0.4117647058823529
2023-01-27,1.0,8.0,1,7.320502034818848,8.269186417650287,6.547106110704093,6.4842266305279015,6.783457177788326,0.37159399307455987,0.6485421896940905,0.2826203995393191,0.4117647058823529
2023-01-28,1.0,7.0,0,5.411186906085128,3.864309306985622,7.40885651738338,7.248270730634148,7.698275825535357,0.4929816764724847,0.41525047643282337,0.2525030397032831,0.25
2023-01-29,1.0,7.0,0,9.807021870362039,12.380278636261947,7.423658143855538,7.287812942218063,7.64890905864183,0.48661798632706516,0.7326406628901819,0.29570983027075165,0.4117647058823529
2023-01-30,1.0,16.0,1,9.747673925546058,10.37767991568101,7.731544827713553,7.5575796805136575,7.997164360509371,0.5308074445167192,0.6966645232706064,0.28982065200178,0.4117647058823529
2023-01-31,1.0,11.0,1,5.199644070323851,4.24299212274543,6.245425109717803,6.193030373706171,6.413001844232803,0.32177899654794356,0.3530216502342642,0.24457759992393652,0.2289156626506024
2023-02-01,1.0,6.0,0,6.399485955211301,4.048785286911528,6.620913099135906,6.599641098107046,6.7705972094099325,0.36985974531379207,0.32386544586573174,0.2407215054950816,0.2289156626506024
2023-02-02,1.0,15.0,1,8.861069407214233,8.639266183352301,7.944814007468885,7.747509301197677,8.288881844737004,0.566395055709967,0.6431413784865464,0.2818499682094967,0.4117647058823529
2023-02-03,1.0,20.0,1,5.69215324208085,3.9664560277378746,8.267607827847948,8.039389031914164,8.445862460363953,0.5849337780504692,0.3185669914364741,0.24000684207623954,0.2289156626506024
2023-02-04,1.0,18.0,1,5.753433797311008,3.891477580007722,6.140368219310085,6.147026561942271,6.315435487812876,0.30877085116187947,0.2376840989993596,0.22830946602444227,0.21428571428571427
2023-02-05,1.0,8.0,1,5.749764699919981,4.489482693229959,5.577414813079981,5.652921533662138,5.768559455263033,0.237849519857915,0.26661856404050716,0.23269662360172347,0.2289156626506024
2023-02-06,1.0,18.0,1,5.250742471272363,4.044724704351839,6.448421928150478,6.516120509277133,6.679150281051417,0.3575304624041331,0.2856061957794922,0.23544055127150737,0.2289156626506024
2023-02-07,1.0,12.0,1,5.420358516651283,3.94781891593976,7.251288694287273,7.175485740501546,7.538661377218558,0.47230154885247677,0.3438288147276491,0.24337457224723574,0.2289156626506024
2023-02-08,1.0,13.0,1,7.335944297492562,5.343446959597254,6.3874733771024506,6.355599411230518,6.669156159922497,0.3561836510786175,0.349033301990682,0.24405697893213393,0.2289156626506024
2023-02-09,1.0,10.0,1,7.952385836148963,8.997304535427586,6.529353356959063,6.51281776994474,6.8141238844013685,0.37572949037441433,0.5379592573998725,0.2678277484932783,0.4117647058823529
2023-02-10,1.0,10.0,1,8.34905720311482,8.755303758000673,6.682045483506979,6.6965026078669,6.9490612340015945,0.39391350505243417,0.5900174445277964,0.2745734522448825,0.4117647058823529
2023-02-11,1.0,7.0,0,6.027754430504275,5.210291393266552,6.356257331198675,6.375408848799607,6.532823788045596,0.3378378888057238,0.3518084547298684,0.24441944219615114,0.2289156626506024
2023-02-12,1.0,11.0,1,6.343215282964213,5.346313629053771,6.0311626699255045,6.042893826575166,6.303316254136771,0.30716025635922567,0.29449499817627134,0.23669443480205027,0.2289156626506024
2023-02-13,1.0,6.0,0,6.734908118804168,6.902792217017679,6.47940363359505,6.481557514173088,6.746534105932241,0.36661478536812175,0.49483136354468416,0.2624052560657791,0.4117647058823529
2023-02-14,1.0,7.0,0,10.116908617500888,8.678067342744209,6.780259924762303,6.752955172766434,6.978675916678068,0.3978990083122422,0.660845761145744,0.28440113861971006,0.4117647058823529
2023-02-15,1.0,7.0,0,9.30079040025318,9.759050992720354,7.361829083497906,7.214452480051869,7.518699542134157,0.46969476003692595,0.6746542634813352,0.28644593763195286,0.4117647058823529
2023-02-16,1.0,12.0,1,6.503182342451286,6.315135751348589,6.278449667608931,6.271563232240059,6.438545706469556,0.3251956623374282,0.5492492457774844,0.2692675206157222,0.4117647058823529
2023-02-17,1.0,8.0,1,6.672959546671079,4.932087530373411,6.984489873360398,6.9142221864804485,7.452271601662183,0.4609899861217656,0.38350833019838326,0.2484998974300714,0.25
2023-02-18,1.0,6.0,0,4.85644997595576,4.1708821991261065,6.367290008952117,6.3956103142502805,6.586240686334617,0.3450189246530741,0.2575691570013994,0.2313536253631198,0.2289156626506024
2023-02-19,1.0,8.0,1,4.545342368788013,4.020609155212658,6.966252746317737,6.826888539128008,7.424654546740992,0.4573580262602083,0.24035784968100335,0.22872687430493213,0.21428571428571427
2023-02-20,1.0,11.0,1,4.823095593055977,3.411455005103685,6.006886239794328,6.056807280776481,6.153796040609181,0.2874044529435164,0.28680609238041155,0.2356108818814905,0.2289156626506024
2023-02-21,1.0,17.0,1,5.6966902469047405,4.026060884106957,6.307916154744802,6.268097962163491,6.701906925275717,0.3605977741905959,0.372739615331243,0.24712492018899024,0.25
2023-02-22,1.0,10.0,1,4.526422387108519,2.8240685707972477,6.773024710668258,6.726110207783537,7.136300931849723,0.4190547995006919,0.22808382845582123,0.22678795715044847,0.21428571428571427
2023-02-23,1.0,17.0,1,6.785425608198996,6.306331485107151,6.87173348755921,6.797987912084501,7.1763537915299125,0.4244106755832531,0.5704617533707469,0.2720047858923541,0.4117647058823529
2023-02-24,1.0,7.0,0,6.109878684755115,6.221897783617166,6.994803979392456,6.916412711703229,7.337630243739097,0.4458671620009131,0.45917393097466624,0.2579720685230609,0.25
2023-02-25,1.0,7.0,0,6.537992919807842,6.962128352995714,6.2342929478328495,6.303351532049645,6.366506646944395,0.3155711281160899,0.5912752003452864,0.27474037031543436,0.4117647058823529
2023-02-26,1.0,13.0,1,6.506928991313789,4.81732021361361,6.432007926414333,6.392905501981005,6.7213037160670694,0.36321277478195146,0.3834753789151154,0.24849570535424062,0.25
2023-02-27,1.0,11.0,1,5.31563726211791,4.50952960643646,6.784630954846644,6.719259173214148,7.032539315999113,0.4051403517406595,0.37718238178060337,0.24769342959673402,0.25
2023-02-28,1.0,6.0,0,6.574773363875197,5.981227543235215,7.00235814350754,6.9445373701947615,7.330865711762925,0.44497118804773117,0.5542908957058319,0.2699140490905597,0.4117647058823529
2023-03-01,1.0,6.0,0,8.865358015655762,8.534630900424006,6.979770702341373,6.97388584007704,7.196613546338188,0.42711609891993785,0.6429884991250409,0.281828254861748,0.4117647058823529
2023-03-02,1.0,8.0,1,9.179927817526343,7.359602219410447,7.4010107732889105,7.277812588091583,7.736109640541955,0.49783786384970763,0.6101156861638701,0.2772687648966427,0.4117647058823529
2023-03-03,1.0,11.0,1,6.078745302328228,7.03430710341378,7.5898383073517985,7.514086464488657,7.876070048292518,0.515635768808218,0.512812539486834,0.2646539581127625,0.4117647058823529
2023-03-04,1.0,4.0,0,3.9633010349420004,3.0783420071321794,6.8641233605142045,6.841233035036549,7.232919050537454,0.4319575067587288,0.31539431278649566,0.2395765843458743,0.2289156626506024
2023-03-05,1.0,3.0,0,6.727725061690375,7.025187111440869,6.801441656379365,6.787549615498111,7.091281084910265,0.4130240654325434,0.548677182293273,0.26919430678791406,0.4117647058823529
2023-03-06,1.0,8.0,1,5.259226322736102,4.672571960191524,5.644578432593187,5.702346397325215,5.82223743930048,0.2446099456928266,0.25978615231672675,0.23168492415490438,0.2289156626506024
2023-03-07,1.0,6.0,0,6.389314112264573,5.547915354088816,5.173300755572043,5.284032597157919,5.370817240663147,0.18967664726184186,0.2637005229668508,0.23226622538715622,0.2289156626506024
2023-03-08,1.0,5.0,0,5.821635297596183,4.828330656079673,6.302680293118468,6.373125408812725,6.549962985043446,0.34014076000920684,0.28786247688150424,0.23576055825872191,0.2289156626506024
2023-03-09,1.0,5.0,0,5.5971538889446855,5.10728106106828,5.286445928135772,5.3965919752145215,5.418964348434548,0.1953059780448259,0.3005333904147264,0.23753622615886122,0.2289156626506024
2023-03-10,1.0,6.0,0,6.212410865008633,5.798247121068064,5.269790179271789,5.368706240783408,5.404213101125192,0.1935747858738111,0.26787338361927915,0.232880950387368,0.2289156626506024
2023-03-11,1.0,5.0,0,6.8069042307305265,6.72574003145635,6.188991509151961,6.2400120787080615,6.283246581343867,0.3044958823715478,0.2986069190366607,0.237268506711819,0.2289156626506024
2023-03-12,1.0,8.0,1,6.456641421832917,5.278415869085348,5.864468062700461,5.969348616335393,6.01324842755551,0.26906771546856306,0.300301877435048,0.23750409407574719,0.2289156626506024
2023-03-13,1.0,9.0,1,4.933977300043726,3.2603470441073754,5.995671334759859,6.089389949052442,6.1144095515922965,0.2822405637168393,0.22635790139414355,0.22651046535149022,0.21428571428571427
2023-03-14,1.0,3.0,0,5.38195929515118,4.497313433884359,5.767734290083336,5.8218310971413425,5.92018847819093,0.257078328346102,0.2405557967133994,0.22875767101724617,0.21428571428571427
2023-03-15,1.0,9.0,1,4.845916745244179,4.020861362542178,6.176547241811382,6.251049529696442,6.375794648751654,0.31681000669133225,0.21875066007922456,0.22527208422643813,0.21428571428571427
2023-03-16,1.0,11.0,1,5.135656990252935,3.8090366339557575,5.718982920565509,5.793432416352135,5.806202706912409,0.24258487210363777,0.20172171099675665,0.22240095510521551,0.21428571428571427
2023-03-17,1.0,4.0,0,4.6573832210295905,3.657243768879951,5.592987425643816,5.707855093631252,5.671623615142818,0.2257828119573156,0.2842067949129527,0.23524146470284282,0.2289156626506024
2023-03-18,1.0,4.0,0,6.035462030663802,4.742078008931347,5.832030564706254,5.890642905285289,5.865780683646673,0.2501323554500843,0.35295463266111055,0.2445688678663637,0.2289156626506024
2023-03-19,1.0,6.0,0,4.705543468820934,3.47337040517192,6.142311121476552,6.1632255056229726,6.306633764947417,0.30760101508346643,0.2908334471600715,0.23618011457558466,0.2289156626506024
2023-03-20,1.0,2.0,0,5.135275567512451,3.880633761530563,5.942782509872528,5.995634214873481,6.220939682259778,0.29624805421120365,0.3252514754240458,0.24090768071524002,0.2289156626506024
2023-03-21,1.0,4.0,0,4.921739509531577,4.191155834406904,5.96793865304515,5.986772565236428,6.141086077195291,0.28573606427073567,0.244888449567503,0.2294281894270538,0.22653753494137888
2023-03-22,1.0,4.0,0,5.497616340722851,4.979056040678662,6.05025373583826,6.066634064887992,6.259626283219427,0.301364798174489,0.271416944619119,0.23339909368139378,0.2289156626506024
2023-03-23,1.0,5.0,0,5.958508532147794,3.863696649047792,5.871648421139331,5.929107505402157,6.111307661521381,0.28183467443411275,0.33636997457214,0.242390203454885,0.2289156626506024
2023-03-24,1.0,10.0,1,4.726238845320133,3.258816525558088,6.429861555633172,6.4148277265157505,6.733191467101296,0.3648156303083317,0.24061513448812577,0.22876690001637814,0.21428571428571427
2023-03-25,1.0,7.0,0,4.996291035959478,3.860808283116175,6.045367985874622,6.0784397385993945,6.202529629062341,0.29381840932043995,0.28133641075846916,0.23483161508370762,0.2289156626506024
2023-03-26,1.0,9.0,1,5.341104642142458,4.791181063618214,6.105473727269679,6.1409101835703375,6.299964774341893,0.30671508090129496,0.27297601030871876,0.233625966698089,0.2289156626506024
2023-03-27,1.0,12.0,1,4.892816270100499,3.8916268836928274,5.5893120952636535,5.686296591726975,5.827549330552747,0.24528182872644916,0.22965283384247012,0.2270391451866484,0.21428571428571427
2023-03-28,1.0,7.0,0,4.6969957840191245,4.53815545532263,5.996362256282684,6.041176953596545,6.189718558533625,0.29212978842831683,0.294151301060525,0.23664628432637347,0.2289156626506024
2023-03-29,1.0,5.0,0,5.6938417605781995,4.404670220835384,5.494057531853534,5.548211900535113,5.616408393565716,0.21899683005206638,0.2927906173897145,0.23645540180260727,0.2289156626506024
2023-03-30,1.0,9.0,1,4.779202534597055,4.08624720524563,6.15578324427544,6.120137769519778,6.41666730979267,0.32226902240245253,0.25973638783291497,0.23167750414426336,0.2289156626506024
2023-03-31,1.0,8.0,1,4.405131059501837,3.7464749243826025,6.2093982946938215,6.201064878797365,6.642502156345631,0.35259272710768685,0.2642044728104521,0.23234073289453383,0.2289156626506024
2023-04-01,1.0,15.0,1,5.020427873570567,4.184535297872781,6.860160580646576,6.7822223714430985,7.08202478899706,0.4117828336170132,0.3115352601914845,0.23905080295817774,0.2289156626506024
2023-04-02,1.0,7.0,0,5.759867121597798,4.437598301389691,5.657953916059916,5.685071541480676,5.824940953891339,0.24495184051258423,0.2661779999954895,0.23263180026845096,0.2289156626506024
2023-04-03,1.0,8.0,1,4.552202241470129,4.332464274593554,5.8142455700309315,5.851998385394128,6.041929926088175,0.2727885686996465,0.21893071788422042,0.22530169297559377,0.21428571428571427
2023-04-04,1.0,8.0,1,4.617816294320486,5.40657961158238,6.062847993461096,6.135348365330255,6.529871338056905,0.33744131531675753,0.25379149957238667,0.23078555714529006,0.2289156626506024
2023-04-05,1.0,6.0,0,3.9225023641308527,4.175549256855603,5.728702246761709,5.812302347441991,5.882143436354272,0.2522160971643165,0.1818870325037766,0.21885474679720787,0.0
2023-04-06,1.0,12.0,1,4.900312444964594,4.933730197412061,5.816604194953663,5.838210381642327,5.9541229019018145,0.2614349404530413,0.2968390715983907,0.23702214102425553,0.2289156626506024
2023-04-07,1.0,6.0,0,4.4878333700700574,3.792246448805695,5.952976255193237,5.956681172197048,6.153618130987862,0.2873810864967291,0.20465585587407492,0.22290616932344848,0.21428571428571427
2023-04-08,1.0,10.0,1,5.048467306603569,4.519280504253296,6.055073549550265,6.056894188982344,6.250307925321256,0.3001310028466881,0.22217510402539592,0.22583269701133066,0.21428571428571427
2023-04-09,1.0,3.0,0,6.455382285128991,3.9571525548433,6.523090891971566,6.556435021132811,6.865488156085129,0.3826546857994779,0.25150779415656643,0.23043991506635028,0.2289156626506024
2023-04-10,1.0,5.0,0,5.129566390255024,3.214400927699424,5.45229385373346,5.541171060874865,5.567081352408668,0.21299148930107975,0.19397038738195305,0.22104333701181278,0.0
2023-04-11,1.0,3.0,0,5.558122024027811,4.722362835161817,5.478951643623473,5.603489687009905,5.628540354506802,0.22048218419921747,0.24897889213136587,0.2300551488236534,0.2289156626506024
2023-04-12,1.0,5.0,0,5.4906158821142395,4.773165150410572,5.5352782837503725,5.613727638898294,5.6290702493203355,0.22054713461365485,0.3288643357384498,0.2413915117089712,0.2289156626506024
2023-04-13,1.0,7.0,0,5.799998675265847,4.539727492284699,5.10170948750158,5.2272149940450765,5.1925632955591166,0.16939283115169654,0.267775123683371,0.23286653263500545,0.2289156626506024
2023-04-14,1.0,7.0,0,6.226939701923205,5.637719153094013,5.198649022194831,5.277011905729873,5.220577999830949,0.17251999799388523,0.2509986908309395,0.23036262786464826,0.2289156626506024
2023-04-15,1.0,4.0,0,5.436548243637683,5.5476037383867585,5.7151473003090345,5.8015512775040685,5.77641567994519,0.2388355936154731,0.3548238540130209,0.24481221609603196,0.2289156626506024
2023-04-16,1.0,7.0,0,5.426796221633967,5.516153872782654,5.707189588671641,5.683577144243696,5.823056091511017,0.24471346105913402,0.35071755490108536,0.24427707368663945,0.2289156626506024
2023-04-17,1.0,13.0,1,5.32788559117365,4.380637350859642,5.649994325643795,5.586290995010545,5.871365341074338,0.2508430293903325,0.32878890977982667,0.24138143191604064,0.2289156626506024
2023-04-18,1.0,10.0,1,5.411208447646116,4.17209503512805,5.686439253881589,5.684534637818912,5.886302951941821,0.2527465214891522,0.24000742294847377,0.22867231932783627,0.21428571428571427
2023-04-19,1.0,3.0,0,5.010267410108577,4.095493507571968,6.258316059338461,6.208331692799735,6.29884110835245,0.3065658466819976,0.2094502544783721,0.22372197011240574,0.21428571428571427
2023-04-20,1.0,8.0,1,6.409939532141936,4.955203290508811,6.314855926322094,6.261075339336318,6.396276799754677,0.31954420203728495,0.28375076630322654,0.2351764852572417,0.2289156626506024
2023-04-21,1.0,5.0,0,6.486505800397247,6.498835652881423,5.5614104835260685,5.686479304525555,5.63942123778982,0.22181710797354784,0.3463899658820332,0.2437108279062632,0.2289156626506024
2023-04-22,1.0,6.0,0,5.119247052770082,4.772872868211415,5.795670570947545,5.779510624399364,5.93396925650202,0.2588453544023784,0.22860619183747666,0.2268716970399452,0.21428571428571427
2023-04-23,1.0,4.0,0,5.8785627336489235,5.766395684128662,5.9429283650677736,5.964150151784433,6.126996885030812,0.2838888512442725,0.31164781977842115,0.23906617760116278,0.2289156626506024
2023-04-24,1.0,4.0,0,5.30435913669477,6.153712075891274,5.840243051345631,5.961985822194384,6.040028228882416,0.27254150711524183,0.26803841304825254,0.2329051591307175,0.2289156626506024
2023-04-25,1.0,3.0,0,5.198614464691392,3.9174297179603634,5.492692516684394,5.532011635402562,5.651664997661035,0.22332230553966737,0.24141672385314306,0.22889144744960638,0.21519887311966346
2023-04-26,1.0,7.0,0,5.882458173894191,6.07068379109135,6.577168374765723,6.653391964668419,6.7128221707337214,0.36206927164083047,0.2758700933038323,0.23404537937126668,0.2289156626506024
2023-04-27,1.0,6.0,0,6.3537586082043145,5.4420553075957585,5.806340618555334,5.834636417342236,5.795238712041815,0.24120291389326598,0.2707041753697541,0.2332951515698814,0.2289156626506024
2023-04-28,1.0,19.0,1,8.16668667631162,7.317485552599299,9.301723270506452,9.164820673743229,10.075879018296868,0.7479254644340424,0.5380042857544882,0.2678334702598846,0.4117647058823529
2023-04-29,1.0,7.0,0,7.866019431800663,6.991594537561001,8.569300510456243,8.11747982437253,9.188385439461367,0.6661094396120459,0.586885826878952,0.27415879843308766,0.4117647058823529
2023-04-30,1.0,8.0,1,5.6088681914725775,5.732899529280183,7.960234663915223,7.586777197264104,8.788667163478614,0.6237945360156589,0.4413397065627837,0.2557566730140606,0.25
2023-05-01,1.0,10.0,1,4.677141167167041,5.072396135801601,7.11963372671402,6.846420097255463,7.801689755577013,0.5062108258370944,0.3135044210286659,0.23931943423720112,0.2289156626506024
2023-05-03,1.0,8.0,1,4.467242092114792,3.710500164616628,7.161582850945167,6.8504980114413465,7.926234259239156,0.5219473583568603,0.348255397483536,0.2439552033675517,0.2289156626506024
2023-05-04,1.0,8.0,1,4.591199999397389,4.6055921180576584,7.058514287341562,6.715765404961901,7.9378553368066065,0.5234041990859155,0.3237126727305681,0.24070096528301355,0.2289156626506024
2023-05-05,1.0,10.0,1,3.484601680761623,3.198078582156592,5.547883756222681,5.341930821184026,6.196983909599473,0.2930872156086358,0.37020216545273044,0.24679938744240482,0.25
2023-05-06,1.0,6.0,0,5.077276801608273,4.986142472489377,5.302327508488256,5.249900084343649,5.670771798536065,0.22567762721476847,0.36210719669319835,0.24575655173141203,0.25
2023-05-07,1.0,3.0,0,4.67509208657961,4.165889930897654,6.4821752481973665,6.33302402576936,7.13013882364621,0.41822998082761215,0.3233905033129643,0.24065763724183967,0.2289156626506024
2023-05-08,1.0,3.0,0,4.296137990146721,4.224575538804244,6.827081769306291,6.649418204684754,7.549566814439554,0.4737238480142599,0.2828963510040161,0.23505460325663785,0.2289156626506024
2023-05-09,1.0,10.0,1,4.041252408458556,3.8481811776889234,7.044467209195904,6.815058370227695,7.774061569176291,0.5026904223955945,0.2821047380946109,0.2349415200845886,0.2289156626506024
2023-05-10,1.0,4.0,0,4.807381919867,5.597277772206059,7.553272420248464,7.34256410258014,8.235399300682003,0.5599781663335814,0.29550084277007777,0.23683520034037742,0.2289156626506024
2023-05-11,1.0,10.0,1,5.5465101599949875,5.37100030235965,7.7325293101016666,7.420144435444403,8.452572750998453,0.5857161515627898,0.32780909557698434,0.24125040989100788,0.2289156626506024
2023-05-12,1.0,3.0,0,5.307402774257474,4.236450391711894,10.131288493102698,9.672787152273832,10.912314078988224,0.8099497135987394,0.4204719372777513,0.2531561466022378,0.25
2023-05-13,1.0,7.0,0,5.875176646597136,5.713297495545065,6.671467790688833,6.640638277193453,7.280479962756054,0.4382858368908125,0.2709020684310408,0.2333240240231053,0.2289156626506024
2023-05-14,1.0,3.0,0,6.252376855823041,5.531488482295884,6.538521359709539,6.444038384245162,7.288069003063362,0.43929405696193596,0.43286531884734974,0.2547021436717382,0.25
2023-05-15,1.0,6.0,0,6.789187578821962,5.716797842011945,5.983933601605379,6.0113647614662105,6.591666223925343,0.345748884589427,0.33998630333790897,0.24286843143512638,0.2289156626506024
2023-05-16,1.0,6.0,0,6.87431148733062,6.480845371746218,5.239829498693894,5.298495107802859,5.739345424031869,0.23419316124238415,0.3384336061861216,0.24266332844086944,0.2289156626506024
2023-05-17,1.0,4.0,0,6.007943030100629,4.6523276589640545,5.371436920868003,5.434502827237639,5.8837895236849445,0.25242597252580173,0.34509077320624504,0.2435403640104181,0.2289156626506024
2023-05-18,1.0,6.0,0,4.997197479593847,4.894706689357962,5.797324803835525,5.7565118467947,6.4978233943146115,0.33313919243135953,0.18560273497049704,0.21953769162132147,0.0
2023-05-19,1.0,8.0,1,5.969801966616037,6.451643476420605,5.7431617303724884,5.722584980753805,6.3579329425238855,0.3144280937039491,0.3465126892771081,0.24372691874106664,0.2289156626506024
2023-05-20,1.0,5.0,0,5.9589071268042035,4.942698397274217,6.019390956152616,5.942219037428613,6.737096044205974,0.3653421203922078,0.26360979701884174,0.23225280389178368,0.2289156626506024
2023-05-21,1.0,15.0,1,8.310496903708584,8.434381854778493,8.89314837202362,8.680936032646443,10.380920522300949,0.7721875992801102,0.5349148323735821,0.2674412497857801,0.4117647058823529
2023-05-22,1.0,7.0,0,5.43168992098276,7.253506624173985,8.444860253928903,8.074192644146269,8.033663055089999,0.5353363774652042,0.47554308882620283,0.26000481591713637,0.25
2023-05-23,1.0,7.0,0,6.295551297075985,6.6842660751852705,8.635421094312932,8.405659369929301,8.353071046908196,0.5740296072954424,0.5033979782349753,0.26347490013565966,0.4117647058823529
2023-05-24,1.0,5.0,0,7.661037386164283,6.263394390475439,8.646107620824782,8.437848233997894,8.373669202046461,0.5764637831163234,0.560018734009891,0.2706515112168258,0.4117647058823529
2023-05-25,1.0,8.0,1,5.4127010607232355,5.176310886254956,6.991853481972697,6.899150332966789,6.778798096793694,0.37096568576857464,0.3899058608991139,0.24931216337117054,0.25
2023-05-26,1.0,7.0,0,5.188751538408555,3.995246036778854,6.330337278145099,6.490190882852519,6.028680206917754,0.27106825160699793,0.3434556667119615,0.24332550864945648,0.2289156626506024
2023-05-27,1.0,12.0,1,4.521949727694231,4.560336458401412,6.274238233231434,6.303278800618756,6.404784829341326,0.32068080769914437,0.35658768422061143,0.2450414646665848,0.2289156626506024
2023-05-28,1.0,4.0,0,5.54575145386181,5.640835336918737,4.10488522113562,4.262716458342229,4.081077404732993,0.06768087169113512,0.4008641800361874,0.25069659264381194,0.25
2023-05-29,1.0,9.0,1,4.498635615135803,5.259648340228255,6.3225219616259976,6.238214625351735,6.948126816371652,0.39378771095257437,0.3730312282999227,0.2471622920758396,0.25
2023-05-30,1.0,7.0,0,5.350923706964002,5.200662511258958,5.783637836745598,5.7129214205329735,6.371783379719648,0.31627488669307635,0.34147214145795146,0.2430643876879692,0.2289156626506024
2023-05-31,1.0,7.0,0,4.5376218313555405,4.080679795316718,5.459405949690199,5.470765772649414,5.837421432125589,0.2465318615471789,0.3209672310849452,0.24033117989437877,0.2289156626506024
2023-06-01,1.0,6.0,0,5.115771000308502,5.3227701893467625,8.419018296752528,8.016716504623169,9.344991022051852,0.6817720142244728,0.4159490179468181,0.25259048398509154,0.25
2023-06-02,1.0,10.0,1,5.4766531742836735,4.095322055471626,6.608346061930402,6.485479104201375,6.969556434080701,0.39667200284980875,0.4056969055924633,0.25130469094455815,0.25
2023-06-03,1.0,6.0,0,7.099872716534825,7.023768438036209,8.40295979034255,8.07591765430966,9.282333631387228,0.6755681940769941,0.5881622042498248,0.2743276406411037,0.4117647058823529
2023-06-04,1.0,5.0,0,5.3652241064236454,5.45860315022755,9.53592037259783,9.239057745341343,10.138569873400307,0.753070044030075,0.3300844024008396,0.24155443585191472,0.2289156626506024
2023-06-05,1.0,7.0,0,5.731352401695662,5.826696364096833,6.482991534637836,6.462726259724757,7.19617036524473,0.42705694587630066,0.3611422606861329,0.24563178299120675,0.2289156626506024
2023-06-06,1.0,6.0,0,5.665574724835783,5.179626485118599,5.940531613104359,6.042937583172772,6.27048277757874,0.30280328478019675,0.4070770220406136,0.2514781020977411,0.25
2023-06-07,1.0,5.0,0,4.678012642748758,4.091200571526631,7.33083409766578,7.226669824632044,8.029007520157679,0.5347598606953687,0.303869683370623,0.2379980530068552,0.2289156626506024
2023-06-08,1.0,8.0,1,8.601202275138,7.358441037917073,10.717758493141947,10.509752420671125,11.787360528606504,0.8606728633821671,0.6074180194064192,0.2769033357711468,0.4117647058823529
2023-06-09,1.0,4.0,0,5.239251122456238,6.2342294814600745,6.060228743761177,6.0348207936912495,6.192157343486417,0.292451107992403,0.41160067523362726,0.2520457775219849,0.25
2023-06-10,1.0,8.0,1,4.9809655734807485,5.924749246411554,5.234769359790881,5.250101188650478,5.437671760597885,0.19750957096353833,0.3032685334737873,0.23791500607255045,0.2289156626506024
2023-06-11,1.0,8.0,1,5.5580578225659565,5.886863520063469,6.21939972364177,6.191157749343093,6.561346462176343,0.3416709355965174,0.36207615444060637,0.24575253946618889,0.25
2023-06-12,1.0,10.0,1,5.395024691330272,4.982539211745405,7.373811321523535,7.014279518807657,7.96497952205506,0.526796632415503,0.24184214648218386,0.2289574525402083,0.21658830411706242
2023-06-13,1.0,4.0,0,4.1681377041608245,4.592579707919086,6.078408656030456,5.956168553268337,6.197710283780334,0.2931829682099334,0.36404240427865653,0.2460064758589781,0.25
2023-06-14,1.0,6.0,0,5.717230506880517,5.413325608983363,7.328261322180806,6.933349907692981,7.856400678700377,0.5131510156249947,0.26825406993158785,0.23293678299781886,0.2289156626506024
2023-06-15,1.0,5.0,0,5.270639055216678,4.911328075873083,4.713067977967397,4.637967891265441,4.789625670629644,0.12720338305974993,0.29973796940428554,0.23742578161616285,0.2289156626506024
2023-06-16,1.0,12.0,1,5.803057094381144,5.77321779779741,5.358032228090473,5.332959423012757,5.501269253635431,0.20506708921318906,0.341890936820291,0.24311956455553074,0.2289156626506024
2023-06-17,1.0,7.0,0,6.2054644813355395,8.525810350098967,6.458257351915872,6.398729867582762,6.705458003267866,0.36107648290184935,0.43966908417246164,0.2555489154486111,0.25
2023-06-18,1.0,2.0,0,5.378958645134376,6.204766358621985,5.8009797063471815,5.786473047283283,6.048034022039846,0.27358192496679945,0.3069719995278587,0.23842548279552783,0.2289156626506024
2023-06-19,1.0,7.0,0,5.450310452873287,4.875914423805455,6.152021247201335,6.082417717199845,6.378869881518189,0.3172203345464092,0.17791900701301994,0.2181150686055205,0.0
2023-06-20,1.0,8.0,1,5.17033862435161,5.195088791713529,5.829035122676025,5.85373591878624,5.8251905005018285,0.2449834055941697,0.28283916400706594,0.2350464391715702,0.2289156626506024
2023-06-21,1.0,4.0,0,8.22634003597014,6.767088777747879,6.894649473777842,6.704590676545592,7.214179253302279,0.4294596246736916,0.5400441650761784,0.2680928437958461,0.4117647058823529
2023-06-22,1.0,3.0,0,8.585876984420779,8.45572256382618,11.313010824561566,10.756408051581642,11.883965218487345,0.8654772688727717,0.7267772698843871,0.2947135726932082,0.4117647058823529
2023-06-23,1.0,5.0,0,9.013524545254874,8.290522952440877,9.18441185314962,9.063820610545667,9.2184258497377,0.6691543312960951,0.7048101315594085,0.29111009559459644,0.4117647058823529
2023-06-24,1.0,3.0,0,7.0294246843483466,5.107456458976319,7.634756748056779,7.649025538463496,7.506364481876357,0.4680818129588294,0.5403372484829181,0.26813013665662355,0.4117647058823529
2023-06-25,1.0,4.0,0,9.16120109347027,8.825485346780386,7.947237815339224,8.29096443876338,7.5601094797379975,0.47509758853257156,0.6932020234005488,0.28927950986847867,0.4117647058823529
2023-06-26,1.0,4.0,0,5.331026581960735,4.374236756828564,5.162023819385868,5.5962419578646,4.582966183465446,0.10779045932792627,0.40963877252272596,0.25179970933471363,0.25
2023-06-27,1.0,5.0,0,5.914436312923005,4.815066902619862,4.5518297573496245,5.083351575387749,3.9767945766255215,0.060655232616720886,0.41072467715931177,0.2519359313562051,0.25
2023-06-28,1.0,11.0,1,5.120434540326643,6.383162820603972,4.603595378357178,5.083829247612094,3.9131934209695665,0.05659467330832775,0.3212140300262204,0.24036447326845556,0.2289156626506024
2023-06-29,1.0,7.0,0,5.577952846116522,5.471979026811236,3.6190863042457844,3.9722075807572974,3.089970952997141,0.018822847714938962,0.3524083126395835,0.2444976647921315,0.2289156626506024
2023-06-30,2.0,8.0,1,5.330184601856088,5.142306834730174,5.507476065327144,5.737608834253996,4.5750036584038565,0.11313470347262798,0.3892182190930314,0.32749453544782375,0.328125
2023-07-01,2.0,5.0,0,5.848792784921984,5.29578083427889,6.5998481032813014,6.603801005739828,5.706411697511397,0.23532072053436456,0.3633539897624092,0.32623817953367923,0.328125
2023-07-02,2.0,5.0,0,5.145089999597085,4.39940164636801,7.102160431575875,7.122416149957049,5.7397067971967095,0.2393757655485789,0.4080239970246316,0.32839023993426014,0.328125
2023-07-03,2.0,7.0,0,5.812922587802601,8.513376620551057,7.850774338730067,7.592667967713854,6.483314399107074,0.3334200047470997,0.39737890848840657,0.3278848273121954,0.328125
2023-07-04,2.0,7.0,0,5.640940929555647,6.05993063102931,7.048039875546594,6.929306774137853,5.689990948242315,0.23332773039326912,0.39262093774883156,0.32765759149507984,0.328125
2023-07-05,2.0,6.0,0,6.277771327713404,6.627468885077741,5.920527877229545,6.00110423494178,4.882380594411068,0.1426981531532634,0.35363954744372095,0.32575740082996535,0.3217391304347826
2023-07-06,2.0,4.0,0,6.491850895588935,7.525119272222995,5.794786635788791,5.9519174753204735,4.80341208399176,0.1348006476282861,0.41070125730785506,0.3285167509014846,0.328125
2023-07-07,2.0,11.0,1,7.2999416006831614,7.461389316906562,7.51853011243005,7.487282193746439,6.394726036724854,0.321986755024788,0.3325163199186447,0.3246917511288079,0.3217391304347826
2023-07-08,2.0,7.0,0,7.813421620746433,9.265370195084822,7.203245481625317,7.416698156169595,6.284791376505894,0.3078500211634463,0.4549152168458415,0.33057949132990094,0.3283582089552239
2023-07-09,2.0,6.0,0,4.797572655365471,4.141378559540518,4.481198517464919,4.705471884868996,3.8746948513824884,0.05885550987535158,0.30762177767340043,0.32339338663309997,0.3217391304347826
2023-07-10,2.0,7.0,0,5.087194536520668,5.589132908133648,6.063474146681776,5.921968502752897,5.687718253742638,0.23305225944430513,0.35713444665066285,0.3259309899306817,0.328125
2023-07-11,2.0,5.0,0,6.249884989667725,6.782766051283032,5.257275771146157,5.4443258921073125,4.666345344870079,0.12158288107034913,0.36946296488820496,0.32653786148124564,0.328125
2023-07-12,2.0,7.0,0,6.118369890682588,5.466865650731088,5.301188375502476,5.433458974057303,4.8043287060445605,0.13489115737676305,0.37105694794887184,0.32661573773579505,0.328125
2023-07-13,2.0,4.0,0,5.539604571045121,5.955022139382122,5.568061196955094,5.56275424100013,5.172435958876067,0.17333859244866537,0.376618727089312,0.32688648117694286,0.328125
2023-07-14,2.0,4.0,0,6.257477248070805,5.18345483324815,5.608489338444758,5.622125293123948,5.235102172326543,0.1802692907533107,0.3447325907634685,0.325311636301134,0.3217391304347826
2023-07-15,2.0,3.0,0,4.869407722760514,5.2939098046236985,5.175757233736444,5.224620757596883,4.718317820092635,0.12651982288126815,0.3529233474000791,0.32572173831266354,0.3217391304347826
2023-07-16,2.0,10.0,1,4.5146018286060565,4.098095167474222,5.5858703688136995,5.591930011306274,5.081658483028586,0.16348690400697405,0.3068030223290776,0.32334978697510275,0.3217391304347826
2023-07-17,2.0,2.0,0,6.113625039454625,5.9245795415264855,5.705378244340594,5.653581247305898,5.429591700576987,0.20240296009836622,0.3632033102153912,0.32623076268942797,0.328125
2023-07-18,2.0,3.0,0,6.050732536226195,5.754016818519497,6.35739593696804,6.439750534559078,5.77350862740181,0.24351113122256826,0.440056136222202,0.32989089598205357,0.3283582089552239
2023-07-19,2.0,6.0,0,5.751689079594776,6.515562767718798,4.983685425639665,5.491368217000093,4.137304494240081,0.07695009422364475,0.3386530328624775,0.3250044313555817,0.3217391304347826
2023-07-20,2.0,8.0,1,7.467996618123643,9.509816153843683,8.22275731055805,8.178731965455308,7.405971642668129,0.45198983806710574,0.5951054739806481,0.3370986816890419,0.42424242424242425
2023-07-21,2.0,6.0,0,5.166580335970137,4.975371493140226,6.353589322298652,6.355478195103595,5.90586088304776,0.2598700262498654,0.4019724798774227,0.32810340968690455,0.328125
2023-07-24,2.0,6.0,0,6.144907404133376,6.558934759740658,6.247988495705268,6.226231600887256,6.352665513589847,0.3165703146060515,0.23837436264507875,0.3194353009649833,0.2972972972972973
2023-07-25,2.0,5.0,0,5.2081190712725505,5.4327528155666505,5.401284237412689,5.545549142187502,5.356990746002223,0.19403524249865303,0.31141489203688894,0.32359458055549306,0.3217391304347826
2023-07-26,2.0,3.0,0,5.749327742637714,6.776677905930874,6.071083653720999,6.048338361835377,6.2118870739045455,0.29851685907836095,0.33842890664678904,0.3249930582191125,0.3217391304347826
2023-07-27,2.0,1.0,0,4.554535591878814,4.404708626941485,4.631802068552545,4.718768591474045,4.557864056314784,0.11158255677340549,0.28845010249788067,0.3223553616320468,0.2972972972972973
2023-07-28,2.0,2.0,0,5.314385105389256,5.060291352858157,5.2034063906971735,5.235092910864631,5.002056489022255,0.1550401792279689,0.37002922200742433,0.32656554149552164,0.328125
2023-07-29,2.0,1.0,0,3.0621705149678156,3.460456977155137,4.99663259114602,5.079601695181647,4.694076675342202,0.12420556275596195,0.2217225409129146,0.3183772315451812,0.2972972972972973
2023-08-01,2.0,4.0,0,5.648615800250721,4.571695363798927,5.000801925131522,5.211223155854924,4.549927659167942,0.11086743340133863,0.32262123869746273,0.32418170994407464,0.3217391304347826
2023-08-02,2.0,6.0,0,5.36911381106094,6.12549486233879,5.652063581159324,5.693172814540098,5.309683764280324,0.18864912536373804,0.25645546336548825,0.32053015385579464,0.2972972972972973
2023-08-03,2.0,5.0,0,5.383017299154535,5.639536849744727,5.344732792969449,5.495184640089667,5.109544658933172,0.16648895920070153,0.3069924166138838,0.32335987791759196,0.3217391304347826
2023-08-04,2.0,1.0,0,4.405749094234016,5.11743023142626,5.646477853465151,5.845041506991232,5.352391757580934,0.19350928432564257,0.27190580465993397,0.3214276575988726,0.2972972972972973
2023-08-05,2.0,2.0,0,6.5875984567647805,5.781978105655713,6.11059091546192,6.358684092226175,5.934910364260642,0.2634932795347696,0.29047818606623804,0.3224669446805336,0.2972972972972973
2023-08-06,2.0,3.0,0,6.074395959769553,5.6295652045449005,5.836092858075755,5.8960716546267395,5.6484417662295865,0.22830597101514633,0.33334517017675047,0.3247341403019432,0.3217391304347826
2023-08-07,2.0,2.0,0,5.768290758540063,7.500193414781624,5.576450145867018,5.507677370848814,5.557852142548754,0.21746733004752103,0.2518613359503359,0.3202568046474389,0.2972972972972973
2023-08-09,2.0,2.0,0,6.1320054884333635,6.343362341083209,6.534557264919826,6.627775784122449,6.26858126470689,0.3057715988226295,0.3421445383210159,0.3251811624779687,0.3217391304347826
2023-08-10,2.0,4.0,0,5.591304035114175,6.721873525504591,6.799377277940277,6.767178330540052,6.768793499433661,0.37037434711324774,0.34598544619952887,0.32537464019929735,0.3217391304347826
2023-08-11,2.0,7.0,0,5.79242634603327,4.878772070217635,5.459837203806493,5.598454159308573,5.002492913579817,0.1550859831729861,0.3778539329762096,0.32694640839455114,0.328125
2023-08-12,2.0,4.0,0,5.526265192728507,5.2379786087830045,6.382858993669019,6.362674240482859,6.065125775294103,0.27986064636153496,0.3859739541277928,0.32733862929936425,0.328125
2023-08-13,2.0,3.0,0,5.558496593404669,6.032209466309999,6.531576008737587,6.499097111447427,6.194350508314145,0.2962777306558685,0.33114490155978077,0.3246215034765222,0.3217391304347826
2023-08-14,2.0,1.0,0,5.166831428494752,5.941648068764857,5.561162180161109,5.6818781637566715,5.176692488010333,0.17380606449360422,0.3671514315365784,0.3264246974109042,0.328125
2023-08-15,2.0,4.0,0,5.6282758297469355,4.965074612717696,6.504858685359425,6.600216352374553,5.947931414015714,0.26512088062258904,0.3038326842523065,0.32319109069007546,0.3217391304347826
2023-08-16,2.0,1.0,0,5.253008582186567,4.996357135707344,6.375955023864203,6.438498869366761,5.846551977459964,0.2525079718680664,0.3340607895379766,0.3247706985337842,0.3217391304347826
2023-08-17,2.0,7.0,0,3.9351186043153175,3.654258285251549,4.215343441504948,4.516845476500991,3.5636382406446985,0.04103933361941369,0.275050245193291,0.3216064851014577,0.2972972972972973
2023-08-18,2.0,4.0,0,5.389530912806496,6.581583671985741,6.5671926412413395,6.588510666670444,5.9222734030109985,0.26191575875951817,0.49885061394086677,0.3326027255174591,0.3283582089552239
2023-08-19,2.0,6.0,0,8.215683788520296,6.401869886988469,9.161226111174992,9.09201499249161,8.358911879270973,0.5662465167250019,0.4938104036479084,0.3323709404286005,0.3283582089552239
2023-08-20,2.0,3.0,0,6.8098926292718795,5.623781306428452,9.09510130265902,8.846738380508592,8.17162884882627,0.5448334567793333,0.43578088771856643,0.3296920409930183,0.3283582089552239
2023-08-21,2.0,4.0,0,5.969680266616776,4.908877237134361,6.886497550388465,6.955193423395753,5.935530189231655,0.26357070745999994,0.32534297741027374,0.32432275316547543,0.3217391304347826
2023-08-22,2.0,3.0,0,5.891826939966958,5.552992131421127,7.164568782769537,7.0911360868506,6.486527593645313,0.33383523012909744,0.3274720745501266,0.3244326815173065,0.3217391304347826
2023-08-23,2.0,5.0,0,5.165890136351202,4.737096739821878,5.058365880668994,5.265228694164895,4.397479917451038,0.09758011340638738,0.29003225755838496,0.3224424480924081,0.2972972972972973
2023-08-24,2.0,2.0,0,4.3468108969830554,5.122658161402184,6.374901940271931,6.445103210831455,5.754010644703485,0.24112347286144223,0.4345676585792597,0.32963554146647916,0.3283582089552239
2023-08-25,2.0,5.0,0,5.674181581512793,6.924000745110884,6.772790706306621,6.699863137298003,6.464891425227346,0.3310399319685644,0.4829808250953765,0.3318729365247522,0.3283582089552239
2023-08-26,2.0,6.0,0,5.239696983058235,4.878056326474133,5.805948127698495,5.796358697979351,5.437496982357537,0.20332128484830353,0.3836212522773213,0.32722528799918954,0.328125
2023-08-27,2.0,2.0,0,5.117466587176601,5.876750320844629,5.484045033156103,5.554745300912312,4.8083382031782484,0.1352873898929372,0.4004806310634622,0.3280325045552911,0.328125
2023-08-28,2.0,3.0,0,6.084757908763755,7.744363676209285,8.254264691138758,8.013397395183718,7.397887768591971,0.4509721932909371,0.3339404086506495,0.3247645513252567,0.3217391304347826
2023-08-29,2.0,5.0,0,5.801904954165951,7.144994876564365,6.989236881539352,6.894040042280558,6.187678442948229,0.29542646471337647,0.35973380017480017,0.3260596387923586,0.328125
2023-08-30,2.0,3.0,0,6.242750126079077,7.74094275557923,7.63701056549545,7.675271985000904,6.587340224179723,0.34687603835716657,0.40815539395940476,0.328396454324867,0.328125
2023-08-31,2.0,9.0,1,5.935895305283364,7.420055412730833,6.236337745341724,6.143095424713681,5.891204038224258,0.2580461571738401,0.43979124830803434,0.32987858578979606,0.3283582089552239
2023-09-01,2.0,3.0,0,5.735080943040136,7.930084866687304,6.762594009537224,6.752470808904192,6.2621385739024,0.3049460212489155,0.35007851054279165,0.3255797751148084,0.3217391304347826
2023-09-02,2.0,2.0,0,6.115677511408025,7.879952592534025,6.689548429584843,6.637883583085981,6.176037908626221,0.29394216411866614,0.38187505533141475,0.32714100857036094,0.328125
2023-09-03,2.0,4.0,0,5.922123591810269,8.301060760824848,6.303351536016897,6.279583556307889,6.172965415278902,0.29355057472923685,0.4483658904147486,0.33027642725554884,0.3283582089552239
2023-09-04,2.0,4.0,0,3.6892379839820504,3.7000387915374646,4.403423948130015,4.497163087900802,4.160508204119943,0.07868215801228341,0.30679751142931794,0.32334949330442153,0.3217391304347826
2023-09-05,2.0,7.0,0,6.099241083145337,6.574757605164087,7.244455039188434,7.270676509080551,6.93699209548878,0.39211861546239507,0.3685615943979011,0.32649376652709194,0.328125
2023-09-06,2.0,3.0,0,4.880500401429212,4.853184322723539,5.152662666896294,5.299829212864785,4.787464856644387,0.1332303989338199,0.30773710992971753,0.3233995232654828,0.3217391304347826
2023-09-07,2.0,5.0,0,5.939315215025519,5.706321412663447,6.130607647694322,6.067039010562425,6.024912548400188,0.27478539448802514,0.34441973729896236,0.3252958875397868,0.3217391304347826
2023-09-08,2.0,6.0,0,5.730001871068557,6.044811488722236,5.602984612726968,5.588119771718748,5.760988715579448,0.2419772864002323,0.353823962742801,0.3257665786435022,0.3217391304347826
2023-09-09,2.0,1.0,0,6.165197275964797,6.359179271334411,7.267248421944001,7.182861450225415,7.1114185002574475,0.414554901566121,0.41220119922548143,0.3285875301739859,0.328125
2023-09-10,2.0,3.0,0,5.479931867130596,6.177140451373724,7.635158992259968,7.34757530192083,7.489920275382795,0.4625198526505199,0.36428503530523826,0.326283980767471,0.328125
2023-09-11,2.0,4.0,0,3.6592803932667444,4.808428470029174,5.4856187407796995,5.539158578117928,5.587836459689277,0.22103749541788717,0.2821068098481655,0.32200343632275424,0.2972972972972973
2023-09-12,2.0,1.0,0,4.295093847290627,5.919232931498098,4.665765799808924,4.711111088148225,4.736912532703725,0.128308594871659,0.45400692641958323,0.33053749813831934,0.3283582089552239
2023-09-13,2.0,1.0,0,5.326529853807,6.018671461008817,5.78770676377141,5.837761227965458,5.852552606688371,0.25325059372714637,0.3664350371565879,0.3263895690381951,0.328125
2023-09-14,2.0,7.0,0,5.5583539782178795,8.604828647263096,6.757056006519251,6.759440433143959,6.804553582292806,0.3750028813725525,0.412264068982206,0.3285904953530363,0.328125
2023-09-15,2.0,3.0,0,4.785719357339243,5.217493831696363,5.414817078471819,5.4787708647456315,5.4218656086874,0.20150679169367314,0.2999704797312056,0.32298349146581057,0.3217391304347826
2023-09-16,2.0,7.0,0,4.426959492220084,4.553952702347157,4.6078110573030076,4.730196235260113,4.625660667409682,0.11778357260147797,0.2726141653978377,0.3214680503892941,0.2972972972972973
2023-09-17,2.0,7.0,0,5.285924283133777,5.117539248222744,4.331378310441029,4.392225106013543,4.354802375161587,0.09401636482685326,0.36995042365183883,0.3265616906181852,0.328125
2023-09-19,2.0,2.0,0,5.578514833455056,8.80513522959725,6.531850987218572,6.450693909566777,6.422086160638812,0.3255145590296125,0.3615616206079799,0.32614987396364614,0.328125
2023-09-20,2.0,3.0,0,4.099374400020269,3.4798302513418933,6.458969580140186,6.4112278889360335,6.676309230549715,0.35839746500475367,0.35371388077834587,0.3257611004285174,0.3217391304347826
2023-09-21,2.0,7.0,0,6.028960762659252,4.906117954003474,6.431036059523445,6.492928631454699,6.243881728712712,0.3026081221885906,0.4556213100161288,0.33061212856062366,0.3283582089552239
2023-09-22,2.0,6.0,0,5.070212735277897,5.190270662046959,4.985477834783103,5.1845269640573735,4.759611057834452,0.1305079671954315,0.3421207531617347,0.32517996131793425,0.3217391304347826
2023-09-23,2.0,4.0,0,5.093684295051746,5.953994827856458,4.613747405475206,4.763622050811055,4.380367804193477,0.09614286178321559,0.3178999200197473,0.3239356327243076,0.3217391304347826
2023-09-24,2.0,7.0,0,5.546982446967016,6.262424042914103,4.910804251075353,5.143085292463366,4.619266805818734,0.11719177317435454,0.30832832476115896,0.32343096172130403,0.3217391304347826
2023-09-26,2.0,5.0,0,5.098061860053707,4.83119459447567,5.365372282538886,5.435559355887413,5.204907986362833,0.17691701938882745,0.26042137359864276,0.3207636519098636,0.2972972972972973
2023-09-27,2.0,20.0,1,5.213099266722422,4.556552744778199,4.829497927762266,4.995197116335099,4.667729361889753,0.12171314292992075,0.20897897648684366,0.31752988037475316,0.2972972972972973
2023-09-28,2.0,4.0,0,4.7905897901215075,5.177414616464654,5.293004599116201,5.532764833694228,4.9190468071888835,0.14643259689000934,0.29078833613396143,0.32248396991000783,0.2972972972972973
2023-09-29,2.0,1.0,0,5.2191685093588385,5.580074599785868,4.719898638426796,5.004308174085258,4.274448429405654,0.08749608192474624,0.2754676620572669,0.3216301321053624,0.2972972972972973
2023-09-30,2.0,2.0,0,4.714418613357782,3.5818657925121498,5.197345778796046,5.476006941808228,4.691523835224179,0.12396301969219213,0.24162385720961732,0.3196359501737408,0.2972972972972973
2023-10-01,2.0,8.0,1,5.777733125518277,6.681800601506865,4.441953748756217,4.735345567163494,4.054774943772268,0.07096387037059709,0.25134011104996806,0.3202255922180656,0.2972972972972973
2023-10-02,2.0,2.0,0,5.219719151618728,5.376647383230334,4.265295798653101,4.456556301541051,3.9446329137536598,0.06340196393186584,0.2143072875190658,0.3178884683492718,0.2972972972972973
2023-10-03,2.0,4.0,0,5.28858104501861,4.448006112060379,4.658095912234355,4.8812040992142185,4.17115480914063,0.07948404428415051,0.17106554892331893,0.3147637795000544,0.2972972972972973
2023-10-04,2.0,6.0,0,5.102733602565282,4.884041329626685,4.754487558992083,4.917851098095945,4.363119893900613,0.09470546833438499,0.24105926602692887,0.3196012160937509,0.2972972972972973
2023-10-05,2.0,6.0,0,5.307801572663266,5.987273372508164,4.625131163035727,4.808124757748586,4.270294858388814,0.0871658380810967,0.2810584889410774,0.3219448367199158,0.2972972972972973
2023-10-06,2.0,3.0,0,4.941411143085371,3.995572520362911,4.736690402509943,4.967815984237377,4.284262800480481,0.08827907421182346,0.19187981417284594,0.3163328218742388,0.2972972972972973
2023-10-07,2.0,2.0,0,5.606586210532228,4.685112728931891,5.037976318893785,5.277776445299748,4.478812896390249,0.10456195931779813,0.21195506512662368,0.3177309537593827,0.2972972972972973
2023-10-08,2.0,1.0,0,5.362282498813965,6.715825479706597,5.499071126904235,5.660130889253221,5.036085304877791,0.15862847923209433,0.2841748058010476,0.32211866461253835,0.2972972972972973
2023-10-09,2.0,3.0,0,5.205608049671248,6.549246658199531,5.3762048435743655,5.529667020074603,4.875014607727596,0.1419530351099755,0.3073055965848555,0.3233765569278119,0.3217391304347826
2023-10-10,2.0,2.0,0,6.504783862032425,8.028909244049224,5.874493482263946,6.013875702051508,5.419558616437348,0.2012394561945821,0.31832523074970576,0.3239578751886949,0.3217391304347826
2023-10-11,2.0,4.0,0,5.571239505861576,5.073102550110882,5.699822111788042,5.757435132894369,5.668315007418196,0.23070409044544155,0.26829842810762705,0.321220963678213,0.2972972972972973
2023-10-12,2.0,3.0,0,5.440100755570401,4.947896425256213,6.322089480439639,6.3391278172542425,6.341761699630086,0.315167632442871,0.27344098300447844,0.3215151184026897,0.2972972972972973
2023-10-14,2.0,2.0,0,6.424598182402235,5.501858787549822,6.109174253971561,6.162513100323512,6.057625556242089,0.2789127454125427,0.3399708405943773,0.32507123277719313,0.3217391304347826
2023-10-16,2.0,3.0,0,6.337585197506003,8.016141258798113,6.872214496707497,6.879385214346838,6.7669858089025885,0.37014032053474544,0.35656899654660157,0.3259029529451339,0.328125
2023-10-17,2.0,2.0,0,6.241497651495307,6.374160349939792,6.493538083378833,6.501889164321228,6.446096786568198,0.3286130407972243,0.37936208882727074,0.32701948155334826,0.328125
2023-10-18,2.0,1.0,0,6.0907019879439375,6.097590450793422,6.896304634339287,6.9730519352631894,6.804330817147645,0.37497405498016945,0.34552664390768983,0.3253515796301491,0.3217391304347826
2023-10-19,2.0,4.0,0,5.900757422382805,6.600087673670779,6.190351318931574,6.146949740674466,6.155114658795745,0.29127708848584744,0.333690130271812,0.32475176760106356,0.3217391304347826
2023-10-20,2.0,11.0,1,5.785603528180363,5.864486956600488,6.263166793381154,6.266414921862582,6.119487042235126,0.2867479763582492,0.3618669940751101,0.32616493142384867,0.328125
2023-10-21,2.0,2.0,0,6.979588004676428,6.318242086097158,6.500109585176113,6.5236858248096805,6.545145536725057,0.34141514499398734,0.3350005068061514,0.3248186490965319,0.3217391304347826
2023-10-22,2.0,2.0,0,6.546227461285557,5.035645615402244,6.567127828058753,6.594224092065143,6.509175230664309,0.33676273944296903,0.42473142997584273,0.32917624357331865,0.3283582089552239
2023-10-23,2.0,3.0,0,7.08350987648045,6.159338025735239,6.753739931346219,6.683109941213151,6.91784086072243,0.38964692116637667,0.4320329989006808,0.32951740074035163,0.3283582089552239
2023-10-24,2.0,3.0,0,6.502685242792837,6.996963175465729,7.125798517154679,7.035222447571494,7.211521482922657,0.42735190218483154,0.41100876891042226,0.3285312674659916,0.328125
2023-10-25,2.0,3.0,0,6.929991033037082,6.189878890171488,7.033220066997698,6.978077426606406,7.073692491296416,0.40971556864158987,0.51653892727907,0.3334170293759882,0.3283582089552239
2023-10-26,2.0,8.0,1,7.003662172821106,8.453327324537087,6.950237469824348,6.930083485709044,7.019758077922315,0.40278341715423327,0.5515919826811032,0.3350413531732161,0.4
2023-10-27,2.0,5.0,0,7.977294764816512,8.030556052513086,6.74252266266908,6.7417517241733425,7.009653589758501,0.4014830484980038,0.5045653597452141,0.3328656181875396,0.3283582089552239
2023-10-28,2.0,7.0,0,9.600000218750171,11.338481176191587,10.645123214867091,10.078031632687166,11.388173588726595,0.8220900110233639,0.5911161214133709,0.33690736450064135,0.42424242424242425
2023-10-29,2.0,1.0,0,5.942437846362915,5.80085692819767,7.508364598385526,7.14513584727217,8.427042384184,0.5738906014761954,0.3995722041540564,0.32798928947380146,0.328125
2023-10-30,2.0,5.0,0,6.4618869074254395,6.190424018815211,6.19763695277825,6.1356499733305885,6.782913573403712,0.3722021954863271,0.3959403675905698,0.32781621541393224,0.328125
2023-10-31,2.0,4.0,0,4.430404780652298,4.435082902125306,7.179335295628139,7.083633832064652,7.761785645992487,0.49608707735801366,0.3819610338753479,0.3271451614544461,0.328125
2023-11-01,2.0,6.0,0,5.737466341004005,6.57545921765555,7.439313488125702,7.3027665909367645,8.020794201613503,0.5271801401283875,0.30134878360764933,0.3230577425870768,0.3217391304347826
2023-11-02,2.0,4.0,0,5.9363614402595895,6.4683878154428935,7.6487251599159904,7.468260114100893,8.161014722991522,0.5436028083178686,0.3607111676102863,0.32610791230237307,0.328125
2023-11-03,2.0,3.0,0,5.987645657491974,7.349758142021682,7.404760575867171,7.274924834199125,7.799468656448543,0.5006682056743786,0.3737489811117049,0.32674697232377914,0.328125
2023-11-04,2.0,7.0,0,5.93071836661253,4.7142657009572675,6.85121775402242,6.740083376197634,7.144269399941884,0.41876184437914016,0.35153292210329773,0.32565241497437847,0.3217391304347826
2023-11-05,2.0,3.0,0,6.387194955959714,7.325849852227676,6.036555679399321,6.079326341315559,6.150146004123352,0.2906447691712376,0.28674816775685374,0.32226137825303725,0.2972972972972973
2023-11-06,2.0,2.0,0,5.2994586644856305,4.985127408106889,7.092548346846441,6.970023459064752,7.419156232143401,0.45364824907720286,0.31462282151903515,0.3237637396511732,0.3217391304347826
2023-11-07,2.0,9.0,1,6.076917583671187,6.510860664002096,6.824006747313987,6.81084829241099,6.895176908696693,0.3867202157561929,0.2918493462278746,0.3225421352333111,0.2972972972972973
2023-11-08,2.0,7.0,0,6.344989977256301,7.780008834097324,7.633190250875906,7.457799924158932,7.87159365023705,0.5093834709569555,0.3708106590023323,0.32660371332999977,0.328125
2023-11-09,2.0,5.0,0,5.92998602997169,5.8948933831719055,6.695802711911338,6.663926761617237,6.763725014044449,0.3697181617494379,0.2664633841673247,0.3211151725440939,0.2972972972972973
2023-11-10,2.0,4.0,0,5.304292384839883,5.372426317710915,5.870698818849052,5.98838726331999,5.881701837830739,0.25686527720161717,0.26449348159091096,0.32100110968536744,0.2972972972972973
2023-11-11,2.0,7.0,0,6.181751813341335,8.151265811396886,6.545541935886915,6.783335765292898,6.521963875076026,0.3384164648550705,0.4845122374852356,0.3319433703446624,0.3283582089552239
2023-11-12,2.0,4.0,0,5.679954234425202,5.7105231978469835,6.608440619743355,6.544577860768114,6.789588299659728,0.3730661348607095,0.23270821988760787,0.3190810403823696,0.2972972972972973
2023-11-13,2.0,5.0,0,4.301047707122294,3.6010947294841014,6.363913560851113,6.3672299233248335,6.510842718637518,0.33697834143272437,0.24575085581932124,0.3198882467594498,0.2972972972972973
2023-11-14,2.0,6.0,0,5.64150233311967,4.933656322999257,6.508982972035562,6.479502704414466,6.609157473916074,0.3497007335582422,0.27853488942575866,0.3218032453406946,0.2972972972972973
2023-11-15,2.0,4.0,0,4.926032287712776,4.960950292976874,6.296559110325131,6.257977819438762,6.629904866758214,0.35238739688395027,0.22239264799226047,0.3184208378042638,0.2972972972972973
2023-11-16,2.0,4.0,0,4.500458545160858,4.40135834568248,6.761174548097361,6.791194984220512,6.806204679291393,0.3752165347147459,0.23967177698413053,0.31951562860647936,0.2972972972972973
2023-11-17,2.0,3.0,0,6.145650257646633,6.457421381944999,6.48860377601334,6.566261034319026,6.519761248804865,0.33813160888793625,0.4133005513122526,0.3286393624280386,0.328125
2023-11-18,2.0,5.0,0,5.3167914469123705,6.0720268300566405,4.400487050159438,4.517703953429897,4.452471571484074,0.10227366693371726,0.32352754706132686,0.3242287408192838,0.3217391304347826
2023-11-19,2.0,8.0,1,5.575252592437501,4.822016558400575,6.358259283160559,6.268620370626867,6.59196949612601,0.34747534207148245,0.24859452527654702,0.32006049030726313,0.2972972972972973
2023-11-20,2.0,4.0,0,5.346545279889288,4.702309305077067,6.467908696600101,6.505263298850178,6.380522300803081,0.32015666477464316,0.1847165377541786,0.3158079868840358,0.2972972972972973
2023-11-22,2.0,7.0,0,6.148741501176117,5.628547557800966,7.10767208668383,7.060320687974343,7.124835263883192,0.41627389445349267,0.27585196011203933,0.3216518840808039,0.2972972972972973
2023-11-23,2.0,3.0,0,6.014392631896853,5.967242944595332,6.840948597000553,6.836635698536801,6.798297051622746,0.37419323494974377,0.3333870313045324,0.3247362798452459,0.3217391304347826
2023-11-24,2.0,9.0,1,5.971736312697919,7.543524863116613,6.068820291382024,6.106332478489856,5.981744391514496,0.2693572454142353,0.27264633617838774,0.3214698833644986,0.2972972972972973
2023-11-25,2.0,6.0,0,5.879324735337928,5.766272369905923,6.746218860360245,6.718302154434967,6.610120702635426,0.34982545663128534,0.3114144505808952,0.32359455721476527,0.3217391304347826
2023-11-26,2.0,4.0,0,6.024360805891571,6.72753450691483,5.982080221976721,6.052413665392881,5.912886921706552,0.2607453501508071,0.2582805515893345,0.32063788720983016,0.2972972972972973
2023-11-27,2.0,1.0,0,5.594579896772845,5.075062703492749,6.364167910130413,6.409061898104339,6.19849177791194,0.29680628193933206,0.22140833621706185,0.3183567537709719,0.2972972972972973
2023-11-28,2.0,5.0,0,5.832667565614173,5.813234840805972,5.712938311753222,5.851132667475043,5.276889873563588,0.1849473146020141,0.2617830393490906,0.32084330935686023,0.2972972972972973
2023-11-29,2.0,3.0,0,6.469379969425383,8.588267143962831,6.714903923810133,6.752832514138311,6.40077722316528,0.32276670866549967,0.40566366522260494,0.32827851188913143,0.328125
2023-11-30,2.0,8.0,1,6.166728162488205,6.532186677475893,6.8340985223045925,6.919986618082724,6.3812781791806445,0.32025403231344063,0.3644378550467481,0.3262914940119787,0.328125
2023-12-01,2.0,5.0,0,5.407627728629029,5.237097311752296,6.023617064589155,6.254718201234898,5.714889367560646,0.2363514603515057,0.23615449296020774,0.3192971858127293,0.2972972972972973
2023-12-02,2.0,6.0,0,6.671504675106848,7.247352425024963,7.206455054904282,7.1571617574838715,6.91248750458944,0.38895577285026683,0.42749067794351064,0.32930531706758187,0.3283582089552239
2023-12-03,2.0,3.0,0,6.426625871974666,5.929646385107043,7.512902372705952,7.532356034315769,7.242590961698303,0.43130941680984203,0.42052861323382473,0.3289792668103447,0.3283582089552239
2023-12-04,2.0,6.0,0,5.122372882677507,4.25521464871299,6.61633302118565,6.723334738137521,6.273109493394565,0.30635202205913714,0.26304846298422313,0.3209171065550911,0.2972972972972973
2023-12-05,2.0,3.0,0,5.864084563571688,5.816431008665484,6.032828845689233,6.173562891670245,5.764832517081648,0.24244793458406014,0.25420977651195115,0.3203969276625207,0.2972972972972973
2023-12-06,2.0,2.0,0,5.638269363890055,5.484602122956336,6.3998238561035405,6.4179227489336395,6.147675090731283,0.2903303978138916,0.31885981247684947,0.32398581086981254,0.3217391304347826
2023-12-07,2.0,3.0,0,6.497561714175018,6.821009676222187,6.9275134824464475,6.914477981854927,6.631381341374191,0.3525786056824322,0.4235572182134045,0.3291212574272275,0.3283582089552239
2023-12-08,2.0,3.0,0,5.599907250978403,7.203222132903083,7.928011227173768,7.784325893629499,7.660732470391505,0.4837123856339947,0.4211876397768545,0.32901018490075146,0.3283582089552239
2023-12-09,2.0,6.0,0,6.252984227080666,9.720893337369606,7.009540254125529,6.984074327203824,6.804293457104984,0.3749692204837905,0.4758156795054395,0.33154327504955683,0.3283582089552239
2023-12-10,2.0,1.0,0,7.350241216091351,6.9358660354954855,7.8753520455525585,7.741979242507491,7.708460057193812,0.48957291310348666,0.5113355313643002,0.3331772743233845,0.3283582089552239
2023-12-11,2.0,7.0,0,5.230518204485293,4.087512768099984,6.882479692399556,7.00213326376681,6.6097614496175705,0.3497789388599705,0.23501007243048996,0.3192256447738376,0.2972972972972973
2023-12-12,2.0,13.0,1,5.724082187528851,5.429012195053975,7.190846265678751,7.1891356564159,7.08071528392128,0.4106170475669418,0.36471498909806854,0.32630511585778443,0.328125
2023-12-13,2.0,2.0,0,7.17771343277275,9.511458383327597,7.194306456390987,7.1279801625586465,7.20637914889485,0.42669619893833466,0.42412042263012184,0.3291476356606948,0.3283582089552239
2023-12-14,2.0,3.0,0,6.407394314271984,7.216048215866384,6.937893232794413,6.93841583108561,6.949761906110383,0.3937659485249525,0.3289835526581517,0.3245105104072837,0.3217391304347826
2023-12-17,2.0,9.0,1,5.15664814948017,4.224999056899365,6.257094811910872,6.306273089418937,6.24535389704908,0.3027965548001357,0.2596033715883835,0.3207156740801086,0.2972972972972973
2023-12-18,2.0,2.0,0,6.608807224225984,8.302367933633562,6.867925844493155,6.821220525955623,6.965475748162552,0.3957921815334374,0.48186722456048403,0.3318217145748415,0.3283582089552239
2023-12-19,2.0,3.0,0,5.577832253043414,4.64069228509188,6.743204457467785,6.7530572180897215,6.900573351279532,0.3874172390555267,0.307138519794244,0.32336766004969153,0.3217391304347826
2023-12-20,2.0,3.0,0,5.488668449303362,5.23563682615572,5.892912146626064,5.969538023839947,5.892748585072504,0.2582382210459042,0.34083522480325196,0.32511498519466886,0.3217391304347826
2023-12-21,2.0,5.0,0,6.913086755654149,6.919880619236102,7.122958958527438,7.060964401663452,7.130005943931184,0.4169360772816072,0.4201129025372087,0.3289597577638565,0.3283582089552239
2023-12-22,2.0,3.0,0,6.401504559644479,6.475097903054882,7.611335266932775,7.513386619376642,7.588017771452228,0.4747310937219398,0.4618302810273462,0.3308988513882974,0.3283582089552239
2023-12-23,2.0,6.0,0,5.908070789303125,5.9968800174973795,6.9727275810711795,6.958266989527063,6.878835429107533,0.3846089363550803,0.46027506217361236,0.3308270763009185,0.3283582089552239
2023-12-24,2.0,1.0,0,5.916053782255258,6.3930544203969415,6.542795277667021,6.6860306713750335,6.332135785400594,0.3139298832490565,0.44578555454146473,0.3301568415380651,0.3283582089552239
2023-12-25,2.0,9.0,1,8.274252085386832,7.5397727907578105,7.306238201991906,7.3402082128986965,7.269007044128391,0.434668368023456,0.44276066132310143,0.33001650779085856,0.3283582089552239
2023-12-26,2.0,2.0,0,6.543402574489345,4.790428082445787,6.888924778560801,6.8841314498470325,6.9267885195350525,0.3908018887760509,0.43509290856989097,0.32966000595464007,0.3283582089552239
2023-12-27,2.0,3.0,0,6.034849123590957,5.4274331851962545,6.252818851236419,6.3404688399199225,6.130167439640357,0.28810449174239533,0.39181080304933713,0.32761881255824293,0.328125
2023-12-28,2.0,3.0,0,5.901692804673044,5.262819603719212,6.067403906584752,6.099702515766235,6.024535815236552,0.27473793069714303,0.2763093640368175,0.3216777505529903,0.2972972972972973
2023-12-29,2.0,8.0,1,6.559612133519279,5.738393299403953,6.627253554809499,6.603916407010217,6.616468931221789,0.3506474773262179,0.36529566121861506,0.3263336440453575,0.328125
2023-12-30,2.0,5.0,0,5.978961532055294,7.1156881436929345,7.544985069179349,7.532719032664719,7.5127778764871715,0.4653744997664031,0.41840743733324004,0.32887967150506436,0.3283582089552239
2023-12-31,2.0,5.0,0,6.286721070756797,4.499819470074798,5.933234058729031,5.960855117911451,5.861258701149648,0.25432895116503207,0.3442269364505077,0.3252861789346496,0.3217391304347826
2024-01-01,2.0,6.0,0,5.239371812958192,4.637460267067946,6.762007163491351,6.757283834065721,6.761680728632473,0.3694534913647411,0.40511608663877174,0.3282525653325683,0.328125
2024-01-02,2.0,8.0,1,7.05354875426866,7.6809602683232,7.407789744252281,7.388779623329614,7.3003788926305395,0.4386501948788132,0.5543782552076457,0.33517144191844345,0.4
2024-01-03,2.0,3.0,0,6.997802569822167,6.352972935648754,7.360399438528254,7.355035047180374,7.293723542653867,0.43780615077317986,0.5053235797137587,0.33290050866642407,0.3283582089552239
2024-01-04,2.0,3.0,0,7.645727624062502,8.503419100058549,7.0066152040201946,7.041442385928952,6.870992055498279,0.38359530734087843,0.48247317429192704,0.3318495867644297,0.3283582089552239
2024-01-05,2.0,3.0,0,6.153923337791881,5.153331473605491,6.86465059960646,6.922725928360537,6.787370135882908,0.3727790361177965,0.445982571169166,0.3301659761955964,0.3283582089552239
2024-01-07,2.0,2.0,0,6.206811016296902,6.767653472376332,6.597213017980285,6.671324837655218,6.466445127557337,0.3312406121260264,0.6255195140944102,0.3385810767400298,0.42424242424242425
2024-01-08,2.0,9.0,1,6.584825979797821,6.975363958421856,7.074952568483557,7.013117418489954,7.0963247534766065,0.41261974078927904,0.5231093287710636,0.3337201374606216,0.3283582089552239
2024-01-09,2.0,15.0,1,6.034994666036518,5.137509722902731,7.847073950239849,7.8203176974050095,7.87340383011522,0.509601289728117,0.5446613068671939,0.3347185112930881,0.4
2024-01-10,2.0,7.0,0,5.542318377914264,4.666808099208155,7.100280091365463,7.176854745739686,6.978483160492465,0.3974686566707478,0.5453636686697061,0.33475118257913455,0.4
2024-01-11,2.0,8.0,1,6.906376387972501,6.143565410823507,6.891433416127969,6.967695053911271,6.80121547939215,0.3745709124136221,0.6234275305879727,0.33847760377001995,0.42424242424242425
2024-01-12,2.0,3.0,0,6.421860964687687,3.6003139702700926,7.93848520658848,7.83326373176099,7.980193588342286,0.5223692736013892,0.4952533816848087,0.3324372944887188,0.3283582089552239
2024-01-13,2.0,6.0,0,6.198381972445914,6.4438901320262,7.650289292720716,7.632064818905531,7.596843018581093,0.47582442347011455,0.539658459816901,0.33448607418896154,0.3283582089552239
2024-01-14,2.0,8.0,1,8.101662294746182,10.07813961960265,8.161640667701366,7.997496419874528,8.321026059276145,0.561961685487449,0.6287169315425568,0.3387397066997141,0.42424242424242425
2024-01-15,2.0,5.0,0,6.925404179834205,6.163580876280733,7.8784008685247775,7.849128879532616,7.856381271613067,0.507551176358534,0.6581026576475218,0.3402279778565414,0.42424242424242425
2024-01-16,2.0,5.0,0,7.359584465417553,8.004181547071983,7.674501304832767,7.6000245463610385,7.661923378275319,0.48385895753833713,0.6058278346078727,0.33761623347635195,0.42424242424242425
2024-01-17,2.0,6.0,0,8.317441356960165,8.063761663609899,8.173792927413933,7.983186132029225,8.447061231791444,0.5761214978650013,0.6075640266855955,0.3377005230521896,0.42424242424242425
2024-01-18,2.0,8.0,1,7.857966387820413,7.251797721625427,7.871263127525048,7.903888520745411,7.841022391317578,0.5056980092401423,0.5928353422898739,0.3369897344127124,0.42424242424242425
2024-01-19,2.0,4.0,0,8.62474664123816,7.666739256825082,9.007034794590265,8.801822122464626,9.18274870689077,0.6530451818959901,0.6331805742063942,0.33896215865559953,0.42424242424242425
2024-01-20,2.0,11.0,1,7.406353762394987,5.925046122819635,7.928048491305778,7.83157623692549,8.048208056666784,0.5304145603201034,0.5681534863092296,0.33581747951135743,0.42424242424242425
2024-01-21,2.0,13.0,1,7.276400447472791,6.710720855290372,7.187729087583491,7.223560017245775,7.247744533108429,0.4319651505776026,0.5752485384982744,0.336152337638794,0.42424242424242425
2024-01-22,2.0,3.0,0,6.743486690669284,5.476849261494928,7.155240271975003,7.140094730820635,7.248763242666754,0.43209474552123195,0.5218105356326137,0.3336601842352219,0.3283582089552239
2024-01-23,2.0,7.0,0,6.779634220616874,5.7052252348773616,6.318065319774538,6.323028094796115,6.4503646561918915,0.3291640253135262,0.4316500843694437,0.32949954066216697,0.3283582089552239
2024-01-24,2.0,3.0,0,7.148385718688405,5.443786279359133,7.560238228820221,7.554263472826783,7.502101132185108,0.4640417852103547,0.49975675546731524,0.33264440250945676,0.3283582089552239
2024-01-25,2.0,4.0,0,6.880101609990296,6.6407503814991,6.8160413062797485,6.952439796960879,6.823493518454184,0.3774533999371533,0.5246026104367325,0.3337890929445418,0.3283582089552239
2024-01-26,2.0,3.0,0,6.304257226496757,4.061403749368199,7.005924313000003,6.992084799301133,7.051077434498746,0.4068107378140256,0.4972100272978971,0.33252727411640176,0.3283582089552239
2024-01-27,2.0,4.0,0,8.825384202303871,7.688667194474973,7.640646188318586,7.515012670504022,7.765073057760597,0.49648746827376666,0.5354472774072578,0.3342907702462497,0.3283582089552239
2024-01-28,2.0,2.0,0,6.420248800537633,6.394787309693817,7.157323932986544,7.158182531967982,7.2577950982815365,0.43324337715068734,0.48133764156794984,0.331797354025442,0.3283582089552239
2024-01-29,2.0,1.0,0,7.3398775363086735,6.480666230189853,7.501526007435996,7.475341303868159,7.613627784804314,0.47790135662415084,0.5077436979941469,0.333011894139011,0.3283582089552239
2024-01-30,2.0,5.0,0,8.418424571608032,7.4538916332398495,8.786266931378911,8.592551615507201,9.14718229905533,0.649561255537316,0.6039932705271903,0.3375273200484585,0.42424242424242425
2024-01-31,2.0,2.0,0,9.423061683321942,10.82889446389963,10.110768297372477,9.858439024632318,10.430896173761454,0.7597646051507715,0.6165993172910122,0.33814153260253993,0.42424242424242425
2024-02-01,2.0,3.0,0,9.952551977498223,11.940475502374065,9.837206470994062,9.643459352479267,10.064967975474753,0.7315841828176911,0.6179608991976483,0.33820834867338967,0.42424242424242425
2024-02-02,2.0,5.0,0,9.170720246989493,9.052329372243692,9.28551683284172,9.03068474942438,9.531587754319055,0.6859125804834358,0.5454300499967512,0.33475427090837045,0.4
2024-02-03,2.0,5.0,0,8.443469084004315,8.412901319980412,8.983039571081576,8.802926311305777,9.178831501784021,0.6526626686822882,0.5040775262572245,0.33284317138412717,0.3283582089552239
2024-02-04,2.0,4.0,0,7.781040889700171,8.52767647365339,8.942269621282808,8.66976762369905,9.446110447175279,0.6780784582174308,0.6352736736876072,0.33906688602016916,0.42424242424242425
2024-02-05,2.0,6.0,0,7.257994565581238,8.479553093339858,8.378367178407961,8.145220139355947,8.81848583055699,0.6162169977998035,0.58809086330392,0.3367627024536439,0.42424242424242425
2024-02-06,2.0,11.0,1,8.437914796161403,8.1182365753389,7.933136131576544,7.811506753144761,8.165076626685957,0.5440739747769096,0.5834527518993092,0.3365415891578353,0.42424242424242425
2024-02-07,2.0,8.0,1,8.15881054927693,8.027122045710144,8.510193850701075,8.443465693243148,8.40742525556556,0.5716977581991906,0.4880293195076386,0.33210511049413444,0.3283582089552239
2024-02-08,2.0,7.0,0,8.904621341097021,9.698713353834508,8.74079743360995,8.426792953989635,9.315699655741303,0.665851301269126,0.5878819172881906,0.33675272406246365,0.42424242424242425
2024-02-09,2.0,11.0,1,6.8998678464506575,6.171670889842674,7.892423726323916,7.895146525340146,8.150452035790934,0.5423763498628751,0.5432890814741589,0.3346547087083985,0.4
2024-02-10,2.0,3.0,0,6.6294559609075385,6.977282097568809,8.071219725807438,7.818109013279825,8.594577264355392,0.5923438886241708,0.5905842591952494,0.3368819060721441,0.42424242424242425
2024-02-11,2.0,1.0,0,6.336042001850628,6.274233998131261,8.99756450246224,8.693963748532846,9.461953109199033,0.6795412367271727,0.4479522286677857,0.33025726345829703,0.3283582089552239
2024-02-12,2.0,1.0,0,8.996676428315233,7.456184252359311,8.614839426263579,8.472061115346685,8.823102038380492,0.6166994407144706,0.6102941178415509,0.33783335414873145,0.42424242424242425
2024-02-13,2.0,3.0,0,10.349812368606893,7.287496299982696,8.711646886483704,8.496820210502488,9.041470968204807,0.63906229584703,0.5735069615488355,0.33606999684864125,0.42424242424242425
2024-02-14,2.0,3.0,0,7.489331901031651,8.726449896717149,8.407310714435162,8.188817739282563,8.91728807637473,0.6264556007442008,0.6015723181323969,0.33741022087417444,0.42424242424242425
2024-02-15,2.0,4.0,0,6.201593719285974,5.949486968812057,6.702789513565736,6.550484095076943,7.152883813080961,0.41986387797503527,0.46799487669675377,0.3311831082449996,0.3283582089552239
2024-02-16,2.0,7.0,0,6.090696819013893,6.2616914500059195,8.576310737907864,8.243105108805763,9.193889874498872,0.6541314879866713,0.49407844788780964,0.33238326602687734,0.3283582089552239
2024-02-17,2.0,2.0,0,9.011630842271055,7.505187627521351,9.3681265376155,9.112058813451105,9.579260132209512,0.6902198234139526,0.5434269028568753,0.33466111514125607,0.4
2024-02-18,2.0,4.0,0,8.464726549216248,8.161881264970612,9.974393840767107,9.541161717267107,10.557405186240123,0.768926879212861,0.5505689230980118,0.3349936320377013,0.4
2024-02-19,2.0,4.0,0,6.802264186269682,7.5099499044889715,9.123549010625128,8.794717095003433,9.826714820612475,0.7118653321438559,0.487796397940905,0.3320943997601291,0.3283582089552239
2024-02-20,2.0,2.0,0,6.764729728391092,6.145583166852203,7.0976162189292795,6.923669377660142,7.523879378805498,0.4667589452536628,0.5040302353556865,0.33284099543613915,0.3283582089552239
2024-02-21,2.0,4.0,0,6.579848251149902,6.50202671385251,7.47215686006626,7.285941608656724,7.948449431612299,0.518590958870645,0.4063882706898552,0.328312831253158,0.328125
2024-02-22,2.0,3.0,0,5.720933566446208,5.232596028759311,7.5857804456830715,7.401553223277604,8.03637906291292,0.5290203056708631,0.4608590527414328,0.3308540313048488,0.3283582089552239
2024-02-23,2.0,1.0,0,7.272340821742284,7.849479414796979,8.817913951917621,8.469541012094131,9.385237387003368,0.6724123607091371,0.5068685832698261,0.3329716133457362,0.3283582089552239
2024-02-24,2.0,4.0,0,7.330482224669768,7.478872742652895,8.400254616252274,8.167416635702246,8.977279302076699,0.6325823965695619,0.5351053652486975,0.33427492638359907,0.3283582089552239
2024-02-25,2.0,2.0,0,6.319114339704381,8.635818156039377,8.436492365012867,8.279781688280362,8.897539051991139,0.6244237550483673,0.5617981376525791,0.33551879468740686,0.4
2024-02-26,2.0,4.0,0,6.996162837415428,9.348981740121804,8.933766891116356,8.675746495200032,9.391560704887144,0.673004304758166,0.5825125718225762,0.3364968636620569,0.42424242424242425
2024-02-27,2.0,3.0,0,7.80799959838129,11.350802180250692,8.37088597733751,8.194277108111612,8.758988258223084,0.609963349106037,0.5803332722286657,0.3363933120921047,0.42424242424242425
2024-02-28,2.0,7.0,0,9.393064395550278,7.997459449385474,8.501184743685538,8.413263829857431,8.658642541294023,0.5992681735767356,0.5824784632636709,0.3364952416703642,0.42424242424242425
2024-02-29,2.0,4.0,0,5.664108167085754,6.445399473945062,8.207164382253536,8.049440722818876,8.448083111480857,0.5762351896029916,0.4896275942517324,0.3321786045123436,0.3283582089552239
2024-03-01,2.0,7.0,0,7.273707755408738,8.55659389696801,8.856090313368288,8.661798356835906,9.12107211006333,0.6469880669015459,0.633895971615596,0.3389979229933184,0.42424242424242425
2024-03-02,2.0,5.0,0,8.252580824606834,9.584393329608286,9.527584072858428,9.134659914157043,10.126966607333083,0.7365367665065481,0.5856515646180696,0.3366463141899206,0.42424242424242425
2024-03-04,2.0,10.0,1,6.82691072591579,6.676672782600519,8.02820224535309,7.864557881524678,8.438149857972867,0.5751292732020599,0.5682087893767048,0.33582008367260874,0.42424242424242425
2024-03-05,2.0,2.0,0,7.43901282988531,8.338331967725951,8.596137895765285,8.477043414014386,8.86470961283794,0.6210298780151429,0.6119900569313476,0.3379160510052542,0.42424242424242425
2024-03-06,2.0,3.0,0,6.982486826976705,7.61470664042876,7.814060523597501,7.721687091255675,8.025326149937518,0.5277156207457969,0.6016174420757903,0.33741240107830794,0.42424242424242425
2024-03-07,2.0,8.0,1,6.115639767779003,5.171111915410541,7.244410836698761,7.201601413316134,7.558966452586993,0.47112578736323507,0.46044984562168123,0.33083514411416276,0.3283582089552239
2024-03-08,2.0,12.0,1,7.256507550101763,7.5635045880973015,7.635983958641725,7.455550357209308,8.118607122661938,0.5386681245439666,0.4885984850092953,0.3321312829027089,0.3283582089552239
2024-03-09,2.0,4.0,0,6.045355656370711,6.731228178373546,7.497592125849852,7.324312668811484,7.824048223072017,0.5036462080706245,0.47429995121079666,0.33147350488666294,0.3283582089552239
2024-03-10,2.0,2.0,0,6.576799513542956,11.87766189657302,7.515208224633545,7.353546173223216,7.969752715206737,0.5211281802887889,0.5231274747840363,0.3337209752320183,0.3283582089552239
2024-03-11,2.0,7.0,0,5.856843242618379,6.940639863593399,7.279022353922948,7.127450883212703,7.7897763027203,0.4994916894913753,0.3586030351908064,0.3260037215999677,0.328125
2024-03-13,2.0,3.0,0,6.2796044103266775,4.974892717884202,6.765561640150193,6.714699945035169,6.9488482019734406,0.39364809976617304,0.39760188050906015,0.32789545512484003,0.328125
2024-03-14,2.0,3.0,0,5.624622568210416,7.060594443530557,7.853965203838158,7.956274750940343,7.753026993186441,0.495019632167038,0.5303716834645325,0.3340557611888418,0.3283582089552239
2024-03-15,2.0,8.0,1,6.390802464929995,7.049429934141182,7.39186005837319,7.316813769400446,7.593582251016357,0.4754205619664294,0.48092225976933706,0.33177824595624805,0.3283582089552239
2024-03-16,2.0,12.0,1,7.0084564880239935,6.702000783565085,7.903400352258155,7.686269198675766,8.2681621705501,0.5559427282349855,0.5510163650165774,0.335014500299484,0.4
2024-03-17,2.0,17.0,1,5.8433556381109995,6.0362811582908655,7.643613353647966,7.539171993597568,7.838997594525379,0.5054534615466183,0.5300987409233378,0.334043134471527,0.3283582089552239
2024-03-18,3.0,5.0,0,5.517463865124338,5.7548368625357895,6.316448405162705,6.266066428443836,6.489535636485402,0.33847984601918185,0.5973490189661006,0.26794767372309775,0.32
2024-03-19,3.0,9.0,1,5.201304213505624,5.496851992485441,6.200159408017191,6.2152630172919965,6.168691119717538,0.30073554225927845,0.5349909111760226,0.2621162661628815,0.26241134751773054
2024-03-20,3.0,3.0,0,6.879516941540548,6.993766266396116,7.223762458540711,6.925401078971474,7.44696222610612,0.44910906643264753,0.4551799346369163,0.2548948183475377,0.26241134751773054
2024-03-21,3.0,4.0,0,6.1924749999625845,6.379841111983258,6.689733433870234,6.670336617497067,6.762702259962885,0.37055110848541956,0.37858003404139795,0.2478963634335975,0.26
2024-03-22,3.0,3.0,0,4.630111102334684,4.013697042818329,7.494102741612485,7.354094194163191,7.633254399643309,0.4697829214185634,0.347761189155393,0.24498107406056463,0.22295081967213115
2024-03-23,3.0,4.0,0,7.739199892314234,5.894453715843368,8.515602219283494,8.23190840375845,8.759652125160144,0.5853476510178752,0.3861178623686139,0.24859780515985644,0.26
2024-03-24,3.0,1.0,0,3.873249948457414,3.842310679840351,7.064095705037994,6.8787259648703145,7.346207535634811,0.4377788468105142,0.28550835666889407,0.23875397655500433,0.22295081967213115
2024-03-25,3.0,4.0,0,5.912111382931934,5.399786409652759,6.925248713533581,6.768611655335376,6.999902001935725,0.3981588249958857,0.34122011021945886,0.24435070653712956,0.22295081967213115
2024-03-26,3.0,5.0,0,6.823166913388953,7.012652642121211,8.107854566607257,7.931399498740196,8.123401252839466,0.5222141622346473,0.3868178640973158,0.24866274853302886,0.26
2024-03-27,3.0,2.0,0,4.931385321479845,3.5024568286202205,6.297897724663546,6.255125798622073,6.39441678071076,0.32728224720113996,0.318619907032328,0.24213415985071512,0.22295081967213115
2024-03-28,3.0,5.0,0,5.611825077962332,5.769336213906808,6.853317770544619,6.76158716330501,6.987177663836181,0.39668597458114424,0.36889673180291305,0.24698914684515208,0.22295081967213115
2024-03-29,3.0,3.0,0,5.117484532266443,4.806443899757463,7.422226129192699,7.29947369988122,7.572289109188505,0.4630585236992276,0.3566838062379933,0.2458338704363046,0.22295081967213115
2024-03-30,3.0,2.0,0,5.0839315707398764,5.199657757376098,6.542003438542584,6.58674029021531,6.504693061170732,0.34026362788605696,0.35724688610649397,0.24588742899693228,0.22295081967213115
2024-03-31,3.0,3.0,0,5.087507329628307,5.274146350056245,6.870108122884942,6.9008562902895045,6.8461811711429705,0.3803008170095502,0.39353457807013825,0.2492843139455852,0.26
2024-04-01,3.0,3.0,0,4.747076248472195,4.734865288758529,6.438381421180638,6.439309236407248,6.656071768319613,0.3580564124962406,0.3507489698791545,0.24526751665502816,0.22295081967213115
2024-04-02,3.0,6.0,0,5.309168018056738,5.228078578194398,7.306942931972902,7.244829128269217,7.332469589049786,0.4362264139027924,0.36620034610523855,0.24673519626896045,0.22295081967213115
2024-04-03,3.0,6.0,0,5.514501088754456,5.225860027838655,6.270231597376127,6.330396159799553,6.530541319124027,0.3433048833367927,0.2690998110226771,0.2370056876865828,0.22295081967213115
2024-04-04,3.0,3.0,0,5.127979923953091,4.6768441491535935,6.103142376370651,6.021170808073023,6.318605295179103,0.31835805369243725,0.2259856027147601,0.23210258904096956,0.22295081967213115
2024-04-05,3.0,8.0,1,5.112608731816217,5.391587229969528,6.304450601988944,6.140921111051727,6.721373954876413,0.36571322482279595,0.250799935992897,0.234985404781764,0.22295081967213115
2024-04-06,3.0,8.0,1,5.4535285651236824,4.815537708010248,6.377061176783343,6.292845232685778,6.692780528348,0.36236234635085085,0.30278615286607846,0.2405399222588641,0.22295081967213115
2024-04-07,3.0,4.0,0,5.073434978586092,4.363503455496246,6.367194745925033,6.369159774507726,6.407630368328034,0.32883794049337145,0.26902296863866465,0.2369973677119908,0.22295081967213115
2024-04-08,3.0,2.0,0,5.179441476912679,4.501153874702585,7.42496293017118,7.2943715775850935,7.60775341263443,0.4669752288571236,0.3328833535939165,0.24354037672204792,0.22295081967213115
2024-04-09,3.0,5.0,0,4.607865945096569,5.511927648957019,5.60752725203333,5.604701465516877,5.720344661504766,0.2486473932421296,0.21757927423869425,0.2310818531512004,0.22295081967213115
2024-04-10,3.0,4.0,0,4.490630438056028,4.050224049343283,6.372225686360732,6.261629079707422,6.556677686830146,0.3463790048347736,0.24620283484037764,0.23446469930671546,0.22295081967213115
2024-04-11,3.0,4.0,0,4.832820216350565,5.3007968024632355,6.2840098983230295,6.1756431871929856,6.455463792717952,0.3344693500415746,0.270950613051223,0.23720568955937324,0.22295081967213115
2024-04-12,3.0,4.0,0,4.429943461748873,3.5070695113581816,6.119103210700672,5.977498044886456,6.348938309723294,0.32192825848465917,0.27859455590276844,0.23802399895869075,0.22295081967213115
2024-04-13,3.0,1.0,0,4.651474561320261,4.047626735119718,5.628240585802772,5.577148068338318,5.799557571055808,0.2577461714529251,0.25279699371725056,0.2352098723460901,0.22295081967213115
2024-04-14,3.0,3.0,0,4.827819457342067,4.752765844485421,6.526167532772197,6.316001881181074,6.702077235134649,0.3634521478812855,0.31326839896664477,0.24159949404238765,0.22295081967213115
2024-04-15,3.0,3.0,0,4.401250463281001,3.9667377835695237,5.868372462672776,5.809454961533704,6.101988860726046,0.2929146739654748,0.2551955387835956,0.23547811625977114,0.22295081967213115
2024-04-16,3.0,2.0,0,5.184200968160761,6.083349791170488,8.007482029882297,7.776929837579634,8.306015873958213,0.5409360847803072,0.339076049625246,0.2441430664396388,0.22295081967213115
2024-04-17,3.0,7.0,0,5.305759156524156,6.58993736824254,6.802184280280804,6.586078059866663,6.891801052565501,0.385614522830313,0.2988740377389968,0.24014003636031833,0.22295081967213115
2024-04-18,3.0,8.0,1,5.512645081364039,5.813004915235905,5.922859636849976,5.855984808369547,6.146357934903297,0.2981152018315572,0.29126257892064195,0.23935460799935368,0.22295081967213115
2024-04-19,3.0,8.0,1,4.978195347003716,4.494104533400367,5.739411438238371,5.697744475613556,5.900432276787316,0.2694100189766072,0.2408931719441953,0.23385608220289117,0.22295081967213115
2024-04-20,3.0,3.0,0,4.520959067154693,4.582062263709178,5.354242616039913,5.41507275418928,5.398933930215981,0.21244364499164675,0.34276422805201406,0.24449992961095127,0.22295081967213115
2024-04-21,3.0,7.0,0,4.7406411924621885,4.331922435903238,6.386989110113259,6.348471564789788,6.372318700229434,0.324680619089802,0.33020449366628446,0.2432782479965808,0.22295081967213115
2024-04-22,3.0,6.0,0,5.909702075115904,5.2847138224685954,7.130605332256086,7.022881644303663,7.273439197048178,0.4295360803388966,0.2840728424581217,0.23860317374075946,0.22295081967213115
2024-04-23,3.0,3.0,0,4.919772420580872,5.633898343380885,6.622532888738082,6.562136188595427,6.797027857904379,0.37456391783102383,0.2741375728742004,0.23754835007884212,0.22295081967213115
2024-04-24,3.0,5.0,0,4.116408323673695,5.058898922163523,6.40936997594901,6.237049884326794,7.067697891793297,0.40598804040396397,0.1507914114501503,0.22182981692382117,0.0
2024-04-25,3.0,3.0,0,6.301371286142363,6.495081540113604,6.876166288117492,6.75299472254761,7.152691982510615,0.4157568101281431,0.3992526848802546,0.24981134103653685,0.26
2024-04-26,3.0,2.0,0,4.43241109553392,4.033787998978672,5.632964821758877,5.6663365912418895,5.834358346384054,0.26176102483383024,0.23425524312513243,0.23308376380089432,0.22295081967213115
2024-04-27,3.0,6.0,0,5.07524821376752,4.888573886668833,5.766668563863794,5.709359729506325,6.015355007734564,0.28278457997377826,0.3185634513856988,0.24212854046129514,0.22295081967213115
2024-04-28,3.0,6.0,0,5.263537621087976,5.053450965457483,6.035325309630131,5.952362167387497,6.40706446785629,0.32877131439750656,0.28288620347486204,0.23847821788760493,0.22295081967213115
2024-04-29,3.0,10.0,1,6.620181161409642,6.059167034034277,7.426797028474382,7.239871271732378,7.603700816484617,0.46652836195214475,0.4422272983167821,0.2537254831515357,0.26241134751773054
2024-04-30,3.0,3.0,0,5.354511210898536,5.346422162358096,6.098370755625458,6.218615256495373,5.631887734862952,0.23855994045158252,0.2516362619641729,0.23507953284653882,0.22295081967213115
2024-05-01,3.0,5.0,0,5.1238018758376835,5.756952331874841,5.663609627048108,5.6730318071143975,5.549931650825351,0.22929194588556526,0.30761245950148974,0.24102987088994018,0.22295081967213115
2024-05-02,3.0,4.0,0,5.065559037587091,5.468266774764094,5.806227048889158,5.802183125192306,5.623541004417219,0.23761245595075456,0.2817656391955524,0.2383599695878802,0.22295081967213115
2024-05-03,3.0,3.0,0,4.530988758263306,4.728531577034522,6.818332983581088,6.641787234537626,6.677028171435443,0.3605151224402264,0.27822209557700095,0.23798440561547776,0.22295081967213115
2024-05-04,3.0,11.0,1,5.168472746015453,5.3179394010758525,6.564194034371664,6.628598145861769,6.142634305295027,0.29767847402559106,0.26475887371700835,0.23653361496399805,0.22295081967213115
2024-05-05,3.0,5.0,0,4.6212206538076845,5.158568728993096,5.247674068336915,5.328977384543254,4.931177046921807,0.16268087866245473,0.25378656782811726,0.23532071936657978,0.22295081967213115
2024-05-06,3.0,3.0,0,5.722346327330245,5.399894484822821,6.4297102693359145,6.534559332382072,6.1440245839241445,0.29784152791004187,0.36611484221187224,0.24672713340742586,0.22295081967213115
2024-05-07,3.0,2.0,0,5.014589590622749,4.894041420286816,6.689196000867171,6.673626515333615,6.498877069107568,0.33957921094231586,0.24117420798588346,0.2338884952891736,0.22295081967213115
2024-05-08,3.0,1.0,0,4.10838000159844,4.129082383841918,5.573907920224038,5.544609424956443,5.391520467477508,0.21162481076626485,0.2581717903929817,0.23580896658307798,0.22295081967213115
2024-05-09,3.0,3.0,0,4.641455698118594,4.916006875968559,5.7580842850419,5.709538484373101,5.852943149171443,0.26390912242247344,0.19757105592599833,0.22854501369867897,0.22295081967213115
2024-05-10,3.0,2.0,0,4.659292787755022,4.861331407024531,4.622448186835081,4.654566671467482,4.701593728297168,0.13997658298458832,0.2546455014591291,0.23541673089689757,0.22295081967213115
2024-05-11,3.0,5.0,0,3.95124263030493,4.234493447710472,5.259979085225017,5.234823135818392,5.040785073358446,0.17395655015826905,0.311468606754061,0.2414187504965382,0.22295081967213115
2024-05-12,3.0,6.0,0,5.646316820323061,4.951626905163197,5.533834168905738,5.485322983528725,5.399056037745843,0.2124571389840845,0.3598067455893523,0.24613054476025378,0.22295081967213115
2024-05-13,3.0,9.0,1,4.589354507721137,5.087281717722626,4.774492206239324,4.824755362445016,4.840153612667943,0.15352443804619106,0.3197624365326562,0.24224778856178394,0.22295081967213115
2024-05-14,3.0,3.0,0,4.997756366372354,6.400806982047208,4.682900572880288,4.721988901260871,4.635671168233675,0.13370695112887684,0.31036920845369415,0.24130810804014735,0.22295081967213115
2024-05-15,3.0,10.0,1,6.001718930219183,6.335642059717073,5.465232785572379,5.542543330807363,5.3955482846754075,0.21206958970028736,0.3003268374200324,0.2402888308452037,0.22295081967213115
2024-05-17,3.0,6.0,0,4.830259386265057,4.545948295196028,5.282525945357757,5.289674919490854,5.377699263240955,0.21010045471205013,0.2914194352668422,0.2393708963075689,0.22295081967213115
2024-05-18,3.0,7.0,0,4.41936997139199,4.005347878616804,4.837367249121453,4.8406379248552245,4.7099697687438855,0.14078153274039532,0.36353185900464086,0.24648326852667043,0.22295081967213115
2024-05-19,3.0,6.0,0,4.537095608770848,6.43663402867738,4.851977330993245,4.8894636990523335,4.793311421857772,0.1488900656651845,0.3276985771689321,0.2430322387559585,0.22295081967213115
2024-05-20,3.0,5.0,0,4.920242408237522,4.875125162163502,5.880032573039738,5.992124955426094,5.850936511214148,0.2636770573630041,0.29651016653518847,0.23989717571326793,0.22295081967213115
2024-05-21,3.0,5.0,0,4.776512833791625,4.408976853544865,4.551955913686935,4.6682591579259025,4.634406807247525,0.13358785742089752,0.2605168848003561,0.23606813095381113,0.22295081967213115
2024-05-22,3.0,2.0,0,5.086307137930989,5.244597469023763,5.086779292264502,5.07283620690767,5.143311078333266,0.1847324910794783,0.2896240960614615,0.23918419961866752,0.22295081967213115
2024-05-23,3.0,5.0,0,5.282845331156024,5.071611934475903,4.926650530334227,4.909255746757026,4.925491739985923,0.16210330636682435,0.41328942557281323,0.25109781461604896,0.26241134751773054
2024-05-24,3.0,6.0,0,5.79788508411269,6.622345943215214,4.809839800721586,4.797904189384668,4.691801134536728,0.13903785835062407,0.36186586125877007,0.24632567091858737,0.22295081967213115
2024-05-25,3.0,8.0,1,4.4771036900287235,4.692214188694915,4.802539567373301,4.915832340374454,4.746021646716232,0.14426717253995952,0.22861994766574167,0.23241753037095902,0.22295081967213115
2024-05-26,3.0,3.0,0,4.273881376033711,4.682841597833297,4.770404440499655,4.850405084491395,4.629603876840517,0.13313585736539713,0.23326228854467007,0.23296709375058527,0.22295081967213115
2024-05-27,3.0,10.0,1,5.155290775672707,5.335467495969043,5.109508047902897,5.019815712164342,4.875067038365332,0.15701339741686798,0.3376089553718268,0.2440006875494368,0.22295081967213115
2024-05-28,3.0,4.0,0,3.69315882184205,3.521762582842565,4.848129438655649,4.877773322249268,4.8420691170606265,0.1537150960792966,0.18124099067866178,0.2263431404781699,0.22295081967213115
2024-05-29,3.0,9.0,1,4.795624513758246,4.446040190578311,4.926364205121336,5.027315382757892,4.722411121599411,0.14198057688059573,0.2906914780515648,0.23929526634015402,0.22295081967213115
2024-05-30,3.0,5.0,0,3.4983602067701285,3.852218564647077,6.533041272497354,6.486640325330231,6.618133687084738,0.3536020785188898,0.372437194030392,0.24732169313834818,0.25266193586272534
2024-05-31,3.0,7.0,0,4.812566387241983,5.36285704337122,5.241436176705103,5.275819278000579,5.13750079884042,0.1841162145166096,0.2735042243534966,0.2374804245885224,0.22295081967213115
2024-06-01,3.0,4.0,0,4.729498553079748,4.6741917884001225,4.239845606634403,4.3820452255242,4.126004753214256,0.0895807846922139,0.1535148017114103,0.22225924937803396,0.0
2024-06-02,3.0,5.0,0,4.75537697647532,6.404218646017571,4.906808538215136,4.946601787099227,4.762336396362916,0.14585561411532,0.23441286570144595,0.23310225624354497,0.22295081967213115
2024-06-03,3.0,5.0,0,4.783823375248608,4.965152770236275,4.74087900516394,4.876805306307773,4.662153050705956,0.13621141510792922,0.23130163902674813,0.23273582241729637,0.22295081967213115
2024-06-04,3.0,13.0,1,5.194709269719034,4.411473834755655,5.081812265521027,5.196100374322556,4.7975573686716935,0.149307901329987,0.18784650777430323,0.22724961007077168,0.22295081967213115
2024-06-05,3.0,8.0,1,6.466470364419381,7.79580486129768,7.546247152424733,7.334455232854997,7.3125476147089055,0.433972056201642,0.5201388151012065,0.26076127486193945,0.26241134751773054
2024-06-06,3.0,4.0,0,5.941747042878259,5.0484433883503295,7.638138910887011,7.491761057271955,8.176280660222329,0.527683309324459,0.3572677795811788,0.24588941575376833,0.22295081967213115
2024-06-07,3.0,9.0,1,6.327524469294203,6.206140099280349,7.965304454858542,7.848700173853148,8.499440941607094,0.5602463972955665,0.44250026616671023,0.25375015696343134,0.26241134751773054
2024-06-08,3.0,5.0,0,6.700405721815343,6.28682948502532,8.017238094671649,7.621835117754609,8.533926224712738,0.5636314890331205,0.38007524889472977,0.2480358188812827,0.26
2024-06-09,3.0,1.0,0,5.2586370592080875,4.827246954877793,7.755771160706619,7.559600982421691,8.176137519782054,0.5276685568772947,0.35030232333838657,0.245224753635021,0.22295081967213115
2024-06-10,3.0,9.0,1,7.5161998385011835,6.897371295187781,8.366126354226596,8.152906160742257,8.528475136206419,0.5630975838356205,0.39881493044219263,0.24977105924440932,0.26
2024-06-11,3.0,20.0,1,6.90962115571423,6.985321702598384,9.718570963410276,9.382120565837448,10.282505537685426,0.7111834624169221,0.4649946645288124,0.25577948765074676,0.26241134751773054
2024-06-12,3.0,20.0,1,7.02948672136159,6.946371156145999,9.496105820114899,8.755556944181306,10.296735602159332,0.7121906014573345,0.36230107196940686,0.24636686392974003,0.22295081967213115
2024-06-13,3.0,20.0,1,5.562511805266085,4.528700911363789,7.875799153292243,7.6561011161124295,7.7916191542775515,0.4870507130108616,0.32217259293547884,0.24248690340125315,0.22295081967213115
2024-06-14,3.0,5.0,0,6.4019240294404485,6.474685177930628,6.477099674985778,6.622391451532083,6.363367150749537,0.3236267975192351,0.3798674371737964,0.2480164463545764,0.26
2024-06-15,3.0,6.0,0,6.648366344225931,5.974856692484337,4.998707472475212,5.132685481791556,5.0562185348202515,0.17556500044616186,0.39114639018767855,0.24906363204819776,0.26
2024-06-16,3.0,3.0,0,6.621917295797592,5.300715854102765,4.990872212543521,5.084061898553842,5.073537626989105,0.17737584930483302,0.27690197292565083,0.23784384713482973,0.22295081967213115
2024-06-17,3.0,5.0,0,6.936634441831799,5.911350152815727,6.598888710705828,6.525321574037995,6.6714266170025835,0.35985805371647306,0.3664079120564323,0.24675476679193764,0.22295081967213115
2024-06-18,3.0,4.0,0,5.538971426709013,5.927286652352589,4.555790166214102,4.650407763853251,4.684869502762438,0.13837493138431675,0.28300886890033294,0.23849114742830035,0.22295081967213115
2024-06-19,3.0,9.0,1,5.437777028920908,4.990993607179219,4.032527027405333,4.241058719467833,4.224455979526414,0.09746088348340691,0.30488003296460475,0.24075293556474692,0.22295081967213115
2024-06-20,3.0,5.0,0,7.024728768671724,6.46708232626806,6.878858723806319,6.736004886113352,7.2904819329074755,0.43147088687487384,0.39990367023943935,0.24987122479689802,0.26
2024-06-21,3.0,18.0,1,6.797983777249232,6.279399916042152,6.156910673212359,6.146558574717066,6.470795845213709,0.3362741570154796,0.32213875529584257,0.2424835517459952,0.22295081967213115
2024-06-22,3.0,3.0,0,5.534489390414516,5.32540427625347,4.822932502535132,4.978674456471685,5.290202911674994,0.20052035683700786,0.39233573871779365,0.24917357767004444,0.26
2024-06-23,3.0,5.0,0,5.846633247654247,7.171647303040774,5.068344727581365,5.099641035823132,5.8337372883656,0.26168928813025416,0.43562804098980407,0.25312845659399164,0.26241134751773054
2024-06-24,3.0,10.0,1,6.47111925777624,5.331379074477987,4.966057217666849,4.951039655001386,5.956334456543231,0.27590564465785833,0.4557287224198299,0.2549443075321735,0.26241134751773054
2024-06-25,3.0,3.0,0,6.389781726916804,6.282229868160789,4.435814018637257,4.522869770463911,5.240100985642296,0.1950919420908288,0.3937442561027575,0.24930367298225106,0.26
2024-06-26,3.0,4.0,0,8.14972657106837,7.1649409846691485,5.53489481194504,5.740246951246191,6.5166110177180085,0.3416659842396212,0.42647897528765355,0.2522988321720585,0.26241134751773054
2024-06-27,3.0,11.0,1,6.641739396481635,6.0594352605429185,4.859623690572094,4.9275975037410955,6.043682519279455,0.2860929725433309,0.3068076603192419,0.24094842394224114,0.22295081967213115
2024-06-28,3.0,2.0,0,5.646319631660851,5.4723155551286755,4.125053497659383,4.079876602970426,4.969778224347194,0.16662173320734383,0.3592479901060796,0.24607752983853334,0.22295081967213115
2024-06-29,3.0,10.0,1,6.426135231025865,6.311669697127689,4.525117308070964,4.471169973858657,5.281222751062799,0.19954421027633315,0.3543043421360646,0.24560721118260964,0.22295081967213115
2024-06-30,3.0,4.0,0,4.279597296475577,4.250033209267375,5.151562626831999,4.978629795448008,6.393256564679468,0.3271456507788976,0.3466363497116631,0.2448729963940607,0.22295081967213115
2024-07-01,3.0,3.0,0,6.531721549839663,6.511398764901851,4.690066936677392,4.78511553433633,5.479529732394048,0.2213974968615771,0.4495770672997858,0.25438933574311146,0.26241134751773054
2024-07-02,3.0,3.0,0,5.163995728734415,5.0017023824619935,4.177184834435246,4.2401020442717625,4.984144882720685,0.16809693768655942,0.23768807500881128,0.2334848037587089,0.22295081967213115
2024-07-03,3.0,7.0,0,5.719244672016547,6.89247768870082,4.20030337015956,4.173780570093874,5.044711913397932,0.17436532696040968,0.3487580887177662,0.24507674943074526,0.22295081967213115
2024-07-04,3.0,8.0,1,6.383553874495548,9.109610846548073,4.573022886633807,4.58613643988337,5.599326614025778,0.23486825301040143,0.4125961630166794,0.25103449507267767,0.26241134751773054
2024-07-05,3.0,3.0,0,5.983425528733308,4.8294665150439995,4.331549609821883,4.34402942195347,5.232435757109061,0.19426529473066886,0.38609577723151167,0.24859575566417436,0.26
2024-07-06,3.0,5.0,0,5.304903560350462,4.545673152446093,4.4596790044256,4.397037815385511,5.109844613112046,0.1811918465809707,0.3248998756697468,0.24275654429568483,0.22295081967213115
2024-07-07,3.0,2.0,0,5.612397083158456,5.111614697694417,4.376166884473161,4.317185443788897,4.996544200434919,0.16937377367083695,0.3244319236942832,0.24271034843952397,0.22295081967213115
2024-07-08,3.0,5.0,0,5.650598648245251,5.2758069266659655,4.482297806251103,4.386481361894091,4.996662811815273,0.16938600402104842,0.35720972722515704,0.24588389546463635,0.22295081967213115
2024-07-09,3.0,11.0,1,5.5308329545928325,4.108561053604744,4.359654362595656,4.298752034905218,4.765443145547373,0.14615886711309178,0.387188281499153,0.2486971014052603,0.26
2024-07-10,3.0,10.0,1,5.761619502130026,5.7537042161112115,3.7362244995509375,3.78205654712774,3.7993463939375816,0.0658625680702908,0.3826614020302281,0.24827664863400076,0.26
2024-07-11,3.0,4.0,0,6.366830371968771,4.324508967026344,4.839604954269646,4.831110163513216,4.67607332382659,0.1375355345947189,0.3496428051808229,0.2451615730003239,0.22295081967213115
2024-07-12,3.0,9.0,1,5.493119189119532,4.032398276743104,4.8045414850421615,4.768632241936858,4.7561648977525435,0.14525393956620067,0.30959591385042623,0.2412301760114034,0.22295081967213115
2024-07-13,3.0,5.0,0,6.403470157907242,5.2399131880615935,4.6266688912541944,4.721338450871148,4.583085993506571,0.12879129904595396,0.3439277400227894,0.24461219913953816,0.22295081967213115
2024-07-14,3.0,5.0,0,4.642388824170687,4.486944449112355,5.165433792616523,5.241969308079196,4.95139590666791,0.16474087364220877,0.32910423544019096,0.2431703309451548,0.22295081967213115
2024-07-15,3.0,5.0,0,4.90387541114837,3.610731890069443,4.345913736198289,4.440376638852262,4.103157678810118,0.08779916266193029,0.32391669788823735,0.24265945258709906,0.22295081967213115
2024-07-16,3.0,7.0,0,5.3674474507461305,4.2080196308327755,5.7499742111935515,5.733155863290798,5.231587445791077,0.19417387376034498,0.37149580316960695,0.24723336853700364,0.25
2024-07-17,3.0,13.0,1,5.375090336390618,3.4659444031057025,5.047626670222188,5.112728050044957,4.874840655983373,0.15699068070369096,0.33347732288631243,0.24359837922605698,0.22295081967213115
2024-07-18,3.0,4.0,0,5.085842394863718,3.974965706819579,5.054188511209735,5.143079747975447,4.835429017400624,0.1530545610245094,0.24889037918635115,0.2347697974593593,0.22295081967213115
2024-07-19,3.0,14.0,1,5.462262718216977,5.080576472638944,5.1052415278623915,5.211976427820782,4.682319617023857,0.1381313887668829,0.2535073621067222,0.23528946947330698,0.22295081967213115
2024-07-20,3.0,4.0,0,3.891275561888281,3.5821593245570607,5.475704301456874,5.486787597235758,5.191385391606914,0.1898562530528694,0.3105954401440093,0.2413308905279073,0.22295081967213115
2024-07-21,3.0,3.0,0,5.004971746865659,4.205024897702979,6.009421343627009,5.847995356116784,6.492406327324373,0.33881769891352975,0.3408983972120865,0.2443195831936657,0.22295081967213115
2024-07-22,3.0,9.0,1,5.338524147742293,4.854402555275814,5.956807536860593,5.830562288515513,5.977541613444461,0.2783750449924573,0.29439182722700064,0.23967873127538528,0.22295081967213115
2024-07-23,3.0,4.0,0,5.1949658743135565,6.629872578007339,5.433532722751882,5.415490163141596,5.9410685070151565,0.2741297663695896,0.34346693538132533,0.24456775273912085,0.22295081967213115
2024-07-24,3.0,2.0,0,5.537288574097099,6.963893079469882,5.626395496795923,5.663712593233183,5.787025367148915,0.2563028805279449,0.30360023362302885,0.24062282287013909,0.22295081967213115
2024-07-25,3.0,1.0,0,5.0267562663248455,5.151088978455057,5.73166067151264,5.741566424480417,5.953063922980878,0.27552506220113004,0.24075316771411018,0.23383992645019383,0.22295081967213115
2024-07-26,3.0,2.0,0,4.518050683984827,4.979566059277454,5.613850002181985,5.635507177994805,5.844072847765498,0.2628835213583686,0.3629233232293736,0.24642573142340102,0.22295081967213115
2024-07-27,3.0,5.0,0,5.152100903765645,5.099290841530689,5.564115538705974,5.547766759772974,5.525957483065713,0.22659635982766985,0.36033375042796856,0.246180521176675,0.22295081967213115
2024-07-28,3.0,7.0,0,4.763579455427807,5.9390029331484815,6.37716888253678,6.276372800191006,6.913250053201121,0.38810898531499155,0.4206939602363331,0.25177286904117124,0.26241134751773054
2024-07-29,3.0,5.0,0,4.760565012837565,4.080936677173725,5.740058706375528,5.725254155722656,5.54524753597565,0.22876470383390568,0.37152981651269323,0.24723656100875724,0.25
2024-07-30,3.0,5.0,0,4.148482116707035,3.0278137237319114,5.225892233434004,5.303563185120821,5.389199344552971,0.21136860815559527,0.40114258587152124,0.2499851287180198,0.26
2024-07-31,3.0,20.0,1,7.671813768762541,9.736376039791034,8.088918215329809,7.937632204294594,8.30639416545989,0.5409743797210128,0.5012157404891544,0.2590458184101779,0.26241134751773054
2024-08-01,3.0,20.0,1,7.074274336076378,7.39952249412094,12.66100066731849,11.469931706621319,13.674110545450903,0.8781074349094448,0.49607192719158344,0.25858104089371997,0.26241134751773054
2024-08-02,3.0,20.0,1,6.296657925991878,5.7506551557788015,9.074934407887973,8.7234762691629,9.792998635988752,0.6746689949619192,0.32157562326217365,0.24242775036464925,0.22295081967213115
2024-08-03,3.0,5.0,0,6.450852638230296,6.120781679105405,8.252938068664395,8.015453050859914,9.067639110430516,0.6137175673234899,0.4201593150957353,0.2517241991703961,0.26241134751773054
2024-08-04,3.0,12.0,1,8.367984087508388,6.553566410401392,8.89581414863106,8.605878667932874,9.872114752079867,0.6808195247010127,0.44925582535294484,0.2543603400555167,0.26241134751773054
2024-08-05,3.0,9.0,1,8.225448478323425,7.441577257977453,13.929504062758063,13.134800625538627,16.05652900234134,0.9341844321894129,0.425041126140606,0.2521682142488949,0.26241134751773054
2024-08-06,3.0,11.0,1,5.632439036426417,5.2222370235106315,7.346572611910542,7.054456220275951,8.243588499097504,0.5345885798290315,0.4915462837267705,0.2581725096792857,0.26241134751773054
2024-08-07,3.0,5.0,0,6.745236804895733,7.116382054897803,7.400334913687039,7.172457518113695,8.325837465016015,0.5429398914475676,0.4771203922520541,0.2568719340431872,0.26241134751773054
2024-08-09,3.0,11.0,1,6.554751752146971,5.477573112936636,7.753330175766288,7.442623587280071,8.523424580140887,0.5626025140032584,0.3860447691899382,0.2485910220064884,0.26
2024-08-10,3.0,6.0,0,5.496198928465299,5.299795919072872,8.130750316923443,7.9233326382868805,8.643254060939142,0.574245660635594,0.27633978551356736,0.2377838808483916,0.22295081967213115
2024-08-11,3.0,6.0,0,6.575462919498028,7.023892575668589,8.231093674788097,7.991746154578247,8.567731457505113,0.5669326359442162,0.39198615428694256,0.24914127038054082,0.26
2024-08-12,3.0,7.0,0,6.987078926126185,7.870116318275211,8.327797452057137,8.202914390273781,8.820496192822029,0.591068530787695,0.5098494610637156,0.25982725503130333,0.26241134751773054
2024-08-13,3.0,7.0,0,6.129305118589172,7.414399383932669,7.972360644376878,7.773212906399959,8.437200943521097,0.5540923621580087,0.42867625824492106,0.2524983082527847,0.26241134751773054
2024-08-14,3.0,8.0,1,6.223344503978611,6.8553763956990315,8.227092318762681,8.184743458281183,8.683479236945963,0.5781056179306342,0.3880445766231093,0.24877648096445337,0.26
2024-08-15,3.0,3.0,0,5.918683254234878,6.215598933101999,8.498753227762249,8.613470923302108,9.380012092882351,0.640978326877569,0.38992672999922995,0.2489507938636903,0.26
2024-08-16,3.0,4.0,0,6.660744857869695,7.145540867128372,6.670818648553279,6.43623955840433,7.316680830274769,0.4344400683815469,0.4214931607430716,0.2518456020422731,0.26241134751773054
2024-08-17,3.0,4.0,0,5.605512257445661,5.838490224123319,6.4882509425215655,6.215216992883927,6.844930530485079,0.38015499401074204,0.31393255997563413,0.24166607251862096,0.22295081967213115
2024-08-18,3.0,8.0,1,6.668129617729427,7.233186147644152,5.877111467118678,5.700060349260683,6.444783014814387,0.3332119790484563,0.4270954789732206,0.2523548159656207,0.26241134751773054
2024-08-19,3.0,5.0,0,6.181308403551723,5.080580425479841,5.603785220081912,5.4304479828582055,6.237696965398994,0.30884121059725134,0.3664386827482767,0.24675766772214866,0.22295081967213115
2024-08-20,3.0,1.0,0,5.48261866486638,4.625929824040927,5.352055019155528,5.186751823045577,5.848636467257459,0.2634110988429033,0.29482905401807274,0.23972388181522503,0.22295081967213115
2024-08-21,3.0,3.0,0,5.936988177474175,5.58840245615387,6.1834203172382045,5.9611494404833,6.7967286235744,0.37452895834321326,0.3070793593776867,0.24097593149782226,0.22295081967213115
2024-08-22,3.0,5.0,0,5.824967488033723,5.006387014093718,5.416543365554638,5.271678958268657,6.028851489002477,0.2843603317399865,0.3209082733304149,0.24236156664049233,0.22295081967213115
2024-08-23,3.0,9.0,1,5.832891400691638,5.026717359410303,5.556390463123842,5.346371330021455,6.244226455619913,0.3096088010856387,0.354438513071077,0.24562000623061053,0.22295081967213115
2024-08-24,3.0,4.0,0,6.136191306984455,6.616403937705937,6.097569617490078,5.80233639087125,6.653788420993618,0.35778843807380983,0.3817714880659968,0.2481938302995768,0.26
2024-08-25,3.0,4.0,0,5.546525685479169,3.708182223207783,5.404156657473974,5.129741389414346,6.3194224561716625,0.31845422177570365,0.2558668953239282,0.23555293834572513,0.22295081967213115
2024-08-26,3.0,7.0,0,6.21013670571747,6.125811828348112,6.362577991708486,6.035670631484834,7.161644293509705,0.41678252888225265,0.3248388037557688,0.24275051694549443,0.22295081967213115
2024-08-27,3.0,10.0,1,5.980550492444599,6.060629042908908,5.475232723145246,5.223811740868994,6.2750920077066965,0.313238437311111,0.34287558838115795,0.24451068134268483,0.22295081967213115
2024-08-28,3.0,5.0,0,5.752484345642792,6.75863450846126,5.461825259836183,5.139156664862404,6.168119783126956,0.300668487413668,0.35053052910884813,0.24524660511208968,0.22295081967213115
2024-08-29,3.0,7.0,0,6.073500477958005,5.294098286721745,5.1774235736006515,5.00738265339917,5.794404311645388,0.2571525234903031,0.3901038304089257,0.2489671842464408,0.26
2024-08-30,3.0,5.0,0,6.128170075813024,6.096084324414237,5.3880810565633945,5.187161494900728,5.969329336355694,0.27741847072573556,0.25357715558042054,0.2352972829159105,0.22295081967213115
2024-08-31,3.0,5.0,0,6.276267558376988,6.408428833391335,6.242415815885318,5.907681692439638,6.737194324357993,0.36756594098509726,0.33332877631947555,0.24358387727441133,0.22295081967213115
2024-09-01,3.0,6.0,0,4.743528824127844,4.4615553915761526,5.143518953614782,5.175772017963379,5.1704548417666265,0.18762011306757767,0.15190764076799698,0.22200651911489167,0.0
2024-09-02,3.0,6.0,0,5.782689969614614,6.501278198459256,5.919932455047991,6.02713835012857,5.760416770560327,0.2532430639258089,0.3520057593123254,0.2453877377081658,0.22295081967213115
2024-09-03,3.0,7.0,0,5.381142550584032,6.451276496373762,5.152410639114166,5.193253262304061,5.212408411172265,0.19211042517361296,0.29966065989951357,0.24022064494442624,0.22295081967213115
2024-09-04,3.0,8.0,1,4.992347074580616,4.870075286696174,6.223996400804852,6.1983931103879115,5.979314032053956,0.27858155042264227,0.2825707867877553,0.23844495802706347,0.22295081967213115
2024-09-05,3.0,6.0,0,5.059169009624552,5.489544622557056,5.448544596384922,5.471190776811377,5.51703132621717,0.22559461581247814,0.24101684803849643,0.2338703490878665,0.22295081967213115
2024-09-06,3.0,5.0,0,5.256612121808189,4.93803551153886,5.2716428960227635,5.295103822681247,5.0949892511916355,0.1796272850960029,0.24635530673441114,0.23448206068515487,0.22295081967213115
2024-09-07,3.0,9.0,1,5.325083759280482,4.819428943743915,5.456815421640572,5.478282579300128,5.423456851392502,0.21515810552167433,0.2924578702617897,0.23947861896259148,0.22295081967213115
2024-09-08,3.0,1.0,0,5.251574257077008,6.8564161192834385,5.322923259931477,5.316024218134782,5.390599763017583,0.21152317479576044,0.3364939881880123,0.2438923167946075,0.22295081967213115
2024-09-09,3.0,4.0,0,5.45974203838019,6.285876902824929,4.920614396703841,4.9235704584101665,4.937083989065176,0.16328174806177181,0.31484089517224345,0.2417570247643958,0.22295081967213115
2024-09-10,3.0,5.0,0,5.156587028744148,5.669914373832115,4.850989276450202,4.9321608861208155,4.678359656507831,0.13775351373606307,0.1505096883249756,0.2217850654547517,0.0
2024-09-11,3.0,3.0,0,5.203214915086386,4.9788100939365,5.414179509273761,5.400932921435417,5.266266533364063,0.19792151059040175,0.2069311527095714,0.22975185894928207,0.22295081967213115
2024-09-12,3.0,2.0,0,4.759547227476761,4.549191980040727,5.3658414920621755,5.374404570099937,5.157593621738611,0.1862501533255188,0.2080975470283442,0.2298996925372849,0.22295081967213115
2024-09-13,3.0,9.0,1,5.430160125884044,6.008916749454558,5.3095020898713035,5.294715190445066,5.266704810607508,0.19796900764730016,0.25542838597918754,0.23550407963636016,0.22295081967213115
2024-09-14,3.0,10.0,1,5.130847502679965,6.351684647619035,5.723099082009555,5.683673432345685,5.6006762734577125,0.2350210300634623,0.22427406104941977,0.23189673730743132,0.22295081967213115
2024-09-15,3.0,3.0,0,4.995500290345666,5.015843273669603,5.966915642963179,5.968905685242077,5.75984213732577,0.25317705548211433,0.2526703564481753,0.23519566900892766,0.22295081967213115
2024-09-16,3.0,9.0,1,5.319272818945549,5.375073223219369,5.412544653420245,5.491145158719294,5.091111585401515,0.17921961852301807,0.2759168886825061,0.2377387292897206,0.22295081967213115
2024-09-17,3.0,1.0,0,5.050389435355747,4.765682817330678,5.32559470813984,5.347092513600346,5.304176271193598,0.2020419612754596,0.2463380260255459,0.23448009331713168,0.22295081967213115
2024-09-18,3.0,1.0,0,6.518554613976091,5.906656858165295,5.698932223445868,5.768465770882786,5.536564593567526,0.22778808901398354,0.29214424466654715,0.23944610505193778,0.22295081967213115
2024-09-19,3.0,7.0,0,7.392428729231484,8.691950546257731,6.490854048861121,6.458258353893199,6.362391136186716,0.3235118986654318,0.43780826518710286,0.2533258134834343,0.26241134751773054
2024-09-20,3.0,2.0,0,5.402751591089853,5.758539284059367,4.6940326206169685,4.844155091254153,4.488958219572477,0.12018910223844695,0.18666946327782108,0.22708972271391464,0.22295081967213115
2024-09-21,3.0,5.0,0,4.457607585383592,3.8722431025655686,5.56606920410918,5.6296253099072695,5.3217586032062485,0.20396115850162225,0.27880624171953655,0.23804648915677068,0.22295081967213115
2024-09-22,3.0,3.0,0,5.004703407835885,5.322283112302253,5.725424793109177,5.79100956716366,5.684573509966964,0.24455825771378636,0.2794377848035763,0.23811353289308562,0.22295081967213115
2024-09-23,3.0,4.0,0,4.855274543044187,4.237900361724981,5.484190481607301,5.506662425091646,5.458601527000395,0.2190635632091111,0.20599567890981485,0.22963289604030526,0.22295081967213115
2024-09-24,3.0,2.0,0,5.113998604615281,5.8733536636706205,5.085586372289339,5.109262071289099,5.129749254712916,0.18329505437186028,0.27668750940531767,0.23782097881843958,0.22295081967213115
2024-09-25,3.0,5.0,0,4.705194076910553,5.085334436144406,5.3124815346328,5.336477301063105,5.3020289663750235,0.20180792235124329,0.1835491134919542,0.22666245453644404,0.22295081967213115
2024-09-26,3.0,2.0,0,4.718233209197176,5.817286938731724,5.326391410576083,5.318494977211583,5.398389506740244,0.21238348397345458,0.22817153221656855,0.23236408183569343,0.22295081967213115
2024-09-27,3.0,3.0,0,4.729311199928023,3.571146303369899,5.186278180372699,5.239747772054386,5.077574854357746,0.17779885866969986,0.24877267924269372,0.2347564764256729,0.22295081967213115
2024-09-28,3.0,2.0,0,4.310633402977474,3.552700708789226,5.068347970338382,5.121181182650608,4.939999410504214,0.16357860463713875,0.2985614138783067,0.24010797180393903,0.22295081967213115
2024-09-29,3.0,5.0,0,4.348746108044603,4.282830736653696,5.755230011178045,5.841074526588773,5.691229973607431,0.2453181993284099,0.26302241998503006,0.23634357757774965,0.22295081967213115
2024-09-30,3.0,5.0,0,5.192936812367169,5.709276365873466,6.472137638456039,6.3452987759266675,6.431311158875637,0.33162595901091513,0.3090320598617778,0.2411732943961285,0.22295081967213115
2024-10-02,3.0,1.0,0,4.577599073693042,3.911377182597655,6.157383491951421,6.150716469289229,5.979845275650856,0.2786434494826791,0.2241882275088998,0.23188638791444063,0.22295081967213115
2024-10-03,3.0,5.0,0,4.734877380760493,5.074784187217832,5.671692132613116,5.650755478022221,5.697291885147585,0.24601065943336578,0.26341715860129666,0.236386839028822,0.22295081967213115
2024-10-04,3.0,4.0,0,4.805360867709998,4.883401719406383,5.569292153904269,5.545082256930629,5.560097181778824,0.23043711840947054,0.2216522594927171,0.23157947797294923,0.22295081967213115
2024-10-05,3.0,6.0,0,5.358615927317326,4.92760044600657,6.310678993151869,6.346319691342166,6.241187139858199,0.3092514952899436,0.32791206956046975,0.24305322834735302,0.22295081967213115
2024-10-06,3.0,4.0,0,4.60914706434027,4.021451058527991,5.404914586467019,5.382858736665125,5.328069867101467,0.20465129811627553,0.23589954328972426,0.23327630227352028,0.22295081967213115
2024-10-07,3.0,5.0,0,4.488191772758242,4.565852897634619,5.284599726361904,5.306686751291365,5.188123952203264,0.1895072767277955,0.2808453608998041,0.23826267297132034,0.22295081967213115
2024-10-08,3.0,2.0,0,4.186009894790703,4.066878610503203,5.678048261026103,5.759011358467763,5.496029483621375,0.2232418012216739,0.22498336064734223,0.23198216599572719,0.22295081967213115
2024-10-09,3.0,2.0,0,4.770093686972871,4.512501611556044,5.666990352232654,5.720712289981426,5.5231169221134415,0.22627746359617382,0.22343136218153922,0.2317950205066881,0.22295081967213115
2024-10-10,3.0,1.0,0,5.3263053537314775,4.564680178711062,5.93906833991231,5.995231081686668,5.869207428286565,0.2657912063034097,0.16493384012712983,0.22400098007613647,0.14620134808030574
2024-10-11,3.0,3.0,0,5.111766426179488,5.72968728904211,6.046716427842645,6.047195833326417,6.001611339085611,0.28118096605115594,0.26217536580137824,0.23625062182532552,0.22295081967213115
2024-10-12,3.0,5.0,0,4.987391395456705,4.279811165223406,5.716767233923948,5.7582156155013315,5.654088493683336,0.2410838531153095,0.20864743213652587,0.22996919837332142,0.22295081967213115
2024-10-13,3.0,7.0,0,4.927323952495211,5.680377311084502,6.010042460510539,6.020859391205923,6.020853506215837,0.28342642984461247,0.2323472314452813,0.23285930631887422,0.22295081967213115
2024-10-14,3.0,2.0,0,4.601394131779405,5.208441841655191,6.334733453749353,6.358630647225654,6.31191426936054,0.31757064534411533,0.2109983557108017,0.23026501120985235,0.22295081967213115
2024-10-15,3.0,3.0,0,4.6226246654753025,4.433773750726063,5.6856444380565545,5.645761944435019,5.569739856830635,0.2315245723392589,0.21422355899819265,0.2306673595770833,0.22295081967213115
2024-10-16,3.0,6.0,0,4.642178815244389,3.5696496880815234,5.4682666423902075,5.559243827267828,5.250883757708917,0.19625655322553817,0.23209798480992014,0.23282990155618713,0.22295081967213115
2024-10-17,3.0,1.0,0,5.170815402297241,5.068315765429438,5.779567799838566,5.765871091734241,5.718062489206515,0.24838612689540118,0.2198025505850513,0.23135421502388637,0.22295081967213115
2024-10-19,3.0,6.0,0,5.273218091967589,5.319792239868707,5.244481923739583,5.295670726362852,5.0754509738954,0.17757628292883104,0.15885849745704658,0.2230857368019596,0.0
2024-10-20,3.0,7.0,0,5.991694771284374,4.603755016606451,7.079066159647303,6.888508041802108,6.902835817871672,0.3868981570785301,0.35265896351253756,0.24545015960372563,0.22295081967213115
2024-10-21,3.0,3.0,0,5.591063505999509,5.342068316343392,5.955714592674662,5.880273850694614,5.973095813423675,0.2778571439752064,0.25661430999869356,0.23563610496707443,0.22295081967213115
2024-10-22,3.0,1.0,0,4.892475296088058,5.37704242105188,6.871038093247753,6.657911700834774,6.948069875764991,0.3921528390903457,0.2903063475140943,0.2392552152466624,0.22295081967213115
2024-10-23,3.0,2.0,0,5.16237623486035,5.916889165139207,5.930844296810741,5.890880200006169,5.96182185282231,0.27654434559864033,0.36867218651262923,0.24696802173760357,0.22295081967213115
2024-10-24,3.0,5.0,0,3.628941299951923,5.2836967263680386,5.700102566535157,5.593058198504453,5.83664496894443,0.262025173009494,0.1525851151980487,0.22211329466933474,0.0
2024-10-25,3.0,1.0,0,4.8321258679334225,5.620009051389621,6.647205421538526,6.494425912837201,7.041207724036709,0.4029326376906133,0.21441613315198438,0.23069125884195857,0.22295081967213115
2024-10-26,3.0,5.0,0,5.301064637856351,5.7136337981685825,7.441131453431443,7.156884796572231,7.293147331098963,0.4317732462571648,0.3147373464992675,0.24174666236393547,0.22295081967213115
2024-10-27,3.0,1.0,0,5.454650862064503,5.820257649968781,5.864664309244147,5.761663438153623,5.9554587825826575,0.275803738512887,0.32109297452366464,0.24237989020704656,0.22295081967213115
2024-10-28,3.0,2.0,0,5.0319352406990525,3.7496445958737583,6.280267329583638,6.164645778582069,6.399143592137234,0.32783875372663707,0.2783062258081605,0.23799335129115182,0.22295081967213115
2024-10-29,3.0,3.0,0,5.814293544904764,5.513791344538956,7.212134593119249,7.4325818903214245,7.297196959671443,0.4322325086802343,0.3771831213259015,0.2477659294593338,0.26
2024-10-30,3.0,3.0,0,5.17676248772435,5.883138719997048,5.407697003533989,5.432343828734883,5.421168382285291,0.21490441745922917,0.23996774680444297,0.23374918819172943,0.22295081967213115
2024-10-31,3.0,3.0,0,5.235654710649169,5.72707736929635,5.345337518204471,5.3814017993425,5.110067581844795,0.181215363077606,0.22137978747224626,0.23154637072321838,0.22295081967213115
2024-11-01,3.0,5.0,0,6.189163388383384,5.333003459272009,6.146230466438719,6.289837191826819,5.983917507815455,0.2791179895655777,0.31810077822776467,0.2420824710005731,0.22295081967213115
2024-11-02,3.0,8.0,1,5.220341246910922,5.205051363259429,5.804789417618519,5.743461095580456,5.866876607345846,0.2655213629465161,0.2117137351311394,0.23035459885852064,0.22295081967213115
2024-11-03,3.0,3.0,0,5.536696838331934,4.299688562324684,5.522232567177746,5.583995967430537,5.429984132704491,0.21588210672627653,0.16457167364455796,0.22394711426045566,0.08416310922285868
2024-11-04,3.0,5.0,0,5.268268287259857,5.525641595222922,5.190934431961468,5.279822533741572,5.004149981470319,0.170158644681655,0.23115212618830253,0.23271813691966747,0.22295081967213115
2024-11-05,3.0,5.0,0,5.72558434821677,5.444465004927995,5.40740906001972,5.467207865707132,5.2122957204477895,0.1920983205167861,0.16633680050535612,0.22420884045533768,0.22295081967213115
2024-11-06,3.0,5.0,0,5.646306637367606,6.597741375537638,6.087099456595449,6.067924275684937,6.002642832334801,0.2813012851051427,0.2809975117940065,0.23827877065026945,0.22295081967213115
2024-11-07,3.0,2.0,0,5.225866607551368,6.816312756843385,5.637094558842456,5.70649185440028,5.303706249720223,0.20199072617188227,0.312021078624063,0.241474283005013,0.22295081967213115
2024-11-08,3.0,3.0,0,5.163602724852213,5.530055294594223,5.962095039833239,5.972629699200326,5.808440772908077,0.25877003670004917,0.32315505196918326,0.24258415044781684,0.22295081967213115
2024-11-09,3.0,6.0,0,4.953735694917007,5.651853855798421,4.999763315568631,5.086489400810611,4.725456577370944,0.14227470321462082,0.23656442286732093,0.2333539236720631,0.22295081967213115
2024-11-10,3.0,3.0,0,4.987623514349845,4.658750522024196,4.944313104210796,5.062113872276455,4.71953923358467,0.1417034358944943,0.2152298708768366,0.23079209432830458,0.22295081967213115
2024-11-11,3.0,2.0,0,5.605693442427016,4.412682697665175,5.809256823366861,5.858702957661561,5.532974675385814,0.22738459311978962,0.30958009701774075,0.24122858106383832,0.22295081967213115
2024-11-12,3.0,12.0,1,5.375378493729324,5.916011289385906,6.126041893803936,6.156271420236168,5.853831111582292,0.26401182408735385,0.3487517536420154,0.24507614175738154,0.22295081967213115
2024-11-13,3.0,4.0,0,5.580014394098385,6.550576389629545,6.38919275246395,6.35975932830575,5.935497363767821,0.2734820488345848,0.34363897556779094,0.2445843493663839,0.22295081967213115
2024-11-14,3.0,3.0,0,5.522347985318652,5.135619757415477,5.786396123661158,5.842793588972378,5.339080733921095,0.20585688425974583,0.32328501869430143,0.24259700537686005,0.22295081967213115
2024-11-15,3.0,5.0,0,4.440380047964687,3.976934502482641,5.1866525821177145,5.2989639917316635,4.967569167077678,0.16639530652788567,0.22154292781622584,0.23156619651451432,0.22295081967213115
2024-11-16,3.0,10.0,1,5.515470738905846,3.940067696230281,5.444680868636602,5.556991038083868,5.176218862975869,0.1882351021464661,0.23259248077460845,0.2328882205606481,0.22295081967213115
2024-11-17,3.0,2.0,0,4.989754326449862,4.428486201784803,5.778892753717454,5.878200806836379,5.5125130445978705,0.2250879451450227,0.3001145618331263,0.24026711155376737,0.22295081967213115
2024-11-18,3.0,3.0,0,4.857357462765335,4.75829454674697,5.370536298443722,5.438122906808695,5.010617135710699,0.17082699997328535,0.33357460891855356,0.24360787540371565,0.22295081967213115
2024-11-19,3.0,3.0,0,4.5129277965441705,3.742509343191482,4.6759090837836546,4.805143067440487,4.394015969701081,0.11177883118854996,0.20826079200007416,0.22992033937959802,0.22295081967213115
2024-11-21,3.0,3.0,0,5.356366233768666,5.432321680590101,5.526370897206089,5.575215361487532,5.30622835578035,0.2022656934985497,0.27974720182548596,0.2381463510395189,0.22295081967213115
2024-11-22,3.0,5.0,0,5.143812038559919,5.179055862349616,5.020625992708501,5.1119437252566895,4.795439977664445,0.14909947647466362,0.2730211216271029,0.23742855574240587,0.22295081967213115
2024-11-23,3.0,4.0,0,5.408859658539168,4.360651759323622,5.399353908393458,5.455647376283703,5.30914406907183,0.20258370435451084,0.29695186246435346,0.23994262670072783,0.22295081967213115
2024-11-24,3.0,5.0,0,4.6201477240174285,3.9557094590844293,5.363436567001827,5.45303577465489,5.086085271675994,0.1786916437244434,0.28833817229041064,0.23905011705242146,0.22295081967213115
2024-11-25,4.0,9.0,1,5.18403616863145,5.237607067612518,4.876728008865047,5.060633817949515,4.752231576390695,0.14798482256916606,0.3110763196480287,0.21743719732910494,0.23809523809523814
2024-11-26,4.0,8.0,1,4.935031778325073,4.534229508665305,4.503839788579697,4.656244222947109,4.404465970103051,0.11576300208558224,0.3259857283311184,0.2216503703262419,0.25
2024-11-27,4.0,4.0,0,5.0207333112645856,3.6012678496124715,5.0374512501995925,5.178994825138219,4.915855078794436,0.1641931466743383,0.2817771309187726,0.2089969335900635,0.19680851063829788
2024-11-28,4.0,6.0,0,4.340124963515494,4.919078062337612,5.3475572839838055,5.475714956164814,5.218774087756969,0.19566283298681467,0.3781197252983188,0.2361051802875042,0.2517482517482518
2024-11-29,4.0,5.0,0,4.472069873116845,3.774482168849612,5.256420515430654,5.397706102982044,5.067378267744164,0.17971684403948768,0.31753023433144556,0.2192667635172406,0.23809523809523814
2024-11-30,4.0,6.0,0,3.283320166474491,2.8868585834582126,5.4678548409263685,5.53574854791436,5.334434438306989,0.2081027960175041,0.30032596589029337,0.2143677309147765,0.19680851063829788
2024-12-01,4.0,4.0,0,5.211776811663052,4.799998473623657,5.183551563382941,5.3359530404835285,5.018461031581624,0.17465483015631145,0.35497581719634347,0.22972912857269984,0.25
2024-12-02,4.0,12.0,1,4.844791272615378,3.13868270234547,5.458590788082974,5.576066229830028,5.350597117247609,0.20985733375382834,0.3872071181292551,0.23859780719705426,0.2517482517482518
2024-12-03,4.0,6.0,0,3.7848390979881916,3.374612267265143,5.373632292282454,5.467176305148511,5.253122904971876,0.19933535152494133,0.4359467072317227,0.25194295716791437,0.2517482517482518
2024-12-04,4.0,2.0,0,5.253584435777356,4.031695387945046,5.161876266884135,5.247760998751805,5.094119712122956,0.18250340888964506,0.5232648396627545,0.2763335343026227,0.27631578947368424
2024-12-05,4.0,3.0,0,5.9647889574299136,6.459162129056645,5.169652151909194,5.249674138307048,5.092697635514092,0.1823548861940304,0.49155912026943804,0.26734321529800265,0.27631578947368424
2024-12-06,4.0,4.0,0,5.982399504745679,7.387428613264451,5.230668145169731,5.362977498506482,5.225381676321676,0.19636781355753188,0.4914182567137646,0.2673037003022164,0.27631578947368424
2024-12-07,4.0,4.0,0,6.00030661801025,7.319164134283789,5.952910078935048,5.943549366422759,5.939314484009351,0.2757845102966966,0.5010920978066364,0.2700254557585401,0.27631578947368424
2024-12-08,4.0,6.0,0,5.187644872100327,4.399820930391997,5.842700895425444,5.872133536295118,5.747195042004928,0.2539194266080565,0.4681284540492993,0.2608118248255092,0.27631578947368424
2024-12-09,4.0,5.0,0,5.402024674825368,6.8941840848234595,6.01508299876598,6.018529897843642,5.986280184736427,0.2811635923394531,0.5225875568097891,0.2761392445580894,0.27631578947368424
2024-12-10,4.0,5.0,0,5.738399558146524,7.495623758449778,6.1855254567832025,6.181355131645238,6.183366428693067,0.303832496822772,0.4732136879563052,0.26222286594986705,0.27631578947368424
2024-12-11,4.0,7.0,0,6.380822086581887,5.939886287557881,6.5446740752092225,6.5051702285145065,6.52654834609568,0.3434385604058229,0.550919061880388,0.2843680547556365,0.29411764705882354
2024-12-12,4.0,4.0,0,6.058765277908936,6.042594050499046,6.556544442119624,6.520257298652738,6.559020995371002,0.347180627567722,0.5040433493543534,0.27085921575035365,0.27631578947368424
2024-12-13,4.0,8.0,1,6.822080228594308,6.074330692920301,6.254969599230213,6.230821325139514,6.233253612716409,0.30958704434982504,0.6322410361073847,0.30957608752962884,0.32051282051282054
2024-12-14,4.0,11.0,1,6.410727883324439,8.427696193089014,6.345343039052645,6.346906073187731,6.3091145791912195,0.3183438098667303,0.593736672715756,0.29728987437265103,0.32051282051282054
2024-12-15,4.0,5.0,0,4.738147999991491,4.319212291028658,5.5874235697089,5.619345481832129,5.557205327287295,0.23259253546209938,0.5324835860949767,0.2789892284857281,0.27631578947368424
2024-12-16,4.0,4.0,0,5.273181323106587,3.999163233409149,5.688856578791559,5.66594304993544,5.770853162723356,0.2565978364301652,0.5067341210860729,0.271620864104124,0.27631578947368424
2024-12-17,4.0,4.0,0,6.2119339201573505,4.682157849433558,6.260104951860135,6.246000113508618,6.340520402440842,0.3219700904549229,0.5714793973109586,0.29048995164546537,0.32051282051282054
2024-12-18,4.0,5.0,0,6.733834657424855,7.3289822414671155,6.891936043498849,6.836951719215523,6.927573730440839,0.3893824145339404,0.6225157326506623,0.3064021545126088,0.32051282051282054
2024-12-19,4.0,3.0,0,6.975231934059907,9.393835433224266,6.871811628429574,6.840365572999224,6.874634527994912,0.38336073162003603,0.6440274121489439,0.3134949732982277,0.32051282051282054
2024-12-20,4.0,11.0,1,6.0033951063470194,7.213233411849588,6.598516223922714,6.576346631319581,6.559788527717239,0.3472690460305067,0.6095097706493082,0.30223509576013974,0.32051282051282054
2024-12-21,4.0,9.0,1,6.383822776250623,6.896639201812863,6.0363402585745645,6.048310575143365,6.0611798273513715,0.28976280586275405,0.5353715597116232,0.27982562893571655,0.28481940047627063
2024-12-22,4.0,5.0,0,6.667196950318016,6.844961195672682,6.24373744254893,6.274760116150368,6.204549479515668,0.3062754632584997,0.5338125735701028,0.2793738510648271,0.2775422362809223
2024-12-23,4.0,9.0,1,6.501543427629676,4.928458899726626,6.713191120121365,6.640098517935652,6.68443690793214,0.36160545952767925,0.5192764932850953,0.2751909574044217,0.27631578947368424
2024-12-24,4.0,9.0,1,5.216647725137934,3.8318759980250356,6.90717730561467,6.8720130100323376,6.894401242508875,0.38561106806554124,0.4465884114112425,0.2548660789057928,0.2517482517482518
2024-12-25,4.0,6.0,0,5.982615260389307,7.341050440788084,6.7490446865447,6.69871009149153,6.761069685490282,0.3703913307005104,0.5697586918339205,0.28997209826846587,0.32051282051282054
2024-12-26,4.0,4.0,0,4.570936432971996,5.986067517926493,5.317330449510568,5.370301984039267,5.365519437038968,0.21148055522167827,0.4238116186919364,0.24861711582448046,0.2517482517482518
2024-12-27,4.0,6.0,0,5.537521246171692,6.447923114177233,5.373507779087959,5.360986002183384,5.495624101750317,0.22576041828582785,0.4575018783374915,0.257872860892702,0.2517482517482518
2024-12-28,4.0,1.0,0,5.540558584372283,6.5396939900982645,5.383950985126921,5.388946149954517,5.498652594016643,0.22609537717946823,0.40499508110859095,0.24346779773989732,0.2517482517482518
2024-12-29,4.0,6.0,0,4.946833955223825,4.381323431585178,5.6357165201623305,5.650442914695055,5.7846412869511985,0.2581608579969784,0.428533863260048,0.24991059422554682,0.2517482517482518
2024-12-30,4.0,14.0,1,6.599331672728471,8.61450953040649,6.567451731879381,6.588131585561401,6.64682423239138,0.3572847453796427,0.5151444296660961,0.27401104173445523,0.27631578947368424
2024-12-31,4.0,11.0,1,7.018677559279958,6.432932549064727,6.250369225520047,6.264066399630633,6.264912456128737,0.3132408247482524,0.5844305710126148,0.29442292677379617,0.32051282051282054
2025-01-01,4.0,7.0,0,6.130698801965993,6.078897008158432,6.550482916835944,6.531063165958563,6.54470526419124,0.3455312173501903,0.5359899610294474,0.28000501390221716,0.28770602519253513
2025-01-02,4.0,3.0,0,6.258388258963232,4.524874768073653,6.1680233330103285,6.165100640987829,6.115632826127687,0.2960277447172953,0.47787851958336597,0.2635202046109057,0.27631578947368424
2025-01-03,4.0,11.0,1,5.690531558545804,6.294065602819121,5.790245200260946,5.8099693652252595,5.744929603956425,0.2536631854097319,0.5107131870154704,0.2727498507211054,0.27631578947368424
2025-01-04,4.0,3.0,0,5.352758036503577,7.592614153114191,5.699478947996029,5.685375899750886,5.770303499249543,0.25653555704221925,0.4300900157616389,0.2503370297608557,0.2517482517482518
2025-01-05,4.0,8.0,1,4.960365578478319,6.0783136915657705,5.4083642787320905,5.446594385280709,5.5507732330153665,0.23187690293272542,0.4015378153624855,0.24252180938500753,0.2517482517482518
2025-01-06,4.0,7.0,0,4.43607078238986,5.339943232695199,5.039735924764955,5.1071901547897225,5.170978707195333,0.1905851660759311,0.2998200774316131,0.2142225615420509,0.19680851063829788
2025-01-07,4.0,7.0,0,3.9635030988371955,4.524326692917283,5.819639766247838,5.807173269841654,5.954073663064611,0.27747370913575714,0.2948071727729422,0.21278029226522807,0.19680851063829788
2025-01-08,4.0,7.0,0,4.124527068459952,5.3435854635836915,6.480849690716603,6.4471837180245695,6.589283919876489,0.3506657128191342,0.3251746198190204,0.22142233494594676,0.25
2025-01-09,4.0,3.0,0,5.332522904327832,5.804858005321073,6.506717509883982,6.463468792036233,6.534889333037457,0.3443999828118799,0.3974169106312083,0.24139400283058496,0.2517482517482518
2025-01-10,4.0,4.0,0,4.411577704151565,5.992362918402469,6.24974969990842,6.276062418785964,6.255531071252116,0.3121579878781709,0.32311777973037387,0.22084350291468172,0.23809523809523814
2025-01-11,4.0,9.0,1,3.5318266463239896,3.8188208107027743,6.837526475400778,6.786987350561132,6.834264489448591,0.3787580198394466,0.30050198718708765,0.2144182258661756,0.19680851063829788
2025-01-12,4.0,4.0,0,3.1744594269658846,4.220321414104133,6.896687735913297,6.8272494936751125,6.906965762943496,0.38704029013854546,0.2834353402880575,0.20948134792992573,0.19680851063829788
2025-01-13,4.0,6.0,0,4.732085159277954,4.366107458430084,6.730458857638102,6.686602319363943,6.765496353179001,0.3708980655729674,0.2903229628583142,0.21148409728025253,0.19680851063829788
2025-01-14,4.0,9.0,1,4.634789798136315,4.880016647385062,5.8210308945704865,5.870893322059881,5.80239847509006,0.26017593280240026,0.3696825936931387,0.23378621541617506,0.2517482517482518
2025-01-15,4.0,4.0,0,4.233407938181108,4.879927502841863,5.2296155652571565,5.296515780848796,5.24102884183493,0.1980400953210671,0.35848235691742053,0.23069847275199662,0.25
2025-01-16,4.0,5.0,0,4.9953240003905055,4.270242094285323,6.098875547018717,6.126806522486979,6.221802717520768,0.30826580634409306,0.3693422180289111,0.2336925478088531,0.2517482517482518
2025-01-17,4.0,5.0,0,5.288321591306244,3.269292362296293,6.832434098946103,6.746764768868963,6.8758708504372015,0.3835015460227961,0.40944708837846844,0.24468585537428886,0.2517482517482518
2025-01-18,4.0,8.0,1,5.221939500650769,3.360156968555074,6.868262045489426,6.755863494369672,6.899281328014327,0.38616629141746717,0.4249980057673195,0.24894200803985872,0.2517482517482518
2025-01-19,4.0,3.0,0,4.403810720051275,4.692372408122746,6.234024245366309,6.23293977020172,6.207841647236778,0.30665521120263756,0.4180387576880858,0.24703677704761684,0.2517482517482518
2025-01-20,4.0,7.0,0,5.82125329248233,4.7523916770048125,6.704277806344254,6.645792877011818,6.769220358532471,0.37132429433825853,0.41844423588634777,0.2471477524318736,0.2517482517482518
2025-01-21,4.0,9.0,1,5.591099584077908,4.8924758863905,6.299717785670963,6.239264001626882,6.351387001809265,0.32322483666723567,0.4259874523032575,0.24921300379349426,0.2517482517482518
2025-01-22,4.0,4.0,0,5.2518718378767915,5.096452889466236,5.715068887245763,5.7304915921982635,5.776454101410401,0.2572325822510833,0.39877485300798327,0.24176567944777055,0.2517482517482518
2025-01-23,4.0,2.0,0,4.58172758273965,5.192015905203907,5.620997252434345,5.660326915738019,5.6350200513841235,0.241285216024228,0.47029909475818654,0.26141373606978396,0.27631578947368424
2025-01-24,4.0,3.0,0,5.946190880385031,3.8566774921298985,6.364881108703716,6.339979541558866,6.446866549151903,0.33424758066271604,0.4728189323985732,0.26211321301249435,0.27631578947368424
2025-01-25,4.0,10.0,1,5.349527816892506,4.792652913547222,6.7961604278437475,6.70818984591206,6.817716243457898,0.3768687797599291,0.4832016728913688,0.2650043513543376,0.27631578947368424
2025-01-26,4.0,4.0,0,4.7639092588657865,5.58139815533634,6.292445724735932,6.227091649505157,6.328936626614088,0.3206325407339892,0.5558384382898265,0.2858202212478134,0.32051282051282054
2025-01-27,4.0,3.0,0,6.047093616205505,7.548842640185683,6.249994671467661,6.311518252188572,6.214416123687174,0.3074136250110724,0.4855464348731713,0.265659428544754,0.27631578947368424
2025-01-28,4.0,7.0,0,5.447851946690512,4.848189142748753,6.788306982278594,6.704181556012893,6.834381141447106,0.3787713323963574,0.5067150331017402,0.2716154560053535,0.27631578947368424
2025-01-29,4.0,4.0,0,4.779435724863335,4.256589453861199,6.43757581247647,6.366476708332327,6.464644982761234,0.33629912200223494,0.5164748098388732,0.2743905171415125,0.27631578947368424
2025-01-30,4.0,4.0,0,5.046656876299536,7.094320086211827,5.848503247436944,5.834297317827152,5.930147894086609,0.2747359706644028,0.5353575749450641,0.2798215734341217,0.28475412122857635
2025-01-31,4.0,2.0,0,5.00561085392127,5.45106771715936,6.430602929402745,6.352872483328894,6.50110897042248,0.34050541467692774,0.4705429633080127,0.26148139612680715,0.27631578947368424
2025-02-01,4.0,7.0,0,6.1645193547839385,4.838350844405878,6.306584311672712,6.3232650628786145,6.309053982748511,0.3183368133811197,0.499404561005618,0.26954944935586694,0.27631578947368424
2025-02-02,4.0,10.0,1,6.067300191987612,9.881988597027439,6.46480532228627,6.476537921299956,6.4631654820223075,0.3361284112370613,0.5574855490239865,0.286308139801843,0.32051282051282054
2025-02-03,4.0,5.0,0,4.977065920958227,3.4001604110542094,5.937767490295001,5.985404441516047,5.9049445092098,0.27185543311368493,0.5208573551804921,0.27564339787210096,0.27631578947368424
2025-02-04,4.0,4.0,0,4.147987530400399,4.010154322917325,5.825499608213422,5.878212349465019,5.744802686456884,0.25364883115191694,0.45938370911320703,0.2583924365189632,0.2517482517482518
2025-02-05,4.0,11.0,1,4.587564830296386,6.118336220656005,5.659155794108523,5.738104262705438,5.5537167756077945,0.23220434337791745,0.48801464928924654,0.26634991934948454,0.27631578947368424
2025-02-06,4.0,1.0,0,5.024750677682884,2.9910701361267082,6.434551245277824,6.414172481099397,6.503483667328617,0.3407792688056856,0.38361208302381233,0.23761223486084268,0.2517482517482518
2025-02-08,4.0,9.0,1,5.834209931267637,6.477755697751613,7.088799253130144,7.005601457545377,7.051499387838154,0.403409006049976,0.4437153493624464,0.254076137803793,0.2517482517482518
2025-02-09,4.0,19.0,1,5.019072605511087,4.404310951280407,7.015631585064143,6.99404573655755,6.856530699036365,0.38129776326285975,0.37097844968644034,0.2341427336695535,0.2517482517482518
2025-02-10,4.0,1.0,0,5.837850922162503,4.447172675905493,6.887839255664236,6.895116836999239,6.70554303881478,0.3640276802226018,0.4038514719780244,0.24315489339346946,0.2517482517482518
2025-02-11,4.0,3.0,0,6.389739569106483,6.861849289519897,6.584274789158626,6.560849867996754,6.520760608722171,0.34277135108346823,0.5102814044617291,0.27262718253489127,0.27631578947368424
2025-02-12,4.0,3.0,0,5.3703275419714736,4.991541858066064,6.335952024366634,6.354053000182548,6.2721861579245735,0.31408044488257864,0.5454887957156984,0.28277363366635405,0.29411764705882354
2025-02-13,4.0,4.0,0,4.835668566461908,3.5735171795486043,6.125140901973449,6.130713771453396,6.08832668872502,0.29288489475071344,0.5022905008731604,0.27036381643900664,0.27631578947368424
2025-02-14,4.0,12.0,1,6.699911028676846,7.798003214839346,6.691499393800885,6.615912143698564,6.746295272106935,0.36869941173726295,0.5868748605978028,0.2951725011338922,0.32051282051282054
2025-02-15,4.0,7.0,0,4.470142403709764,4.628649663767061,6.7467273858970005,6.593662188985248,6.864704349977945,0.3822293937825925,0.3370715629131547,0.22475510578405672,0.25
2025-02-16,4.0,6.0,0,4.44824286434118,6.732010706799795,6.598190925032295,6.5144905440077014,6.701026705619889,0.3635095158412631,0.386643033997902,0.23844320505257938,0.2517482517482518
2025-02-17,4.0,3.0,0,4.390438243746415,5.035698979094376,6.530321793751202,6.4466946116234265,6.607661347227348,0.3527808285756096,0.37829976305319396,0.236154609709778,0.2517482517482518
2025-02-18,4.0,5.0,0,4.597490166105989,5.6990933776069665,6.787933487963168,6.695246080905348,6.8667768539138905,0.3824655582800929,0.34943749596550655,0.22819515807447452,0.25
2025-02-19,4.0,3.0,0,4.550608562889496,5.44718926800087,5.852301829555044,5.820883473874415,5.967352097473686,0.2789943931955615,0.3367132134418537,0.22465507365720697,0.25
2025-02-20,4.0,3.0,0,3.9301067083903947,3.9357752635845427,5.607267738469661,5.648038430417852,5.661834908726411,0.24429489412666386,0.29419151276545724,0.21260267612840822,0.19680851063829788
2025-02-21,4.0,2.0,0,5.57344404182989,4.787437194081231,6.153445620489407,6.139217140302099,6.279350373135473,0.31490747319702633,0.35469684348848163,0.22965194911491368,0.25
2025-02-22,4.0,4.0,0,4.897116187676816,5.379296523382113,6.472859063462546,6.466137008191101,6.560151740393753,0.34731088702382795,0.44585560469722907,0.2546645375119058,0.2517482517482518
2025-02-23,4.0,2.0,0,4.866473438577102,3.4905282048768878,6.464410180922277,6.345056646111521,6.58156163569552,0.3497766447089705,0.36130373011861877,0.23147743774821383,0.25
2025-02-24,4.0,5.0,0,3.3579876921929044,4.01792683623257,6.16679206794455,6.1821977694909505,6.218979674920762,0.30794010557005524,0.315902918775928,0.21880632032785982,0.23809523809523814
2025-02-25,4.0,9.0,1,4.541529109525135,3.6067034451628723,6.6217189251948465,6.558538768659036,6.669726728305188,0.359916254646842,0.3005731054112286,0.2144386251047575,0.19680851063829788
2025-02-26,4.0,6.0,0,4.170109500858233,3.693535743610147,6.565460384922286,6.4835463128253625,6.5598244076895424,0.347273179308536,0.3357746274368305,0.22439297153569487,0.25
2025-02-27,4.0,14.0,1,4.3522646432347765,5.110974805256926,5.886921292718562,5.875741079128165,5.896252977098647,0.27086291110515537,0.4329497079886533,0.2511209570748985,0.2517482517482518
2025-02-28,4.0,11.0,1,5.0821182659925945,4.1298216450084775,6.027663579090599,6.003679123213635,6.05690785157067,0.2892717354708635,0.33350543454179593,0.2237586926585702,0.25
2025-03-01,4.0,4.0,0,5.502747767181584,5.0859678629237,5.214064017295249,5.208619190705171,5.350527349840485,0.209849752053619,0.3156123623385073,0.21872404785126762,0.23809523809523814
2025-03-02,4.0,6.0,0,4.58119459681365,5.655975372884787,5.6010623907155015,5.5787243765029535,5.773165450982893,0.2568598550376249,0.3044786533089803,0.21555684696827823,0.19680851063829788
2025-03-03,4.0,4.0,0,5.937154151474726,6.999149981423042,5.611736045515674,5.6180579975671225,5.705420780439021,0.2492012920083619,0.35452665526737037,0.22960486121976487,0.25
2025-03-04,4.0,7.0,0,5.4350411321501735,5.410631600444504,5.689408449377147,5.677611313323825,5.817178385347739,0.2618549131956236,0.40696060783784366,0.24400556767030707,0.2517482517482518
2025-03-05,4.0,5.0,0,6.149491358213581,6.392640594925453,5.5149968216221135,5.528355514435917,5.5980931438912505,0.23715222697447294,0.3333729188736453,0.2237216254429074,0.25
2025-03-06,4.0,9.0,1,6.040584114973291,6.933861054429335,6.491963658609597,6.465639163355867,6.562625898947086,0.3475958938000883,0.36482558692334605,0.2324486707934844,0.25
2025-03-07,4.0,6.0,0,6.241023684755707,6.880076533236745,7.22646518760068,7.129233852182166,7.223881034643085,0.42273275050617254,0.4268755626602044,0.2494562743425263,0.2517482517482518
2025-03-08,4.0,4.0,0,4.390828669000042,4.823489562919778,6.69433738929316,6.609783143743956,6.800032270225582,0.37484832797433887,0.26883303188985647,0.20518307349625617,0.19680851063829788
2025-03-09,4.0,6.0,0,4.49184076113029,4.595273682977248,6.958687909611137,6.821138327799007,6.970720041543937,0.3942775113177785,0.2578477497632052,0.20189675654430425,0.19680851063829788
2025-03-10,4.0,13.0,1,4.634916427915835,4.840193394753704,7.099877399363695,6.939021872306082,7.085568452726555,0.4072464021942641,0.28094952137033996,0.2087548252097893,0.19680851063829788
2025-03-11,4.0,9.0,1,4.073258802300156,4.063980910530565,6.1145150229446195,6.1399343939913225,6.144394458844279,0.299340467889646,0.2469678262178951,0.19859117729872322,0.19680851063829788
2025-03-12,4.0,7.0,0,2.7166739299353067,2.139128972350529,5.984968280004111,6.091166484211008,5.958068215912608,0.27793108293764557,0.20672684576648379,0.1858168828658961,0.10869565217391304
2025-03-13,4.0,4.0,0,3.7294941836841478,2.520892045890286,5.962500316172076,5.975421314399754,5.831919371478247,0.2635310187163164,0.2560516557600164,0.20135470017954027,0.19680851063829788
2025-03-14,4.0,8.0,1,4.45824392384675,4.471496923680541,5.632884057785329,5.699898687861504,5.5796206806262365,0.23509000918270295,0.24728843152658517,0.19868936348423427,0.19680851063829788
2025-03-15,4.0,3.0,0,4.397197448896784,5.066961476594878,5.863245908235572,5.844075738163756,5.961615394152041,0.2783373006126358,0.3279728097770508,0.22220849316683963,0.25
2025-03-16,4.0,8.0,1,4.336736820626213,4.586694414165107,5.968136341011796,5.947487457702115,5.9873360839109155,0.28128465094495125,0.33537881062771413,0.22428239560532662,0.25
2025-03-17,4.0,7.0,0,4.1955450099171365,3.644200950527285,6.53946401055965,6.452744453444382,6.569859622127103,0.34842908228400826,0.3596253812745108,0.23101415625180735,0.25
2025-03-18,4.0,12.0,1,3.9829176432232005,4.7073046420109845,6.283933521869375,6.2868682888164935,6.223743563455836,0.3084897332198747,0.352367245876594,0.2290070929632749,0.25
2025-03-19,4.0,8.0,1,4.140643839879637,5.015335068884984,6.570079480704213,6.541514692968925,6.494354462889671,0.33972641741785037,0.36039466935168724,0.23122654229172862,0.25
2025-03-20,4.0,6.0,0,4.868515365387794,5.281015589720036,6.497471638549783,6.45619029728408,6.450636681841178,0.3346826689850505,0.3853439150589463,0.23808709138496018,0.2517482517482518
2025-03-21,4.0,4.0,0,5.458652972356029,6.660290952202311,6.382988996949747,6.434726149740499,6.270616378019575,0.3138992373905481,0.4769858539621439,0.263271716373427,0.27631578947368424
2025-03-22,4.0,7.0,0,4.901131143413054,4.074983303569473,6.135761985451449,6.165557306587076,6.019655032907556,0.2849924519835031,0.40952620498912723,0.24470750127965804,0.2517482517482518
2025-03-23,4.0,10.0,1,6.462812944164688,5.514303647709983,6.58692503506972,6.665888380209668,6.5400501521340315,0.34499476728381373,0.5079507833862487,0.2719657261240478,0.27631578947368424
2025-03-24,4.0,16.0,1,4.370130587117178,3.188029900368489,5.983952336178275,6.163337086583387,5.745210022530955,0.2536949009716644,0.34639434222016374,0.22735061300584192,0.25
2025-03-25,4.0,10.0,1,4.253038175718704,4.066123547596705,5.590008188849339,5.706481313430491,5.427570231417893,0.21826342182743824,0.399254323407399,0.24189690413894574,0.2517482517482518
2025-03-26,4.0,10.0,1,4.413555203640336,3.8056300045539877,5.4686565783365975,5.516029528214897,5.365215703699548,0.21144748417424203,0.3393845592784268,0.22540027954474293,0.25
2025-03-27,4.0,6.0,0,4.966929364213225,4.340601820831821,5.320900125331118,5.411940930387054,5.297207878721434,0.20407630908912677,0.3154750024756759,0.21868514728823094,0.23809523809523814
2025-03-29,4.0,6.0,0,4.806690253023757,4.474366101411017,6.546692558721231,6.562770045074472,6.4804747332421435,0.33812542147150926,0.3104802234722571,0.2172677379210389,0.23809523809523814
2025-03-30,4.0,6.0,0,3.645778323194395,3.855477679605876,5.817527764472473,5.870521686812205,5.69224131376573,0.24771588235484462,0.17687521727732528,0.17559655893963208,0.10869565217391304
2025-03-31,4.0,3.0,0,4.438104373118276,4.020231249414287,6.3614833537029645,6.334468401852616,6.200790794530498,0.30584192636142754,0.23038939399992528,0.1934430703926945,0.17391304347826086
2025-04-01,4.0,2.0,0,3.8959249095547195,3.88198240938847,6.130109609011176,6.091020177684703,5.996314503688079,0.2823142335048123,0.21647810304709336,0.1890035780008281,0.14285714285714285
2025-04-02,4.0,3.0,0,4.1810056071597685,3.39565150543905,5.311541296064694,5.438758421715982,5.105588489983782,0.18370258309393175,0.2260468154476291,0.19206980828139833,0.17391304347826086
2025-04-03,4.0,5.0,0,3.688789530568454,4.070982458995625,5.714141382825296,5.781598875865761,5.581252639601586,0.23527205108311638,0.2581801130151259,0.2019969111865445,0.19680851063829788
2025-04-04,4.0,1.0,0,5.58783480048102,4.898802773304245,7.805271372262678,7.843976435484988,7.71031807630792,0.47577745687445044,0.29683132393337286,0.21336349927023393,0.19680851063829788
2025-04-05,4.0,7.0,0,3.5669975321139367,2.626552390149971,5.587040044625536,5.6428778607284045,5.351376687168484,0.209942055218091,0.23387382480522467,0.1945371888343349,0.19680851063829788
2025-04-06,4.0,8.0,1,4.376308362523606,4.637153443381346,5.8925527365030455,5.885783610583779,5.715166925885691,0.2503007270905498,0.300322023404903,0.2143665998459045,0.19680851063829788
2025-04-07,4.0,7.0,0,4.701374185171324,4.749609812951364,6.122775613108792,6.043497117121333,6.244954702943256,0.3109373386434857,0.35312597034059423,0.2292171873239512,0.25
2025-04-08,4.0,3.0,0,4.679058227065058,4.639553190289179,6.1292219868062086,6.066803548349082,6.220565447836018,0.3081230582346952,0.33565468060519343,0.22435946574796123,0.25
2025-04-09,4.0,6.0,0,5.059219224510468,5.130351305195335,5.924370960225028,5.923181529276475,6.0167846846886635,0.2846629651241546,0.30404876693189586,0.21543395585070643,0.19680851063829788
2025-04-10,4.0,2.0,0,4.498337806956805,3.8255102845915974,6.128365492394057,6.149710096705778,6.114785764637145,0.2959302164829334,0.2559016197783108,0.20130935660578728,0.19680851063829788
2025-04-11,4.0,6.0,0,4.236606692211659,4.709828559420464,5.256073779631343,5.326565460568234,5.131656964300838,0.18643724263025788,0.26724917677224086,0.2047122101216264,0.19680851063829788
2025-04-12,4.0,4.0,0,4.9335593759826475,5.113724379020404,5.698018456185576,5.760651636327747,5.577911309788098,0.2348993627280977,0.25387340348945764,0.2006954247766467,0.19680851063829788
2025-04-13,4.0,3.0,0,3.618639618080212,4.383489803684261,5.575534388314909,5.589556560932065,5.476509153717272,0.22364882103767927,0.19694837529527262,0.18255168265242508,0.10869565217391304
2025-04-14,4.0,4.0,0,4.998642464223174,4.897901203608,5.6146082686218595,5.6583748858752525,5.507204560642024,0.22704183824589996,0.22545218695145125,0.19188090662553803,0.17391304347826086
2025-04-15,4.0,1.0,0,3.7510641072359325,4.385930922166442,5.8293147326013495,5.80521466896162,5.82292758496774,0.2625084376387541,0.19752036935870737,0.1827447340184586,0.10869565217391304
2025-04-16,4.0,7.0,0,5.357454756644885,4.695767787068165,5.49511150697742,5.533376447568211,5.52911984361707,0.22947117292000932,0.18841793087478412,0.17964026778067804,0.10869565217391304
2025-04-17,4.0,3.0,0,4.355159315397411,5.362553310776782,5.372343042348475,5.439541615385027,5.252137610581749,0.1992297403393779,0.27521539029669706,0.20707099332253232,0.19680851063829788
2025-04-18,4.0,7.0,0,4.291865467343658,4.819764003999193,5.653266361976686,5.680575194019694,5.5020866826865555,0.22647532901217526,0.2796571807074474,0.20837630823576675,0.19680851063829788
2025-04-19,4.0,1.0,0,3.8177207817364396,3.678476082897652,5.506661157255359,5.456950349215145,5.41790895985244,0.21720391730296085,0.283156879114378,0.20940006339611947,0.19680851063829788
2025-04-20,4.0,3.0,0,4.970359576067554,4.5751632079642475,5.2645214619802765,5.263999458614012,5.2086892950268355,0.1945882510305627,0.30677564393947654,0.2162126989159219,0.23809523809523814
2025-04-21,4.0,5.0,0,5.4647841924133,5.126594799155605,5.405217026719121,5.536960683076135,5.328278584828544,0.2074355483946888,0.3204639954436839,0.22009543773890877,0.23809523809523814
2025-04-22,4.0,5.0,0,5.126091109773076,4.34576186973661,7.479281368632963,7.389944584824158,7.359306736379684,0.4377373929838321,0.3333566384671933,0.22371707128944604,0.25
2025-04-23,4.0,4.0,0,5.112315074916603,5.382831301578338,6.526321347725104,6.532457268844017,6.217993526655426,0.30782633436348544,0.33094342445505154,0.22304151155709484,0.25
2025-04-24,4.0,2.0,0,3.8207294859656384,3.2155693490514548,5.547216816211705,5.80405222567199,5.281871129488384,0.20242354787558775,0.2862908748662935,0.21031346221309552,0.19680851063829788
2025-04-25,4.0,12.0,1,4.497558617187177,4.116850491493299,4.995815807754026,5.111934318164826,4.81267487740839,0.15390082748985173,0.16961525135767633,0.17298516356146496,0.10869565217391304
2025-04-26,4.0,6.0,0,4.644886808630616,4.8903604108942815,5.453400208723875,5.482108870940402,5.27515509250824,0.20170093787171095,0.2450871604281412,0.19801422354723514,0.19680851063829788
2025-04-27,4.0,6.0,0,4.144080007306651,4.831487691013188,5.796404057302391,5.737719112371362,5.622496377898149,0.23988197802798428,0.27127106853181393,0.2059060203062174,0.19680851063829788
2025-04-28,4.0,3.0,0,4.610611047906903,5.876113689074787,5.352966895063291,5.340753744510021,5.215045270848764,0.195265313632286,0.25675086191659696,0.20156588401617798,0.19680851063829788
2025-04-29,4.0,2.0,0,4.114882420827438,3.940819497200037,5.349791755942833,5.358508032208393,5.234526663339567,0.19734469540644625,0.20000070672187176,0.18357883997637334,0.10869565217391304
2025-04-30,4.0,4.0,0,5.017265559590644,4.56149870814855,5.367580981378227,5.40190827657566,5.315639469378357,0.20606731661681102,0.17902023511089418,0.17635770220438649,0.10869565217391304
2025-05-01,4.0,6.0,0,4.860674449880273,4.012658231599323,5.521807616572732,5.651838557200987,5.214083945321294,0.19516286655056725,0.2718862889376037,0.20608810093455657,0.19680851063829788
2025-05-02,4.0,3.0,0,4.6289542280323435,4.834211760569873,5.386667858850977,5.380887588030896,5.313195482756639,0.20580301987238195,0.2686048903913363,0.20511530853566007,0.19680851063829788
2025-05-03,4.0,5.0,0,5.380167947660831,5.426411528575705,4.798063019258803,4.869423728657771,4.681014833717959,0.14112760706327754,0.1852730368757113,0.17855092833165292,0.10869565217391304
2025-05-04,4.0,6.0,0,5.748159385487551,5.5088566407697375,5.333531665666537,5.356328723863968,5.193521580806601,0.1929752569386061,0.28887595012765144,0.2110645579512114,0.19680851063829788
2025-05-05,4.0,5.0,0,4.878907108350685,4.997701859038051,5.543635668228792,5.547044177660435,5.462414171255223,0.22209465192682848,0.28612989078416007,0.21026661953340944,0.19680851063829788
2025-05-06,4.0,5.0,0,5.687392710147016,4.859691328594664,5.324295759578407,5.427380686536386,5.2168189565230865,0.19545437292878579,0.22461686897151903,0.19161518527842333,0.17391304347826086
2025-05-07,4.0,2.0,0,5.787690496093852,6.202256465730505,6.8313534281725055,6.843803451790607,6.6048082279689595,0.3524525188753807,0.4192506954878679,0.2473684824462768,0.2517482517482518
2025-05-08,4.0,9.0,1,3.8516606803211673,4.40612287024857,5.591964450557948,5.683365217625117,5.373503796439612,0.21235037263657686,0.2661507342229761,0.20438508687554532,0.19680851063829788
2025-05-09,4.0,9.0,1,4.333337451913208,5.253179498992987,5.095765647310814,5.168569468817941,4.932903116720389,0.1659161810299743,0.19445433974688275,0.1817068161900848,0.10869565217391304
2025-05-10,4.0,2.0,0,3.7847294750467,4.776514978088159,5.323962747311874,5.339555470828582,5.220523975121338,0.19584946302044542,0.21028027568654686,0.18698578981600225,0.13060127949758707
2025-05-11,4.0,6.0,0,4.375492929054982,4.177101187040855,5.089485849859346,5.124272922656746,5.033139846144683,0.17616892624401242,0.2810020967004163,0.20877021231895812,0.19680851063829788
2025-05-12,4.0,5.0,0,4.580426661826687,4.749601831519289,4.816841084904293,4.87033356750789,4.833297203509075,0.15593879473905042,0.21164607582267533,0.18743269809401036,0.14285714285714285
2025-05-13,4.0,6.0,0,4.130786751417927,4.98189419580501,4.663974617238315,4.669412885966603,4.731451427968181,0.1459710882345643,0.24540138007905354,0.1981107394595518,0.19680851063829788
2025-05-14,4.0,6.0,0,4.984163654267788,3.8807036552064726,4.468376002518321,4.62842280805884,4.336053132081239,0.10982273575662466,0.30250437440298156,0.21499207273909918,0.19680851063829788
2025-05-15,4.0,1.0,0,4.086088404291851,4.4002830672618884,4.6808196016027,4.6910319218500005,4.6730780985743925,0.1403712257397767,0.2656930333135341,0.2042486417780964,0.19680851063829788
2025-05-16,4.0,2.0,0,4.805326362672956,3.7801357923421532,5.096513652477817,5.223065858529538,5.076432975416937,0.18065887606695452,0.25636361567898125,0.20144894876539582,0.19680851063829788
2025-05-17,4.0,6.0,0,6.259251635916112,5.706720335152429,6.452624621964313,6.5603295535987485,6.189878064433285,0.30458336950014875,0.3566057464612395,0.23017987674558285,0.25
2025-05-18,4.0,5.0,0,4.714875514806847,4.621283709453883,5.803491708817336,5.834172037095149,5.7757459054460645,0.25715231007087125,0.2788080014872322,0.20812728363878158,0.19680851063829788
2025-05-19,4.0,4.0,0,4.70915474628398,4.55615809918032,5.699906711531889,5.726578726453748,5.720598187823545,0.250913768972643,0.2763898983487601,0.2074168136291273,0.19680851063829788
2025-05-20,4.0,4.0,0,5.2335726792476285,4.705892039749527,4.822052556406481,4.947859368293424,4.667172490009076,0.13980944916496185,0.25171395568162014,0.2000397572993304,0.19680851063829788
2025-05-21,4.0,3.0,0,4.71128598794995,4.476414612523122,5.981179926687091,6.110048261601424,5.806622462312544,0.26065561151391764,0.29472763631578497,0.21275735229956047,0.19680851063829788
2025-05-22,4.0,6.0,0,4.713005467158443,5.235341764858993,4.443130707768271,4.5612328607347665,4.399122135735265,0.11529399427214902,0.26497423640389295,0.20403419524962307,0.19680851063829788
2025-05-23,4.0,5.0,0,4.299336577185547,3.6764939572607327,4.8476905285560665,4.963196353406579,4.781986175731224,0.150886325906225,0.35162095423751444,0.22880037230213687,0.25
2025-05-24,4.0,1.0,0,4.792461752868734,4.259034620527094,5.1360167343869545,5.102681004914831,5.2388354060097155,0.19780543360665975,0.28186650681132375,0.2090230660149569,0.19680851063829788
2025-05-25,4.0,2.0,0,5.52256753393107,5.102877161901137,7.078201990340083,6.960961534610622,7.184397139427138,0.41832771818061065,0.3321705507802299,0.22338516205927897,0.25
2025-05-26,4.0,10.0,1,3.5906258317848465,3.8992721934208627,5.19474903012436,5.274867922553331,5.053534808639416,0.17827961396056222,0.14238743809565485,0.16262830048040425,0.0
2025-05-27,4.0,7.0,0,4.5221758776942576,4.62085457050113,5.310060202676251,5.364771241768242,5.234116708050838,0.19730087416391057,0.2509477325764585,0.19980660341622714,0.19680851063829788
2025-05-28,4.0,4.0,0,4.430217059261746,4.652226050227562,5.168578129812248,5.18102770000582,5.086825313568212,0.18174197492833358,0.19792266318335827,0.18288035289925045,0.10869565217391304
2025-05-29,4.0,6.0,0,4.875853763515691,5.373123808742666,5.558023912623694,5.602460890353638,5.415456240423074,0.21693513609869486,0.2975884565584133,0.21358135401721706,0.19680851063829788
2025-05-30,4.0,4.0,0,4.785455568852653,6.147281502460682,5.38655042350472,5.4549017847465135,5.211030504944478,0.19483756747169353,0.2930093515511405,0.21226132131042333,0.19680851063829788
2025-05-31,4.0,9.0,1,5.092326323719611,5.351411847324815,4.999529530272986,5.148226041112908,4.7813259543662125,0.1508217162926052,0.3545136091651073,0.22960125146690238,0.25
2025-06-01,4.0,5.0,0,2.870898971839039,3.1098520151729936,4.552037757863629,4.694200393993647,4.328438258247191,0.1091702287003414,0.23322248444822208,0.19433317938337177,0.19505530543049568
2025-06-02,4.0,2.0,0,3.9773887879582404,3.7237324952341613,5.008771083010534,5.056563329101484,4.808059588009302,0.1534460716170473,0.2910807161043242,0.2117035456845951,0.19680851063829788
2025-06-03,4.0,5.0,0,5.06148659622693,5.145951640481462,5.682844469994711,5.8178493884132525,5.517768503317519,0.22821216346374434,0.3501028048441326,0.22837963385615367,0.25
2025-06-04,4.0,4.0,0,5.193762908184527,5.644405836134386,6.708356399072276,6.735370037559233,6.538698385679689,0.3448389819456781,0.3350349787416064,0.22418632124498888,0.25
2025-06-05,4.0,2.0,0,5.429775540953744,5.6201334981199595,6.103804561797417,6.092123297826639,6.0412610658088886,0.2874736991146187,0.35236820474444164,0.22900735852270146,0.25
2025-06-06,4.0,5.0,0,4.703827670153134,5.965292175306477,5.105705437715219,5.147828682955281,5.047159138890233,0.1776189266436558,0.26314929706127543,0.203488819206342,0.19680851063829788
2025-06-07,4.0,1.0,0,5.4959061028106895,5.740905238786771,5.238319896053877,5.335465669090852,4.9533456157327125,0.16799040366997522,0.3643109813607911,0.23230683138041192,0.25
2025-06-08,4.0,7.0,0,4.619574565014448,5.055973011922432,5.187131764423545,5.245395860201065,5.0514645543522345,0.17806499525801406,0.3730250422608159,0.2347055248378843,0.2517482517482518
2025-06-09,4.0,7.0,0,4.7965544213062214,4.779490564045175,5.084541008773997,5.09876207871539,4.97904246876085,0.17061011153976735,0.4223854905255958,0.248226627824994,0.2517482517482518
2025-06-10,4.0,7.0,0,4.7352420288445085,4.96555386670326,5.137598514832164,5.149987475390838,5.052611766907123,0.17818391407607517,0.30470319065148455,0.21562101659779484,0.19680851063829788
2025-06-11,4.0,6.0,0,5.798094898257049,4.17001529424898,6.528987515242899,6.619769537257882,6.3172297674303755,0.31928080570318296,0.3991949535708543,0.24188065564431951,0.2517482517482518
2025-06-12,4.0,13.0,1,4.2616849173233415,4.810702180413197,5.427999657324151,5.512353284497213,5.141411334715984,0.18746365284569091,0.2780804810041138,0.20791374059962997,0.19680851063829788
2025-06-13,4.0,4.0,0,4.497231614853571,4.670887997184299,5.673115445587296,5.746820295076558,5.535687068491153,0.23020024078553183,0.2513516758334019,0.1999295526595472,0.19680851063829788
2025-06-14,4.0,16.0,1,7.079719740790606,11.403252135051954,8.195931896894074,8.143138448686422,7.92168359434168,0.4980115991842235,0.5358968513443109,0.2799779982451758,0.2872714001186682
2025-06-15,4.0,20.0,1,10.927024812975162,13.86142010001558,8.387823451566955,8.359003381556766,7.774765997219734,0.4826138297340929,0.5114188643418665,0.27295041573218753,0.27631578947368424
2025-06-16,4.0,7.0,0,5.012481639797291,4.56125894502959,6.253251346271388,6.16131445352068,6.043348741303761,0.2877135480570109,0.4035703920934999,0.24307798497193026,0.2517482517482518
2025-06-17,4.0,8.0,1,6.1259094045661415,5.685758921311703,6.008703551972553,5.9918723330339825,5.836690909825189,0.26407388369889156,0.38657624529876244,0.23842489889334648,0.2517482517482518
2025-06-18,4.0,4.0,0,6.180590051386439,7.27560434769993,5.388301340985229,5.341665007867404,5.319569922933455,0.2064925491646022,0.5545964615377943,0.2854528849053909,0.32051282051282054
2025-06-19,4.0,10.0,1,6.489338440548572,6.875977161361956,5.8911013575690205,5.8928218029154955,5.807120399135746,0.26071216610220244,0.5219005135577774,0.2759422655568709,0.27631578947368424
2025-06-20,4.0,8.0,1,6.327527593546816,6.501178962275527,5.664089884791916,5.668764522175228,5.599575869618608,0.2373179101385497,0.383269071255528,0.23751816518630253,0.2517482517482518
2025-06-21,4.0,6.0,0,4.873828269973901,5.4025267474521765,5.774460751172715,5.815808772840113,5.534136513606851,0.2300280596877967,0.2919978836668751,0.21196893341569056,0.19680851063829788
2025-06-22,4.0,4.0,0,5.405291575367298,5.603566296536142,5.091593032314207,5.244313542608589,4.877301606202874,0.16031970449994357,0.49155889549353515,0.2673431522412903,0.27631578947368424
2025-06-23,4.0,8.0,1,6.249106378610798,5.037580482673304,5.846989696748877,5.8240137816964594,5.645118426000565,0.24241783382588067,0.45086745230708286,0.2560437740865575,0.2517482517482518
2025-06-24,4.0,3.0,0,5.6971252409647795,5.321352272951293,5.858215170351488,5.830150485757401,5.797264563417228,0.25959309859048735,0.3333321555754628,0.22371022255185027,0.25
2025-06-25,4.0,6.0,0,5.993124060432714,7.443484883825479,5.62979763232713,5.694841915773384,5.561291383479433,0.23304738659273455,0.4938863883558444,0.2679965466705849,0.27631578947368424
2025-06-26,4.0,7.0,0,5.50028837256468,6.127591247726293,5.7619173902375875,5.764619269804628,5.670070083884893,0.24522057987705598,0.41155493324031833,0.24526255832185356,0.2517482517482518
2025-06-27,4.0,5.0,0,5.517688750900909,5.74957258832353,5.361257195738421,5.421525905640256,5.162114492159124,0.18964773997192408,0.487613818481849,0.26623771996307743,0.27631578947368424
2025-06-28,4.0,2.0,0,6.215130338052613,8.959257891748267,5.228604983400765,5.310393977498416,5.0594105863140175,0.17888919091171554,0.4826967675850462,0.2648634006409605,0.27631578947368424
2025-06-29,4.0,6.0,0,6.467553643860608,7.336664713407076,5.75310578383217,5.793828996727124,5.629305862130285,0.24064476567712945,0.5072123760091573,0.2717563894664249,0.27631578947368424
2025-06-30,4.0,5.0,0,3.8874386928385105,3.6027543544059086,5.066247739717987,5.146203657185335,4.871055210175143,0.1596951999230861,0.43959745681821283,0.25294493940076895,0.2517482517482518
2025-07-01,4.0,6.0,0,4.566050137369311,4.179559808621823,5.169220248474615,5.19750833209477,4.963912996288235,0.16906606133454924,0.3921631713552203,0.23995557954232652,0.2517482517482518
2025-07-02,4.0,6.0,0,5.094378226852836,4.494496237132026,6.3380024305095,6.297969085315639,6.2466721101994445,0.3111355405336482,0.32391960945129566,0.22106925070166542,0.23809523809523814
2025-07-03,4.0,4.0,0,4.995952974638961,6.877267724625876,6.174216589104742,6.098359710239482,6.078438048919564,0.2917473337169767,0.3730057549572671,0.2347002225360183,0.2517482517482518
2025-07-04,4.0,9.0,1,5.068887000903357,5.764716012774016,6.1626496392095005,6.133835176549667,6.022148021838035,0.2852786500635323,0.42145470470525914,0.24797180061880708,0.2517482517482518
2025-07-05,4.0,3.0,0,5.937096816558372,6.26698281736762,6.813481958453204,6.9148165489195685,6.605154471279828,0.35249236254036626,0.3394793955753036,0.2254267147209649,0.25
2025-07-06,4.0,4.0,0,7.851649793278465,7.9151199782145145,9.159984921311244,8.92124343149888,8.734275827606663,0.5779946261792445,0.5590396695047243,0.2867693130363023,0.32051282051282054
2025-07-07,4.0,2.0,0,6.293081821917242,6.252926772454648,5.967233398379922,5.9693028721373755,5.641923899280414,0.24205943304698244,0.38249370387256415,0.2373055005781395,0.2517482517482518
2025-07-08,4.0,5.0,0,5.764941417257374,5.803561712286559,5.722622211519843,5.7071088403714745,5.5870746695899625,0.23592171878774262,0.47383570960414934,0.26239568871819624,0.27631578947368424
2025-07-09,4.0,7.0,0,6.46574839325804,7.316970386932074,5.37637493364024,5.417691299075285,5.2715965031387535,0.20131833701226287,0.5858482248162873,0.2948573766444983,0.32051282051282054
2025-07-11,4.0,9.0,1,7.051370973101006,7.341942688141148,6.15692420868212,6.169077829984996,5.942553249807396,0.27615509127007987,0.5659481158164748,0.28882901602584365,0.32051282051282054
2025-07-12,4.0,8.0,1,6.489392696729659,6.88819548727501,5.926227833628624,5.939979164689647,5.665753354989948,0.2447352729341083,0.5747767223221836,0.29148528902758136,0.32051282051282054
2025-07-13,4.0,6.0,0,6.143583932674772,6.9989701085606475,4.664705724838135,4.817075006888927,4.367610074704057,0.1125454617902905,0.5558157845318964,0.2858135166303056,0.32051282051282054
2025-07-14,4.0,7.0,0,6.320100111756607,6.445575670355269,5.802227625133844,5.819340230825631,5.418394803596916,0.21725716795922914,0.3924769108754544,0.24004150165373317,0.2517482517482518
2025-07-15,4.0,3.0,0,5.736152006575384,6.5073399001076675,6.206629704730746,6.220962942928309,5.92527675121646,0.27417896127405655,0.3433955236998101,0.2265171273625374,0.25
2025-07-16,4.0,7.0,0,6.3575391489730375,6.285686557294076,7.060459758611672,6.925244575416634,7.223207440184694,0.4226577113921767,0.42947164869906723,0.250167565220398,0.2517482517482518
2025-07-17,4.0,5.0,0,5.728194200509344,4.686353189548672,6.745485758486957,6.594257732575729,6.917453679843325,0.3882325777632915,0.36975525356002753,0.2338062093612765,0.2517482517482518
2025-07-18,4.0,5.0,0,6.121453368642151,7.2779161476410685,7.60930111600812,7.405533392863126,7.7715368542237675,0.4822724604350655,0.41761203688055054,0.24691999119907448,0.2517482517482518
2025-07-20,4.0,2.0,0,5.356981215761226,5.6143779612527664,5.878845511100684,5.906832941057338,5.949596860572805,0.2769612155015125,0.44606347958927584,0.25472170452815285,0.2517482517482518
2025-07-21,4.0,11.0,1,5.39150751902166,5.10886187736744,5.260672320439309,5.3399438036186195,5.280165486284552,0.20223996340263067,0.3248603784263805,0.22133395503366268,0.24265614231115912
2025-07-22,4.0,4.0,0,4.552571281204162,4.792238051814483,5.797224116401465,5.753033471126591,5.8711772949842524,0.26800197167127743,0.2916130116373527,0.21185759868742457,0.19680851063829788
2025-07-23,4.0,7.0,0,5.032131895917385,6.258270487310259,5.192517521777838,5.211883286072764,5.265381022554213,0.20065055658438005,0.3629348436456341,0.2319274057429563,0.25
2025-07-24,4.0,9.0,1,6.5931210412192485,7.504173818473229,6.602797338738292,6.608246606189096,6.652079556328939,0.3578887478481202,0.38091459393069804,0.23687228630270554,0.2517482517482518
2025-07-25,4.0,7.0,0,5.93127976019687,6.356366014412584,7.926516003425788,7.664221337851864,7.949760823072892,0.5009238327848927,0.3892892191654766,0.23916834257956057,0.2517482517482518
2025-07-26,4.0,5.0,0,4.113694244894088,4.380657236471629,5.41029321387295,5.371494446632675,5.4570353009116515,0.22150221151747795,0.2516560930552595,0.2000221596440183,0.19680851063829788
2025-07-27,4.0,2.0,0,3.628893278409133,3.8860857548798142,7.3262751110801485,7.102121635258935,7.444008004912605,0.4470343298446992,0.3122302020037402,0.21776499079583791,0.23809523809523814
2025-07-28,4.0,10.0,1,4.3435669333393125,3.0145158128758323,7.214356832332369,7.0780501118193815,7.229565340760149,0.42336583305236514,0.2871507120060153,0.21056351798153014,0.19680851063829788
2025-07-29,4.0,3.0,0,5.642239087575008,5.116016783302829,6.622314212881896,6.47407362333629,6.661202882764215,0.35893707734653213,0.2875177906114217,0.21067020089885147,0.19680851063829788
2025-07-30,4.0,5.0,0,5.096923071970161,4.734673206665362,8.134749410692862,7.875642344897988,8.456986701247098,0.551738335746673,0.468142053328074,0.26081559408227106,0.27631578947368424
2025-07-31,4.0,6.0,0,8.179757034834717,8.88489483930086,11.751520148431231,10.832116040669572,11.838717071679074,0.7957830898609238,0.5500897888556722,0.2841239941778015,0.29411764705882354
2025-08-01,4.0,4.0,0,5.3741498322647585,8.194653986262429,8.72140184950591,8.334522313597985,8.59751055360829,0.565183667445865,0.43810539029506074,0.2525353327184745,0.2517482517482518
2025-08-02,4.0,2.0,0,5.554895654659568,6.188065825746567,6.4088057266429574,6.330513114404058,6.201558734621065,0.30593050059904886,0.24831033991863652,0.19900199941083851,0.19680851063829788
2025-08-03,5.0,6.0,0,5.686560112892426,4.9450098274927825,5.19973742336718,5.246882940815327,5.163118137118941,0.18925316055703392,0.4123197633663853,0.25060427044242867,0.2185792349726776
2025-08-04,5.0,3.0,0,5.313614476330943,5.221373588492202,5.7487457540258315,5.723444891726696,5.780357164153374,0.2573102942462754,0.449733609775625,0.26221841269465596,0.25
2025-08-05,5.0,4.0,0,4.034516720736401,4.0495720841855265,5.282466049805799,5.3063387367834665,5.175677142396021,0.19058376988456238,0.3129233876794562,0.21962413177816373,0.21333333333333335
2025-08-06,5.0,4.0,0,4.175643437772344,3.8692143162303334,5.047615601165677,5.1007268430074975,4.813665056790356,0.15346408121558114,0.26683872214326915,0.20467022760568643,0.19534883720930232
2025-08-07,5.0,1.0,0,4.052629375993938,3.384881569902911,4.908347336094222,4.931279617275471,4.730707497787406,0.14536172023802943,0.24953059141534162,0.19885967447550718,0.19534883720930232
2025-08-08,5.0,5.0,0,5.413158397490529,4.596902643982073,4.9839144579350725,4.994205129561059,4.839462392408567,0.15601692249487908,0.32021563843859097,0.22193857602800396,0.21333333333333335
2025-08-09,5.0,3.0,0,4.733697000567987,5.1388964784561155,4.53204051313857,4.615061988287801,4.348887505404376,0.1103988554158762,0.24443624303428735,0.19712360392910908,0.19534883720930232
2025-08-10,5.0,1.0,0,4.884596447962886,4.85117412940809,4.605650002576674,4.727763091343898,4.3943858110473055,0.11434819133848702,0.25555769946244494,0.20089782886551463,0.19534883720930232
2025-08-12,5.0,5.0,0,4.7270228408928165,4.754042483712941,4.353761667422429,4.501840804529246,4.089855300789864,0.08914889741018339,0.22383086474742395,0.18996186987819086,0.19534883720930232
2025-08-13,5.0,3.0,0,4.996541907794043,5.483617385342809,4.7934322781931975,4.87266624468181,4.55691440619356,0.12894957966507353,0.2937335677910821,0.21347379168926375,0.21212121212121213
2025-08-14,5.0,3.0,0,4.358348304583705,4.721139558834557,5.551522585229416,5.622640844322626,5.359457426973571,0.21035331474196106,0.29988371577140405,0.2154552347631102,0.21212121212121213
2025-08-15,5.0,2.0,0,5.318760277852414,4.848727938199885,4.900089155760731,5.071245781968814,4.577458652282352,0.13084809286102847,0.270388129327272,0.20584655297125395,0.19534883720930232
2025-08-16,5.0,3.0,0,4.7326366618695905,4.8275501255781395,5.108926267153432,5.263433115379335,4.793707011054827,0.15149974998826393,0.3583988307512495,0.23390901776298637,0.21333333333333335
2025-08-17,5.0,1.0,0,5.581408557677402,4.793366973038326,5.142448043339945,5.277399976843571,4.969689307556024,0.16913158792770278,0.3275329665232909,0.2242502783238348,0.21333333333333335
2025-08-18,5.0,1.0,0,5.107690803967097,5.0064372480079875,4.264692374923299,4.407598923618889,4.068579775166184,0.08750088159646588,0.2712984506171256,0.2061474754510221,0.19534883720930232
2025-08-19,5.0,5.0,0,4.9306863851630585,5.029914124821086,5.231247389732264,5.369687775688547,4.926416429582918,0.16473271487096136,0.3357302820659105,0.22682867710073942,0.21333333333333335
2025-08-20,5.0,1.0,0,4.571401365379206,3.928331193227202,5.112560690066656,5.259537398581628,4.833530993254387,0.155428601753231,0.2502672951237857,0.19910970032419298,0.19534883720930232
2025-08-21,5.0,5.0,0,4.091230735519828,4.18499988075174,5.640546469387618,5.776215436202501,5.458534691021514,0.22122032696658314,0.2503245814335046,0.19912913172609154,0.19534883720930232
2025-08-22,5.0,6.0,0,4.926195433256141,5.345084831546218,5.023794738185586,5.06807603241513,4.86332009632313,0.1583914406596402,0.241064717722047,0.1959675665618614,0.19534883720930232
2025-08-23,5.0,7.0,0,4.512578300357571,5.128359872095247,4.59757276376982,4.741455418053103,4.580022130760629,0.13108579141086835,0.21981113964799925,0.1885357426113657,0.19534883720930232
2025-08-24,5.0,1.0,0,5.344569066642966,4.652767060448344,4.347902564363359,4.4901264287951825,4.224924163570353,0.09996132595882705,0.2275345495058478,0.19126698831360883,0.19534883720930232
2025-08-25,5.0,4.0,0,4.380880209169728,4.1330817982715615,5.185636022259905,5.263172441713079,5.031545743970888,0.17548705397628667,0.21060279623901007,0.1852286165979505,0.19534883720930232
2025-08-26,5.0,6.0,0,4.862605077509894,4.328634674142979,5.37207663088575,5.39572341175718,5.252093348698056,0.1987381625171918,0.2734370246535855,0.20685320961902168,0.19534883720930232
2025-08-27,5.0,6.0,0,4.953965100581789,4.600910026721466,4.56230238351891,4.669203591584925,4.408377390935565,0.11557512937976823,0.2426631943894072,0.19651637630201807,0.19534883720930232
2025-08-28,5.0,2.0,0,5.58212415309895,5.1633493084998054,4.018259675086894,4.155167683004122,3.8074635507625025,0.06854985710233283,0.2240237880239829,0.19003006013055987,0.19534883720930232
2025-08-29,5.0,2.0,0,4.618628482618931,3.7554323631787967,4.68669933475691,4.806731216309771,4.478328986083533,0.12179527593248263,0.2684648032437082,0.20520973507424095,0.19534883720930232
2025-08-30,5.0,3.0,0,4.740890872077822,4.19632002259174,4.636008298131581,4.714222583939678,4.502408133299745,0.1239689932952585,0.23668416368747192,0.19445673979097822,0.19534883720930232
2025-08-31,5.0,6.0,0,4.520851904006239,3.5474209946057527,4.363690131799169,4.442365514515052,4.329639726539195,0.10874696784473091,0.19494195371319203,0.17946163076505225,0.19047619047619047
2025-09-01,5.0,2.0,0,4.84715519374852,4.9784335154356905,4.42592145406641,4.487133278106994,4.368657411213636,0.11210726878323025,0.2081340980913831,0.18433194823801868,0.19047619047619047
2025-09-02,5.0,3.0,0,5.2561160005227325,5.479786100167309,4.376827769092983,4.541099575705969,4.297132953558643,0.10598298503243718,0.2492816723952756,0.19877513735472985,0.19534883720930232
2025-09-03,5.0,6.0,0,4.6902701610322195,5.049747677283436,5.033707441420523,5.0656852529440535,4.954125534094619,0.16754489651117935,0.2541244863582121,0.20041466440918623,0.19534883720930232
2025-09-04,5.0,5.0,0,4.554751167552271,5.110826048749001,4.955597851124296,5.01345156830885,4.912685774932889,0.163345312759637,0.257300688763042,0.20148420065506104,0.19534883720930232
2025-09-05,5.0,1.0,0,3.908483241999579,4.120518560156508,4.839572090077634,4.909641408809336,4.772968096365545,0.14946857345960346,0.21575252857902996,0.18708520522487573,0.19534883720930232
2025-09-06,5.0,7.0,0,4.2204814543545535,4.356623632163514,4.654918876878916,4.756030251662054,4.601760515138618,0.13310860339498062,0.23524564170781478,0.19395835873657935,0.19534883720930232
2025-09-07,5.0,4.0,0,5.473643054980071,5.024670770654939,4.901930010097702,4.989991055766574,4.7253947867449355,0.1448485341125857,0.33673980026101924,0.22714545910200162,0.21333333333333335
2025-09-09,5.0,6.0,0,6.548344550554269,7.029618914802967,6.953652032665649,6.943725993480005,6.806211963064327,0.3755730153474396,0.4133572318372652,0.2509252205619147,0.2185792349726776
2025-09-10,5.0,10.0,1,3.904990692915416,4.135962959197203,5.55115729455147,5.5727520874563545,5.377103187613244,0.2122788034966166,0.24545171016954792,0.19747066947177128,0.19534883720930232
2025-09-11,5.0,2.0,0,4.132499937138669,3.8304427693279406,4.766054953968467,4.799984660133644,4.676165737387876,0.1401268176216284,0.221063094342741,0.1889810147718924,0.19534883720930232
2025-09-12,5.0,4.0,0,4.693143973406255,4.447805932885799,4.6387042127952665,4.702311989749357,4.594572671215795,0.13243835112364702,0.21884263475782217,0.18819058735686295,0.19534883720930232
2025-09-14,5.0,6.0,0,4.332639479411425,4.228517424265318,4.544744930024566,4.602235670131915,4.520994808143697,0.12565807985806257,0.18327607595791767,0.17503267520188526,0.19047619047619047
2025-09-15,5.0,13.0,1,4.853037525950917,5.132613619873463,5.0996831182071505,5.145299176729439,5.0286336892947645,0.17518612009101664,0.23954329476845657,0.19544398515848171,0.19534883720930232
2025-09-16,5.0,10.0,1,4.332086660826034,4.144930194351234,4.88880889285592,4.9252009384622095,4.801667135731709,0.15228208414254538,0.21351353186779995,0.186280259518983,0.19534883720930232
2025-09-17,5.0,1.0,0,4.916697731141831,5.242191250155832,4.564628259360591,4.650478432177494,4.521403962256835,0.12569537114214463,0.2713993176045324,0.20618079973237588,0.19534883720930232
2025-09-18,5.0,2.0,0,5.43950890749789,4.381512115815145,5.3466446651947175,5.416222830952422,5.218234821689018,0.1951129937922208,0.254260522477677,0.20046056432775525,0.19534883720930232
2025-09-19,5.0,7.0,0,4.761457868090572,5.802002470879841,6.200027349013714,6.109420688887169,6.002705940797612,0.2827521195741431,0.3871320658096801,0.24281628588716433,0.2185792349726776
2025-09-20,5.0,6.0,0,3.579250372039407,4.453112012026385,6.287364967471728,6.192503433081918,6.102355745087012,0.294238127940506,0.28448339318839994,0.2104729311377519,0.21212121212121213
2025-09-21,5.0,1.0,0,4.432481652521282,4.971969474154772,5.416096732751461,5.435838155783864,5.340303601662682,0.20826836676869553,0.29675562170244063,0.21444873369344317,0.21212121212121213
2025-09-22,5.0,4.0,0,4.528175646549297,5.064145273996612,4.891747850933492,4.962364575802912,4.808273964980302,0.15293254965354044,0.2741059616200436,0.2070736170290081,0.19534883720930232
2025-09-23,5.0,8.0,1,3.840462082186721,4.0737110456289765,4.645966572999405,4.744502907586518,4.562403802042513,0.12945573307609962,0.2931300519508495,0.21327878197044506,0.21212121212121213
2025-09-24,5.0,1.0,0,3.904433251997144,3.8224619511838975,5.311119644268553,5.287593396854958,5.292305663872723,0.20306771536259197,0.2644585667191479,0.20387865906266803,0.19534883720930232
2025-09-26,5.0,3.0,0,4.582357759899141,4.577806218890028,5.356177844643059,5.424453474316739,5.188359210667617,0.19193021363730473,0.2845209172455618,0.2104851576897997,0.21212121212121213
2025-09-27,5.0,5.0,0,4.41998159768933,3.6674643672542304,4.7591420870873105,4.855606578903701,4.657831240309846,0.13838403799604565,0.2859130814748313,0.21093845320501214,0.21212121212121213
2025-09-28,5.0,4.0,0,4.54754369976917,4.812286862241195,4.574924147445785,4.640066183427529,4.465727358480272,0.12066426652151638,0.21557614271412906,0.1870219164060532,0.19534883720930232
2025-09-29,5.0,1.0,0,5.023480220311278,4.825714239592067,5.106768353012423,5.188797723936119,4.989192310227114,0.1711270006595033,0.23957891794238947,0.1954562583207591,0.19534883720930232
2025-09-30,5.0,1.0,0,5.021126868465267,5.183754820579033,6.004128245958507,5.990526510283044,5.860502503412752,0.26644444188994043,0.25571607309780536,0.20095116368312624,0.19534883720930232
2025-10-01,5.0,6.0,0,4.145384418280755,4.738365857612255,5.705101375453933,5.663280074963228,5.600554188431887,0.23701366434474325,0.2670207132204151,0.20473066039871843,0.19534883720930232
2025-10-02,5.0,3.0,0,4.4770948315150845,4.403965354663464,5.4147453028604176,5.423519965250486,5.318068117538729,0.2058547769324676,0.3027433867919752,0.21637309667521765,0.21333333333333335
2025-10-03,5.0,3.0,0,4.0055030095615045,3.830405864314446,5.203291787611815,5.312559556910553,5.092148481743389,0.18178736839774332,0.27908558654581705,0.2087093566268714,0.19534883720930232
2025-10-04,5.0,2.0,0,4.722101280373464,4.537592209825065,6.263911269637484,6.2343765467889005,5.978429564773656,0.27996038118368965,0.33930031067678984,0.22794824364599528,0.21333333333333335
2025-10-05,5.0,4.0,0,5.108236572635442,5.552207237427959,5.131578674196998,5.185077559357427,4.9715468971989765,0.16932130372656148,0.27096971665904923,0.20603884250882487,0.19534883720930232
2025-10-06,5.0,3.0,0,4.819771428529246,4.609941835226998,5.341887492734704,5.409253525462483,5.249192907530663,0.19842688076144013,0.23956972018902178,0.19545308950582585,0.19534883720930232
2025-10-07,5.0,1.0,0,4.542017223607076,4.366359678509692,5.768522656844993,5.787762663576825,5.594868298703839,0.23637694900592113,0.2625454332394048,0.20324076055194834,0.19534883720930232
2025-10-08,5.0,6.0,0,4.56374720831525,5.457501900904413,5.741019593389334,5.738792373414666,5.627373214094622,0.24002148105089335,0.2820162689446882,0.20966806400131383,0.20589265250398794
2025-10-09,5.0,2.0,0,4.8737556639864295,4.927679053259991,5.8146457726232335,5.890266953937676,5.679635156062153,0.24590357627021542,0.26958546697880026,0.2055809604762008,0.19534883720930232
2025-10-10,5.0,1.0,0,4.817248187429834,4.920490683435232,5.596741269171395,5.651758145521868,5.478471514742912,0.22342280427527905,0.2957607133800687,0.21412804990903658,0.21212121212121213
2025-10-11,5.0,4.0,0,4.181163976032343,5.18676757454145,4.94210096257508,5.0823459904585775,4.857819608282443,0.15784283737220942,0.18440294219960524,0.17546594005984195,0.19047619047619047
2025-10-12,5.0,1.0,0,4.862202914789954,5.018250245702388,5.53632690945812,5.567105844853358,5.343683937519373,0.20863593529591037,0.2548017359358878,0.20064309287190593,0.19534883720930232
2025-10-13,5.0,6.0,0,5.387110589435157,5.499563481144182,5.992671772256069,5.9758278346411045,5.806805967103368,0.260319453564556,0.2604213707777693,0.20253077076807602,0.19534883720930232
2025-10-14,5.0,2.0,0,4.564416784907372,3.962907192579763,5.460439161884438,5.523340097001398,5.261273131676981,0.19972425423869064,0.2938215628489751,0.21350221617075973,0.21212121212121213
2025-10-15,5.0,3.0,0,5.051444086546289,3.9544204805483694,5.14606685576501,5.194987838773042,4.901709246182665,0.16223915188831883,0.2277339403588368,0.19133701540728698,0.19534883720930232
2025-10-16,5.0,7.0,0,4.41760215234604,3.3750126512337144,5.563184652299863,5.609885742157209,5.426675682824793,0.2177114369700219,0.17407101966209762,0.1714462702021895,0.19047619047619047
2025-10-17,5.0,8.0,1,4.838644660933027,4.917486848586278,5.619604935833358,5.631444550179201,5.433159208431535,0.21842443680328794,0.3213312798138572,0.22229169483229755,0.21333333333333335
2025-10-18,5.0,2.0,0,4.434897084487009,3.678346741017549,5.118682908988144,5.21916910434775,4.951491430701634,0.16727686002766576,0.2536413707917226,0.20025158914553318,0.19534883720930232
2025-10-19,5.0,8.0,1,4.16121282776086,4.3251329757529655,5.345842208473673,5.438044421544937,5.134893149856843,0.18627298571379772,0.27019346874398315,0.20578216418692424,0.19534883720930232
2025-10-20,5.0,1.0,0,5.24233426084488,5.028318690832997,5.29595431271038,5.334034548128968,5.233732268738689,0.19676992874216948,0.2747262890499179,0.20727786382651156,0.19534883720930232
2025-10-21,5.0,3.0,0,5.446809644859209,5.158667227603819,5.100178182214183,5.162530147631572,5.144032838326364,0.18723644814931514,0.2837356519203698,0.21022919862146905,0.21212121212121213
2025-10-22,5.0,9.0,1,4.4766157588714925,4.201870403081142,5.72171275967854,5.768451148588987,5.7268581177883,0.25124064573144517,0.2904320935829658,0.2124057148244319,0.21212121212121213
2025-10-23,5.0,1.0,0,4.979988345593771,5.1450780806870595,5.952173941916124,5.9807138407732925,5.947564515861006,0.2764152186576945,0.4044924692329937,0.24818370329229744,0.2185792349726776
2025-10-24,5.0,6.0,0,4.675045855110243,3.7392051166381246,5.66719669207063,5.732559184174555,5.6242446809014455,0.2396702251544985,0.32569702512734294,0.22367120829550796,0.21333333333333335
2025-10-25,5.0,2.0,0,4.742271545143785,4.825986667782826,5.937767625987978,5.944226010449512,5.912016798224295,0.27233862173041284,0.2924000537411164,0.21304276249060017,0.21212121212121213
2025-10-26,5.0,2.0,0,4.539861955126701,4.138786655301837,5.970813132332435,5.9345394007133265,5.965469168155174,0.2784711474274455,0.41537580885023295,0.2515497880983446,0.2185792349726776
2025-10-27,5.0,4.0,0,4.188014736759552,4.54811697976138,5.846089523983657,5.926248705833281,5.78890315154625,0.2582820088771026,0.3967584196888951,0.24579274738246484,0.2185792349726776
2025-10-28,5.0,2.0,0,4.925729325280812,4.3581933407332105,6.226562840206088,6.249719935974228,6.20570002785572,0.30618407331863107,0.48484549624924683,0.27325932618327287,0.25
2025-10-29,5.0,2.0,0,4.5468858851777485,3.9649973934879137,6.680324177247701,6.634511438231658,6.592236910333836,0.3509332855190265,0.43377343424471804,0.25725141395009826,0.2185792349726776
2025-10-30,5.0,3.0,0,5.522060458380839,4.2665840393265695,6.2070421711999835,6.222897251399698,6.137415428067212,0.2982876384027205,0.43832554992822126,0.258665684812227,0.2185792349726776
2025-10-31,5.0,7.0,0,5.393446754904007,4.437656875768832,6.140915832332579,6.2073627557671385,6.098669508050581,0.29381257822088824,0.4772430863519058,0.2708521174055265,0.25
2025-11-02,5.0,4.0,0,4.612109241282195,5.242501883161477,5.82569502113714,5.836262362584775,5.773790313388763,0.25656400525674294,0.3734362007069315,0.23857676814879142,0.2185792349726776
2025-11-03,5.0,6.0,0,4.291767534166799,3.875663934372861,5.270651293181648,5.321789130294822,5.2325676487934345,0.19664527288957478,0.2900015726284865,0.21226619812649614,0.21212121212121213
2025-11-04,5.0,3.0,0,5.001215844735354,4.6545670009508004,4.967308206077624,5.033264262432517,4.977427478938694,0.16992236150003712,0.31436470064981864,0.22008248168118366,0.21333333333333335
2025-11-05,5.0,3.0,0,4.837076444757297,4.70912683112163,5.52308924891984,5.516466603142963,5.536699756462885,0.2298835235397232,0.313110135392031,0.21968354501814186,0.21333333333333335
2025-11-06,5.0,6.0,0,4.480847541390782,4.753661791181398,5.214968519770796,5.2586637426044875,5.261561032988706,0.19975520253897228,0.32654778120454403,0.2239396193050847,0.21333333333333335
2025-11-07,5.0,10.0,1,4.987929964317992,5.053491188189649,5.083576635861469,5.164686308300616,5.088178330935298,0.18137246943873192,0.34282057444626085,0.22905038499503613,0.21333333333333335
2025-11-08,5.0,6.0,0,4.617090822682836,4.775309058658199,5.49643922751242,5.504984632493539,5.494911532544038,0.2252427356349109,0.2827165976091169,0.2098967384032547,0.21212121212121213
2025-11-09,5.0,3.0,0,5.1592218285653875,4.912411709653863,5.122191304615861,5.16170341127651,5.16518073384492,0.18947149935904778,0.3287224658658823,0.2246251329938943,0.21333333333333335
2025-11-10,5.0,1.0,0,5.432352882727696,4.525306838492497,5.059694896214883,5.132848534221775,5.070130075400012,0.17949011705329798,0.3211437010524364,0.22223234032028352,0.21333333333333335
2025-11-11,5.0,2.0,0,4.35485028377377,4.42663984977137,5.355144047109577,5.382786699232821,5.3352067549245366,0.20771446885640335,0.26757338069677156,0.20491410250861128,0.19534883720930232
2025-11-12,5.0,6.0,0,4.957043870711534,4.015873994334005,5.9836112954797285,5.960232236326711,6.031352327696989,0.2860498990924229,0.3786189878309228,0.2401820550890121,0.2185792349726776
2025-11-13,5.0,4.0,0,5.991851753420111,6.296850440029547,6.336941140167989,6.282621646431965,6.314895982946905,0.3188281599721148,0.4803828023198819,0.2718449930283573,0.25
2025-11-14,5.0,8.0,1,6.0480001043953475,7.002338571986247,6.18377269845513,6.129584826489897,6.185481319150822,0.303844873373635,0.46105846440566656,0.26575971231954865,0.25
2025-11-15,5.0,9.0,1,5.1621731506287425,6.182184677610998,6.243840076278274,6.2287875330661375,6.284353082445846,0.31529020769675753,0.48719192270416944,0.274004480655992,0.25
2025-11-16,5.0,5.0,0,5.395949810439464,5.516388901997089,5.988889727035991,5.989586689966467,6.017304670065966,0.2844322744907221,0.3267383837845894,0.22399973577687035,0.21333333333333335
2025-11-17,5.0,3.0,0,5.042022174716237,4.728185990475935,6.404472657281362,6.39546439362699,6.359326085568162,0.32397548844590635,0.4159563249108665,0.2517294326192268,0.2185792349726776
2025-11-18,5.0,4.0,0,5.773074174141477,5.762631319257225,6.149050681351712,6.209701856481177,6.076189639984166,0.29121843749694565,0.4315902351235109,0.25657371097403114,0.2185792349726776
2025-11-19,5.0,5.0,0,5.886862557726785,6.417419127997516,6.369907621402766,6.328874273101381,6.397872254975437,0.3284411210693367,0.560107099018093,0.29785822300826525,0.375
2025-11-20,5.0,5.0,0,6.163021140985525,6.419111909465601,5.668338068413777,5.767956011777725,5.61275644362848,0.23838124760117735,0.48377247312717986,0.2729189193563723,0.25
2025-11-21,5.0,4.0,0,6.569370853139686,7.186542140649872,6.305650589322046,6.414461807603476,6.357688515472183,0.32378576712922413,0.5416947386162958,0.2916828448728172,0.375
2025-11-22,5.0,5.0,0,5.1977151348885595,5.461891774853303,5.6552966616922875,5.675823679147406,5.522736722110163,0.2283305459367651,0.44624374623413343,0.2611301858541925,0.25
2025-11-24,5.0,6.0,0,5.049062325093471,5.167798240351979,4.830116172083178,4.8737704706007134,4.881228512797536,0.16018229797348907,0.25606414911193454,0.2010683448308499,0.19534883720930232
2025-11-25,5.0,3.0,0,4.9576675966528,4.964218757808171,4.770706525828194,4.851376047400519,4.808723135835314,0.1529768093643521,0.2719194369743374,0.20635257599716755,0.19534883720930232
2025-11-26,5.0,4.0,0,5.8959294967918545,5.77811268803207,4.708526451905669,4.777255339909362,4.684688733577668,0.14093990127271674,0.3426255409877985,0.2289893682068997,0.21333333333333335
2025-11-27,5.0,7.0,0,5.258504410291412,4.894198713546361,4.731428104142985,4.809859617481964,4.716740506843362,0.14401406621459584,0.3038293075571732,0.21672109092229142,0.21333333333333335
2025-11-28,5.0,4.0,0,6.073900006850563,5.832922925657984,5.4097713026455985,5.4923167840591045,5.430102150876231,0.2180881793427366,0.40702401612406447,0.24896643879296437,0.2185792349726776
2025-11-29,5.0,2.0,0,5.124408083877763,5.629484356735648,5.564096414226704,5.6312683694863015,5.469145948398799,0.22239195427512917,0.4617414835007649,0.26597382553783994,0.25
2025-11-30,5.0,9.0,1,5.170644533522004,5.666552207363048,5.663175974457785,5.729113629476532,5.6131650782094304,0.2384270728529537,0.3877544626524895,0.24300878315010788,0.2185792349726776
2025-12-01,5.0,5.0,0,5.176527643878692,5.680669120676643,5.151860579119763,5.196436805618883,5.095551408521272,0.18214322631116542,0.34040602522947394,0.22829461504696957,0.21333333333333335
2025-12-03,5.0,9.0,1,5.006899217634855,6.003973159999154,5.878450176911939,5.892795348994862,5.8182328855017555,0.26162115969655114,0.4145907662905263,0.25130687128603757,0.2185792349726776
2025-12-04,5.0,5.0,0,5.705942681752445,5.482870442734077,6.204831007223876,6.21037257556674,6.156128163081196,0.30045046335203346,0.4733639197160718,0.26962776596391186,0.25
2025-12-05,5.0,11.0,1,5.531423379998118,6.8599111120250855,6.204043858250739,6.24078725385431,6.083553314581529,0.29206799988096865,0.3368308512875357,0.2271740227873458,0.21333333333333335
2025-12-06,5.0,4.0,0,5.471685724724408,6.540378400194886,5.7197563328067345,5.7706665219410604,5.610059967468904,0.23807890204597262,0.34382526550908615,0.22936462389778112,0.21333333333333335
2025-12-07,5.0,5.0,0,4.174800089493401,4.49471564256841,5.021246448748704,5.062388372944124,4.965019357177355,0.16865496364850407,0.35347483940497804,0.23237626627859986,0.21333333333333335
2025-12-08,5.0,3.0,0,5.353901225728122,5.149038386098721,4.859689526523326,4.908867381518524,4.8838493111198655,0.16044498233636836,0.37476205828980524,0.23898756897392703,0.2185792349726776
2025-12-09,5.0,8.0,1,4.820713954467373,6.568150644944463,4.767710492946434,4.8823621737804075,4.728728277422779,0.14517045398602607,0.40104028460083446,0.24711643888358237,0.2185792349726776
2025-12-10,5.0,6.0,0,4.377856320669684,4.927666171993541,4.825271890807376,4.870111394116176,4.834308252361026,0.15550565000180064,0.3164453846983266,0.2207433607447395,0.21333333333333335
2025-12-11,5.0,1.0,0,5.143212340370567,6.476411851083732,4.945419213193947,5.013997518736469,4.954775019374935,0.16761100822477518,0.41668202098746643,0.2519540222751591,0.2185792349726776
2025-12-12,5.0,7.0,0,4.922151303122161,7.221839351062007,5.238607732907423,5.290045290962359,5.213304359132977,0.19458668692821018,0.45984644134300184,0.2653799242283187,0.25
2025-12-13,5.0,7.0,0,4.554899968428218,5.350943815327364,5.178873457746147,5.271825033940924,5.095559324288614,0.18214405434911202,0.41060981740955715,0.2500753533873931,0.2185792349726776
2025-12-14,5.0,6.0,0,5.66549967208787,5.814794778653765,5.714659264326177,5.784915910100493,5.673651280365862,0.24522874832120276,0.4512863572352411,0.2627030333542073,0.25
2025-12-15,5.0,1.0,0,5.956713305937136,6.803630227784846,6.181794515283082,6.218945113878827,6.016145850293937,0.28429887186795816,0.3933456000092466,0.24473765986864537,0.2185792349726776
2025-12-16,5.0,8.0,1,5.709701353841557,7.424343648716447,6.862298626708894,6.809815638470219,6.754048987042697,0.36958343876542993,0.5106032348311604,0.2815035634638468,0.3643897032818503
2025-12-17,5.0,3.0,0,4.757884830931052,5.128576198594897,6.623419910289897,6.604303970896418,6.527332154442521,0.34342983200735117,0.40981485392460343,0.24982948392281176,0.2185792349726776
2025-12-18,5.0,6.0,0,5.356923892688922,6.425905531830486,6.064450505158099,6.080503172504927,5.961079933191197,0.2779669907252511,0.4398961047011313,0.2591540417652418,0.25
2025-12-19,5.0,3.0,0,4.984944690286899,5.8866958248421,5.795500590154751,5.8267542225654925,5.757565617205517,0.2547216318091376,0.3862721374761323,0.24255030688544882,0.2185792349726776
2025-12-20,5.0,4.0,0,6.3240091558649745,6.702562601366855,6.2529269233360765,6.199933451813082,6.14056492408122,0.29865159228443633,0.39226031553486174,0.24440211376030618,0.2185792349726776
2025-12-21,5.0,6.0,0,4.903833236289422,5.679464151295665,5.494196710010363,5.510084901159457,5.526360502594814,0.22873336509145545,0.2957710195084298,0.2141313732416032,0.21212121212121213
2025-12-22,5.0,3.0,0,4.772411085267243,4.5649550746618255,5.158388635809221,5.233947427151174,5.167395649330854,0.18970604563102056,0.2624270236733558,0.20320123006444113,0.19534883720930232
2025-12-23,5.0,9.0,1,4.838769804370726,5.4718813460786775,5.525901093862433,5.570474126180288,5.466863721778381,0.2221398440968646,0.34179616877842817,0.2287298383718814,0.21333333333333335
2025-12-24,5.0,9.0,1,5.9814536291382385,6.18880269991667,6.056017325820518,6.053732437181631,6.022439115699147,0.2850234200152185,0.42871054806527975,0.2556803325520413,0.2185792349726776
2025-12-25,5.0,1.0,0,5.852052396483451,6.317965821377235,6.534041139719655,6.489450925381081,6.435368755949032,0.33278442974078365,0.41163033796546245,0.25039100873044157,0.2185792349726776
2025-12-26,5.0,10.0,1,5.982444110204942,6.856902694469944,6.222176690756967,6.262560011724468,6.1391066856857,0.29848307570825433,0.4336959520687939,0.25722735594569296,0.2185792349726776
2025-12-27,5.0,5.0,0,5.5269344938434655,5.673291006747812,6.042562378012141,6.038622370357632,5.906245752498471,0.271677489928792,0.4068703961891713,0.24891893763649683,0.2185792349726776
2025-12-28,5.0,8.0,1,4.90270942629212,5.344734837939092,5.854222462498046,5.875506452829917,5.69487995367288,0.24762431038117733,0.3642519770083944,0.2357280024916139,0.2185792349726776
2025-12-29,5.0,6.0,0,5.061453402323361,5.892114195070355,6.093727057858526,6.072138225529182,5.9503531106132685,0.2767353112313861,0.5318878855949744,0.28844105277391885,0.375
2025-12-30,5.0,3.0,0,6.299168265109442,10.453468695828034,6.691742231263817,6.6134187803254525,6.599847830340733,0.3518124654723622,0.6380694309899264,0.32571254656658866,0.375
2025-12-31,5.0,1.0,0,6.096199230997648,11.515439789571566,6.5020295931928835,6.484146549999982,6.369177386007405,0.3251168103643891,0.6033127091660961,0.3129000685936794,0.375
2026-01-01,5.0,9.0,1,5.290600281876571,5.75095028894865,6.120328123095151,6.15866356395534,6.023788792482137,0.2851788318710256,0.5186489460013335,0.28411119007293956,0.375
2026-01-02,5.0,3.0,0,4.958934162796371,5.512748541187039,5.519229903441223,5.555190267979532,5.4787899533041,0.22345802387179212,0.4096624551870665,0.24978235125468984,0.2185792349726776
2026-01-04,5.0,7.0,0,4.827289544818577,4.759785487249765,4.797665670410871,4.892310415937415,4.796238255736612,0.15174836231306313,0.3466976931793175,0.23026230378377097,0.21333333333333335
2026-01-05,5.0,6.0,0,5.106810452074743,5.6276088002294715,5.026794177320694,5.127440683422502,4.957430510236262,0.16788140568278367,0.4024218730457938,0.24754355311705223,0.2185792349726776
2026-01-06,5.0,3.0,0,5.819022009064025,5.2964023612774245,4.883449138290635,5.001519181993757,4.871065942205528,0.1591651481831307,0.394813917716482,0.24519160880128485,0.2185792349726776
2026-01-07,5.0,1.0,0,6.575926613963061,5.127786836150735,5.675854884443701,5.780480180699668,5.581635843961442,0.23489650124404096,0.5033964330358534,0.2791817685167698,0.25
2026-01-08,5.0,5.0,0,4.33737105713606,3.481978236262573,5.456066379626656,5.513971935772588,5.396733484068397,0.21442602515447498,0.3621940536688249,0.23508880332316598,0.2185792349726776
2026-01-09,5.0,6.0,0,5.228601304451649,3.656937786682934,5.748731199012819,5.788607465587823,5.712248770587555,0.2495873795501479,0.4357330362961623,0.2578600225244528,0.2185792349726776
2026-01-10,5.0,2.0,0,6.333423504616837,7.854081250215378,6.20518617848301,6.2124622300655465,6.111174539997336,0.29525637343832034,0.5890877047859995,0.30785185019024564,0.375
2026-01-11,5.0,4.0,0,6.165178062371424,5.712363769460176,6.2371384999529145,6.2918592678373715,6.094112742216727,0.293286594468402,0.6296122641045078,0.3225263148106892,0.375
2026-01-12,5.0,3.0,0,6.80134678673029,8.269417730080194,6.1511264021360565,6.225863987172186,6.018053499643569,0.28451848245933514,0.663995800030391,0.3357977876471574,0.375
2026-01-13,5.0,2.0,0,7.828897571495505,10.332056590869065,6.790699900978091,6.74477608503978,6.7024723279136005,0.3636493296952334,0.7092907460647158,0.35481404314959863,0.375
2026-01-14,5.0,4.0,0,6.4557535782846385,7.650082336250101,6.284499795199451,6.304255396941767,6.088481131653105,0.2926366392248812,0.6286498908365359,0.32216670763370964,0.375
2026-01-15,5.0,9.0,1,7.448250329529449,7.960423128304836,5.9344625082308085,6.061717264463832,5.778560810046331,0.25710611393936644,0.6649912728618865,0.3361953989480987,0.375
2026-01-16,5.0,6.0,0,7.2638696621408885,9.877484480419222,6.852895436555294,6.807622533476934,6.746151099802369,0.36867548371557185,0.6904939760654101,0.3466784240490781,0.375
2026-01-17,5.0,11.0,1,7.081890400422684,10.117833882096118,6.7980528664324655,6.827444361052098,6.575476819721941,0.3489966818669364,0.6530199831479234,0.33146650840655295,0.375
2026-01-18,5.0,10.0,1,9.994000250969167,13.172295758596535,7.450005728578476,7.476155836439292,7.475793364025703,0.4508225574598208,0.6695208437862196,0.33801503390949283,0.375
2026-01-19,5.0,6.0,0,8.5784530949556,10.233092819643316,6.520284802744855,6.512391716781266,6.3956428762048665,0.32818285810065917,0.5823723212034043,0.3055031444896324,0.375
2026-01-20,5.0,6.0,0,6.2037157825991445,6.940836787426249,5.468535881208909,5.490279818486828,5.505589889924911,0.22642662619957138,0.43991158121698376,0.25915885522062015,0.25
2026-01-21,5.0,15.0,1,4.74467621642141,4.7932584371064735,5.935158870874285,5.930172134351852,6.05817705055697,0.2891411258805584,0.30216194287260467,0.21618664362496215,0.21333333333333335
2026-01-22,5.0,7.0,0,5.784010787728065,7.292670144978425,6.4344121971452655,6.417948376241124,6.531941459686963,0.34396301662567813,0.4807253076451486,0.27195341061895906,0.25
2026-01-23,5.0,4.0,0,4.796252504422129,5.347704205248506,6.014156138120327,6.002208210319778,6.049126210257751,0.28809780120868206,0.45531055745837,0.2639603293586188,0.25
2026-01-24,5.0,2.0,0,4.823997805925057,4.399391742611484,5.856689917101005,5.881263056744688,5.932958566197675,0.27473935009456724,0.3337766716929629,0.22621519090129635,0.21333333333333335
2026-01-26,5.0,3.0,0,4.31682602184871,4.411078042139384,5.8848753167179515,5.907012617428051,5.872312725882562,0.2677942557263786,0.37194895249490223,0.23811583900390773,0.2185792349726776
2026-01-27,5.0,3.0,0,5.198548035850464,7.299433705930575,5.699330455879963,5.726686096846529,5.705270408807349,0.24879834010251187,0.4718783303988116,0.2691595464283203,0.25
2026-01-28,5.0,5.0,0,4.481995921907787,4.635257908993049,5.960970330911669,5.976606153205835,6.030882159534701,0.2859957442624345,0.344367897534857,0.22953428760886563,0.21333333333333335
2026-01-29,5.0,5.0,0,6.472807686902442,7.43042975312807,6.04278333118333,6.065633188338754,6.016758842970385,0.28436943846704965,0.5074883634123967,0.2804984962713887,0.25
2026-01-30,5.0,7.0,0,6.272222912734961,4.660239227142108,6.456782519645723,6.325202450805959,6.623761052601777,0.35457373107505824,0.4638549005804429,0.2666367550370768,0.25
2026-01-31,5.0,8.0,1,5.085647575594131,4.886181791706234,6.011353233143801,6.006545929327677,6.08437050248504,0.29216229240094244,0.4188321421528379,0.25261957216760034,0.2185792349726776
2026-02-01,5.0,11.0,1,6.355726116473243,5.292384789176705,5.596191486822492,5.601947611566754,5.629617805692784,0.24027355395583339,0.4123563036789681,0.25061557394549616,0.2185792349726776
2026-02-02,5.0,7.0,0,5.344039354286015,5.821225461934567,5.538843108385704,5.619529928053758,5.615209622462292,0.2386563789975512,0.3935403874943203,0.24479788225229346,0.2185792349726776
2026-02-03,5.0,1.0,0,6.769212284774053,6.610787974859809,6.148933069317861,6.091326134360894,6.184893094174448,0.3037768314619096,0.4511970733475274,0.26267515988389084,0.25
2026-02-04,5.0,2.0,0,5.866187601695211,4.760317119258018,5.59338699575936,5.605315973296811,5.527233781608625,0.2288304618788157,0.32227220060780853,0.2225893211084622,0.21333333333333335
2026-02-05,5.0,1.0,0,6.147341283140271,5.2602869230164435,5.27031097152517,5.3655613779179765,5.267122334495465,0.2003532821061642,0.3570530540063732,0.23349034452606993,0.21333333333333335
2026-02-06,5.0,8.0,1,5.041136635009742,3.7470560659631937,6.217537142932381,6.244352638657444,6.25342175710112,0.31170810661164533,0.3916406036660279,0.2442105048150346,0.2185792349726776
2026-02-07,5.0,5.0,0,5.321282145694422,4.660454185044235,6.180507898526751,6.157670427993716,6.065948993706212,0.29003728029891673,0.4691549499309881,0.2683021292745801,0.25
2026-02-08,5.0,8.0,1,6.528664056617681,6.247652465761294,5.874460391149079,5.9066020860724375,5.800611944306005,0.2596142626739252,0.42276346263547,0.25383702553184123,0.2185792349726776
2026-02-09,5.0,6.0,0,5.256744807913661,4.359955795404579,5.692231111695347,5.708767301095961,5.665526307802324,0.24431300342116924,0.33920667648834124,0.22791890407273963,0.21333333333333335
2026-02-10,5.0,8.0,1,5.58045486812121,6.36389895301953,5.698685897761591,5.742846890627107,5.62562823809302,0.2398255516271395,0.44361719105383246,0.2603120077675718,0.25
2026-02-11,5.0,5.0,0,4.5266711515128195,3.6168104010704427,5.370801930951465,5.45731569517351,5.265870382835351,0.2002186001774061,0.39033841753408205,0.24380786039332572,0.2185792349726776
2026-02-12,5.0,5.0,0,5.759216761717619,6.494501306047811,5.80696097911084,5.814758784734852,5.685292747034799,0.24654191684653748,0.4634732244244887,0.26651698522846334,0.25
2026-02-13,5.0,8.0,1,4.88201241162798,4.930299562817715,5.907287264469248,5.92698564745252,5.750613647001691,0.2539328672161784,0.4649171977625381,0.2669702141387246,0.25
2026-02-14,5.0,2.0,0,5.583397853975822,4.569644396347438,5.608590832126638,5.678580732179198,5.447808535192668,0.2200374852104122,0.5129407841077954,0.28225942183243347,0.375
2026-02-15,5.0,5.0,0,5.160528665245564,4.828914230299072,5.726535638346416,5.788337433512205,5.624677430702669,0.2397188061510774,0.49417380447454273,0.2762282455375687,0.25
2026-02-16,5.0,2.0,0,5.131748419060743,5.297402148207149,5.701146797540584,5.69306716604334,5.596977428150109,0.23661309259892482,0.4462109641943614,0.2611199697957144,0.25
2026-02-17,5.0,5.0,0,6.4179773601491945,5.736588903549101,5.739807299468598,5.762106660322271,5.612939636545643,0.238401791074555,0.40456109612204666,0.24820492096805957,0.2185792349726776
2026-02-18,5.0,3.0,0,5.863780301082994,5.463015764952352,5.608799751694223,5.66935413228626,5.494811366556436,0.22523163700819154,0.44034797657892505,0.25929459048089804,0.25
2026-02-19,5.0,3.0,0,5.9701920916530575,4.863306535277821,5.966271554275804,5.957264373147496,5.824172690399967,0.26229817475958384,0.45059050777993176,0.2624858209875353,0.25
2026-02-20,5.0,7.0,0,4.911886051132648,4.338574140087506,5.219731562332301,5.289525055736395,5.079164692308823,0.18043161113137907,0.32133145897583554,0.22229175152021988,0.21333333333333335
2026-02-21,5.0,11.0,1,5.875535825661666,4.707173607646266,5.070331397860706,5.160899087731931,4.954298751720388,0.16756252762437976,0.33433916215770276,0.22639189007988494,0.21333333333333335
2026-02-22,5.0,4.0,0,5.995447488636301,6.566532019144444,5.689638245851023,5.725153094904625,5.579176702323564,0.23462158172969166,0.3658437868191754,0.23622218802271386,0.2185792349726776
2026-02-23,5.0,9.0,1,5.7575612467678665,5.4516160539410325,6.257406820095677,6.248958913166453,6.1546041904258955,0.30027428753522384,0.4863610078296759,0.27374048465816664,0.25
2026-02-24,5.0,1.0,0,5.117129076106071,5.607947620743484,5.672637981692836,5.7476009068293115,5.498902752119996,0.22568507223743853,0.4060672253596259,0.24867059421542476,0.2185792349726776
2026-02-25,5.0,5.0,0,4.484242716905295,4.1925005632513574,5.155819605459083,5.250288647762518,4.989855046563191,0.17119494521511344,0.4305505888061311,0.25625110993370936,0.2185792349726776
2026-02-26,5.0,9.0,1,5.414476010577336,4.8514454570384995,5.424019515679502,5.550588254532993,5.28767270375781,0.20256759464718999,0.4591439405722527,0.2651598862147941,0.25
2026-02-27,5.0,6.0,0,5.062514924275437,5.311257148563863,5.246250361659579,5.326243704403892,5.134679033862355,0.18625043274347375,0.3825842511510409,0.24140937159968354,0.2185792349726776
2026-02-28,5.0,7.0,0,6.364880393884958,6.515381111649426,5.042107637633703,5.106500835939254,4.924989189672095,0.16458831055851122,0.3494228988733444,0.23111301329253112,0.21333333333333335
2026-03-01,5.0,4.0,0,6.544608114679512,6.689203284839113,5.480376652582459,5.532632583103708,5.348896961757567,0.20920311480458786,0.35815563265376177,0.2338333714740062,0.21333333333333335
2026-03-02,5.0,2.0,0,5.623400968152242,5.66015733373176,5.338752452955579,5.3663887161416035,5.237474208975626,0.19717060123053665,0.33948668683290933,0.22800663942251678,0.21333333333333335
2026-03-03,5.0,2.0,0,5.1890849814671265,4.478380932812575,5.22321249764812,5.294048182203586,5.136231661792226,0.18641399084996194,0.29764600046012035,0.2147354935368315,0.21212121212121213
2026-03-04,5.0,5.0,0,5.270061063721004,5.708278812364067,6.15078938258184,6.178938410720444,5.966012888524859,0.278533607229003,0.4011406599498189,0.24714746924593747,0.2185792349726776
2026-03-05,5.0,8.0,1,6.134371588099529,5.05918425279243,5.693828516859852,5.738440765350599,5.520193408170976,0.2280479241520186,0.3542493055860126,0.23261751008565135,0.21333333333333335
2026-03-06,5.0,6.0,0,4.329183664483089,3.7720514272946706,5.022802146337715,5.032016352261095,4.920576814216321,0.16414215660267695,0.23718660367001732,0.19463054696311496,0.19534883720930232
2026-03-07,5.0,7.0,0,5.293695183724,5.127873318659464,4.806804133490401,4.880359044933325,4.787731393943955,0.15091344355136035,0.2678537063821483,0.20500710320269652,0.19534883720930232
2026-03-08,5.0,3.0,0,4.345707124116375,5.184709262579617,5.608673738023324,5.671749050037487,5.557579362079852,0.23220997897298545,0.4012454252395821,0.24717985678594873,0.2185792349726776
2026-03-09,5.0,11.0,1,5.690151110282325,5.62727304912796,5.38765030292375,5.434765082124736,5.316940161202401,0.20573253883583273,0.36927292116131455,0.23728612815204286,0.2185792349726776
2026-03-10,5.0,5.0,0,5.929203051867052,6.084555821850031,5.227570913966445,5.285055091358753,5.13277571217945,0.18604999127491295,0.404749739076749,0.24826324485369192,0.2185792349726776
2026-03-11,5.0,4.0,0,5.408522208750623,5.186269693538118,5.533543074807821,5.595851919648323,5.427852306964513,0.21784078988430816,0.39406085761208004,0.24495879365752368,0.2185792349726776
2026-03-12,5.0,2.0,0,5.18909597590104,5.4278047888439485,5.788758251661228,5.869732943403443,5.573629188548306,0.23400164141833624,0.4261142091646887,0.254875332152991,0.2185792349726776
2026-03-13,5.0,7.0,0,6.697292341728585,5.534475184839005,6.551131257102492,6.562992986051809,6.452895902182309,0.3348142185875632,0.5210465510426937,0.284891616404887,0.375
2026-03-14,5.0,1.0,0,4.8531540042069965,4.7396211554080585,6.259938258669434,6.239968034767466,6.124143931963752,0.29675430138953335,0.4343234916110212,0.25742221870251525,0.2185792349726776
2026-03-15,5.0,15.0,1,6.963751667086641,7.142594692302795,7.6362328422576535,7.345468652396697,7.41487509646859,0.44413488339466767,0.4527145375221761,0.2631490226423885,0.25
2026-03-16,5.0,5.0,0,6.108130131648582,6.350865254100267,6.153509137282478,6.116038920725315,6.234321060387566,0.3094966762067385,0.3667748193393558,0.23651114047701124,0.2185792349726776
2026-03-18,5.0,3.0,0,5.016969273305216,5.470373409447494,5.790299824946319,5.798198158444937,5.908070426187492,0.2718865033049291,0.4465149004710957,0.2612146915616109,0.25
2026-03-19,5.0,3.0,0,5.845920407594615,5.979380813544429,6.191625075328172,6.133649190850322,6.118912736430356,0.2961500514003879,0.3541884334644477,0.23259855093283827,0.21333333333333335
2026-03-20,5.0,1.0,0,5.791676970576083,6.268663305711338,5.612396161563618,5.669968847300833,5.572872220202688,0.23391707570518233,0.49609514719689,0.2768419929596543,0.25
2026-03-22,5.0,8.0,1,5.180466543627521,5.765931414968857,5.772859947165176,5.79615006872757,5.702773802607159,0.24851615635795485,0.44847323998117367,0.26182524457728024,0.25
2026-03-23,5.0,4.0,0,5.732795142920667,6.254854568911549,5.784734637655066,5.769682029262112,5.794405339584548,0.25890793013643576,0.3509409849205969,0.23158651839451233,0.21333333333333335
2026-03-24,5.0,7.0,0,4.706800663455573,4.862021637554015,5.968214160904073,6.028805905018841,5.848997627668997,0.26513042140785914,0.3245886905895656,0.22332133205760246,0.21333333333333335
2026-03-25,5.0,6.0,0,5.568106042105016,4.826867428028663,6.5162117968001825,6.4325392975996625,6.603942650376843,0.3522854138066185,0.33312394919997135,0.22601008263219918,0.21333333333333335
2026-03-26,5.0,2.0,0,5.180946556876908,4.759776072792593,5.948364479201692,5.846252306320504,5.952619500041967,0.27699549256827627,0.3078440133362845,0.21800509944493168,0.21333333333333335
2026-03-27,5.0,3.0,0,5.623043910497886,5.065065478510971,5.567668243782922,5.536016754784097,5.6057545759281115,0.23759631281605292,0.3056480723043989,0.21730326964163854,0.21333333333333335
2026-03-28,5.0,2.0,0,5.232602353754393,5.166695500817133,5.353614476672098,5.301569135225775,5.418533474389182,0.21681682696008936,0.2887646884678685,0.21186505753723217,0.21212121212121213
2026-03-29,5.0,2.0,0,5.130739048215874,5.02659180258507,5.732701455900697,5.70553163718672,5.858601590194955,0.2662272690550593,0.29980684858807755,0.215430533337051,0.21212121212121213
2026-03-30,5.0,2.0,0,5.93154847132247,6.0239122409714785,5.108407309117965,5.14261402815433,5.1770625436423865,0.19073072058204113,0.3729285298403666,0.23841944542337912,0.2185792349726776
2026-03-31,5.0,1.0,0,5.161653628076795,6.171808137628953,5.328683265999842,5.352348786433632,5.341206630583404,0.20836654317976616,0.37673776678790355,0.2395995382460726,0.2185792349726776
2026-04-01,5.0,5.0,0,5.0110066602196675,6.121723571582342,5.853042269371407,5.882767634383405,5.8405588210954775,0.2641671640502781,0.39670128756514067,0.24577508543944157,0.2185792349726776
2026-04-02,5.0,8.0,1,4.107167379145781,4.577554132195726,5.896507553335987,5.906828262344279,5.852856272017166,0.26557103367813145,0.3561047654797404,0.233195223006742,0.21333333333333335
2026-04-03,5.0,3.0,0,4.40504852565197,5.47846752080757,6.547899876328135,6.427046229611035,6.622256911956688,0.3544000979052337,0.4257812043258697,0.2547721137177189,0.2185792349726776
2026-04-04,5.0,3.0,0,5.2550551111775246,5.2794272321395175,5.631741959598906,5.688327916325108,5.538979370725078,0.230137279902522,0.4036627943686629,0.24792719365322533,0.2185792349726776
2026-04-05,5.0,5.0,0,4.560520241228388,4.019783903943763,5.207338956643921,5.293566341174625,5.151850043644686,0.1880616936141487,0.25156996626722555,0.19955118540025668,0.19534883720930232
2026-04-06,5.0,3.0,0,4.214767315794996,5.438887173119375,5.88880402187791,5.889418150504837,5.896883901650323,0.2706054217213801,0.36543260428759644,0.23609455344537864,0.2185792349726776
2026-04-07,5.0,3.0,0,4.775558501169309,5.777120801119008,5.897674677035921,5.9077374765958,5.891702542726257,0.2700123113589069,0.4135996061945597,0.2510002061928467,0.2185792349726776
2026-04-08,5.0,10.0,1,4.7330687499102515,5.312426574427327,5.564116595970569,5.614454808893611,5.509012301936455,0.22680635609883965,0.3398191271264748,0.22811078781903898,0.21333333333333335
2026-04-09,5.0,2.0,0,5.014159747756489,5.184057500139206,5.219601264879272,5.219373608869535,5.308147036743263,0.20478027927585396,0.3202822235798829,0.221959658267257,0.21333333333333335
2026-04-10,5.0,4.0,0,4.220676548537104,4.608113488761227,4.779105111349124,4.858124138200935,4.857338709198051,0.1577949064282692,0.31645246877835026,0.2207456092514391,0.21333333333333335
2026-04-11,5.0,1.0,0,4.249494584748882,4.257130355920031,4.907247286357401,4.9741436442991995,4.92887178439616,0.1649812438756054,0.24788648728000903,0.19830076330393254,0.19534883720930232
2026-04-12,5.0,5.0,0,4.617061639377611,3.9825687312371167,5.207610106238021,5.235120241071782,5.265851891464882,0.20021661110825834,0.23934217138799657,0.1953746801111177,0.19534883720930232
2026-04-13,5.0,11.0,1,5.0581420926268175,5.38702554528015,5.260758020715121,5.315094520510781,5.266582125828892,0.200295164693978,0.3581145478243248,0.23382059155698787,0.21333333333333335
2026-04-14,5.0,2.0,0,4.943640743977294,4.496817616040803,5.19102071728252,5.263566264215924,5.205275394615261,0.19373050512845533,0.27478201599307017,0.20729620551797606,0.19534883720930232
2026-04-15,5.0,12.0,1,5.126160215049092,5.189406339926859,5.632940655670567,5.58114300228931,5.647343909784896,0.24226602117146703,0.40903110175009205,0.24958709723457398,0.2185792349726776
2026-04-16,5.0,5.0,0,4.785121233845979,4.0778637513500176,5.093437337700152,5.133429013141357,4.968970822169667,0.169058228248934,0.2587543933670136,0.2019722413596833,0.19534883720930232
2026-04-17,5.0,1.0,0,5.501209610726512,5.18103122351433,5.237112953015469,5.298795613729484,5.116003435672702,0.1842865389461106,0.22947401087753344,0.19194713810005234,0.19534883720930232
