FECHA_DIA;WX2_APPARENT_TEMP_MEAN;WX2_RAIN_SUM;WX2_SHOWERS_SUM;WX2_SHOWERS_MAX;WX2_SHOWER_HOURS;WX2_WEATHER_CODE_MAX;WX2_STORM_HOURS;WX2_THUNDER_HOURS;WX2_SURFACE_PRESSURE_MEAN;WX2_CLOUD_MEAN;WX2_CLOUD_MAX;WX2_CLOUD_LOW_MEAN;WX2_CLOUD_MID_MEAN;WX2_CLOUD_HIGH_MEAN;WX2_CLOUDLESS_HOURS;WX2_WIND_DIR_SIN;WX2_WIND_DIR_COS;WX2_SHORTWAVE_SUM;WX2_SHORTWAVE_MAX;WX2_DIRECT_RADIATION_SUM;WX2_SUNSHINE_SECONDS;WX2_FREEZING_LEVEL_MEAN;WX2_FREEZING_LEVEL_MIN;WX2_WET_BULB_MEAN;WX2_WET_BULB_MAX;WX2_BOUNDARY_LAYER_MEAN;WX2_BOUNDARY_LAYER_MAX;WX2_APPARENT_TEMP_RANGE;WX2_SURFACE_PRESSURE_RANGE;WX2_WIND_DIR_CONCENTRATION
2022-02-03;16.108333333333334;0.0;0.0;0.0;0.0;3;0.0;0.0;1014.3416666666667;65.0;100;42.041666666666664;0.125;24.458333333333332;6.0;-0.46298936670948293;-0.1738651859907986;7631.0;980.0;5858.0;46594.87;3688.75;3420.0;14.541666666666666;16.1;;;8.6;2.3999999999999773;0.4945586482770906
2022-02-04;15.637500000000001;0.0;0.0;0.0;0.0;3;0.0;0.0;1016.8083333333334;31.375;100;26.333333333333332;0.041666666666666664;4.958333333333333;14.0;-0.5958149258531605;-0.7805244301055915;7821.0;953.0;6481.0;47643.36;3519.1666666666665;3380.0;14.983333333333334;17.1;;;10.299999999999999;3.599999999999909;0.9819438944568398
2022-02-05;15.920833333333334;0.0;0.0;0.0;0.0;0;0.0;0.0;1016.3833333333333;0.0;0;0.0;0.0;0.0;24.0;-0.5466309642379484;-0.8179690990477896;8296.0;1019.0;7280.0;49038.13;3967.9166666666665;3550.0;14.504166666666668;16.0;;;8.200000000000001;5.7000000000000455;0.9838083441711408
2022-02-06;17.604166666666668;0.0;0.0;0.0;0.0;0;0.0;0.0;1012.2833333333333;0.0;0;0.0;0.0;0.0;24.0;-0.6203731506039206;-0.7306488114470304;8325.0;1022.0;7350.0;48915.53;4444.166666666667;4360.0;15.108333333333334;17.2;;;11.200000000000001;2.5;0.9584938871266697
2022-02-07;15.670833333333334;0.0;0.0;0.0;0.0;3;0.0;0.0;1014.2041666666668;40.833333333333336;100;40.833333333333336;0.0;0.0;13.0;-0.7096385559948186;-0.5772253473423561;7693.0;986.0;6014.0;48755.69;4375.416666666667;4290.0;14.458333333333334;16.6;;;9.399999999999999;3.7000000000000455;0.914754601939184
2022-02-08;16.45;0.0;0.0;0.0;0.0;3;0.0;0.0;1014.3375;29.333333333333332;98;0.875;0.0;29.166666666666668;14.0;-0.5335635873196108;-0.8320715930232788;8078.0;995.0;7037.0;48667.99;4519.166666666667;4460.0;15.325000000000001;17.7;;;11.0;3.599999999999909;0.9884499166015792
2022-02-09;15.133333333333333;0.0;0.0;0.0;0.0;1;0.0;0.0;1011.8249999999999;4.5;22;4.791666666666667;0.0;0.2916666666666667;23.0;-0.6283410783134072;-0.7458996923802029;8066.0;1001.0;7067.0;48543.3;4587.916666666667;4190.0;13.670833333333334;15.3;;;9.500000000000002;3.199999999999932;0.9752839903274003
2022-02-10;14.804166666666667;0.0;0.0;0.0;0.0;3;0.0;0.0;1013.4583333333334;73.79166666666667;100;0.0;0.041666666666666664;70.875;5.0;-0.4809605321788193;-0.8634286939035482;7595.0;996.0;5860.0;42822.03;3836.6666666666665;3590.0;13.4;15.0;;;7.5;5.2000000000000455;0.9883481891366626
2022-02-11;13.183333333333332;0.0;0.0;0.0;0.0;0;0.0;0.0;1015.5583333333334;0.0;0;0.0;0.0;0.0;24.0;-0.3631777581880331;-0.8602979908657211;8200.0;1017.0;7228.0;48292.73;3826.6666666666665;3590.0;10.941666666666668;13.6;;;10.299999999999999;5.0;0.9338151407693505
2022-02-12;17.154166666666665;0.0;0.0;0.0;0.0;3;0.0;0.0;1010.6125000000001;29.833333333333332;100;0.25;0.0;29.625;15.0;-0.22479488972770367;-0.21543959360494902;8177.0;1025.0;7157.0;47424.92;4226.666666666667;4020.0;13.529166666666667;17.2;;;13.599999999999998;4.2999999999999545;0.3113630693263991
2022-02-13;13.320833333333333;0.2;0.0;0.0;0.0;51;0.0;0.0;1012.8583333333332;88.41666666666667;100;71.125;0.0;19.916666666666668;1.0;0.08013776128849733;0.964211648351548;6317.0;884.0;3720.0;41180.0;4087.0833333333335;3900.0;13.416666666666666;15.2;;;6.399999999999999;5.199999999999932;0.9675361303853937
2022-02-14;14.579166666666666;0.0;0.0;0.0;0.0;3;0.0;0.0;1015.3249999999999;75.70833333333333;100;75.70833333333333;0.0;5.0;2.0;-0.44117801943468454;0.3995144657126917;7394.0;968.0;5681.0;44608.41;3915.0;3770.0;12.920833333333334;14.2;;;7.599999999999998;1.6000000000000227;0.5951889222305876
2022-02-15;12.645833333333334;0.2;0.0;0.0;0.0;51;0.0;0.0;1016.3041666666667;66.08333333333333;100;66.33333333333333;0.0;0.0;8.0;-0.7725834757803343;0.2968635977475556;5878.0;845.0;3611.0;35122.08;3920.0;3760.0;11.979166666666666;12.6;;;4.600000000000001;3.3999999999999773;0.8276552559589317
2022-02-16;15.525;0.0;0.0;0.0;0.0;0;0.0;0.0;1017.2208333333333;0.20833333333333334;1;0.16666666666666666;0.0;0.0;24.0;-0.510544776737633;-0.7975909221164197;7794.0;985.0;6814.0;46930.27;4152.5;3960.0;13.645833333333334;16.4;;;11.799999999999999;3.7000000000000455;0.9469990750241524
2022-02-17;14.299999999999999;0.0;0.0;0.0;0.0;2;0.0;0.0;1013.9166666666666;4.75;51;4.666666666666667;0.0;0.0;22.0;-0.6119390567317625;-0.7739360671041138;7872.0;991.0;6910.0;46886.22;4281.666666666667;4130.0;13.104166666666666;14.5;;;10.100000000000001;2.7000000000000455;0.9866338961936908
2022-02-18;12.641666666666666;0.0;0.0;0.0;0.0;1;0.0;0.0;1013.8375;4.791666666666667;31;5.458333333333333;0.0;0.0;21.0;-0.5931011699489315;-0.7908649924614197;7782.0;983.0;6803.0;46546.97;3928.3333333333335;3500.0;12.320833333333333;14.0;;;8.7;2.7999999999999545;0.988552696671145
2022-02-19;14.549999999999999;0.0;0.0;0.0;0.0;3;0.0;0.0;1016.9666666666667;11.291666666666666;100;9.541666666666666;0.875;0.625;21.0;-0.6225061698861821;-0.750631735488012;7475.0;957.0;6382.0;46207.46;3549.1666666666665;3280.0;14.266666666666666;15.9;;;7.699999999999999;1.8999999999999773;0.9751727712913795
2022-02-20;13.674999999999999;0.0;0.0;0.0;0.0;3;0.0;0.0;1015.3249999999999;16.5;100;13.666666666666666;0.375;0.9583333333333334;19.0;-0.6196718163267012;-0.743087651889114;7249.0;945.0;6132.0;45867.78;3341.6666666666665;3130.0;13.058333333333332;14.4;;;7.000000000000002;2.7000000000000455;0.9675600334551391
2022-02-21;14.529166666666667;0.0;0.0;0.0;0.0;3;0.0;0.0;1012.0375;61.291666666666664;100;14.333333333333334;0.041666666666666664;55.25;6.0;-0.16582051685452912;0.06427490362812703;6621.0;821.0;4233.0;45403.65;3313.75;3210.0;13.004166666666668;14.6;;;7.6;2.1000000000000227;0.17784180342739497
2022-02-22;14.829166666666666;0.2;0.0;0.0;0.0;51;0.0;0.0;1013.6333333333333;65.95833333333333;100;45.375;0.375;21.125;7.0;0.34473111832291287;0.8786217028037112;6888.0;928.0;5450.0;38771.66;3057.0833333333335;2960.0;13.9125;15.3;;;5.300000000000001;2.5;0.9438303028499664
2022-02-23;13.549999999999999;0.8;3.3;0.8;5.0;51;0.0;0.0;1013.7166666666667;73.66666666666667;100;54.958333333333336;7.666666666666667;31.666666666666668;0.0;0.2496383305549116;0.9396790473514697;5935.0;856.0;3802.0;34847.27;2715.8333333333335;2550.0;13.708333333333334;14.7;;;3.5999999999999996;5.400000000000091;0.9722736282104996
2022-02-24;14.4625;5.0;0.9;0.4;1.0;53;0.0;0.0;1016.5708333333333;45.916666666666664;100;40.125;18.75;1.25;7.0;0.011463334198730071;0.8771728022381101;6228.0;883.0;4607.0;39528.03;2955.0;2670.0;14.383333333333333;15.9;;;7.6;1.8999999999999773;0.8772477033410863
2022-02-25;15.820833333333333;0.0;0.0;0.0;0.0;3;0.0;0.0;1016.5083333333333;63.916666666666664;100;63.041666666666664;0.041666666666666664;11.666666666666666;3.0;0.030876410017431632;0.23785440004677458;6468.0;932.0;4746.0;40505.87;3712.5;3440.0;14.329166666666666;15.9;;;7.799999999999999;2.3999999999999773;0.2398500955121253
2022-02-26;16.587500000000002;2.7;0.30000000000000004;0.1;0.0;53;0.0;0.0;1017.8125;57.625;100;55.958333333333336;9.166666666666666;0.0;5.0;-0.3484906741886702;0.5709211336569588;6140.0;889.0;4654.0;33366.36;3547.9166666666665;3380.0;14.920833333333334;16.0;;;6.699999999999999;1.8999999999999773;0.6688771866737727
2022-02-27;14.716666666666667;0.2;0.0;0.0;0.0;51;0.0;0.0;1020.2708333333334;9.583333333333334;40;7.166666666666667;3.375;0.0;19.0;-0.6419020420185096;-0.6963116383174053;6761.0;930.0;5541.0;44061.16;3247.5;2370.0;13.4;14.8;;;9.1;3.5;0.9470417779611423
2022-02-28;12.829166666666666;0.0;0.0;0.0;0.0;0;0.0;0.0;1020.0500000000001;1.3333333333333333;14;0.375;0.0;0.9583333333333334;24.0;-0.21854538869063667;-0.8841686350590332;7226.0;937.0;6281.0;44114.98;3791.25;3430.0;12.083333333333334;14.5;;;9.600000000000001;4.7999999999999545;0.91077783357968
2022-03-01;13.799999999999999;0.0;0.0;0.0;0.0;0;0.0;0.0;1018.2125;3.2916666666666665;12;2.125;0.041666666666666664;0.875;24.0;-0.4279482011297342;-0.8706581978642175;6873.0;898.0;5909.0;43559.78;4319.166666666667;4180.0;13.254166666666668;15.2;;;7.9;2.2999999999999545;0.9701470818171554
2022-03-02;16.400000000000002;0.0;0.0;0.0;0.0;2;0.0;0.0;1012.525;7.166666666666667;55;0.5;0.5833333333333334;7.25;20.0;-0.4091436788829925;-0.8889324437007599;6827.0;894.0;5924.0;43598.83;4494.166666666667;4180.0;15.654166666666667;17.7;;;6.699999999999999;9.300000000000068;0.9785700993969282
2022-03-03;16.154166666666665;0.0;0.0;0.0;0.0;3;0.0;0.0;1014.0541666666667;42.0;100;42.125;0.041666666666666664;0.7916666666666666;11.0;-0.6426197830763396;-0.6773582751082055;6273.0;892.0;4697.0;43349.61;3829.5833333333335;3590.0;15.195833333333333;16.5;;;7.300000000000001;4.7000000000000455;0.9336886089369651
2022-03-04;13.616666666666667;0.0;0.0;0.0;0.0;3;0.0;0.0;1017.4625;27.625;100;17.541666666666668;2.25;19.083333333333332;14.0;-0.5177827355959048;-0.8311983569481503;6390.0;856.0;4847.0;43389.35;3498.3333333333335;3290.0;12.9375;14.5;;;6.0;4.0;0.9792801794555445
2022-03-05;12.295833333333334;0.0;0.0;0.0;0.0;3;0.0;0.0;1017.4458333333333;20.833333333333332;100;0.0;3.1666666666666665;20.916666666666668;19.0;-0.4775991791168687;-0.8140584532690993;7049.0;929.0;6147.0;43200.0;3334.5833333333335;3240.0;11.237499999999999;13.3;;;8.200000000000001;4.600000000000023;0.9438178538425649
2022-03-06;13.566666666666668;1.9000000000000001;1.4;0.4;3.0;53;0.0;0.0;1015.0124999999999;86.875;100;35.708333333333336;34.875;56.25;1.0;-0.1680559453659988;0.41384771848053054;4594.0;790.0;2444.0;31927.81;2987.5;2580.0;12.6625;14.3;;;5.199999999999999;3.2999999999999545;0.44666848429724704
2022-03-07;13.983333333333334;0.2;0.2;0.2;1.0;51;0.0;0.0;1016.2624999999999;34.625;100;33.208333333333336;4.0;0.8333333333333334;12.0;-0.2560796936354631;-0.2126648820337744;6636.0;893.0;5539.0;43225.04;3497.0833333333335;2370.0;13.0875;14.3;;;6.199999999999999;4.199999999999932;0.33287108847551156
2022-03-08;13.629166666666668;2.0;0.0;0.0;0.0;55;0.0;0.0;1016.4166666666666;52.25;100;50.5;40.875;2.4166666666666665;10.0;-0.08633750059838922;0.571703813114766;4470.0;690.0;2319.0;29490.56;3537.9166666666665;3140.0;13.0875;14.1;;;5.0;6.099999999999909;0.578186314209823
2022-03-09;12.612499999999999;0.0;0.0;0.0;0.0;3;0.0;0.0;1019.3791666666666;34.708333333333336;100;9.25;12.583333333333334;31.333333333333332;15.0;-0.22138891488636236;-0.912246440228242;6698.0;904.0;5737.0;39732.58;3719.1666666666665;3510.0;11.979166666666666;14.0;;;6.700000000000001;2.599999999999909;0.938726061928431
2022-03-10;13.016666666666666;0.0;0.0;0.0;0.0;0;0.0;0.0;1017.4833333333332;1.25;15;0.0;0.0;1.25;24.0;-0.4494227182795938;-0.8821196159841033;6621.0;882.0;5769.0;43200.0;3850.4166666666665;3510.0;12.541666666666666;14.9;;;8.5;5.2000000000000455;0.9900079780535916
2022-03-11;16.204166666666666;0.0;0.0;0.0;0.0;0;0.0;0.0;1011.5541666666667;0.0;0;0.0;0.0;0.0;24.0;-0.5766966925097026;-0.7653828644603173;6646.0;888.0;5824.0;43200.0;4430.416666666667;4330.0;14.133333333333333;16.7;;;11.8;4.7000000000000455;0.9583266689188562
2022-03-12;14.450000000000001;0.0;0.0;0.0;0.0;3;0.0;0.0;1015.1916666666666;46.0;100;46.083333333333336;0.0;0.0;9.0;-0.5633449133290819;0.049938896573391955;5818.0;842.0;4085.0;42388.51;4213.333333333333;3990.0;13.320833333333333;14.8;;;8.4;5.2999999999999545;0.5655540511434064
2022-03-13;16.329166666666666;0.0;0.0;0.0;0.0;3;0.0;0.0;1014.9583333333334;17.208333333333332;100;13.791666666666666;0.0;3.0;18.0;-0.5377236466159047;-0.7859001513038674;6453.0;872.0;5611.0;43200.0;4763.333333333333;4550.0;14.416666666666666;16.7;;;11.700000000000001;3.5;0.9522529957681141
2022-03-14;16.287499999999998;0.0;0.0;0.0;0.0;0;0.0;0.0;1015.5833333333334;0.041666666666666664;1;0.041666666666666664;0.0;0.0;24.0;-0.5391106899609692;-0.8076924193083586;6394.0;865.0;5589.0;43200.0;4801.666666666667;4650.0;13.970833333333333;16.8;;;9.5;4.100000000000023;0.9710856709057042
2022-03-15;15.237499999999999;0.0;0.0;0.0;0.0;3;0.0;0.0;1014.3000000000001;47.5;100;47.5;0.0;0.0;11.0;-0.25311080653439516;0.46227196652592273;5884.0;805.0;4620.0;43200.0;4690.833333333333;4570.0;13.808333333333332;14.8;;;3.6999999999999993;3.2000000000000455;0.5270298392123883
2022-03-16;13.054166666666667;0.1;0.0;0.0;0.0;51;0.0;0.0;1015.0583333333334;99.25;100;81.91666666666667;0.0;52.916666666666664;0.0;-0.5932273510480363;0.35353081955620697;3840.0;606.0;1411.0;24498.94;4255.416666666667;3500.0;12.695833333333333;13.3;;;2.6999999999999993;4.199999999999932;0.6905814437179393
2022-03-17;13.533333333333333;0.0;0.0;0.0;0.0;3;0.0;0.0;1017.9291666666667;24.541666666666668;100;23.125;5.041666666666667;0.20833333333333334;14.0;-0.46374055595329877;-0.8573548504701695;5920.0;844.0;4765.0;43200.0;3330.0;3170.0;12.620833333333332;13.7;;;7.299999999999999;4.0;0.9747372173363451
2022-03-18;11.245833333333332;0.0;0.0;0.0;0.0;3;0.0;0.0;1018.9875000000001;43.25;100;0.0;4.666666666666667;43.25;12.0;-0.18449630300303746;-0.7958516064677809;6281.0;864.0;5353.0;41810.13;3442.0833333333335;3250.0;9.65;12.8;;;11.299999999999999;4.599999999999909;0.8169569543979268
2022-03-19;12.775;0.1;0.0;0.0;0.0;51;0.0;0.0;1014.5416666666666;72.29166666666667;100;0.0;38.166666666666664;70.54166666666667;4.0;-0.5967674800159846;-0.7045421248909637;5806.0;855.0;4615.0;35580.64;3578.75;3470.0;11.362499999999999;12.9;;;7.600000000000001;2.7999999999999545;0.9233152392062545
2022-03-20;11.933333333333332;1.2000000000000002;0.5;0.2;1.0;53;0.0;0.0;1013.7916666666666;85.125;100;35.916666666666664;48.208333333333336;40.375;1.0;-0.461928921444319;0.035535722534328705;3659.0;630.0;1523.0;22084.11;3277.0833333333335;2680.0;11.516666666666666;13.2;;;6.9;3.699999999999932;0.46329376862067617
2022-03-21;13.783333333333333;0.5;0.0;0.0;0.0;51;0.0;0.0;1017.6875;34.583333333333336;100;24.083333333333332;5.5;5.166666666666667;8.0;-0.4096912669517008;0.05072205360707577;5566.0;768.0;4492.0;43035.59;2916.6666666666665;2340.0;12.9625;14.3;;;6.499999999999998;3.6000000000000227;0.4128191625138165
2022-03-22;11.7875;0.0;0.0;0.0;0.0;3;0.0;0.0;1014.8166666666666;7.0;89;1.875;0.0;5.708333333333333;22.0;-0.4985548955718447;-0.809044716935023;5926.0;817.0;5123.0;42895.47;3778.75;3450.0;11.604166666666666;12.3;;;4.800000000000001;5.199999999999932;0.950321176181571
2022-03-23;10.395833333333334;3.1;0.0;0.0;0.0;55;0.0;0.0;1019.3041666666667;33.583333333333336;100;29.125;21.166666666666668;0.0;15.0;-0.5460061631366541;-0.49275011159413373;5550.0;825.0;4580.0;38138.74;2292.0833333333335;1540.0;10.454166666666667;12.7;;;5.0;12.099999999999909;0.7354763100598426
2022-03-24;10.1;0.0;0.0;0.0;0.0;0;0.0;0.0;1020.8249999999999;1.0416666666666667;10;0.125;0.0;1.0833333333333333;24.0;-0.2191589605002201;-0.9354874734549852;5910.0;819.0;5119.0;42617.01;4143.333333333333;3640.0;9.795833333333333;12.5;;;7.7;8.600000000000023;0.9608160401235653
2022-03-25;13.654166666666667;0.0;0.0;0.0;0.0;2;0.0;0.0;1011.7166666666667;2.25;54;2.25;0.0;0.0;23.0;-0.44964156793564447;-0.8248947485442998;5891.0;819.0;5126.0;42477.41;4472.916666666667;4300.0;12.095833333333333;15.3;;;8.799999999999999;6.2000000000000455;0.9394833078834283
2022-03-26;12.170833333333334;0.5;0.0;0.0;0.0;51;0.0;0.0;1015.5749999999999;76.33333333333333;100;77.91666666666667;0.0;7.0;1.0;-0.4206026004091045;0.07757602974695814;3870.0;670.0;2202.0;26358.3;3926.6666666666665;3480.0;11.775;13.1;;;4.6;7.5;0.42769684107110467
2022-03-27;12.041666666666666;0.0;0.0;0.0;0.0;3;0.0;0.0;1017.8333333333334;30.5;92;30.833333333333332;1.1666666666666667;0.0;10.0;-0.2406731108519887;-0.5497024722648449;5306.0;749.0;3949.0;40787.79;3740.4166666666665;3490.0;11.479166666666666;13.9;;;7.999999999999998;3.099999999999909;0.600080289878993
2022-03-28;12.0875;0.1;0.0;0.0;0.0;51;0.0;0.0;1017.775;11.375;100;9.875;4.791666666666667;0.0;20.0;-0.584567308391014;-0.40690209057020704;5513.0;777.0;4637.0;42056.64;3472.9166666666665;2420.0;10.9625;12.6;;;7.4;4.0;0.7122417071120729
2022-03-29;9.625;0.7;0.2;0.1;0.0;51;0.0;0.0;1023.7041666666668;15.25;100;12.75;7.083333333333333;0.0;18.0;-0.41031902280940735;-0.828832330044199;5407.0;743.0;4459.0;41916.03;2499.5833333333335;1620.0;9.700000000000001;12.7;;;5.4;6.5;0.9248376786256942
2022-03-30;8.575000000000001;0.0;0.0;0.0;0.0;3;0.0;0.0;1019.9416666666666;8.166666666666666;90;0.0;0.0;8.166666666666666;22.0;-0.37108150685367464;-0.9001440667448254;5591.0;779.0;4768.0;41775.39;3281.25;3180.0;8.554166666666667;11.6;;;7.5;8.999999999999886;0.9736327981455363
2022-03-31;9.737499999999999;0.0;0.0;0.0;0.0;3;0.0;0.0;1017.8000000000001;17.0;100;0.0;0.0;14.291666666666666;18.0;-0.4482083499943019;-0.8459289745563398;5551.0;789.0;4800.0;41634.81;3767.9166666666665;3410.0;9.6;11.8;;;9.7;4.100000000000023;0.957333042884531
2022-04-01;10.941666666666668;0.0;0.0;0.0;0.0;3;0.0;0.0;1015.2833333333333;47.541666666666664;99;37.583333333333336;0.0;14.375;9.0;-0.40665713592139113;-0.8441734169191544;5130.0;750.0;4123.0;41494.38;3798.75;3580.0;11.237499999999999;14.3;;;10.600000000000001;2.2999999999999545;0.9370158931569673
2022-04-02;12.058333333333332;2.1999999999999997;0.0;0.0;0.0;61;0.0;0.0;1016.1625;93.25;100;89.91666666666667;20.708333333333332;30.625;1.0;-0.5742627017754603;-0.5600900521165504;3041.0;461.0;1123.0;24122.83;3543.3333333333335;3120.0;12.450000000000001;14.6;;;7.0;3.1000000000000227;0.8021711270859675
2022-04-03;8.5875;0.0;0.0;0.0;0.0;3;0.0;0.0;1021.2624999999999;9.083333333333334;82;0.3333333333333333;0.20833333333333334;8.875;20.0;-0.17663352167118393;-0.8864545318410082;5286.0;757.0;4490.0;41214.3;2785.4166666666665;1780.0;8.733333333333333;10.2;;;6.699999999999999;4.399999999999977;0.9038810972685652
2022-04-04;9.725;0.0;0.0;0.0;0.0;2;0.0;0.0;1017.5416666666666;4.125;64;0.0;0.0;4.875;22.0;-0.42030004868853205;-0.8884626897902463;5275.0;760.0;4538.0;41074.83;3619.1666666666665;3490.0;9.658333333333333;12.5;;;8.7;4.600000000000023;0.9828621887512521
2022-04-05;11.704166666666666;0.0;0.0;0.0;0.0;3;0.0;0.0;1016.0666666666666;18.958333333333332;82;3.0833333333333335;0.0;17.166666666666668;16.0;-0.487515261247307;-0.7880660892830411;4987.0;724.0;4217.0;40608.22;3933.75;3810.0;11.445833333333333;13.9;;;8.7;2.3999999999999773;0.9266710802797808
2022-04-06;11.387500000000001;0.0;0.0;0.0;0.0;3;0.0;0.0;1016.8416666666667;28.583333333333332;93;16.583333333333332;0.0;14.916666666666666;10.0;-0.5097368415316731;-0.8006529681762897;4860.0;737.0;3758.0;40312.02;3776.6666666666665;3670.0;11.616666666666667;12.9;;;5.300000000000001;1.900000000000091;0.949145311880214
2022-04-07;12.875;0.1;0.0;0.0;0.0;51;0.0;0.0;1017.2666666666668;61.708333333333336;100;48.333333333333336;0.4583333333333333;23.875;8.0;-0.6258409799719741;-0.7131538269177987;3137.0;432.0;1317.0;36112.99;3622.0833333333335;3450.0;12.929166666666667;14.7;;;5.4;2.7000000000000455;0.9488231200069813
2022-04-08;10.945833333333333;0.0;0.0;0.0;0.0;3;0.0;0.0;1014.5875;53.041666666666664;100;51.0;0.0;27.541666666666668;12.0;-0.7175138622514584;-0.6499689834635365;3749.0;581.0;2147.0;36217.44;3758.3333333333335;3420.0;11.612499999999999;12.7;;;4.4;2.2999999999999545;0.9681352291842436
2022-04-09;10.362499999999999;3.0;0.0;0.0;0.0;61;0.0;0.0;1015.9625;67.29166666666667;100;42.291666666666664;22.0;28.791666666666668;6.0;-0.4348975610790197;0.2305886092842465;2016.0;418.0;510.0;15562.43;2864.5833333333335;2320.0;11.058333333333332;12.6;;;5.800000000000001;4.199999999999932;0.49224688456517685
2022-04-10;9.020833333333334;2.0;0.30000000000000004;0.2;1.0;53;0.0;0.0;1017.9291666666667;46.208333333333336;100;45.291666666666664;11.416666666666666;0.3333333333333333;8.0;-0.3221278526248755;0.008339545710136537;3880.0;687.0;2692.0;32703.95;2041.25;1510.0;9.533333333333333;10.9;;;5.8999999999999995;5.899999999999977;0.3222357855039768
2022-04-11;8.6625;0.2;0.0;0.0;0.0;51;0.0;0.0;1020.0708333333333;51.0;100;5.333333333333333;26.5;41.0;9.0;-0.22229596811098218;-0.797829580475102;4374.0;691.0;3241.0;32358.85;2657.9166666666665;2270.0;8.85;10.5;;;9.2;2.0;0.8282194980314554
2022-04-12;10.258333333333333;0.0;0.0;0.0;0.0;3;0.0;0.0;1020.75;34.708333333333336;100;4.458333333333333;1.0;32.458333333333336;15.0;-0.2030736678864505;-0.9267622528725713;4541.0;700.0;3546.0;33184.7;2863.3333333333335;2190.0;9.983333333333333;11.4;;;6.1;2.2999999999999545;0.9487503296116951
2022-04-13;9.875;0.0;0.0;0.0;0.0;1;0.0;0.0;1016.8791666666666;3.9583333333333335;44;1.8333333333333333;0.0;2.125;22.0;-0.3790049265814659;-0.8797798730251415;4790.0;710.0;4098.0;38796.29;3905.0;3410.0;9.570833333333333;12.6;;;8.7;7.699999999999932;0.9579443404254532
2022-04-14;9.808333333333334;0.0;0.0;0.0;0.0;3;0.0;0.0;1012.8416666666667;62.708333333333336;100;63.791666666666664;0.0;0.0;3.0;-0.07266478118122555;0.05261280304424981;4242.0;650.0;2908.0;38314.0;4055.8333333333335;3820.0;9.799999999999999;11.3;;;7.1;3.699999999999932;0.08971219241713142
2022-04-15;10.745833333333332;0.7;0.0;0.0;0.0;51;0.0;0.0;1018.2791666666667;74.04166666666667;100;74.91666666666667;0.0;0.75;6.0;-0.44747633647030294;-0.1983160190922053;3087.0;544.0;1477.0;23114.52;3814.1666666666665;3700.0;10.416666666666666;11.4;;;4.5;5.599999999999909;0.4894530775564331
2022-04-16;10.670833333333334;0.0;0.0;0.0;0.0;1;0.0;0.0;1017.4958333333334;2.9583333333333335;24;2.9166666666666665;0.0;0.0;23.0;-0.301701851093981;-0.08228514347010875;4502.0;677.0;3710.0;37855.04;3946.6666666666665;3790.0;10.158333333333333;12.0;;;8.2;4.699999999999932;0.3127216842328511
2022-04-17;9.970833333333333;0.0;0.0;0.0;0.0;3;0.0;0.0;1016.2833333333333;50.166666666666664;100;35.041666666666664;0.0;45.0;12.0;-0.2646568410373015;-0.20977532396508772;2948.0;431.0;1234.0;37259.4;3873.75;3660.0;10.308333333333334;12.3;;;6.0;2.3999999999999773;0.33771131170350366
2022-04-18;10.891666666666666;0.0;0.0;0.0;0.0;3;0.0;0.0;1016.4916666666667;77.79166666666667;100;61.416666666666664;5.833333333333333;36.333333333333336;2.0;-0.1990764937106042;-0.5077927342992951;3565.0;605.0;2061.0;36432.62;3310.4166666666665;3010.0;10.612499999999999;13.4;;;9.2;1.400000000000091;0.5454217738184484
2022-04-19;11.049999999999999;9.5;3.3;0.8;8.0;63;0.0;0.0;1016.8208333333333;97.125;100;70.33333333333333;82.20833333333333;67.5;0.0;-0.10893858231391106;0.2465326243579965;1074.0;237.0;56.0;0.0;2663.75;2210.0;11.395833333333334;13.6;;;3.9000000000000004;4.100000000000023;0.2695291256792219
2022-04-20;9.591666666666667;0.0;0.0;0.0;0.0;3;0.0;0.0;1023.3333333333334;27.375;100;8.541666666666666;3.4583333333333335;17.125;14.0;-0.41511680663123446;-0.8657737066729619;4256.0;636.0;3464.0;37385.09;2515.8333333333335;1980.0;9.870833333333334;11.4;;;5.4;5.599999999999909;0.9601489854777505
2022-04-21;8.7125;24.2;0.2;0.2;1.0;63;0.0;0.0;1020.85;100.0;100;64.0;91.375;93.625;0.0;0.10749483670679148;0.555783677532162;648.0;103.0;2.0;0.0;2669.1666666666665;2210.0;9.995833333333334;12.3;;;4.699999999999999;6.599999999999909;0.5660835946481703
2022-04-22;12.279166666666667;4.0;1.9000000000000001;0.3;6.0;53;0.0;0.0;1016.8291666666668;96.25;100;89.70833333333333;68.08333333333333;57.166666666666664;0.0;-0.24150423018054193;0.7842115428812058;1769.0;387.0;550.0;12707.51;2919.5833333333335;1960.0;12.558333333333332;14.2;;;4.0;2.2000000000000455;0.8205559317823602
2022-04-23;11.341666666666667;13.200000000000001;1.1;0.2;1.0;63;0.0;0.0;1011.7541666666666;98.20833333333333;100;95.70833333333333;62.875;16.208333333333332;0.0;-0.3417043830595656;0.8321247345120556;1206.0;340.0;353.0;10800.0;2761.25;2540.0;12.945833333333333;14.1;;;4.199999999999999;5.100000000000023;0.8995518101748655
2022-04-24;9.308333333333334;30.8;2.6;0.7;5.0;63;0.0;0.0;1008.3874999999999;81.33333333333333;100;62.75;69.75;57.625;4.0;-0.4136769755571632;0.5955640169790107;1221.0;484.0;487.0;8796.77;2417.5;1510.0;12.137500000000001;14.3;;;4.4;9.399999999999977;0.7251380133645575
2022-04-25;7.8999999999999995;1.8;0.8;0.1;0.0;53;0.0;0.0;1011.9583333333334;79.91666666666667;100;27.458333333333332;55.833333333333336;31.25;0.0;0.24382921777129174;0.9370757773252051;2623.0;558.0;1183.0;22207.84;1646.6666666666667;1450.0;9.9125;11.5;;;2.9000000000000004;5.699999999999932;0.9682787304741323
2022-04-26;8.7125;25.0;3.9;0.6;9.0;65;0.0;0.0;1008.6583333333333;70.75;100;41.666666666666664;58.416666666666664;39.041666666666664;2.0;-0.6831381247834125;0.41197208413297587;2857.0;537.0;1648.0;27021.32;1787.0833333333333;1510.0;10.416666666666666;12.2;;;4.6000000000000005;10.199999999999932;0.7977460094776188
2022-04-27;7.966666666666666;11.9;5.4;0.7;14.0;63;0.0;0.0;1017.6125000000001;59.25;100;32.916666666666664;51.25;14.25;7.0;-0.46885800860931354;0.2575333799382998;1671.0;273.0;663.0;20165.86;1615.4166666666667;1540.0;9.291666666666666;11.1;;;4.300000000000001;8.799999999999955;0.5349310927769443
2022-04-28;6.370833333333334;0.0;0.0;0.0;0.0;3;0.0;0.0;1022.8333333333334;15.833333333333334;100;6.125;0.7083333333333334;11.333333333333334;19.0;0.3866899762012073;-0.7069213983720332;3941.0;619.0;3225.0;36000.0;2844.5833333333335;1500.0;7.075;9.9;;;8.5;4.600000000000136;0.8057710600231067
2022-04-29;6.6499999999999995;0.0;0.0;0.0;0.0;3;0.0;0.0;1019.1916666666666;31.5;98;5.0;0.0;27.875;12.0;-0.1777136870499344;-0.905588316454839;3847.0;611.0;3116.0;36449.68;3514.5833333333335;3170.0;7.233333333333333;10.3;;;9.299999999999999;3.2999999999999545;0.9228609610685629
2022-04-30;7.020833333333333;0.0;0.0;0.0;0.0;3;0.0;0.0;1020.0291666666667;48.0;100;45.875;0.0;2.6666666666666665;9.0;-0.10707447332836696;-0.7871046498846569;3723.0;597.0;2948.0;36173.84;3215.0;3060.0;7.483333333333333;9.8;;;8.4;2.6000000000000227;0.7943542488767813
2022-05-01;7.5125;0.0;0.0;0.0;0.0;3;0.0;0.0;1018.1791666666667;39.041666666666664;100;17.625;5.416666666666667;22.625;12.0;-0.1043188850527738;-0.8973363171442811;3119.0;494.0;1753.0;36000.0;2994.1666666666665;2890.0;8.637500000000001;11.9;;;8.600000000000001;3.5;0.9033797074567901
2022-05-02;8.7875;0.0;0.0;0.0;0.0;3;0.0;0.0;1021.5458333333332;4.833333333333333;89;7.875;0.0;0.0;23.0;-0.2043507297953455;-0.9168343902235504;3777.0;605.0;3094.0;36229.24;3565.4166666666665;2940.0;9.754166666666666;12.2;;;7.8999999999999995;2.8999999999999773;0.9393319540314169
2022-05-03;9.7125;0.0;0.0;0.0;0.0;3;0.0;0.0;1019.1125000000001;29.5;100;0.6666666666666666;0.0;28.791666666666668;17.0;-0.24966231235393535;-0.9372493784970692;3703.0;584.0;3082.0;36000.0;4332.916666666667;4110.0;9.958333333333334;14.1;;;10.5;5.600000000000023;0.9699317850772066
2022-05-04;11.304166666666667;0.0;0.0;0.0;0.0;3;0.0;0.0;1014.9916666666667;99.0;100;10.708333333333334;0.0;96.29166666666667;0.0;-0.40537974979404967;-0.8053943372181362;3491.0;560.0;2567.0;35956.67;3980.0;3660.0;10.9625;13.6;;;7.5;4.2999999999999545;0.9016611225766182
2022-05-05;11.766666666666666;0.0;0.0;0.0;0.0;3;0.0;0.0;1019.4916666666667;72.58333333333333;100;74.45833333333333;0.0;27.083333333333332;5.0;-0.23779243224248356;-0.8374675455255772;2552.0;462.0;1395.0;22625.51;3565.0;3440.0;11.533333333333333;13.8;;;4.5;3.6000000000000227;0.8705728749739626
2022-05-06;10.008333333333333;0.0;0.0;0.0;0.0;3;0.0;0.0;1019.7583333333333;26.5;100;24.125;0.0;4.25;16.0;-0.20475520307911835;-0.8885494136280613;3679.0;586.0;3059.0;35867.94;4123.75;3600.0;10.7125;13.5;;;8.4;2.099999999999909;0.9118359247401598
2022-05-07;10.154166666666667;0.0;0.0;0.0;0.0;3;0.0;0.0;1017.2624999999999;44.833333333333336;100;45.375;0.0;16.166666666666668;12.0;-0.43993412165149537;-0.7510091376460317;3527.0;578.0;2861.0;35777.48;4487.5;4310.0;10.766666666666666;12.7;;;4.500000000000001;4.399999999999977;0.8703773642628287
2022-05-08;10.983333333333334;0.8;0.0;0.0;0.0;51;0.0;0.0;1021.3625000000001;93.08333333333333;100;92.95833333333333;46.583333333333336;34.375;1.0;0.3634914136383378;0.7627230779580914;1082.0;226.0;74.0;129.05;3815.8333333333335;3450.0;11.470833333333333;12.4;;;2.9000000000000004;5.5;0.8449097593463233
2022-05-09;12.270833333333334;1.2000000000000002;0.0;0.0;0.0;51;0.0;0.0;1021.1583333333333;100.0;100;78.25;19.041666666666668;44.0;0.0;0.05679478309748614;0.02277902768878556;1144.0;186.0;163.0;1349.53;3777.0833333333335;3500.0;12.141666666666666;13.1;;;3.5;3.1000000000000227;0.06119257707873526
2022-05-10;10.270833333333334;0.0;0.0;0.0;0.0;3;0.0;0.0;1017.9416666666666;73.79166666666667;100;1.2083333333333333;30.416666666666668;71.79166666666667;2.0;-0.2686593974307309;-0.6563292979109393;3210.0;549.0;2443.0;29033.2;3495.4166666666665;3220.0;10.0875;12.3;;;6.700000000000001;3.0;0.7091868717934011
2022-05-11;9.720833333333333;0.4;0.0;0.0;0.0;51;0.0;0.0;1016.2125;92.45833333333333;100;27.583333333333332;43.041666666666664;88.0;0.0;-0.34406864765103923;-0.2955491649677877;2376.0;470.0;877.0;19594.41;3356.25;3080.0;9.825000000000001;12.3;;;7.7;2.0;0.45357749416122
2022-05-12;10.433333333333334;23.2;0.2;0.1;0.0;63;0.0;0.0;1015.3791666666666;81.0;100;61.208333333333336;57.75;71.0;3.0;0.025219207413976815;0.24087838374099135;1410.0;297.0;519.0;19511.09;2691.6666666666665;2260.0;11.0;12.5;;;5.6;5.800000000000068;0.24219497140993962
2022-05-13;8.279166666666667;0.0;0.0;0.0;0.0;3;0.0;0.0;1019.5333333333333;60.041666666666664;100;18.875;10.125;41.291666666666664;6.0;0.07213453820078576;-0.921363790909843;3354.0;547.0;2691.0;35450.2;2908.3333333333335;2650.0;8.866666666666665;11.2;;;5.999999999999999;2.3999999999999773;0.9241832214454001
2022-05-14;7.583333333333333;0.0;0.0;0.0;0.0;3;0.0;0.0;1017.8375000000001;54.166666666666664;100;0.0;27.666666666666668;54.166666666666664;11.0;-0.0871749617227162;-0.8004857728535014;2859.0;538.0;1826.0;29844.94;3002.0833333333335;2920.0;7.379166666666666;10.2;;;7.6;3.7000000000000455;0.8052185706329832
2022-05-15;9.15;0.0;0.0;0.0;0.0;3;0.0;0.0;1016.1291666666666;49.458333333333336;100;0.0;0.0;49.541666666666664;11.0;0.4763282135807206;-0.8280983079235779;3201.0;521.0;2398.0;34448.07;3545.8333333333335;3090.0;8.595833333333333;14.8;;;12.8;2.199999999999932;0.9553195144237834
2022-05-16;8.141666666666667;0.0;0.0;0.0;0.0;3;0.0;0.0;1018.6625;6.541666666666667;100;5.25;0.0;1.3333333333333333;21.0;0.5292558322359007;0.33306681711342395;3322.0;544.0;2744.0;35304.73;4173.75;3780.0;7.904166666666666;11.9;;;7.800000000000001;3.5;0.6253361021225168
2022-05-17;8.116666666666667;0.0;0.0;0.0;0.0;3;0.0;0.0;1017.9250000000001;58.708333333333336;100;62.041666666666664;0.0;0.7083333333333334;7.0;-0.2840212492571892;-0.23758359563878198;3063.0;534.0;2296.0;34486.67;4306.25;4230.0;8.549999999999999;11.3;;;7.0;3.5;0.3702891234512116
2022-05-18;8.079166666666667;0.4;0.0;0.0;0.0;51;0.0;0.0;1016.0708333333333;100.0;100;82.79166666666667;16.25;33.875;0.0;0.2079183380266316;0.9491699234018993;1449.0;244.0;267.0;4891.99;3907.0833333333335;3280.0;8.987499999999999;9.8;;;2.4000000000000004;2.8999999999999773;0.9716756551331952
2022-05-19;8.275;9.3;0.7;0.4;2.0;63;0.0;0.0;1015.5833333333334;100.0;100;91.95833333333333;69.20833333333333;63.625;0.0;0.3722839104192996;0.9176830489784854;841.0;171.0;57.0;0.0;2655.0;2370.0;11.275;12.3;;;3.0;2.8999999999999773;0.9903219114709794
2022-05-20;10.545833333333333;13.200000000000001;2.0;0.4;6.0;63;0.0;0.0;1020.0625;26.25;100;18.375;23.291666666666668;11.916666666666666;17.0;-0.19016983281972824;0.7363020668752016;2950.0;488.0;2313.0;35132.77;2169.5833333333335;1840.0;11.333333333333334;12.8;;;6.6;11.399999999999977;0.7604638709362709
2022-05-21;8.508333333333333;0.0;0.0;0.0;0.0;3;0.0;0.0;1022.9958333333334;74.375;100;33.166666666666664;33.166666666666664;67.33333333333333;3.0;0.3498829515683137;0.05342681257334939;2445.0;429.0;1226.0;27896.3;2829.5833333333335;2650.0;8.958333333333334;12.8;;;10.2;2.6000000000000227;0.3539385597810767
2022-05-22;8.95;33.1;0.4;0.2;1.0;63;0.0;0.0;1019.0708333333333;99.83333333333333;100;43.0;93.54166666666667;99.41666666666667;0.0;-0.09389198684854987;0.3369241592730737;211.0;31.0;0.0;0.0;2534.5833333333335;1950.0;10.875;12.6;;;5.3999999999999995;4.2000000000000455;0.3497621967798061
2022-05-23;6.245833333333334;1.2;0.0;0.0;0.0;53;0.0;0.0;1019.0958333333333;97.66666666666667;100;15.958333333333334;65.16666666666667;80.625;0.0;0.23319280428116515;-0.6650975912707192;1194.0;256.0;134.0;2198.7;2140.0;1270.0;6.7625;8.2;;;6.5;2.8999999999999773;0.704793366798118
2022-05-24;8.254166666666666;0.0;0.0;0.0;0.0;3;0.0;0.0;1019.4625;94.5;100;63.291666666666664;88.04166666666667;26.75;0.0;0.3953762309182162;-0.18822709291312978;1044.0;231.0;92.0;383.32;1935.4166666666667;1620.0;8.283333333333333;9.3;;;4.2;3.7999999999999545;0.43789473904309767
2022-05-25;6.366666666666667;0.0;0.0;0.0;0.0;3;0.0;0.0;1022.2708333333334;9.208333333333334;96;3.5833333333333335;0.0;8.041666666666666;21.0;0.059449751168471225;-0.8650054153250571;3062.0;512.0;2504.0;34957.21;2485.4166666666665;1730.0;7.341666666666666;10.3;;;7.9;3.3999999999999773;0.8670459281120393
2022-05-26;3.7708333333333335;0.0;0.0;0.0;0.0;3;0.0;0.0;1020.3958333333334;76.08333333333333;100;12.416666666666666;15.833333333333334;64.70833333333333;3.0;0.2456192649405542;-0.5005755398291539;3017.0;512.0;2400.0;34927.3;2962.0833333333335;2550.0;4.375;7.8;;;8.8;3.0;0.5575882839382361
2022-05-27;3.2375000000000003;0.0;0.0;0.0;0.0;3;0.0;0.0;1020.525;76.04166666666667;100;3.875;25.125;71.79166666666667;2.0;0.42712050311507266;-0.6139771206339496;2633.0;485.0;1658.0;30176.8;2432.9166666666665;2230.0;4.116666666666666;7.2;;;7.8;2.8999999999999773;0.747930363632356
2022-05-28;2.245833333333333;0.0;0.0;0.0;0.0;1;0.0;0.0;1019.8583333333332;10.25;28;14.291666666666666;0.0;0.0;20.0;0.5276453344803657;-0.6733054307108927;2946.0;493.0;2296.0;34872.51;1895.8333333333333;1500.0;3.3541666666666665;7.0;;;8.7;3.900000000000091;0.8554237558214511
2022-05-29;1.9874999999999998;0.0;0.0;0.0;0.0;3;0.0;0.0;1021.0958333333333;26.291666666666668;99;0.041666666666666664;0.5;26.25;16.0;0.44874233055965534;-0.6171497221525432;2875.0;484.0;2168.0;33810.53;1888.75;1570.0;2.8708333333333336;6.4;;;9.5;2.2999999999999545;0.7630487918797015
2022-05-30;2.129166666666667;0.0;0.0;0.0;0.0;1;0.0;0.0;1020.3416666666667;2.4166666666666665;44;2.4166666666666665;0.0;0.0;23.0;0.2371561248477521;-0.6073619720145559;2950.0;494.0;2391.0;34824.41;1849.1666666666667;1400.0;3.216666666666667;7.0;;;8.4;2.800000000000068;0.6520211596276709
2022-05-31;0.9499999999999998;0.0;0.0;0.0;0.0;3;0.0;0.0;1018.6041666666666;14.0;97;16.333333333333332;0.0;0.0;15.0;0.3791329133697074;-0.5164486773789582;2881.0;500.0;2222.0;34791.95;1832.0833333333333;1400.0;2.2875;5.8;;;9.5;2.1000000000000227;0.6406723049786663
2022-06-01;1.25;0.0;0.0;0.0;0.0;3;0.0;0.0;1019.15;71.45833333333333;100;35.666666666666664;0.0;44.166666666666664;4.0;0.6985304639805809;0.24746527325747117;2710.0;493.0;1978.0;27489.26;1916.6666666666667;1240.0;3.0208333333333335;6.6;;;11.1;1.8000000000000682;0.7410694100941696
2022-06-02;5.6375;1.6;0.1;0.1;0.0;53;0.0;0.0;1017.1916666666666;81.70833333333333;100;51.25;57.666666666666664;70.375;0.0;0.7163381228882287;0.6054804610849956;2226.0;448.0;1402.0;26639.71;1368.75;1060.0;6.891666666666667;9.3;;;6.200000000000001;5.5;0.9379482368759643
2022-06-03;6.654166666666666;35.2;2.5;0.4;5.0;63;0.0;0.0;1010.9333333333334;99.95833333333333;100;93.16666666666667;92.29166666666667;86.04166666666667;0.0;0.3356209618182006;0.8701213714360807;385.0;102.0;6.0;0.0;1939.1666666666667;1720.0;9.7875;11.1;;;5.1;4.599999999999909;0.9326052922011433
2022-06-04;8.354166666666666;59.2;3.5;0.5;9.0;63;0.0;0.0;1011.0958333333333;100.0;100;91.20833333333333;95.5;95.25;0.0;0.5185293107209666;0.7400644684541559;224.0;41.0;0.0;0.0;2217.9166666666665;1940.0;10.758333333333333;11.7;;;2.3000000000000007;3.7000000000000455;0.9036415570042654
2022-06-05;8.795833333333333;9.3;1.2;0.5;2.0;61;0.0;0.0;1017.6625;100.0;100;99.91666666666667;60.5;44.791666666666664;0.0;0.22147136283554839;0.9417086404848888;875.0;238.0;107.0;1309.1100000000001;2314.1666666666665;2190.0;11.129166666666668;11.5;;;3.1999999999999993;7.699999999999932;0.967401017220952
2022-06-06;9.204166666666667;1.2;0.0;0.0;0.0;53;0.0;0.0;1019.9958333333334;96.54166666666667;100;74.20833333333333;38.458333333333336;85.29166666666667;0.0;0.20089634286632949;0.5282749326598638;1640.0;278.0;573.0;18630.079999999998;2957.0833333333335;2600.0;9.9;10.7;;;2.5999999999999996;3.2000000000000455;0.5651846999467072
2022-06-07;9.049999999999999;4.7;1.3;0.3;4.0;55;0.0;0.0;1016.8583333333332;99.0;100;94.125;48.875;7.583333333333333;0.0;0.05224203631162655;0.8712277556364247;591.0;109.0;36.0;0.0;2564.1666666666665;2250.0;10.579166666666667;12.1;;;4.4;3.2999999999999545;0.8727926629785949
2022-06-08;9.354166666666666;0.1;0.0;0.0;0.0;51;0.0;0.0;1021.5333333333333;88.91666666666667;100;85.0;8.291666666666666;35.708333333333336;0.0;-0.09194855011983223;0.6013129927555677;1685.0;341.0;518.0;15944.66;2417.5;1770.0;9.758333333333333;10.6;;;2.0;5.500000000000114;0.6083024339305217
2022-06-09;7.9125000000000005;1.2;0.0;0.0;0.0;53;0.0;0.0;1025.6541666666667;75.875;100;32.5;6.416666666666667;43.208333333333336;0.0;0.23189044465257594;-0.38403364710785376;2713.0;469.0;2106.0;31063.83;2676.6666666666665;1840.0;8.354166666666666;10.4;;;6.800000000000001;3.3999999999998636;0.4486145566431488
2022-06-10;5.683333333333334;0.0;0.0;0.0;0.0;3;0.0;0.0;1019.1791666666667;22.916666666666668;100;0.0;0.0;22.916666666666668;17.0;0.14159917027940203;-0.7535353223989327;2857.0;485.0;2381.0;34318.36;3719.1666666666665;3370.0;5.320833333333334;10.7;;;10.799999999999999;8.200000000000045;0.7667240749622243
2022-06-11;5.208333333333333;0.0;0.0;0.0;0.0;3;0.0;0.0;1017.1208333333334;71.625;100;15.875;0.0;70.95833333333333;5.0;0.5080483047633405;0.34611748012877586;2739.0;474.0;2137.0;32219.93;3918.75;3730.0;6.016666666666667;10.1;;;10.200000000000001;3.400000000000091;0.614744166319289
2022-06-12;6.9624999999999995;0.4;0.0;0.0;0.0;51;0.0;0.0;1018.1208333333334;97.04166666666667;100;74.70833333333333;0.0;75.95833333333333;0.0;0.37194109479354936;0.8100339302521977;1685.0;306.0;589.0;25738.55;3603.75;3390.0;7.5125;8.9;;;4.0;2.0;0.8913445720685388
2022-06-13;6.004166666666666;0.0;0.0;0.0;0.0;3;0.0;0.0;1015.5875;97.375;100;66.58333333333333;17.041666666666668;73.08333333333333;0.0;0.6372956782218137;0.6223501834277069;2021.0;399.0;849.0;21919.66;2940.0;2340.0;7.2250000000000005;8.9;;;7.3999999999999995;3.2999999999999545;0.8907668226268319
2022-06-14;7.216666666666666;25.9;6.0;1.3;10.0;63;0.0;0.0;1016.8458333333333;97.0;100;88.08333333333333;80.91666666666667;21.291666666666668;0.0;0.4908617149540169;0.8498025973434292;807.0;226.0;122.0;3492.38;2038.75;1880.0;9.237499999999999;10.3;;;3.0999999999999996;3.900000000000091;0.9813815148346932
2022-06-15;7.754166666666666;0.4;0.2;0.1;0.0;51;0.0;0.0;1019.7291666666666;35.0;100;34.666666666666664;6.666666666666667;0.0;9.0;0.09650616462425073;-0.14133640750503304;2409.0;415.0;1689.0;33193.55;1836.6666666666667;1760.0;8.299999999999999;10.3;;;6.700000000000001;3.599999999999909;0.17114152008472913
2022-06-16;5.970833333333334;0.0;0.0;0.0;0.0;3;0.0;0.0;1024.575;83.25;100;62.375;20.875;11.333333333333334;1.0;0.1653200375957648;-0.41284248031172993;2476.0;458.0;1741.0;28052.41;1620.8333333333333;1430.0;6.716666666666666;8.9;;;6.5;5.900000000000091;0.4447129730293532
2022-06-17;7.820833333333333;1.0999999999999999;0.0;0.0;0.0;53;0.0;0.0;1025.7083333333333;85.75;100;70.33333333333333;37.541666666666664;31.625;2.0;-0.254207311605492;0.38621999878382485;1280.0;272.0;469.0;15713.630000000001;1922.0833333333333;1520.0;8.5875;10.9;;;7.0;4.800000000000068;0.4623713277597015
2022-06-18;5.5375000000000005;0.0;0.0;0.0;0.0;3;0.0;0.0;1020.4916666666667;97.25;100;10.0;31.958333333333332;92.45833333333333;0.0;-0.07958179450483381;-0.654381576508657;2294.0;429.0;1340.0;28961.86;2305.8333333333335;1900.0;6.0625;8.0;;;6.5;3.5;0.6592029351349742
2022-06-19;8.104166666666666;1.7000000000000002;0.0;0.0;0.0;53;0.0;0.0;1019.6791666666667;99.70833333333333;100;33.166666666666664;75.125;98.875;0.0;0.46497097581609254;0.861585171682405;1912.0;364.0;778.0;24320.510000000002;2074.5833333333335;1820.0;8.729166666666666;10.8;;;7.300000000000001;2.800000000000068;0.9790439297673872
2022-06-20;8.9;9.4;0.0;0.0;0.0;63;0.0;0.0;1015.1458333333334;100.0;100;63.583333333333336;99.66666666666667;100.0;0.0;0.5301976023361709;0.800602942264745;775.0;169.0;39.0;0.0;1902.9166666666667;1520.0;9.920833333333333;10.8;;;2.4000000000000004;3.800000000000068;0.9602471393792282
2022-06-21;9.329166666666667;0.6000000000000001;0.0;0.0;0.0;51;0.0;0.0;1013.8791666666666;99.45833333333333;100;66.45833333333333;68.45833333333333;86.79166666666667;0.0;0.683758177701137;0.2884495163113314;1974.0;388.0;954.0;23567.07;2150.0;1910.0;9.65;11.0;;;5.800000000000001;2.6000000000000227;0.7421107525386091
2022-06-22;5.5249999999999995;4.5;0.0;0.0;0.0;53;0.0;0.0;1011.4583333333334;99.70833333333333;100;55.083333333333336;84.5;96.70833333333333;0.0;0.9387261227668225;-0.23318720627152836;657.0;157.0;28.0;0.0;1917.9166666666667;1720.0;7.1625000000000005;9.9;;;6.7;1.8999999999999773;0.9672553989167245
2022-06-23;6.7375;16.2;5.6;0.9;10.0;63;0.0;0.0;1009.475;96.54166666666667;100;79.0;91.75;65.04166666666667;0.0;0.43256394792125813;0.3038213476884221;619.0;119.0;60.0;1442.31;1877.0833333333333;1610.0;9.383333333333333;11.0;;;5.3999999999999995;8.200000000000045;0.5286009651451973
2022-06-24;8.954166666666667;0.6000000000000001;0.0;0.0;0.0;51;0.0;0.0;1019.2666666666668;65.5;100;58.75;48.125;0.0;4.0;-0.34297339911760893;-0.5444093505533313;1406.0;354.0;634.0;18499.02;1790.8333333333333;1650.0;9.166666666666666;10.4;;;5.1000000000000005;5.100000000000023;0.6434378707165025
2022-06-25;5.108333333333333;0.0;0.0;0.0;0.0;3;0.0;0.0;1016.875;47.708333333333336;100;2.375;42.833333333333336;19.5;9.0;0.46373007996111726;-0.665928729556912;2335.0;412.0;1506.0;30279.92;2190.4166666666665;1900.0;5.829166666666667;9.3;;;9.899999999999999;4.699999999999932;0.811484232693419
2022-06-26;8.0625;6.6000000000000005;2.4;0.6;6.0;61;0.0;0.0;1017.4;86.95833333333333;100;61.416666666666664;73.5;13.125;0.0;0.44372313545965875;0.7414635804136197;648.0;111.0;57.0;2906.4700000000003;1946.25;1810.0;9.133333333333333;10.9;;;5.4;4.0;0.8640940122590453
2022-06-27;9.420833333333333;3.9;0.5;0.3;1.0;53;0.0;0.0;1020.6083333333332;94.875;100;93.54166666666667;60.375;31.5;0.0;0.16584155278337268;0.9511404226475652;1169.0;246.0;307.0;13283.63;2025.0;1920.0;10.608333333333333;11.3;;;3.0;6.400000000000091;0.965490302501164
2022-06-28;7.945833333333333;2.7;1.4000000000000001;0.1;0.0;51;0.0;0.0;1022.9583333333334;100.0;100;82.41666666666667;99.5;88.70833333333333;0.0;-0.02445131025152275;0.9871271324915082;566.0;121.0;23.0;0.0;2337.0833333333335;1990.0;10.904166666666667;11.4;;;1.9000000000000004;5.900000000000091;0.9874299176518422
2022-06-29;9.075000000000001;20.0;1.5;0.3;4.0;63;0.0;0.0;1019.35;59.916666666666664;100;42.833333333333336;42.833333333333336;48.541666666666664;6.0;-0.46853089319669466;0.023445042075183522;2355.0;420.0;1729.0;29682.03;2195.4166666666665;1700.0;10.825000000000001;12.6;;;5.0;8.399999999999977;0.469117115310878
2022-06-30;4.808333333333334;15.399999999999999;1.1;0.9;2.0;63;0.0;0.0;1015.2875;96.54166666666667;100;76.54166666666667;66.04166666666667;66.41666666666667;0.0;0.3021640179608118;0.17900827482367154;942.0;252.0;152.0;6261.87;2323.75;1810.0;6.904166666666666;11.6;;;6.6000000000000005;16.899999999999977;0.3512079956458408
2022-07-01;6.1375;5.7;9.3;1.0;15.0;55;0.0;0.0;1013.2916666666666;41.25;81;29.541666666666668;23.458333333333332;0.4166666666666667;4.0;-0.8747997308187475;-0.10935213651157814;1995.0;329.0;1209.0;33447.98;1361.6666666666667;1160.0;7.9875;11.2;;;3.799999999999999;14.899999999999977;0.8816078826781213
2022-07-02;5.479166666666667;9.1;2.1;0.7;4.0;63;0.0;0.0;1018.6083333333332;58.083333333333336;100;24.75;44.333333333333336;24.708333333333332;3.0;-0.0957912986899941;0.6369833883502384;1179.0;281.0;404.0;17914.37;1285.8333333333333;1150.0;7.070833333333333;9.3;;;6.1000000000000005;4.399999999999977;0.6441457986658504
2022-07-03;5.529166666666666;10.2;1.3;0.8;2.0;63;0.0;0.0;1019.1541666666667;71.16666666666667;100;59.958333333333336;39.958333333333336;6.916666666666667;0.0;0.34931212153186086;0.6372802982862548;2114.0;410.0;1243.0;28208.88;1307.0833333333333;1170.0;6.866666666666667;8.9;;;5.6;2.099999999999909;0.7267359471175946
2022-07-04;7.091666666666666;6.5;3.5;0.9;4.0;61;0.0;0.0;1022.0833333333334;51.166666666666664;100;24.291666666666668;31.125;28.958333333333332;2.0;-0.24799975912119318;0.5033576267098524;2555.0;447.0;1896.0;34414.8;1382.5;1310.0;8.0625;9.4;;;4.6;4.499999999999886;0.5611352607804512
2022-07-05;6.608333333333333;24.5;3.2;0.6;9.0;63;0.0;0.0;1017.1875;99.66666666666667;100;81.16666666666667;97.375;67.0;0.0;-0.46088495130183027;0.861720059441684;358.0;91.0;3.0;0.0;1633.3333333333333;1330.0;9.591666666666667;10.4;;;1.5;9.600000000000023;0.9772289389803547
2022-07-06;5.233333333333333;9.200000000000001;8.0;1.1;12.0;63;0.0;0.0;1015.6;63.125;100;35.458333333333336;43.833333333333336;12.833333333333334;0.0;-0.8636612444413595;0.2704722111789432;2009.0;341.0;1193.0;32137.33;1252.0833333333333;1050.0;6.9875;10.2;;;4.3;12.299999999999955;0.9050226307502065
2022-07-07;5.845833333333334;0.0;0.0;0.0;0.0;3;0.0;0.0;1017.8333333333334;29.916666666666668;98;16.125;2.625;19.458333333333332;12.0;0.06708657156468222;-0.19004790404269714;2791.0;470.0;2207.0;34549.23;2387.9166666666665;1260.0;5.8;8.5;;;7.6;9.600000000000023;0.20154109733581746
2022-07-08;4.95;0.4;0.0;0.0;0.0;51;0.0;0.0;1012.0458333333332;56.916666666666664;100;41.541666666666664;40.583333333333336;46.166666666666664;8.0;0.5299393349779634;0.7648308375506554;2006.0;425.0;957.0;22290.85;2262.0833333333335;1480.0;7.270833333333333;9.5;;;7.0;4.600000000000023;0.9304847708723251
2022-07-09;5.675;44.1;8.0;1.0;14.0;63;0.0;0.0;1006.3166666666666;92.625;100;74.29166666666667;76.375;88.58333333333333;1.0;-0.3400544575104439;0.77495541643091;567.0;146.0;78.0;4560.57;1626.6666666666667;1340.0;9.25;10.5;;;3.8;9.5;0.8462818274832135
2022-07-10;6.908333333333334;2.5;1.5;0.3;3.0;53;0.0;0.0;1015.2916666666666;59.75;100;22.791666666666668;20.833333333333332;40.583333333333336;2.0;-0.1086383963508098;0.8373537819348642;2513.0;442.0;1800.0;32092.18;1350.0;1260.0;7.379166666666666;9.3;;;5.3;6.2999999999999545;0.8443717530106605
2022-07-11;5.770833333333333;0.9;0.6;0.3;1.0;51;0.0;0.0;1023.0666666666666;65.625;100;34.083333333333336;38.583333333333336;29.291666666666668;2.0;-0.042326370571352794;0.7751304991074011;2419.0;423.0;1633.0;28800.0;1306.25;1180.0;6.529166666666666;8.4;;;6.6;6.600000000000023;0.7762852647656222
2022-07-12;7.070833333333333;26.3;0.0;0.0;0.0;63;0.0;0.0;1018.5500000000001;100.0;100;94.375;99.875;82.33333333333333;0.0;-0.5167703839388497;0.43618955140300536;218.0;35.0;0.0;0.0;1673.75;1180.0;8.754166666666666;11.0;;;4.199999999999999;9.199999999999932;0.6762491807532643
2022-07-13;5.5874999999999995;10.9;0.1;0.1;0.0;61;0.0;0.0;1012.475;90.45833333333333;100;64.875;87.04166666666667;47.083333333333336;1.0;0.2178417713752494;-0.5962779415374081;519.0;94.0;11.0;0.0;1155.4166666666667;870.0;6.616666666666667;8.4;;;5.4;4.7999999999999545;0.6348247166895719
2022-07-14;1.9833333333333334;5.9;0.0;0.0;0.0;55;0.0;0.0;1013.75;77.70833333333333;100;51.0;59.0;56.083333333333336;0.0;0.9627220831562786;0.18464308125516363;1131.0;208.0;141.0;4274.76;956.25;670.0;4.358333333333333;6.3;;;4.8999999999999995;5.2000000000000455;0.9802687778625644
2022-07-15;3.2375000000000003;0.3;0.0;0.0;0.0;51;0.0;0.0;1018.6999999999999;75.70833333333333;100;16.291666666666668;41.333333333333336;69.20833333333333;5.0;0.33736929006111555;-0.5328379582184909;2370.0;411.0;1142.0;31965.25;1243.3333333333333;1010.0;4.825;7.1;;;7.0;6.400000000000091;0.630661817137197
2022-07-16;3.7458333333333336;0.9;0.7000000000000001;0.2;3.0;51;0.0;0.0;1024.9833333333333;75.16666666666667;100;17.875;55.375;68.16666666666667;5.0;0.27435554115289196;0.5914967604867545;2004.0;315.0;798.0;23539.01;1075.0;980.0;5.25;7.5;;;7.1;5.100000000000136;0.6520271318186239
2022-07-17;6.270833333333333;31.9;1.7000000000000002;0.4;3.0;63;0.0;0.0;1018.9458333333333;86.04166666666667;100;83.375;79.25;57.25;3.0;-0.4738057027518181;0.205115985702543;298.0;63.0;0.0;0.0;1628.3333333333333;1140.0;8.5875;11.0;;;6.699999999999999;8.100000000000023;0.5162987619110373
2022-07-18;3.2083333333333335;0.0;0.0;0.0;0.0;3;0.0;0.0;1023.5708333333333;53.708333333333336;100;2.9166666666666665;0.0;54.291666666666664;6.0;0.295390119489183;-0.7760173619576513;3144.0;522.0;2589.0;35245.12;2423.3333333333335;1510.0;4.620833333333334;7.6;;;7.8;2.2999999999999545;0.8303362383706652
2022-07-19;3.0708333333333333;0.0;0.0;0.0;0.0;3;0.0;0.0;1020.5291666666667;18.208333333333332;100;4.791666666666667;0.0;13.958333333333334;16.0;-0.005215033111618114;-0.8334523315218245;3155.0;529.0;2607.0;35321.66;3226.6666666666665;3060.0;4.554166666666666;8.7;;;10.899999999999999;4.899999999999977;0.8334686469745102
2022-07-20;8.708333333333334;2.6;0.30000000000000004;0.1;0.0;53;0.0;0.0;1017.7083333333334;95.83333333333333;100;95.75;3.3333333333333335;0.8333333333333334;0.0;-0.025510391311547087;0.34411310626508623;1429.0;255.0;323.0;9481.93;3027.5;2670.0;9.683333333333334;11.7;;;4.999999999999999;4.2999999999999545;0.345057400975946
2022-07-21;9.141666666666667;0.2;0.0;0.0;0.0;51;0.0;0.0;1019.5708333333333;90.45833333333333;100;75.54166666666667;39.125;39.166666666666664;0.0;-0.08089950114461573;0.14345072016572494;2299.0;463.0;1258.0;20296.67;3032.9166666666665;2810.0;9.579166666666667;10.8;;;4.3;2.0;0.16469012842764075
2022-07-22;10.383333333333333;2.8000000000000003;0.0;0.0;0.0;53;0.0;0.0;1017.3041666666667;99.75;100;98.91666666666667;13.041666666666666;93.66666666666667;0.0;-0.020597401728222862;0.9443169994794407;1872.0;350.0;605.0;16615.53;3062.5;2930.0;11.166666666666666;12.6;;;3.5;4.100000000000023;0.9445416075874095
2022-07-23;8.720833333333333;8.200000000000001;0.30000000000000004;0.1;0.0;61;0.0;0.0;1015.9666666666667;100.0;100;100.0;85.20833333333333;100.0;0.0;0.06964385136618022;0.9953478003401073;375.0;68.0;0.0;0.0;2508.3333333333335;2120.0;11.125;11.5;;;1.1999999999999993;2.6000000000000227;0.9977812935082541
2022-07-24;8.508333333333333;6.2;0.0;0.0;0.0;53;0.0;0.0;1015.1208333333334;100.0;100;97.33333333333333;99.125;96.33333333333333;0.0;0.3103318410870156;0.9437313110496572;538.0;111.0;6.0;0.0;2453.3333333333335;2230.0;11.095833333333333;11.5;;;2.0;2.6000000000000227;0.9934458410240398
2022-07-25;6.925;11.8;2.5;0.7;5.0;63;0.0;0.0;1012.2208333333333;96.04166666666667;100;93.75;68.375;41.166666666666664;0.0;0.4121843872614044;0.88941695776446;946.0;225.0;110.0;1276.08;2333.75;1880.0;10.633333333333333;11.1;;;3.1000000000000005;4.600000000000023;0.9802849044339337
2022-07-26;7.554166666666667;15.6;7.3;0.7;15.0;63;0.0;0.0;1017.9583333333334;57.541666666666664;100;51.875;24.125;12.833333333333334;3.0;0.21768370083995256;0.9690166683382616;2626.0;462.0;1787.0;33721.14;1775.0;1690.0;10.358333333333333;11.4;;;3.4000000000000004;7.199999999999932;0.9931663995165979
2022-07-27;8.275;1.0;0.0;0.0;0.0;51;0.0;0.0;1023.0333333333333;40.583333333333336;100;28.166666666666668;25.416666666666668;0.0;6.0;0.4336359073284091;0.7738207293887781;2280.0;398.0;1305.0;34207.12;1707.9166666666667;1590.0;9.370833333333334;10.6;;;4.300000000000001;5.2000000000000455;0.8870392445412509
2022-07-28;7.220833333333334;0.0;0.0;0.0;0.0;0;0.0;0.0;1025.5916666666667;0.20833333333333334;4;0.20833333333333334;0.0;0.0;24.0;0.3013863000264383;-0.7796384817945774;3354.0;541.0;2798.0;35998.77;3200.8333333333335;1820.0;8.016666666666667;11.0;;;7.6;7.100000000000023;0.8358647403369638
2022-07-29;5.733333333333333;0.0;0.0;0.0;0.0;3;0.0;0.0;1016.1541666666667;24.666666666666668;99;7.25;0.0;20.166666666666668;16.0;-0.21147482909196658;-0.8938496760104604;3440.0;553.0;2907.0;36000.0;4040.0;3640.0;6.745833333333334;10.7;;;9.799999999999999;6.7999999999999545;0.9185253652695071
2022-07-30;6.170833333333333;0.0;0.0;0.0;0.0;3;0.0;0.0;1016.9458333333333;83.70833333333333;100;9.833333333333334;41.125;70.66666666666667;2.0;0.3660787768926463;-0.36625865772005933;2643.0;513.0;1301.0;30497.56;3045.8333333333335;2640.0;6.616666666666667;9.6;;;7.6;6.2999999999999545;0.5178407817525725
2022-07-31;7.070833333333333;0.0;0.0;0.0;0.0;3;0.0;0.0;1019.4166666666666;95.08333333333333;100;67.83333333333333;0.8333333333333334;69.58333333333333;0.0;0.07467766714153277;-0.19595278810831782;2387.0;395.0;975.0;26079.27;2685.4166666666665;2470.0;7.375;9.6;;;7.699999999999999;2.0;0.20970037943963016
2022-08-01;6.279166666666666;0.0;0.0;0.0;0.0;3;0.0;0.0;1019.2916666666666;58.166666666666664;100;54.041666666666664;0.125;7.708333333333333;6.0;-0.305582490454874;-0.9046061524292629;2951.0;465.0;1968.0;36000.0;2175.4166666666665;1970.0;7.008333333333333;8.6;;;5.499999999999999;2.3999999999999773;0.95482613573649
2022-08-02;4.733333333333333;0.0;0.0;0.0;0.0;0;0.0;0.0;1020.0541666666667;0.125;2;0.125;0.0;0.0;24.0;0.1386133035387034;-0.8271967552170744;3600.0;572.0;3045.0;36000.0;2212.0833333333335;1970.0;5.5125;8.7;;;7.800000000000001;2.5;0.8387300637031971
2022-08-03;5.120833333333334;0.1;0.0;0.0;0.0;51;0.0;0.0;1022.275;49.833333333333336;100;47.625;0.4583333333333333;8.708333333333334;6.0;-0.22546707064117152;-0.5498984156670955;3238.0;564.0;2385.0;36000.0;2222.0833333333335;1830.0;6.1125;8.8;;;9.6;6.7999999999999545;0.5943262298575529
2022-08-04;7.845833333333334;2.1;0.0;0.0;0.0;53;0.0;0.0;1023.6083333333332;93.83333333333333;100;55.708333333333336;37.416666666666664;59.666666666666664;0.0;-0.1922402204870468;0.38598811381602016;2689.0;491.0;1608.0;29725.9;1846.25;1610.0;8.133333333333333;10.1;;;4.6000000000000005;5.100000000000023;0.4312112317416573
2022-08-05;9.4625;10.1;0.1;0.1;0.0;61;0.0;0.0;1017.2375000000001;99.625;100;90.75;91.16666666666667;92.95833333333333;0.0;-0.22081336163370038;0.6697774551574844;1130.0;225.0;105.0;200.87;2058.3333333333335;1960.0;10.637500000000001;12.2;;;4.300000000000001;5.399999999999977;0.7052378181246461
2022-08-06;8.866666666666667;28.0;2.3;0.5;5.0;63;0.0;0.0;1014.8874999999999;98.66666666666667;100;82.41666666666667;96.58333333333333;86.875;0.0;0.0316689336513029;0.7441908840016889;580.0;126.0;12.0;0.0;1823.75;1670.0;9.770833333333334;10.8;;;2.4000000000000004;2.599999999999909;0.7448644126214017
2022-08-07;7.4624999999999995;1.2000000000000002;2.7;0.3;9.0;51;0.0;0.0;1021.7791666666667;62.083333333333336;100;52.833333333333336;18.166666666666668;8.625;2.0;-0.8355853528885119;-0.2828335394617877;2553.0;389.0;1285.0;33822.75;1510.8333333333333;1380.0;7.970833333333334;8.9;;;2.6000000000000005;9.500000000000114;0.8821551411210511
2022-08-08;6.145833333333333;0.0;0.0;0.0;0.0;2;0.0;0.0;1026.0166666666667;20.375;74;15.625;0.0;5.791666666666667;13.0;-0.016861964833147027;-0.8957888448649037;3736.0;592.0;3048.0;36000.0;2211.25;1200.0;7.058333333333334;9.4;;;7.199999999999999;3.2999999999999545;0.895947532192836
2022-08-09;6.291666666666667;0.0;0.0;0.0;0.0;3;0.0;0.0;1021.775;96.54166666666667;100;0.0;0.0;96.54166666666667;0.0;-0.05898388708406512;-0.8052546727063934;3624.0;582.0;2663.0;36000.0;3417.5;3340.0;6.758333333333333;10.4;;;8.7;7.400000000000091;0.8074120304101411
2022-08-10;6.404166666666666;0.0;0.0;0.0;0.0;3;0.0;0.0;1018.8291666666668;55.666666666666664;100;49.291666666666664;0.0;14.458333333333334;6.0;-0.5070349289012109;-0.8160666792062781;3547.0;560.0;2609.0;36000.0;2727.0833333333335;2420.0;7.216666666666666;8.5;;;3.7;4.2999999999999545;0.9607545180932632
2022-08-11;6.383333333333333;0.0;0.0;0.0;0.0;3;0.0;0.0;1018.2208333333333;32.875;100;31.541666666666668;1.2083333333333333;3.5833333333333335;11.0;-0.08227576298137039;-0.29622648484642705;3661.0;594.0;2862.0;36000.0;2634.5833333333335;1680.0;7.191666666666666;9.7;;;9.899999999999999;4.399999999999977;0.30744012668914433
2022-08-12;7.283333333333334;8.1;1.3;0.3;4.0;55;0.0;0.0;1019.3958333333334;92.70833333333333;100;75.08333333333333;75.16666666666667;63.166666666666664;0.0;-0.06254182358514548;0.9819191343957153;1152.0;200.0;145.0;3583.83;1681.25;1440.0;9.491666666666667;10.0;;;2.9000000000000004;3.2999999999999545;0.9839088708766612
2022-08-13;7.7;9.9;3.5;0.9;5.0;61;0.0;0.0;1018.0916666666667;98.33333333333333;100;86.875;62.25;73.75;0.0;-0.16987857682808227;0.9200556668848189;1906.0;436.0;798.0;13853.78;1967.9166666666667;1830.0;10.799999999999999;11.9;;;3.3000000000000007;2.7000000000000455;0.935607375469007
2022-08-14;6.4375;11.0;2.8000000000000003;0.6;8.0;63;0.0;0.0;1016.5833333333334;80.91666666666667;100;27.541666666666668;41.5;55.75;1.0;-0.8469588824562088;0.27157435941733427;2327.0;487.0;1331.0;21521.68;1455.8333333333333;1050.0;8.333333333333334;10.7;;;6.800000000000001;6.599999999999909;0.8894335170570117
2022-08-15;4.733333333333333;18.1;4.1000000000000005;0.6;7.0;63;0.0;0.0;1022.2166666666667;82.95833333333333;100;62.416666666666664;68.08333333333333;45.208333333333336;0.0;-0.5721529836402938;0.6515222261820419;1877.0;451.0;814.0;15424.56;1158.75;1050.0;6.766666666666667;9.5;;;2.5999999999999996;4.0;0.8670872204672918
2022-08-16;6.295833333333333;22.0;2.8;0.6;8.0;63;0.0;0.0;1015.8333333333334;80.08333333333333;100;80.75;75.25;49.458333333333336;3.0;-0.6817458810991601;0.09133254295209563;586.0;133.0;5.0;0.0;1964.5833333333333;1120.0;9.895833333333334;11.5;;;3.2;6.7999999999999545;0.6878365211282158
2022-08-17;5.1625000000000005;1.1;0.5;0.1;0.0;51;0.0;0.0;1025.675;30.583333333333332;77;22.541666666666668;15.875;0.0;7.0;-0.39248126580277126;-0.8535581285691715;3383.0;535.0;2318.0;36000.0;1107.0833333333333;1020.0;6.183333333333334;7.4;;;5.1;10.5;0.9394695433342434
2022-08-18;4.816666666666666;0.0;0.0;0.0;0.0;1;0.0;0.0;1029.5666666666666;2.1666666666666665;20;0.625;1.4583333333333333;0.08333333333333333;23.0;0.20577505897861545;-0.8357643877936404;4140.0;632.0;3472.0;36181.07;2637.0833333333335;1170.0;6.004166666666666;9.2;;;8.6;7.7999999999999545;0.8607238156352659
2022-08-19;7.491666666666667;0.0;0.0;0.0;0.0;3;0.0;0.0;1020.3208333333333;39.333333333333336;100;6.5;0.0;33.875;10.0;-0.26175108468250863;-0.901329944637252;4064.0;635.0;3126.0;36440.53;3569.5833333333335;3440.0;8.254166666666666;11.9;;;8.7;5.7999999999999545;0.9385676850564703
2022-08-20;8.995833333333334;0.0;0.0;0.0;0.0;3;0.0;0.0;1020.6166666666667;72.91666666666667;100;49.458333333333336;0.0;26.75;3.0;-0.3103672449781905;-0.9252550147120902;3809.0;641.0;2687.0;36000.0;3483.75;3380.0;9.945833333333333;12.9;;;6.4;3.6000000000000227;0.9759224707963344
2022-08-21;10.9625;0.0;0.0;0.0;0.0;1;0.0;0.0;1015.6125000000001;4.958333333333333;28;5.125;0.0;0.0;22.0;-0.3375966792135798;-0.9041460948967819;4379.0;661.0;3750.0;36968.09;3825.4166666666665;3560.0;10.708333333333334;15.5;;;9.700000000000001;5.2000000000000455;0.965117442974241
2022-08-22;9.145833333333334;0.5;0.0;0.0;0.0;51;0.0;0.0;1017.7083333333334;76.29166666666667;100;76.41666666666667;0.0;42.833333333333336;4.0;-0.5134826982976445;-0.5125956277766448;3141.0;524.0;1539.0;32400.0;3776.6666666666665;3410.0;9.549999999999999;10.9;;;5.6;5.199999999999932;0.7255472135338695
2022-08-23;9.233333333333333;0.0;0.0;0.0;0.0;3;0.0;0.0;1021.225;92.5;100;72.83333333333333;46.208333333333336;77.45833333333333;1.0;-0.23931505577118975;-0.22774882569627639;2147.0;366.0;329.0;5739.18;3065.4166666666665;2530.0;9.0375;10.5;;;6.3999999999999995;2.6000000000000227;0.3303652880143441
2022-08-24;7.595833333333334;0.0;0.0;0.0;0.0;3;0.0;0.0;1020.9708333333333;64.79166666666667;100;28.166666666666668;25.041666666666668;50.291666666666664;6.0;-0.13039223827116106;-0.9313335636553246;3224.0;614.0;2040.0;22411.22;2717.0833333333335;2290.0;8.4;10.3;;;4.8;2.8999999999999773;0.9404171109631565
2022-08-25;6.195833333333333;0.0;0.0;0.0;0.0;3;0.0;0.0;1021.6125000000001;26.208333333333332;98;0.4166666666666667;0.0;26.125;16.0;-0.04826778274440818;-0.8967392189182407;4586.0;688.0;3881.0;37582.16;3181.6666666666665;2820.0;6.970833333333334;11.1;;;9.0;3.5;0.8980373074639816
2022-08-26;5.9125000000000005;0.0;0.0;0.0;0.0;3;0.0;0.0;1020.7083333333334;66.375;100;23.666666666666668;15.416666666666666;49.125;7.0;-0.3453251288424073;-0.9242023312928237;4115.0;660.0;2929.0;34879.45;2864.1666666666665;2150.0;7.229166666666667;9.1;;;4.200000000000001;6.300000000000068;0.9866100515285233
2022-08-27;6.095833333333334;0.0;0.0;0.0;0.0;1;0.0;0.0;1026.3208333333334;4.708333333333333;46;4.708333333333333;0.20833333333333334;0.0;22.0;0.19976032985847694;-0.9177252354205852;4639.0;699.0;3830.0;38326.94;2726.6666666666665;1380.0;6.7124999999999995;8.9;;;7.2;3.8999999999998636;0.9392144574658846
2022-08-28;8.491666666666667;0.0;0.0;0.0;0.0;0;0.0;0.0;1018.8958333333334;0.4166666666666667;7;0.20833333333333334;0.0;0.375;24.0;0.02887280633148161;-0.9373864672052666;4947.0;731.0;4286.0;38957.88;3857.9166666666665;3450.0;7.983333333333333;14.7;;;14.599999999999998;10.099999999999909;0.9378310230766658
2022-08-29;7.995833333333334;0.0;0.0;0.0;0.0;3;0.0;0.0;1014.3791666666666;69.54166666666667;100;25.291666666666668;0.0;62.125;5.0;0.3387685469457191;0.2505709632461615;4688.0;719.0;3792.0;38427.67;3849.1666666666665;3570.0;8.658333333333333;12.3;;;11.8;4.7999999999999545;0.4213667476460656
2022-08-30;8.862499999999999;0.7;0.0;0.0;0.0;51;0.0;0.0;1017.4166666666666;99.79166666666667;100;74.0;0.0;95.16666666666667;0.0;0.17734880638547734;0.7899920244067308;1891.0;322.0;235.0;1577.1699999999998;3294.1666666666665;2960.0;9.225;10.2;;;3.3999999999999995;3.699999999999932;0.8096542458065654
2022-08-31;8.041666666666666;0.0;0.0;0.0;0.0;3;0.0;0.0;1020.4958333333334;76.375;100;48.083333333333336;14.25;49.875;2.0;-0.3474654257990024;-0.7944069887609292;4107.0;627.0;2872.0;36055.18;2543.75;1810.0;8.770833333333334;10.9;;;7.4;5.7000000000000455;0.8670724801986793
2022-09-01;7.95;0.0;0.0;0.0;0.0;3;0.0;0.0;1025.8500000000001;18.083333333333332;92;9.5;0.16666666666666666;10.5;18.0;-0.19889499850690218;-0.9201753036343635;4955.0;730.0;4223.0;39478.19;2244.1666666666665;1710.0;8.6875;10.5;;;6.299999999999999;3.2999999999999545;0.941425413853723
2022-09-02;9.191666666666666;0.0;0.0;0.0;0.0;0;0.0;0.0;1021.6666666666666;0.0;0;0.0;0.0;0.0;24.0;-0.11743331939136374;-0.9558851509266661;5031.0;734.0;4355.0;39828.8;3194.5833333333335;2680.0;8.883333333333333;14.6;;;12.1;7.7000000000000455;0.9630716516777812
2022-09-03;8.695833333333333;0.0;0.0;0.0;0.0;3;0.0;0.0;1019.6166666666667;13.041666666666666;100;14.041666666666666;0.0;0.0;20.0;-0.2975216127947243;-0.8813819539493467;5112.0;746.0;4425.0;39888.55;3556.25;3490.0;9.016666666666667;12.6;;;11.1;2.6000000000000227;0.930243655623376
2022-09-04;9.25;0.0;0.0;0.0;0.0;3;0.0;0.0;1017.9583333333334;41.708333333333336;100;39.875;0.0;0.3333333333333333;13.0;-0.47161795057824296;-0.8133272970086228;4911.0;737.0;3940.0;38917.52;3795.0;3660.0;9.387500000000001;12.1;;;8.5;3.6000000000000227;0.9401727412379997
2022-09-05;8.895833333333334;0.0;0.0;0.0;0.0;3;0.0;0.0;1016.7833333333333;74.83333333333333;100;16.916666666666668;0.0;59.833333333333336;3.0;0.12103912768244712;-0.46612258615387486;5000.0;731.0;3842.0;39720.95;3955.4166666666665;3740.0;8.770833333333334;12.9;;;13.3;1.7000000000000455;0.481581494404534
2022-09-06;8.216666666666667;1.2;0.30000000000000004;0.2;1.0;53;0.0;0.0;1014.5625;34.5;100;34.458333333333336;5.041666666666667;1.9166666666666667;15.0;0.18466949038397837;0.7586187667228866;5211.0;766.0;4345.0;39007.19;3159.1666666666665;1800.0;9.012500000000001;10.5;;;6.299999999999999;3.2000000000000455;0.7807722164004248
2022-09-07;6.020833333333333;2.8;2.4;0.6;6.0;61;0.0;0.0;1016.9041666666667;58.333333333333336;100;17.083333333333332;41.5;10.125;3.0;-0.7240012635285255;-0.4288264042435413;4840.0;713.0;3778.0;37530.04;1280.8333333333333;1120.0;7.1125;9.8;;;4.4;7.899999999999977;0.8414689029116562
2022-09-08;5.220833333333333;0.2;0.0;0.0;0.0;51;0.0;0.0;1024.4166666666667;25.75;98;23.625;5.25;0.0;13.0;-0.34646439458468525;-0.8678479833152442;4579.0;672.0;3408.0;39621.93;1107.0833333333333;910.0;5.75;7.1;;;5.199999999999999;6.0;0.9344504796185128
2022-09-09;6.2124999999999995;0.0;0.0;0.0;0.0;0;0.0;0.0;1023.5416666666666;1.0833333333333333;9;1.0416666666666667;0.0;0.0;24.0;0.0761148172855283;-0.9114554594965658;5390.0;773.0;4628.0;41132.97;2463.3333333333335;1240.0;6.6499999999999995;9.6;;;8.399999999999999;6.0;0.9146280774481533
2022-09-10;7.495833333333334;0.0;0.0;0.0;0.0;0;0.0;0.0;1018.6125000000001;0.16666666666666666;2;0.16666666666666666;0.0;0.0;24.0;-0.03389813392390348;-0.5939498089955979;5471.0;781.0;4723.0;41485.75;3033.3333333333335;2630.0;7.158333333333334;10.4;;;11.1;3.2000000000000455;0.5949163462953679
2022-09-11;7.925;0.30000000000000004;0.0;0.0;0.0;51;0.0;0.0;1023.9166666666666;61.291666666666664;100;61.291666666666664;0.0;0.20833333333333334;6.0;0.04414348381765965;-0.33808342955556275;3545.0;560.0;1649.0;29767.02;2169.1666666666665;1670.0;8.158333333333333;10.4;;;6.800000000000001;5.0;0.34095315294569595
2022-09-12;7.2250000000000005;0.0;0.0;0.0;0.0;3;0.0;0.0;1021.2666666666668;46.291666666666664;100;3.25;5.333333333333333;40.416666666666664;9.0;-0.2965354732027427;-0.6617009024920465;5012.0;748.0;3568.0;38230.31;2142.0833333333335;1620.0;7.7749999999999995;10.4;;;10.6;5.599999999999909;0.725107834205619
2022-09-13;9.0625;0.0;0.0;0.0;0.0;3;0.0;0.0;1023.85;35.458333333333336;100;34.25;2.625;0.20833333333333334;10.0;-0.4938911568862217;-0.3759338496414811;5131.0;720.0;4061.0;38261.03;2257.0833333333335;1710.0;9.070833333333333;11.2;;;8.4;5.600000000000023;0.6206889189897579
2022-09-14;7.733333333333333;0.0;0.0;0.0;0.0;3;0.0;0.0;1022.85;71.75;100;38.458333333333336;1.7083333333333333;39.458333333333336;4.0;-0.3152235734671069;-0.6409159883628802;4783.0;678.0;3021.0;41090.68;3144.5833333333335;2820.0;8.383333333333333;11.5;;;8.100000000000001;6.2000000000000455;0.7142402994850824
2022-09-15;10.008333333333335;0.30000000000000004;0.0;0.0;0.0;51;0.0;0.0;1016.375;100.0;100;85.54166666666667;0.0;99.66666666666667;0.0;-0.3910645456439276;0.5918335369713478;3055.0;414.0;710.0;16029.34;2996.6666666666665;2640.0;10.345833333333333;11.5;;;4.699999999999999;4.7999999999999545;0.7093647963803301
2022-09-16;8.433333333333334;9.4;2.0;0.5;5.0;61;0.0;0.0;1014.4166666666666;99.79166666666667;100;93.79166666666667;47.041666666666664;67.04166666666667;0.0;0.08478470678821559;0.7652616705378273;1555.0;257.0;93.0;334.71;2249.1666666666665;1960.0;10.620833333333334;11.1;;;2.5;3.900000000000091;0.7699440699813915
2022-09-17;5.6875;9.0;0.4;0.1;0.0;61;0.0;0.0;1017.8458333333333;68.58333333333333;100;68.08333333333333;57.458333333333336;0.0;7.0;-0.2634221591066684;-0.8423071885974265;2020.0;367.0;544.0;12222.13;1564.5833333333333;1000.0;7.216666666666666;9.3;;;4.4;9.0;0.8825376104570952
2022-09-18;4.841666666666667;0.0;0.0;0.0;0.0;1;0.0;0.0;1024.6083333333333;3.25;47;2.7083333333333335;0.625;0.0;23.0;-0.45918792780497575;-0.8358780868712908;5654.0;773.0;4623.0;42100.36;1103.75;910.0;5.316666666666666;6.8;;;5.2;3.300000000000068;0.9537010690742864
2022-09-19;4.479166666666667;0.0;0.0;0.0;0.0;3;0.0;0.0;1023.8541666666666;48.833333333333336;100;14.25;24.708333333333332;23.291666666666668;8.0;-0.10045407788524251;-0.7288426525455188;5869.0;822.0;4933.0;40048.62;1369.5833333333333;1150.0;5.595833333333334;7.9;;;9.299999999999999;5.0;0.7357327190857847
2022-09-20;5.891666666666667;0.8;0.1;0.1;0.0;51;0.0;0.0;1024.3208333333334;42.291666666666664;100;25.5;26.791666666666668;9.916666666666666;5.0;-0.6941667243142758;-0.604756420868464;4963.0;728.0;3513.0;41459.0;1215.4166666666667;1110.0;6.625;7.8;;;5.0;6.100000000000136;0.920650731671271
2022-09-21;7.154166666666666;2.3000000000000003;0.0;0.0;0.0;53;0.0;0.0;1029.4458333333334;51.125;100;30.833333333333332;29.125;0.0;5.0;-0.32589247229011714;-0.012108980597324315;5313.0;739.0;4071.0;41720.73;1237.9166666666667;990.0;6.741666666666667;8.1;;;5.800000000000001;3.5;0.32611735756698257
2022-09-22;9.025;0.0;0.0;0.0;0.0;3;0.0;0.0;1025.05;78.95833333333333;100;40.0;38.416666666666664;35.625;5.0;-0.019028961356504535;-0.4707440998664696;4855.0;774.0;3363.0;34100.04;2392.5;1600.0;8.983333333333333;11.4;;;7.800000000000001;9.000000000000114;0.4711285482003824
2022-09-23;9.620833333333334;0.0;0.0;0.0;0.0;3;0.0;0.0;1019.7125;52.333333333333336;100;15.75;33.041666666666664;38.541666666666664;7.0;-0.5846630490939996;-0.7810879617331622;5601.0;725.0;4379.0;42342.98;2465.8333333333335;2280.0;10.383333333333333;12.3;;;7.2;1.7999999999999545;0.9756686348040293
2022-09-24;8.208333333333334;0.0;0.0;0.0;0.0;3;0.0;0.0;1020.4708333333333;62.458333333333336;100;39.958333333333336;4.25;50.583333333333336;7.0;-0.40271696377321814;-0.6487277004704747;5314.0;771.0;3520.0;42316.23;2059.1666666666665;1870.0;8.65;10.2;;;5.9;5.600000000000023;0.7635630833588207
2022-09-25;8.879166666666666;0.0;0.0;0.0;0.0;3;0.0;0.0;1022.5124999999999;74.70833333333333;100;39.208333333333336;12.458333333333334;44.041666666666664;5.0;-0.44674531370851883;-0.35795350040062296;5832.0;828.0;4685.0;36921.49;1923.75;1760.0;8.591666666666667;9.6;;;4.499999999999999;2.7999999999999545;0.5724614255734457
2022-09-26;8.9;1.9;0.0;0.0;0.0;53;0.0;0.0;1020.125;76.45833333333333;100;63.5;49.291666666666664;46.208333333333336;6.0;0.03292956897722273;0.7017608297331287;2853.0;543.0;542.0;10131.5;2084.5833333333335;1960.0;9.674999999999999;11.2;;;3.8;2.6000000000000227;0.7025330018303446
2022-09-27;10.658333333333333;0.0;0.0;0.0;0.0;0;0.0;0.0;1019.9166666666666;0.3333333333333333;2;0.3333333333333333;0.0;0.0;24.0;-0.31689791959966157;-0.890395925513407;6443.0;881.0;5614.0;42539.59;2876.25;2390.0;10.591666666666667;13.5;;;8.100000000000001;3.2000000000000455;0.9451080338339476
2022-09-28;11.320833333333333;0.0;0.0;0.0;0.0;3;0.0;0.0;1018.65;15.666666666666666;96;16.125;0.0;0.0;19.0;-0.06904994092578082;-0.2054626191315102;6407.0;866.0;5601.0;43039.28;3255.4166666666665;3080.0;10.387500000000001;14.7;;;12.2;2.400000000000091;0.21675512035989794
2022-09-29;9.633333333333335;0.30000000000000004;0.0;0.0;0.0;51;0.0;0.0;1019.2083333333334;82.29166666666667;100;76.25;0.0;24.208333333333332;4.0;-0.3394446649377936;0.1293383406925835;4442.0;640.0;1825.0;29645.16;3205.0;3010.0;10.1;12.3;;;6.1;3.6000000000000227;0.3632507218545364
2022-09-30;10.512500000000001;0.0;0.0;0.0;0.0;3;0.0;0.0;1020.15;94.79166666666667;100;43.208333333333336;2.0833333333333335;93.04166666666667;1.0;-0.2963019160427439;-0.8104530823378906;5108.0;777.0;2565.0;35972.12;3115.0;2990.0;10.75;13.2;;;7.7;3.3999999999999773;0.8629188977659424
2022-10-01;11.995833333333332;0.0;0.0;0.0;0.0;3;0.0;0.0;1017.2666666666668;52.166666666666664;100;9.416666666666666;1.1666666666666667;52.041666666666664;11.0;-0.22703850148820393;0.2308073641115516;6111.0;870.0;4681.0;41990.37;3387.9166666666665;3260.0;11.299999999999999;13.3;;;7.9;3.300000000000068;0.32375688484746007
2022-10-02;9.424999999999999;0.0;0.0;0.0;0.0;3;0.0;0.0;1016.2791666666667;89.70833333333333;100;49.75;0.0;80.5;2.0;-0.05210273450511843;0.3514836271479987;6043.0;864.0;4265.0;43347.4;3681.6666666666665;3570.0;9.3375;11.7;;;8.4;2.3999999999999773;0.35532440824692046
2022-10-03;8.679166666666667;0.8;0.0;0.0;0.0;53;0.0;0.0;1015.7291666666666;91.58333333333333;100;72.83333333333333;34.583333333333336;61.458333333333336;0.0;-0.2938249289790051;0.7054593379369853;3399.0;806.0;1050.0;14789.24;2651.6666666666665;2120.0;9.145833333333334;10.1;;;2.8999999999999995;3.800000000000068;0.7642028306490412
2022-10-04;9.670833333333333;6.9;0.0;0.0;0.0;61;0.0;0.0;1017.8291666666668;75.91666666666667;100;50.5;47.625;40.458333333333336;3.0;-0.07481549513016449;0.9045420619846231;4003.0;614.0;1909.0;32190.06;1891.25;1710.0;10.258333333333333;11.3;;;2.3999999999999986;4.7999999999999545;0.9076308171337977
2022-10-05;9.404166666666667;0.6000000000000001;0.0;0.0;0.0;51;0.0;0.0;1022.1374999999999;89.54166666666667;100;66.25;23.958333333333332;43.166666666666664;0.0;-0.45309094135875755;-0.2933288482765266;5732.0;823.0;3723.0;42956.23;2230.4166666666665;1920.0;9.391666666666667;11.1;;;8.0;6.800000000000068;0.5397529197443943
2022-10-06;9.783333333333333;4.5;0.0;0.0;0.0;53;0.0;0.0;1023.7333333333332;100.0;100;90.66666666666667;65.75;57.208333333333336;0.0;-0.03409871687792642;0.9804376299243945;1552.0;213.0;85.0;0.0;2960.4166666666665;2030.0;10.674999999999999;11.3;;;3.0;4.100000000000136;0.9810304116919542
2022-10-07;9.5625;7.3999999999999995;0.4;0.1;0.0;61;0.0;0.0;1018.1208333333334;88.91666666666667;100;77.54166666666667;54.291666666666664;5.375;1.0;-0.7793912533340296;-0.1764949759346547;3167.0;857.0;1629.0;10921.04;2371.6666666666665;1280.0;10.591666666666667;12.5;;;10.2;5.5;0.7991252732230184
2022-10-08;6.433333333333334;0.0;0.0;0.0;0.0;0;0.0;0.0;1024.7416666666666;1.3333333333333333;12;1.3333333333333333;0.0;0.0;24.0;0.08869693075910116;-0.8980947512285807;7052.0;930.0;6110.0;45376.2;1688.75;1020.0;6.658333333333334;9.3;;;9.0;5.000000000000114;0.9024640312557676
2022-10-09;8.479166666666666;0.0;0.0;0.0;0.0;0;0.0;0.0;1018.5291666666667;0.0;0;0.0;0.0;0.0;24.0;-0.20569872307885675;-0.9362326903595904;7212.0;943.0;6336.0;45512.89;2992.9166666666665;2760.0;8.183333333333334;12.7;;;10.8;8.5;0.9585633078593343
2022-10-10;7.941666666666666;0.0;0.0;0.0;0.0;2;0.0;0.0;1018.6583333333333;8.416666666666666;76;8.75;0.0;0.0;22.0;-0.35039792775144746;-0.7627571275462314;7099.0;937.0;6174.0;45643.62;3030.4166666666665;2810.0;8.295833333333333;10.6;;;9.200000000000001;6.5;0.8393909359738682
2022-10-11;7.4750000000000005;0.0;0.0;0.0;0.0;3;0.0;0.0;1023.5541666666667;30.208333333333332;100;9.5;11.125;18.75;14.0;-0.5537099077727144;-0.8049215012093075;6354.0;849.0;4496.0;45688.43;2677.0833333333335;2360.0;8.291666666666666;9.8;;;6.7;3.199999999999932;0.976981721975756
2022-10-12;7.720833333333334;0.0;0.0;0.0;0.0;3;0.0;0.0;1024.3583333333333;67.83333333333333;100;61.666666666666664;0.125;22.291666666666668;4.0;-0.5191369051612329;-0.8252194016568324;5808.0;868.0;4016.0;36115.67;2494.1666666666665;2240.0;8.916666666666666;10.5;;;5.000000000000001;3.699999999999932;0.9749308627647622
2022-10-13;6.020833333333333;0.0;0.0;0.0;0.0;3;0.0;0.0;1025.3208333333334;19.625;100;4.291666666666667;0.2916666666666667;16.125;17.0;-0.2598235417522503;-0.8946461383276966;7212.0;947.0;6215.0;45891.47;2767.5;2640.0;7.2;9.0;;;6.499999999999999;3.4999999999998863;0.9316114993243393
2022-10-14;8.983333333333333;0.0;0.0;0.0;0.0;0;0.0;0.0;1021.8833333333333;0.0;0;0.0;0.0;0.0;24.0;-0.36759418763473545;-0.9055491415167198;7280.0;948.0;6325.0;45973.75;3535.8333333333335;2940.0;9.641666666666667;12.1;;;8.1;5.600000000000023;0.9773150640834866
2022-10-15;11.637500000000001;0.0;0.0;0.0;0.0;3;0.0;0.0;1018.1291666666666;38.875;98;0.8333333333333334;0.0;38.75;13.0;-0.4175507306072077;-0.8807017318552024;7354.0;946.0;6298.0;46055.7;3743.75;3450.0;11.433333333333332;15.3;;;10.000000000000002;2.199999999999932;0.9746713051708077
2022-10-16;8.604166666666666;0.0;0.0;0.0;0.0;3;0.0;0.0;1018.2958333333332;82.29166666666667;100;50.25;0.041666666666666664;45.625;1.0;-0.6035812762888212;-0.7802065864111752;6427.0;903.0;4693.0;44633.11;3024.5833333333335;2820.0;10.116666666666667;11.6;;;6.199999999999999;3.5;0.9864241859189286
2022-10-17;10.433333333333334;0.1;0.4;0.2;1.0;51;0.0;0.0;1015.7083333333334;79.95833333333333;100;71.95833333333333;4.291666666666667;39.083333333333336;2.0;-0.4486868091101475;0.045127115877606476;5586.0;794.0;3230.0;37633.17;2770.4166666666665;2700.0;10.583333333333334;12.4;;;6.9;1.1000000000000227;0.45095045099974884
2022-10-18;10.5;10.1;2.5;0.8;6.0;63;0.0;0.0;1017.5375;45.75;100;44.75;6.666666666666667;21.875;11.0;-0.06656769254370307;0.4772730544039634;6585.0;880.0;4957.0;43200.0;2720.4166666666665;2510.0;10.554166666666667;12.2;;;5.5;3.7999999999999545;0.48189296130020576
2022-10-19;10.4125;1.0;0.0;0.0;0.0;51;0.0;0.0;1020.9375;65.0;100;66.79166666666667;0.0;7.083333333333333;8.0;-0.8062897740315682;-0.3591567353270073;5591.0;786.0;3185.0;34790.56;3082.9166666666665;2870.0;10.375;12.1;;;6.199999999999999;7.5;0.8826645796896074
2022-10-20;10.204166666666667;0.0;0.0;0.0;0.0;3;0.0;0.0;1022.6833333333333;76.45833333333333;100;53.25;20.666666666666668;50.166666666666664;1.0;-0.7547301192597852;-0.6123201845587791;6933.0;907.0;5516.0;42857.06;2828.75;2660.0;9.7125;11.6;;;7.9;3.7999999999999545;0.9718814543636414
2022-10-21;9.108333333333333;0.0;0.0;0.0;0.0;3;0.0;0.0;1019.7208333333333;25.125;100;22.75;1.0;1.2083333333333333;17.0;-0.407784080090076;-0.8682861052488393;7574.0;983.0;6531.0;46498.72;2779.1666666666665;2230.0;9.441666666666666;11.0;;;7.7;2.7000000000000455;0.9592750473889686
2022-10-22;9.387500000000001;0.0;0.0;0.0;0.0;3;0.0;0.0;1016.9333333333334;74.20833333333333;100;27.916666666666668;0.0;52.041666666666664;4.0;-0.6284823716208067;-0.6052223025561305;7647.0;983.0;6398.0;46611.83;3492.9166666666665;3240.0;9.525;11.9;;;9.5;2.2999999999999545;0.8725159751829522
2022-10-23;8.941666666666666;0.0;0.0;0.0;0.0;3;0.0;0.0;1019.4791666666666;71.875;100;41.875;0.041666666666666664;52.208333333333336;5.0;-0.8545783255885072;0.04197140656651713;7130.0;894.0;5239.0;46687.58;3077.5;2970.0;7.891666666666667;8.9;;;5.3999999999999995;3.3999999999999773;0.8556083879525893
2022-10-24;10.470833333333333;0.0;0.0;0.0;0.0;3;0.0;0.0;1018.1999999999999;48.666666666666664;100;26.791666666666668;0.0;25.5;5.0;-0.2434082339190434;0.11292694585144687;6434.0;883.0;4283.0;46725.28;3231.25;2980.0;9.970833333333333;13.1;;;11.6;3.7999999999999545;0.2683282755114029
2022-10-25;10.670833333333334;0.2;0.0;0.0;0.0;51;0.0;0.0;1016.6041666666666;97.91666666666667;100;97.79166666666667;20.625;32.75;0.0;-0.2934224349484474;0.2910794460232133;5634.0;755.0;2817.0;39466.15;2673.3333333333335;2320.0;10.975;12.4;;;6.0;6.199999999999932;0.4133085641845044
2022-10-26;11.983333333333334;1.2000000000000002;0.5;0.2;1.0;51;0.0;0.0;1020.6583333333333;51.25;100;48.416666666666664;38.875;0.16666666666666666;10.0;-0.5534564023865606;0.030691033720919497;6205.0;893.0;4713.0;34558.95;2714.5833333333335;2170.0;11.987499999999999;13.1;;;7.0;2.1000000000000227;0.554306710128547
2022-10-27;11.170833333333334;0.2;0.0;0.0;0.0;51;0.0;0.0;1018.1958333333333;46.375;100;17.041666666666668;14.375;37.5;11.0;-0.6701674554713221;-0.476608544197831;7803.0;1002.0;6643.0;43200.0;3528.3333333333335;3490.0;10.775;11.8;;;6.4;1.5;0.8223625251525524
2022-10-28;11.125;15.1;0.5;0.1;0.0;61;0.0;0.0;1018.4208333333332;100.0;100;94.5;84.70833333333333;72.83333333333333;0.0;-0.3353789356203995;0.9340387722071398;1315.0;208.0;54.0;0.0;3303.75;3070.0;12.483333333333334;13.0;;;1.5999999999999996;2.2999999999999545;0.9924250392065354
2022-10-29;9.595833333333333;4.8;0.7000000000000001;0.1;0.0;61;0.0;0.0;1017.5208333333334;80.79166666666667;100;78.79166666666667;27.541666666666668;0.0;4.0;-0.6113134630239779;0.15555981991428627;2329.0;316.0;233.0;2756.42;2570.4166666666665;1260.0;11.295833333333334;13.2;;;7.5;7.199999999999932;0.6307955355312318
2022-10-30;7.104166666666667;0.0;0.0;0.0;0.0;2;0.0;0.0;1025.2958333333333;6.0;56;5.5;0.4166666666666667;0.0;22.0;0.024100445798925858;-0.9697477041664465;8110.0;1017.0;6966.0;46825.99;1632.0833333333333;970.0;6.908333333333334;9.4;;;8.4;4.099999999999909;0.9700471335063059
2022-10-31;11.762500000000001;0.0;0.0;0.0;0.0;0;0.0;0.0;1022.8958333333334;0.0;0;0.0;0.0;0.0;24.0;0.3235717173239816;-0.9359008041245721;8422.0;1049.0;7463.0;46800.0;3327.5;2790.0;9.5875;15.4;;;15.899999999999999;8.300000000000068;0.9902570229051705
2022-11-01;16.170833333333334;0.0;0.0;0.0;0.0;0;0.0;0.0;1014.7541666666666;0.0;0;0.0;0.0;0.0;24.0;0.15170336961166983;-0.38112006904288226;8448.0;1045.0;7492.0;46800.0;4036.6666666666665;3940.0;13.275;21.9;;;19.5;5.600000000000023;0.4102029002564295
2022-11-02;11.370833333333332;0.0;0.0;0.0;0.0;3;0.0;0.0;1015.5749999999999;43.75;100;43.708333333333336;0.0;0.0;10.0;0.10049305463607032;0.9680755330580708;7500.0;949.0;5667.0;46800.0;3899.1666666666665;3720.0;11.424999999999999;13.1;;;6.300000000000001;2.7999999999999545;0.9732774998610397
2022-11-03;10.504166666666666;0.0;0.0;0.0;0.0;3;0.0;0.0;1016.4499999999999;95.95833333333333;100;96.58333333333333;0.0;6.625;0.0;-0.380165511499319;0.8720423262713209;5941.0;708.0;2801.0;43153.73;3702.9166666666665;3530.0;10.308333333333334;11.2;;;3.3000000000000007;3.099999999999909;0.9513062781997372
2022-11-04;10.620833333333334;0.1;0.0;0.0;0.0;51;0.0;0.0;1017.0166666666668;91.45833333333333;100;72.66666666666667;0.125;70.5;1.0;-0.4152167859528289;0.8672754862466059;5341.0;659.0;1923.0;40468.18;3996.25;3710.0;10.0875;11.2;;;3.299999999999999;4.0;0.9615465398935634
2022-11-05;10.612499999999999;0.1;0.0;0.0;0.0;51;0.0;0.0;1019.0791666666668;48.625;100;47.708333333333336;0.7916666666666666;18.041666666666668;9.0;-0.1445624483043811;0.3390408860508742;5932.0;797.0;3175.0;43001.77;3675.4166666666665;3560.0;10.208333333333334;12.6;;;6.9;2.6000000000000227;0.36857431255300294
2022-11-06;10.4625;0.0;0.0;0.0;0.0;3;0.0;0.0;1018.475;57.958333333333336;100;20.041666666666668;1.375;39.583333333333336;6.0;-0.6047332397996833;-0.7407081903793328;7411.0;1019.0;5282.0;44765.15;3826.25;3770.0;10.441666666666666;12.4;;;8.299999999999999;2.6000000000000227;0.9562169809272616
2022-11-07;12.354166666666666;0.0;0.0;0.0;0.0;3;0.0;0.0;1017.0791666666668;57.791666666666664;100;12.208333333333334;26.833333333333332;35.083333333333336;8.0;-0.5727696041514043;-0.6546681765695083;7918.0;1014.0;6401.0;46800.0;3762.5;3580.0;11.533333333333333;13.7;;;9.8;3.2999999999999545;0.8698594374107815
2022-11-08;12.5;0.9;0.0;0.0;0.0;51;0.0;0.0;1013.5416666666666;95.29166666666667;100;39.5;32.5;65.5;0.0;0.04806768163650857;0.4093047149760271;7009.0;879.0;4468.0;44501.16;3565.4166666666665;3420.0;12.745833333333332;13.9;;;4.800000000000001;3.3999999999999773;0.41211752173320115
2022-11-09;10.5375;3.7;0.8;0.2;1.0;53;0.0;0.0;1014.9375;83.16666666666667;100;66.08333333333333;35.083333333333336;21.25;0.0;0.1795510283563487;0.9806960317475464;5139.0;882.0;2969.0;29730.07;2715.4166666666665;1960.0;11.700000000000001;12.8;;;5.200000000000001;5.399999999999977;0.9969971306223537
2022-11-10;11.0875;1.4;0.1;0.1;0.0;51;0.0;0.0;1016.525;99.875;100;73.70833333333333;74.5;72.16666666666667;0.0;0.15452507404542357;0.9510219862652942;4128.0;694.0;1169.0;19895.68;2322.0833333333335;2090.0;11.795833333333334;12.9;;;5.100000000000001;3.0;0.9634940668570456
2022-11-11;10.487499999999999;14.6;1.2;0.4;4.0;63;0.0;0.0;1014.6750000000001;81.04166666666667;100;47.125;47.791666666666664;43.5;0.0;0.19495444460429764;0.9641913887105095;6251.0;824.0;3769.0;37957.58;2195.8333333333335;2080.0;11.512500000000001;12.6;;;4.699999999999999;2.7000000000000455;0.9837033442732982
2022-11-12;10.991666666666667;3.9;1.9000000000000001;1.1;2.0;53;0.0;0.0;1014.8958333333334;65.625;100;38.458333333333336;40.166666666666664;31.291666666666668;2.0;0.15700046584658925;0.9639652562956119;7022.0;976.0;4902.0;39446.16;2070.4166666666665;1970.0;11.4;12.7;;;5.4;6.0;0.9766668631734727
2022-11-13;12.1625;2.7;0.0;0.0;0.0;53;0.0;0.0;1019.2666666666668;57.208333333333336;98;41.458333333333336;11.125;20.583333333333332;0.0;-0.28234297059675967;0.7974912953649941;7400.0;964.0;5544.0;47330.53;2327.0833333333335;2060.0;12.070833333333333;13.3;;;6.0;1.7999999999999545;0.8459964061556875
2022-11-14;13.558333333333332;0.2;0.0;0.0;0.0;51;0.0;0.0;1018.4583333333334;60.708333333333336;100;54.041666666666664;28.666666666666668;18.791666666666668;7.0;-0.11233392539065301;0.06559969795534516;7292.0;934.0;5439.0;41025.99;3106.6666666666665;2600.0;12.570833333333333;14.6;;;9.2;2.8999999999999773;0.13008547638189788
2022-11-15;13.545833333333334;0.0;0.0;0.0;0.0;3;0.0;0.0;1016.7333333333332;34.875;99;2.9583333333333335;0.0;35.541666666666664;13.0;-0.5377483246642645;-0.7970386681133744;8450.0;1025.0;7323.0;48816.85;3766.6666666666665;3570.0;13.170833333333334;15.3;;;7.699999999999999;3.3999999999999773;0.9614800565519626
2022-11-16;14.0625;0.0;0.0;0.0;0.0;3;0.0;0.0;1017.75;20.333333333333332;100;13.458333333333334;0.0;12.166666666666666;17.0;-0.5933556049900944;-0.7723354879596132;8611.0;1040.0;7547.0;48996.14;3840.0;3790.0;13.495833333333332;15.3;;;7.5;3.0;0.9739471135205313
2022-11-17;14.291666666666666;0.0;0.0;0.0;0.0;3;0.0;0.0;1016.7916666666666;77.66666666666667;100;41.875;8.041666666666666;53.375;0.0;-0.6156261656850324;-0.6134869564280581;8208.0;1028.0;6561.0;47838.87;3733.75;3460.0;13.941666666666668;15.5;;;8.5;2.3999999999999773;0.869115539835422
2022-11-18;14.3375;0.0;0.0;0.0;0.0;2;0.0;0.0;1017.4875000000001;13.875;77;13.666666666666666;0.3333333333333333;0.0;17.0;-0.5578199363536988;-0.8023879678279195;8442.0;989.0;7177.0;49117.31;3587.9166666666665;3090.0;14.0375;16.1;;;8.700000000000001;2.2999999999999545;0.9772356585331212
2022-11-19;10.566666666666666;0.0;0.0;0.0;0.0;3;0.0;0.0;1017.1;23.875;100;5.041666666666667;0.0;16.625;17.0;-0.4850103601280016;-0.8660400229238953;8150.0;1007.0;6414.0;49177.5;3790.0;3230.0;11.225;12.6;;;6.000000000000001;5.100000000000023;0.9926028262792298
2022-11-20;12.195833333333333;0.0;0.0;0.0;0.0;1;0.0;0.0;1017.7083333333334;1.8333333333333333;20;1.7916666666666667;0.041666666666666664;0.0;23.0;-0.3703482003311766;-0.8707441600309244;9045.0;1078.0;8008.0;49454.18;3377.9166666666665;3270.0;11.804166666666667;13.8;;;6.199999999999999;4.899999999999977;0.9462310403471772
2022-11-21;13.8375;0.0;0.0;0.0;0.0;0;0.0;0.0;1015.275;0.5416666666666666;6;0.0;0.0;0.2916666666666667;24.0;-0.4802266413636669;-0.8599324258038212;8942.0;1070.0;7934.0;49814.33;3800.0;3560.0;12.779166666666667;15.8;;;11.1;3.2999999999999545;0.9849372589278326
2022-11-22;13.2125;0.0;0.0;0.0;0.0;3;0.0;0.0;1015.6083333333332;31.0;97;2.7916666666666665;0.0;33.708333333333336;12.0;-0.5546322912308422;-0.8183328003222042;8718.0;1040.0;7638.0;49863.03;4252.083333333333;4110.0;12.966666666666667;15.7;;;10.0;2.5;0.9885775389716046
2022-11-23;14.016666666666666;0.0;0.0;0.0;0.0;2;0.0;0.0;1016.5916666666667;17.416666666666668;71;3.8333333333333335;0.0;14.75;16.0;-0.5201015825508016;-0.8407034262423171;8545.0;1021.0;7446.0;49598.27;4472.916666666667;4370.0;13.883333333333333;15.8;;;7.400000000000002;2.400000000000091;0.9885787308390867
2022-11-24;15.254166666666668;0.0;0.0;0.0;0.0;3;0.0;0.0;1015.1125000000001;82.79166666666667;100;0.4166666666666667;0.0;82.75;3.0;-0.473529002518923;-0.8658175551570869;7915.0;1038.0;5467.0;44508.79;4518.75;4450.0;14.545833333333334;16.9;;;8.299999999999999;2.3999999999999773;0.9868483951675462
2022-11-25;16.204166666666666;0.0;0.0;0.0;0.0;3;0.0;0.0;1013.9499999999999;27.0;100;27.083333333333332;0.0;0.625;16.0;-0.5234368984601039;-0.4593782383438723;8853.0;1063.0;7732.0;49698.57;4496.25;4440.0;13.779166666666667;15.7;;;11.0;3.0;0.6964298618909536
2022-11-26;15.991666666666667;0.0;0.0;0.0;0.0;2;0.0;0.0;1013.2875;18.0;73;18.625;0.0;0.0;16.0;-0.2952852795468451;0.09630796835297266;8768.0;1036.0;7518.0;50382.08;4386.666666666667;4350.0;13.733333333333334;16.8;;;12.899999999999999;2.2000000000000455;0.3105939810835613
2022-11-27;12.508333333333333;0.0;0.0;0.0;0.0;3;0.0;0.0;1013.6416666666668;100.0;100;100.0;0.0;0.0;0.0;-0.08319954499827381;0.9694583614392464;6137.0;847.0;2793.0;42475.23;4457.5;4400.0;12.5;14.1;;;6.100000000000001;1.8999999999999773;0.9730219313316572
2022-11-28;13.35;0.0;0.0;0.0;0.0;3;0.0;0.0;1014.8166666666666;77.79166666666667;100;77.75;0.0;0.0;4.0;-0.37907520992090177;0.4907157024329869;6926.0;916.0;3660.0;43423.95;4212.083333333333;4120.0;12.570833333333333;13.8;;;5.5;3.2000000000000455;0.6200805716928046
2022-11-29;12.916666666666666;0.0;0.0;0.0;0.0;3;0.0;0.0;1014.625;88.41666666666667;100;11.25;0.0;86.58333333333333;1.0;-0.6727221153619011;-0.7113946558103459;8109.0;1018.0;5793.0;48787.19;3800.4166666666665;3230.0;12.75;14.5;;;8.500000000000002;3.2000000000000455;0.9791003017119908
2022-11-30;11.091666666666667;0.0;0.0;0.0;0.0;3;0.0;0.0;1017.5124999999999;29.416666666666668;95;16.625;0.875;20.916666666666668;13.0;-0.5716086254619116;-0.7944411689287119;8591.0;1061.0;6918.0;49957.37;3315.0;3190.0;10.987499999999999;12.8;;;9.7;2.6000000000000227;0.9787099629569908
2022-12-01;12.133333333333333;0.0;0.0;0.0;0.0;0;0.0;0.0;1016.6708333333332;0.0;0;0.0;0.0;0.0;24.0;-0.5767840316597864;-0.7492470693538705;9302.0;1100.0;8260.0;50647.78;3818.3333333333335;3420.0;11.262500000000001;13.5;;;8.999999999999998;2.8999999999999773;0.945542696081505
2022-12-02;13.066666666666668;0.0;0.0;0.0;0.0;3;0.0;0.0;1015.8458333333333;28.0;100;23.958333333333332;0.0;7.083333333333333;13.0;-0.6792334438511084;-0.6276139390867392;8946.0;1063.0;7821.0;50700.97;4016.6666666666665;3750.0;12.358333333333334;14.8;;;9.900000000000002;2.199999999999932;0.9248012369054283
2022-12-03;14.1;0.0;0.0;0.0;0.0;3;0.0;0.0;1017.4666666666667;44.375;100;13.875;0.0;32.125;7.0;-0.63196486637195;-0.7283950230998247;8576.0;994.0;6651.0;50433.68;3727.5;3590.0;13.65;16.4;;;9.099999999999998;2.599999999999909;0.9643333977443231
2022-12-04;14.020833333333334;0.0;0.0;0.0;0.0;0;0.0;0.0;1015.0458333333332;0.125;2;0.0;0.0;0.20833333333333334;24.0;-0.5430270844954476;-0.8062180224101684;9165.0;1079.0;8111.0;50806.28;3869.1666666666665;3770.0;13.041666666666666;15.3;;;9.799999999999999;4.300000000000068;0.9720421359975033
2022-12-05;14.1625;0.0;0.0;0.0;0.0;2;0.0;0.0;1014.0416666666666;9.833333333333334;78;11.083333333333334;0.0;0.0;20.0;-0.6543698486280257;-0.7091435819766114;9024.0;1068.0;7847.0;50858.26;3799.5833333333335;3550.0;13.316666666666668;14.6;;;8.299999999999999;5.5;0.9649272089914784
2022-12-06;16.095833333333335;0.0;0.0;0.0;0.0;3;0.0;0.0;1016.1916666666666;19.083333333333332;100;20.291666666666668;0.0;0.0;18.0;-0.5555798044415645;-0.7591999526887396;9040.0;1063.0;7934.0;50909.55;3763.75;3600.0;14.375;16.1;;;9.8;1.6000000000000227;0.9407728138429127
2022-12-07;13.745833333333332;1.7000000000000002;0.0;0.0;0.0;53;0.0;0.0;1015.7624999999999;100.0;100;100.0;35.916666666666664;18.041666666666668;0.0;-0.295350367933986;0.46462782083103765;4636.0;701.0;1300.0;20748.99;3723.3333333333335;3460.0;13.820833333333333;15.4;;;5.0;3.2000000000000455;0.5505550396908012
2022-12-08;15.679166666666667;3.4;0.2;0.2;1.0;55;0.0;0.0;1014.4375;100.0;100;100.0;31.75;0.0;0.0;0.09794959512484375;0.9864720050095085;3969.0;739.0;930.0;11258.67;4387.916666666667;4090.0;15.691666666666668;17.4;;;6.0;2.3999999999999773;0.9913229241032412
2022-12-09;18.075;0.30000000000000004;0.2;0.1;0.0;51;0.0;0.0;1014.8708333333334;84.54166666666667;100;78.20833333333333;23.375;5.875;1.0;-0.4640297010238785;-0.08786912783075614;7493.0;958.0;4718.0;43152.84;4164.583333333333;4080.0;16.195833333333333;18.1;;;8.799999999999999;3.7000000000000455;0.47227592258980117
2022-12-10;15.470833333333333;0.0;0.0;0.0;0.0;1;0.0;0.0;1016.4041666666667;2.3333333333333335;22;3.0833333333333335;0.875;0.0;23.0;-0.5380952290236304;-0.8199365752185014;9228.0;1081.0;8160.0;51109.0;4169.166666666667;4060.0;14.116666666666667;16.3;;;8.599999999999998;3.7999999999999545;0.9807356743175188
2022-12-11;14.195833333333333;0.0;0.0;0.0;0.0;0;0.0;0.0;1018.1374999999999;0.2916666666666667;4;0.16666666666666666;0.16666666666666666;0.0;24.0;-0.42477543724569733;-0.8861835014757697;9228.0;1078.0;8145.0;51159.31;4327.083333333333;4190.0;13.479166666666666;15.1;;;8.100000000000001;2.8999999999999773;0.982728533408453
2022-12-12;13.25;0.0;0.0;0.0;0.0;1;0.0;0.0;1018.3208333333333;1.4166666666666667;20;2.1666666666666665;0.0;0.0;23.0;-0.40950899667804624;-0.8855626658845832;9034.0;1059.0;7896.0;51174.81;4465.0;4300.0;12.479166666666666;14.2;;;7.9;5.5;0.9756632890341166
2022-12-13;14.895833333333334;0.0;0.0;0.0;0.0;2;0.0;0.0;1014.0500000000001;4.833333333333333;69;0.4166666666666667;0.0;4.708333333333333;22.0;-0.5858875133837761;-0.7915658157179375;9141.0;1069.0;8050.0;51182.74;4361.25;4300.0;13.729166666666666;15.7;;;8.8;2.5;0.9848048633877821
2022-12-14;14.466666666666667;0.0;0.0;0.0;0.0;2;0.0;0.0;1016.8125;15.375;78;12.5;0.0;2.375;18.0;-0.605895253898392;-0.7771255118492167;9041.0;1052.0;7890.0;50867.32;3850.0;3410.0;14.154166666666667;15.6;;;8.299999999999999;7.699999999999932;0.9854101277455515
2022-12-15;16.441666666666666;0.0;0.0;0.0;0.0;3;0.0;0.0;1015.4208333333332;9.791666666666666;90;0.0;0.0;9.791666666666666;21.0;-0.41656571514748014;-0.8758912736677059;9254.0;1080.0;7998.0;51201.64;4240.0;4100.0;15.245833333333332;17.9;;;9.499999999999998;10.0;0.9699033551460514
2022-12-16;13.954166666666666;0.0;0.0;0.0;0.0;0;0.0;0.0;1009.6291666666666;0.875;7;1.0416666666666667;0.0;0.0;24.0;-0.6398137441896833;-0.7501883180920123;9234.0;1074.0;8190.0;51212.5;3952.9166666666665;3820.0;13.3125;15.3;;;10.799999999999999;3.2000000000000455;0.9859737014016873
2022-12-17;13.637500000000001;0.0;0.0;0.0;0.0;2;0.0;0.0;1011.9708333333333;16.833333333333332;75;5.25;0.20833333333333334;11.666666666666666;19.0;-0.6197704836736648;-0.7550969063604587;9104.0;1077.0;7905.0;50395.18;3702.0833333333335;3570.0;12.908333333333333;15.2;;;10.7;2.8999999999999773;0.9768760363670632
2022-12-18;14.237499999999999;0.0;0.0;0.0;0.0;3;0.0;0.0;1012.8041666666667;40.416666666666664;100;10.833333333333334;0.0;38.666666666666664;13.0;-0.6443937381428276;-0.7159259889205246;8946.0;1050.0;7458.0;50586.31;4070.8333333333335;3980.0;13.191666666666668;14.7;;;8.4;1.1999999999999318;0.9632202818512068
2022-12-19;13.370833333333332;2.4000000000000004;0.0;0.0;0.0;55;0.0;0.0;1014.0500000000001;46.833333333333336;99;24.5;4.5;25.416666666666668;6.0;-0.49115410370150564;0.2311170987049563;8616.0;1011.0;6511.0;50599.39;3830.4166666666665;3360.0;12.004166666666668;13.1;;;7.5;4.899999999999977;0.542814394518629
2022-12-20;14.329166666666666;0.0;0.0;0.0;0.0;3;0.0;0.0;1016.4916666666667;64.04166666666667;100;55.625;19.625;18.541666666666668;5.0;0.2406963545710652;0.9385810460165517;7576.0;1036.0;5322.0;43115.08;3553.3333333333335;3240.0;13.158333333333333;15.0;;;8.0;2.8999999999999773;0.9689525865827101
2022-12-21;16.520833333333332;0.0;0.0;0.0;0.0;3;0.0;0.0;1014.9666666666667;75.08333333333333;100;71.29166666666667;0.0;14.833333333333334;3.0;-0.031946173021454756;0.7936904821764511;8466.0;1046.0;6464.0;49702.92;4001.6666666666665;3840.0;14.575000000000001;15.9;;;7.700000000000001;1.6999999999999318;0.794333141363373
2022-12-22;13.783333333333333;8.4;0.6;0.5;1.0;63;0.0;0.0;1017.125;76.83333333333333;100;65.58333333333333;36.958333333333336;31.041666666666668;3.0;-0.24970665606515355;0.021836219110727736;4396.0;690.0;2011.0;24359.98;3525.8333333333335;2920.0;13.895833333333334;15.2;;;6.200000000000001;4.300000000000068;0.25065959895502227
2022-12-23;11.620833333333332;0.0;0.0;0.0;0.0;3;0.0;0.0;1018.8249999999999;11.166666666666666;98;3.0833333333333335;3.125;8.0;21.0;-0.4026026628443509;-0.8876582862549306;9340.0;1091.0;8194.0;50659.22;3537.9166666666665;3290.0;11.695833333333333;13.2;;;5.800000000000001;2.7000000000000455;0.9746928425336889
2022-12-24;16.633333333333333;0.0;0.0;0.0;0.0;0;0.0;0.0;1012.1999999999999;0.0;0;0.0;0.0;0.0;24.0;-0.3060721682503919;-0.8899997660496584;9413.0;1098.0;8374.0;50675.88;3855.4166666666665;3730.0;13.954166666666666;18.1;;;13.100000000000001;12.399999999999977;0.9411587303669572
2022-12-25;16.162499999999998;0.0;0.0;0.0;0.0;3;0.0;0.0;1009.5833333333334;48.458333333333336;100;46.625;0.0;9.125;9.0;0.18341600718353324;0.46834561327918384;8820.0;1056.0;6905.0;50693.13;4197.5;3870.0;13.637500000000001;16.6;;;8.399999999999999;5.600000000000023;0.502980163792773
2022-12-26;14.674999999999999;0.9;0.0;0.0;0.0;51;0.0;0.0;1016.0708333333333;72.0;100;71.375;0.041666666666666664;0.0;4.0;-0.10025470850967833;0.6307303011193347;7259.0;915.0;4399.0;42681.43;4125.833333333333;4020.0;14.070833333333333;15.1;;;6.400000000000002;5.7999999999999545;0.6386483534218554
2022-12-27;15.566666666666668;0.0;0.0;0.0;0.0;1;0.0;0.0;1018.4791666666666;3.4583333333333335;44;0.5833333333333334;0.125;2.9166666666666665;23.0;-0.5167164531239617;-0.8251399443460228;9001.0;1049.0;7861.0;50403.55;3696.25;3460.0;14.025;16.7;;;9.9;2.5;0.9735768180705439
2022-12-28;13.737499999999999;0.0;0.0;0.0;0.0;0;0.0;0.0;1018.7541666666666;0.0;0;0.0;0.0;0.0;24.0;-0.3892282234714071;-0.8885973905411667;9475.0;1101.0;8412.0;50422.39;3778.3333333333335;3400.0;12.0625;14.5;;;8.3;4.0;0.9701051141104651
2022-12-29;16.537499999999998;0.0;0.0;0.0;0.0;1;0.0;0.0;1013.375;1.0833333333333333;21;0.0;0.0;1.0833333333333333;23.0;-0.4355281063930592;-0.808299976492966;9239.0;1078.0;8204.0;50441.71;4302.5;4250.0;13.958333333333334;17.0;;;13.700000000000001;6.2999999999999545;0.9181686029574597
2022-12-30;16.120833333333334;0.0;0.0;0.0;0.0;3;0.0;0.0;1013.5541666666667;23.083333333333332;100;23.666666666666668;0.0;3.875;15.0;-0.221178433612663;-0.015528169544648399;9182.0;1076.0;8076.0;50461.97;4185.833333333333;4050.0;13.916666666666666;16.0;;;11.0;2.0;0.2217228530051842
2022-12-31;12.929166666666667;0.0;0.0;0.0;0.0;3;0.0;0.0;1016.025;62.25;100;55.375;0.0;19.083333333333332;5.0;-0.1636495464164138;0.517295050504838;8339.0;985.0;6123.0;50483.2;3903.75;3440.0;12.9;14.9;;;9.799999999999999;9.200000000000045;0.5425636767413581
2023-01-01;13.729166666666666;0.0;0.0;0.0;0.0;3;0.0;0.0;1021.1916666666666;37.375;100;39.541666666666664;0.0;0.0;13.0;-0.8222654912306635;-0.38942202476181303;8481.0;1029.0;6782.0;49762.37;3507.9166666666665;3220.0;12.804166666666667;14.7;;;8.4;3.1000000000000227;0.9098186915195766
2023-01-02;12.549999999999999;0.0;0.0;0.0;0.0;2;0.0;0.0;1019.7375000000001;14.5;62;10.666666666666666;0.0;4.041666666666667;18.0;-0.5628477938008888;-0.8104426873850411;9197.0;1079.0;8002.0;50400.0;3732.9166666666665;3480.0;12.195833333333333;13.4;;;6.900000000000002;2.7000000000000455;0.9867193058425558
2023-01-03;14.225;0.0;0.0;0.0;0.0;0;0.0;0.0;1017.5500000000001;0.0;0;0.0;0.0;0.0;24.0;-0.442266629240688;-0.8766096476096741;9079.0;1062.0;7978.0;50400.0;4167.5;3780.0;13.116666666666667;14.6;;;7.200000000000001;5.099999999999909;0.9818575485386244
2023-01-04;17.854166666666668;0.0;0.0;0.0;0.0;3;0.0;0.0;1012.35;28.291666666666668;100;0.08333333333333333;0.0;27.666666666666668;15.0;-0.5991634552550519;-0.39275132879692004;9023.0;1056.0;7948.0;50400.0;4665.416666666667;4510.0;15.070833333333333;17.6;;;11.500000000000002;4.0;0.7164150001116105
2023-01-05;14.479166666666666;0.1;0.0;0.0;0.0;51;0.0;0.0;1015.8416666666667;69.58333333333333;100;51.291666666666664;0.0;61.291666666666664;6.0;-0.05924693738750441;0.8088620781798156;7425.0;966.0;4961.0;40852.95;4405.0;4330.0;13.941666666666668;15.3;;;7.699999999999999;5.5;0.8110290137271101
2023-01-06;16.39166666666667;0.0;0.0;0.0;0.0;3;0.0;0.0;1016.025;64.75;100;65.75;0.0;0.0;5.0;0.07760328211849554;0.5339599457845242;7792.0;985.0;5451.0;43200.0;4263.333333333333;4210.0;14.362499999999999;15.3;;;6.100000000000001;2.7000000000000455;0.5395697295973662
2023-01-07;15.166666666666666;0.0;0.0;0.0;0.0;3;0.0;0.0;1016.9833333333332;68.0;100;67.875;0.0;4.416666666666667;3.0;-0.769452701040044;-0.27760517892571623;7970.0;1015.0;5441.0;48090.86;4202.083333333333;4110.0;13.5625;15.1;;;7.899999999999999;3.2999999999999545;0.8179988352706856
2023-01-08;14.362499999999999;0.0;0.0;0.0;0.0;3;0.0;0.0;1015.75;80.20833333333333;100;80.33333333333333;0.0;0.625;2.0;-0.8399086631975967;-0.35607804927928055;7393.0;985.0;4568.0;44987.71;4371.666666666667;4170.0;13.475;15.0;;;8.099999999999998;2.6000000000000227;0.9122708696943642
2023-01-09;16.320833333333333;0.0;0.0;0.0;0.0;3;0.0;0.0;1015.4916666666667;58.5;100;32.25;3.25;36.875;3.0;-0.831370826580197;-0.5005593492857322;8396.0;1061.0;6569.0;46800.0;4072.5;3630.0;14.875;16.5;;;7.800000000000001;2.6000000000000227;0.9704314058427808
2023-01-10;14.9;0.0;0.0;0.0;0.0;3;0.0;0.0;1017.4125;27.791666666666668;100;4.708333333333333;15.958333333333334;19.75;15.0;-0.5320640532601701;-0.8224514176913803;8929.0;1059.0;7766.0;50400.0;3644.5833333333335;3470.0;13.520833333333334;15.3;;;9.0;3.8999999999999773;0.9795501473810325
2023-01-11;12.141666666666666;0.0;0.0;0.0;0.0;3;0.0;0.0;1019.4791666666666;18.625;100;0.0;0.0;18.625;18.0;-0.3829896795897802;-0.866480123976613;9235.0;1092.0;8080.0;50400.0;3745.8333333333335;3640.0;11.170833333333334;13.2;;;7.399999999999999;3.599999999999909;0.9473483519375591
2023-01-12;12.995833333333332;0.0;0.0;0.0;0.0;2;0.0;0.0;1017.3458333333333;10.458333333333334;75;0.0;0.0;10.458333333333334;21.0;-0.5265364221931387;-0.8346254461480348;9086.0;1066.0;8006.0;50400.0;3637.5;3500.0;12.15;13.7;;;7.9;3.599999999999909;0.9868334404821095
2023-01-13;13.591666666666667;0.0;0.0;0.0;0.0;2;0.0;0.0;1015.1208333333334;7.166666666666667;54;0.5416666666666666;0.0;6.791666666666667;21.0;-0.6304533168881366;-0.7395156428376745;9002.0;1058.0;7938.0;50400.0;4309.583333333333;3900.0;12.700000000000001;14.5;;;8.600000000000001;3.2000000000000455;0.9717791779910043
2023-01-14;12.995833333333332;0.0;0.0;0.0;0.0;3;0.0;0.0;1015.6833333333334;30.75;100;2.6666666666666665;0.0;28.75;12.0;-0.5537260428920209;-0.8200226963134022;8769.0;1029.0;7260.0;50400.0;3891.25;3740.0;12.629166666666668;14.0;;;9.1;2.6000000000000227;0.9894694300714694
2023-01-15;13.804166666666667;0.0;0.0;0.0;0.0;3;0.0;0.0;1016.0791666666668;23.75;97;1.2916666666666667;0.0;22.375;16.0;-0.6127367799755952;-0.751771852517131;9067.0;1069.0;7968.0;50400.0;3885.8333333333335;3780.0;12.762500000000001;15.4;;;11.2;3.5;0.9698491015471942
2023-01-16;12.779166666666667;0.0;0.0;0.0;0.0;3;0.0;0.0;1013.9;61.958333333333336;100;1.1666666666666667;0.0;62.291666666666664;8.0;-0.679896734602978;-0.695881399283446;8503.0;992.0;6513.0;50400.0;3843.3333333333335;3760.0;12.145833333333334;14.1;;;9.5;2.099999999999909;0.9728877075965545
2023-01-17;13.625;0.0;0.0;0.0;0.0;1;0.0;0.0;1015.6416666666668;12.666666666666666;42;10.041666666666666;0.0;4.708333333333333;18.0;-0.5152537413356081;-0.007972825741107572;8753.0;1040.0;7532.0;50400.0;3860.8333333333335;3760.0;12.25;14.4;;;10.100000000000001;3.800000000000068;0.5153154217667465
2023-01-18;14.379166666666668;0.0;0.0;0.0;0.0;3;0.0;0.0;1013.7458333333334;23.416666666666668;100;18.208333333333332;0.0;6.083333333333333;17.0;-0.46257180052659996;0.18458386435736096;8928.0;1058.0;7823.0;50400.0;4357.916666666667;4070.0;12.845833333333333;15.2;;;11.399999999999999;3.7000000000000455;0.4980400321495424
2023-01-19;12.841666666666667;0.6000000000000001;0.0;0.0;0.0;51;0.0;0.0;1014.6458333333334;93.95833333333333;100;93.91666666666667;0.0;17.625;1.0;-0.3289854411297877;0.829058290927087;6102.0;680.0;2568.0;46328.07;4219.583333333333;3680.0;12.416666666666666;13.5;;;5.299999999999999;6.7000000000000455;0.8919467866584326
2023-01-20;15.0;0.0;0.0;0.0;0.0;3;0.0;0.0;1016.5958333333333;44.5;100;44.458333333333336;0.0;0.0;13.0;-0.7681557052859697;-0.45315130795736575;8495.0;1045.0;7114.0;49317.97;3910.0;3660.0;13.424999999999999;14.9;;;7.199999999999999;2.1000000000000227;0.8918572169730179
2023-01-21;14.616666666666667;0.0;0.0;0.0;0.0;1;0.0;0.0;1014.5833333333334;3.1666666666666665;23;3.5833333333333335;0.0;0.0;22.0;-0.5920016243577203;-0.7810438643918928;8787.0;1052.0;7671.0;50350.72;4305.833333333333;4030.0;13.799999999999999;15.9;;;8.7;2.1000000000000227;0.9800486933547745
2023-01-22;16.870833333333334;0.0;0.0;0.0;0.0;0;0.0;0.0;1012.6625;0.0;0;0.0;0.0;0.0;24.0;-0.5868791356533141;-0.7726295315914942;8802.0;1050.0;7759.0;50287.24;4227.916666666667;3960.0;15.166666666666666;17.8;;;9.900000000000002;3.2000000000000455;0.9702492014696392
2023-01-23;16.125;0.2;0.0;0.0;0.0;51;0.0;0.0;1011.9875000000001;40.291666666666664;100;43.75;0.4166666666666667;0.0;10.0;-0.6645866663554575;-0.2633772161835806;8237.0;976.0;6291.0;50223.09;4229.583333333333;3850.0;14.779166666666667;16.5;;;7.700000000000001;3.7999999999999545;0.7148727125174612
2023-01-24;14.795833333333334;5.3999999999999995;0.3;0.3;1.0;63;0.0;0.0;1015.4583333333334;31.5;100;31.125;18.041666666666668;0.0;16.0;-0.5161139738673344;-0.4892023811091852;8501.0;1034.0;7201.0;47896.62;3913.3333333333335;3530.0;14.0;15.1;;;7.9;4.800000000000068;0.711120667470738
2023-01-25;13.195833333333333;0.0;0.0;0.0;0.0;0;0.0;0.0;1013.6833333333334;0.4166666666666667;10;0.0;0.0;0.4166666666666667;24.0;-0.5566175939344942;-0.801044531527671;8828.0;1057.0;7774.0;50093.14;3910.0;3750.0;12.145833333333334;13.2;;;6.399999999999999;2.5;0.9754463016321356
2023-01-26;14.433333333333332;0.0;0.0;0.0;0.0;1;0.0;0.0;1014.0041666666666;4.083333333333333;35;0.5416666666666666;0.0;3.0416666666666665;21.0;-0.5878285631054524;-0.7795096278935808;8584.0;1035.0;7466.0;50027.53;3588.75;3440.0;13.366666666666667;15.2;;;8.700000000000001;3.400000000000091;0.9763081888325067
2023-01-27;13.991666666666667;0.0;0.0;0.0;0.0;0;0.0;0.0;1015.5375;0.0;0;0.0;0.0;0.0;24.0;-0.5022919125098066;-0.8379318474168445;8773.0;1055.0;7736.0;49961.61;4163.75;3550.0;12.870833333333332;14.3;;;7.300000000000001;2.0;0.9769477705016605
2023-01-28;16.058333333333334;0.0;0.0;0.0;0.0;0;0.0;0.0;1012.8666666666667;0.125;2;0.125;0.0;0.0;24.0;-0.5261026215802341;-0.8083352882731187;8747.0;1053.0;7741.0;49895.48;4548.75;4320.0;14.154166666666667;16.3;;;10.7;4.0;0.9644635331111182
2023-01-29;15.579166666666666;0.0;0.0;0.0;0.0;3;0.0;0.0;1010.9791666666666;22.291666666666668;100;22.458333333333332;0.0;0.0;16.0;-0.5948927381577261;-0.7895570518944948;8201.0;1042.0;6930.0;48644.61;4839.583333333333;4710.0;15.204166666666666;17.2;;;8.700000000000001;2.199999999999932;0.9885836879643133
2023-01-30;15.954166666666666;0.0;0.0;0.0;0.0;3;0.0;0.0;1012.1750000000001;9.916666666666666;83;9.875;0.08333333333333333;0.0;21.0;-0.535459397724403;-0.8314198948119745;8349.0;1015.0;7256.0;49762.91;4755.833333333333;4680.0;15.362499999999999;18.0;;;11.5;2.1000000000000227;0.988926593888816
2023-01-31;14.25;0.0;0.0;0.0;0.0;1;0.0;0.0;1012.8125;3.875;33;1.2916666666666667;0.0;2.75;22.0;-0.6471068420832609;-0.7168948777292918;8645.0;1047.0;7613.0;49655.68;4512.916666666667;4300.0;12.979166666666666;14.9;;;9.8;3.7999999999999545;0.9657564552129417
2023-02-01;14.387500000000001;0.0;0.0;0.0;0.0;1;0.0;0.0;1015.9708333333333;3.875;35;6.5;0.0;0.0;22.0;-0.6259385921646813;-0.7350846120579103;8496.0;1030.0;7430.0;49540.6;4311.25;4040.0;13.354166666666666;15.0;;;9.6;3.800000000000068;0.9654783830026603
2023-02-02;15.275;0.0;0.0;0.0;0.0;0;0.0;0.0;1014.2083333333334;0.0;0;0.0;0.0;0.0;24.0;-0.4654259345697591;-0.8757744314662541;8396.0;1019.0;7415.0;49424.42;4925.833333333333;4710.0;13.987499999999999;17.0;;;11.200000000000001;6.399999999999977;0.9917671880941487
2023-02-03;19.400000000000002;0.0;0.0;0.0;0.0;2;0.0;0.0;1008.975;3.875;79;4.333333333333333;0.0;0.0;23.0;-0.1742731438160946;-0.2220703332669753;8305.0;1016.0;7341.0;49307.22;4981.666666666667;4910.0;16.3125;22.4;;;20.900000000000002;4.100000000000023;0.28228772834264454
2023-02-04;14.879166666666668;0.0;0.0;0.0;0.0;3;0.0;0.0;1012.5375;92.66666666666667;100;92.66666666666667;0.0;0.08333333333333333;1.0;-0.1469930764216502;0.7116884033173142;5975.0;745.0;3012.0;43418.21;5100.416666666667;5040.0;14.308333333333332;15.6;;;5.1;5.5;0.7267099475941203
2023-02-05;15.4125;0.0;0.0;0.0;0.0;3;0.0;0.0;1014.6791666666667;83.91666666666667;100;82.70833333333333;0.0;0.0;0.0;-0.485797772906325;0.061813536338748254;6911.0;905.0;4461.0;45050.66;4980.833333333333;4710.0;14.091666666666667;15.5;;;5.899999999999999;3.599999999999909;0.489714599981915
2023-02-06;15.970833333333333;0.0;0.0;0.0;0.0;3;0.0;0.0;1012.8291666666668;19.958333333333332;100;20.833333333333332;0.0;0.0;18.0;-0.6016827859729745;-0.7615762776915886;7954.0;1024.0;6581.0;48950.94;4620.416666666667;4570.0;14.691666666666668;16.6;;;8.4;3.6000000000000227;0.9705774578459856
2023-02-07;16.379166666666666;0.0;0.0;0.0;0.0;2;0.0;0.0;1011.5458333333332;4.625;52;5.416666666666667;0.0;0.0;22.0;-0.5996837260162194;-0.7757087211353992;8283.0;1020.0;7312.0;48830.48;4480.833333333333;4390.0;14.504166666666668;16.9;;;10.600000000000001;1.6999999999999318;0.9804818158916629
2023-02-08;15.766666666666666;0.0;0.0;0.0;0.0;0;0.0;0.0;1012.3916666666668;2.5416666666666665;15;4.041666666666667;0.0;0.0;24.0;-0.7005207704750506;-0.6406546487200042;8302.0;1026.0;7344.0;48708.08;4504.583333333333;4450.0;14.579166666666666;16.3;;;8.399999999999999;2.2999999999999545;0.9492985456606949
2023-02-09;15.833333333333334;0.0;0.0;0.0;0.0;2;0.0;0.0;1013.125;8.666666666666666;63;9.666666666666666;0.0;0.0;20.0;-0.5856622548085482;-0.7837493205746792;8264.0;1014.0;7247.0;48583.8;4487.916666666667;4220.0;14.958333333333334;16.5;;;8.000000000000002;1.7999999999999545;0.9783983208329335
2023-02-10;15.908333333333333;0.0;0.0;0.0;0.0;3;0.0;0.0;1013.5708333333333;11.541666666666666;100;15.166666666666666;0.0;0.0;21.0;-0.552017936681671;-0.8048656763899597;7741.0;1006.0;6307.0;48066.14;4442.083333333333;4370.0;15.2875;17.3;;;8.499999999999998;2.8999999999999773;0.9759777453656188
2023-02-11;15.341666666666667;0.0;0.0;0.0;0.0;2;0.0;0.0;1011.8666666666667;7.791666666666667;65;9.083333333333334;0.0;0.0;22.0;-0.6375253552167365;-0.740668759517395;8026.0;1000.0;7017.0;48330.16;4191.666666666667;3900.0;14.154166666666667;15.7;;;8.5;1.2999999999999545;0.9772557443521439
2023-02-12;17.004166666666666;0.4;0.0;0.0;0.0;51;0.0;0.0;1012.4083333333333;46.291666666666664;100;46.541666666666664;0.125;0.0;9.0;-0.6643431005904409;-0.1965954177547873;7124.0;939.0;5531.0;42248.04;3741.6666666666665;3110.0;15.183333333333332;16.4;;;6.699999999999999;6.099999999999909;0.6928214153620686
2023-02-13;14.666666666666666;0.0;0.0;0.0;0.0;3;0.0;0.0;1015.3958333333334;6.916666666666667;88;0.375;0.0;7.291666666666667;21.0;-0.6039246719191064;-0.7510567976867545;7939.0;992.0;6921.0;47355.29;4077.5;3190.0;13.795833333333334;15.4;;;7.299999999999999;2.7000000000000455;0.9637485785743514
2023-02-14;14.091666666666667;0.0;0.0;0.0;0.0;3;0.0;0.0;1016.6291666666666;44.333333333333336;100;0.0;0.0;44.333333333333336;10.0;-0.4556414417436227;-0.8583059898488029;7677.0;962.0;6635.0;47314.31;4650.833333333333;3990.0;13.237499999999999;14.4;;;6.1;3.7000000000000455;0.971750119961166
2023-02-15;14.275;0.0;0.0;0.0;0.0;3;0.0;0.0;1013.0;12.375;97;0.4166666666666667;0.0;12.125;19.0;-0.41493404087616087;-0.8871553588285584;7699.0;972.0;6692.0;47272.12;4364.166666666667;4070.0;13.845833333333333;15.8;;;8.100000000000001;4.0;0.9793951648727125
2023-02-16;12.858333333333334;0.0;0.0;0.0;0.0;3;0.0;0.0;1014.5;36.791666666666664;100;0.125;0.0;35.541666666666664;12.0;-0.4000888685597497;-0.8916821270290005;7900.0;997.0;6897.0;46933.77;4012.5;3900.0;11.799999999999999;12.7;;;6.299999999999999;2.7999999999999545;0.9773270273600252
2023-02-17;14.825000000000001;0.0;0.0;0.0;0.0;0;0.0;0.0;1011.9;1.8333333333333333;19;0.0;0.0;1.8333333333333333;24.0;-0.21307705934047325;-0.9046422274592434;7945.0;1002.0;7009.0;46889.83;4107.083333333333;3930.0;11.65;15.4;;;12.799999999999999;5.5;0.9293973277988296
2023-02-18;14.008333333333333;0.0;0.0;0.0;0.0;2;0.0;0.0;1012.4041666666667;12.5;72;8.125;0.0;4.0;18.0;-0.2565522533864785;-0.021682997058676073;7935.0;998.0;6996.0;46844.87;4041.25;3930.0;10.629166666666666;14.0;;;12.600000000000001;4.899999999999977;0.2574669125909705
2023-02-19;14.383333333333333;0.0;0.0;0.0;0.0;3;0.0;0.0;1014.7541666666666;38.458333333333336;100;34.291666666666664;0.0;4.291666666666667;12.0;-0.4574562670422952;-0.4916365201899227;7578.0;966.0;6569.0;46212.13;3872.5;3820.0;12.975;16.3;;;12.599999999999998;2.7000000000000455;0.6715450128180002
2023-02-20;14.933333333333332;0.0;0.0;0.0;0.0;1;0.0;0.0;1012.3958333333334;0.9166666666666666;22;0.0;0.0;0.9166666666666666;23.0;-0.560960668538017;-0.7885339546868138;7645.0;974.0;6714.0;46166.39;4046.6666666666665;3930.0;12.995833333333332;14.6;;;7.199999999999999;3.300000000000068;0.9677100130414302
2023-02-21;14.512500000000001;0.0;0.0;0.0;0.0;0;0.0;0.0;1010.6708333333332;0.0;0;0.0;0.0;0.0;24.0;-0.5191192962091976;-0.8120394871409881;7608.0;968.0;6691.0;46119.85;4202.083333333333;4100.0;12.329166666666666;14.4;;;9.9;2.3999999999999773;0.9637909381048005
2023-02-22;15.316666666666668;0.0;0.0;0.0;0.0;3;0.0;0.0;1014.7166666666667;13.25;94;7.666666666666667;0.0;6.291666666666667;18.0;-0.6886066065879017;-0.6575967796439408;7486.0;957.0;6554.0;45780.61;4052.9166666666665;4010.0;13.4375;15.6;;;11.500000000000002;4.2999999999999545;0.9521620572332143
2023-02-23;15.879166666666668;0.0;0.0;0.0;0.0;3;0.0;0.0;1015.975;7.166666666666667;88;0.8333333333333334;0.0;6.25;21.0;-0.42711697842938984;-0.8537991958074294;7408.0;952.0;6469.0;45441.62;4187.916666666667;3930.0;14.637500000000001;17.6;;;11.0;2.6000000000000227;0.9546737558056495
2023-02-24;14.183333333333332;0.0;0.0;0.0;0.0;3;0.0;0.0;1014.7125;29.666666666666668;100;18.375;0.4166666666666667;11.583333333333334;12.0;-0.6989476361015713;-0.6819385476206968;7102.0;953.0;5845.0;44996.36;3979.1666666666665;3820.0;13.533333333333333;15.3;;;8.8;1.7999999999999545;0.9765080546226949
2023-02-25;14.379166666666668;0.0;0.0;0.0;0.0;3;0.0;0.0;1017.6333333333333;30.75;100;18.208333333333332;2.5;11.708333333333334;13.0;-0.5003963242506277;-0.8444019688162651;6496.0;871.0;4990.0;41215.54;3746.25;3580.0;13.441666666666668;14.9;;;7.0;4.399999999999977;0.981535106995325
2023-02-26;13.579166666666666;0.0;0.0;0.0;0.0;3;0.0;0.0;1017.9583333333334;26.375;93;0.0;0.0;26.916666666666668;15.0;-0.36984602022536633;-0.8915300884969085;7307.0;944.0;6363.0;44591.67;4216.666666666667;3960.0;11.904166666666667;13.8;;;7.799999999999999;4.5;0.9652004855841337
2023-02-27;14.558333333333332;0.0;0.0;0.0;0.0;0;0.0;0.0;1013.1708333333332;0.0;0;0.041666666666666664;0.0;0.0;24.0;-0.5866273010869748;-0.7783762780802781;7240.0;936.0;6351.0;44338.13;4515.0;4400.0;13.029166666666667;15.3;;;10.000000000000002;3.2999999999999545;0.9746800606653931
2023-02-28;14.879166666666668;0.0;0.0;0.0;0.0;3;0.0;0.0;1015.9458333333333;10.5;87;5.625;0.0;6.458333333333333;20.0;-0.5559376833806419;-0.8139183896546736;7221.0;944.0;6250.0;44086.06;4406.666666666667;4250.0;14.016666666666666;16.2;;;9.8;2.2999999999999545;0.9856621392854105
2023-03-01;14.008333333333333;0.0;0.0;0.0;0.0;3;0.0;0.0;1015.4833333333332;26.333333333333332;100;1.1666666666666667;0.0;22.958333333333332;13.0;-0.45652562151384535;-0.8690073814338269;7095.0;919.0;6063.0;43835.38;4511.25;4460.0;13.674999999999999;15.2;;;5.899999999999999;2.900000000000091;0.9816259328711113
2023-03-02;13.9625;0.0;0.0;0.0;0.0;3;0.0;0.0;1010.775;32.916666666666664;100;0.0;0.0;34.791666666666664;10.0;-0.4878340083917522;-0.8664027416869855;6928.0;905.0;6023.0;43585.99;4770.416666666667;4640.0;13.533333333333333;15.5;;;7.600000000000001;9.200000000000045;0.9943016295603108
2023-03-03;15.558333333333335;0.0;0.0;0.0;0.0;2;0.0;0.0;1012.4708333333333;3.25;56;0.8333333333333334;0.0;2.8333333333333335;23.0;-0.5883301510754564;-0.7463231311790436;6944.0;913.0;6030.0;43337.76;4462.916666666667;4320.0;14.441666666666668;16.6;;;9.899999999999999;4.600000000000023;0.9503318277303782
2023-03-04;15.020833333333334;0.0;0.0;0.0;0.0;3;0.0;0.0;1012.75;10.916666666666666;80;11.75;0.0;0.0;19.0;-0.6024478617878533;-0.7639496608881818;7083.0;931.0;6203.0;43666.85;4600.416666666667;4430.0;13.179166666666667;14.6;;;11.0;2.2000000000000455;0.9729144415332339
2023-03-05;15.208333333333334;0.0;0.0;0.0;0.0;1;0.0;0.0;1010.2833333333333;2.5416666666666665;24;1.7083333333333333;0.0;0.0;23.0;-0.6188949926134938;-0.7607167529944174;6880.0;901.0;6021.0;43200.0;4539.166666666667;4350.0;14.15;16.4;;;9.4;2.699999999999932;0.980673742978992
2023-03-06;14.737499999999999;0.1;0.0;0.0;0.0;51;0.0;0.0;1013.7958333333332;89.45833333333333;100;89.45833333333333;1.375;11.791666666666666;2.0;-0.44820016160675197;0.23644884457127568;3966.0;621.0;1385.0;27093.86;4199.583333333333;3980.0;14.0875;14.8;;;3.599999999999998;5.2000000000000455;0.5067459333466919
2023-03-07;14.991666666666667;0.30000000000000004;0.0;0.0;0.0;51;0.0;0.0;1013.0625;100.0;100;98.91666666666667;36.666666666666664;83.5;0.0;-0.3922236319691323;0.36408291590221326;3438.0;537.0;745.0;13257.13;3910.4166666666665;3400.0;14.049999999999999;15.0;;;4.0;1.900000000000091;0.5351595529623996
2023-03-08;14.891666666666666;0.5;0.0;0.0;0.0;51;0.0;0.0;1015.8874999999999;90.29166666666667;100;84.125;23.708333333333332;32.5;0.0;0.08203210283497384;0.7923642184759926;4419.0;874.0;2437.0;30390.36;3654.5833333333335;3080.0;14.254166666666668;15.5;;;6.200000000000001;4.5;0.7965992220788307
2023-03-09;15.275;0.30000000000000004;0.0;0.0;0.0;51;0.0;0.0;1014.9458333333333;97.70833333333333;100;47.708333333333336;65.20833333333333;96.25;0.0;-0.2003156552110316;0.24035886424555664;1700.0;225.0;50.0;0.0;4100.416666666667;4000.0;14.012500000000001;15.3;;;4.5;2.800000000000068;0.3128877519878955
2023-03-10;14.183333333333332;0.0;0.0;0.0;0.0;3;0.0;0.0;1013.8000000000001;44.541666666666664;100;42.125;0.7083333333333334;14.666666666666666;11.0;-0.01462847301178504;0.6624616139198524;6299.0;869.0;5166.0;39983.51;4532.083333333333;4350.0;13.045833333333334;14.6;;;5.800000000000001;3.2000000000000455;0.6626231071581733
2023-03-11;13.370833333333332;0.0;0.0;0.0;0.0;3;0.0;0.0;1014.3583333333332;57.875;100;47.958333333333336;0.0;23.333333333333332;9.0;0.28706146651418696;0.9474798987783354;5092.0;746.0;2880.0;43200.0;4406.25;4170.0;13.5875;14.9;;;3.9000000000000004;4.900000000000091;0.9900113353625201
2023-03-12;16.041666666666668;0.1;0.0;0.0;0.0;51;0.0;0.0;1016.0;99.79166666666667;100;80.08333333333333;39.75;96.16666666666667;0.0;-0.03005263095696771;0.5523323922508769;2626.0;504.0;376.0;4702.76;3966.25;3540.0;14.9;16.3;;;4.400000000000002;2.400000000000091;0.5531493759889929
2023-03-13;15.875;0.0;0.0;0.0;0.0;3;0.0;0.0;1015.6958333333333;23.416666666666668;100;18.041666666666668;14.541666666666666;13.5;18.0;-0.6224617611078551;-0.7135830109379357;6323.0;848.0;5446.0;43200.0;3918.75;3640.0;14.066666666666668;16.0;;;8.0;2.3999999999999773;0.9469209880136477
2023-03-14;14.708333333333334;0.0;0.0;0.0;0.0;2;0.0;0.0;1015.4708333333333;7.583333333333333;71;0.0;1.8333333333333333;5.875;21.0;-0.5833568225854003;-0.09299107149045398;6461.0;868.0;5608.0;43200.0;4249.166666666667;4110.0;12.816666666666668;15.0;;;9.1;3.199999999999932;0.5907220343223003
2023-03-15;16.291666666666668;0.0;0.0;0.0;0.0;0;0.0;0.0;1017.3291666666668;5.291666666666667;17;1.5416666666666667;3.5;0.0;24.0;0.17636558904643299;0.5915973836222009;5993.0;817.0;4989.0;43200.0;3949.1666666666665;3800.0;13.941666666666668;15.4;;;9.0;1.8999999999999773;0.6173267249263787
2023-03-16;16.900000000000002;0.39999999999999997;0.0;0.0;0.0;51;0.0;0.0;1015.8166666666666;83.04166666666667;100;61.875;6.666666666666667;54.458333333333336;1.0;0.2133149866502061;0.38953979098944364;3302.0;625.0;1215.0;30547.670000000002;3876.25;3830.0;15.291666666666666;16.8;;;4.4;3.199999999999932;0.44412220423401155
2023-03-17;16.724999999999998;0.0;0.0;0.0;0.0;3;0.0;0.0;1016.8791666666666;88.125;100;16.583333333333332;26.958333333333332;76.83333333333333;0.0;-0.3054852597266477;-0.505363789402277;4846.0;819.0;2986.0;33197.8;4020.8333333333335;3940.0;14.5875;16.7;;;8.7;2.099999999999909;0.5905199433967377
2023-03-18;17.033333333333335;0.0;0.0;0.0;0.0;2;0.0;0.0;1015.6458333333334;12.791666666666666;79;0.08333333333333333;2.5;9.291666666666666;18.0;-0.5203287552237549;-0.7785154601705463;5877.0;803.0;5002.0;43200.0;4164.583333333333;4070.0;15.208333333333334;17.1;;;7.599999999999998;1.900000000000091;0.9363911230021671
2023-03-19;16.104166666666668;0.0;0.0;0.0;0.0;2;0.0;0.0;1014.3249999999999;7.0;63;0.20833333333333334;0.0;7.791666666666667;22.0;-0.4847117933148388;-0.8435025239392612;6018.0;824.0;5155.0;43200.0;4423.333333333333;4370.0;14.483333333333334;16.2;;;8.0;3.300000000000068;0.9728525224669928
2023-03-20;13.783333333333333;0.0;0.0;0.0;0.0;3;0.0;0.0;1015.4125;20.583333333333332;99;0.0;0.0;21.625;17.0;-0.33140317959294746;-0.7084249081913643;6192.0;851.0;5336.0;43188.36;4263.75;4120.0;11.491666666666667;14.5;;;11.599999999999998;2.5;0.782108635670428
2023-03-21;14.875;0.0;0.0;0.0;0.0;0;0.0;0.0;1015.625;1.5416666666666667;18;1.5833333333333333;0.25;0.0;24.0;-0.42257868222986456;-0.7582586398791801;5996.0;828.0;5155.0;43077.93;4027.9166666666665;3930.0;12.954166666666666;14.8;;;9.3;2.0;0.8680604285569945
2023-03-22;14.695833333333333;0.0;0.0;0.0;0.0;3;0.0;0.0;1015.25;18.875;100;18.958333333333332;0.041666666666666664;0.0;19.0;-0.5272205487327476;-0.7769649308089784;5939.0;823.0;5120.0;42936.82;4005.0;3830.0;13.204166666666666;15.1;;;9.099999999999998;1.7000000000000455;0.9389547436980443
2023-03-23;14.1625;0.0;0.0;0.0;0.0;0;0.0;0.0;1014.3083333333334;0.0;0;0.0;0.0;0.0;24.0;-0.4417353029118784;-0.7574213204749115;6087.0;841.0;5310.0;42795.39;4267.083333333333;4130.0;12.299999999999999;14.7;;;11.2;2.0;0.8768221795487426
2023-03-24;14.225;0.0;0.0;0.0;0.0;3;0.0;0.0;1015.9916666666667;8.916666666666666;91;8.791666666666666;0.0;0.125;21.0;-0.4639432523247978;-0.8447252221626741;5836.0;810.0;5013.0;42653.74;3851.25;3620.0;13.025;14.9;;;10.1;4.7000000000000455;0.9637448014570507
2023-03-25;14.366666666666667;0.0;0.0;0.0;0.0;0;0.0;0.0;1016.5916666666667;0.0;0;0.0;0.0;0.0;24.0;-0.43145493378695005;-0.8700808747755381;6017.0;839.0;5242.0;42511.96;4367.916666666667;3740.0;12.887500000000001;15.6;;;7.399999999999999;3.599999999999909;0.9711817999423522
2023-03-26;13.008333333333333;0.0;0.0;0.0;0.0;3;0.0;0.0;1012.7708333333334;54.333333333333336;100;31.208333333333332;0.0;23.583333333333332;7.0;-0.6227368047053629;-0.37706934855983903;5845.0;819.0;5030.0;42370.15;4613.75;4490.0;11.895833333333334;13.8;;;10.3;2.300000000000068;0.7279989159044034
2023-03-27;11.279166666666667;0.0;0.0;0.0;0.0;2;0.0;0.0;1013.1416666666668;24.375;66;21.625;0.0;2.7083333333333335;13.0;-0.6894031746393238;-0.6465843473600231;5495.0;789.0;4427.0;41663.85;4451.666666666667;4260.0;10.895833333333334;12.1;;;5.5;3.1000000000000227;0.9451709133557618
2023-03-28;12.016666666666666;0.5;0.1;0.1;0.0;51;0.0;0.0;1015.1291666666666;51.583333333333336;100;47.0;26.791666666666668;0.5416666666666666;10.0;-0.17822341405148245;0.1513893660041297;2467.0;371.0;814.0;15609.9;3709.1666666666665;3100.0;11.6625;14.0;;;5.9;6.0;0.23384252276970177
2023-03-29;10.116666666666667;0.0;0.0;0.0;0.0;1;0.0;0.0;1018.8625000000001;4.333333333333333;34;0.0;0.0;3.375;21.0;-0.3654359201178004;-0.8818404536863107;5676.0;801.0;4883.0;41945.28;3597.9166666666665;3200.0;9.916666666666666;11.7;;;6.3;2.2999999999999545;0.9545606305887655
2023-03-30;10.245833333333334;0.0;0.0;0.0;0.0;3;0.0;0.0;1019.2583333333333;19.666666666666668;100;0.0;0.0;19.791666666666668;17.0;-0.11170631364107815;-0.8858484713145542;5361.0;782.0;4345.0;41804.17;3901.25;3650.0;9.366666666666667;12.5;;;8.8;2.0;0.8928638276006099
2023-03-31;11.658333333333333;0.0;0.0;0.0;0.0;3;0.0;0.0;1015.6583333333333;28.083333333333332;98;0.0;0.0;28.166666666666668;13.0;-0.26053964617883335;-0.7750242300952362;5502.0;775.0;4734.0;41663.46;4486.666666666667;4020.0;10.174999999999999;12.7;;;9.599999999999998;4.899999999999977;0.8176450724279487
2023-04-01;13.920833333333334;0.0;0.0;0.0;0.0;3;0.0;0.0;1014.3791666666666;75.75;100;0.041666666666666664;0.0;75.375;3.0;-0.45585202983031237;-0.8555998682768932;5182.0;751.0;4277.0;41213.61;4390.0;4050.0;12.929166666666667;17.0;;;10.7;2.1000000000000227;0.9694597504259024
2023-04-02;12.666666666666666;0.0;0.3;0.3;1.0;3;0.0;0.0;1015.1750000000001;62.833333333333336;100;13.583333333333334;20.916666666666668;48.791666666666664;5.0;-0.47932507843450217;-0.846568778378029;3723.0;630.0;2152.0;33837.18;3457.5;3240.0;12.716666666666667;14.8;;;7.499999999999998;3.0;0.9728469701554865
2023-04-03;12.516666666666666;0.0;0.0;0.0;0.0;3;0.0;0.0;1015.1916666666666;9.125;93;9.291666666666666;0.0;0.0;21.0;-0.38618221100989764;-0.8748561755470212;5341.0;768.0;4549.0;41244.66;3753.75;3540.0;11.737499999999999;13.7;;;7.4;2.0;0.956300176719242
2023-04-04;11.708333333333334;0.0;0.0;0.0;0.0;3;0.0;0.0;1011.9458333333333;27.416666666666668;100;0.0;0.0;27.541666666666668;15.0;-0.4376847742885044;-0.6349952773288897;5413.0;776.0;4685.0;40908.37;4095.4166666666665;3980.0;10.620833333333334;13.5;;;11.7;5.800000000000068;0.7712243278540768
2023-04-05;12.9;0.2;0.0;0.0;0.0;51;0.0;0.0;1013.8916666666668;87.75;100;66.41666666666667;30.875;49.916666666666664;0.0;-0.015153942463877199;0.27518959620606037;4103.0;709.0;2734.0;26278.94;3744.1666666666665;3360.0;12.616666666666667;14.1;;;5.700000000000001;5.899999999999977;0.2756065235662122
2023-04-06;13.429166666666667;0.6000000000000001;0.0;0.0;0.0;51;0.0;0.0;1017.1333333333333;55.958333333333336;100;45.375;6.166666666666667;12.625;9.0;-0.1640067273054667;-0.47199774752135437;4685.0;731.0;3598.0;36921.04;3826.25;3670.0;12.808333333333332;14.6;;;7.300000000000001;2.0;0.49967997785250706
2023-04-07;12.125;0.0;0.0;0.0;0.0;3;0.0;0.0;1015.0916666666667;90.375;100;0.0;0.0;89.25;0.0;-0.25416947868445894;-0.8851394756704128;4951.0;728.0;3768.0;39143.25;4300.0;4160.0;10.887500000000001;14.1;;;10.9;4.7000000000000455;0.9209093415124113
2023-04-08;11.2125;0.0;0.0;0.0;0.0;2;0.0;0.0;1014.1625;19.958333333333332;73;1.875;0.0;14.625;14.0;-0.38418981197622065;-0.7229222682788876;5074.0;738.0;4359.0;40300.58;4578.75;4510.0;10.445833333333333;13.2;;;9.299999999999999;1.8000000000000682;0.8186686860994598
2023-04-09;11.920833333333334;0.0;0.0;0.0;0.0;3;0.0;0.0;1015.4458333333333;61.958333333333336;100;0.20833333333333334;0.0;61.041666666666664;6.0;-0.6042649759473908;-0.6964643910468857;4595.0;705.0;3532.0;39417.86;4283.333333333333;4120.0;11.1875;13.6;;;10.899999999999999;3.2999999999999545;0.9220622588269244
2023-04-10;15.383333333333333;0.3;0.0;0.0;0.0;51;0.0;0.0;1014.0291666666667;99.625;100;53.833333333333336;7.25;72.41666666666667;0.0;-0.3908575924963267;-0.11656174473493597;2697.0;465.0;852.0;15863.34;3804.1666666666665;3460.0;14.691666666666668;16.6;;;4.6;2.8999999999999773;0.40786799083487413
2023-04-11;15.254166666666668;1.5;0.0;0.0;0.0;53;0.0;0.0;1014.7833333333333;100.0;100;100.0;4.0;32.041666666666664;0.0;-0.15812279420113443;0.4779590603605853;2746.0;409.0;822.0;24560.510000000002;3667.0833333333335;3440.0;14.5375;15.7;;;4.299999999999999;2.699999999999932;0.5034358761816126
2023-04-12;13.254166666666668;0.0;0.0;0.0;0.0;3;0.0;0.0;1013.4833333333332;100.0;100;96.54166666666667;0.5416666666666666;55.708333333333336;0.0;-0.6397095319284339;0.1084871293450153;2878.0;515.0;929.0;17258.56;3564.5833333333335;3390.0;12.945833333333333;14.2;;;4.1;1.6000000000000227;0.6488433882483646
2023-04-13;13.299999999999999;1.1;0.0;0.0;0.0;51;0.0;0.0;1013.9708333333333;95.58333333333333;100;84.95833333333333;32.666666666666664;28.666666666666668;0.0;-0.7400002266425173;0.15239199473799078;1854.0;301.0;255.0;2188.85;3174.5833333333335;2950.0;12.875;13.8;;;3.200000000000001;3.300000000000068;0.7555287257882395
2023-04-14;12.995833333333332;0.0;0.0;0.0;0.0;3;0.0;0.0;1015.7125;66.45833333333333;100;65.58333333333333;9.666666666666666;45.333333333333336;6.0;-0.6123651764260366;-0.7254196508680203;3116.0;494.0;1762.0;28967.77;3086.6666666666665;2850.0;12.641666666666666;14.2;;;5.9;4.7000000000000455;0.9493285938834727
2023-04-15;11.908333333333333;0.0;0.0;0.0;0.0;2;0.0;0.0;1016.9083333333333;5.833333333333333;63;5.833333333333333;1.1666666666666667;0.0;23.0;-0.47760939567163146;-0.7514897263563127;4475.0;686.0;3649.0;38026.31;3064.1666666666665;3010.0;11.241666666666667;12.5;;;6.9;2.300000000000068;0.8904198693048728
2023-04-16;9.804166666666667;0.0;0.0;0.0;0.0;3;0.0;0.0;1019.0875;39.041666666666664;100;38.791666666666664;0.0;0.0;13.0;-0.2744420307373428;-0.8331216793445093;4318.0;661.0;3344.0;37847.58;2755.8333333333335;2560.0;10.125;11.7;;;6.700000000000001;5.300000000000068;0.8771602822911284
2023-04-17;7.825;0.0;0.0;0.0;0.0;3;0.0;0.0;1021.2375000000001;21.375;96;4.5;1.75;15.5;17.0;-0.15091851824644972;-0.8025682037538299;4317.0;672.0;3483.0;37878.98;2351.25;1800.0;8.320833333333333;10.5;;;6.700000000000001;2.7000000000000455;0.8166346311701169
2023-04-18;8.954166666666667;0.0;0.0;0.0;0.0;3;0.0;0.0;1023.1125000000001;90.25;100;21.5;15.0;89.0;0.0;-0.0035037129624180194;-0.8314929816704376;3760.0;602.0;2442.0;33861.43;3262.5;2710.0;8.6875;10.6;;;6.8;2.2000000000000455;0.8315003635427454
2023-04-19;12.637500000000001;0.0;0.0;0.0;0.0;3;0.0;0.0;1017.0749999999999;32.708333333333336;99;0.041666666666666664;0.20833333333333334;32.833333333333336;13.0;-0.16653502773260376;-0.8561113169097467;4332.0;656.0;3621.0;37347.14;4509.583333333333;4290.0;12.079166666666666;15.3;;;8.200000000000001;10.399999999999977;0.8721585305452443
2023-04-20;10.654166666666667;1.2;0.0;0.0;0.0;51;0.0;0.0;1012.1083333333332;82.41666666666667;100;71.5;0.0;20.333333333333332;1.0;0.22416063223059132;0.5211284345313337;2809.0;560.0;1411.0;22294.13;4149.583333333333;3610.0;11.533333333333333;13.0;;;6.0;6.099999999999909;0.5672943101416557
2023-04-21;12.9;0.2;0.0;0.0;0.0;51;0.0;0.0;1017.1875;74.08333333333333;100;60.25;3.0;47.708333333333336;4.0;-0.31327739669937815;0.08043359218329398;3259.0;515.0;1964.0;32400.0;3125.0;2910.0;12.7125;14.0;;;4.300000000000001;3.7000000000000455;0.3234382321777189
2023-04-22;11.091666666666667;0.0;0.0;0.0;0.0;2;0.0;0.0;1016.8666666666667;6.958333333333333;68;7.833333333333333;0.0;0.0;21.0;-0.3591453984091854;-0.8054237994820531;4149.0;635.0;3420.0;37140.03;3493.75;3230.0;11.1625;13.6;;;7.700000000000001;2.699999999999932;0.8818689891194718
2023-04-23;11.004166666666668;0.0;0.0;0.0;0.0;3;0.0;0.0;1017.0;54.958333333333336;100;55.0;0.0;0.0;9.0;-0.5547679607578184;-0.660394772028865;3845.0;610.0;2810.0;36000.0;3825.0;3630.0;10.933333333333332;12.9;;;7.0;1.5;0.8624898522338943
2023-04-24;10.116666666666667;0.1;0.0;0.0;0.0;51;0.0;0.0;1018.2624999999999;69.66666666666667;100;59.916666666666664;0.0;9.0;3.0;-0.42396955088146876;-0.6210189645978269;2834.0;525.0;1384.0;23947.36;3869.5833333333335;3800.0;10.1875;11.9;;;5.700000000000001;2.2999999999999545;0.7519406455730341
2023-04-25;10.220833333333333;0.0;0.0;0.0;0.0;3;0.0;0.0;1016.4499999999999;95.66666666666667;100;15.833333333333334;33.208333333333336;89.0;0.0;-0.2018622786830517;-0.38732343353447085;2770.0;416.0;891.0;24360.6;3715.4166666666665;3450.0;10.008333333333333;12.6;;;8.7;1.8999999999999773;0.4367697582480336
2023-04-26;12.445833333333333;0.0;0.0;0.0;0.0;3;0.0;0.0;1016.2166666666667;98.66666666666667;100;27.958333333333332;28.333333333333332;97.54166666666667;0.0;0.03526023599091935;-0.5299505301219823;2880.0;497.0;1455.0;21780.5;3660.8333333333335;3460.0;11.754166666666668;15.8;;;10.100000000000001;2.199999999999932;0.5311222539290793
2023-04-27;11.770833333333334;0.8;0.0;0.0;0.0;51;0.0;0.0;1013.8708333333334;100.0;100;97.45833333333333;24.708333333333332;88.0;0.0;0.055359376269755435;0.7863725492607277;1483.0;307.0;250.0;6487.3099999999995;3919.5833333333335;3860.0;12.654166666666667;13.5;;;2.5999999999999996;4.900000000000091;0.7883187469366639
2023-04-28;8.9125;55.4;6.2;1.1;10.0;63;0.0;0.0;1006.6458333333334;97.625;100;95.75;64.75;53.291666666666664;0.0;0.08799164291334823;0.96270159343775;452.0;98.0;24.0;0.0;3405.0;2710.0;13.179166666666667;14.0;;;4.799999999999999;5.600000000000023;0.9667144807181555
2023-04-29;10.766666666666666;9.8;14.7;1.5;19.0;61;0.0;0.0;1010.9583333333334;76.91666666666667;100;49.5;58.666666666666664;0.0;1.0;-0.6181669497359683;0.7617520933146635;1898.0;389.0;747.0;21463.82;2276.6666666666665;1830.0;12.383333333333333;13.4;;;2.3000000000000007;7.699999999999932;0.9810181595746038
2023-04-30;10.341666666666667;0.4;2.3000000000000003;0.5;7.0;51;0.0;0.0;1022.0666666666666;18.333333333333332;92;7.416666666666667;7.875;8.0;14.0;-0.7872928747991974;-0.15509192340819242;3610.0;572.0;2798.0;36000.0;1801.6666666666667;1690.0;9.9;11.2;;;6.199999999999999;10.0;0.8024235635972048
2023-05-01;8.070833333333333;0.0;0.0;0.0;0.0;2;0.0;0.0;1024.1791666666666;9.458333333333334;78;0.7083333333333334;5.958333333333333;6.583333333333333;21.0;-0.008562921541262614;-0.9149431401155571;3822.0;603.0;3155.0;36193.73;2425.8333333333335;1570.0;8.225;9.6;;;4.6000000000000005;2.9999999999998863;0.9149832092830108
2023-05-02;8.9;0.0;0.0;0.0;0.0;3;0.0;0.0;1019.6833333333334;4.125;93;6.208333333333333;0.0;0.0;23.0;-0.2766009197908596;-0.9285304748734232;3824.0;604.0;3173.0;36221.79;3185.0;3120.0;9.395833333333334;12.0;;;8.7;6.100000000000023;0.9688534004676942
2023-05-03;8.120833333333334;0.0;0.0;0.0;0.0;3;0.0;0.0;1015.9541666666668;44.625;100;44.208333333333336;0.0;0.375;10.0;-0.13725685307625035;-0.8674255025824967;3467.0;589.0;2520.0;36000.0;3499.5833333333335;3250.0;8.554166666666667;10.4;;;5.699999999999999;2.1000000000000227;0.8782177669843012
2023-05-04;9.008333333333333;0.0;0.0;0.0;0.0;3;0.0;0.0;1017.1083333333332;77.5;100;39.875;10.958333333333334;36.708333333333336;3.0;-0.06945976162351129;-0.32010696215758255;3309.0;562.0;2433.0;32400.0;3737.5;3530.0;8.970833333333333;10.5;;;5.6;2.5;0.327556293950446
2023-05-05;10.245833333333334;0.0;0.0;0.0;0.0;3;0.0;0.0;1014.8458333333333;35.208333333333336;96;35.208333333333336;0.0;0.6666666666666666;9.0;-0.08562622835040268;-0.6287393866682457;3518.0;573.0;2731.0;35911.29;3763.3333333333335;3430.0;10.545833333333333;14.7;;;11.299999999999999;5.0;0.6345431957947993
2023-05-06;11.358333333333334;0.0;0.0;0.0;0.0;3;0.0;0.0;1015.4083333333333;93.625;100;94.54166666666667;0.0;5.583333333333333;1.0;-0.20242546811409554;0.08831118376114684;2429.0;406.0;1211.0;27052.68;3994.5833333333335;3790.0;11.174999999999999;12.6;;;4.0;6.7999999999999545;0.22085048181633146
2023-05-07;11.058333333333332;0.0;0.0;0.0;0.0;3;0.0;0.0;1019.7166666666667;48.958333333333336;100;30.25;0.4166666666666667;26.083333333333332;9.0;-0.1582271569043815;-0.8765451552704766;3458.0;557.0;2711.0;35790.25;3674.5833333333335;3540.0;11.125;13.6;;;7.3;2.1000000000000227;0.8907116494187036
2023-05-08;7.591666666666666;0.0;0.0;0.0;0.0;3;0.0;0.0;1018.6208333333334;69.95833333333333;100;2.5416666666666665;16.333333333333332;64.375;3.0;-0.002329583189572076;-0.8302109844987736;3404.0;562.0;2509.0;34202.07;3803.75;3740.0;7.883333333333333;11.0;;;9.3;2.1000000000000227;0.8302142529132225
2023-05-09;10.6625;0.0;0.0;0.0;0.0;3;0.0;0.0;1018.3375;79.79166666666667;100;0.041666666666666664;13.333333333333334;78.875;3.0;-0.11585232523985611;-0.888727277135292;3410.0;552.0;2740.0;35674.1;3914.5833333333335;3640.0;10.258333333333333;14.8;;;11.900000000000002;2.900000000000091;0.8962465812418988
2023-05-10;10.279166666666667;0.1;0.0;0.0;0.0;51;0.0;0.0;1018.4291666666667;76.25;100;0.125;8.125;74.91666666666667;3.0;-0.27563839414354935;-0.8989342468060153;1664.0;279.0;310.0;6384.48;4090.0;3650.0;10.3125;12.6;;;7.500000000000001;3.5;0.9402442791140676
2023-05-11;12.116666666666667;0.0;0.0;0.0;0.0;3;0.0;0.0;1019.6;72.625;100;6.333333333333333;0.0;72.125;4.0;-0.16215090931657386;-0.7978282028549414;3258.0;533.0;2529.0;34944.41;3889.1666666666665;3510.0;12.262500000000001;15.8;;;9.7;2.300000000000068;0.8141392747330995
2023-05-12;13.108333333333334;0.0;0.0;0.0;0.0;3;0.0;0.0;1018.7624999999999;77.45833333333333;100;24.166666666666668;0.0;71.875;2.0;-0.07006555731235019;-0.9024920459671101;3036.0;482.0;2128.0;34662.11;4491.666666666667;4220.0;13.137500000000001;16.6;;;7.500000000000002;2.900000000000091;0.9052077525935085
2023-05-13;12.958333333333334;0.0;0.0;0.0;0.0;3;0.0;0.0;1014.9333333333334;92.375;100;7.166666666666667;0.0;90.625;0.0;-0.23635349883641235;-0.9395888714500997;3311.0;551.0;2597.0;35334.0;4575.416666666667;4510.0;12.983333333333334;15.7;;;6.200000000000001;3.8999999999999773;0.9688602705060653
2023-05-14;9.700000000000001;0.1;0.0;0.0;0.0;51;0.0;0.0;1012.5458333333332;82.83333333333333;100;36.833333333333336;0.0;67.125;3.0;0.330373161468048;0.16733084816318253;3192.0;551.0;2548.0;29638.17;4545.833333333333;4310.0;10.558333333333334;12.7;;;7.6;5.7999999999999545;0.3703323352954789
2023-05-15;12.275;1.1;0.0;0.0;0.0;51;0.0;0.0;1016.6291666666666;97.41666666666667;100;97.75;11.041666666666666;14.708333333333334;0.0;0.319155917816321;0.9347918790243278;1204.0;215.0;159.0;1193.8;4036.6666666666665;3640.0;13.1;13.9;;;1.799999999999999;2.8999999999999773;0.9877734340257445
2023-05-16;13.025;1.3;0.0;0.0;0.0;51;0.0;0.0;1016.6916666666666;95.04166666666667;100;90.875;43.0;21.25;0.0;-0.10873381907345005;-0.19112230585977996;1919.0;403.0;718.0;20178.13;3059.5833333333335;2810.0;12.383333333333333;14.0;;;6.100000000000001;2.5;0.21988810610730414
2023-05-17;9.741666666666667;2.1;0.0;0.0;0.0;55;0.0;0.0;1019.9625;79.70833333333333;100;36.708333333333336;43.75;39.166666666666664;1.0;-0.08560153262387778;-0.7462003266560774;2883.0;522.0;2165.0;30581.29;2461.6666666666665;2290.0;9.3375;10.9;;;7.300000000000001;5.2999999999999545;0.7510942350259343
2023-05-18;8.645833333333334;0.0;0.0;0.0;0.0;3;0.0;0.0;1019.525;58.958333333333336;100;0.041666666666666664;23.75;55.75;8.0;-0.048905306173077034;-0.7810594128786267;2830.0;470.0;1846.0;32268.88;2465.8333333333335;2340.0;9.004166666666666;12.1;;;10.2;3.3999999999999773;0.7825889952064158
2023-05-19;9.0625;0.0;0.0;0.0;0.0;2;0.0;0.0;1021.3208333333333;7.375;75;6.708333333333333;1.1666666666666667;0.0;22.0;-0.05372354128870413;-0.9077832541152402;3147.0;521.0;2526.0;35183.99;2733.75;2230.0;9.695833333333335;11.9;;;7.4;4.7999999999999545;0.9093715716585019
2023-05-20;6.620833333333334;0.1;0.0;0.0;0.0;51;0.0;0.0;1015.0541666666667;89.79166666666667;100;77.25;24.041666666666668;56.125;0.0;0.13337319871486794;0.12508732223244193;2932.0;518.0;2062.0;32400.0;3124.1666666666665;2890.0;7.5375000000000005;10.1;;;6.4;6.5;0.18285307850489807
2023-05-21;7.958333333333333;64.0;14.8;2.1;16.0;65;0.0;0.0;1011.0583333333334;98.20833333333333;100;93.41666666666667;67.79166666666667;40.333333333333336;0.0;0.06487727973814708;0.9239404572895283;954.0;312.0;228.0;4527.67;2301.6666666666665;2050.0;11.1875;12.2;;;6.5;4.0;0.9262154339259331
2023-05-22;9.4;4.4;1.0;0.3;3.0;53;0.0;0.0;1012.4291666666667;85.29166666666667;100;62.958333333333336;60.625;54.708333333333336;0.0;0.174303134549784;0.9133507003160989;1362.0;274.0;336.0;13638.79;2012.5;1760.0;10.929166666666667;12.1;;;4.2;5.800000000000068;0.9298339015554276
2023-05-23;9.987499999999999;17.3;6.2;2.8;5.0;63;0.0;0.0;1013.3249999999999;44.625;100;22.958333333333332;32.208333333333336;14.375;6.0;-0.291967059930546;0.7306336367780912;2899.0;490.0;2278.0;34664.15;1890.0;1630.0;11.004166666666668;12.7;;;4.8999999999999995;7.099999999999909;0.7868101901196163
2023-05-24;9.700000000000001;25.5;9.9;2.2;9.0;63;0.0;0.0;1015.6958333333333;72.875;100;56.5;51.875;40.375;0.0;-0.1388533630773434;0.8894959186682724;1560.0;328.0;792.0;19635.75;2025.0;1930.0;11.029166666666667;12.5;;;4.9;3.699999999999932;0.9002684298393465
2023-05-25;9.354166666666666;6.6000000000000005;3.6;1.5;4.0;63;0.0;0.0;1016.4416666666666;83.45833333333333;100;56.208333333333336;27.125;25.833333333333332;0.0;0.12943849916069686;0.8798859897028285;2151.0;472.0;1287.0;29803.95;1922.0833333333333;1880.0;10.445833333333333;12.1;;;3.0999999999999996;1.8999999999999773;0.8893557667999347
2023-05-26;9.008333333333333;13.200000000000001;14.9;2.8;13.0;63;0.0;0.0;1021.3791666666666;92.75;100;39.583333333333336;25.541666666666668;63.083333333333336;0.0;-0.6034514298353177;-0.25332369019976303;2033.0;384.0;882.0;22717.25;1803.75;1600.0;9.700000000000001;11.0;;;6.8999999999999995;8.800000000000068;0.6544665921089593
2023-05-27;5.433333333333334;0.0;0.0;0.0;0.0;3;0.0;0.0;1022.3916666666668;64.79166666666667;100;0.7083333333333334;0.0;63.791666666666664;6.0;-0.10707799071911339;-0.9120781005400992;3110.0;525.0;2548.0;34907.46;3518.3333333333335;2820.0;6.0874999999999995;7.7;;;5.6000000000000005;5.5;0.9183420700268924
2023-05-28;4.654166666666667;0.0;0.0;0.0;0.0;3;0.0;0.0;1020.6333333333333;96.29166666666667;100;7.125;50.791666666666664;94.875;0.0;0.17837394359624711;-0.5526871170645359;1646.0;366.0;449.0;15780.98;3587.9166666666665;3130.0;5.2625;7.9;;;8.5;1.7999999999999545;0.5807583947935537
2023-05-29;6.591666666666666;0.0;0.0;0.0;0.0;3;0.0;0.0;1019.65;65.70833333333333;100;8.875;1.5;56.875;5.0;0.05073458967981207;-0.8274398801220563;2865.0;491.0;2263.0;32400.0;3384.1666666666665;3010.0;7.2875000000000005;11.1;;;10.6;3.6000000000000227;0.8289938201255675
2023-05-30;9.808333333333334;9.6;5.3;1.0;8.0;63;0.0;0.0;1017.6125000000001;90.125;100;34.625;25.041666666666668;71.0;0.0;0.4481660831800031;0.5137366429252531;2533.0;472.0;1745.0;28305.3;3412.5;2860.0;9.854166666666666;11.9;;;8.1;1.8999999999999773;0.6817464164900425
2023-05-31;11.704166666666666;0.4;0.2;0.1;0.0;51;0.0;0.0;1019.1541666666667;98.20833333333333;100;67.5;4.291666666666667;54.625;0.0;0.10473331639906341;0.2885611107992857;1726.0;306.0;523.0;20678.38;3246.25;2470.0;11.816666666666668;13.1;;;4.699999999999999;4.599999999999909;0.30697977495213585
2023-06-01;8.254166666666666;13.0;3.1;0.9;5.0;63;0.0;0.0;1012.0749999999999;85.29166666666667;100;62.0;39.708333333333336;62.041666666666664;2.0;0.22009684848721137;0.5019581445236919;1302.0;381.0;378.0;7319.14;3402.0833333333335;2670.0;10.304166666666667;12.8;;;5.8;5.7999999999999545;0.5480917820654402
2023-06-02;11.420833333333334;0.7;1.0;0.4;3.0;51;0.0;0.0;1013.9291666666667;48.541666666666664;100;9.0;13.875;41.291666666666664;10.0;-0.21045251352130825;0.9282593154386186;2459.0;432.0;1745.0;30929.95;2165.4166666666665;2050.0;12.354166666666666;13.5;;;3.5;4.5;0.9518170082248001
2023-06-03;9.5;18.7;22.8;2.5;14.0;63;0.0;0.0;1018.5541666666667;85.83333333333333;100;48.208333333333336;39.75;65.66666666666667;1.0;-0.2394826464424141;0.3538000174185764;1479.0;288.0;731.0;22630.4;2219.5833333333335;2100.0;11.416666666666666;13.2;;;5.9;9.300000000000068;0.4272310736269628
2023-06-04;7.554166666666667;0.0;0.0;0.0;0.0;3;0.0;0.0;1020.8874999999999;81.625;100;2.0;18.708333333333332;81.58333333333333;3.0;0.06264848402929891;-0.7983213764861029;2862.0;492.0;2305.0;32244.1;3318.75;2460.0;8.279166666666667;10.2;;;6.300000000000001;4.7000000000000455;0.8007757817927784
2023-06-05;9.4;0.0;0.0;0.0;0.0;3;0.0;0.0;1018.1833333333334;88.58333333333333;100;39.041666666666664;9.833333333333334;89.45833333333333;1.0;0.1484785345672532;-0.19442831520435502;2381.0;459.0;1588.0;27169.829999999998;3676.25;3500.0;9.308333333333334;12.2;;;9.0;3.3999999999999773;0.24463900952309925
2023-06-06;12.012500000000001;6.3999999999999995;0.1;0.1;0.0;63;0.0;0.0;1017.4499999999999;99.95833333333333;100;50.75;28.208333333333332;99.79166666666667;0.0;0.02254154653458951;-0.029031911084488052;1628.0;408.0;768.0;15022.36;3505.4166666666665;3110.0;12.254166666666668;14.1;;;6.1;2.8999999999999773;0.03675558707718712
2023-06-07;9.575000000000001;0.1;0.0;0.0;0.0;51;0.0;0.0;1015.3333333333334;83.5;100;11.541666666666666;30.208333333333332;70.41666666666667;2.0;0.46769728638491576;0.2390757395740538;2071.0;396.0;969.0;25990.54;3634.5833333333335;3490.0;10.137500000000001;12.6;;;8.6;4.100000000000023;0.5252598984737886
2023-06-08;9.291666666666666;46.0;9.9;1.6;9.0;65;0.0;0.0;1012.25;97.04166666666667;100;90.0;89.625;68.08333333333333;0.0;-0.268430026400052;0.4965724632363731;283.0;59.0;0.0;0.0;3030.4166666666665;1430.0;12.775;14.5;;;3.1999999999999993;8.5;0.5644810805667199
2023-06-09;7.433333333333334;1.5;1.4;1.0;2.0;53;0.0;0.0;1022.5375;74.16666666666667;100;37.458333333333336;40.625;55.375;0.0;-0.13084690745302544;-0.026484131251737143;1918.0;389.0;920.0;22030.68;1287.5;1150.0;7.429166666666666;9.0;;;5.1;6.2000000000000455;0.13350027115395624
2023-06-10;5.875;0.3;0.2;0.2;1.0;51;0.0;0.0;1027.1666666666667;17.166666666666668;98;14.666666666666666;5.166666666666667;0.0;18.0;0.16135939132642035;-0.9119836494390782;2687.0;469.0;2129.0;33930.07;1337.5;1240.0;6.545833333333333;8.9;;;6.800000000000001;4.2999999999999545;0.926148492420871
2023-06-11;4.420833333333333;0.0;0.0;0.0;0.0;0;0.0;0.0;1027.0166666666667;0.4583333333333333;4;0.4166666666666667;0.0;0.0;24.0;0.07740821054321072;-0.9714128047956544;2825.0;483.0;2324.0;34241.2;2348.3333333333335;1470.0;5.266666666666667;7.1;;;4.7;2.599999999999909;0.9744921079108143
2023-06-12;4.966666666666667;0.0;0.0;0.0;0.0;0;0.0;0.0;1023.7125;0.75;5;0.75;0.0;0.0;24.0;0.2903030690717515;-0.8579317022377245;2854.0;486.0;2363.0;34270.82;3047.9166666666665;2740.0;5.445833333333333;10.6;;;11.0;5.100000000000023;0.9057166651977856
2023-06-13;5.554166666666667;0.0;0.0;0.0;0.0;3;0.0;0.0;1021.4583333333334;48.0;100;0.041666666666666664;0.0;48.416666666666664;9.0;0.025957399602546154;-0.6726427011550662;2900.0;494.0;2393.0;34245.41;3507.5;3360.0;5.504166666666666;9.9;;;9.7;2.3999999999999773;0.6731433651246292
2023-06-14;7.958333333333333;0.0;0.0;0.0;0.0;3;0.0;0.0;1021.3125;52.583333333333336;100;3.5;8.458333333333334;49.583333333333336;10.0;-0.049779978952256616;-0.9004993552702595;2585.0;442.0;2063.0;33834.7;3414.5833333333335;3290.0;8.445833333333333;12.9;;;10.1;2.2999999999999545;0.9018742346617072
2023-06-15;8.987499999999999;0.0;0.0;0.0;0.0;3;0.0;0.0;1021.2958333333332;52.041666666666664;98;32.916666666666664;0.20833333333333334;30.0;4.0;-0.048723636558902696;-0.8931592841312802;2394.0;425.0;1677.0;33811.14;3220.4166666666665;3050.0;9.779166666666667;12.0;;;4.8999999999999995;2.3999999999999773;0.89448728307865
2023-06-16;7.2875000000000005;0.0;0.0;0.0;0.0;3;0.0;0.0;1020.8291666666668;52.541666666666664;100;8.583333333333334;0.0;46.416666666666664;7.0;0.1540454931992509;-0.9485728672034287;2721.0;474.0;2116.0;32779.45;3303.75;2970.0;7.308333333333334;11.6;;;9.1;6.099999999999909;0.9609997390059656
2023-06-17;4.741666666666666;0.0;0.0;0.0;0.0;3;0.0;0.0;1015.1125000000001;90.83333333333333;100;0.0;0.0;90.83333333333333;1.0;0.3369038405767662;-0.8363886951675475;2512.0;443.0;1641.0;33092.25;3610.8333333333335;3590.0;5.120833333333334;10.3;;;11.200000000000001;4.0;0.901692989436786
2023-06-18;5.2749999999999995;0.1;0.0;0.0;0.0;51;0.0;0.0;1014.0625;100.0;100;28.833333333333332;21.041666666666668;100.0;0.0;0.7319018257515317;-0.04832201927091876;1986.0;378.0;724.0;20508.92;3538.75;3490.0;5.691666666666666;10.7;;;9.9;4.7999999999999545;0.7334952624828905
2023-06-19;7.483333333333333;1.0;0.0;0.0;0.0;51;0.0;0.0;1016.5666666666666;95.91666666666667;100;57.875;68.41666666666667;35.333333333333336;0.0;0.9496305910616858;-0.27357299574701094;733.0;170.0;92.0;949.29;2780.0;2300.0;8.695833333333333;11.3;;;8.100000000000001;2.3999999999999773;0.9882512046449328
2023-06-20;10.208333333333334;0.5;0.1;0.1;0.0;51;0.0;0.0;1014.6916666666666;99.95833333333333;100;85.20833333333333;51.0;90.95833333333333;0.0;0.5337609827144295;0.4827336140912218;1357.0;309.0;376.0;12764.29;2866.25;2660.0;10.558333333333334;12.1;;;5.3999999999999995;2.8999999999999773;0.7196752940332509
2023-06-21;8.987499999999999;18.1;1.1;0.4;3.0;63;0.0;0.0;1014.4958333333334;99.91666666666667;100;74.66666666666667;67.29166666666667;84.58333333333333;0.0;0.3195149639758994;0.9410508299919744;1194.0;342.0;435.0;11003.24;2686.25;2550.0;11.5;12.0;;;4.800000000000001;3.8999999999999773;0.9938141057728574
2023-06-22;9.483333333333333;31.6;23.0;3.4;16.0;63;0.0;0.0;1011.1;100.0;100;95.41666666666667;68.95833333333333;85.04166666666667;0.0;-0.18763591105413693;0.8804085631980629;555.0;185.0;87.0;3600.0;2886.25;2670.0;12.75;14.3;;;5.5;4.0;0.9001813557664886
2023-06-23;10.583333333333334;36.7;5.2;0.4;14.0;63;0.0;0.0;1010.8041666666667;100.0;100;96.29166666666667;99.70833333333333;97.66666666666667;0.0;-0.5496319953043107;0.8057923953158784;206.0;36.0;1.0;0.0;3137.0833333333335;2790.0;13.779166666666667;14.2;;;2.5;2.599999999999909;0.9753956707978044
2023-06-24;12.404166666666667;34.7;9.7;0.9;16.0;63;0.0;0.0;1013.2708333333334;100.0;100;74.70833333333333;99.875;93.75;0.0;-0.22613147179462376;0.5630911397705715;729.0;289.0;142.0;3600.0;3149.1666666666665;2970.0;13.362499999999999;14.1;;;3.9000000000000004;3.699999999999932;0.6068006873958894
2023-06-25;10.808333333333332;39.7;17.7;1.9;17.0;65;0.0;0.0;1013.5;82.75;100;67.875;65.625;65.5;2.0;-0.6328033750731115;0.7059313631770872;872.0;245.0;215.0;9222.23;2704.5833333333335;1940.0;13.095833333333333;14.1;;;2.0999999999999996;6.2000000000000455;0.9480396621560627
2023-06-26;9.941666666666666;6.2;12.7;1.9;18.0;63;0.0;0.0;1017.8958333333334;84.54166666666667;100;20.708333333333332;59.666666666666664;59.083333333333336;2.0;-0.2825157578285649;0.8902236987608299;2056.0;386.0;1108.0;25200.0;1851.6666666666667;1710.0;11.079166666666666;12.3;;;3.999999999999999;3.099999999999909;0.933977187760419
2023-06-27;8.891666666666667;3.3;7.1;2.4;7.0;61;0.0;0.0;1023.4083333333333;45.208333333333336;100;18.208333333333332;13.125;21.916666666666668;6.0;-0.23572555779285834;0.2299917038717644;2363.0;390.0;1708.0;33811.96;1639.5833333333333;1510.0;8.8625;10.1;;;5.999999999999999;9.0;0.3293367918204578
2023-06-28;6.058333333333334;0.0;0.0;0.0;0.0;3;0.0;0.0;1020.7125;89.83333333333333;100;0.08333333333333333;26.125;84.0;1.0;0.10580796783327483;-0.7206997463668592;2084.0;456.0;1088.0;21458.170000000002;3060.4166666666665;2520.0;7.2875000000000005;10.0;;;8.7;10.299999999999955;0.7284253225075735
2023-06-29;7.391666666666667;0.0;0.0;0.0;0.0;3;0.0;0.0;1020.0625;84.25;100;0.375;10.958333333333334;87.33333333333333;3.0;0.5008339894878209;-0.6410572257897549;2169.0;416.0;1116.0;26241.75;2870.8333333333335;2570.0;7.341666666666666;10.8;;;8.7;2.8999999999999773;0.8135041805446014
2023-06-30;10.320833333333333;0.0;0.0;0.0;0.0;3;0.0;0.0;1018.1666666666666;59.708333333333336;100;37.875;30.541666666666668;19.666666666666668;5.0;0.7342036840581055;0.17143245678330274;1731.0;297.0;564.0;22087.81;3101.6666666666665;2900.0;9.666666666666666;14.1;;;11.5;2.800000000000068;0.7539523439337883
2023-07-01;8.729166666666666;0.30000000000000004;0.0;0.0;0.0;51;0.0;0.0;1011.6750000000001;100.0;100;99.95833333333333;3.5833333333333335;86.125;0.0;0.24912768801081306;0.07699827940900673;1162.0;222.0;130.0;1699.97;3387.5;2850.0;10.0375;12.0;;;6.1;6.2999999999999545;0.2607553258623119
2023-07-02;10.4375;23.4;2.5;0.7;5.0;65;0.0;0.0;1014.3874999999999;83.54166666666667;100;43.958333333333336;73.91666666666667;37.958333333333336;4.0;-0.1971441987905328;0.9383189976138988;1323.0;237.0;353.0;13930.09;2202.5;2020.0;11.833333333333334;12.6;;;5.800000000000001;5.899999999999977;0.9588057031536228
2023-07-03;9.2875;0.4;0.0;0.0;0.0;51;0.0;0.0;1017.3375;65.08333333333333;100;10.375;5.5;61.083333333333336;4.0;0.18798042761974867;0.978453340111345;2593.0;462.0;1920.0;32254.64;1979.1666666666667;1860.0;11.025;11.9;;;3.0999999999999996;1.8999999999999773;0.9963471181988488
2023-07-04;8.416666666666666;17.2;11.8;2.7;9.0;63;0.0;0.0;1018.6541666666667;82.625;100;46.666666666666664;46.916666666666664;40.166666666666664;2.0;-0.28686648921739244;0.27429997150136554;1377.0;260.0;340.0;15275.77;2029.1666666666667;1820.0;9.983333333333333;12.0;;;6.3;7.699999999999932;0.3969040904318854
2023-07-05;7.929166666666667;3.9;1.3;0.6;3.0;53;0.0;0.0;1021.7041666666668;98.75;100;58.166666666666664;78.91666666666667;96.75;0.0;0.41212030584843645;0.36595939329043453;829.0;162.0;76.0;1564.92;1750.8333333333333;1610.0;8.191666666666666;10.0;;;5.8;2.199999999999932;0.5511528136824775
2023-07-06;8.354166666666666;0.6000000000000001;0.6;0.6;1.0;51;0.0;0.0;1019.8166666666666;48.875;100;24.125;39.25;34.916666666666664;11.0;-0.21788830124999278;-0.8869622077677829;2538.0;457.0;1848.0;29674.58;1668.75;1570.0;8.450000000000001;9.6;;;6.1;3.7999999999999545;0.9133330552596393
2023-07-07;4.7625;9.0;3.0999999999999996;0.6;5.0;61;0.0;0.0;1013.5749999999999;94.91666666666667;100;42.25;70.375;70.08333333333333;0.0;0.530516082552367;0.23072359963872557;1097.0;233.0;93.0;498.69;2273.3333333333335;1850.0;6.745833333333334;9.7;;;6.4;6.100000000000023;0.5785159403827701
2023-07-08;8.391666666666667;15.100000000000001;6.5;1.6;5.0;63;0.0;0.0;1016.3000000000001;52.458333333333336;100;32.916666666666664;37.333333333333336;6.208333333333333;3.0;-0.5562411823780694;0.35750675587020914;2600.0;439.0;1945.0;34591.33;1665.0;1460.0;9.291666666666666;11.6;;;5.4;11.100000000000023;0.6612226050780433
2023-07-09;6.0625;0.0;0.0;0.0;0.0;1;0.0;0.0;1021.2624999999999;17.916666666666668;41;7.625;6.875;5.583333333333333;12.0;0.3191522403407367;-0.45699270933086883;2661.0;464.0;2034.0;34643.61;1587.9166666666667;1400.0;6.558333333333334;9.1;;;8.399999999999999;2.2000000000000455;0.5574051389214844
2023-07-10;5.0;0.0;0.0;0.0;0.0;3;0.0;0.0;1014.9208333333332;77.33333333333333;100;0.0;0.2916666666666667;77.0;0.0;0.38617955507857665;-0.8525352149042699;2870.0;495.0;2246.0;32454.74;2477.0833333333335;2280.0;5.491666666666667;9.3;;;9.5;8.200000000000045;0.9359225082305463
2023-07-11;7.120833333333334;12.2;0.0;0.0;0.0;61;0.0;0.0;1013.0;88.125;100;64.29166666666667;64.125;64.91666666666667;1.0;0.7903015579306709;-0.0914602583792951;834.0;190.0;141.0;6607.87;1929.1666666666667;1640.0;7.825;10.4;;;9.6;2.699999999999932;0.7955762259711215
2023-07-12;6.154166666666666;0.1;0.0;0.0;0.0;51;0.0;0.0;1022.9458333333333;38.125;100;21.291666666666668;6.125;23.333333333333332;13.0;-0.29152772000269944;-0.8338099409558835;2717.0;490.0;2024.0;33779.22;1680.8333333333333;1220.0;6.6499999999999995;8.6;;;6.0;12.299999999999955;0.8833048336598335
2023-07-13;4.666666666666667;0.0;0.0;0.0;0.0;3;0.0;0.0;1022.0124999999999;59.791666666666664;100;9.0;10.625;57.333333333333336;6.0;0.14078790409156025;-0.7913421225993743;2541.0;435.0;1463.0;31547.739999999998;2624.1666666666665;2210.0;5.345833333333334;7.9;;;8.6;7.599999999999909;0.8037683677145907
2023-07-14;6.1875;0.0;0.0;0.0;0.0;3;0.0;0.0;1019.1374999999999;87.20833333333333;100;24.541666666666668;14.583333333333334;86.83333333333333;0.0;0.022930864254795926;-0.7354780168647008;2497.0;488.0;1774.0;24578.73;2069.5833333333335;1910.0;6.8125;10.0;;;8.1;3.800000000000068;0.7358354013138434
2023-07-15;4.720833333333333;0.0;0.0;0.0;0.0;3;0.0;0.0;1022.7624999999999;44.416666666666664;100;7.541666666666667;0.0;39.208333333333336;9.0;0.3262271574633259;-0.8370305678701094;2995.0;503.0;2441.0;35007.35;1763.3333333333333;1340.0;5.370833333333334;8.1;;;8.1;2.1000000000000227;0.8983564603293948
2023-07-16;4.45;0.0;0.0;0.0;0.0;3;0.0;0.0;1019.6999999999999;88.08333333333333;100;0.0;17.833333333333332;87.20833333333333;2.0;0.25468138269593027;-0.8976434620405688;2522.0;432.0;1347.0;27021.06;2490.0;2280.0;4.825;8.4;;;8.3;5.399999999999977;0.9330736260532118
2023-07-17;4.254166666666666;0.0;0.0;0.0;0.0;3;0.0;0.0;1018.9291666666667;63.291666666666664;100;0.0;35.166666666666664;46.875;6.0;0.49839863154100955;0.12580296785990133;2986.0;506.0;2409.0;32581.38;2645.0;2570.0;4.495833333333334;8.1;;;10.0;3.699999999999932;0.5140307214985408
2023-07-18;7.066666666666666;0.2;0.0;0.0;0.0;51;0.0;0.0;1018.2624999999999;99.83333333333333;100;0.5416666666666666;84.20833333333333;93.33333333333333;0.0;0.6636920983419569;0.3820100845143148;1408.0;319.0;286.0;7922.07;2798.75;2340.0;6.783333333333334;9.8;;;11.7;4.800000000000068;0.7657799331871942
2023-07-19;9.891666666666667;2.5;2.6;1.3;2.0;53;0.0;0.0;1014.8708333333334;100.0;100;71.0;53.458333333333336;77.54166666666667;0.0;0.42029838536272557;0.8829638344111815;597.0;122.0;0.0;0.0;2960.8333333333335;2860.0;10.725;12.9;;;3.7;3.3999999999999773;0.9778935860392022
2023-07-20;8.704166666666667;31.3;14.7;2.3;11.0;63;0.0;0.0;1008.7916666666666;100.0;100;95.20833333333333;66.5;77.25;0.0;0.17395434099278959;0.9768416350411305;704.0;138.0;21.0;0.0;2947.9166666666665;2610.0;12.229166666666666;12.6;;;2.4000000000000004;7.0;0.9922095004080866
2023-07-21;9.245833333333334;23.3;31.3;2.9;24.0;63;0.0;0.0;1008.4791666666666;84.04166666666667;100;41.208333333333336;57.75;58.375;0.0;-0.5010054342601796;0.8421217003149967;2020.0;372.0;1026.0;27590.83;2033.75;1810.0;11.179166666666667;12.6;;;2.4000000000000004;5.300000000000068;0.9798854031465375
2023-07-22;8.370833333333334;10.5;23.3;2.6;15.0;63;0.0;0.0;1017.3583333333332;53.625;100;31.833333333333332;18.375;23.708333333333332;2.0;-0.44331343709476473;0.6407766328734605;2429.0;394.0;1551.0;34642.21;1591.6666666666667;1400.0;8.975;9.9;;;3.2;13.599999999999909;0.7791800156224642
2023-07-23;6.25;0.0;0.0;0.0;0.0;3;0.0;0.0;1021.4125;69.66666666666667;100;26.083333333333332;43.25;53.041666666666664;5.0;0.02540294625361066;-0.4767605951951141;1167.0;165.0;175.0;6956.88;2245.4166666666665;1690.0;7.045833333333333;9.4;;;7.9;5.100000000000023;0.4774368804451153
2023-07-24;6.895833333333333;1.9;1.9;0.6;5.0;53;0.0;0.0;1020.5583333333334;85.25;100;60.208333333333336;36.666666666666664;59.583333333333336;1.0;0.5311961948490777;0.6402040734840231;2149.0;510.0;1306.0;21513.27;2512.5;2350.0;8.429166666666667;11.5;;;6.699999999999999;3.900000000000091;0.831883797851404
2023-07-25;8.8125;3.0;1.2;0.7;3.0;55;0.0;0.0;1020.7458333333334;56.958333333333336;100;44.0;33.208333333333336;6.25;3.0;-0.5830087209265186;0.12831722667172482;2516.0;437.0;1721.0;35806.37;1827.0833333333333;1520.0;9.708333333333334;12.0;;;4.3999999999999995;7.100000000000023;0.5969627118481505
2023-07-26;6.0375000000000005;0.0;0.0;0.0;0.0;3;0.0;0.0;1021.6708333333332;81.58333333333333;100;35.708333333333336;24.666666666666668;58.583333333333336;2.0;0.07577020405002448;-0.7223625452232652;2482.0;399.0;1086.0;31333.96;2968.75;2450.0;7.3125;10.5;;;10.1;6.600000000000136;0.7263255265810339
2023-07-27;9.049999999999999;0.0;0.0;0.0;0.0;3;0.0;0.0;1021.75;92.0;100;47.5;24.583333333333332;76.79166666666667;0.0;0.23187609356220182;-0.11864854850162271;2363.0;500.0;1268.0;22636.03;3026.6666666666665;2520.0;8.924999999999999;11.3;;;8.100000000000001;3.0;0.26046880970129394
2023-07-28;9.066666666666666;0.0;0.0;0.0;0.0;3;0.0;0.0;1020.4958333333334;99.58333333333333;100;38.75;2.3333333333333335;98.95833333333333;0.0;-0.07101345969464166;-0.8138989292815556;2550.0;488.0;1230.0;33402.72;4039.1666666666665;3510.0;9.674999999999999;12.9;;;8.100000000000001;3.300000000000068;0.8169910516911829
2023-07-29;10.833333333333334;0.1;0.0;0.0;0.0;51;0.0;0.0;1018.9166666666666;98.16666666666667;100;94.5;0.0;95.375;0.0;0.04015120671620249;-0.6659771382796994;1966.0;378.0;553.0;15657.21;4068.75;3710.0;10.799999999999999;13.0;;;6.699999999999999;2.0;0.6671863818394266
2023-07-30;11.704166666666666;0.0;0.0;0.0;0.0;3;0.0;0.0;1017.9;99.375;100;52.375;0.041666666666666664;99.33333333333333;0.0;0.10213033029005296;-0.8633040628566793;2494.0;499.0;1238.0;17131.07;3939.1666666666665;3070.0;11.85;16.0;;;9.0;4.899999999999977;0.8693241681386781
2023-07-31;9.908333333333333;1.6;0.0;0.0;0.0;51;0.0;0.0;1017.3041666666667;98.875;100;90.04166666666667;20.25;44.583333333333336;0.0;-0.10818431132117061;0.6793686233387385;2097.0;457.0;894.0;18000.0;4192.083333333333;3820.0;11.225;12.3;;;2.0999999999999996;6.600000000000023;0.6879284640085833
2023-08-01;10.65;0.4;0.0;0.0;0.0;51;0.0;0.0;1021.5375;41.5;100;40.541666666666664;0.4166666666666667;0.0;10.0;-0.23735458551834313;-0.6055937751178687;3186.0;546.0;2465.0;30960.52;3477.0833333333335;3110.0;10.858333333333334;12.2;;;6.199999999999999;2.8999999999999773;0.6504467847011747
2023-08-02;7.1875;0.0;0.0;0.0;0.0;3;0.0;0.0;1023.4875000000001;18.416666666666668;87;9.291666666666666;0.0;10.708333333333334;15.0;0.1810694541060559;-0.9526766311646484;3488.0;559.0;2898.0;36000.0;3233.75;3060.0;7.6499999999999995;10.0;;;5.8999999999999995;2.7999999999999545;0.9697313601082975
2023-08-03;4.820833333333334;0.0;0.0;0.0;0.0;2;0.0;0.0;1021.3041666666667;16.125;68;0.0;0.0;15.666666666666666;15.0;0.2581390253871202;-0.8079286607457146;3639.0;577.0;3075.0;36000.0;3395.0;3310.0;4.75;10.0;;;11.299999999999999;2.7999999999999545;0.8481653596334716
2023-08-04;5.904166666666666;0.0;0.0;0.0;0.0;3;0.0;0.0;1016.9666666666667;40.416666666666664;100;0.0;0.0;40.416666666666664;14.0;0.18803441266532953;-0.7685972015913398;3665.0;594.0;2984.0;35429.62;3877.5;3630.0;5.495833333333334;11.0;;;11.1;7.7000000000000455;0.7912639247687425
2023-08-05;7.7124999999999995;0.0;0.0;0.0;0.0;3;0.0;0.0;1014.1166666666667;88.125;100;36.375;0.0;63.833333333333336;0.0;0.49049427415795166;0.487018243702497;2655.0;446.0;1309.0;31166.58;3032.5;2490.0;8.220833333333333;11.3;;;6.8999999999999995;4.800000000000068;0.6912101002450707
2023-08-06;9.666666666666666;0.0;0.0;0.0;0.0;3;0.0;0.0;1020.5291666666667;30.666666666666668;100;29.208333333333332;0.041666666666666664;2.25;13.0;0.29706753098314875;-0.02039917826934233;3203.0;495.0;2296.0;36000.0;2565.8333333333335;2390.0;9.5;11.9;;;7.8999999999999995;5.5;0.29776709764258447
2023-08-07;8.045833333333333;0.0;0.0;0.0;0.0;3;0.0;0.0;1018.1374999999999;70.70833333333333;100;0.0;3.4583333333333335;71.08333333333333;6.0;-0.11220494108171758;-0.7028085905370448;3065.0;513.0;1749.0;31293.43;3153.3333333333335;2930.0;8.362499999999999;12.0;;;11.0;4.600000000000023;0.7117091145515977
2023-08-08;7.966666666666666;0.0;0.0;0.0;0.0;3;0.0;0.0;1019.4708333333333;84.66666666666667;100;39.666666666666664;35.708333333333336;72.66666666666667;2.0;0.128782873197592;-0.22490498024201325;2508.0;514.0;923.0;21150.079999999998;3156.25;3010.0;8.333333333333334;11.1;;;9.5;2.800000000000068;0.25916650741692576
2023-08-09;8.325000000000001;14.2;5.3999999999999995;1.2;8.0;63;0.0;0.0;1012.0625;95.75;100;39.25;88.5;88.16666666666667;0.0;0.15938830416368735;0.9319278114053096;722.0;196.0;30.0;0.0;2628.3333333333335;2070.0;10.533333333333333;11.8;;;3.700000000000001;8.5;0.9454597173729119
2023-08-10;7.854166666666667;30.900000000000002;40.199999999999996;5.1;21.0;63;0.0;0.0;1017.9833333333332;61.833333333333336;100;39.125;21.041666666666668;38.25;3.0;-0.7916441216218573;0.11280529701847004;3070.0;509.0;2086.0;36000.0;1656.25;1370.0;9.429166666666667;10.7;;;2.1000000000000005;16.699999999999932;0.7996408258298642
2023-08-11;5.891666666666667;0.0;0.0;0.0;0.0;3;0.0;0.0;1027.8916666666667;40.041666666666664;100;18.291666666666668;3.4166666666666665;23.833333333333332;8.0;-0.06895847229935897;-0.9049207907606963;3770.0;603.0;3032.0;36000.0;1627.0833333333333;1180.0;6.454166666666667;7.9;;;6.199999999999999;3.2999999999999545;0.9075444388308627
2023-08-12;6.595833333333334;0.0;0.0;0.0;0.0;3;0.0;0.0;1024.3791666666666;48.958333333333336;100;0.0;0.25;49.125;8.0;-0.1005669504163621;-0.9114176343964373;3785.0;595.0;3087.0;36000.0;3382.5;2770.0;7.104166666666667;9.9;;;8.1;4.500000000000114;0.9169491893255836
2023-08-13;7.754166666666666;0.0;0.0;0.0;0.0;3;0.0;0.0;1020.0124999999999;77.54166666666667;100;1.875;0.0;76.625;1.0;-0.04547586302299301;-0.8724557487687906;3824.0;597.0;3146.0;36000.0;3832.9166666666665;3610.0;8.233333333333333;12.0;;;10.1;4.2999999999999545;0.8736401362559971
2023-08-14;9.729166666666666;0.0;0.0;0.0;0.0;3;0.0;0.0;1015.5291666666667;99.70833333333333;100;42.375;0.0;99.70833333333333;0.0;-0.19649250314422764;-0.7522749263036075;2342.0;376.0;533.0;15835.310000000001;3777.9166666666665;3440.0;9.829166666666667;12.0;;;7.199999999999999;3.8999999999999773;0.7775132593962513
2023-08-15;9.429166666666667;8.4;0.2;0.1;0.0;61;0.0;0.0;1013.0583333333334;100.0;100;94.875;55.125;90.75;0.0;0.18938277866134598;0.9692054436608851;891.0;193.0;41.0;0.0;2837.5;2280.0;11.370833333333332;12.1;;;2.0;2.6000000000000227;0.9875348241329951
2023-08-16;9.595833333333333;33.0;21.9;2.0;21.0;63;0.0;0.0;1014.6166666666667;96.875;100;63.458333333333336;74.08333333333333;68.29166666666667;0.0;-0.06715204719116703;0.952574299945204;1283.0;259.0;126.0;768.77;2227.9166666666665;2010.0;11.766666666666666;12.7;;;3.299999999999999;2.2999999999999545;0.9549383196615687
2023-08-17;8.283333333333333;3.8000000000000003;4.7;1.3;8.0;61;0.0;0.0;1019.8833333333333;25.5;88;21.375;12.125;0.2916666666666667;13.0;-0.7462963898505613;-0.31817648358479717;3863.0;616.0;3066.0;36000.0;1689.1666666666667;1540.0;8.700000000000001;10.8;;;6.1000000000000005;8.0;0.8112919179989209
2023-08-18;7.5125;6.2;0.5;0.2;1.0;61;0.0;0.0;1021.8958333333334;77.625;100;36.958333333333336;47.166666666666664;58.125;0.0;0.015665566466402683;0.7001934211969295;3311.0;601.0;1956.0;26111.36;1590.0;1360.0;7.8374999999999995;9.6;;;6.4;6.899999999999977;0.7003686436871471
2023-08-19;9.154166666666667;32.2;2.7;0.9;3.0;65;0.0;0.0;1011.6916666666666;100.0;100;94.66666666666667;83.875;92.58333333333333;0.0;-0.6378760052513422;0.5385200554986543;976.0;176.0;43.0;0.0;2484.1666666666665;1930.0;11.845833333333333;13.0;;;7.199999999999999;6.0;0.8347991664165005
2023-08-20;9.954166666666667;36.6;14.9;1.9;19.0;63;0.0;0.0;1009.0375;100.0;100;93.79166666666667;90.79166666666667;59.791666666666664;0.0;-0.5220588228856883;0.8135311243928381;787.0;199.0;81.0;2485.16;2589.1666666666665;2120.0;12.695833333333333;13.6;;;2.5999999999999996;6.2999999999999545;0.9666324559565884
2023-08-21;9.595833333333333;12.7;6.9;1.3;11.0;63;0.0;0.0;1006.2208333333333;99.25;100;37.916666666666664;78.54166666666667;81.08333333333333;0.0;-0.7188578829276148;0.5827784623768265;2402.0;535.0;974.0;14589.33;1997.5;1600.0;11.254166666666668;13.0;;;4.2;4.800000000000068;0.9254120120559656
2023-08-22;8.216666666666667;13.7;3.9;0.7;10.0;61;0.0;0.0;1007.5291666666667;83.5;100;69.08333333333333;70.58333333333333;24.75;0.0;-0.5856275456628662;0.3303499371255599;2395.0;525.0;1193.0;19884.62;1593.3333333333333;1410.0;9.1625;11.0;;;5.200000000000001;7.0;0.6723769056102193
2023-08-23;7.074999999999999;11.9;11.3;1.2;19.0;63;0.0;0.0;1015.5875;64.625;97;45.958333333333336;41.458333333333336;0.0;0.0;-0.767789576841706;0.4463819386164094;3145.0;536.0;1872.0;33342.82;1355.4166666666667;1260.0;7.9375;9.3;;;2.5999999999999996;6.399999999999977;0.8881203012147115
2023-08-24;6.979166666666667;6.8999999999999995;1.4000000000000001;0.4;5.0;63;0.0;0.0;1020.625;39.833333333333336;89;28.958333333333332;20.25;0.375;3.0;-0.2854094729302723;0.2203325280285335;3887.0;674.0;2896.0;36242.77;1288.3333333333333;1120.0;7.116666666666667;8.3;;;4.699999999999999;5.699999999999932;0.3605620475671009
2023-08-25;5.7;0.0;0.0;0.0;0.0;2;0.0;0.0;1025.5708333333334;15.333333333333334;72;13.375;2.9166666666666665;0.0;18.0;0.22909933665061288;-0.5355945558852441;4248.0;609.0;3336.0;37007.87;1426.25;1150.0;6.1499999999999995;8.4;;;8.700000000000001;3.2000000000000455;0.582535865288707
2023-08-26;5.466666666666666;0.0;0.0;0.0;0.0;2;0.0;0.0;1023.1833333333334;11.041666666666666;68;10.25;0.0;0.0;19.0;0.016859096757755064;-0.7443324674555458;4520.0;685.0;3715.0;36643.69;1889.5833333333333;1750.0;5.958333333333333;9.1;;;9.6;3.0000000000001137;0.7445233718641401
2023-08-27;6.791666666666667;0.6000000000000001;0.0;0.0;0.0;51;0.0;0.0;1017.7916666666666;46.541666666666664;100;9.041666666666666;33.333333333333336;37.458333333333336;11.0;0.24169984321908086;-0.08690052012795041;4376.0;697.0;3621.0;30099.78;2412.0833333333335;2280.0;6.6625000000000005;10.5;;;13.700000000000001;8.300000000000068;0.25684725930139213
2023-08-28;8.129166666666666;22.9;0.0;0.0;0.0;63;0.0;0.0;1017.1875;79.45833333333333;100;66.91666666666667;59.208333333333336;39.0;3.0;0.017715995187183475;0.3145794527848361;1391.0;275.0;324.0;10800.0;1992.9166666666667;1810.0;9.5875;11.2;;;4.7;11.699999999999932;0.315077908777939
2023-08-29;7.3500000000000005;0.6;0.0;0.0;0.0;51;0.0;0.0;1021.6708333333332;80.16666666666667;100;21.625;47.916666666666664;56.083333333333336;4.0;-0.3914050062680498;-0.2314020243227786;3739.0;698.0;2405.0;22109.94;2506.6666666666665;1810.0;7.529166666666666;9.6;;;5.1;5.399999999999864;0.454691957035059
2023-08-30;8.237499999999999;8.9;3.9000000000000004;1.2;6.0;63;0.0;0.0;1022.725;42.125;100;16.458333333333332;15.25;22.166666666666668;13.0;-0.6726491162495006;-0.3218933781373027;4540.0;677.0;3679.0;38134.35;1869.5833333333333;1380.0;8.75;10.7;;;5.700000000000001;8.300000000000068;0.7457024745029875
2023-08-31;6.25;0.0;0.0;0.0;0.0;3;0.0;0.0;1018.7624999999999;90.79166666666667;100;6.708333333333333;22.958333333333332;88.875;0.0;-0.10742364554648694;-0.5900466167632695;3144.0;480.0;1315.0;30860.69;2903.75;2530.0;6.6625000000000005;8.7;;;8.6;5.7000000000000455;0.5997456540703551
2023-09-01;9.845833333333333;2.6;0.39999999999999997;0.3;1.0;53;0.0;0.0;1017.025;97.95833333333333;100;43.125;82.45833333333333;90.375;0.0;-0.2864051096040367;-0.06660836593753011;2068.0;361.0;458.0;12041.02;2072.9166666666665;1710.0;10.075000000000001;11.3;;;3.8999999999999995;3.0;0.29404856949179026
2023-09-02;7.416666666666667;10.200000000000001;0.1;0.1;0.0;61;0.0;0.0;1015.25;100.0;100;17.625;87.83333333333333;95.83333333333333;0.0;0.4942490684474692;-0.7923450266750446;1283.0;267.0;86.0;3577.46;1706.6666666666667;1600.0;8.362499999999999;9.8;;;5.1000000000000005;3.5;0.9338590808884755
2023-09-03;6.679166666666667;0.3;0.0;0.0;0.0;51;0.0;0.0;1019.6374999999999;63.291666666666664;100;25.208333333333332;36.166666666666664;58.916666666666664;8.0;-0.02385223305268309;-0.8720976595890132;4883.0;739.0;3945.0;38726.01;2023.3333333333333;1630.0;6.9375;8.9;;;8.299999999999999;5.899999999999977;0.8724237828499599
2023-09-04;6.858333333333333;0.8;0.0;0.0;0.0;53;0.0;0.0;1022.375;94.79166666666667;100;13.375;95.79166666666667;44.208333333333336;0.0;0.24931389360093745;-0.4057704057269607;2820.0;567.0;1057.0;18110.58;1910.4166666666667;1700.0;6.283333333333334;8.2;;;5.1;1.6000000000000227;0.4762426269311493
2023-09-05;7.0125;36.6;2.4;0.6;6.0;63;0.0;0.0;1015.9875000000001;98.66666666666667;100;59.875;93.79166666666667;79.5;0.0;0.3318310307119041;0.8652034122855956;765.0;115.0;5.0;0.0;2284.5833333333335;2080.0;9.145833333333334;11.8;;;5.8;9.100000000000023;0.9266546161186285
2023-09-06;9.470833333333333;3.7;5.0;0.7;12.0;55;0.0;0.0;1015.5583333333334;33.208333333333336;97;25.041666666666668;18.458333333333332;0.0;9.0;-0.577368204959766;0.6643694755407014;4454.0;664.0;3317.0;39484.38;1711.6666666666667;1540.0;9.866666666666667;11.4;;;3.8;7.899999999999977;0.8801936401319251
2023-09-07;8.408333333333333;16.4;11.3;1.1;16.0;61;0.0;0.0;1021.2833333333333;88.66666666666667;100;50.375;73.08333333333333;46.5;0.0;-0.5657054786283598;0.6874332414647291;2765.0;500.0;942.0;23740.44;1624.1666666666667;1510.0;9.225;10.3;;;3.6000000000000005;2.8999999999999773;0.8902736377209235
2023-09-08;9.604166666666666;0.6000000000000001;0.0;0.0;0.0;51;0.0;0.0;1019.0375;67.625;100;22.833333333333332;42.666666666666664;36.25;6.0;0.10938369453394971;0.7775896787457185;4991.0;735.0;4019.0;37818.76;1895.0;1610.0;9.35;11.1;;;6.699999999999999;3.800000000000068;0.7852455037259152
2023-09-09;9.825;21.2;13.8;2.1;12.0;63;0.0;0.0;1014.0875;93.91666666666667;100;60.041666666666664;69.125;70.66666666666667;0.0;-0.10630872603222193;0.9296382312359288;3298.0;553.0;1958.0;26708.55;2244.1666666666665;2070.0;11.829166666666666;13.6;;;6.200000000000001;3.400000000000091;0.9356969521196808
2023-09-10;9.733333333333333;29.6;27.5;2.6;19.0;63;0.0;0.0;1011.9833333333332;98.58333333333333;100;67.625;84.41666666666667;95.08333333333333;0.0;-0.46802339929128617;0.7587214559826626;1566.0;271.0;107.0;302.21;2126.25;1810.0;11.799999999999999;13.0;;;3.6000000000000005;3.7999999999999545;0.8914618051563522
2023-09-11;8.5;0.8;1.3;0.7;2.0;51;0.0;0.0;1021.3458333333333;14.583333333333334;38;8.583333333333334;9.083333333333334;0.0;14.0;-0.6793189460792918;-0.24991470520785228;4844.0;680.0;3693.0;41248.66;1489.5833333333333;1340.0;8.5;9.8;;;5.5;10.599999999999909;0.7238311891466183
2023-09-12;7.304166666666667;0.0;0.0;0.0;0.0;1;0.0;0.0;1024.175;3.625;20;2.7083333333333335;1.375;0.25;23.0;-0.1429649656641014;-0.6980982424401502;5261.0;750.0;4336.0;41600.01;1552.0833333333333;1380.0;7.566666666666666;9.8;;;8.6;4.2000000000000455;0.7125869332968184
2023-09-13;7.125;11.0;0.0;0.0;0.0;63;0.0;0.0;1024.7124999999999;92.625;100;51.041666666666664;70.20833333333333;89.33333333333333;0.0;0.22451266663566802;0.7006353259646577;2224.0;431.0;304.0;4592.12;1702.5;1570.0;8.608333333333333;10.4;;;4.6;5.100000000000023;0.7357280730470062
2023-09-14;11.254166666666668;25.2;0.0;0.0;0.0;63;0.0;0.0;1021.5208333333334;100.0;100;99.41666666666667;60.458333333333336;74.5;0.0;-0.2510949287795335;0.9313081336062496;1486.0;218.0;93.0;0.0;3143.75;2440.0;12.470833333333333;13.3;;;6.300000000000001;3.0;0.9645638926374733
2023-09-15;10.325000000000001;3.8;0.0;0.0;0.0;63;0.0;0.0;1014.9458333333333;99.58333333333333;100;96.375;59.0;66.33333333333333;0.0;-0.6170784126869012;0.6327587043330178;1427.0;203.0;110.0;1189.31;3185.4166666666665;2680.0;11.833333333333334;12.6;;;2.799999999999999;8.399999999999977;0.8838378501248886
2023-09-16;8.766666666666667;4.4;1.8;0.3;5.0;61;0.0;0.0;1014.5333333333333;63.083333333333336;100;37.625;40.5;39.125;4.0;-0.9021888466922526;-0.0851750078227503;4369.0;694.0;2825.0;41854.97;1665.0;1180.0;9.674999999999999;12.5;;;4.5;8.200000000000045;0.9062005832339232
2023-09-17;5.895833333333333;0.0;0.0;0.0;0.0;1;0.0;0.0;1022.1791666666667;9.458333333333334;46;7.833333333333333;2.7083333333333335;0.0;20.0;-0.19317195276070384;-0.8821762887421182;5529.0;793.0;4565.0;42041.18;1239.1666666666667;1080.0;6.333333333333333;8.0;;;6.6;4.999999999999886;0.9030782954717718
2023-09-18;5.6875;0.0;0.0;0.0;0.0;3;0.0;0.0;1021.9333333333334;20.875;100;0.25;0.0;19.0;18.0;-0.08803869605083275;-0.8602258666903211;5952.0;832.0;5156.0;42089.16;1805.0;1270.0;6.016666666666667;8.2;;;9.899999999999999;4.400000000000091;0.8647192340438861
2023-09-19;7.583333333333333;0.0;0.0;0.0;0.0;3;0.0;0.0;1016.6708333333332;88.25;100;0.0;39.958333333333336;73.375;2.0;0.08152754075035352;-0.9540255581046998;5523.0;821.0;4151.0;36653.770000000004;2579.1666666666665;2270.0;7.104166666666667;11.0;;;11.7;8.100000000000023;0.9575027443395577
2023-09-20;7.379166666666666;5.7;0.5;0.2;2.0;61;0.0;0.0;1013.0583333333334;96.58333333333333;100;30.583333333333332;58.708333333333336;74.79166666666667;0.0;0.32743177177733934;0.4703123765158789;4084.0;756.0;2057.0;30346.08;2439.5833333333335;1920.0;8.308333333333334;11.6;;;9.1;4.600000000000023;0.5730665726364272
2023-09-21;8.916666666666666;8.7;5.8;1.2;9.0;61;0.0;0.0;1013.3333333333334;96.875;100;86.66666666666667;34.541666666666664;41.208333333333336;0.0;0.3059197406625859;0.9238504923719423;3350.0;519.0;1452.0;29924.41;2190.4166666666665;2050.0;11.529166666666667;12.9;;;2.0;3.1000000000000227;0.9731837544795658
2023-09-22;8.866666666666667;2.0;1.1;0.4;4.0;53;0.0;0.0;1017.2791666666667;79.95833333333333;100;46.791666666666664;40.25;70.45833333333333;2.0;-0.4740287672398547;-0.27685309213308545;3589.0;557.0;954.0;26759.2;2270.0;2020.0;10.012500000000001;12.1;;;4.9;5.5;0.5489543758770733
2023-09-23;7.008333333333333;0.0;0.0;0.0;0.0;3;0.0;0.0;1018.2791666666667;38.166666666666664;98;22.833333333333332;7.958333333333333;10.708333333333334;11.0;-0.3713342897711496;-0.7400978738665341;5964.0;835.0;4872.0;41705.39;2374.5833333333335;2090.0;7.387499999999999;9.7;;;7.0;2.7000000000000455;0.8280302033510664
2023-09-24;7.541666666666667;0.0;0.0;0.0;0.0;1;0.0;0.0;1020.0833333333334;2.125;21;0.9166666666666666;1.5416666666666667;0.0;23.0;-0.4264129478905725;-0.7983954943310345;6137.0;842.0;5272.0;42379.21;2041.6666666666667;1890.0;7.7749999999999995;9.6;;;6.6000000000000005;1.8999999999999773;0.9051316851689731
2023-09-25;6.979166666666667;3.6999999999999997;2.1;1.4;3.0;61;0.0;0.0;1019.8791666666666;58.583333333333336;100;30.916666666666668;40.791666666666664;0.0;6.0;-0.34974679365855016;-0.58732058750183;4264.0;641.0;2230.0;33705.21;1685.0;1390.0;7.699999999999999;9.8;;;7.700000000000001;7.2999999999999545;0.6835702540177793
2023-09-26;6.716666666666666;0.2;0.0;0.0;0.0;51;0.0;0.0;1026.9750000000001;33.916666666666664;100;32.833333333333336;0.0;0.0;11.0;-0.2208032761651357;-0.9148603255462983;5921.0;815.0;4660.0;42477.12;2087.0833333333335;1440.0;7.566666666666666;9.4;;;6.3999999999999995;4.5;0.9411288445393309
2023-09-27;7.479166666666667;0.6000000000000001;0.0;0.0;0.0;51;0.0;0.0;1020.8291666666668;45.125;100;24.208333333333332;14.291666666666666;37.875;10.0;-0.4815359187092971;-0.8241343939608717;5923.0;860.0;4603.0;40647.97;2806.6666666666665;1830.0;8.179166666666667;10.7;;;8.9;5.2999999999999545;0.9545021426463431
2023-09-28;8.458333333333334;0.2;0.0;0.0;0.0;51;0.0;0.0;1021.6458333333334;11.041666666666666;73;9.708333333333334;0.9583333333333334;1.6666666666666667;20.0;-0.21153645995737427;-0.9430147661819425;6312.0;873.0;5321.0;42575.86;2350.4166666666665;1690.0;8.958333333333334;11.2;;;7.799999999999999;5.2999999999999545;0.9664494415790624
2023-09-29;11.775;0.0;0.0;0.0;0.0;0;0.0;0.0;1015.1583333333333;0.0;0;0.0;0.0;0.0;24.0;-0.11888642966384784;-0.9026716652956779;6591.0;888.0;5765.0;43324.79;3363.75;2920.0;10.295833333333333;15.6;;;13.2;5.5;0.91046697825121
2023-09-30;10.908333333333333;0.0;0.0;0.0;0.0;3;0.0;0.0;1013.5541666666667;14.166666666666666;90;3.0833333333333335;0.0;11.875;19.0;-0.2592798844017515;-0.4429204871096269;6691.0;898.0;5862.0;43616.73;3794.5833333333335;3660.0;9.733333333333333;13.6;;;12.799999999999999;4.0;0.5132295941942697
2023-10-01;8.299999999999999;0.0;0.0;0.0;0.0;3;0.0;0.0;1015.9166666666666;83.04166666666667;100;56.583333333333336;0.0;76.45833333333333;1.0;-0.7666151094874906;-0.5552481498235837;3790.0;568.0;1403.0;18176.33;3146.6666666666665;2390.0;8.549999999999999;9.2;;;4.300000000000001;3.2999999999999545;0.9465723606661194
2023-10-02;8.991666666666667;0.5;0.0;0.0;0.0;51;0.0;0.0;1017.6166666666667;66.70833333333333;100;47.208333333333336;37.083333333333336;0.0;3.0;-0.118426869042353;0.0666392210997981;4623.0;770.0;2273.0;32942.29;1786.6666666666667;1310.0;8.658333333333333;10.3;;;6.3;2.6000000000000227;0.13588859076450238
2023-10-03;8.633333333333333;0.1;0.0;0.0;0.0;51;0.0;0.0;1021.0541666666667;39.708333333333336;100;39.833333333333336;0.625;0.08333333333333333;12.0;-0.5262210132925246;-0.7624848895465713;5383.0;777.0;3831.0;32568.62;1768.3333333333333;1580.0;8.916666666666666;10.5;;;6.6;7.600000000000136;0.9264403713231945
2023-10-04;9.262500000000001;0.0;0.0;0.0;0.0;3;0.0;0.0;1019.8249999999999;11.75;95;0.20833333333333334;0.08333333333333333;11.5;20.0;-0.20056954471454083;-0.7137121124511009;6754.0;902.0;5873.0;44220.97;2139.5833333333335;1910.0;8.995833333333334;11.7;;;9.5;6.5;0.7413589695460703
2023-10-05;8.2125;0.0;0.0;0.0;0.0;3;0.0;0.0;1015.9083333333333;35.916666666666664;100;2.625;26.708333333333332;28.458333333333332;10.0;-0.34147633934442917;-0.6886908610342625;6507.0;875.0;5168.0;44518.22;1960.8333333333333;1890.0;8.095833333333333;10.7;;;10.2;2.7999999999999545;0.768700977236393
2023-10-06;9.424999999999999;1.8;0.1;0.1;0.0;51;0.0;0.0;1022.8791666666666;23.583333333333332;53;19.833333333333332;9.208333333333334;0.0;10.0;-0.702867570607069;-0.4978590468757375;5941.0;770.0;4542.0;43954.39;1698.3333333333333;1480.0;9.075000000000001;10.9;;;5.6;9.699999999999932;0.8613283069579803
2023-10-07;7.579166666666667;0.0;0.0;0.0;0.0;3;0.0;0.0;1024.5583333333334;22.833333333333332;99;15.166666666666666;0.0;12.208333333333334;16.0;-0.2952374198053091;-0.9044822636340086;6935.0;924.0;5955.0;44827.73;2949.5833333333335;1880.0;7.983333333333333;9.4;;;6.800000000000001;4.599999999999909;0.9514480013546702
2023-10-08;8.470833333333333;0.0;0.0;0.0;0.0;3;0.0;0.0;1023.0166666666668;9.333333333333334;99;1.8333333333333333;0.0;7.875;22.0;-0.29317301222676223;-0.8343354486681375;6902.0;913.0;5963.0;45335.02;2995.8333333333335;2900.0;8.820833333333333;10.8;;;7.800000000000001;4.0;0.8843449869832336
2023-10-09;8.508333333333333;0.0;0.0;0.0;0.0;3;0.0;0.0;1017.3874999999999;74.08333333333333;100;3.8333333333333335;0.0;72.125;5.0;-0.43492520389278505;-0.8468594257296136;6054.0;795.0;3616.0;42426.77;3087.5;2840.0;9.166666666666666;11.2;;;6.4;4.5;0.9520140859925716
2023-10-10;8.2125;0.0;0.0;0.0;0.0;3;0.0;0.0;1019.8208333333333;49.5;100;29.583333333333332;10.708333333333334;20.333333333333332;5.0;-0.4100559376769193;-0.8767778490055051;6735.0;888.0;5520.0;45441.52;2327.9166666666665;1760.0;8.7375;10.6;;;6.6;6.600000000000023;0.9679283385307085
2023-10-11;8.6;0.0;0.0;0.0;0.0;0;0.0;0.0;1021.8708333333334;1.6666666666666667;14;0.3333333333333333;1.3333333333333333;0.0;24.0;-0.33202465102647594;-0.8848793509990296;7181.0;938.0;6253.0;45704.92;2432.0833333333335;1730.0;8.308333333333334;11.8;;;9.5;3.2000000000000455;0.9451200107466337
2023-10-12;9.183333333333334;0.0;0.0;0.0;0.0;0;0.0;0.0;1020.0333333333333;0.08333333333333333;2;1.0;0.0;0.0;24.0;-0.2865546939313292;-0.8189411852880849;7242.0;947.0;6318.0;45789.78;2887.0833333333335;2770.0;8.954166666666667;11.7;;;12.2;2.7999999999999545;0.8676279488208821
2023-10-13;9.299999999999999;0.0;0.0;0.0;0.0;3;0.0;0.0;1017.7875;35.25;100;6.541666666666667;0.0;32.625;13.0;-0.42101193574760964;-0.8464155726938919;6803.0;948.0;5212.0;45874.19;3010.8333333333335;2890.0;9.275;11.6;;;10.8;3.2999999999999545;0.9453414048589421
2023-10-14;9.5375;0.0;0.0;0.0;0.0;3;0.0;0.0;1019.1958333333333;14.5;89;0.25;0.08333333333333333;14.791666666666666;16.0;-0.5304086812584622;-0.798848422156138;7183.0;913.0;6068.0;45958.03;2779.1666666666665;2620.0;9.612499999999999;11.8;;;8.2;2.900000000000091;0.958901543817556
2023-10-15;7.254166666666666;0.0;0.0;0.0;0.0;2;0.0;0.0;1020.7291666666666;13.75;63;13.791666666666666;0.0;0.0;17.0;-0.4578449062661871;-0.8743738761773788;7245.0;936.0;6177.0;46041.21;2304.5833333333335;2100.0;8.424999999999999;9.9;;;6.8999999999999995;2.7999999999999545;0.9869912023596502
2023-10-16;9.145833333333334;0.0;0.0;0.0;0.0;0;0.0;0.0;1020.975;0.16666666666666666;2;0.16666666666666666;0.0;0.0;24.0;-0.3726633336669453;-0.8927700075854417;7409.0;959.0;6451.0;46123.62;2614.1666666666665;2140.0;9.112499999999999;11.4;;;8.7;3.7999999999999545;0.9674276441697698
2023-10-17;12.516666666666666;0.0;0.0;0.0;0.0;0;0.0;0.0;1012.8708333333334;0.0;0;0.0;0.0;0.0;24.0;-0.4251019547770736;-0.3915975011975453;7534.0;971.0;6631.0;46205.15;3297.9166666666665;3050.0;10.741666666666667;14.4;;;12.799999999999999;7.7999999999999545;0.5779794761922352
2023-10-18;9.641666666666667;0.30000000000000004;0.0;0.0;0.0;51;0.0;0.0;1017.6999999999999;10.958333333333334;71;12.708333333333334;1.5833333333333333;0.125;18.0;0.16310630211612412;0.656182468358471;6579.0;885.0;5015.0;46285.72;3165.8333333333335;3030.0;10.5625;12.2;;;6.3999999999999995;11.199999999999932;0.6761502034097248
2023-10-19;10.375;0.0;0.0;0.0;0.0;3;0.0;0.0;1016.0666666666666;79.25;100;9.25;10.541666666666666;71.04166666666667;4.0;-0.39657708589314583;-0.8190620559411323;6077.0;848.0;3348.0;38961.67;3591.25;3360.0;10.383333333333333;13.0;;;10.0;7.400000000000091;0.9100198000802039
2023-10-20;12.529166666666667;0.0;0.0;0.0;0.0;3;0.0;0.0;1013.6666666666666;88.95833333333333;100;12.833333333333334;41.333333333333336;86.375;0.0;-0.5499643901008254;-0.7958091406251054;6009.0;927.0;3657.0;28800.0;3332.5;3190.0;11.6;14.9;;;11.9;2.0;0.96735361615153
2023-10-21;10.9125;0.0;0.0;0.0;0.0;3;0.0;0.0;1016.1833333333334;34.208333333333336;100;0.8333333333333334;32.958333333333336;20.375;13.0;-0.5851462006049949;-0.5696592205551095;7409.0;954.0;6331.0;46520.5;2967.0833333333335;2820.0;10.429166666666667;12.3;;;8.8;4.399999999999977;0.8166441719904183
2023-10-22;10.6;0.0;0.0;0.0;0.0;1;0.0;0.0;1016.0041666666666;4.625;46;5.25;0.0;0.0;22.0;-0.6164633820282575;-0.6740140860811668;7610.0;969.0;6648.0;46596.1;3010.0;2740.0;10.395833333333334;12.3;;;10.0;4.399999999999977;0.913412332748769
2023-10-23;8.870833333333334;0.0;0.0;0.0;0.0;3;0.0;0.0;1021.4375;22.125;96;23.25;0.0;0.0;15.0;-0.6113990170345981;-0.7445010099251538;7405.0;956.0;6006.0;46670.19;2752.5;2650.0;9.487499999999999;11.1;;;7.699999999999999;4.899999999999977;0.963374543887499
2023-10-24;9.866666666666667;0.0;0.0;0.0;0.0;3;0.0;0.0;1020.0458333333332;16.875;99;12.416666666666666;0.0;4.583333333333333;16.0;-0.4400592057987396;-0.8639442111408777;7661.0;984.0;6567.0;46742.66;2936.6666666666665;2790.0;10.108333333333333;12.2;;;8.0;3.7000000000000455;0.9695626357136763
2023-10-25;10.995833333333332;0.0;0.0;0.0;0.0;2;0.0;0.0;1014.6875;7.416666666666667;68;1.2083333333333333;0.0;6.375;22.0;-0.5019297095069272;-0.7916590196962284;7951.0;1013.0;6977.0;46800.0;3301.6666666666665;3110.0;10.424999999999999;12.8;;;9.899999999999999;7.2999999999999545;0.9373672902081135
2023-10-26;10.25;0.0;0.0;0.0;0.0;3;0.0;0.0;1014.1708333333332;29.208333333333332;100;9.083333333333334;0.0;20.166666666666668;15.0;-0.5879063481079494;-0.7683342872082335;7754.0;964.0;6555.0;46800.0;3008.75;2940.0;10.1625;11.9;;;8.2;1.7000000000000455;0.9674561752582954
2023-10-27;7.995833333333334;5.3;0.0;0.0;0.0;53;0.0;0.0;1014.1;87.83333333333333;100;79.29166666666667;54.75;65.79166666666667;2.0;-0.35662437033987676;0.4835632636593594;1702.0;257.0;109.0;1717.63;2362.0833333333335;1840.0;10.200000000000001;11.3;;;4.199999999999999;3.5;0.6008447149482175
2023-10-28;6.970833333333334;27.5;6.2;1.1;10.0;63;0.0;0.0;1009.2791666666667;92.0;100;75.0;91.375;49.458333333333336;1.0;-0.5144332513913359;0.6452001884251546;1596.0;377.0;85.0;210.25;1934.1666666666667;1370.0;10.85;12.6;;;3.799999999999999;6.5;0.8251817092500999
2023-10-29;5.808333333333334;10.1;12.9;1.7;13.0;63;0.0;0.0;1016.5;62.25;100;29.666666666666668;51.958333333333336;0.3333333333333333;4.0;-0.896475154496212;0.1265548521619835;4780.0;664.0;2305.0;37825.25;1324.5833333333333;1080.0;7.458333333333333;9.0;;;3.9000000000000004;11.600000000000023;0.9053639230910124
2023-10-30;6.804166666666667;0.0;0.0;0.0;0.0;3;0.0;0.0;1022.7541666666666;48.791666666666664;100;34.791666666666664;1.0416666666666667;22.125;7.0;-0.02211606240076339;-0.46454929082658203;7353.0;972.0;5586.0;46832.45;1255.4166666666667;1000.0;6.320833333333333;7.5;;;7.799999999999999;1.5;0.46507543885223046
2023-10-31;6.9125000000000005;0.0;0.0;0.0;0.0;3;0.0;0.0;1019.6458333333334;31.375;91;0.8333333333333334;16.833333333333332;14.208333333333334;9.0;-0.40506142589390554;-0.7965988052150986;8011.0;1008.0;6676.0;46803.21;1749.1666666666667;1390.0;7.029166666666666;8.9;;;9.6;5.199999999999932;0.8936690747795442
2023-11-01;8.616666666666667;0.6000000000000001;0.3;0.3;1.0;51;0.0;0.0;1017.4499999999999;50.791666666666664;100;4.083333333333333;32.25;21.916666666666668;8.0;-0.6344380009464176;-0.7120365062968029;7442.0;926.0;5925.0;44907.07;1710.8333333333333;1580.0;8.733333333333333;10.6;;;7.2;4.2999999999999545;0.9536810595499123
2023-11-02;9.691666666666666;0.0;0.0;0.0;0.0;2;0.0;0.0;1022.1458333333334;5.833333333333333;68;5.0;0.7916666666666666;0.041666666666666664;22.0;-0.557202470614338;-0.7583113979396042;8047.0;1015.0;6923.0;46800.0;2046.25;1700.0;9.716666666666667;11.5;;;8.899999999999999;4.400000000000091;0.9410158178818457
2023-11-03;10.416666666666666;0.0;0.0;0.0;0.0;3;0.0;0.0;1019.5749999999999;17.541666666666668;92;17.541666666666668;0.0;0.0;19.0;-0.39893466070428935;-0.8805547719630867;8127.0;1015.0;7047.0;47015.56;3282.0833333333335;2190.0;10.391666666666667;12.7;;;8.9;10.900000000000091;0.9667086272182587
2023-11-04;10.108333333333333;0.0;0.0;0.0;0.0;2;0.0;0.0;1012.3666666666667;40.916666666666664;73;13.041666666666666;0.0;31.75;9.0;-0.7258938644713472;-0.5035408070767229;8124.0;1011.0;6983.0;46986.48;3559.5833333333335;3080.0;10.245833333333334;11.8;;;8.3;6.600000000000023;0.8834451012194385
2023-11-05;10.579166666666667;0.5;0.0;0.0;0.0;51;0.0;0.0;1015.9499999999999;97.125;100;25.791666666666668;59.833333333333336;86.75;0.0;0.04250764042738861;0.8075846360590964;5403.0;763.0;2387.0;37193.17;3152.0833333333335;2850.0;10.691666666666668;11.5;;;3.5999999999999996;2.0;0.8087025682495433
2023-11-06;9.833333333333334;6.2;1.6;1.5;1.0;61;0.0;0.0;1014.3125;99.91666666666667;100;24.5;38.0;87.33333333333333;0.0;0.31619985645434445;0.7334092110253643;5309.0;747.0;1876.0;31771.96;3066.6666666666665;2410.0;10.620833333333334;12.8;;;6.800000000000001;5.2999999999999545;0.7986685295155903
2023-11-07;11.016666666666666;1.5;0.0;0.0;0.0;53;0.0;0.0;1021.0958333333333;26.833333333333332;95;20.916666666666668;11.583333333333334;0.0;13.0;-0.7648753409973845;-0.05094683802363725;7826.0;983.0;6414.0;47202.34;2397.0833333333335;1810.0;10.708333333333334;11.9;;;8.5;7.100000000000023;0.7665701974186526
2023-11-08;10.766666666666666;0.0;0.0;0.0;0.0;0;0.0;0.0;1018.9083333333333;2.2916666666666665;14;2.2916666666666665;0.0;0.0;24.0;-0.43940345979770196;-0.8605560375715938;8277.0;1016.0;7204.0;47477.77;3159.1666666666665;2750.0;10.908333333333333;13.4;;;8.5;5.100000000000023;0.9662463941889321
2023-11-09;11.512500000000001;0.0;0.0;0.0;0.0;2;0.0;0.0;1010.8249999999999;10.166666666666666;74;8.708333333333334;0.0;1.9166666666666667;20.0;-0.6923726982709059;-0.6122836451797309;8534.0;1044.0;7510.0;47754.46;3849.5833333333335;3550.0;10.954166666666666;13.0;;;8.5;6.600000000000023;0.9242679348898313
2023-11-10;8.895833333333334;0.7;0.1;0.1;0.0;51;0.0;0.0;1011.1958333333333;84.375;100;71.45833333333333;21.25;30.041666666666668;0.0;-0.5610791953981664;0.4152877829284636;5248.0;820.0;2050.0;33487.26;3027.5;2600.0;9.291666666666666;9.9;;;3.6000000000000005;4.600000000000023;0.6980500026203657
2023-11-11;7.2250000000000005;12.2;2.4;1.0;4.0;63;0.0;0.0;1014.5333333333333;60.166666666666664;100;38.916666666666664;56.875;19.583333333333332;8.0;-0.4879015440275101;-0.06602915686531347;5014.0;944.0;3273.0;24251.2;1677.9166666666667;1210.0;8.758333333333333;11.3;;;4.1000000000000005;12.700000000000045;0.4923492319693132
2023-11-12;6.3125;0.0;0.0;0.0;0.0;3;0.0;0.0;1020.5208333333334;23.333333333333332;100;19.75;17.833333333333332;0.0;17.0;-0.10289131450938255;-0.8397993686050977;8035.0;963.0;6226.0;47673.18;1347.0833333333333;1100.0;6.5125;8.3;;;9.4;2.2000000000000455;0.8460789573739496
2023-11-13;7.691666666666666;0.0;0.0;0.0;0.0;1;0.0;0.0;1020.6958333333333;5.375;28;1.375;0.0;3.9166666666666665;22.0;-0.28892043237973647;-0.8508599721431205;8579.0;1044.0;7475.0;48297.45;2428.75;1600.0;7.8;10.0;;;10.899999999999999;2.0;0.8985753771620306
2023-11-14;7.383333333333334;0.0;0.0;0.0;0.0;3;0.0;0.0;1016.9458333333333;24.583333333333332;98;6.875;0.0;19.75;15.0;-0.3775209211500199;-0.8772195641098831;8603.0;1041.0;7341.0;48558.6;2761.6666666666665;2400.0;7.9624999999999995;9.4;;;6.9;3.199999999999932;0.9550058688631672
2023-11-15;7.891666666666667;0.0;0.0;0.0;0.0;3;0.0;0.0;1019.3375;27.708333333333332;80;25.625;0.7916666666666666;2.9583333333333335;10.0;-0.47767247654688444;-0.7466814734932989;7478.0;895.0;5598.0;48208.61;2297.0833333333335;2000.0;7.583333333333333;9.1;;;6.9;5.0;0.8863995812885733
2023-11-16;9.895833333333334;8.1;0.6;0.3;1.0;61;0.0;0.0;1016.5708333333333;72.25;100;59.291666666666664;34.0;51.375;3.0;-0.5435572042816672;0.06975919072263764;5862.0;860.0;3115.0;36532.77;2618.75;1990.0;10.316666666666666;11.7;;;6.700000000000001;8.899999999999977;0.548015309108039
2023-11-17;8.933333333333334;13.5;4.7;0.9;10.0;61;0.0;0.0;1013.4416666666666;80.33333333333333;100;64.20833333333333;63.916666666666664;22.208333333333332;0.0;-0.8344662939382014;0.35019885543622115;5482.0;893.0;3078.0;35000.7;1956.25;1550.0;10.458333333333334;12.3;;;3.1000000000000005;11.799999999999955;0.9049713995855316
2023-11-18;10.029166666666667;0.1;0.0;0.0;0.0;51;0.0;0.0;1019.525;75.83333333333333;100;40.708333333333336;53.708333333333336;60.708333333333336;4.0;-0.5080650717677021;0.3047035618426763;4605.0;763.0;2013.0;26052.54;2900.0;2550.0;8.75;10.2;;;7.9;2.2999999999999545;0.592430905464877
2023-11-19;10.870833333333332;0.0;0.0;0.0;0.0;3;0.0;0.0;1017.3000000000001;54.416666666666664;100;24.083333333333332;0.4583333333333333;34.416666666666664;8.0;-0.3508573954009145;-0.3396669170494204;8505.0;1038.0;7327.0;46860.74;3514.5833333333335;3100.0;10.045833333333333;12.6;;;12.299999999999999;3.2999999999999545;0.48833853671952976
2023-11-20;12.2125;2.9;0.1;0.1;0.0;55;0.0;0.0;1018.3666666666667;88.5;100;47.458333333333336;9.75;54.125;0.0;-0.4631412548709671;0.3159953796703171;6799.0;996.0;4093.0;44464.65;3156.25;2250.0;11.979166666666666;14.0;;;7.300000000000001;4.5;0.5606718308747479
2023-11-21;10.237499999999999;0.0;0.0;0.0;0.0;3;0.0;0.0;1018.8249999999999;27.458333333333332;100;0.0;0.0;27.416666666666668;16.0;-0.563069343967329;-0.7689655413524896;8537.0;1015.0;7139.0;49495.78;3172.0833333333335;2980.0;10.283333333333333;12.1;;;6.5;2.2999999999999545;0.9530766442964205
2023-11-22;10.4375;0.0;0.0;0.0;0.0;2;0.0;0.0;1020.7916666666666;9.75;50;1.7083333333333333;0.0;8.25;20.0;-0.48172372124457946;-0.8473420670519703;8768.0;1057.0;7555.0;49544.49;3070.8333333333335;2900.0;10.291666666666666;12.2;;;7.3999999999999995;2.5;0.9747031969813329
2023-11-23;12.529166666666667;0.0;0.0;0.0;0.0;0;0.0;0.0;1017.7916666666666;0.08333333333333333;1;0.08333333333333333;0.0;0.0;24.0;-0.43707416292360696;-0.8617127904552145;9124.0;1087.0;8089.0;49907.97;3872.0833333333335;3520.0;11.700000000000001;16.1;;;12.200000000000001;7.5;0.9662208635345669
2023-11-24;12.941666666666668;0.0;0.0;0.0;0.0;3;0.0;0.0;1016.7666666666668;23.166666666666668;87;22.375;0.0;0.7916666666666666;18.0;-0.6984708875521557;-0.6607088650955494;8685.0;1033.0;7488.0;49958.27;3967.9166666666665;3860.0;12.200000000000001;14.3;;;10.0;5.099999999999909;0.9614560755301019
2023-11-25;12.141666666666666;0.0;0.0;0.0;0.0;3;0.0;0.0;1016.5625;31.291666666666668;100;31.291666666666668;0.0;0.0;16.0;-0.4791164801901769;-0.8370174025025818;7836.0;1024.0;5722.0;48696.48;4080.0;3930.0;11.991666666666667;14.6;;;9.900000000000002;3.0;0.9644432247063552
2023-11-26;14.270833333333334;0.0;0.0;0.0;0.0;3;0.0;0.0;1012.4166666666666;66.5;100;24.5;0.0;44.958333333333336;3.0;-0.3811088121964104;0.056403809907028035;8556.0;1050.0;6644.0;47441.39;4163.75;4100.0;12.862499999999999;15.4;;;10.799999999999999;3.699999999999932;0.38526006347114017
2023-11-27;11.508333333333333;1.9000000000000001;0.0;0.0;0.0;51;0.0;0.0;1014.5749999999999;80.91666666666667;100;77.45833333333333;7.416666666666667;7.791666666666667;3.0;-0.2703141077710077;0.4552233495596831;4703.0;738.0;1357.0;19530.23;3896.6666666666665;3620.0;12.058333333333332;13.1;;;4.9;7.800000000000068;0.5294317848829756
2023-11-28;11.4375;0.0;0.0;0.0;0.0;3;0.0;0.0;1018.6916666666666;20.458333333333332;99;19.916666666666668;0.041666666666666664;0.4166666666666667;14.0;-0.6413849120756722;-0.7303333846786325;8287.0;1025.0;6672.0;49711.64;3211.25;2820.0;11.345833333333333;13.3;;;9.100000000000001;4.100000000000023;0.9719884043621432
2023-11-29;11.1875;0.0;0.0;0.0;0.0;0;0.0;0.0;1017.5916666666667;0.0;0;0.0;0.0;0.0;24.0;-0.46183560908780913;-0.8577195279609239;8989.0;1066.0;7927.0;50530.520000000004;3524.1666666666665;3170.0;11.075000000000001;13.1;;;9.099999999999998;6.2000000000000455;0.974153436819384
2023-11-30;11.816666666666668;0.0;0.0;0.0;0.0;2;0.0;0.0;1012.875;12.125;55;12.125;0.0;0.0;18.0;-0.6703366158291706;-0.6983215722517254;8912.0;1055.0;7799.0;50263.39;3528.3333333333335;3250.0;11.870833333333332;13.7;;;6.600000000000001;3.6000000000000227;0.9679897710169394
2023-12-01;12.558333333333332;3.8;0.0;0.0;0.0;53;0.0;0.0;1018.1041666666666;88.70833333333333;100;88.41666666666667;13.208333333333334;0.8333333333333334;0.0;-0.5474670071033783;0.2804315491342349;6233.0;923.0;3308.0;40630.0;2964.5833333333335;2230.0;12.0375;13.2;;;5.199999999999999;5.899999999999977;0.6151113538348624
2023-12-02;8.725;0.0;0.0;0.0;0.0;3;0.0;0.0;1022.3458333333333;19.166666666666668;100;16.416666666666668;5.083333333333333;4.166666666666667;18.0;-0.31514002128156543;-0.9151854921708851;8985.0;1087.0;7731.0;48357.9;2432.9166666666665;1780.0;9.054166666666667;10.8;;;7.699999999999999;3.3999999999998636;0.9679244382147868
2023-12-03;9.333333333333334;0.0;0.0;0.0;0.0;0;0.0;0.0;1018.2416666666667;0.0;0;0.0;0.0;0.0;24.0;-0.4408230676329916;-0.8790892351589957;9379.0;1103.0;8326.0;51053.73;3200.4166666666665;3030.0;9.424999999999999;12.2;;;9.6;8.399999999999977;0.9834240490906194
2023-12-04;13.2125;0.0;0.0;0.0;0.0;1;0.0;0.0;1011.8666666666667;5.666666666666667;48;5.666666666666667;0.0;0.0;21.0;-0.6339160569680248;-0.7210964172707709;9288.0;1094.0;8249.0;51104.51;3374.1666666666665;3230.0;11.745833333333332;14.6;;;11.100000000000001;4.5;0.9601195812411232
2023-12-05;12.045833333333334;0.2;0.0;0.0;0.0;51;0.0;0.0;1015.525;61.041666666666664;100;60.083333333333336;0.041666666666666664;1.5833333333333333;4.0;-0.28879612949640937;0.3418157605784138;6780.0;938.0;4195.0;35758.35;3030.4166666666665;2840.0;11.508333333333333;12.8;;;7.5;8.5;0.44748320481545045
2023-12-06;13.745833333333332;0.0;0.0;0.0;0.0;2;0.0;0.0;1018.0375;6.916666666666667;73;6.541666666666667;0.08333333333333333;0.2916666666666667;22.0;-0.5741346016802715;-0.7716896018853764;8972.0;1059.0;7797.0;50565.49;3321.6666666666665;3110.0;12.779166666666667;15.6;;;10.1;2.300000000000068;0.9618395825212096
2023-12-07;13.616666666666667;0.0;0.0;0.0;0.0;1;0.0;0.0;1015.4666666666667;3.7083333333333335;43;3.7083333333333335;0.0;0.0;22.0;-0.6368483809455502;-0.7407374405357179;9156.0;1076.0;8055.0;50939.27;3769.1666666666665;3610.0;13.125;15.5;;;10.6;2.8999999999999773;0.9768663245932755
2023-12-08;10.299999999999999;0.0;0.0;0.0;0.0;3;0.0;0.0;1017.1916666666666;37.666666666666664;100;36.5;0.0;1.1666666666666667;12.0;-0.5680164998691986;-0.810334827171506;8801.0;1075.0;7290.0;50239.24;3612.5;3390.0;11.191666666666668;13.0;;;8.8;4.7000000000000455;0.9895884378117651
2023-12-09;12.366666666666667;0.0;0.0;0.0;0.0;0;0.0;0.0;1018.7458333333334;0.2916666666666667;4;0.2916666666666667;0.0;0.0;24.0;-0.3749987534237414;-0.8852502758338773;9221.0;1079.0;8144.0;51045.07;3820.0;3390.0;11.433333333333332;13.7;;;9.6;3.2999999999999545;0.96140112124613
2023-12-10;12.987499999999999;0.0;0.0;0.0;0.0;3;0.0;0.0;1008.7083333333334;34.75;100;1.5833333333333333;0.0;33.166666666666664;13.0;-0.5119558293590789;-0.7946120042092318;9031.0;1068.0;7415.0;51421.22;4315.833333333333;4010.0;12.049999999999999;15.2;;;11.899999999999999;10.100000000000023;0.9452549965211264
2023-12-11;11.799999999999999;0.30000000000000004;0.0;0.0;0.0;51;0.0;0.0;1013.65;73.0;100;37.541666666666664;0.0;43.333333333333336;1.0;-0.7374114862745932;-0.545298102875133;7696.0;1024.0;5113.0;50365.33;3648.75;3530.0;11.670833333333334;13.2;;;8.7;6.800000000000068;0.9171290645753867
2023-12-12;11.791666666666666;0.0;0.0;0.0;0.0;3;0.0;0.0;1015.6875;44.958333333333336;100;15.458333333333334;0.0;42.625;13.0;-0.49574924860862685;-0.852280393467348;8714.0;1083.0;7087.0;50400.0;3682.9166666666665;3590.0;11.616666666666667;13.1;;;7.800000000000001;2.699999999999932;0.9859762606598982
2023-12-13;11.758333333333333;0.0;0.0;0.0;0.0;0;0.0;0.0;1013.0500000000001;0.0;0;0.0;0.0;0.0;24.0;-0.5921063180947018;-0.7868405871511426;9451.0;1101.0;8390.0;51183.66;3753.3333333333335;3630.0;11.191666666666668;13.6;;;9.8;5.5;0.9847375292513325
2023-12-14;10.424999999999999;0.0;0.0;0.0;0.0;2;0.0;0.0;1010.9416666666666;14.333333333333334;61;14.333333333333334;0.0;0.0;17.0;-0.6941471328097345;-0.6777836788567898;9291.0;1087.0;8135.0;50868.18;3483.75;3170.0;10.554166666666667;11.7;;;8.8;4.899999999999977;0.9701705815538931
2023-12-15;11.591666666666667;0.0;0.0;0.0;0.0;3;0.0;0.0;1011.2416666666667;60.125;100;10.458333333333334;0.0;58.416666666666664;8.0;-0.501862055767325;0.3432284008074556;8449.0;1046.0;6168.0;46093.17;3637.9166666666665;3400.0;10.4375;11.7;;;9.100000000000001;1.8999999999999773;0.6080059688357089
2023-12-16;9.487499999999999;6.3999999999999995;0.6;0.6;1.0;61;0.0;0.0;1011.8541666666666;77.83333333333333;100;71.95833333333333;45.125;0.0;2.0;0.08830316078914387;0.8601087452135046;5184.0;939.0;2710.0;28800.0;2695.0;2050.0;10.945833333333333;12.4;;;4.0;6.300000000000068;0.8646296905601281
2023-12-17;10.491666666666667;0.9;0.6;0.3;2.0;53;0.0;0.0;1019.1833333333334;22.75;98;13.083333333333334;5.041666666666667;9.0;15.0;-0.6453781696512405;-0.6416877188479416;8775.0;1027.0;7224.0;50573.72;2005.4166666666667;1710.0;10.2125;11.4;;;6.699999999999999;5.5;0.9100967588024146
2023-12-18;10.475;0.0;0.0;0.0;0.0;3;0.0;0.0;1015.8333333333334;13.833333333333334;100;0.041666666666666664;0.0;13.791666666666666;20.0;-0.46224973890466586;-0.8466870950258595;9358.0;1093.0;8282.0;51235.72;3312.0833333333335;2990.0;10.0;12.7;;;9.100000000000001;7.0;0.9646521953537246
2023-12-19;12.733333333333334;0.2;0.0;0.0;0.0;51;0.0;0.0;1013.7791666666667;64.0;100;58.5;0.0;5.458333333333333;4.0;-0.5222076431068402;0.2997362617470599;8167.0;1011.0;5912.0;50597.53;3064.5833333333335;2860.0;12.020833333333334;13.6;;;8.1;6.5;0.602115146068676
2023-12-20;13.700000000000001;0.1;0.0;0.0;0.0;51;0.0;0.0;1016.1875;51.291666666666664;100;51.291666666666664;0.0;0.0;11.0;-0.7954214090170814;-0.21760068923766163;8369.0;1065.0;6631.0;47240.56;3456.25;2900.0;12.445833333333333;14.0;;;6.5;3.1000000000000227;0.8246485784135109
2023-12-21;13.504166666666668;0.0;0.0;0.0;0.0;3;0.0;0.0;1015.0583333333334;33.25;100;33.25;0.0;0.0;15.0;-0.6130485621768161;-0.7626764890655314;8984.0;1087.0;7502.0;50400.0;3767.0833333333335;3600.0;13.045833333333334;15.2;;;8.9;2.8999999999999773;0.9785213163546246
2023-12-22;14.35;0.0;0.0;0.0;0.0;3;0.0;0.0;1015.1208333333334;45.625;100;10.291666666666666;0.0;35.333333333333336;11.0;-0.5192012842373203;-0.8434712428298538;9083.0;1081.0;7770.0;50400.0;3963.3333333333335;3910.0;13.725;16.1;;;9.4;2.8999999999999773;0.9904613627166992
2023-12-23;15.333333333333334;0.0;0.0;0.0;0.0;3;0.0;0.0;1013.775;37.5;96;0.0;0.0;37.5;6.0;-0.5707211893245793;-0.7825115324726807;9319.0;1090.0;8189.0;50400.0;4027.0833333333335;3950.0;13.65;16.0;;;9.899999999999999;2.5;0.9685282517287791
2023-12-24;15.329166666666666;0.0;0.0;0.0;0.0;0;0.0;0.0;1016.7375000000001;0.9583333333333334;12;0.9583333333333334;0.0;0.0;24.0;-0.4947789250020997;-0.8058895509328128;9243.0;1084.0;8053.0;50668.67;3949.1666666666665;3870.0;13.183333333333332;15.8;;;9.2;4.2999999999999545;0.9456554091892692
2023-12-25;16.454166666666666;0.0;0.0;0.0;0.0;3;0.0;0.0;1013.4708333333333;14.333333333333334;100;0.0;0.0;14.333333333333334;20.0;-0.5512763437265514;-0.7714027788610326;9455.0;1098.0;8398.0;50685.17;4392.916666666667;4190.0;14.083333333333334;16.3;;;10.0;6.399999999999977;0.9481391534933246
2023-12-26;14.887500000000001;0.0;0.0;0.0;0.0;3;0.0;0.0;1013.2125;58.0;100;49.166666666666664;0.0;13.541666666666666;6.0;-0.21590303639946531;0.37422241889263774;8175.0;947.0;5445.0;50702.72;4365.416666666667;4310.0;13.758333333333333;15.8;;;7.400000000000002;5.2999999999999545;0.432037660312577
2023-12-27;14.770833333333334;0.6000000000000001;0.0;0.0;0.0;51;0.0;0.0;1013.3625000000001;93.125;100;63.625;3.6666666666666665;71.45833333333333;0.0;-0.5362185009329781;0.2176767657810582;6192.0;1020.0;3187.0;33573.31;4260.0;4050.0;13.549999999999999;14.8;;;6.6;3.8999999999999773;0.578717076906939
2023-12-28;13.820833333333333;0.1;0.0;0.0;0.0;51;0.0;0.0;1017.7375000000001;77.29166666666667;100;67.41666666666667;42.208333333333336;27.541666666666668;4.0;-0.3764682991371318;0.34582787769401674;5465.0;700.0;2399.0;36000.0;3971.6666666666665;3900.0;13.241666666666667;14.5;;;5.1;7.0;0.5111998642855383
2023-12-29;17.454166666666666;0.0;0.0;0.0;0.0;0;0.0;0.0;1016.475;1.2083333333333333;14;1.2083333333333333;0.0;0.0;24.0;-0.47899789401061704;-0.4440548286993082;9125.0;1066.0;8006.0;50435.68;4118.333333333333;3810.0;14.916666666666666;18.1;;;11.099999999999998;6.2999999999999545;0.6531643540164898
2023-12-30;13.558333333333332;0.6000000000000001;0.0;0.0;0.0;51;0.0;0.0;1015.3249999999999;45.25;100;29.916666666666668;0.20833333333333334;17.25;10.0;0.12225646941709066;0.9753357334905073;6875.0;914.0;4106.0;42679.47;3609.1666666666665;3210.0;13.841666666666667;15.1;;;5.5;4.900000000000091;0.9829681771745197
2023-12-31;14.975;0.1;0.0;0.0;0.0;51;0.0;0.0;1018.1083333333332;37.083333333333336;100;26.333333333333332;2.2916666666666665;10.75;13.0;-0.060860551011028274;0.31582892947862856;7248.0;927.0;4564.0;46549.11;3572.9166666666665;3080.0;13.275;15.3;;;9.9;3.2000000000000455;0.32163942445692584
2024-01-01;15.2875;0.0;0.0;0.0;0.0;3;0.0;0.0;1016.6374999999999;21.625;100;2.3333333333333335;0.0;19.333333333333332;17.0;-0.4928416099832353;-0.4940503167930603;9081.0;1056.0;7900.0;50400.0;4157.5;3970.0;13.845833333333333;15.9;;;8.8;1.8000000000000682;0.6978384971139029
2024-01-02;15.625;0.0;0.0;0.0;0.0;3;0.0;0.0;1015.7666666666668;8.833333333333334;89;0.6666666666666666;0.0;8.125;21.0;-0.6417431157327743;-0.7494105014456977;9158.0;1069.0;8064.0;50400.0;4191.25;4090.0;14.512500000000001;16.8;;;9.700000000000001;2.300000000000068;0.9866358630556163
2024-01-03;16.1125;0.0;0.0;0.0;0.0;3;0.0;0.0;1014.7833333333333;46.541666666666664;100;4.625;0.0;42.125;8.0;-0.6140834810319894;-0.7638550622208838;8961.0;1057.0;7593.0;50400.0;4173.333333333333;4140.0;14.604166666666666;16.6;;;10.399999999999999;2.5;0.9800883009998823
2024-01-04;18.441666666666666;0.0;0.0;0.0;0.0;3;0.0;0.0;1014.7416666666667;65.25;100;0.0;0.0;65.25;3.0;-0.7074084664925775;-0.5116804614280058;8637.0;969.0;6762.0;50400.0;4070.4166666666665;3880.0;15.487499999999999;18.5;;;11.899999999999999;4.0;0.87306565221211
2024-01-05;16.0125;0.0;0.0;0.0;0.0;3;0.0;0.0;1015.9916666666667;53.666666666666664;100;4.708333333333333;11.25;48.791666666666664;10.0;-0.7284398808197659;-0.5080307962579248;6165.0;598.0;2666.0;47698.4;3991.6666666666665;3560.0;14.799999999999999;16.2;;;5.800000000000001;3.199999999999932;0.888099065372313
2024-01-06;15.979166666666666;0.0;0.0;0.0;0.0;3;0.0;0.0;1015.5041666666666;42.708333333333336;91;42.708333333333336;0.0;0.0;0.0;-0.7783255820460425;-0.5175304584850299;8502.0;1042.0;6795.0;50400.0;3515.8333333333335;3210.0;14.4375;15.7;;;7.799999999999999;2.1000000000000227;0.9346809547257482
2024-01-07;15.716666666666667;0.30000000000000004;0.0;0.0;0.0;51;0.0;0.0;1016.2416666666667;33.708333333333336;100;33.708333333333336;0.125;0.0;12.0;-0.7886027022545233;-0.5903924914566372;8743.0;1050.0;7350.0;50400.0;3533.75;3040.0;14.420833333333334;15.1;;;7.400000000000002;2.7999999999999545;0.9851180213413578
2024-01-08;14.0625;0.0;0.0;0.0;0.0;0;0.0;0.0;1015.8291666666668;0.25;3;0.25;0.0;0.0;24.0;-0.5149016221950724;-0.8000341184855233;9183.0;1073.0;8090.0;50400.0;3533.3333333333335;3500.0;12.825000000000001;14.8;;;9.600000000000001;2.5;0.951408572212814
2024-01-09;13.862499999999999;0.0;0.0;0.0;0.0;0;0.0;0.0;1016.7291666666666;0.4583333333333333;8;0.4583333333333333;0.0;0.0;24.0;-0.5119912456362585;-0.8367057118451228;9149.0;1073.0;8040.0;50400.0;3642.5;3520.0;12.525;14.3;;;9.6;2.5;0.9809237910472053
2024-01-10;14.608333333333334;0.0;0.0;0.0;0.0;0;0.0;0.0;1015.8416666666667;0.08333333333333333;2;0.08333333333333333;0.0;0.0;24.0;-0.5930223445047828;-0.7734479392384018;9179.0;1076.0;8098.0;50400.0;3666.6666666666665;3620.0;12.808333333333332;14.2;;;7.799999999999999;2.199999999999932;0.974626705869524
2024-01-11;14.879166666666668;0.0;0.0;0.0;0.0;3;0.0;0.0;1015.6625;5.041666666666667;96;0.0;0.0;5.041666666666667;23.0;-0.5829396264368879;-0.7117098320496128;9236.0;1082.0;8177.0;50400.0;3770.0;3740.0;12.858333333333334;15.0;;;10.7;2.699999999999932;0.9199725501918339
2024-01-12;14.858333333333334;0.0;0.0;0.0;0.0;3;0.0;0.0;1014.8166666666666;54.791666666666664;100;0.3333333333333333;0.0;54.791666666666664;8.0;-0.6435459242176703;-0.7156441715364571;8750.0;1072.0;7173.0;48924.64;3681.25;3470.0;13.316666666666668;16.5;;;11.099999999999998;2.0;0.9624437317741112
2024-01-13;13.091666666666667;0.0;0.0;0.0;0.0;2;0.0;0.0;1017.4791666666666;8.291666666666666;58;7.166666666666667;0.0;1.125;20.0;-0.5945155995886587;-0.7866024497795235;8953.0;1064.0;7707.0;50400.0;3358.75;3250.0;12.4625;14.2;;;9.100000000000001;6.199999999999932;0.9859980791834284
2024-01-14;13.775;0.0;0.0;0.0;0.0;0;0.0;0.0;1019.0541666666667;0.0;0;0.0;0.0;0.0;24.0;-0.42812828870445435;-0.8539479967732118;9108.0;1075.0;8041.0;50400.0;3779.5833333333335;3450.0;12.508333333333333;15.0;;;9.1;5.100000000000023;0.9552596572565942
2024-01-15;14.154166666666667;0.0;0.0;0.0;0.0;0;0.0;0.0;1014.7083333333334;1.0416666666666667;7;1.0416666666666667;0.0;0.0;24.0;-0.6234905907376416;-0.7552214672805034;8924.0;1054.0;7781.0;50400.0;3400.4166666666665;3050.0;13.450000000000001;15.6;;;9.600000000000001;2.599999999999909;0.979336500585825
2024-01-16;15.262500000000001;0.0;0.0;0.0;0.0;0;0.0;0.0;1015.7916666666666;0.4583333333333333;2;0.4583333333333333;0.0;0.0;24.0;-0.5572666146014219;-0.811259860515487;8942.0;1063.0;7854.0;50400.0;4185.416666666667;3040.0;14.0375;16.0;;;8.999999999999998;4.7999999999999545;0.9842198133714527
2024-01-17;13.020833333333334;0.0;0.0;0.0;0.0;3;0.0;0.0;1012.5291666666667;32.875;100;2.0833333333333335;0.0;31.916666666666668;15.0;-0.5924276801283174;-0.7878983442279336;7938.0;1010.0;5657.0;50300.03;4648.333333333333;4210.0;13.0625;14.9;;;6.700000000000001;6.699999999999932;0.9857760176730509
2024-01-18;13.241666666666667;0.0;0.0;0.0;0.0;0;0.0;0.0;1017.0541666666667;0.08333333333333333;1;0.08333333333333333;0.0;0.0;24.0;-0.4314043027015995;-0.8635240183453915;9038.0;1071.0;7956.0;50400.0;4254.583333333333;4120.0;12.729166666666666;14.9;;;9.200000000000001;2.7000000000000455;0.9652892844369636
2024-01-19;13.733333333333334;0.0;0.0;0.0;0.0;1;0.0;0.0;1014.3958333333334;1.5833333333333333;22;1.5833333333333333;0.0;0.0;23.0;-0.4957899651745445;-0.8518377285340516;9077.0;1076.0;8036.0;50400.0;4597.083333333333;4560.0;12.7875;15.3;;;10.200000000000001;4.7000000000000455;0.9856141259751854
2024-01-20;14.475;0.0;0.0;0.0;0.0;1;0.0;0.0;1012.725;4.583333333333333;47;4.583333333333333;0.0;0.0;21.0;-0.6218125319662223;-0.7041939490001575;8986.0;1067.0;7932.0;50400.0;4556.666666666667;4490.0;12.770833333333334;15.0;;;11.299999999999999;2.599999999999909;0.9394359705262945
2024-01-21;16.0125;0.0;0.0;0.0;0.0;2;0.0;0.0;1013.3375;8.0;76;8.0;0.0;0.0;21.0;-0.7428363807105095;-0.564151658496424;8914.0;1058.0;7875.0;50363.78;4581.25;4530.0;13.470833333333333;15.3;;;9.8;2.699999999999932;0.9327770271031308
2024-01-22;15.895833333333334;0.0;0.0;0.0;0.0;3;0.0;0.0;1011.2666666666668;28.041666666666668;99;28.041666666666668;0.0;0.0;12.0;-0.20509706586569065;0.2909127906633591;8462.0;998.0;7065.0;50299.1;4672.083333333333;4580.0;14.029166666666667;17.0;;;8.7;1.8999999999999773;0.35594249282469614
2024-01-23;14.266666666666666;0.0;0.0;0.0;0.0;3;0.0;0.0;1012.9625;58.291666666666664;100;58.291666666666664;0.0;0.0;7.0;-0.007449237875312415;0.7319527555914228;7313.0;915.0;4785.0;44773.07;4680.416666666667;4550.0;13.045833333333334;14.5;;;7.5;3.400000000000091;0.7319906608439756
2024-01-24;18.283333333333335;0.0;0.0;0.0;0.0;0;0.0;0.0;1011.0916666666667;0.08333333333333333;1;0.041666666666666664;0.0;0.041666666666666664;24.0;-0.5722875606054673;-0.7743605020006713;8842.0;1058.0;7827.0;50168.58;5029.583333333333;4780.0;15.104166666666666;17.8;;;12.9;4.300000000000068;0.9628848524525079
2024-01-25;15.75;0.0;0.0;0.0;0.0;3;0.0;0.0;1010.7666666666668;83.0;100;48.208333333333336;0.0;42.416666666666664;1.0;-0.3165512518706018;0.31363624245039984;8056.0;941.0;5893.0;50102.94;5094.166666666667;4990.0;13.958333333333334;15.9;;;5.9;6.699999999999932;0.4456146178473628
2024-01-26;14.225;0.0;0.0;0.0;0.0;3;0.0;0.0;1015.6541666666667;93.375;100;85.0;0.20833333333333334;57.625;0.0;-0.290472616064587;0.49779778459006246;6177.0;856.0;2976.0;33843.17;4931.25;4850.0;13.3375;14.2;;;5.600000000000001;4.5;0.5763479634961671
2024-01-27;17.266666666666666;0.0;0.0;0.0;0.0;3;0.0;0.0;1013.0749999999999;19.875;83;14.125;0.0;5.75;15.0;-0.6547210056923961;-0.6978144672150665;8647.0;1043.0;7601.0;49971.39;4876.25;4830.0;15.070833333333333;18.1;;;11.9;4.399999999999977;0.9568723143395411
2024-01-28;16.695833333333333;0.0;0.0;0.0;0.0;3;0.0;0.0;1013.2291666666666;19.958333333333332;85;6.041666666666667;0.5416666666666666;13.958333333333334;14.0;-0.7601078303836676;-0.41779407231383603;8411.0;1016.0;7165.0;49905.67;4536.25;4430.0;14.200000000000001;16.3;;;11.000000000000002;5.0;0.8673614014187773
2024-01-29;16.608333333333334;0.0;0.0;0.0;0.0;3;0.0;0.0;1014.7458333333334;16.041666666666668;100;0.0;0.0;16.041666666666668;19.0;-0.7058581968901079;-0.6128888099357729;8567.0;1039.0;7492.0;49840.11;4563.333333333333;4500.0;13.933333333333332;16.0;;;10.500000000000002;2.5;0.9348093321428933
2024-01-30;17.179166666666667;0.0;0.0;0.0;0.0;2;0.0;0.0;1014.4958333333334;8.125;78;8.0;0.0;0.4583333333333333;21.0;-0.5728010736798198;-0.7736319579320275;8558.0;1038.0;7537.0;49774.82;4320.416666666667;4250.0;14.116666666666667;16.5;;;11.1;2.6000000000000227;0.9626045274890913
2024-01-31;18.120833333333334;0.0;0.0;0.0;0.0;0;0.0;0.0;1014.9041666666667;0.5;9;0.041666666666666664;0.0;0.4583333333333333;24.0;-0.5515675121496553;-0.8032103090295571;8561.0;1037.0;7565.0;49685.48;4551.666666666667;4300.0;15.5375;17.8;;;9.799999999999999;3.199999999999932;0.9743580045292987
2024-02-01;17.470833333333335;0.0;0.0;0.0;0.0;3;0.0;0.0;1014.6166666666667;23.041666666666668;98;2.75;0.0;20.291666666666668;17.0;-0.5916481143230393;-0.7807973378539829;8470.0;1031.0;7480.0;49573.56;4807.916666666667;4640.0;16.004166666666666;17.5;;;8.599999999999998;2.7999999999999545;0.9796386956331783
2024-02-02;18.075;0.0;0.0;0.0;0.0;1;0.0;0.0;1017.8666666666667;4.0;25;4.0;0.0;0.0;22.0;-0.5700519713990535;-0.7950973582010655;8245.0;1014.0;7112.0;49460.3;4516.666666666667;4410.0;16.808333333333334;18.7;;;8.100000000000001;2.800000000000068;0.9783348399777352
2024-02-03;16.583333333333332;0.0;0.0;0.0;0.0;0;0.0;0.0;1015.1666666666666;0.375;5;0.375;0.0;0.0;24.0;-0.48739466107427387;-0.8447750381357263;8447.0;1037.0;7421.0;49344.84;4763.75;4560.0;15.0;16.2;;;7.499999999999998;8.200000000000045;0.9752940175664588
2024-02-04;16.158333333333335;0.0;0.0;0.0;0.0;0;0.0;0.0;1009.5291666666667;0.25;3;0.25;0.0;0.0;24.0;-0.7399589683733274;-0.419745480489582;8321.0;1015.0;7309.0;49227.21;4814.583333333333;4500.0;14.0875;16.6;;;11.3;6.7999999999999545;0.8507206023528224
2024-02-05;16.183333333333334;0.0;0.0;0.0;0.0;3;0.0;0.0;1014.3041666666667;70.66666666666667;100;15.041666666666666;3.2916666666666665;61.916666666666664;4.0;-0.6119429545370096;-0.7154246758493055;7410.0;986.0;5481.0;46519.39;4733.75;4580.0;14.7125;17.1;;;11.4;3.800000000000068;0.9414386047011076
2024-02-06;18.754166666666666;0.0;0.0;0.0;0.0;3;0.0;0.0;1015.1916666666666;65.66666666666667;100;43.125;3.4583333333333335;26.333333333333332;0.0;-0.5901214094350723;-0.6531371892714647;6399.0;831.0;3700.0;48113.21;4662.916666666667;4540.0;16.6875;18.8;;;8.8;3.8999999999999773;0.880245116932247
2024-02-07;18.458333333333332;0.0;0.0;0.0;0.0;3;0.0;0.0;1014.5916666666667;44.291666666666664;100;28.625;4.125;15.75;11.0;-0.47475582774442354;-0.855634555913614;7840.0;969.0;6696.0;48175.97;4564.583333333333;4460.0;16.150000000000002;19.2;;;12.8;2.199999999999932;0.978521123558802
2024-02-08;15.633333333333333;0.0;0.0;0.0;0.0;3;0.0;0.0;1012.2833333333333;29.875;100;0.0;9.541666666666666;20.875;13.0;-0.5899544812389693;-0.7752657767575317;7238.0;988.0;5360.0;48737.88;4098.75;3570.0;13.416666666666666;15.5;;;9.999999999999998;3.6000000000000227;0.9742090712703307
2024-02-09;16.254166666666666;0.0;0.0;0.0;0.0;2;0.0;0.0;1013.2458333333334;3.75;50;2.625;1.125;0.0;23.0;-0.7701219673344623;-0.4505221574526961;7896.0;985.0;6811.0;48611.6;3578.3333333333335;3450.0;14.229166666666666;15.5;;;7.699999999999999;3.7000000000000455;0.8922208577067308
2024-02-10;15.4375;0.0;0.0;0.0;0.0;3;0.0;0.0;1014.7791666666667;33.416666666666664;100;32.916666666666664;0.0;0.5;15.0;-0.8156186954516983;-0.4118132285873352;6951.0;976.0;5008.0;44353.4;4095.4166666666665;3380.0;13.975;15.8;;;8.0;2.699999999999932;0.9136870315429978
2024-02-11;14.191666666666668;0.0;0.0;0.0;0.0;3;0.0;0.0;1015.3583333333332;40.916666666666664;100;13.0;16.333333333333332;25.5;11.0;-0.544045047737823;-0.8262480577829906;5857.0;884.0;3625.0;40894.75;3964.5833333333335;3630.0;13.887500000000001;15.3;;;8.3;4.2999999999999545;0.9892779523259447
2024-02-12;15.950000000000001;0.0;0.0;0.0;0.0;0;0.0;0.0;1015.0625;0.0;0;0.0;0.0;0.0;24.0;-0.521107890484565;-0.8273833057241924;8121.0;1014.0;7138.0;47993.95;4511.666666666667;4050.0;13.929166666666667;16.2;;;9.8;5.7999999999999545;0.977812133344829
2024-02-13;17.183333333333334;0.0;0.0;0.0;0.0;2;0.0;0.0;1010.1458333333334;7.625;74;7.625;0.0;0.0;21.0;-0.2900731093023821;0.0035780894289428877;8098.0;1008.0;7139.0;48094.9;5118.333333333333;5000.0;14.695833333333333;18.2;;;12.399999999999999;3.6000000000000227;0.29009517656161266
2024-02-14;14.487499999999999;0.1;0.0;0.0;0.0;51;0.0;0.0;1013.3000000000001;86.5;100;80.125;0.0;13.458333333333334;1.0;0.07050900840239406;0.8196135900619687;5842.0;775.0;3241.0;40009.63;5055.833333333333;4960.0;13.945833333333333;15.2;;;5.0;3.2999999999999545;0.8226408434305689
2024-02-15;13.9625;0.0;0.0;0.0;0.0;3;0.0;0.0;1013.6666666666666;92.04166666666667;100;92.04166666666667;0.0;0.0;0.0;-0.3271843378395812;0.23531172593272973;5679.0;797.0;2644.0;41119.13;5174.583333333333;5110.0;12.754166666666668;14.2;;;6.699999999999999;4.600000000000023;0.40301513531003436
2024-02-16;15.125;0.0;0.0;0.0;0.0;3;0.0;0.0;1014.8541666666666;17.25;87;12.166666666666666;0.0;6.0;18.0;-0.730515631495011;-0.5977370795604866;7681.0;989.0;6419.0;46942.25;4747.5;4290.0;13.920833333333334;16.0;;;10.200000000000001;4.7999999999999545;0.9438976131657788
2024-02-17;15.029166666666667;0.0;0.0;0.0;0.0;2;0.0;0.0;1015.5541666666667;4.208333333333333;54;4.208333333333333;0.0;0.0;22.0;-0.49833371610026234;-0.8591601062119226;7917.0;1001.0;6942.0;46605.37;4493.75;4260.0;13.991666666666667;15.4;;;8.499999999999998;4.7999999999999545;0.993223328717353
2024-02-18;16.05;0.0;0.0;0.0;0.0;0;0.0;0.0;1010.35;0.0;0;0.0;0.0;0.0;24.0;-0.5335144334351106;-0.8284348918478278;7790.0;983.0;6858.0;46856.75;5287.5;5020.0;13.7875;17.0;;;11.7;5.599999999999909;0.9853639026849468
2024-02-19;13.979166666666666;0.0;0.0;0.0;0.0;3;0.0;0.0;1011.6999999999999;60.416666666666664;100;45.583333333333336;0.0;34.375;9.0;0.14239599241386708;0.6067682606807948;6201.0;840.0;3747.0;39972.82;5313.75;5010.0;13.700000000000001;15.6;;;5.199999999999999;6.600000000000023;0.6232530311399432
2024-02-20;15.695833333333333;0.1;0.0;0.0;0.0;51;0.0;0.0;1015.8041666666667;59.833333333333336;100;58.791666666666664;0.375;1.875;9.0;-0.2565613428703481;-0.31364088380729727;5691.0;909.0;3507.0;32307.7;4566.25;4310.0;13.6875;15.0;;;7.200000000000001;3.0;0.4052089913252899
2024-02-21;14.666666666666666;0.0;0.0;0.0;0.0;3;0.0;0.0;1014.6999999999999;66.625;100;53.208333333333336;24.416666666666668;22.125;5.0;-0.5607247904453682;-0.13224578169456788;5482.0;813.0;3051.0;32020.3;3969.5833333333335;3270.0;13.383333333333333;14.9;;;7.200000000000001;2.5;0.576108702760173
2024-02-22;15.033333333333333;2.5;0.7000000000000001;0.2;1.0;55;0.0;0.0;1016.7083333333334;64.375;100;37.666666666666664;50.25;40.625;7.0;-0.22193649517686917;-0.1524290315863538;5570.0;755.0;3563.0;41205.09;2840.0;2430.0;13.516666666666666;15.1;;;6.299999999999999;6.0;0.2692404456275953
2024-02-23;14.5;0.0;0.0;0.0;0.0;0;0.0;0.0;1017.975;0.0;0;0.0;0.0;0.0;24.0;-0.2706485870361803;-0.8634213904502338;7533.0;965.0;6582.0;45462.0;3855.0;3470.0;12.758333333333333;15.0;;;8.899999999999999;4.199999999999932;0.9048464815379987
2024-02-24;16.2625;0.0;0.0;0.0;0.0;2;0.0;0.0;1015.7083333333334;9.416666666666666;56;0.0;0.0;9.416666666666666;19.0;-0.36277031580596625;-0.8171903729778203;7471.0;952.0;6425.0;45559.12;3975.4166666666665;3910.0;13.045833333333334;15.9;;;10.900000000000002;1.6999999999999318;0.894093064349338
2024-02-25;14.895833333333334;0.0;0.0;0.0;0.0;3;0.0;0.0;1016.3916666666668;64.625;100;0.0;0.2916666666666667;64.625;7.0;-0.5483228960091814;-0.7816295222408325;5503.0;800.0;2592.0;36055.9;3966.6666666666665;3910.0;13.262500000000001;15.4;;;8.200000000000001;2.800000000000068;0.9547788792837468
2024-02-26;14.658333333333333;0.0;0.0;0.0;0.0;0;0.0;0.0;1017.6374999999999;0.041666666666666664;1;0.041666666666666664;0.0;0.0;24.0;-0.6003892400911784;-0.7740908095371167;7373.0;945.0;6448.0;44815.42;4230.833333333333;4010.0;13.495833333333332;16.3;;;9.7;3.2000000000000455;0.9796345344193882
2024-02-27;14.758333333333333;0.0;0.0;0.0;0.0;3;0.0;0.0;1014.8249999999999;22.583333333333332;97;7.708333333333333;0.25;14.875;16.0;-0.6345452745775727;-0.7320730697938193;7218.0;950.0;6132.0;43459.09;4275.833333333333;3920.0;14.0375;15.5;;;7.300000000000001;2.1000000000000227;0.9688027069564129
2024-02-28;16.820833333333333;0.0;0.0;0.0;0.0;3;0.0;0.0;1014.9208333333332;42.458333333333336;100;0.7083333333333334;5.166666666666667;41.666666666666664;11.0;-0.47093223852423544;-0.8307400351316491;6817.0;918.0;5495.0;43210.409999999996;4342.083333333333;4010.0;15.379166666666668;17.6;;;8.8;1.900000000000091;0.9549377881579412
2024-02-29;14.908333333333333;0.0;0.0;0.0;0.0;3;0.0;0.0;1014.5;8.25;92;0.0;5.541666666666667;4.041666666666667;20.0;-0.6486748185626626;-0.730632746270448;7303.0;947.0;6398.0;44146.02;4337.5;4190.0;13.395833333333334;15.4;;;10.0;1.6999999999999318;0.9770379880843939
2024-03-01;13.654166666666667;0.0;0.0;0.0;0.0;3;0.0;0.0;1015.7666666666668;11.166666666666666;100;2.75;0.0;8.458333333333334;20.0;-0.5472723787541199;-0.8209944438555848;7072.0;923.0;6111.0;43866.93;4747.083333333333;4520.0;12.799999999999999;14.5;;;9.4;5.2000000000000455;0.9866807656932074
2024-03-02;13.924999999999999;0.0;0.0;0.0;0.0;0;0.0;0.0;1018.8625000000001;0.0;0;0.0;0.0;0.0;24.0;-0.347217367821669;-0.8994206747219494;7109.0;928.0;6191.0;43618.81;4370.416666666667;4280.0;12.666666666666666;14.9;;;7.9;3.300000000000068;0.9641148534455295
2024-03-03;13.5375;0.0;0.0;0.0;0.0;0;0.0;0.0;1016.5875;0.0;0;0.0;0.0;0.0;24.0;-0.5330375179970692;-0.8006171057412298;7091.0;928.0;6215.0;43659.77;4258.333333333333;4210.0;11.858333333333334;14.0;;;9.8;3.2000000000000455;0.9618298943149663
2024-03-04;13.716666666666667;0.0;0.0;0.0;0.0;0;0.0;0.0;1014.7541666666666;0.0;0;0.0;0.0;0.0;24.0;-0.5651795331553847;-0.7577052423887009;7064.0;927.0;6197.0;43413.17;4352.083333333333;4210.0;12.079166666666666;14.5;;;8.999999999999998;3.8999999999999773;0.945275165780345
2024-03-05;13.154166666666667;0.0;0.0;0.0;0.0;2;0.0;0.0;1013.1791666666667;9.708333333333334;50;9.666666666666666;0.0;0.041666666666666664;18.0;-0.5438907140210086;-0.822597125268207;6808.0;911.0;5758.0;43200.0;4412.916666666667;4200.0;12.637500000000001;14.9;;;9.2;2.6000000000000227;0.9861455974133845
2024-03-06;12.616666666666667;0.0;0.0;0.0;0.0;3;0.0;0.0;1013.6875;18.583333333333332;88;2.9166666666666665;0.0;15.833333333333334;14.0;-0.5656495229355839;-0.804581022823665;6953.0;918.0;6027.0;43209.53;4102.5;4050.0;12.054166666666667;13.8;;;7.899999999999999;1.900000000000091;0.983519194060405
2024-03-07;11.670833333333334;0.0;0.0;0.0;0.0;3;0.0;0.0;1014.9250000000001;32.083333333333336;100;2.5416666666666665;0.375;29.333333333333332;15.0;-0.550376441286473;-0.198175696025414;6719.0;901.0;5717.0;43200.0;3789.1666666666665;3450.0;10.854166666666666;11.9;;;6.299999999999999;4.100000000000023;0.5849682329992969
2024-03-08;12.220833333333333;6.6;1.5;0.4;4.0;63;0.0;0.0;1017.1291666666666;59.125;100;58.666666666666664;37.625;0.0;8.0;-0.09903337466030208;0.7543697035817059;2730.0;427.0;550.0;14643.45;3087.5;2780.0;12.666666666666666;14.8;;;5.900000000000002;4.699999999999932;0.7608424665977567
2024-03-09;12.625;0.0;0.0;0.0;0.0;2;0.0;0.0;1017.4583333333334;8.291666666666666;71;3.3333333333333335;0.0;4.958333333333333;19.0;-0.21510826688647997;-0.8252713266686373;6636.0;885.0;5735.0;43200.0;4269.583333333333;3880.0;12.025;14.1;;;8.7;4.5;0.8528448446841417
2024-03-10;13.016666666666666;0.0;0.0;0.0;0.0;3;0.0;0.0;1014.2041666666668;60.5;100;0.6666666666666666;0.0;60.5;4.0;-0.5642176930079845;-0.6816994535147293;5318.0;873.0;3438.0;33682.27;4222.916666666667;3950.0;12.258333333333333;14.3;;;9.600000000000001;3.5;0.8849043733791425
2024-03-11;12.166666666666666;0.7;0.0;0.0;0.0;51;0.0;0.0;1014.9041666666667;65.20833333333333;100;64.41666666666667;9.791666666666666;0.0;7.0;-0.019110216727851004;0.606278688893817;4936.0;680.0;2570.0;43200.0;3972.0833333333335;3390.0;12.5625;13.9;;;5.100000000000001;1.8999999999999773;0.6065797960616486
2024-03-12;13.875;1.0;0.6;0.3;1.0;51;0.0;0.0;1016.8416666666667;65.33333333333333;100;65.29166666666667;2.4583333333333335;0.0;6.0;-0.21886616937336742;0.41189526903619783;4904.0;768.0;3180.0;29455.09;3677.9166666666665;3270.0;13.904166666666667;15.7;;;8.799999999999999;4.399999999999977;0.4664333958354326
2024-03-13;13.450000000000001;0.0;0.0;0.0;0.0;0;0.0;0.0;1017.9499999999999;0.4583333333333333;7;0.4166666666666667;0.041666666666666664;0.0;24.0;-0.6651552011732486;-0.6200815832375347;6451.0;869.0;5580.0;43200.0;3944.5833333333335;3860.0;11.783333333333333;13.6;;;7.9;3.300000000000068;0.9093583515414551
2024-03-14;12.512500000000001;0.0;0.0;0.0;0.0;1;0.0;0.0;1017.025;3.3333333333333335;35;1.9583333333333333;0.0;1.5;23.0;-0.4020251533368399;-0.8882695778105091;6434.0;877.0;5528.0;43200.0;3885.8333333333335;3830.0;12.075000000000001;13.1;;;5.699999999999999;2.6000000000000227;0.9750113162313399
2024-03-15;11.708333333333334;0.0;0.0;0.0;0.0;0;0.0;0.0;1015.7875;2.125;16;0.4583333333333333;0.16666666666666666;1.5;24.0;-0.46313960158774653;-0.8431470549209795;6439.0;870.0;5598.0;43200.0;4194.583333333333;3970.0;11.320833333333333;13.1;;;7.300000000000001;2.199999999999932;0.9619746601552339
2024-03-16;12.129166666666668;0.0;0.0;0.0;0.0;3;0.0;0.0;1016.2875;14.833333333333334;86;7.791666666666667;0.041666666666666664;9.583333333333334;18.0;-0.2607469942422949;-0.8618931207480163;6183.0;847.0;5295.0;43200.0;3856.25;3710.0;11.566666666666668;13.8;;;8.4;2.6000000000000227;0.900471402432718
2024-03-17;11.0375;0.0;0.0;0.0;0.0;3;0.0;0.0;1014.7708333333334;37.333333333333336;99;0.0;2.0416666666666665;35.541666666666664;9.0;-0.39044614199650635;-0.8807361309337143;6081.0;843.0;5120.0;43200.0;3842.9166666666665;3780.0;10.533333333333333;12.1;;;9.8;2.2000000000000455;0.963402471520623
2024-03-18;12.054166666666667;0.0;0.0;0.0;0.0;3;0.0;0.0;1013.4083333333333;68.16666666666667;100;0.0;0.0;68.16666666666667;6.0;-0.3900302698967925;-0.8569215622279053;5227.0;725.0;3124.0;42159.84;3797.0833333333335;3730.0;11.166666666666666;12.8;;;7.5;4.199999999999932;0.9415084573421943
2024-03-19;13.341666666666667;0.1;0.0;0.0;0.0;51;0.0;0.0;1011.7375000000001;71.875;100;3.6666666666666665;29.291666666666668;69.625;5.0;-0.3727313171613502;0.3421590061323328;5828.0;799.0;4744.0;41517.46;3636.25;3490.0;12.666666666666666;14.0;;;6.300000000000001;3.7999999999999545;0.5059658291528202
2024-03-20;11.700000000000001;36.3;1.7000000000000002;0.6;5.0;63;0.0;0.0;1014.8874999999999;99.95833333333333;100;84.125;74.83333333333333;73.91666666666667;0.0;0.2373637076396169;-0.0215469824096842;1677.0;316.0;139.0;678.1600000000001;3108.3333333333335;2800.0;12.25;13.5;;;4.5;9.100000000000023;0.23833967809701506
2024-03-21;13.370833333333332;0.0;0.0;0.0;0.0;3;0.0;0.0;1016.5875;64.70833333333333;100;28.708333333333332;3.2083333333333335;60.708333333333336;7.0;0.03611347457054344;-0.6139915798777552;5870.0;818.0;4955.0;41978.6;3961.6666666666665;3610.0;11.775;15.4;;;9.999999999999998;3.1000000000000227;0.6150527157946213
2024-03-22;15.016666666666666;0.0;0.0;0.0;0.0;3;0.0;0.0;1015.2333333333332;60.375;100;3.75;7.541666666666667;51.833333333333336;8.0;-0.11884980878424671;-0.07031381437210142;5305.0;745.0;3948.0;41266.94;4235.416666666667;4140.0;13.104166666666666;16.4;;;11.2;2.8999999999999773;0.13809167078287649
2024-03-23;15.3375;3.6;1.2000000000000002;0.5;3.0;53;0.0;0.0;1016.9041666666667;94.04166666666667;100;84.54166666666667;34.083333333333336;58.791666666666664;0.0;-0.01889373089342388;0.43750365797349805;2260.0;482.0;1019.0;17937.11;4181.666666666667;3630.0;15.041666666666666;17.7;;;7.200000000000001;3.8999999999999773;0.4379114337480407
2024-03-24;14.791666666666666;0.0;0.0;0.0;0.0;3;0.0;0.0;1014.9458333333333;65.58333333333333;100;39.458333333333336;0.0;35.791666666666664;7.0;-0.4898420395197218;-0.8221214490842486;5754.0;807.0;4855.0;42540.26;4958.75;4730.0;14.270833333333334;17.5;;;9.0;4.600000000000023;0.9569894987538919
2024-03-25;14.9125;0.0;0.0;0.0;0.0;3;0.0;0.0;1013.5416666666666;67.125;100;35.541666666666664;0.0;58.625;6.0;-0.5082539490325367;-0.8274403034241341;5459.0;796.0;4385.0;40579.7;4806.666666666667;4410.0;13.933333333333332;16.4;;;8.400000000000002;3.0;0.9710713323117883
2024-03-26;16.5625;0.0;0.0;0.0;0.0;3;0.0;0.0;1016.5500000000001;37.833333333333336;100;10.625;0.2916666666666667;27.166666666666668;10.0;-0.3451380462468265;-0.8208429032962963;5446.0;767.0;4568.0;42256.85;4425.0;4200.0;15.770833333333334;18.8;;;8.399999999999999;3.8999999999999773;0.8904512018403756
2024-03-27;14.9375;0.0;0.0;0.0;0.0;3;0.0;0.0;1018.7333333333332;28.375;100;23.75;0.0;8.458333333333334;15.0;-0.5231326542965342;-0.8307159396322413;5094.0;775.0;3832.0;42115.81;4549.583333333333;4280.0;14.304166666666667;16.3;;;6.899999999999999;2.2999999999999545;0.9817111318256582
2024-03-28;15.241666666666667;0.0;0.0;0.0;0.0;0;0.0;0.0;1015.2541666666666;0.25;5;0.25;0.0;0.0;24.0;-0.5100344467262407;-0.7873954153366566;5531.0;781.0;4781.0;41975.36;5056.666666666667;4990.0;13.829166666666666;16.3;;;9.5;3.7999999999999545;0.9381506685711674
2024-03-29;14.541666666666666;0.0;0.0;0.0;0.0;3;0.0;0.0;1017.6291666666666;17.75;86;12.916666666666666;0.0;4.833333333333333;16.0;-0.29190028873166635;-0.9031936607962789;5198.0;753.0;4182.0;41835.59;4645.833333333333;4280.0;13.791666666666666;17.3;;;8.899999999999999;3.800000000000068;0.9491915336033154
2024-03-30;12.637500000000001;0.0;0.0;0.0;0.0;3;0.0;0.0;1019.7624999999999;81.91666666666667;100;0.0;2.375;81.875;1.0;-0.12208905758586201;-0.9681800769320681;5279.0;759.0;4126.0;41696.57;4160.0;4000.0;10.716666666666667;14.2;;;9.5;3.0;0.975847528741242
2024-03-31;10.954166666666666;0.0;0.0;0.0;0.0;3;0.0;0.0;1020.2291666666666;53.875;100;0.0;7.25;53.416666666666664;5.0;-0.4016345174766723;-0.8944408959153362;4314.0;636.0;2487.0;41558.42;3518.75;2670.0;10.475;11.5;;;4.4;3.2000000000000455;0.9804768237518664
2024-04-01;11.362499999999999;0.0;0.0;0.0;0.0;3;0.0;0.0;1018.7291666666666;66.5;100;0.0;9.458333333333334;64.54166666666667;1.0;-0.4871559202318913;-0.7338877984878734;5238.0;751.0;4226.0;38962.6;3533.75;2670.0;10.379166666666666;12.3;;;7.800000000000001;5.5;0.8808587806148942
2024-04-02;11.729166666666666;6.0;0.9;0.4;3.0;61;0.0;0.0;1013.1583333333333;98.875;100;30.041666666666668;53.625;98.41666666666667;0.0;-0.34907548609492095;0.43107542585417713;1493.0;338.0;204.0;6912.43;3412.5;2870.0;12.308333333333332;14.8;;;5.5;5.600000000000023;0.5546888477045177
2024-04-03;11.704166666666666;0.0;0.0;0.0;0.0;2;0.0;0.0;1019.0791666666668;16.541666666666668;78;14.708333333333334;2.7916666666666665;0.375;16.0;-0.21256356364283813;0.008534012506556632;4954.0;718.0;3959.0;41147.36;2924.1666666666665;2150.0;11.154166666666667;13.1;;;7.199999999999999;4.600000000000023;0.21273480664434055
2024-04-04;11.291666666666666;0.0;0.0;0.0;0.0;3;0.0;0.0;1020.6666666666666;17.125;85;17.125;0.0;0.0;17.0;-0.14253249009629274;-0.8475603580437233;5054.0;733.0;4264.0;40899.87;3629.1666666666665;3260.0;10.970833333333333;13.8;;;9.799999999999999;2.1000000000000227;0.8594615007434913
2024-04-05;11.895833333333334;0.0;0.0;0.0;0.0;3;0.0;0.0;1018.7833333333333;17.5;86;17.5;0.0;0.0;18.0;-0.47044503172124136;-0.8123499333841786;5108.0;738.0;4271.0;40872.78;4085.0;3950.0;11.716666666666667;13.9;;;9.100000000000001;2.2000000000000455;0.9387390170545161
2024-04-06;11.891666666666666;0.0;0.0;0.0;0.0;3;0.0;0.0;1020.2416666666667;24.875;89;12.791666666666666;0.0;12.458333333333334;12.0;-0.2528488488312762;-0.753558543993373;4780.0;713.0;3855.0;40015.38;3930.0;3810.0;11.612499999999999;13.9;;;9.399999999999999;3.0;0.7948477964872984
2024-04-07;12.375;0.0;0.0;0.0;0.0;3;0.0;0.0;1015.1750000000001;48.75;100;0.75;0.0;48.166666666666664;11.0;-0.46258943932538243;-0.8291668485309883;4630.0;718.0;3439.0;38651.14;4256.25;4210.0;12.270833333333334;14.4;;;6.9;6.0;0.9494770413644463
2024-04-08;14.354166666666666;0.2;0.0;0.0;0.0;51;0.0;0.0;1016.2541666666666;63.583333333333336;100;44.958333333333336;2.0416666666666665;36.916666666666664;2.0;-0.519753708827647;-0.7710651855527484;4064.0;611.0;2498.0;38210.31;3723.75;3300.0;14.0625;16.3;;;6.899999999999999;5.900000000000091;0.9298846370446114
2024-04-09;12.133333333333333;0.0;0.0;0.0;0.0;3;0.0;0.0;1017.2708333333334;81.91666666666667;100;3.4166666666666665;5.625;79.08333333333333;2.0;-0.23449997457340008;-0.8987919927496429;4284.0;678.0;2771.0;34947.25;3667.5;3600.0;11.095833333333333;13.2;;;7.0;4.0;0.9288795854715505
2024-04-10;9.479166666666666;0.2;0.0;0.0;0.0;51;0.0;0.0;1013.0916666666667;39.5;100;0.0;27.0;25.916666666666668;10.0;-0.2006766303319937;-0.563980201938754;3646.0;620.0;2150.0;34400.12;3385.4166666666665;3120.0;8.720833333333333;12.3;;;9.5;3.3999999999999773;0.5986190592858545
2024-04-11;10.766666666666666;0.1;0.0;0.0;0.0;51;0.0;0.0;1015.0124999999999;31.916666666666668;100;31.916666666666668;0.0;0.0;16.0;0.44340362980144343;0.8745101878436965;3865.0;658.0;2386.0;37302.14;2954.1666666666665;2910.0;10.920833333333334;13.2;;;6.6000000000000005;3.7000000000000455;0.9804972450565645
2024-04-12;10.975;0.0;0.0;0.0;0.0;3;0.0;0.0;1015.1374999999999;60.875;100;49.083333333333336;0.0;25.375;6.0;0.13930876269629813;-0.18423920004795669;4221.0;683.0;3023.0;32389.53;2950.8333333333335;2880.0;10.512500000000001;13.2;;;8.1;3.800000000000068;0.23097838469927118
2024-04-13;11.995833333333332;0.0;0.0;0.0;0.0;3;0.0;0.0;1012.725;38.125;100;9.333333333333334;11.916666666666666;24.875;13.0;0.3967322661779191;0.4140022627709738;4333.0;669.0;3325.0;35702.08;3125.8333333333335;3030.0;11.420833333333334;13.3;;;6.100000000000001;4.2999999999999545;0.5734059335289039
2024-04-14;12.420833333333334;0.0;0.0;0.0;0.0;3;0.0;0.0;1014.6833333333334;86.375;100;43.5;19.541666666666668;82.91666666666667;3.0;-0.32743179111539394;-0.5128132290489332;2661.0;408.0;665.0;22886.21;3197.0833333333335;3050.0;12.1;15.2;;;7.699999999999999;2.3999999999999773;0.6084315785038024
2024-04-15;11.929166666666667;0.1;0.0;0.0;0.0;51;0.0;0.0;1017.8125;73.5;100;67.20833333333333;6.125;8.083333333333334;3.0;0.3259660207306893;0.8547595483392646;3081.0;495.0;1391.0;31177.83;2830.4166666666665;2440.0;12.1;13.4;;;5.300000000000001;4.7000000000000455;0.9148047508338288
2024-04-16;12.366666666666667;2.8;0.0;0.0;0.0;53;0.0;0.0;1021.3416666666667;82.91666666666667;100;48.958333333333336;68.25;12.25;2.0;0.25716838746465004;0.9431123051668271;3424.0;578.0;2039.0;26896.2;2842.0833333333335;2340.0;13.029166666666667;14.1;;;3.6999999999999993;2.099999999999909;0.9775461112746829
2024-04-17;13.887500000000001;0.0;0.0;0.0;0.0;3;0.0;0.0;1018.6458333333334;50.5;100;23.75;3.375;27.375;9.0;0.10575447582704052;-0.6330193643813072;4293.0;653.0;3500.0;36000.0;4152.083333333333;3780.0;13.108333333333334;16.6;;;10.0;6.0;0.6417924312728893
2024-04-18;13.333333333333334;0.0;0.0;0.0;0.0;3;0.0;0.0;1014.0333333333333;100.0;100;47.375;0.16666666666666666;99.79166666666667;0.0;-0.5752225804781353;-0.453114072682454;3529.0;591.0;1940.0;30352.17;4060.4166666666665;3710.0;12.591666666666667;14.5;;;7.699999999999999;3.7000000000000455;0.7322522652438879
2024-04-19;11.641666666666666;0.0;0.0;0.0;0.0;3;0.0;0.0;1017.6791666666667;92.08333333333333;100;0.8333333333333334;43.208333333333336;88.95833333333333;1.0;-0.33322387741689513;-0.8691993196468935;3050.0;578.0;1684.0;21647.72;3480.8333333333335;3380.0;11.25;12.6;;;5.199999999999999;3.0;0.9308843159895716
2024-04-20;10.466666666666667;0.0;0.0;0.0;0.0;3;0.0;0.0;1017.1333333333333;97.66666666666667;100;0.2916666666666667;46.791666666666664;95.79166666666667;0.0;-0.3615522126152286;-0.8251186534133735;3168.0;517.0;1313.0;30480.53;3388.3333333333335;3280.0;10.083333333333334;11.1;;;4.800000000000001;2.7000000000000455;0.9008555903460145
2024-04-21;9.950000000000001;11.5;2.9;1.1;4.0;63;0.0;0.0;1013.3583333333332;90.20833333333333;100;32.916666666666664;69.0;70.54166666666667;0.0;0.4290361731713576;0.2022535593683389;3258.0;617.0;1917.0;25636.13;2985.4166666666665;2130.0;10.120833333333334;12.8;;;6.1;4.0;0.47431902783536456
2024-04-22;10.1;31.900000000000002;4.6000000000000005;1.1;5.0;65;0.0;0.0;1017.1666666666666;37.375;100;32.625;22.541666666666668;3.2083333333333335;8.0;-0.45451601812956044;-0.3417595864057878;3675.0;579.0;2700.0;36562.34;2226.6666666666665;1960.0;10.225;13.4;;;6.0;12.799999999999955;0.5686689947909996
2024-04-23;8.779166666666667;0.0;0.0;0.0;0.0;0;0.0;0.0;1019.8458333333333;0.20833333333333334;1;0.20833333333333334;0.0;0.0;24.0;0.034592850345002944;-0.8213885937034737;4209.0;645.0;3537.0;36891.54;2840.8333333333335;2290.0;8.908333333333333;11.3;;;7.8;4.099999999999909;0.8221167113987904
2024-04-24;8.7125;7.2;1.6;0.5;5.0;63;0.0;0.0;1016.3874999999999;50.375;98;42.416666666666664;19.375;4.25;6.0;0.37296157063202656;0.43805278228431715;3940.0;623.0;3165.0;36620.42;2786.6666666666665;2200.0;9.445833333333333;12.2;;;8.8;2.1000000000000227;0.5753178019454461
2024-04-25;12.0;6.1;4.0;0.6;9.0;61;0.0;0.0;1016.0166666666668;82.95833333333333;100;53.125;45.375;37.375;0.0;-0.19476300048410047;0.9457449326531306;2956.0;539.0;1494.0;29675.16;2293.75;2050.0;12.416666666666666;13.4;;;3.299999999999999;2.0;0.9655910645799517
2024-04-26;10.333333333333334;5.1;4.3999999999999995;0.7;10.0;61;0.0;0.0;1018.9416666666666;40.333333333333336;100;30.75;27.041666666666668;1.1666666666666667;10.0;-0.6318331741228977;-0.27023532572803743;3468.0;593.0;2541.0;34378.38;1845.0;1460.0;9.804166666666667;11.6;;;6.3;7.100000000000023;0.6871974179182824
2024-04-27;8.441666666666666;0.2;0.0;0.0;0.0;51;0.0;0.0;1022.7791666666667;9.958333333333334;32;5.5;5.708333333333333;0.0;18.0;-0.033423430489695365;-0.49613147296469196;3739.0;572.0;2914.0;36102.98;1792.9166666666667;1480.0;8.241666666666667;10.4;;;7.300000000000001;3.5;0.4972560348269434
2024-04-28;8.008333333333333;2.2;0.0;0.0;0.0;55;0.0;0.0;1015.8916666666668;74.70833333333333;100;27.833333333333332;29.5;50.916666666666664;4.0;0.17916738676801172;0.3506231715236661;2771.0;463.0;1088.0;30753.28;2011.6666666666667;1720.0;8.304166666666667;10.7;;;8.2;8.899999999999977;0.39374809318978615
2024-04-29;7.266666666666667;30.4;23.900000000000002;4.4;15.0;65;0.0;0.0;1008.2375000000001;81.08333333333333;100;59.75;68.0;35.541666666666664;2.0;-0.5358019297578417;0.6095442993216736;960.0;249.0;214.0;7200.0;1889.1666666666667;1460.0;10.458333333333334;12.7;;;2.0;6.900000000000091;0.8115589693717747
2024-04-30;7.791666666666667;14.799999999999999;12.1;1.7;14.0;63;0.0;0.0;1016.35;89.58333333333333;100;39.291666666666664;77.66666666666667;42.458333333333336;0.0;-0.6832433075300778;0.15489349213332768;1655.0;329.0;498.0;13569.08;1586.25;1440.0;8.695833333333333;10.1;;;3.3000000000000007;7.800000000000068;0.7005807670710763
2024-05-01;5.883333333333333;0.0;0.0;0.0;0.0;3;0.0;0.0;1020.1208333333334;15.416666666666666;92;2.5;9.458333333333334;6.875;19.0;0.16157634509178467;-0.784741390374723;3816.0;604.0;3143.0;36000.0;1412.9166666666667;1320.0;6.495833333333334;8.1;;;6.2;4.0;0.8012028239219287
2024-05-02;5.195833333333334;0.0;0.0;0.0;0.0;1;0.0;0.0;1019.4125;12.041666666666666;42;6.083333333333333;0.4583333333333333;6.0;18.0;0.10501725923701671;-0.731934710962291;3704.0;586.0;3006.0;36000.0;1630.8333333333333;1470.0;6.1499999999999995;9.6;;;8.9;5.7000000000000455;0.7394302170246407
2024-05-03;5.808333333333334;25.1;0.1;0.1;0.0;63;0.0;0.0;1015.4041666666667;83.66666666666667;100;52.625;67.875;63.916666666666664;2.0;0.24011692552698113;0.39896296728331165;1202.0;257.0;144.0;2208.6;2012.0833333333333;1800.0;7.966666666666666;12.1;;;6.6000000000000005;5.7999999999999545;0.4656474924103367
2024-05-04;9.362499999999999;10.3;7.2;1.8;8.0;63;0.0;0.0;1013.6541666666667;57.416666666666664;100;42.166666666666664;47.666666666666664;17.5;7.0;-0.8664190475743528;0.27576794726758336;3322.0;529.0;2448.0;35922.13;1842.0833333333333;1500.0;10.179166666666667;12.5;;;2.8000000000000007;6.2000000000000455;0.9092469008689693
2024-05-05;9.0375;2.4;2.8;0.7;5.0;53;0.0;0.0;1016.5375;57.625;100;44.791666666666664;36.625;11.625;3.0;-0.421473827623902;0.4860187494373598;3052.0;488.0;2072.0;35860.47;1459.5833333333333;1360.0;8.616666666666667;9.4;;;2.6000000000000005;1.6000000000000227;0.6433151732833586
2024-05-06;6.6625000000000005;19.5;12.7;2.2;11.0;63;0.0;0.0;1010.4458333333333;80.625;100;69.08333333333333;62.166666666666664;26.708333333333332;0.0;-0.10997258507804346;0.97935286018272;2392.0;439.0;1370.0;32153.62;1726.6666666666667;1500.0;9.795833333333333;10.9;;;2.3;9.100000000000023;0.9855079879010733
2024-05-07;7.258333333333334;18.1;5.2;2.2;5.0;65;0.0;0.0;1012.7458333333334;53.125;100;22.041666666666668;48.291666666666664;41.791666666666664;10.0;-0.6790857834891261;-0.30828353209093456;2998.0;534.0;2081.0;28541.37;1348.75;1250.0;7.6125;10.8;;;4.7;16.5;0.7457856511729778
2024-05-08;6.358333333333333;0.0;0.0;0.0;0.0;2;0.0;0.0;1024.0041666666666;19.625;62;11.916666666666666;8.041666666666666;2.6666666666666665;14.0;0.4679167504983926;-0.2839621474647715;3437.0;564.0;2751.0;35684.09;1869.1666666666667;1250.0;6.7250000000000005;8.6;;;7.199999999999999;8.399999999999977;0.5473395532845946
2024-05-09;7.733333333333333;0.0;0.0;0.0;0.0;3;0.0;0.0;1017.4458333333333;68.5;100;0.16666666666666666;0.0;68.5;4.0;-0.2169578013995075;-0.9040379986543029;3151.0;504.0;2159.0;35533.46;2432.5;2040.0;8.408333333333333;11.1;;;7.4;2.699999999999932;0.9297071531396247
2024-05-10;7.8875;0.2;0.0;0.0;0.0;51;0.0;0.0;1020.225;45.5;100;22.666666666666668;3.5416666666666665;23.875;11.0;0.03051062229979482;-0.35987486571960275;3080.0;513.0;2219.0;34302.09;1747.0833333333333;1540.0;7.7375;10.0;;;8.9;3.1000000000000227;0.36116591346612825
2024-05-11;6.504166666666666;4.6000000000000005;0.5;0.2;2.0;61;0.0;0.0;1021.1333333333333;27.875;92;21.125;14.458333333333334;0.0;11.0;0.23450846211160217;0.02172960883582839;3033.0;499.0;2223.0;35522.2;1563.3333333333333;1530.0;7.0249999999999995;10.0;;;7.500000000000001;1.8000000000000682;0.23551304571532097
2024-05-12;5.283333333333333;0.0;0.0;0.0;0.0;3;0.0;0.0;1023.4583333333334;39.0;97;37.416666666666664;1.0416666666666667;1.125;13.0;0.32721791757602664;-0.6938679835971473;3053.0;526.0;2157.0;33820.38;1570.8333333333333;1410.0;6.058333333333334;9.3;;;9.5;4.400000000000091;0.7671534033320601
2024-05-13;4.766666666666667;0.0;0.0;0.0;0.0;3;0.0;0.0;1022.2375000000001;22.875;98;2.5833333333333335;0.0;22.416666666666668;18.0;0.205187306029352;-0.7545363108724024;3361.0;549.0;2750.0;35422.3;2085.4166666666665;1830.0;5.270833333333333;8.8;;;9.899999999999999;3.1000000000000227;0.7819378971379489
2024-05-14;4.470833333333333;0.0;0.0;0.0;0.0;1;0.0;0.0;1017.0875;3.4166666666666665;38;0.041666666666666664;1.5416666666666667;2.875;22.0;0.2897046630729235;-0.3262093370685493;3371.0;541.0;2732.0;35374.36;2535.0;2380.0;4.916666666666667;8.8;;;9.299999999999999;7.7999999999999545;0.43628124346217145
2024-05-15;4.925;2.3;0.0;0.0;0.0;53;0.0;0.0;1014.75;44.458333333333336;99;31.416666666666668;23.25;12.458333333333334;5.0;0.49418980001634116;0.5309675450042854;2676.0;446.0;1752.0;32539.44;1832.9166666666667;1380.0;6.370833333333334;9.7;;;8.799999999999999;5.0;0.7253620422162089
2024-05-16;7.591666666666666;2.6;0.0;0.0;0.0;53;0.0;0.0;1019.3125;42.916666666666664;95;32.208333333333336;23.0;12.791666666666666;10.0;0.5130723657581431;0.3594933213869418;2423.0;449.0;1516.0;35282.59;1703.75;1510.0;8.35;10.3;;;6.6;3.7000000000000455;0.6264812053258044
2024-05-17;6.195833333333333;0.0;0.0;0.0;0.0;0;0.0;0.0;1020.8583333333332;2.625;19;2.625;0.0;0.0;24.0;0.2593677328019363;0.01890252860282808;3048.0;517.0;2259.0;35238.79;2030.4166666666667;1950.0;6.6375;10.2;;;10.9;5.899999999999977;0.2600556217550341
2024-05-18;5.579166666666667;0.0;0.0;0.0;0.0;3;0.0;0.0;1024.4458333333334;37.25;100;35.791666666666664;0.5;1.0;14.0;0.4216357050325224;-0.22491649268073713;2908.0;498.0;2015.0;31596.44;2280.8333333333335;2030.0;6.104166666666667;9.9;;;9.1;2.699999999999932;0.47787456140505774
2024-05-19;6.329166666666667;9.5;2.2;0.9;4.0;63;0.0;0.0;1020.0541666666667;89.79166666666667;100;33.125;62.75;86.0;0.0;0.605586781826038;0.589276944881755;2098.0;438.0;1005.0;16055.11;2448.3333333333335;2320.0;7.066666666666666;10.0;;;7.6000000000000005;10.200000000000045;0.8449749511622177
2024-05-20;9.395833333333334;10.8;4.2;1.0;7.0;63;0.0;0.0;1015.5416666666666;77.54166666666667;100;47.958333333333336;52.125;43.875;3.0;-0.4462379957920682;0.2877565660174238;2257.0;444.0;1511.0;24316.09;1713.75;1500.0;9.704166666666667;11.1;;;4.1;6.5;0.5309728714112067
2024-05-21;8.008333333333333;0.0;0.0;0.0;0.0;3;0.0;0.0;1018.4041666666667;42.583333333333336;100;6.041666666666667;4.041666666666667;40.0;14.0;0.0067616870053948995;-0.44840235662694644;3028.0;500.0;2413.0;35078.15;1685.4166666666667;1560.0;8.379166666666666;10.0;;;6.699999999999999;2.3999999999999773;0.4484533351863471
2024-05-22;5.708333333333333;0.0;0.0;0.0;0.0;3;0.0;0.0;1018.1833333333334;98.875;100;7.5;41.333333333333336;98.45833333333333;0.0;0.19794407641508005;-0.5374457918040497;1724.0;319.0;318.0;7910.67;2074.5833333333335;1690.0;6.383333333333333;9.3;;;8.100000000000001;6.7999999999999545;0.572738890346815
2024-05-23;4.429166666666666;0.0;0.0;0.0;0.0;3;0.0;0.0;1025.3625;14.291666666666666;97;1.6666666666666667;0.0;12.541666666666666;20.0;0.2328680119050842;-0.639891321420634;3045.0;510.0;2438.0;35006.89;2147.5;1680.0;5.308333333333334;8.6;;;8.2;5.300000000000068;0.6809467043741908
2024-05-24;4.195833333333334;0.0;0.0;0.0;0.0;3;0.0;0.0;1021.6;97.95833333333333;100;0.375;32.375;97.91666666666667;0.0;0.22983602145587143;-0.8017236372043176;2717.0;507.0;1797.0;26199.95;2481.25;2310.0;5.375;8.9;;;8.5;8.899999999999864;0.8340176180457965
2024-05-25;6.933333333333334;0.0;0.0;0.0;0.0;3;0.0;0.0;1016.2125;97.625;100;9.041666666666666;79.33333333333333;82.91666666666667;0.0;0.5430512706950519;0.24236710073324744;1466.0;270.0;264.0;9613.380000000001;2337.0833333333335;1790.0;7.445833333333334;10.3;;;6.500000000000001;3.2000000000000455;0.594681842770864
2024-05-26;8.604166666666666;0.2;0.0;0.0;0.0;51;0.0;0.0;1019.5333333333333;64.33333333333333;100;51.125;30.125;20.208333333333332;3.0;0.7988451973105378;0.34951400464387317;2146.0;344.0;1134.0;32010.94;1890.8333333333333;1700.0;8.862499999999999;10.7;;;5.4;6.199999999999932;0.8719596829603474
2024-05-27;7.325;0.0;0.0;0.0;0.0;3;0.0;0.0;1021.0458333333332;68.54166666666667;100;42.875;15.25;56.125;3.0;0.3720955081170903;-0.4019457235959994;2342.0;396.0;1251.0;29478.52;2944.1666666666665;2260.0;8.0625;13.2;;;11.100000000000001;4.5;0.5477366446368429
2024-05-28;7.795833333333333;3.2;2.0;1.0;3.0;55;0.0;0.0;1017.0625;100.0;100;87.83333333333333;77.58333333333333;77.95833333333333;0.0;0.4656712344100469;0.7337364334060651;1019.0;216.0;47.0;0.0;3294.1666666666665;2890.0;9.645833333333334;11.6;;;4.3999999999999995;2.8999999999999773;0.8690332860509026
2024-05-29;10.108333333333333;5.4;0.0;0.0;0.0;61;0.0;0.0;1019.8791666666666;99.0;100;91.625;68.45833333333333;82.83333333333333;0.0;0.0006898609120047963;0.34834724845139914;587.0;127.0;25.0;0.0;2946.6666666666665;2490.0;11.370833333333332;12.2;;;4.299999999999999;3.1000000000000227;0.34834793154508426
2024-05-30;9.991666666666667;0.0;0.0;0.0;0.0;3;0.0;0.0;1018.7416666666667;99.29166666666667;100;70.41666666666667;12.125;94.45833333333333;0.0;-0.1714751012463841;-0.677531976897463;1794.0;339.0;614.0;17066.24;3441.6666666666665;3270.0;9.991666666666667;11.9;;;7.0;4.5;0.6988943339776351
2024-05-31;8.495833333333334;10.2;3.2;1.0;6.0;63;0.0;0.0;1015.9916666666667;93.70833333333333;100;75.16666666666667;41.0;60.375;0.0;0.43197502320036135;0.5671224419239794;1322.0;290.0;393.0;11513.39;2749.1666666666665;2330.0;9.325;11.7;;;6.4;4.600000000000023;0.7129027176289695
2024-06-01;8.033333333333333;0.6;0.0;0.0;0.0;51;0.0;0.0;1020.75;36.208333333333336;100;35.0;0.8333333333333334;1.2083333333333333;11.0;-0.19165596527542597;-0.5791438519700683;2621.0;434.0;1876.0;34459.95;2605.4166666666665;2000.0;8.4625;11.0;;;6.6000000000000005;3.6000000000000227;0.6100324665953311
2024-06-02;5.379166666666666;0.0;0.0;0.0;0.0;3;0.0;0.0;1018.2958333333332;74.875;100;0.0;17.125;74.875;4.0;0.2998034739519983;-0.8914238358438734;1796.0;281.0;615.0;25163.0;3707.9166666666665;3020.0;6.0375000000000005;9.1;;;8.5;8.099999999999909;0.9404884784537721
2024-06-03;7.375;2.2;0.5;0.4;1.0;55;0.0;0.0;1014.1791666666667;91.875;100;0.0;84.95833333333333;74.20833333333333;0.0;0.3959106122807214;0.3853125604958962;634.0;139.0;4.0;0.0;3447.9166666666665;2850.0;7.858333333333333;10.3;;;6.8;4.100000000000023;0.5524590321393971
2024-06-04;8.174999999999999;8.0;6.3;1.3;7.0;63;0.0;0.0;1013.3666666666667;95.04166666666667;100;54.208333333333336;38.875;88.16666666666667;0.0;0.6125905136817164;0.6743960898841643;1961.0;423.0;1029.0;18446.08;3078.75;2840.0;8.904166666666667;10.7;;;4.699999999999999;3.8999999999999773;0.9110857388324541
2024-06-05;8.466666666666667;51.0;44.6;2.9;24.0;63;0.0;0.0;1011.1833333333334;100.0;100;96.875;73.625;64.70833333333333;0.0;0.25904179988645065;0.952417084959695;503.0;104.0;12.0;0.0;3019.1666666666665;2790.0;12.379166666666668;13.2;;;3.0;3.1000000000000227;0.9870161892347739
2024-06-06;12.058333333333332;12.1;5.8;1.7;7.0;63;0.0;0.0;1016.3833333333333;99.625;100;98.29166666666667;30.375;64.83333333333333;0.0;0.08535436504567535;0.9591520985809231;921.0;179.0;95.0;3023.44;2711.25;2590.0;13.6;14.3;;;2.0;5.800000000000068;0.9629424260279216
2024-06-07;12.979166666666666;0.1;0.0;0.0;0.0;51;0.0;0.0;1014.4708333333333;93.79166666666667;100;62.375;28.041666666666668;86.33333333333333;0.0;0.554282038987865;0.4603599972906273;1371.0;369.0;342.0;7293.08;2954.1666666666665;2700.0;12.666666666666666;13.9;;;6.6;8.5;0.7205275191482775
2024-06-08;8.504166666666666;34.6;6.5;1.5;8.0;65;0.0;0.0;1008.2166666666667;99.875;100;95.45833333333333;52.208333333333336;78.54166666666667;0.0;0.14840154141945272;0.952886329706578;314.0;61.0;0.0;0.0;2778.75;2010.0;11.854166666666666;12.6;;;4.3999999999999995;5.899999999999977;0.964373047548169
2024-06-09;8.583333333333334;18.5;16.8;2.3;13.0;63;0.0;0.0;1013.6708333333332;73.58333333333333;100;48.875;40.416666666666664;37.375;0.0;0.044511060713285276;0.9707477366981968;1801.0;334.0;900.0;24973.75;2032.0833333333333;1830.0;11.129166666666668;12.0;;;2.3999999999999995;3.2999999999999545;0.9717676691630018
2024-06-10;7.604166666666667;29.3;7.5;1.8;7.0;63;0.0;0.0;1010.8666666666667;97.41666666666667;100;50.75;81.41666666666667;89.875;0.0;0.31198664094399703;0.948458013179483;294.0;59.0;0.0;0.0;2405.0;2200.0;11.775;12.2;;;2.3;3.8999999999999773;0.9984529367435857
2024-06-11;8.325000000000001;59.9;16.8;2.1;14.0;65;0.0;0.0;1009.8416666666667;100.0;100;88.875;96.66666666666667;100.0;0.0;0.2593979750186431;0.9625680441557217;306.0;51.0;0.0;0.0;2786.6666666666665;2590.0;12.516666666666666;12.9;;;1.6999999999999993;2.3999999999999773;0.9969074927361836
2024-06-12;7.4750000000000005;66.5;10.5;1.4;16.0;65;0.0;0.0;1002.0541666666667;99.45833333333333;100;83.45833333333333;94.41666666666667;83.58333333333333;0.0;0.19477945387291096;0.9631639129537417;236.0;102.0;2.0;0.0;2705.0;2140.0;12.333333333333334;13.0;;;2.9000000000000004;10.600000000000023;0.9826615688360832
2024-06-13;8.795833333333333;56.4;50.8;3.3;24.0;65;0.0;0.0;1002.7791666666667;94.54166666666667;100;58.75;31.833333333333332;84.66666666666667;0.0;-0.2884561385992556;0.9321400871340177;1409.0;276.0;521.0;16097.41;2069.1666666666665;1920.0;11.616666666666667;12.3;;;2.500000000000001;9.100000000000023;0.9757520617133265
2024-06-14;8.612499999999999;22.3;21.6;1.8;19.0;63;0.0;0.0;1014.0708333333333;80.16666666666667;100;67.66666666666667;37.666666666666664;33.083333333333336;0.0;0.10823226782588696;0.9834319433753156;1288.0;230.0;413.0;16880.82;1972.5;1900.0;10.891666666666666;11.2;;;2.0;9.0;0.9893698050019945
2024-06-15;10.1;7.6000000000000005;5.2;1.1;8.0;61;0.0;0.0;1020.4333333333334;74.54166666666667;100;60.208333333333336;31.75;17.0;1.0;0.06113812273312438;0.7719432458512118;1914.0;308.0;1029.0;32188.31;1932.0833333333333;1870.0;10.241666666666667;11.5;;;5.1;2.1000000000000227;0.7743605393268919
2024-06-16;8.4625;3.0;0.0;0.0;0.0;53;0.0;0.0;1019.6416666666668;81.54166666666667;100;58.25;17.666666666666668;27.291666666666668;2.0;0.3328069100602832;0.877193915473795;1991.0;336.0;1098.0;29745.85;2091.6666666666665;1800.0;9.866666666666667;11.0;;;3.0999999999999996;5.2000000000000455;0.9382055237143516
2024-06-17;8.033333333333333;36.5;10.4;2.6;10.0;65;0.0;0.0;1011.8958333333334;90.5;100;59.958333333333336;68.625;70.45833333333333;0.0;-0.3989664120993774;0.7779915100098586;845.0;202.0;201.0;4905.32;2054.5833333333335;1610.0;10.541666666666666;12.3;;;4.6000000000000005;6.399999999999977;0.8743254472053699
2024-06-18;7.95;26.4;13.0;1.8;14.0;63;0.0;0.0;1011.3375;61.958333333333336;100;37.166666666666664;50.416666666666664;33.041666666666664;6.0;-0.7628391747955677;-0.13232393561219494;2140.0;392.0;1368.0;28153.93;1637.5;1480.0;8.975;10.1;;;4.9;7.5;0.7742307346900426
2024-06-19;7.3125;5.0;2.1;1.6;1.0;61;0.0;0.0;1016.725;76.04166666666667;100;30.666666666666668;49.958333333333336;48.291666666666664;0.0;0.48677300196898626;0.45342292908242615;2100.0;397.0;1288.0;28233.65;1511.6666666666667;1380.0;8.145833333333334;9.5;;;3.9000000000000004;8.199999999999932;0.6652370314884655
2024-06-20;5.95;43.5;17.1;2.3;15.0;63;0.0;0.0;1006.9333333333334;100.0;100;69.16666666666667;77.20833333333333;100.0;0.0;0.02106079359610861;0.9851601207801822;546.0;101.0;4.0;0.0;1984.1666666666667;1470.0;10.5;11.7;;;3.5999999999999996;6.600000000000023;0.9853852143210395
2024-06-21;6.158333333333334;40.8;48.5;3.3;24.0;65;0.0;0.0;1007.8791666666666;77.75;100;58.208333333333336;58.0;40.541666666666664;3.0;-0.3200696460217313;0.8488832159042672;1986.0;351.0;1205.0;30704.65;1620.8333333333333;1350.0;9.091666666666667;9.8;;;5.1000000000000005;4.899999999999977;0.9072195393334775
2024-06-22;5.6875;12.2;10.0;1.4;13.0;63;0.0;0.0;1016.7583333333333;39.791666666666664;100;25.583333333333332;25.458333333333332;0.6666666666666666;3.0;-0.5123460225520017;0.12966820890248001;2157.0;387.0;1438.0;33224.35;1234.1666666666667;1110.0;6.641666666666667;7.9;;;4.2;10.899999999999977;0.5285000390017331
2024-06-23;4.666666666666667;0.0;0.0;0.0;0.0;2;0.0;0.0;1022.15;15.666666666666666;53;12.833333333333334;5.458333333333333;0.0;17.0;0.44997192284224674;-0.19414755576962295;2589.0;454.0;2009.0;34157.59;1269.1666666666667;1210.0;4.958333333333333;7.7;;;8.0;1.5;0.4900693876969543
2024-06-24;2.845833333333333;0.0;0.0;0.0;0.0;3;0.0;0.0;1022.4041666666667;25.333333333333332;100;25.333333333333332;0.0;0.0;16.0;0.3370785264064147;-0.6434545893700129;2615.0;469.0;1950.0;32066.05;1416.25;1320.0;4.1875;7.5;;;9.2;1.8999999999999773;0.7263991613057189
2024-06-25;3.3541666666666665;0.0;0.0;0.0;0.0;3;0.0;0.0;1026.0208333333333;41.458333333333336;100;11.291666666666666;16.0;34.041666666666664;10.0;0.31979629932787207;0.26503789743078326;2702.0;468.0;2101.0;33939.53;1469.5833333333333;1400.0;4.066666666666666;7.5;;;10.299999999999999;7.099999999999909;0.41534896188425985
2024-06-26;8.716666666666667;7.8;0.2;0.1;0.0;55;0.0;0.0;1025.8875;100.0;100;95.70833333333333;80.45833333333333;83.5;0.0;-0.5568576347089484;0.7755428701871167;609.0;122.0;11.0;0.0;2700.4166666666665;1510.0;9.833333333333334;11.4;;;2.6000000000000005;7.900000000000091;0.9547550307967565
2024-06-27;7.95;2.9;0.6;0.3;1.0;53;0.0;0.0;1019.0791666666668;52.583333333333336;100;51.166666666666664;40.125;46.416666666666664;11.0;-0.6397786213827045;-0.2889042771608451;2089.0;451.0;1515.0;24049.88;2226.6666666666665;1340.0;9.666666666666666;11.4;;;4.4;7.2000000000000455;0.7019845908139183
2024-06-28;3.7875;0.0;0.0;0.0;0.0;3;0.0;0.0;1025.7416666666666;19.25;98;1.6666666666666667;0.0;17.541666666666668;17.0;0.4089329630344308;-0.8724655544706215;2812.0;480.0;2310.0;34242.78;2040.4166666666667;1260.0;5.1375;7.8;;;6.300000000000001;3.5;0.9635467357600502
2024-06-29;4.591666666666667;0.0;0.0;0.0;0.0;3;0.0;0.0;1023.1875;47.25;100;0.0;20.25;43.416666666666664;9.0;0.007046609604315105;-0.8379156426772895;2840.0;486.0;2341.0;34268.86;2910.4166666666665;2600.0;5.275;9.1;;;9.1;3.6000000000000227;0.8379452720495597
2024-06-30;5.75;0.0;0.0;0.0;0.0;3;0.0;0.0;1023.1833333333334;59.958333333333336;100;26.791666666666668;0.041666666666666664;56.583333333333336;8.0;0.3838002438496006;-0.16047937208085458;2562.0;453.0;1889.0;31770.55;2846.6666666666665;2610.0;6.05;10.0;;;11.1;3.0;0.4160003077432495
2024-07-01;9.841666666666667;1.6;0.1;0.1;0.0;51;0.0;0.0;1020.5500000000001;98.75;100;98.75;0.041666666666666664;0.0;0.0;0.22281600904456414;0.8274969283337023;1464.0;275.0;378.0;12098.47;2874.1666666666665;2720.0;10.612499999999999;11.9;;;4.2;2.7000000000000455;0.8569703263755751
2024-07-02;9.2125;3.8;0.5;0.3;2.0;61;0.0;0.0;1021.3249999999999;79.91666666666667;100;38.291666666666664;24.125;45.208333333333336;1.0;-0.5786618166330416;-0.26737936621691366;2381.0;405.0;1666.0;34173.86;2332.0833333333335;2120.0;10.066666666666666;11.9;;;5.000000000000001;4.399999999999977;0.6374489967892414
2024-07-03;5.058333333333333;0.0;0.0;0.0;0.0;3;0.0;0.0;1023.5708333333333;73.54166666666667;100;6.375;0.5;73.04166666666667;4.0;0.18237119227850077;-0.8958784070076589;2761.0;476.0;2144.0;32950.020000000004;1909.1666666666667;1280.0;5.8500000000000005;7.5;;;4.6;3.800000000000068;0.9142523568007153
2024-07-04;2.7541666666666664;0.0;0.0;0.0;0.0;1;0.0;0.0;1026.4708333333333;8.875;41;8.541666666666666;0.0;0.2916666666666667;19.0;0.3472045033602072;-0.9015947919605435;2825.0;487.0;2258.0;34441.9;2047.5;1090.0;4.3500000000000005;6.0;;;4.699999999999999;2.2999999999999545;0.9661387768038212
2024-07-05;3.0541666666666667;0.0;0.0;0.0;0.0;1;0.0;0.0;1024.3416666666667;8.208333333333334;43;0.0;0.2916666666666667;8.166666666666666;19.0;0.01506677905378321;-0.947277876229053;2931.0;493.0;2453.0;34484.69;2556.6666666666665;2240.0;3.904166666666667;7.5;;;8.4;5.300000000000068;0.9473976897924549
2024-07-06;3.875;0.0;0.0;0.0;0.0;1;0.0;0.0;1025.3458333333333;2.0416666666666665;27;0.8333333333333334;0.0;1.2083333333333333;23.0;0.16276227029040408;-0.7887738734788793;2854.0;484.0;2348.0;34530.06;1896.6666666666667;1690.0;4.791666666666667;8.6;;;8.5;3.699999999999932;0.8053916935957072
2024-07-07;4.020833333333333;0.0;0.0;0.0;0.0;3;0.0;0.0;1025.0625;25.875;100;24.541666666666668;0.0;1.3333333333333333;13.0;0.1649176920251679;-0.7574584302200554;2818.0;488.0;2187.0;34046.91;2368.75;2010.0;5.145833333333333;8.3;;;9.1;3.7999999999999545;0.7752039206907682
2024-07-08;2.183333333333333;0.0;0.0;0.0;0.0;1;0.0;0.0;1022.2125;6.083333333333333;39;6.083333333333333;0.0;0.0;21.0;0.3848570874249205;-0.7171695586347956;2899.0;503.0;2304.0;34628.42;2873.3333333333335;2690.0;3.404166666666667;8.1;;;9.4;3.5;0.8139085658559077
2024-07-09;2.025;0.0;0.0;0.0;0.0;2;0.0;0.0;1019.8000000000001;22.625;60;22.625;0.041666666666666664;0.0;12.0;0.42152048402685316;-0.36300746431951736;2854.0;485.0;2279.0;34681.3;2104.1666666666665;1610.0;2.983333333333333;6.4;;;9.7;3.1000000000000227;0.5562858416371194
2024-07-10;2.1;0.0;0.0;0.0;0.0;1;0.0;0.0;1020.1708333333332;13.416666666666666;49;8.833333333333334;0.9166666666666666;4.416666666666667;16.0;0.5539655271553532;-0.6338115628455456;2806.0;471.0;2215.0;33450.21;2288.3333333333335;1680.0;2.9625;6.4;;;9.2;2.6000000000000227;0.8417807924116714
2024-07-11;3.1125000000000003;0.0;0.0;0.0;0.0;3;0.0;0.0;1022.6999999999999;14.291666666666666;86;14.25;0.7083333333333334;0.0;18.0;0.5483235726403363;-0.48969908509217763;2907.0;499.0;2331.0;34794.55;3012.5;2640.0;4.375;8.6;;;10.399999999999999;2.9999999999998863;0.7351625223399095
2024-07-12;4.558333333333334;0.0;0.0;0.0;0.0;0;0.0;0.0;1020.6083333333332;0.08333333333333333;2;0.08333333333333333;0.0;0.0;24.0;0.43858534142511435;-0.0929829396373945;3072.0;512.0;2588.0;34855.61;3607.0833333333335;3470.0;5.075;10.3;;;13.6;3.3999999999999773;0.44833350173347014
2024-07-13;6.304166666666667;0.1;0.0;0.0;0.0;51;0.0;0.0;1023.5;80.91666666666667;100;80.29166666666667;0.0;4.958333333333333;1.0;0.6035079721968925;0.6690642983528776;1779.0;348.0;629.0;18546.71;3444.1666666666665;3320.0;7.3;8.6;;;4.000000000000001;3.1000000000000227;0.901037683915403
2024-07-14;4.854166666666667;0.0;0.0;0.0;0.0;3;0.0;0.0;1022.5875;72.125;100;70.375;0.0;18.125;1.0;0.2756973312865209;-0.44381116871093695;2418.0;406.0;1298.0;31865.88;3469.5833333333335;3400.0;5.675;8.8;;;9.4;2.0;0.5224723647726044
2024-07-15;4.5625;0.0;0.0;0.0;0.0;3;0.0;0.0;1021.5333333333333;94.875;100;52.083333333333336;30.541666666666668;62.0;0.0;0.3482269514491018;-0.5508309639486088;1630.0;348.0;380.0;7861.01;3364.1666666666665;2690.0;5.433333333333334;8.6;;;10.2;2.800000000000068;0.6516722800304526
2024-07-16;7.183333333333334;0.0;0.0;0.0;0.0;3;0.0;0.0;1022.3291666666668;50.666666666666664;100;25.833333333333332;0.16666666666666666;29.708333333333332;9.0;0.17985552012016717;-0.7630759472298961;3059.0;514.0;2473.0;35128.45;3326.25;2680.0;8.1;12.8;;;12.299999999999999;6.0;0.7839852736872671
2024-07-17;7.133333333333333;0.2;0.0;0.0;0.0;51;0.0;0.0;1017.9875000000001;99.95833333333333;100;86.375;24.5;92.125;0.0;0.09052445616995587;-0.16438126807949843;1560.0;330.0;318.0;10155.9;3355.4166666666665;2430.0;7.716666666666666;10.7;;;10.7;2.300000000000068;0.1876589418607336
2024-07-18;6.154166666666666;0.0;0.0;0.0;0.0;3;0.0;0.0;1023.1208333333334;51.166666666666664;100;17.333333333333332;3.6666666666666665;40.416666666666664;7.0;-0.2616075353543416;-0.9447369624174793;2939.0;510.0;2241.0;35244.23;1653.75;1330.0;7.745833333333334;9.7;;;6.300000000000001;7.800000000000068;0.9802889526624171
2024-07-19;3.966666666666667;0.0;0.0;0.0;0.0;0;0.0;0.0;1020.6291666666666;0.125;2;0.0;0.041666666666666664;0.08333333333333333;24.0;-0.09768481014324908;-0.9774990799387723;3219.0;529.0;2711.0;35360.02;2742.0833333333335;2160.0;4.583333333333333;7.9;;;8.399999999999999;7.699999999999932;0.9823679419717792
2024-07-20;4.158333333333333;0.0;0.0;0.0;0.0;0;0.0;0.0;1018.4958333333334;0.0;0;0.0;0.0;0.0;24.0;0.037417694598900146;-0.8572657095665738;3218.0;527.0;2713.0;35441.76;3224.1666666666665;3160.0;4.583333333333333;8.4;;;10.700000000000001;3.7999999999999545;0.8580819195553404
2024-07-21;4.566666666666666;0.0;0.0;0.0;0.0;2;0.0;0.0;1021.5958333333333;4.375;57;3.7916666666666665;0.0;0.5833333333333334;23.0;0.4326098022539608;-0.29353501796135223;3137.0;515.0;2553.0;35525.62;3760.8333333333335;3540.0;4.941666666666666;9.4;;;12.600000000000001;4.300000000000068;0.522794460352998
2024-07-22;5.195833333333334;0.0;0.0;0.0;0.0;2;0.0;0.0;1016.4083333333333;20.916666666666668;63;15.416666666666666;0.0;5.5;13.0;0.276917274565652;-0.2428023029570789;3217.0;525.0;2683.0;35611.46;3950.4166666666665;3860.0;6.120833333333334;10.9;;;11.700000000000001;6.699999999999932;0.36828811448936255
2024-07-23;6.991666666666666;1.4000000000000001;0.0;0.0;0.0;53;0.0;0.0;1019.7291666666666;90.25;100;82.83333333333333;0.041666666666666664;60.833333333333336;0.0;0.25725218749356105;0.8116591487968079;1473.0;321.0;248.0;5766.19;3242.9166666666665;2630.0;8.583333333333334;10.2;;;7.699999999999999;11.5;0.8514512680099672
2024-07-24;8.029166666666667;0.0;0.0;0.0;0.0;3;0.0;0.0;1025.7958333333333;54.041666666666664;100;43.291666666666664;7.875;41.291666666666664;6.0;0.48916991780759256;0.7305721214472943;3035.0;506.0;2282.0;33219.74;2857.5;2460.0;8.916666666666666;10.9;;;5.7;3.5;0.8792171706261697
2024-07-25;8.545833333333333;3.0;1.0;0.3;3.0;53;0.0;0.0;1023.3416666666667;79.45833333333333;100;62.583333333333336;58.75;30.916666666666668;2.0;-0.04327359975675521;0.4206013837925391;885.0;168.0;71.0;0.0;2356.25;1880.0;9.604166666666666;10.9;;;5.499999999999999;4.399999999999977;0.42282162726628186
2024-07-26;4.045833333333333;0.0;0.0;0.0;0.0;3;0.0;0.0;1027.0708333333334;27.541666666666668;87;23.125;0.0;4.583333333333333;12.0;-0.0773247117373377;-0.9446123769265045;3130.0;528.0;2326.0;35933.41;2179.5833333333335;1830.0;5.3500000000000005;6.8;;;5.1;3.300000000000182;0.9477719418130096
2024-07-27;3.375;0.0;0.0;0.0;0.0;3;0.0;0.0;1027.5083333333334;62.833333333333336;100;6.416666666666667;0.125;60.583333333333336;3.0;0.34380279342368314;-0.8581774884490186;3264.0;543.0;2565.0;35980.08;2593.75;2290.0;4.358333333333333;8.5;;;8.6;2.7000000000000455;0.9244830785074399
2024-07-28;3.3833333333333333;0.0;0.0;0.0;0.0;3;0.0;0.0;1024.1791666666666;11.541666666666666;90;0.0;0.0;11.541666666666666;19.0;0.008877650517559678;-0.9521546078771953;3542.0;570.0;3012.0;36000.0;2963.75;2650.0;3.725;9.0;;;12.700000000000001;4.899999999999864;0.9521959934700878
2024-07-29;5.325;0.0;0.0;0.0;0.0;3;0.0;0.0;1017.2708333333334;55.291666666666664;100;0.0;4.75;55.291666666666664;11.0;0.1625749013755412;-0.8920113155834571;3236.0;544.0;2343.0;33371.22;3522.5;3360.0;4.970833333333333;10.6;;;11.9;7.2999999999999545;0.9067054569628424
2024-07-30;6.304166666666667;0.0;0.0;0.0;0.0;3;0.0;0.0;1012.275;100.0;100;5.083333333333333;71.66666666666667;99.79166666666667;0.0;0.44447400491206096;0.46173602619113946;1355.0;263.0;133.0;1722.82;3363.75;3180.0;6.695833333333333;10.2;;;7.4;2.6000000000000227;0.6409035020386076
2024-07-31;5.070833333333334;36.2;0.0;0.0;0.0;63;0.0;0.0;1006.15;100.0;100;55.791666666666664;99.29166666666667;100.0;0.0;0.25192361418294407;0.9627718229211939;454.0;135.0;20.0;0.0;2752.5;2310.0;9.883333333333333;10.7;;;3.6;6.2999999999999545;0.9951859576953422
2024-08-01;4.129166666666666;104.39999999999999;2.0;0.5;5.0;65;0.0;0.0;998.1125000000001;100.0;100;98.45833333333333;100.0;100.0;0.0;0.14993311206630422;0.9611131294912848;180.0;37.0;0.0;0.0;2593.3333333333335;1940.0;10.629166666666666;11.1;;;6.1000000000000005;10.200000000000045;0.9727375729221207
2024-08-02;7.8999999999999995;24.7;25.0;1.9;23.0;63;0.0;0.0;1007.8416666666667;66.125;100;30.333333333333332;33.125;31.333333333333332;2.0;-0.49286451434775075;0.8505924860896462;2844.0;495.0;1847.0;36000.0;1730.4166666666667;1560.0;9.779166666666667;10.5;;;1.4000000000000004;15.5;0.9830681598421389
2024-08-03;7.833333333333333;8.1;3.9;1.0;5.0;61;0.0;0.0;1018.6833333333334;68.41666666666667;100;29.541666666666668;29.041666666666668;41.958333333333336;0.0;-0.031767514394254466;0.8102079515080219;2669.0;433.0;1610.0;35468.71;1652.9166666666667;1500.0;8.975;10.1;;;3.5;5.300000000000068;0.8108304999552091
2024-08-04;5.395833333333333;11.7;6.1;0.9;11.0;61;0.0;0.0;1014.6374999999999;97.16666666666667;100;56.833333333333336;91.16666666666667;71.875;0.0;0.5256146094313642;0.6877127422020392;1681.0;345.0;437.0;12699.26;1924.1666666666667;1680.0;8.466666666666667;9.9;;;4.4;5.100000000000023;0.865574683915105
2024-08-05;6.854166666666667;8.0;2.9;1.0;6.0;63;0.0;0.0;1018.1;68.75;100;62.416666666666664;42.416666666666664;0.0;3.0;-0.6672953913082309;0.13202532257703936;2519.0;446.0;1441.0;26411.3;1417.5;1220.0;7.8125;10.5;;;5.7;10.800000000000068;0.680230714583498
2024-08-06;4.866666666666666;2.7;2.7;0.9;4.0;53;0.0;0.0;1025.9416666666666;38.333333333333336;97;22.125;28.166666666666668;0.0;8.0;-0.49852586618411093;-0.5082389670508003;2792.0;477.0;1877.0;32400.0;1142.5;1030.0;5.691666666666666;7.0;;;5.4;3.9999999999998863;0.7119233714968786
2024-08-07;3.6875;0.0;0.0;0.0;0.0;1;0.0;0.0;1026.3875;9.333333333333334;44;9.333333333333334;0.0;0.0;18.0;0.16964154826326716;-0.7490841207442319;3675.0;593.0;2954.0;36000.0;1474.5833333333333;1120.0;4.841666666666667;8.2;;;7.9;3.0;0.7680529114900335
2024-08-08;4.5125;0.0;0.0;0.0;0.0;3;0.0;0.0;1025.8;9.0;93;0.375;0.0;8.625;20.0;0.22934639048497854;-0.7289230396599499;3888.0;608.0;3290.0;36000.0;2446.6666666666665;1910.0;5.4125000000000005;9.5;;;11.0;2.7999999999999545;0.764152186789771
2024-08-09;4.570833333333334;0.0;0.0;0.0;0.0;3;0.0;0.0;1025.0208333333333;67.83333333333333;100;2.2916666666666665;11.958333333333334;67.29166666666667;6.0;-0.02826030145520479;-0.7329293580653924;3252.0;570.0;2085.0;30344.1;3188.3333333333335;2890.0;5.766666666666667;9.9;;;11.200000000000001;2.0;0.7334739862820543
2024-08-10;8.3375;1.4;0.1;0.1;0.0;53;0.0;0.0;1026.2166666666667;55.166666666666664;100;33.666666666666664;19.25;50.375;9.0;-0.562334236961211;-0.5918633680934099;3732.0;599.0;2997.0;36000.0;2630.8333333333335;2150.0;9.495833333333334;10.7;;;4.1;5.399999999999864;0.8164080110763383
2024-08-11;7.4125000000000005;0.0;0.0;0.0;0.0;3;0.0;0.0;1026.0541666666666;34.666666666666664;98;0.0;0.041666666666666664;34.625;11.0;0.06351212493590405;-0.9530337124873963;3848.0;599.0;3226.0;36000.0;3255.4166666666665;2690.0;7.875;11.8;;;8.8;7.5;0.9551476572506384
2024-08-12;7.395833333333333;0.0;0.0;0.0;0.0;3;0.0;0.0;1017.9499999999999;86.875;100;0.041666666666666664;0.0;86.875;3.0;-0.2588295223976534;-0.8519394490711499;3243.0;562.0;1861.0;30290.15;3825.4166666666665;3590.0;7.745833333333334;11.2;;;8.7;4.7000000000000455;0.8903895476409479
2024-08-13;8.4125;0.0;0.0;0.0;0.0;3;0.0;0.0;1016.3916666666668;98.08333333333333;100;32.0;0.6666666666666666;98.04166666666667;0.0;-0.3468750217905836;-0.6633824606747926;2794.0;465.0;1032.0;26429.0;3454.5833333333335;2970.0;9.058333333333334;11.3;;;5.8999999999999995;3.400000000000091;0.7485977356853015
2024-08-14;9.825000000000001;1.1;0.1;0.1;0.0;51;0.0;0.0;1019.8916666666668;100.0;100;61.458333333333336;9.708333333333334;93.625;0.0;-0.4608379480379243;-0.3467470024482888;2389.0;437.0;839.0;18639.33;2311.25;2000.0;10.2;11.7;;;4.7;3.400000000000091;0.5767192541078183
2024-08-15;6.204166666666667;0.0;0.0;0.0;0.0;3;0.0;0.0;1021.8291666666668;38.25;100;22.083333333333332;6.666666666666667;16.666666666666668;12.0;-0.2783169143561405;-0.8512278452944813;4035.0;641.0;3250.0;36000.0;1956.6666666666667;1770.0;7.404166666666666;9.6;;;7.299999999999999;3.8999999999999773;0.8955719677510058
2024-08-16;5.1875;0.0;0.0;0.0;0.0;3;0.0;0.0;1024.1333333333334;69.91666666666667;100;24.791666666666668;0.0;47.291666666666664;3.0;-0.0823136826586962;-0.8954544874303879;4068.0;648.0;3225.0;36236.16;1851.25;1630.0;6.3999999999999995;8.4;;;7.5;3.5;0.8992298268029455
2024-08-17;4.6000000000000005;0.0;0.0;0.0;0.0;3;0.0;0.0;1022.5749999999999;63.583333333333336;100;12.916666666666666;0.0;60.666666666666664;6.0;-0.17962026632008188;-0.942541336058938;4198.0;647.0;3490.0;36197.6;1690.0;1390.0;5.816666666666666;8.5;;;6.8;2.2999999999999545;0.9595038354549007
2024-08-18;3.983333333333333;0.0;0.0;0.0;0.0;3;0.0;0.0;1021.0583333333334;40.291666666666664;100;9.75;0.0;38.666666666666664;13.0;-0.20634346279058846;-0.844676847136432;4245.0;659.0;3492.0;36158.76;1298.75;1170.0;4.7124999999999995;6.6;;;8.2;3.2000000000000455;0.8695151526711621
2024-08-19;3.975;0.0;0.0;0.0;0.0;3;0.0;0.0;1021.2624999999999;75.04166666666667;100;13.166666666666666;40.791666666666664;58.291666666666664;1.0;-0.3087115664428251;-0.015756635566062594;3401.0;536.0;1776.0;33558.07;990.0;880.0;4.516666666666667;6.4;;;7.5;2.599999999999909;0.30911341417017885
2024-08-20;3.6750000000000003;8.8;1.0;0.6;2.0;63;0.0;0.0;1020.6916666666666;52.166666666666664;99;37.625;28.75;1.625;0.0;0.25054330695136623;0.802370429284835;3636.0;542.0;2640.0;36379.07;1078.75;980.0;5.004166666666666;6.9;;;6.1;2.6000000000000227;0.8405773340085116
2024-08-21;3.725;11.1;4.3;0.7;9.0;63;0.0;0.0;1018.7416666666667;76.95833333333333;100;44.791666666666664;44.833333333333336;47.458333333333336;0.0;0.3736245801964237;0.8922111546832648;2740.0;438.0;1384.0;24096.48;1066.25;990.0;6.375;7.4;;;2.0;2.699999999999932;0.9672828290981902
2024-08-22;5.183333333333334;9.5;4.5;0.8;9.0;61;0.0;0.0;1022.4791666666666;80.625;100;47.416666666666664;56.25;59.291666666666664;0.0;0.23978336949659876;0.6259553308540361;2939.0;459.0;1198.0;29578.3;1117.5;970.0;6.291666666666667;7.7;;;4.0;3.900000000000091;0.6703104806816974
2024-08-23;4.6875;1.4;1.2;0.6;2.0;53;0.0;0.0;1026.9208333333333;42.291666666666664;100;38.708333333333336;15.333333333333334;6.041666666666667;10.0;0.27489869037811115;-0.6206206762617748;3731.0;514.0;2566.0;36000.0;1186.6666666666667;1040.0;5.829166666666667;7.9;;;7.2;8.700000000000045;0.6787778088411724
2024-08-24;5.016666666666667;0.0;0.0;0.0;0.0;3;0.0;0.0;1026.5041666666666;19.916666666666668;100;0.0;0.75;19.166666666666668;18.0;0.3378925031622568;-0.7893778026109558;4585.0;693.0;3847.0;37917.48;2358.75;1480.0;5.866666666666667;10.0;;;11.6;9.399999999999864;0.8586551455317535
2024-08-25;5.470833333333334;1.0;1.7;0.7;3.0;53;0.0;0.0;1020.6041666666666;63.375;100;24.083333333333332;36.75;32.541666666666664;5.0;0.2661739833023251;0.17206959906148003;3919.0;688.0;2780.0;31150.77;2727.0833333333335;2220.0;5.95;9.3;;;11.6;3.3999999999999773;0.31694879130264075
2024-08-26;7.779166666666666;1.9;0.8;0.4;2.0;53;0.0;0.0;1025.1541666666667;50.208333333333336;100;46.125;25.708333333333332;10.25;10.0;-0.39549263793951783;-0.45831554468138025;4108.0;657.0;3146.0;36169.66;2137.5;1830.0;9.125;10.0;;;4.999999999999999;5.599999999999909;0.6053656458380743
2024-08-27;6.3625;0.0;0.0;0.0;0.0;3;0.0;0.0;1020.0875;48.875;100;0.08333333333333333;0.0;48.75;11.0;-0.19417560936122688;-0.866842564083593;4411.0;704.0;3208.0;36602.95;2748.3333333333335;2560.0;7.058333333333334;9.9;;;9.1;8.900000000000091;0.8883243766653157
2024-08-28;5.608333333333333;0.0;0.0;0.0;0.0;3;0.0;0.0;1017.5041666666666;18.875;98;0.75;12.375;13.958333333333334;19.0;0.05884805703971487;-0.666587401075993;4547.0;700.0;3626.0;35386.09;2757.9166666666665;2600.0;6.054166666666667;10.7;;;12.4;2.3999999999999773;0.6691799885610719
2024-08-29;7.045833333333333;0.0;0.0;0.0;0.0;3;0.0;0.0;1019.1458333333334;28.791666666666668;100;28.791666666666668;0.0;0.0;17.0;0.20131544332666204;0.3996487001979751;3791.0;576.0;2279.0;38751.23;3088.3333333333335;2950.0;7.320833333333333;10.6;;;10.2;4.5;0.4474896549549961
2024-08-30;8.1;0.0;0.0;0.0;0.0;3;0.0;0.0;1024.9125000000001;30.333333333333332;90;27.666666666666668;0.5;2.4166666666666665;12.0;0.11259531169302422;0.533611676548534;4192.0;626.0;2979.0;37489.11;3205.8333333333335;3150.0;8.508333333333333;10.1;;;7.199999999999999;6.199999999999932;0.545361463218833
2024-08-31;6.941666666666666;0.0;0.0;0.0;0.0;3;0.0;0.0;1024.2875000000001;49.083333333333336;100;2.0416666666666665;6.541666666666667;48.125;12.0;-0.02121868765905044;-0.7321861987361261;4610.0;688.0;3558.0;38295.17;3495.0;3120.0;7.625;11.8;276.6666666666667;335.0;11.2;4.5;0.732493592003118
2024-09-01;7.158333333333334;4.6000000000000005;0.0;0.0;0.0;61;0.0;0.0;1018.8458333333333;97.91666666666667;100;56.5;47.958333333333336;90.79166666666667;0.0;-0.07938397327244884;0.28512848897731036;4137.0;646.0;2423.0;34157.35;3750.8333333333335;2840.0;8.299999999999999;10.0;423.9583333333333;825.0;4.0;5.7999999999999545;0.29597309073462247
2024-09-02;6.758333333333333;5.7;0.2;0.1;0.0;61;0.0;0.0;1021.2583333333333;40.083333333333336;100;30.0;29.666666666666668;2.0833333333333335;7.0;-0.7579283687829205;-0.3053016890602221;4312.0;708.0;3245.0;38994.75;1512.5;1290.0;8.475;11.2;768.5416666666666;1105.0;3.3999999999999995;12.099999999999909;0.8171074186108966
2024-09-03;5.7375;0.30000000000000004;0.0;0.0;0.0;51;0.0;0.0;1026.45;41.541666666666664;99;19.0;8.625;22.958333333333332;10.0;-0.1797386207452755;-0.7531647643876992;4732.0;709.0;3652.0;39056.67;1686.6666666666667;1200.0;6.279166666666666;8.4;424.5833333333333;1040.0;8.5;2.7000000000000455;0.7743146221676254
2024-09-04;6.683333333333334;0.0;0.0;0.0;0.0;2;0.0;0.0;1026.1041666666667;22.708333333333332;77;6.5;2.375;15.458333333333334;17.0;-0.1538603174489214;-0.9297462484180127;5151.0;750.0;4415.0;40281.39;2939.1666666666665;1560.0;7.604166666666667;10.5;321.6666666666667;735.0;10.1;5.300000000000068;0.9423911521936376
2024-09-05;7.058333333333334;1.0;0.0;0.0;0.0;51;0.0;0.0;1020.2833333333333;99.08333333333333;100;54.875;8.166666666666666;73.0;0.0;-0.4487962009572377;-0.12118305610198223;3031.0;611.0;899.0;15572.789999999999;2952.5;2020.0;8.041666666666666;9.8;464.7916666666667;875.0;7.4;3.3999999999999773;0.46486918921333714
2024-09-06;8.529166666666667;0.8;0.8;0.3;3.0;51;0.0;0.0;1019.5875;84.91666666666667;100;72.0;5.041666666666667;19.791666666666668;0.0;-0.6493857065647782;-0.4263896036060793;3464.0;555.0;1725.0;24741.07;1966.25;1750.0;9.1625;10.0;412.0833333333333;720.0;3.5;3.400000000000091;0.7768589897490957
2024-09-07;7.141666666666667;0.0;0.0;0.0;0.0;3;0.0;0.0;1022.0916666666667;17.75;90;10.625;1.7916666666666667;6.666666666666667;16.0;-0.38150415536675486;-0.7874477781537799;5226.0;758.0;4414.0;40753.97;2004.1666666666667;1390.0;7.754166666666666;9.6;375.2083333333333;820.0;8.3;2.8999999999999773;0.8749968136407272
2024-09-08;6.416666666666667;0.0;0.0;0.0;0.0;3;0.0;0.0;1021.8874999999999;70.125;100;6.791666666666667;9.0;63.291666666666664;2.0;-0.23128491263455483;-0.8236388621430847;5003.0;739.0;3860.0;39657.29;2437.5;2290.0;7.283333333333334;9.5;307.2916666666667;590.0;8.200000000000001;2.400000000000091;0.8554961636645304
2024-09-09;7.479166666666667;6.6000000000000005;0.5;0.5;1.0;61;0.0;0.0;1019.5041666666666;74.25;100;24.166666666666668;70.16666666666667;65.95833333333333;4.0;0.11271505387950102;0.37368581358951203;2959.0;519.0;1057.0;21324.01;2320.4166666666665;2080.0;7.9624999999999995;10.4;217.91666666666666;505.0;9.1;3.1000000000000227;0.39031496339381394
2024-09-10;8.275;1.5;0.2;0.1;0.0;53;0.0;0.0;1019.1708333333332;17.583333333333332;100;8.583333333333334;11.5;4.625;16.0;-0.3932690987806447;-0.577864996015566;5149.0;764.0;4215.0;41225.85;1728.3333333333333;1480.0;9.012500000000001;10.4;355.0;625.0;4.2;6.300000000000068;0.698991085548171
2024-09-11;5.666666666666667;0.0;0.0;0.0;0.0;3;0.0;0.0;1022.2458333333334;47.208333333333336;97;25.791666666666668;0.0;21.416666666666668;6.0;-0.16849086715070824;-0.9072721935759622;5460.0;791.0;4572.0;41689.66;2510.0;1710.0;6.658333333333334;8.9;393.9583333333333;740.0;6.6;4.199999999999932;0.9227849183581924
2024-09-12;5.875;0.0;0.0;0.0;0.0;3;0.0;0.0;1019.5541666666667;41.125;100;40.916666666666664;0.0;0.20833333333333334;14.0;-0.3130643890024662;-0.8870691193950918;5433.0;787.0;4498.0;41826.79;2764.5833333333335;2670.0;7.0625;9.3;417.5;840.0;6.9;4.600000000000023;0.9406917317835164
2024-09-13;7.108333333333333;0.0;0.0;0.0;0.0;2;0.0;0.0;1025.4166666666667;14.333333333333334;54;14.333333333333334;0.0;0.0;16.0;-0.02317457330443359;-0.8260994156318094;5392.0;759.0;4355.0;41886.24;2500.0;1630.0;7.679166666666667;10.7;293.75;780.0;10.2;4.099999999999909;0.8264244099462815
2024-09-14;6.845833333333334;0.0;0.0;0.0;0.0;3;0.0;0.0;1023.0458333333332;43.458333333333336;100;0.20833333333333334;6.166666666666667;43.458333333333336;11.0;-0.2689928229906841;-0.9071787391206785;5700.0;811.0;4848.0;41023.83;2985.8333333333335;2900.0;7.804166666666667;10.8;316.0416666666667;450.0;7.8;4.600000000000023;0.9462190040012309
2024-09-15;8.733333333333333;0.0;0.0;0.0;0.0;1;0.0;0.0;1024.1541666666667;3.7083333333333335;49;0.0;0.5833333333333334;3.6666666666666665;22.0;-0.0358000201965843;-0.9579337467111796;5812.0;816.0;5040.0;41981.52;3067.9166666666665;2890.0;8.529166666666667;12.9;351.4583333333333;740.0;11.4;5.100000000000136;0.9586024747173326
2024-09-16;9.258333333333333;0.0;0.0;0.0;0.0;3;0.0;0.0;1013.7125;99.16666666666667;100;0.625;2.5;99.16666666666667;0.0;-0.1558184173498303;-0.8373128391219552;4699.0;678.0;2372.0;36570.85;3437.0833333333335;3260.0;8.808333333333334;13.5;224.79166666666666;310.0;10.7;10.399999999999977;0.8516878358552945
2024-09-17;7.683333333333334;0.0;0.0;0.0;0.0;3;0.0;0.0;1016.0875;86.0;100;53.75;9.125;51.083333333333336;1.0;0.19752428315303638;0.27088639757800226;4875.0;672.0;2977.0;39617.04;3000.8333333333335;2900.0;8.395833333333334;10.6;270.625;515.0;7.6000000000000005;5.100000000000023;0.33525405713862494
2024-09-18;6.1625000000000005;6.4;1.9;0.7;4.0;61;0.0;0.0;1008.5500000000001;95.16666666666667;100;73.66666666666667;35.5;69.20833333333333;0.0;0.2741798185834362;0.9146670757989167;2801.0;619.0;746.0;9192.17;2631.6666666666665;1880.0;9.1;10.2;673.9583333333334;1180.0;3.4000000000000004;7.399999999999977;0.954877181876804
2024-09-19;7.291666666666667;12.8;17.2;2.3;18.0;63;0.0;0.0;1012.8083333333334;61.0;100;48.583333333333336;30.041666666666668;28.583333333333332;0.0;-0.666150846863991;0.5634609130335243;4730.0;698.0;3189.0;41758.66;1842.5;1420.0;10.225;11.5;818.5416666666666;1320.0;5.300000000000001;14.900000000000091;0.8724936396869521
2024-09-20;8.195833333333333;0.30000000000000004;0.4;0.2;1.0;51;0.0;0.0;1016.9541666666668;99.58333333333333;100;24.875;56.125;99.0;0.0;-0.20272491826421957;0.9434190405744715;3312.0;487.0;954.0;18859.38;2166.6666666666665;1420.0;8.858333333333333;10.0;457.9166666666667;785.0;3.500000000000001;6.0;0.9649543401652176
2024-09-21;6.941666666666666;24.4;6.2;1.5;10.0;63;0.0;0.0;1012.3458333333333;100.0;100;63.5;89.375;99.91666666666667;0.0;-0.3623103483214715;0.8348475236149883;667.0;88.0;1.0;0.0;1897.0833333333333;1560.0;9.674999999999999;11.1;729.1666666666666;945.0;3.8000000000000007;3.3999999999999773;0.9100764672195981
2024-09-22;7.8999999999999995;1.4000000000000001;3.4;0.8;8.0;51;0.0;0.0;1017.5083333333333;25.083333333333332;89;9.541666666666666;14.958333333333334;5.291666666666667;13.0;-0.48674385435528844;0.8495961059224354;5342.0;773.0;4117.0;42317.93;1480.8333333333333;1370.0;8.7875;9.8;717.0833333333334;1210.0;3.4000000000000004;6.2999999999999545;0.9791491831948839
2024-09-23;8.6875;2.7;0.1;0.1;0.0;53;0.0;0.0;1021.2416666666667;44.666666666666664;88;38.833333333333336;13.375;0.0;3.0;-0.2815245109395987;0.8617026366223034;5354.0;770.0;3942.0;41945.17;1641.25;1520.0;9.116666666666667;10.7;416.875;810.0;4.9;4.0;0.90652494958584
2024-09-24;7.545833333333333;0.0;0.0;0.0;0.0;1;0.0;0.0;1023.1166666666667;12.625;39;10.166666666666666;2.9583333333333335;0.0;18.0;-0.4273302203985207;-0.7018908822207911;6172.0;850.0;5249.0;42415.48;1590.0;1480.0;7.7625;9.2;395.0;760.0;6.700000000000001;4.600000000000136;0.8217432249860833
2024-09-25;6.879166666666666;0.0;0.0;0.0;0.0;3;0.0;0.0;1025.5541666666666;7.416666666666667;92;1.5416666666666667;0.20833333333333334;5.625;22.0;-0.007925648474003564;-0.92890181758955;6432.0;880.0;5574.0;42464.58;2107.5;1500.0;7.2;10.3;446.0416666666667;805.0;7.0;3.7999999999999545;0.928935628891961
2024-09-26;6.716666666666666;0.0;0.0;0.0;0.0;3;0.0;0.0;1020.2166666666667;82.66666666666667;100;0.0;25.958333333333332;78.41666666666667;2.0;-0.24235604999141538;-0.8291138512904479;5044.0;765.0;2388.0;36540.86;3183.75;2900.0;6.708333333333333;11.1;227.91666666666666;310.0;10.5;7.000000000000114;0.8638091417489864
2024-09-27;7.816666666666666;0.0;0.0;0.0;0.0;3;0.0;0.0;1019.9250000000001;71.58333333333333;100;4.0;14.208333333333334;66.29166666666667;2.0;-0.5105908461221763;-0.31117308398536625;6095.0;872.0;4769.0;39839.07;2907.9166666666665;2490.0;7.6499999999999995;9.4;311.6666666666667;535.0;7.299999999999999;4.300000000000068;0.5979395457240838
2024-09-28;11.270833333333334;0.0;0.0;0.0;0.0;3;0.0;0.0;1017.5500000000001;99.625;100;16.166666666666668;83.66666666666667;99.29166666666667;0.0;0.04032018451759462;-0.05397334478561575;4524.0;777.0;2142.0;26674.63;2672.9166666666665;2490.0;10.745833333333332;13.7;101.45833333333333;225.0;8.1;4.2999999999999545;0.06737090786741583
2024-09-29;9.008333333333335;3.5;0.0;0.0;0.0;53;0.0;0.0;1014.225;100.0;100;75.54166666666667;80.16666666666667;99.875;0.0;0.017750513346670143;0.9452034300765885;2008.0;375.0;111.0;0.0;2828.75;1870.0;10.570833333333335;11.3;472.0833333333333;1050.0;4.199999999999999;3.2999999999999545;0.9453700888819249
2024-09-30;8.741666666666667;31.9;8.1;1.1;13.0;63;0.0;0.0;1014.8125;89.91666666666667;100;63.875;70.5;68.04166666666667;0.0;-0.5649891603403389;0.5866293809617752;3663.0;572.0;1307.0;30109.45;1971.6666666666667;1810.0;10.604166666666666;11.9;609.375;940.0;6.6000000000000005;9.799999999999955;0.8144610376866881
2024-10-01;7.220833333333334;4.4;0.6000000000000001;0.2;1.0;63;0.0;0.0;1024.1208333333334;33.541666666666664;100;32.625;2.5833333333333335;0.041666666666666664;12.0;-0.23547134500912317;-0.8124397185524962;5648.0;724.0;4127.0;43059.63;1542.9166666666667;1390.0;7.55;9.6;585.4166666666666;1205.0;7.8;7.0;0.845875316226963
2024-10-02;6.145833333333333;0.0;0.0;0.0;0.0;3;0.0;0.0;1023.2791666666667;13.958333333333334;96;0.0;0.0;13.958333333333334;19.0;-0.11395509935992137;-0.8919305050751697;6806.0;912.0;5926.0;44214.0;2545.0;1580.0;6.7625;10.4;465.8333333333333;735.0;10.6;7.5;0.8991806217628229
2024-10-03;8.1625;0.0;0.0;0.0;0.0;3;0.0;0.0;1018.5208333333334;85.08333333333333;100;0.0;0.0;85.08333333333333;3.0;-0.2653558954513562;-0.6773404355053256;6537.0;894.0;5191.0;43935.44;3277.9166666666665;2980.0;8.095833333333333;11.2;197.91666666666666;420.0;10.0;4.0;0.7274639625585142
2024-10-04;8.154166666666667;0.0;0.0;0.0;0.0;3;0.0;0.0;1017.2958333333332;79.25;100;29.583333333333332;0.0;59.5;1.0;-0.5044110084367689;-0.7561536867665012;6332.0;855.0;4841.0;43082.74;3239.1666666666665;3150.0;8.645833333333334;10.8;257.2916666666667;455.0;6.800000000000001;3.2000000000000455;0.9089548192527339
2024-10-05;10.075000000000001;0.0;0.0;0.0;0.0;3;0.0;0.0;1016.8708333333334;55.541666666666664;100;16.583333333333332;0.16666666666666666;42.875;5.0;-0.41286998898134897;-0.7189778758641086;6407.0;892.0;4926.0;43952.98;3230.8333333333335;3050.0;9.945833333333333;14.2;140.83333333333334;270.0;11.499999999999998;2.8999999999999773;0.829090353208578
2024-10-06;10.362499999999999;0.0;0.0;0.0;0.0;3;0.0;0.0;1015.1750000000001;97.5;100;12.166666666666666;79.41666666666667;90.95833333333333;0.0;-0.4848374964921791;-0.8494123024766651;2362.0;407.0;233.0;938.1;3305.4166666666665;3110.0;10.904166666666667;13.9;156.45833333333334;255.0;7.1000000000000005;2.5;0.9780432800257427
2024-10-07;13.054166666666667;0.0;0.0;0.0;0.0;3;0.0;0.0;1014.4875000000001;44.958333333333336;100;15.0;43.041666666666664;43.0;13.0;-0.5782578205393282;-0.778163929515563;6342.0;887.0;5020.0;39473.95;3062.0833333333335;2910.0;12.720833333333333;15.5;134.58333333333334;205.0;9.1;3.2999999999999545;0.9694953368706815
2024-10-08;11.15;2.0;0.4;0.4;1.0;53;0.0;0.0;1018.475;81.0;100;23.458333333333332;61.5;64.875;2.0;-0.2485468185544408;0.30918774881360017;2803.0;413.0;532.0;13129.81;3122.9166666666665;2920.0;11.641666666666666;12.8;268.5416666666667;440.0;6.600000000000001;6.600000000000023;0.39670213640709834
2024-10-09;12.0875;0.0;0.0;0.0;0.0;3;0.0;0.0;1019.5208333333334;42.375;100;25.208333333333332;6.416666666666667;12.416666666666666;12.0;-0.5981881745602061;-0.3499197307203395;6384.0;856.0;4953.0;45583.93;3602.5;3300.0;11.820833333333333;14.3;212.70833333333334;295.0;8.899999999999999;2.7000000000000455;0.6930172509621002
2024-10-10;9.745833333333334;0.6;0.0;0.0;0.0;51;0.0;0.0;1020.6416666666668;50.375;100;46.625;12.416666666666666;12.041666666666666;9.0;-0.7031287092909578;-0.4245694139023976;6732.0;909.0;5393.0;45690.57;3412.0833333333335;2290.0;10.166666666666666;11.4;427.2916666666667;715.0;6.7;3.1000000000000227;0.8213702995912341
2024-10-11;10.558333333333334;7.699999999999999;1.3;0.4;4.0;61;0.0;0.0;1021.3625000000001;66.20833333333333;100;63.666666666666664;45.333333333333336;33.041666666666664;6.0;-0.7350595350040993;0.07154752601561454;4365.0;679.0;2080.0;31258.69;2153.3333333333335;2090.0;11.174999999999999;12.4;372.0833333333333;560.0;4.699999999999999;1.8999999999999773;0.7385333902264661
2024-10-12;8.7125;0.0;0.0;0.0;0.0;3;0.0;0.0;1020.8041666666667;13.583333333333334;100;1.4583333333333333;0.4583333333333333;11.833333333333334;20.0;-0.21905161236292772;-0.8697121132190008;7278.0;955.0;6309.0;45860.44;2612.5;2470.0;8.554166666666667;10.9;348.3333333333333;580.0;8.600000000000001;2.300000000000068;0.896873886763718
2024-10-13;9.958333333333334;0.0;0.0;0.0;0.0;3;0.0;0.0;1021.4291666666667;33.75;100;0.0;0.20833333333333334;33.75;12.0;-0.3786481025195605;-0.8116716939095344;7159.0;951.0;5959.0;45944.03;2861.25;2760.0;9.708333333333334;12.4;233.75;410.0;9.4;2.6000000000000227;0.8956479912530573
2024-10-14;10.700000000000001;0.0;0.0;0.0;0.0;3;0.0;0.0;1021.5416666666666;27.208333333333332;100;26.708333333333332;0.0;2.875;16.0;-0.3538353256501368;-0.888386007766221;7185.0;948.0;6083.0;46026.59;3067.5;2740.0;10.654166666666667;13.2;225.20833333333334;415.0;9.4;2.2999999999999545;0.9562578817833307
2024-10-15;11.054166666666667;0.0;0.0;0.0;0.0;3;0.0;0.0;1016.2416666666667;71.70833333333333;100;0.041666666666666664;11.541666666666666;71.625;5.0;-0.35894351382210293;-0.40948669171108176;6578.0;905.0;4272.0;45426.9;3762.0833333333335;3350.0;10.299999999999999;15.0;153.33333333333334;250.0;12.5;7.100000000000023;0.5445363135764637
2024-10-16;8.445833333333333;3.1;0.0;0.0;0.0;53;0.0;0.0;1016.7833333333333;99.08333333333333;100;91.08333333333333;28.75;15.333333333333334;0.0;-0.17150010620692932;0.8871668279804518;3191.0;521.0;728.0;17017.31;2789.5833333333335;2180.0;10.241666666666667;11.8;675.2083333333334;935.0;1.1000000000000005;8.5;0.9035913164135015
2024-10-17;11.608333333333334;0.1;0.0;0.0;0.0;51;0.0;0.0;1019.0375;55.0;100;38.416666666666664;0.25;16.583333333333332;9.0;-0.07580239668080607;-0.38653827030059945;6932.0;951.0;5512.0;39600.0;3705.8333333333335;2960.0;11.737499999999999;13.6;309.1666666666667;655.0;7.199999999999999;5.2000000000000455;0.39390079683790125
2024-10-18;11.049999999999999;0.0;0.0;0.0;0.0;3;0.0;0.0;1015.4041666666667;79.0;100;39.375;0.0;74.0;4.0;-0.5829309107291157;-0.7530935160519193;6410.0;929.0;4593.0;39690.46;4126.25;3910.0;11.141666666666666;13.3;203.54166666666666;340.0;7.300000000000001;3.7000000000000455;0.9523435780236662
2024-10-19;9.5875;0.30000000000000004;0.0;0.0;0.0;51;0.0;0.0;1010.9958333333334;98.75;100;98.70833333333333;1.5;1.5416666666666667;0.0;-0.581786058871808;-0.06696398847306588;5652.0;832.0;2902.0;32434.75;4117.916666666667;3240.0;9.987499999999999;11.0;569.5833333333334;1290.0;6.0;3.800000000000068;0.5856271800811603
2024-10-20;8.983333333333333;13.7;1.9;0.6;5.0;63;0.0;0.0;1013.7541666666666;78.91666666666667;100;68.33333333333333;56.25;0.08333333333333333;1.0;0.25596751208139207;0.9505948997336281;4759.0;802.0;2760.0;29814.35;2232.0833333333335;1830.0;11.279166666666667;12.8;703.5416666666666;930.0;5.699999999999999;8.699999999999932;0.9844541790457919
2024-10-21;12.229166666666666;0.0;0.0;0.0;0.0;3;0.0;0.0;1019.0500000000001;27.708333333333332;100;27.625;6.0;0.0;16.0;0.03431370371951393;-0.5981533400642883;7301.0;962.0;6035.0;46570.51;2882.5;2090.0;11.875;14.5;219.58333333333334;630.0;10.1;4.100000000000023;0.5991367527476634
2024-10-22;12.975000000000001;2.4;0.2;0.2;1.0;61;0.0;0.0;1014.8625000000001;53.625;100;2.8333333333333335;24.833333333333332;50.041666666666664;8.0;-0.21676161650408896;0.16661194973234056;6424.0;913.0;4558.0;35877.09;3845.8333333333335;3110.0;12.012500000000001;16.9;182.5;470.0;14.799999999999999;4.7999999999999545;0.2733955745491827
2024-10-23;11.404166666666667;10.0;0.2;0.2;1.0;63;0.0;0.0;1019.9333333333334;89.83333333333333;100;53.416666666666664;76.875;76.70833333333333;0.0;0.12896076109483653;0.9168754650250314;2174.0;375.0;93.0;678.34;3090.4166666666665;2920.0;11.9125;12.7;332.0833333333333;565.0;2.9000000000000004;5.2999999999999545;0.9259003705944971
2024-10-24;9.491666666666667;0.7000000000000001;0.1;0.1;0.0;51;0.0;0.0;1020.3666666666667;81.625;100;73.29166666666667;22.0;4.25;2.0;-0.1208691026712879;-0.4806945871540935;5820.0;902.0;3857.0;27594.97;3064.5833333333335;1900.0;9.808333333333334;11.8;457.5;790.0;8.8;4.600000000000023;0.49565777114840714
2024-10-25;8.770833333333334;0.0;0.0;0.0;0.0;2;0.0;0.0;1022.9125;8.333333333333334;56;8.083333333333334;0.2916666666666667;0.0;22.0;-0.12757315465917796;-0.8999525623637101;7614.0;975.0;6334.0;46800.0;3065.8333333333335;1660.0;9.083333333333334;11.0;630.8333333333334;1345.0;9.1;3.8999999999999773;0.9089496819377308
2024-10-26;12.270833333333334;0.0;0.0;0.0;0.0;2;0.0;0.0;1014.8375;2.7916666666666665;64;2.7916666666666665;0.0;0.0;23.0;-0.38597058100410214;-0.8931179526933061;7895.0;997.0;6961.0;46800.0;4108.75;3970.0;11.570833333333333;17.5;308.9583333333333;555.0;16.1;10.799999999999955;0.9729506497370392
2024-10-27;12.079166666666666;0.0;0.0;0.0;0.0;3;0.0;0.0;1017.0208333333334;25.666666666666668;87;25.666666666666668;0.0;0.0;16.0;-0.4510429234591305;-0.8159853139466934;7519.0;993.0;6218.0;46800.0;3935.0;3890.0;11.404166666666667;14.1;164.16666666666666;270.0;9.700000000000001;4.099999999999909;0.9323474413432167
2024-10-28;15.354166666666666;0.0;0.0;0.0;0.0;3;0.0;0.0;1012.9583333333334;22.625;100;0.08333333333333333;0.0;22.625;18.0;-0.3361736603707656;-0.846063586291734;8101.0;1021.0;7140.0;46800.0;4393.75;4100.0;12.8375;18.0;137.29166666666666;260.0;15.799999999999999;5.7999999999999545;0.9104044826207246
2024-10-29;11.424999999999999;0.0;0.0;0.0;0.0;3;0.0;0.0;1013.4916666666667;47.958333333333336;100;40.916666666666664;0.0;14.458333333333334;9.0;0.014380530980827663;0.6941163787639715;7765.0;972.0;6278.0;46800.0;4491.25;4110.0;11.5;13.3;294.5833333333333;525.0;8.2;5.899999999999977;0.6942653289194987
2024-10-30;12.287500000000001;0.7000000000000001;0.0;0.0;0.0;51;0.0;0.0;1016.0041666666666;75.875;100;59.291666666666664;0.0;18.916666666666668;2.0;-0.17632121898518846;0.423581186535337;6397.0;925.0;4181.0;36387.97;3678.75;3370.0;11.620833333333332;12.5;439.5833333333333;650.0;5.699999999999999;2.400000000000091;0.45881389892973684
2024-10-31;12.2875;0.0;0.0;0.0;0.0;3;0.0;0.0;1012.7791666666667;92.08333333333333;100;78.54166666666667;21.166666666666668;60.0;0.0;-0.682115613781538;-0.25565860558850323;6799.0;914.0;4345.0;43200.0;3857.9166666666665;3470.0;11.7125;13.6;303.125;675.0;7.000000000000002;3.199999999999932;0.7284524920514873
2024-11-01;9.45;6.6;0.1;0.1;0.0;61;0.0;0.0;1015.6041666666666;71.5;100;69.58333333333333;48.75;8.5;6.0;-0.32264246190842705;0.5750384615373317;2340.0;264.0;434.0;10800.0;2577.0833333333335;2010.0;10.666666666666666;12.0;624.375;890.0;5.3999999999999995;6.600000000000023;0.6593689335065401
2024-11-02;9.970833333333333;0.0;0.0;0.0;0.0;3;0.0;0.0;1019.7875;36.375;100;21.708333333333332;0.0;14.666666666666666;14.0;-0.33174897291443445;-0.34724100073581515;8029.0;1018.0;6734.0;46800.0;2548.3333333333335;2040.0;9.379166666666666;12.0;283.3333333333333;595.0;10.899999999999999;4.2000000000000455;0.4802433691596299
2024-11-03;9.104166666666666;10.9;3.7;1.4;4.0;63;0.0;0.0;1016.4583333333334;85.33333333333333;100;18.958333333333332;64.70833333333333;76.625;3.0;-0.427295070806885;0.5364246164004008;3634.0;587.0;592.0;8811.05;2469.5833333333335;1780.0;9.870833333333334;11.6;502.0833333333333;935.0;5.2;5.2000000000000455;0.6858078787941839
2024-11-04;10.924999999999999;0.1;0.0;0.0;0.0;51;0.0;0.0;1023.0958333333333;49.541666666666664;100;7.375;26.291666666666668;42.0;10.0;-0.5675808154550873;0.06893125914138339;6607.0;785.0;3602.0;47266.96;2194.1666666666665;1640.0;10.158333333333333;11.5;446.875;870.0;5.9;4.5;0.5717512575932635
2024-11-05;10.458333333333334;0.0;0.0;0.0;0.0;3;0.0;0.0;1021.2333333333332;49.875;100;0.3333333333333333;9.375;49.291666666666664;11.0;-0.4493469147997235;-0.833530528348999;7431.0;1019.0;5479.0;45761.51;3228.3333333333335;2710.0;10.4625;12.3;361.875;585.0;7.2;4.2999999999999545;0.9469349457749415
2024-11-06;11.612499999999999;0.0;0.0;0.0;0.0;3;0.0;0.0;1019.125;38.916666666666664;100;0.25;3.0416666666666665;38.75;15.0;-0.4408704024057615;-0.8347987657792489;8028.0;1011.0;6757.0;47210.75;3382.0833333333335;3150.0;11.270833333333334;13.9;299.7916666666667;460.0;9.3;2.699999999999932;0.944063393562093
2024-11-07;11.570833333333333;0.0;0.0;0.0;0.0;3;0.0;0.0;1017.9916666666667;63.833333333333336;100;10.875;17.25;63.75;7.0;-0.605260806265601;-0.7567799938908554;7243.0;1023.0;5258.0;36686.48;3312.5;3100.0;11.225;14.7;267.5;390.0;10.500000000000002;2.199999999999932;0.9690493293711773
2024-11-08;13.512500000000001;1.1;0.2;0.1;0.0;53;0.0;0.0;1016.75;86.33333333333333;100;10.0;34.208333333333336;81.70833333333333;1.0;-0.4685696855828527;-0.7913684259779727;7649.0;1007.0;6008.0;41168.57;3400.0;3260.0;12.25;15.2;193.54166666666666;350.0;12.5;2.5;0.919685563593377
2024-11-09;13.354166666666666;1.4000000000000001;0.8;0.5;2.0;51;0.0;0.0;1015.9458333333333;96.54166666666667;100;32.958333333333336;73.54166666666667;94.0;0.0;-0.46812853721471276;-0.12730016128148527;3980.0;603.0;937.0;16704.75;3096.25;2510.0;12.65;14.1;241.66666666666666;445.0;5.1;4.0;0.48512849680994713
2024-11-10;11.620833333333332;0.9;0.2;0.1;0.0;51;0.0;0.0;1022.2041666666668;30.875;100;16.125;18.166666666666668;0.8333333333333334;12.0;-0.7517758224444689;-0.4815457822133637;7921.0;994.0;6527.0;47403.13;2016.25;1670.0;10.758333333333333;11.9;670.625;980.0;6.299999999999999;8.899999999999977;0.8927783753986976
2024-11-11;10.820833333333333;0.0;0.0;0.0;0.0;3;0.0;0.0;1025.7666666666667;39.125;99;14.625;0.16666666666666666;28.75;13.0;-0.3817775788631174;-0.8904877427084958;8153.0;998.0;6785.0;47068.73;3021.25;1900.0;10.595833333333333;12.4;554.7916666666666;1110.0;7.5;3.300000000000182;0.9688769476237197
2024-11-12;11.695833333333333;0.0;0.0;0.0;0.0;3;0.0;0.0;1020.0791666666668;36.958333333333336;100;0.041666666666666664;0.16666666666666666;36.916666666666664;13.0;-0.36286584539287664;-0.8826825831792354;8519.0;1040.0;7421.0;48267.08;4084.1666666666665;3760.0;10.866666666666667;13.7;398.9583333333333;605.0;10.0;8.200000000000045;0.9543585093667133
2024-11-13;13.629166666666668;0.0;0.0;0.0;0.0;3;0.0;0.0;1014.525;33.375;100;0.16666666666666666;0.0;33.25;15.0;-0.4966605574932906;-0.8407899029151649;8455.0;1035.0;7266.0;48264.19;4105.833333333333;3830.0;12.308333333333332;15.1;239.58333333333334;310.0;11.1;2.8999999999999773;0.9765241267954614
2024-11-14;13.358333333333334;0.0;0.0;0.0;0.0;3;0.0;0.0;1015.4166666666666;98.20833333333333;100;76.29166666666667;19.791666666666668;76.16666666666667;0.0;-0.7724109197364658;-0.49557143153828637;6680.0;888.0;3565.0;41549.93;3740.8333333333335;3600.0;12.595833333333333;13.8;330.0;655.0;7.299999999999999;2.8999999999999773;0.9177198225411933
2024-11-15;12.158333333333333;0.5;0.0;0.0;0.0;51;0.0;0.0;1016.975;59.416666666666664;100;26.125;29.083333333333332;50.625;9.0;-0.5833426856077594;-0.3231382815780439;7448.0;989.0;5754.0;40023.22;3082.5;2610.0;11.15;12.6;476.4583333333333;845.0;8.899999999999999;4.5;0.6668635826563664
2024-11-16;10.183333333333334;0.0;0.0;0.0;0.0;3;0.0;0.0;1019.4416666666666;11.708333333333334;100;0.7916666666666666;0.16666666666666666;10.875;21.0;-0.42235880548971894;-0.8409375729252146;8738.0;1051.0;7625.0;48779.08;2550.8333333333335;2050.0;9.491666666666665;11.2;505.625;1045.0;7.8999999999999995;3.1000000000000227;0.9410435495406432
2024-11-17;12.579166666666666;0.0;0.0;0.0;0.0;0;0.0;0.0;1019.3833333333333;0.16666666666666666;2;0.0;0.16666666666666666;0.0;24.0;-0.4978218206185301;-0.7581482979839428;8777.0;1061.0;7696.0;49320.82;2693.75;2340.0;10.820833333333333;13.0;264.1666666666667;425.0;9.0;3.6000000000000227;0.9069814809685461
2024-11-18;13.595833333333333;0.0;0.0;0.0;0.0;3;0.0;0.0;1014.6875;53.083333333333336;100;45.291666666666664;0.0;9.958333333333334;5.0;-0.4171127236951467;0.2375560234523867;8669.0;1048.0;7481.0;49279.48;3075.8333333333335;2890.0;11.8375;13.0;154.375;295.0;9.3;3.5;0.480016550284357
2024-11-19;10.866666666666667;0.6000000000000001;0.0;0.0;0.0;51;0.0;0.0;1017.0666666666666;99.5;100;70.91666666666667;31.208333333333332;54.541666666666664;0.0;-0.8621221291134584;-0.24417402462177865;4448.0;567.0;994.0;19475.87;3142.9166666666665;2960.0;10.549999999999999;11.2;403.75;640.0;3.1999999999999993;4.599999999999909;0.8960332135624882
2024-11-20;11.9625;0.0;0.0;0.0;0.0;3;0.0;0.0;1018.3208333333333;21.708333333333332;100;2.625;3.25;19.666666666666668;17.0;-0.6612903881850736;-0.6913315817728525;8821.0;1055.0;7738.0;49487.98;3225.4166666666665;2860.0;10.870833333333332;12.4;320.0;375.0;8.5;2.7999999999999545;0.9566840301073911
2024-11-21;12.512500000000001;0.0;0.0;0.0;0.0;3;0.0;0.0;1018.2458333333334;58.708333333333336;100;22.166666666666668;0.0;36.833333333333336;7.0;-0.7365738803660552;-0.5443639377668573;8491.0;1051.0;6830.0;49473.54;3575.8333333333335;3500.0;11.216666666666667;12.4;354.375;575.0;6.999999999999998;2.6000000000000227;0.9159002008835606
2024-11-22;13.612499999999999;0.0;0.0;0.0;0.0;3;0.0;0.0;1019.2166666666667;57.208333333333336;100;18.666666666666668;0.5416666666666666;45.625;9.0;-0.26313075970282906;0.2735373868289108;8347.0;1017.0;6771.0;46511.76;3421.25;3200.0;11.433333333333332;12.9;300.625;575.0;8.700000000000001;2.2999999999999545;0.379553024879235
2024-11-23;15.316666666666668;0.0;0.0;0.0;0.0;3;0.0;0.0;1016.6458333333334;30.375;100;27.708333333333332;0.0;11.5;15.0;-0.701706113890701;-0.4924798684869364;8580.0;1047.0;7272.0;48059.27;3122.5;3020.0;13.008333333333333;14.1;249.375;395.0;8.700000000000001;2.2000000000000455;0.8572793541993763
2024-11-24;15.270833333333334;0.1;0.0;0.0;0.0;51;0.0;0.0;1018.2833333333333;40.916666666666664;100;40.916666666666664;0.0;1.5416666666666667;13.0;-0.6938480842418618;-0.18343858373282473;8354.0;1051.0;6890.0;46899.54;2710.8333333333335;2520.0;13.012500000000001;14.2;420.4166666666667;600.0;7.9;4.100000000000023;0.7176871728044234
2024-11-25;14.079166666666666;1.5;0.5;0.2;1.0;53;0.0;0.0;1018.1541666666667;24.708333333333332;100;17.375;12.375;0.0;14.0;-0.39713365161647557;0.3081880660365884;8304.0;987.0;6851.0;48706.61;2621.6666666666665;2370.0;11.941666666666668;13.8;396.875;825.0;7.299999999999999;3.900000000000091;0.5026877970406769
2024-11-26;13.170833333333334;0.0;0.0;0.0;0.0;2;0.0;0.0;1018.6916666666666;9.125;54;8.208333333333334;1.0416666666666667;0.0;19.0;-0.44266325159701575;-0.5590076933504683;8781.0;1058.0;7446.0;49775.99;2662.0833333333335;2350.0;11.141666666666666;12.4;559.1666666666666;890.0;6.9;2.5;0.713050037191959
2024-11-27;11.370833333333332;0.0;0.0;0.0;0.0;0;0.0;0.0;1017.6083333333332;1.0;15;0.16666666666666666;0.2916666666666667;0.625;24.0;-0.5586966671563504;-0.7597698339334014;8993.0;1071.0;7831.0;50141.33;2710.0;2570.0;10.216666666666667;11.1;637.0833333333334;840.0;6.200000000000001;2.400000000000091;0.9430759070439675
2024-11-28;11.945833333333333;0.0;0.0;0.0;0.0;2;0.0;0.0;1018.7791666666667;11.416666666666666;79;0.0;8.708333333333334;4.75;19.0;-0.33552867939846537;-0.8101421065727198;8967.0;1073.0;7754.0;49872.82;2845.8333333333335;2550.0;10.5875;12.1;525.4166666666666;975.0;7.600000000000001;2.699999999999932;0.8768749782842262
2024-11-29;14.225;0.0;0.0;0.0;0.0;1;0.0;0.0;1015.8458333333333;6.0;45;0.5;0.0;5.5;23.0;-0.6139428564986997;-0.5980880141448827;9191.0;1087.0;8109.0;50559.11;3269.1666666666665;3230.0;11.520833333333334;13.9;310.0;495.0;9.600000000000001;2.5;0.8571085717162981
2024-11-30;13.120833333333332;0.0;0.0;0.0;0.0;3;0.0;0.0;1014.5583333333334;34.333333333333336;99;34.208333333333336;0.0;2.6666666666666665;14.0;-0.6519596328995533;-0.7151321604423564;8597.0;1064.0;7005.0;49858.44;3023.75;2510.0;12.362499999999999;14.0;449.5833333333333;695.0;9.4;3.5;0.9677114083390111
2024-12-01;12.345833333333333;0.0;0.0;0.0;0.0;3;0.0;0.0;1020.5416666666666;16.375;93;15.791666666666666;2.8333333333333335;0.0;18.0;-0.6135837525873734;-0.6780033945352651;8215.0;997.0;6547.0;50344.04;2474.1666666666665;2240.0;10.620833333333334;11.6;765.8333333333334;1100.0;7.799999999999999;6.2999999999999545;0.9144252973537781
2024-12-02;11.691666666666668;0.0;0.0;0.0;0.0;1;0.0;0.0;1017.3416666666667;3.25;27;2.0;0.0;1.2916666666666667;23.0;-0.21475642878860077;-0.8630555266295112;9226.0;1092.0;8089.0;50396.67;3410.4166666666665;3160.0;10.137500000000001;11.7;496.25;900.0;8.4;4.7999999999999545;0.8893734680952521
2024-12-03;12.954166666666666;0.0;0.0;0.0;0.0;0;0.0;0.0;1015.6583333333333;0.0;0;0.0;0.0;0.0;24.0;-0.3747067162523106;-0.5106135115501591;9256.0;1090.0;8187.0;50770.12;3507.9166666666665;3470.0;10.258333333333333;13.0;283.75;485.0;9.899999999999999;2.0;0.6333492570313588
2024-12-04;11.770833333333334;0.0;0.0;0.0;0.0;3;0.0;0.0;1016.475;35.458333333333336;100;10.666666666666666;7.25;24.5;10.0;-0.6994795446415661;-0.6352181045768704;8958.0;1069.0;7629.0;48772.14;3290.4166666666665;2910.0;10.745833333333332;12.0;501.4583333333333;910.0;6.6;2.1000000000000227;0.9448670137930547
2024-12-05;11.545833333333334;3.9;2.0;0.8;4.0;53;0.0;0.0;1016.8833333333333;64.91666666666667;100;63.375;24.958333333333332;0.0;6.0;-0.38130831981008045;0.6130816582973287;4656.0;678.0;2093.0;29506.9;2279.5833333333335;2050.0;11.0375;12.4;430.0;740.0;3.5999999999999996;3.699999999999932;0.7219869489796815
2024-12-06;11.7125;0.0;0.0;0.0;0.0;0;0.0;0.0;1017.7875;2.5833333333333335;16;1.5416666666666667;0.625;0.4583333333333333;24.0;-0.2781680536424724;-0.7233716580050595;8988.0;1045.0;7657.0;50610.66;2452.0833333333335;2060.0;10.291666666666666;12.0;420.2083333333333;785.0;6.5;2.0;0.7750122719494383
2024-12-07;12.1625;0.0;0.0;0.0;0.0;3;0.0;0.0;1015.1333333333333;32.041666666666664;97;0.0;0.0;32.041666666666664;14.0;-0.45799848860521775;-0.7771071104679684;8900.0;1068.0;7024.0;50664.32;3459.1666666666665;3260.0;10.545833333333333;13.7;344.7916666666667;485.0;12.2;3.800000000000068;0.9020299755022219
2024-12-08;11.366666666666667;0.0;0.0;0.0;0.0;3;0.0;0.0;1016.8916666666668;16.708333333333332;97;4.25;0.0;13.208333333333334;19.0;-0.5809289435290872;-0.7874369802768113;8886.0;1043.0;7257.0;50717.73;3260.0;3180.0;10.708333333333334;12.5;395.2083333333333;550.0;8.600000000000001;2.900000000000091;0.9785373959830481
2024-12-09;11.137500000000001;0.0;0.0;0.0;0.0;1;0.0;0.0;1017.0541666666667;3.75;21;2.5416666666666665;0.0;1.2083333333333333;23.0;-0.5531394993871385;-0.7986964424840027;9319.0;1088.0;8207.0;51093.75;3726.25;3330.0;10.204166666666667;11.6;332.9166666666667;465.0;7.9;3.2999999999999545;0.9715345145793103
2024-12-10;10.854166666666666;0.0;0.0;0.0;0.0;1;0.0;0.0;1014.1416666666668;2.9583333333333335;24;2.9583333333333335;0.0;0.0;23.0;-0.5840706171476584;-0.7922240469212979;9344.0;1092.0;8213.0;51146.68;3895.4166666666665;3640.0;10.420833333333333;12.0;392.0833333333333;540.0;8.0;1.6000000000000227;0.9842547568265064
2024-12-11;12.466666666666667;0.0;0.0;0.0;0.0;0;0.0;0.0;1014.7624999999999;0.125;2;0.125;0.0;0.0;24.0;-0.5034342660502664;-0.817430262407008;9354.0;1093.0;8250.0;51175.15;4046.25;3580.0;11.258333333333333;13.5;312.2916666666667;465.0;9.3;3.2999999999999545;0.9600199446534226
2024-12-12;12.3125;0.0;0.0;0.0;0.0;0;0.0;0.0;1016.9125;0.875;7;0.875;0.0;0.0;24.0;-0.6166265855066405;-0.7499736426659922;9282.0;1084.0;8151.0;51182.44;3504.5833333333335;3400.0;11.479166666666666;13.0;384.5833333333333;585.0;10.100000000000001;5.7999999999999545;0.9709216295084149
2024-12-13;13.424999999999999;0.0;0.0;0.0;0.0;0;0.0;0.0;1015.7291666666666;0.8333333333333334;9;0.8333333333333334;0.0;0.0;24.0;-0.5120097668350964;-0.8239902428765703;9241.0;1082.0;8098.0;51190.47;3861.25;3620.0;12.204166666666666;13.7;284.7916666666667;445.0;7.699999999999999;3.8999999999999773;0.9701102626456021
2024-12-14;14.945833333333333;0.0;0.0;0.0;0.0;1;0.0;0.0;1014.1750000000001;2.5833333333333335;46;0.0;0.0;2.5833333333333335;23.0;-0.6030334095617829;-0.7285419771439431;9416.0;1097.0;8338.0;51199.26;3963.75;3840.0;12.258333333333333;14.4;182.08333333333334;280.0;10.4;2.5;0.9457392375853476
2024-12-15;14.758333333333333;0.0;0.0;0.0;0.0;0;0.0;0.0;1013.7916666666666;2.1666666666666665;12;1.8333333333333333;0.0;0.3333333333333333;24.0;-0.79894605349589;-0.4723288693007182;9191.0;1069.0;7974.0;50883.96;3960.8333333333335;3840.0;12.779166666666667;13.9;208.54166666666666;390.0;9.100000000000001;3.0;0.92812141294744
2024-12-16;13.583333333333334;0.0;0.0;0.0;0.0;3;0.0;0.0;1015.2083333333334;50.083333333333336;100;50.083333333333336;0.0;0.0;10.0;-0.738061824910058;-0.5601460571048184;8659.0;1072.0;6931.0;46800.0;3800.0;3660.0;12.379166666666668;13.5;413.9583333333333;650.0;8.500000000000002;3.800000000000068;0.9265521370541646
2024-12-17;13.304166666666667;0.0;0.0;0.0;0.0;1;0.0;0.0;1016.0916666666667;11.958333333333334;45;11.375;0.0;0.5833333333333334;18.0;-0.56043443032562;-0.7917543937845707;8983.0;1072.0;7600.0;50400.0;3556.6666666666665;3500.0;12.579166666666666;14.1;437.2916666666667;705.0;7.699999999999999;2.2999999999999545;0.9700318400813321
2024-12-18;13.2875;0.0;0.0;0.0;0.0;2;0.0;0.0;1018.3291666666668;6.666666666666667;74;1.7916666666666667;0.0;4.875;22.0;-0.48221494958149097;-0.8670944392939836;8996.0;1051.0;7758.0;50590.71;3908.3333333333335;3600.0;12.475;15.0;371.4583333333333;665.0;8.6;2.7999999999999545;0.9921612894355573
2024-12-19;12.616666666666667;0.0;0.0;0.0;0.0;3;0.0;0.0;1018.6541666666667;54.125;100;0.4583333333333333;0.20833333333333334;53.916666666666664;8.0;-0.5590163097081234;-0.8122216984027967;9122.0;1072.0;7808.0;50928.54;4143.75;3950.0;11.725;13.2;375.8333333333333;580.0;8.700000000000001;2.7999999999999545;0.9860037129118796
2024-12-20;14.470833333333333;0.0;0.0;0.0;0.0;3;0.0;0.0;1018.2208333333333;24.0;100;4.583333333333333;18.166666666666668;2.5416666666666665;16.0;-0.6223126324417241;-0.7388109025213581;8165.0;1028.0;6522.0;43695.72;3536.25;3270.0;13.441666666666668;14.4;379.375;485.0;7.600000000000001;2.2000000000000455;0.9659785516153927
2024-12-21;17.1125;0.0;0.0;0.0;0.0;3;0.0;0.0;1017.1875;29.791666666666668;100;3.4583333333333335;4.291666666666667;23.791666666666668;14.0;-0.5675907348719674;-0.7832807555880823;8888.0;1027.0;7320.0;50631.14;4115.416666666667;3180.0;14.6;16.4;219.16666666666666;400.0;9.000000000000002;3.5;0.9673096631312732
2024-12-22;16.308333333333334;0.0;0.0;0.0;0.0;3;0.0;0.0;1014.7624999999999;8.541666666666666;87;0.041666666666666664;0.0;8.5;21.0;-0.5393662566080432;-0.7989850625243017;9165.0;1065.0;8091.0;50646.74;4444.583333333333;4360.0;13.579166666666666;15.8;217.91666666666666;395.0;10.3;2.2000000000000455;0.9639984900944274
2024-12-23;15.558333333333335;0.0;0.0;0.0;0.0;2;0.0;0.0;1018.7666666666668;8.541666666666666;56;8.541666666666666;0.041666666666666664;0.0;20.0;-0.45990045171446375;-0.8677482774222361;9090.0;1076.0;7860.0;50400.0;3987.5;3720.0;14.020833333333334;15.9;350.4166666666667;640.0;9.3;4.7000000000000455;0.9820873171243105
2024-12-24;16.045833333333334;0.0;0.0;0.0;0.0;0;0.0;0.0;1015.3791666666666;0.0;0;0.0;0.0;0.0;24.0;-0.42557367760809606;-0.8682042158743509;9559.0;1107.0;8485.0;50680.84;4399.166666666667;4030.0;13.179166666666667;16.2;314.1666666666667;590.0;12.5;9.100000000000023;0.9668978826819699
2024-12-25;13.924999999999999;0.0;0.0;0.0;0.0;3;0.0;0.0;1011.1999999999999;67.875;100;67.875;0.0;0.0;4.0;-0.11477601609179826;0.6724715714305427;8313.0;1005.0;5801.0;50400.0;4652.916666666667;4580.0;12.820833333333333;14.0;191.45833333333334;345.0;9.0;2.099999999999909;0.6821961215458267
2024-12-26;14.35;0.0;0.0;0.0;0.0;3;0.0;0.0;1014.2291666666666;66.25;100;66.25;0.0;0.0;8.0;0.06955781928750254;0.8372249553577764;7169.0;917.0;4256.0;44984.29;4413.333333333333;4280.0;12.5625;13.4;264.7916666666667;525.0;5.899999999999999;4.899999999999977;0.840109466735058
2024-12-27;13.975;0.0;0.0;0.0;0.0;3;0.0;0.0;1016.9375;56.458333333333336;100;42.166666666666664;0.0;21.791666666666668;6.0;-0.1680268379108585;0.9157155366653734;8386.0;1026.0;6247.0;50400.0;4202.5;4020.0;12.270833333333334;13.8;199.79166666666666;355.0;8.599999999999998;3.8999999999999773;0.9310037391700824
2024-12-28;13.433333333333332;0.0;0.0;0.0;0.0;3;0.0;0.0;1017.6166666666667;86.04166666666667;100;79.79166666666667;1.5416666666666667;48.958333333333336;0.0;-0.088636708408162;0.9362804372351654;6332.0;794.0;2695.0;44858.55;4090.0;4030.0;12.345833333333333;13.5;144.375;300.0;6.000000000000002;3.5;0.940466651841896
2024-12-29;15.091666666666667;0.0;0.0;0.0;0.0;3;0.0;0.0;1014.1708333333332;24.708333333333332;100;23.875;0.0;1.1666666666666667;15.0;-0.7115940931051313;-0.5175033284057344;9114.0;1069.0;7885.0;50400.0;4137.5;4030.0;13.016666666666666;15.0;201.66666666666666;365.0;9.9;3.2000000000000455;0.8798726318354991
2024-12-30;14.883333333333333;0.0;0.0;0.0;0.0;3;0.0;0.0;1014.8458333333333;44.208333333333336;100;0.25;3.5;41.916666666666664;11.0;-0.6785617253528843;-0.6856297355030718;8533.0;1031.0;6839.0;46938.8;3902.9166666666665;3670.0;12.895833333333334;15.3;309.375;475.0;10.399999999999999;2.8999999999999773;0.9646419798660514
2024-12-31;14.070833333333333;0.0;0.0;0.0;0.0;1;0.0;0.0;1016.3458333333333;3.3333333333333335;37;3.3333333333333335;0.0;0.0;23.0;-0.4569789981203456;-0.857461463395209;9299.0;1086.0;8156.0;50400.0;3985.8333333333335;3860.0;12.195833333333333;13.8;422.9166666666667;820.0;7.299999999999999;2.699999999999932;0.9716326290995626
2025-01-01;15.112499999999999;0.0;0.0;0.0;0.0;0;0.0;0.0;1016.5291666666667;0.125;3;0.0;0.0;0.125;24.0;-0.5328390231918138;-0.7983368114366383;9368.0;1095.0;8272.0;50400.0;4255.833333333333;4200.0;12.508333333333333;14.9;296.4583333333333;450.0;9.8;2.0;0.9598224258324165
2025-01-02;16.433333333333334;0.0;0.0;0.0;0.0;0;0.0;0.0;1014.3208333333333;0.0;0;0.0;0.0;0.0;24.0;-0.553711575902455;-0.786627131912916;9328.0;1091.0;8243.0;50400.0;4619.583333333333;4390.0;13.220833333333333;15.1;211.25;320.0;10.3;3.8999999999999773;0.9619660877338246
2025-01-03;17.270833333333332;0.0;0.0;0.0;0.0;3;0.0;0.0;1013.6208333333334;29.208333333333332;100;29.208333333333332;0.0;0.0;13.0;-0.380773759636256;0.23973813680290576;8675.0;1036.0;7016.0;50400.0;4610.416666666667;4560.0;14.3375;15.7;132.70833333333334;285.0;8.600000000000001;3.300000000000068;0.44995892064193815
2025-01-04;14.795833333333334;0.0;0.0;0.0;0.0;3;0.0;0.0;1015.2666666666668;80.08333333333333;100;77.79166666666667;0.0;19.875;1.0;-0.24072762895061905;0.8529843329903759;7030.0;952.0;3938.0;43200.0;4438.75;4350.0;13.408333333333333;14.7;213.125;380.0;7.600000000000001;3.7000000000000455;0.8863024673706056
2025-01-05;16.995833333333334;0.0;0.0;0.0;0.0;3;0.0;0.0;1012.125;84.25;100;14.583333333333334;0.375;79.33333333333333;1.0;-0.6591839981463067;0.012663857422555672;8237.0;1007.0;5941.0;46800.0;4404.583333333333;4350.0;14.183333333333332;15.6;122.70833333333333;240.0;7.600000000000001;3.0;0.6593056322351333
2025-01-06;15.783333333333333;0.0;0.0;0.0;0.0;3;0.0;0.0;1012.7708333333334;36.583333333333336;100;21.75;0.25;17.416666666666668;8.0;-0.4421060048135088;0.24405952076981;8968.0;1039.0;7683.0;50400.0;4472.5;4360.0;13.262500000000001;14.3;193.54166666666666;330.0;6.999999999999998;4.7999999999999545;0.5049977912531416
2025-01-07;15.066666666666668;0.0;0.0;0.0;0.0;2;0.0;0.0;1015.35;8.375;53;6.875;0.0;2.0416666666666665;21.0;-0.7016441947833557;-0.594798568603571;9008.0;1063.0;7739.0;50400.0;4352.916666666667;4270.0;13.091666666666667;14.6;305.2083333333333;440.0;9.0;4.300000000000068;0.9198314591739297
2025-01-08;15.85;0.0;0.0;0.0;0.0;0;0.0;0.0;1015.8833333333333;0.08333333333333333;1;0.08333333333333333;0.0;0.0;24.0;-0.6427584379571171;-0.7232663720027596;9100.0;1065.0;7984.0;50400.0;4328.75;4230.0;13.991666666666667;15.4;343.9583333333333;510.0;8.900000000000002;1.8999999999999773;0.9676014956763488
2025-01-09;15.9625;0.0;0.0;0.0;0.0;1;0.0;0.0;1014.8125;3.25;28;3.25;0.0;0.0;22.0;-0.5648562807481146;-0.8008701806058526;8907.0;1050.0;7736.0;50400.0;4057.9166666666665;3970.0;14.174999999999999;15.2;278.125;410.0;7.699999999999999;2.6000000000000227;0.9800283996314819
2025-01-10;16.133333333333333;0.0;0.0;0.0;0.0;3;0.0;0.0;1014.1916666666666;17.625;100;3.5833333333333335;0.25;14.041666666666666;18.0;-0.6651678162142131;-0.6988126555511828;9166.0;1076.0;8074.0;50400.0;4148.75;3990.0;13.133333333333333;14.3;222.70833333333334;410.0;8.899999999999999;2.199999999999932;0.9647732123590917
2025-01-11;17.145833333333332;0.0;0.0;0.0;0.0;1;0.0;0.0;1012.3458333333333;2.8333333333333335;33;2.0833333333333335;0.0;0.75;23.0;-0.5748657495213219;-0.7881735435328286;8957.0;1051.0;7893.0;50400.0;4529.583333333333;4030.0;14.0625;15.7;243.54166666666666;395.0;9.899999999999999;5.099999999999909;0.9755450603113148
2025-01-12;17.154166666666665;0.0;0.0;0.0;0.0;1;0.0;0.0;1012.1791666666667;11.291666666666666;49;11.291666666666666;0.0;0.0;18.0;-0.6445410395321148;-0.7352325300348611;8897.0;1054.0;7769.0;50400.0;4779.166666666667;4590.0;15.070833333333333;17.4;295.625;475.0;9.9;4.2000000000000455;0.9777525376405842
2025-01-13;15.108333333333334;0.0;0.0;0.0;0.0;1;0.0;0.0;1015.0416666666666;7.958333333333333;34;1.25;0.0;6.666666666666667;22.0;-0.6484441412979852;-0.7211182710307856;9002.0;1064.0;7884.0;50400.0;4509.166666666667;4270.0;13.216666666666667;14.4;280.0;515.0;11.099999999999998;2.2999999999999545;0.9697893406292477
2025-01-14;14.841666666666667;0.0;0.0;0.0;0.0;2;0.0;0.0;1016.1416666666668;15.583333333333334;68;1.2083333333333333;0.16666666666666666;14.333333333333334;17.0;-0.697089538131452;-0.4764174483770969;8755.0;1037.0;7658.0;50400.0;4081.6666666666665;3920.0;12.070833333333333;12.9;254.79166666666666;435.0;7.300000000000001;2.5;0.8443384447545101
2025-01-15;16.2375;1.7;0.0;0.0;0.0;51;0.0;0.0;1016.6958333333333;81.41666666666667;100;81.16666666666667;23.083333333333332;9.25;2.0;-0.06839493665969675;0.6040017245822529;2272.0;303.0;157.0;7200.0;4014.5833333333335;3860.0;14.783333333333333;16.7;174.375;315.0;5.1;2.7000000000000455;0.6078617858189636
2025-01-16;14.895833333333334;0.0;0.0;0.0;0.0;1;0.0;0.0;1017.6625;3.375;37;0.625;0.0;2.75;23.0;-0.5859274189191516;-0.761721040347097;8876.0;1055.0;7740.0;50400.0;3962.9166666666665;3750.0;12.966666666666667;14.1;331.6666666666667;490.0;8.400000000000002;2.2999999999999545;0.9610046220225597
2025-01-17;13.549999999999999;0.0;0.0;0.0;0.0;3;0.0;0.0;1018.5;42.833333333333336;100;0.7916666666666666;0.25;42.541666666666664;10.0;-0.5597437177055298;-0.8103013317135012;8729.0;1050.0;7234.0;50400.0;3866.25;3740.0;12.070833333333333;13.5;383.3333333333333;570.0;8.900000000000002;2.3999999999999773;0.9848356602436171
2025-01-18;14.854166666666666;0.0;0.0;0.0;0.0;0;0.0;0.0;1019.0958333333333;0.0;0;0.0;0.0;0.0;24.0;-0.5712426841922663;-0.788541505114022;9025.0;1072.0;7949.0;50400.0;3674.1666666666665;3590.0;12.795833333333334;14.4;245.0;370.0;9.799999999999999;2.6000000000000227;0.9737124367751869
2025-01-19;15.970833333333333;0.0;0.0;0.0;0.0;3;0.0;0.0;1016.9125;44.458333333333336;100;0.0;0.25;44.458333333333336;13.0;-0.5479044753713574;-0.77725801761551;8548.0;1072.0;6967.0;44549.66;4188.75;3990.0;13.2125;15.3;198.33333333333334;345.0;10.3;6.2999999999999545;0.9509623231650952
2025-01-20;14.5375;0.0;0.0;0.0;0.0;3;0.0;0.0;1013.5416666666666;49.375;100;2.7083333333333335;2.625;45.458333333333336;12.0;-0.6600026127871154;-0.7148534778082442;8258.0;1038.0;6316.0;48496.15;4181.25;4040.0;13.220833333333333;14.9;315.625;430.0;9.700000000000001;2.0;0.9729434431766117
2025-01-21;16.070833333333333;0.0;0.0;0.0;0.0;3;0.0;0.0;1014.4708333333333;25.625;100;25.625;0.0;0.0;17.0;-0.7264789309311471;-0.6396881899214424;8528.0;1044.0;7168.0;44825.87;4367.083333333333;4090.0;14.1625;15.1;342.0833333333333;480.0;9.399999999999999;3.6000000000000227;0.9679734590430844
2025-01-22;14.125;0.0;0.0;0.0;0.0;3;0.0;0.0;1015.8291666666668;9.625;94;1.5416666666666667;0.0;8.208333333333334;22.0;-0.6677348229493713;-0.36351790336448603;8823.0;1054.0;7710.0;50244.71;4455.0;3830.0;11.9375;12.9;365.0;695.0;7.700000000000001;4.399999999999977;0.760273016649769
2025-01-23;15.495833333333332;0.0;0.0;0.0;0.0;3;0.0;0.0;1017.9499999999999;51.0;100;35.083333333333336;20.208333333333332;22.791666666666668;7.0;-0.3348576910754755;0.07667577227975264;7386.0;969.0;5387.0;44547.06;3687.5;3360.0;13.141666666666666;15.2;317.0833333333333;580.0;9.799999999999999;3.1000000000000227;0.3435241582874414
2025-01-24;14.637500000000001;0.0;0.0;0.0;0.0;1;0.0;0.0;1016.9416666666666;2.6666666666666665;36;0.0;0.0;2.6666666666666665;22.0;-0.39490199519984787;-0.8758075478275297;8703.0;1045.0;7620.0;50115.77;4461.666666666667;4040.0;12.754166666666668;14.4;365.2083333333333;520.0;7.899999999999999;4.5;0.9607218362483968
2025-01-25;15.887500000000001;0.0;0.0;0.0;0.0;2;0.0;0.0;1013.65;6.541666666666667;58;0.08333333333333333;0.0;6.5;21.0;-0.5719194339443447;-0.7741277963403629;8835.0;1062.0;7781.0;50051.59;4649.583333333333;4530.0;13.358333333333334;15.4;246.45833333333334;370.0;10.4;2.3999999999999773;0.9624789265173581
2025-01-26;15.637500000000001;0.0;0.0;0.0;0.0;3;0.0;0.0;1014.2666666666668;7.208333333333333;96;2.5416666666666665;0.4583333333333333;4.708333333333333;22.0;-0.702708661375779;-0.6611790902184397;8487.0;1023.0;7403.0;49987.73;4437.916666666667;3990.0;13.970833333333333;15.2;335.8333333333333;655.0;7.1;4.199999999999932;0.9648612605523257
2025-01-27;16.133333333333333;0.0;0.0;0.0;0.0;3;0.0;0.0;1014.5500000000001;14.291666666666666;100;13.916666666666666;3.4166666666666665;0.0;20.0;-0.5087364071755259;-0.8412912125845734;8614.0;1046.0;7501.0;49924.19;4268.75;3920.0;13.829166666666666;15.0;280.4166666666667;480.0;6.800000000000001;3.2000000000000455;0.9831498544768668
2025-01-28;15.354166666666666;0.0;0.0;0.0;0.0;0;0.0;0.0;1012.5541666666667;0.0;0;0.0;0.0;0.0;24.0;-0.5497852522769634;-0.7768014159474458;8832.0;1069.0;7800.0;49860.3;4575.416666666667;4310.0;12.525;14.8;204.16666666666666;335.0;10.1;3.1000000000000227;0.951674452446424
2025-01-29;16.091666666666665;0.0;0.0;0.0;0.0;2;0.0;0.0;1012.3958333333334;4.916666666666667;58;4.916666666666667;0.0;0.0;21.0;-0.6932735756075719;-0.6547349507411825;8784.0;1061.0;7739.0;49795.97;4883.75;4800.0;13.591666666666667;15.6;194.375;345.0;11.299999999999999;2.1000000000000227;0.9535754329667718
2025-01-30;15.1;0.0;0.0;0.0;0.0;3;0.0;0.0;1014.3000000000001;19.541666666666668;100;17.875;0.0;1.6666666666666667;17.0;-0.6565314301706763;-0.6498108598172462;8611.0;1045.0;7506.0;49720.88;4915.833333333333;4780.0;13.25;14.9;303.9583333333333;520.0;8.600000000000001;3.2999999999999545;0.9237357156342837
2025-01-31;16.7625;0.0;0.0;0.0;0.0;1;0.0;0.0;1013.7541666666666;1.6666666666666667;27;1.6666666666666667;0.0;0.0;23.0;-0.48668653795353684;-0.8169411120288683;8324.0;1011.0;7238.0;49606.93;4915.416666666667;4680.0;14.433333333333332;17.3;277.0833333333333;460.0;10.399999999999999;3.8999999999999773;0.950924059401256
2025-02-01;14.470833333333333;0.0;0.0;0.0;0.0;0;0.0;0.0;1011.5708333333333;0.0;0;0.0;0.0;0.0;24.0;-0.6122646113660453;-0.7643769351889879;8550.0;1037.0;7513.0;49490.95;4686.666666666667;4360.0;12.7875;14.1;314.375;540.0;8.899999999999999;3.199999999999932;0.979356959121711
2025-02-02;15.508333333333333;0.0;0.0;0.0;0.0;0;0.0;0.0;1014.4291666666667;0.7916666666666666;12;0.7916666666666666;0.0;0.0;24.0;-0.5142428621970537;-0.696950711782454;8237.0;1005.0;7126.0;49373.11;4117.083333333333;3810.0;13.025;15.1;406.6666666666667;780.0;9.299999999999999;2.6000000000000227;0.8661327934991766
2025-02-03;15.158333333333333;0.0;0.0;0.0;0.0;0;0.0;0.0;1014.3125;0.2916666666666667;4;0.25;0.0;0.041666666666666664;24.0;-0.49753579030854356;-0.8123882604259308;8369.0;1028.0;7327.0;49253.56;3872.5;3440.0;12.9625;13.8;357.5;610.0;6.199999999999999;2.300000000000068;0.9526366297365523
2025-02-04;16.279166666666665;0.0;0.0;0.0;0.0;0;0.0;0.0;1013.0708333333333;0.5416666666666666;6;0.0;0.4583333333333333;0.08333333333333333;24.0;-0.5613087219775322;-0.6725618109130589;8238.0;1012.0;7214.0;49132.44;3501.25;3250.0;12.729166666666666;14.6;218.125;375.0;9.500000000000002;2.2000000000000455;0.8760176201804982
2025-02-05;16.995833333333334;0.1;0.0;0.0;0.0;51;0.0;0.0;1014.7125;47.875;100;47.875;0.0;0.0;7.0;-0.49194525583871157;-0.04125569020506938;7144.0;954.0;4746.0;46023.63;4247.5;3270.0;14.545833333333334;16.4;258.3333333333333;540.0;8.1;3.0;0.4936721247108368
2025-02-06;16.370833333333334;0.0;0.0;0.0;0.0;0;0.0;0.0;1012.1791666666667;0.3333333333333333;2;0.3333333333333333;0.0;0.0;24.0;-0.41798984715761045;-0.8627574234593945;8247.0;1016.0;7225.0;48886.07;4837.083333333333;4770.0;14.233333333333334;15.9;290.4166666666667;465.0;8.7;4.0;0.9586792394023851
2025-02-07;17.145833333333332;0.0;0.0;0.0;0.0;0;0.0;0.0;1012.8291666666668;1.7916666666666667;18;0.0;0.0;1.7916666666666667;24.0;-0.6256106359062376;-0.7248399999377688;8172.0;1006.0;7153.0;48761.1;4896.666666666667;4780.0;14.329166666666666;16.1;212.91666666666666;380.0;7.899999999999999;6.599999999999909;0.9574871765557968
2025-02-08;18.158333333333335;0.0;0.0;0.0;0.0;3;0.0;0.0;1014.5208333333334;13.916666666666666;100;0.0;0.0;13.916666666666666;20.0;-0.3849554171931106;-0.8879592387297855;8105.0;1000.0;7096.0;48635.12;4998.75;4880.0;15.075000000000001;17.9;252.70833333333334;360.0;12.100000000000001;3.800000000000068;0.9678131446058698
2025-02-09;18.891666666666666;0.0;0.0;0.0;0.0;3;0.0;0.0;1009.7333333333332;59.5;100;0.0;0.0;59.5;6.0;-0.5134763612803189;-0.827505882591256;8093.0;1002.0;6805.0;48508.29;5106.666666666667;5030.0;14.833333333333334;17.4;220.83333333333334;400.0;11.7;5.199999999999932;0.9738706070709857
2025-02-10;16.770833333333332;0.0;0.0;0.0;0.0;3;0.0;0.0;1015.0666666666666;57.5;100;5.041666666666667;0.0;57.458333333333336;10.0;-0.47326340935595335;-0.8589792467982941;7352.0;982.0;5618.0;40963.24;4802.5;4450.0;14.658333333333333;16.1;296.0416666666667;530.0;9.1;3.7999999999999545;0.9807260581147955
2025-02-11;13.6;0.0;0.0;0.0;0.0;0;0.0;0.0;1014.5833333333334;0.0;0;0.0;0.0;0.0;24.0;-0.46078020637301015;-0.8525242980784359;8161.0;1015.0;7149.0;48252.5;3976.25;3810.0;11.533333333333333;12.9;401.6666666666667;570.0;7.299999999999999;3.1000000000000227;0.9690800159941818
2025-02-12;14.166666666666666;0.0;0.0;0.0;0.0;0;0.0;0.0;1014.7833333333333;0.0;0;0.0;0.0;0.0;24.0;-0.5216391911117413;-0.7820970333926968;8135.0;1015.0;7130.0;47963.84;3750.8333333333335;3630.0;11.695833333333333;13.4;257.5;450.0;7.999999999999998;2.2000000000000455;0.9400974499196181
2025-02-13;13.966666666666667;0.0;0.0;0.0;0.0;0;0.0;0.0;1016.0875;0.4583333333333333;6;0.4583333333333333;0.0;0.0;24.0;-0.578175636491458;-0.7690426196589555;8015.0;1002.0;6994.0;47628.29;4015.0;3920.0;12.433333333333332;13.7;306.875;500.0;8.4;2.8999999999999773;0.9621401236224438
2025-02-14;13.079166666666666;0.0;0.0;0.0;0.0;2;0.0;0.0;1016.9458333333333;5.0;51;5.0;0.0;0.0;22.0;-0.5503273459211501;-0.7801370451521651;7861.0;989.0;6790.0;47292.9;3837.5;3600.0;11.841666666666667;13.9;402.7083333333333;620.0;8.6;2.699999999999932;0.9547114731097393
2025-02-15;12.512500000000001;0.0;0.0;0.0;0.0;1;0.0;0.0;1015.0833333333334;5.125;23;5.125;0.0;0.0;21.0;-0.6013763441496768;-0.7657346700879306;7796.0;986.0;6696.0;46957.75;3548.3333333333335;3490.0;11.829166666666666;13.5;352.0833333333333;535.0;8.499999999999998;1.8999999999999773;0.9736545035470757
2025-02-16;13.15;0.0;0.0;0.0;0.0;0;0.0;0.0;1016.2708333333334;0.20833333333333334;3;0.20833333333333334;0.0;0.0;24.0;-0.529524431296397;-0.8111566663777721;7831.0;990.0;6805.0;46622.2;3851.6666666666665;3630.0;11.862499999999999;13.2;242.91666666666666;380.0;8.0;2.2999999999999545;0.9686956491844447
2025-02-17;14.058333333333332;0.0;0.0;0.0;0.0;0;0.0;0.0;1017.0541666666667;0.5;7;0.0;0.0;0.5;24.0;-0.5071213448168158;-0.8203014924777712;7820.0;991.0;6830.0;46580.04;4189.166666666667;3920.0;12.137500000000001;14.1;207.08333333333334;340.0;9.099999999999998;2.5;0.9643996043809199
2025-02-18;16.6875;0.0;0.0;0.0;0.0;3;0.0;0.0;1011.1;12.291666666666666;92;0.0;0.0;12.291666666666666;20.0;-0.511164703473087;-0.5399548949478555;7628.0;967.0;6672.0;46536.23;4926.25;4550.0;13.5875;16.2;137.08333333333334;250.0;11.2;8.800000000000068;0.7435325431041191
2025-02-19;12.941666666666668;0.2;0.0;0.0;0.0;51;0.0;0.0;1013.0916666666667;76.91666666666667;100;76.91666666666667;0.0;0.041666666666666664;5.0;0.04849325619526202;0.583039844089089;5131.0;811.0;2339.0;38836.44;4311.25;3820.0;12.554166666666667;14.1;335.8333333333333;655.0;6.4;5.400000000000091;0.5850530366486859
2025-02-20;14.424999999999999;0.0;0.0;0.0;0.0;3;0.0;0.0;1015.625;28.875;100;28.875;0.0;0.0;15.0;-0.7376301339009417;-0.3936660069018448;7324.0;937.0;6124.0;45565.8;4006.6666666666665;3860.0;12.433333333333332;13.2;296.4583333333333;460.0;6.200000000000001;3.2000000000000455;0.8361047419006572
2025-02-21;14.887500000000001;0.0;0.0;0.0;0.0;3;0.0;0.0;1016.5749999999999;17.875;99;2.2083333333333335;0.0;15.666666666666666;18.0;-0.5372477125569998;-0.6978081849505656;7524.0;962.0;6540.0;45710.29;4321.666666666667;4160.0;12.920833333333334;14.5;254.58333333333334;365.0;8.899999999999999;1.7000000000000455;0.8806652983010806
2025-02-22;16.266666666666666;0.0;0.0;0.0;0.0;3;0.0;0.0;1016.4;52.458333333333336;100;11.25;0.0;43.458333333333336;7.0;-0.5603280831142156;-0.7664199044318671;6805.0;891.0;4879.0;44756.85;4862.5;4660.0;14.5;16.4;305.2083333333333;490.0;8.5;2.1000000000000227;0.9494035130732368
2025-02-23;17.325;0.0;0.0;0.0;0.0;3;0.0;0.0;1015.4583333333334;44.708333333333336;97;44.708333333333336;0.0;0.0;2.0;-0.6036359616094159;-0.7385760595283456;6493.0;914.0;4369.0;43337.73;4593.333333333333;4350.0;15.941666666666668;17.7;235.41666666666666;340.0;8.100000000000001;2.0;0.9538715688479988
2025-02-24;17.570833333333333;0.0;0.0;0.0;0.0;3;0.0;0.0;1015.1125000000001;7.75;96;7.75;0.0;0.0;22.0;-0.4759818438664885;-0.8294569337470893;7367.0;953.0;6394.0;44828.17;4377.083333333333;4290.0;15.120833333333332;16.0;232.5;410.0;6.400000000000002;2.0;0.9563250078460072
2025-02-25;15.6625;0.0;0.0;0.0;0.0;2;0.0;0.0;1014.3833333333333;3.625;67;0.4166666666666667;0.0;3.2083333333333335;23.0;-0.5741109200397191;-0.7875654424086093;7413.0;952.0;6469.0;44801.82;4332.5;4180.0;13.525;15.3;252.29166666666666;470.0;9.0;2.900000000000091;0.9746089854834713
2025-02-26;16.295833333333334;0.0;0.0;0.0;0.0;3;0.0;0.0;1012.8333333333334;4.75;100;0.0;0.0;4.75;23.0;-0.5881696515154206;-0.7373910193456226;7339.0;949.0;6415.0;44322.18;4510.0;4220.0;13.729166666666666;15.8;209.79166666666666;325.0;9.600000000000001;5.0;0.9432332979572697
2025-02-27;16.462500000000002;0.0;0.0;0.0;0.0;3;0.0;0.0;1012.1041666666666;31.458333333333332;100;12.208333333333334;0.4166666666666667;18.916666666666668;12.0;-0.6209126719144604;-0.15587726077069244;6953.0;907.0;5894.0;43781.53;4032.0833333333335;3620.0;13.879166666666668;15.9;215.0;300.0;8.7;4.100000000000023;0.6401798704812022
2025-02-28;16.287499999999998;3.0;0.0;0.0;0.0;55;0.0;0.0;1013.2083333333334;100.0;100;100.0;6.166666666666667;0.125;0.0;0.32767420127271857;0.9185726718483501;2959.0;364.0;782.0;14201.89;3554.1666666666665;3460.0;15.720833333333333;16.3;231.875;340.0;2.1000000000000014;2.8999999999999773;0.9752672124327418
2025-03-01;15.9125;0.0;0.0;0.0;0.0;3;0.0;0.0;1014.1083333333332;79.5;100;79.5;0.08333333333333333;0.0;5.0;-0.0688344499345696;0.46307153600814766;3353.0;440.0;802.0;18469.09;3894.5833333333335;3660.0;14.825000000000001;15.7;238.125;385.0;4.100000000000001;3.400000000000091;0.46815961910307896
2025-03-02;15.0;0.0;0.0;0.0;0.0;3;0.0;0.0;1015.4833333333332;17.708333333333332;88;0.8333333333333334;0.0;17.166666666666668;17.0;-0.0581139418035464;0.66430335448027;6942.0;912.0;5943.0;43611.58;3875.4166666666665;3600.0;13.049999999999999;14.6;211.25;400.0;8.2;4.099999999999909;0.6668404434388223
2025-03-03;16.420833333333334;0.6000000000000001;0.0;0.0;0.0;51;0.0;0.0;1016.7416666666667;58.958333333333336;100;44.833333333333336;9.333333333333334;32.833333333333336;7.0;-0.2325447261922481;0.29639660602604606;5028.0;745.0;2791.0;32920.86;3833.75;3650.0;14.612499999999999;16.2;233.95833333333334;370.0;6.699999999999999;3.1000000000000227;0.3767333244399635
2025-03-04;17.270833333333332;0.0;0.0;0.0;0.0;0;0.0;0.0;1014.8125;0.041666666666666664;1;0.041666666666666664;0.0;0.0;24.0;-0.5209344454091792;-0.61151851724346;6711.0;883.0;5717.0;43200.0;4502.5;4420.0;14.512500000000001;16.1;310.625;585.0;9.600000000000001;2.5;0.8033228450289516
2025-03-05;17.633333333333333;0.0;0.0;0.0;0.0;3;0.0;0.0;1010.7875;39.041666666666664;100;39.041666666666664;0.0;2.7916666666666665;9.0;-0.2798512562558431;-0.10488265082532884;5756.0;748.0;3667.0;43200.0;4138.75;3880.0;15.487499999999999;16.7;200.625;355.0;6.100000000000001;2.800000000000068;0.29885965949274823
2025-03-06;15.9375;4.6;0.30000000000000004;0.2;1.0;61;0.0;0.0;1012.9083333333333;88.79166666666667;100;82.16666666666667;11.791666666666666;30.083333333333332;0.0;0.29413204967737944;0.9438066368370293;4027.0;569.0;1650.0;26945.15;3656.25;3320.0;15.950000000000001;16.4;473.75;700.0;1.8000000000000007;4.899999999999977;0.9885770735683892
2025-03-07;15.108333333333334;26.2;5.2;1.7;6.0;65;0.0;0.0;1019.8000000000001;46.0;100;35.083333333333336;43.208333333333336;5.083333333333333;11.0;-0.5425978387864632;-0.1395476324236529;6035.0;843.0;4733.0;39639.27;3227.5;2670.0;14.025;16.0;615.0;910.0;7.0;11.399999999999977;0.560255260011709
2025-03-08;12.870833333333332;0.0;0.0;0.0;0.0;0;0.0;0.0;1021.5958333333333;0.0;0;0.0;0.0;0.0;24.0;-0.20199217894309515;-0.9003858848470213;6927.0;915.0;6038.0;43200.0;4068.75;3890.0;11.908333333333333;14.6;437.0833333333333;650.0;9.2;6.600000000000136;0.9227651824738149
2025-03-09;15.4625;0.0;0.0;0.0;0.0;2;0.0;0.0;1015.6041666666666;9.541666666666666;70;0.0;0.0;9.541666666666666;19.0;-0.31355107437119206;-0.9263710681642731;6782.0;899.0;5916.0;43200.0;4594.166666666667;4120.0;13.404166666666667;18.0;223.33333333333334;295.0;12.4;5.7000000000000455;0.977996744458357
2025-03-10;15.137500000000001;0.0;0.0;0.0;0.0;3;0.0;0.0;1017.4958333333334;29.75;100;2.625;0.08333333333333333;27.416666666666668;14.0;-0.41468173486818977;-0.8927492684888279;6398.0;867.0;5427.0;43200.0;4270.416666666667;4100.0;14.2125;17.1;372.5;735.0;9.499999999999998;3.300000000000068;0.9843587748481896
2025-03-11;15.025;0.0;0.0;0.0;0.0;2;0.0;0.0;1016.1958333333333;15.25;69;0.0;0.0;15.25;16.0;-0.28601389906493074;-0.8998648246005091;6768.0;903.0;5915.0;43200.0;4144.166666666667;4010.0;12.645833333333334;16.2;227.5;470.0;9.8;5.0;0.9442248953568367
2025-03-12;17.758333333333333;0.0;0.0;0.0;0.0;0;0.0;0.0;1014.5208333333334;0.0;0;0.0;0.0;0.0;24.0;-0.27951470908219617;-0.8411386481431492;6667.0;890.0;5831.0;43200.0;4611.25;4390.0;14.0375;17.9;177.5;370.0;11.299999999999999;2.699999999999932;0.886364878587475
2025-03-13;16.166666666666668;0.0;0.0;0.0;0.0;3;0.0;0.0;1012.5291666666667;61.625;100;3.2916666666666665;0.0;58.583333333333336;6.0;-0.5910889551464318;-0.7753362879874649;6032.0;857.0;4462.0;43200.0;4480.416666666667;4120.0;14.083333333333334;15.3;136.875;245.0;7.800000000000001;2.5;0.974952569290569
2025-03-14;13.35;0.0;0.0;0.0;0.0;3;0.0;0.0;1013.7166666666667;39.416666666666664;100;26.291666666666668;0.0;13.583333333333334;11.0;-0.46953383412935734;0.0003040805819782;5982.0;841.0;4676.0;43200.0;3931.6666666666665;3810.0;12.329166666666666;13.7;224.375;395.0;6.600000000000001;5.5;0.4695339325940301
2025-03-15;12.4125;0.0;0.0;0.0;0.0;3;0.0;0.0;1017.6541666666667;35.5;100;35.208333333333336;0.0;6.0;13.0;-0.27307609120033166;-0.6644196794316818;4844.0;682.0;2585.0;38046.03;3746.6666666666665;3690.0;11.420833333333334;13.4;217.29166666666666;345.0;7.800000000000001;4.0;0.7183481481853703
2025-03-16;12.891666666666667;0.0;0.0;0.0;0.0;3;0.0;0.0;1019.4666666666667;19.791666666666668;90;19.666666666666668;0.0;0.125;17.0;-0.43712610674901636;-0.8497046197512635;6206.0;853.0;5244.0;43200.0;3832.5;3720.0;12.125;13.7;215.0;355.0;6.600000000000001;2.8999999999999773;0.9555507176640033
2025-03-17;14.116666666666667;0.0;0.0;0.0;0.0;2;0.0;0.0;1019.7083333333334;8.541666666666666;68;4.75;0.0;3.7916666666666665;20.0;-0.3811470906037051;-0.8836526065027147;6151.0;838.0;5307.0;43200.0;4161.25;3980.0;12.9125;15.1;221.45833333333334;360.0;8.9;2.2999999999999545;0.9623487068909641
2025-03-18;13.941666666666668;0.0;0.0;0.0;0.0;0;0.0;0.0;1015.2416666666667;0.041666666666666664;1;0.0;0.0;0.041666666666666664;24.0;-0.444961457271357;-0.8254820587582493;6273.0;857.0;5467.0;43200.0;4560.833333333333;4380.0;12.4375;14.9;211.66666666666666;395.0;7.1;7.199999999999932;0.9377693361316563
2025-03-19;14.375;0.0;0.0;0.0;0.0;3;0.0;0.0;1014.1208333333334;15.291666666666666;81;15.166666666666666;0.0;0.16666666666666666;18.0;-0.569028485746022;-0.7667764501651275;6171.0;847.0;5315.0;43200.0;4543.333333333333;4450.0;12.729166666666666;14.9;162.5;255.0;9.8;3.2000000000000455;0.9548505339152537
2025-03-20;15.504166666666668;0.0;0.0;0.0;0.0;2;0.0;0.0;1014.975;17.958333333333332;71;13.375;0.125;4.916666666666667;18.0;-0.5199803113738364;-0.8295528670253706;5844.0;816.0;4860.0;43135.61;4286.666666666667;4120.0;14.941666666666668;16.8;297.9166666666667;525.0;8.3;2.8999999999999773;0.979049275269863
2025-03-21;14.966666666666667;0.0;0.0;0.0;0.0;3;0.0;0.0;1016.1916666666666;48.416666666666664;100;16.75;0.0;31.75;5.0;-0.5082808213965616;-0.8330829547827935;5517.0;808.0;4326.0;42996.42;4055.0;3990.0;14.183333333333332;15.2;308.5416666666667;470.0;7.300000000000001;2.2000000000000455;0.9758978445253342
2025-03-22;12.866666666666667;0.0;0.0;0.0;0.0;0;0.0;0.0;1015.3208333333333;1.8333333333333333;19;1.8333333333333333;0.0;0.0;24.0;-0.5218854215345735;-0.8375926245694543;5934.0;821.0;5105.0;42854.48;3964.1666666666665;3900.0;11.945833333333333;12.6;231.66666666666666;400.0;5.600000000000001;3.099999999999909;0.9868767896467452
2025-03-23;14.0875;0.0;0.0;0.0;0.0;1;0.0;0.0;1012.3000000000001;4.708333333333333;49;4.666666666666667;0.0;0.0;22.0;0.1629783576975127;-0.889826525949307;5919.0;817.0;5134.0;42713.03;3307.5;2770.0;11.0875;13.0;641.875;1560.0;10.1;3.8999999999999773;0.9046287588623253
2025-03-24;13.766666666666666;0.0;0.0;0.0;0.0;0;0.0;0.0;1012.0708333333333;0.6666666666666666;5;0.0;0.08333333333333333;0.6666666666666666;24.0;0.2196620220260107;-0.32429368202564146;5850.0;813.0;5068.0;42572.16;3017.0833333333335;2700.0;10.4375;13.9;247.91666666666666;850.0;12.8;2.7999999999999545;0.3916858385521533
2025-03-25;12.379166666666668;0.0;0.0;0.0;0.0;3;0.0;0.0;1011.8166666666666;40.458333333333336;100;14.5;7.833333333333333;36.625;13.0;0.36248739923914114;0.9105801061202072;5009.0;797.0;3482.0;36559.65;3727.5;3630.0;12.058333333333332;13.6;244.58333333333334;455.0;5.199999999999999;4.2999999999999545;0.9800781827329106
2025-03-26;14.191666666666668;0.1;0.0;0.0;0.0;51;0.0;0.0;1015.4625;59.166666666666664;100;35.708333333333336;0.0;26.625;7.0;-0.04976622463506423;0.4386139613348002;5292.0;772.0;4148.0;42292.53;3556.6666666666665;3330.0;13.0875;14.0;233.125;530.0;6.0;4.5;0.4414282322102125
2025-03-27;12.529166666666667;0.30000000000000004;0.0;0.0;0.0;51;0.0;0.0;1015.4666666666667;90.79166666666667;100;69.08333333333333;15.333333333333334;72.125;0.0;0.03791239701029243;0.4699101966594306;3152.0;481.0;956.0;24766.59;3126.6666666666665;2700.0;12.333333333333334;13.3;206.25;410.0;3.6999999999999993;4.899999999999977;0.47143710372813336
2025-03-28;14.975;0.0;0.0;0.0;0.0;3;0.0;0.0;1015.9208333333332;81.33333333333333;100;38.5;4.25;48.5;4.0;0.054340343316913016;0.20134651028186726;4178.0;619.0;1947.0;41573.85;3397.0833333333335;2660.0;13.358333333333334;14.3;145.20833333333334;350.0;5.700000000000001;3.900000000000091;0.20855044980648219
2025-03-29;11.520833333333334;22.7;6.0;1.8;6.0;63;0.0;0.0;1011.5458333333332;100.0;100;89.58333333333333;34.916666666666664;90.33333333333333;0.0;0.1879642659037468;0.8492781558593432;2280.0;387.0;343.0;7291.93;3650.0;3180.0;13.016666666666666;14.1;466.6666666666667;975.0;3.5;4.2000000000000455;0.8698298404151131
2025-03-30;10.654166666666667;0.1;0.1;0.1;0.0;51;0.0;0.0;1021.3583333333332;9.833333333333334;98;7.625;3.0416666666666665;2.8333333333333335;23.0;-0.525956383819746;-0.809923991262357;5184.0;733.0;4183.0;41738.06;2037.0833333333333;1760.0;10.741666666666667;12.8;599.7916666666666;865.0;4.1;13.899999999999977;0.9657157911637826
2025-03-31;10.612499999999999;0.0;0.0;0.0;0.0;1;0.0;0.0;1023.0791666666668;4.0;38;0.25;0.0;3.75;22.0;-0.17168455070832556;-0.8953976697325642;5449.0;774.0;4632.0;41598.91;2941.6666666666665;2020.0;10.395833333333334;12.7;409.1666666666667;1095.0;7.8;9.0;0.9117086003293079
2025-04-01;10.395833333333334;0.0;0.0;0.0;0.0;3;0.0;0.0;1018.6999999999999;20.333333333333332;99;15.541666666666666;0.041666666666666664;4.75;18.0;-0.4749619125227947;-0.8455067167198255;5379.0;771.0;4572.0;41459.63;3069.5833333333335;2900.0;10.079166666666667;12.2;347.2916666666667;700.0;7.8999999999999995;3.6000000000000227;0.9697785450120301
2025-04-02;11.904166666666667;0.0;0.0;0.0;0.0;3;0.0;0.0;1019.8458333333333;71.16666666666667;100;33.75;34.041666666666664;20.583333333333332;2.0;-0.013601876664682872;-0.23816789221518617;4199.0;586.0;2411.0;36492.93;3095.8333333333335;2830.0;10.604166666666666;11.8;252.91666666666666;765.0;6.800000000000001;2.5;0.23855598070688938
2025-04-03;14.200000000000001;0.0;0.0;0.0;0.0;3;0.0;0.0;1017.2291666666666;25.166666666666668;100;5.75;0.0;21.041666666666668;16.0;-0.10786119386495534;-0.8753836563872327;5374.0;772.0;4613.0;41181.1;3960.4166666666665;3640.0;12.541666666666666;15.6;199.79166666666666;510.0;8.500000000000002;6.5;0.8820037318582356
2025-04-04;13.516666666666666;0.0;0.0;0.0;0.0;3;0.0;0.0;1013.6;54.375;100;3.6666666666666665;0.0;53.083333333333336;9.0;0.3605751548001008;0.054989559855663124;5123.0;745.0;4141.0;41042.0;4342.083333333333;4290.0;11.433333333333332;15.1;246.66666666666666;365.0;12.6;1.8999999999999773;0.3647441486195991
2025-04-05;12.1;0.0;0.0;0.0;0.0;3;0.0;0.0;1014.5708333333333;67.83333333333333;100;41.708333333333336;0.0;42.833333333333336;4.0;0.2923888404712664;0.9415149357984146;4198.0;642.0;2684.0;31386.52;4089.1666666666665;3970.0;12.049999999999999;13.1;409.1666666666667;680.0;4.9;3.2999999999999545;0.9858709897160096
2025-04-06;13.575000000000001;0.0;0.0;0.0;0.0;3;0.0;0.0;1018.1374999999999;27.25;100;9.666666666666666;1.0;17.875;14.0;0.23900688231033726;0.38773200445615563;4524.0;633.0;3346.0;40019.56;3927.9166666666665;3800.0;12.445833333333333;14.1;281.875;765.0;5.899999999999999;5.0;0.45547820702125336
2025-04-07;13.133333333333333;0.0;0.0;0.0;0.0;3;0.0;0.0;1016.2291666666666;9.583333333333334;85;9.583333333333334;0.0;0.0;21.0;-0.36146307351954854;-0.8522661411019623;4945.0;722.0;4094.0;40013.75;4141.666666666667;4070.0;12.387500000000001;14.1;181.66666666666666;285.0;7.1;6.100000000000023;0.925750035801797
2025-04-08;12.733333333333334;0.0;0.0;0.0;0.0;3;0.0;0.0;1013.3291666666668;81.5;100;49.416666666666664;0.0;43.875;3.0;-0.47051596787894717;-0.6157751669933065;4534.0;700.0;3257.0;39132.7;4191.25;4080.0;12.229166666666666;13.7;267.2916666666667;455.0;6.0;3.699999999999932;0.7749608585694486
2025-04-09;12.895833333333334;0.4;0.0;0.0;0.0;51;0.0;0.0;1014.5500000000001;99.29166666666667;100;19.083333333333332;14.625;99.16666666666667;0.0;0.05791468242407588;0.149563561333191;3647.0;541.0;1677.0;30235.3;3738.75;3090.0;12.241666666666667;13.5;271.6666666666667;435.0;5.399999999999999;2.6000000000000227;0.1603850657603405
2025-04-10;12.466666666666667;27.1;2.5;0.7;6.0;65;0.0;0.0;1018.1916666666666;38.166666666666664;100;27.5;35.75;4.333333333333333;15.0;-0.67043918336248;0.3042254510439444;4738.0;712.0;3931.0;37114.06;2275.4166666666665;1950.0;11.6875;13.9;531.0416666666666;890.0;4.0;6.7000000000000455;0.7362348970611489
2025-04-11;11.075000000000001;0.0;0.0;0.0;0.0;1;0.0;0.0;1021.0708333333333;5.291666666666667;29;2.7083333333333335;2.7916666666666665;0.0;22.0;-0.4759452227858822;-0.6799086477391313;4506.0;660.0;3618.0;38362.31;1967.5;1840.0;10.270833333333334;11.4;383.125;730.0;5.299999999999999;5.100000000000023;0.829939530546146
2025-04-12;10.700000000000001;0.0;0.0;0.0;0.0;3;0.0;0.0;1021.225;14.75;100;0.0;0.0;14.75;20.0;-0.16051759637985188;-0.8700634942223396;4715.0;703.0;3908.0;38808.48;3126.25;2150.0;10.491666666666667;12.3;331.0416666666667;675.0;6.9;4.7999999999999545;0.8847465076087909
2025-04-13;10.541666666666666;0.0;0.0;0.0;0.0;3;0.0;0.0;1016.6458333333334;70.58333333333333;100;11.333333333333334;1.7083333333333333;70.29166666666667;6.0;-0.4102945150077713;-0.6382992437897267;3391.0;549.0;1379.0;25666.41;3497.0833333333335;3200.0;10.045833333333333;12.2;235.0;565.0;5.800000000000001;3.5;0.7587934591626362
2025-04-14;12.174999999999999;3.3;3.3;0.9;5.0;55;0.0;0.0;1018.0749999999999;65.54166666666667;100;51.583333333333336;48.041666666666664;0.0;2.0;0.12925148898374353;0.8363703349852926;2912.0;576.0;1617.0;24289.28;2636.6666666666665;2180.0;12.120833333333332;14.0;305.2083333333333;615.0;6.1;6.0;0.8462985788998616
2025-04-15;10.8125;0.0;0.0;0.0;0.0;3;0.0;0.0;1018.9666666666667;63.875;100;41.958333333333336;0.75;39.958333333333336;8.0;-0.038507058379894515;-0.43060534614228957;3504.0;533.0;1702.0;29648.59;3422.0833333333335;2960.0;10.6875;12.6;191.875;430.0;6.8999999999999995;4.0;0.43232367234676566
2025-04-16;11.325000000000001;0.8;0.0;0.0;0.0;51;0.0;0.0;1017.1583333333333;92.375;100;53.916666666666664;40.041666666666664;46.416666666666664;0.0;0.1197849725265262;0.23230701436818504;2518.0;489.0;1242.0;18570.239999999998;2875.4166666666665;2550.0;11.383333333333333;14.0;262.9166666666667;440.0;7.0;2.3999999999999773;0.26137136141482825
2025-04-17;11.158333333333333;0.0;0.0;0.0;0.0;3;0.0;0.0;1018.4916666666667;26.666666666666668;100;6.25;19.583333333333332;9.625;15.0;-0.17050523033069595;-0.8878763993804784;4503.0;681.0;3759.0;37616.79;3242.0833333333335;3030.0;10.770833333333334;12.3;355.4166666666667;590.0;5.9;2.7999999999999545;0.9040998474432823
2025-04-18;10.654166666666667;0.0;0.0;0.0;0.0;3;0.0;0.0;1017.0708333333333;50.958333333333336;100;0.0;0.0;50.958333333333336;8.0;-0.29298265950781816;-0.8697426444026028;4552.0;687.0;3834.0;37924.97;3765.8333333333335;3580.0;9.733333333333333;11.7;268.125;595.0;6.6;4.0;0.9177641888114324
2025-04-19;10.325000000000001;0.0;0.0;0.0;0.0;3;0.0;0.0;1014.7583333333333;74.41666666666667;100;3.1666666666666665;0.0;72.625;4.0;-0.09634081367941756;-0.7831072976234608;4073.0;668.0;2890.0;36000.0;3901.25;3820.0;9.591666666666667;12.5;103.95833333333333;210.0;8.899999999999999;3.1000000000000227;0.7890111481921734
2025-04-20;10.5625;0.0;0.0;0.0;0.0;3;0.0;0.0;1015.6458333333334;80.45833333333333;100;41.541666666666664;12.125;43.541666666666664;2.0;-0.4366335601484473;-0.6935546623629244;4045.0;645.0;3036.0;36794.93;3815.4166666666665;3720.0;10.2125;12.0;210.20833333333334;410.0;6.3999999999999995;3.3999999999999773;0.8195528875754498
2025-04-21;12.325000000000001;4.0;0.2;0.1;0.0;61;0.0;0.0;1015.9875000000001;99.79166666666667;100;51.041666666666664;80.125;61.833333333333336;0.0;0.283525229578982;0.6779711819499528;1230.0;278.0;138.0;3112.56;3521.6666666666665;3370.0;12.125;13.8;177.08333333333334;295.0;3.0999999999999996;1.2000000000000455;0.7348683415159687
2025-04-22;13.525;24.6;0.8;0.5;2.0;65;0.0;0.0;1015.3083333333334;100.0;100;99.95833333333333;72.29166666666667;56.708333333333336;0.0;0.14885388016254206;0.9800727103621304;894.0;178.0;47.0;687.21;3401.25;3130.0;14.4375;15.0;282.0833333333333;380.0;1.3999999999999986;2.3999999999999773;0.991312259197886
2025-04-23;16.141666666666666;2.7;4.9;1.6;7.0;55;0.0;0.0;1014.9666666666667;90.33333333333333;100;81.16666666666667;34.5;30.75;0.0;0.19377326740178383;0.302113548002142;3038.0;488.0;1646.0;29204.42;3103.3333333333335;3010.0;15.091666666666667;17.3;147.29166666666666;470.0;6.800000000000001;2.6000000000000227;0.3589159721244038
2025-04-24;12.404166666666667;17.5;2.1;0.8;5.0;63;0.0;0.0;1012.9375;99.91666666666667;100;91.5;29.375;78.16666666666667;0.0;0.21290568014594624;0.9258686056393127;2028.0;428.0;496.0;10470.17;3529.5833333333335;2650.0;13.670833333333334;14.6;582.5;1050.0;7.699999999999999;6.0;0.9500323697363648
2025-04-25;11.4375;4.4;4.2;1.1;5.0;61;0.0;0.0;1016.2375000000001;45.291666666666664;100;21.583333333333332;33.041666666666664;9.166666666666666;10.0;-0.7257439513577536;0.3384685742021874;2585.0;438.0;1429.0;29357.93;1997.5;1760.0;11.245833333333332;13.2;430.8333333333333;785.0;4.799999999999999;10.100000000000023;0.8007903962054159
2025-04-26;9.483333333333333;0.0;0.0;0.0;0.0;3;0.0;0.0;1021.3041666666667;30.333333333333332;100;0.125;0.75;30.166666666666668;15.0;0.08803255683367694;-0.8157788882398078;3994.0;621.0;3302.0;36370.3;2795.8333333333335;1870.0;9.120833333333334;11.0;380.625;1100.0;7.2;3.1000000000000227;0.8205150367668171
2025-04-27;11.049999999999999;0.0;0.0;0.0;0.0;2;0.0;0.0;1021.1833333333334;13.583333333333334;72;0.041666666666666664;0.0;13.541666666666666;18.0;0.013983776523120455;-0.8881320372103403;3936.0;614.0;3256.0;36399.13;3716.25;3320.0;10.450000000000001;13.6;237.5;435.0;7.5;4.2000000000000455;0.8882421187521102
2025-04-28;10.358333333333333;0.0;0.0;0.0;0.0;3;0.0;0.0;1016.6791666666667;12.166666666666666;91;3.3333333333333335;0.0;9.0;19.0;-0.2693087833931646;-0.871212795625544;3924.0;615.0;3224.0;36427.96;3896.6666666666665;3670.0;10.229166666666666;12.5;191.45833333333334;265.0;6.500000000000001;4.2000000000000455;0.911887578638059
2025-04-29;9.958333333333334;0.0;0.0;0.0;0.0;3;0.0;0.0;1016.5833333333334;62.125;100;38.916666666666664;0.0;26.458333333333332;5.0;-0.2679965216477372;-0.7635410342472073;3766.0;600.0;2994.0;36000.0;3537.5;3480.0;10.012500000000001;11.7;225.41666666666666;375.0;5.9;3.0;0.8092076659267268
2025-04-30;8.9;0.0;0.0;0.0;0.0;3;0.0;0.0;1014.1958333333333;96.875;100;67.33333333333333;14.458333333333334;86.83333333333333;0.0;0.3889190721076323;0.5894135973299607;3296.0;565.0;2028.0;28446.53;3185.4166666666665;2560.0;9.866666666666667;11.5;414.375;775.0;4.8999999999999995;2.8999999999999773;0.7061631775776097
2025-05-01;11.6625;7.3;0.2;0.1;0.0;61;0.0;0.0;1019.2125;60.875;100;31.041666666666668;48.291666666666664;15.5;8.0;-0.15606070035769057;0.5607591318307732;3045.0;539.0;1952.0;30094.56;2650.0;2020.0;11.325000000000001;12.4;337.2916666666667;800.0;5.299999999999999;7.599999999999909;0.5820702243954207
2025-05-02;9.016666666666667;0.0;0.0;0.0;0.0;3;0.0;0.0;1020.7583333333333;58.166666666666664;100;19.125;4.375;43.833333333333336;5.0;0.01340405337150847;-0.6908569630238178;3555.0;576.0;2675.0;33837.2;3451.25;3160.0;8.762500000000001;10.9;183.125;645.0;7.999999999999999;3.699999999999932;0.6909869839622734
2025-05-03;10.991666666666667;6.0;1.3;0.4;5.0;61;0.0;0.0;1017.0416666666666;68.54166666666667;100;39.041666666666664;46.791666666666664;48.958333333333336;5.0;0.2906066570056796;0.09017975430013242;1553.0;285.0;530.0;12988.82;3456.6666666666665;3050.0;10.683333333333332;13.6;162.91666666666666;335.0;5.6000000000000005;2.8999999999999773;0.30427720450544593
2025-05-04;9.450000000000001;0.0;0.0;0.0;0.0;3;0.0;0.0;1019.1583333333333;69.45833333333333;100;26.875;0.0;55.458333333333336;4.0;-0.25705789446512667;-0.9126991592723157;3444.0;556.0;2335.0;35934.1;3304.1666666666665;3020.0;9.904166666666667;11.2;278.3333333333333;440.0;4.9;2.6000000000000227;0.9482080554621102
2025-05-05;8.166666666666666;0.0;0.0;0.0;0.0;3;0.0;0.0;1017.9041666666667;53.125;100;32.291666666666664;7.208333333333333;20.583333333333332;9.0;-0.27629015846438926;-0.7294530155381143;3669.0;584.0;3017.0;35885.83;3396.25;3150.0;7.9624999999999995;9.6;253.125;715.0;7.1;2.5;0.7800243288141248
2025-05-06;9.741666666666667;10.9;4.3;0.7;10.0;61;0.0;0.0;1016.9458333333333;83.75;100;73.16666666666667;50.458333333333336;19.166666666666668;2.0;0.2908878823980758;0.893657248541723;1033.0;255.0;244.0;3696.34;2491.6666666666665;2320.0;10.854166666666666;12.7;380.625;695.0;4.299999999999999;2.5;0.9398079793219463
2025-05-07;11.016666666666666;20.7;2.4;1.0;4.0;63;0.0;0.0;1013.3166666666666;95.75;100;67.95833333333333;73.58333333333333;68.25;0.0;0.2637796651736308;0.8965318569957627;1081.0;224.0;103.0;2294.3900000000003;2348.3333333333335;2150.0;11.8125;12.8;365.8333333333333;590.0;4.199999999999999;3.6000000000000227;0.9345314774620399
2025-05-08;11.070833333333333;10.1;3.0;0.5;8.0;63;0.0;0.0;1014.9499999999999;91.58333333333333;100;61.25;53.958333333333336;53.416666666666664;0.0;0.3264996694003947;0.8514237218087679;1898.0;350.0;709.0;16646.04;2357.5;2190.0;12.083333333333334;12.6;510.8333333333333;760.0;3.3000000000000007;7.899999999999977;0.9118795908327268
2025-05-09;12.775;0.6000000000000001;0.0;0.0;0.0;51;0.0;0.0;1022.2416666666667;46.833333333333336;100;15.0;42.875;20.625;12.0;0.005293765039582734;0.4437535924276064;2980.0;505.0;2056.0;35645.27;3152.9166666666665;2310.0;12.612499999999999;13.9;263.5416666666667;415.0;5.199999999999999;3.2999999999999545;0.4437851673284052
2025-05-10;12.220833333333333;0.0;0.0;0.0;0.0;3;0.0;0.0;1016.3291666666668;6.708333333333333;99;2.4583333333333335;0.0;5.041666666666667;22.0;-0.08773873418418998;-0.8877595720121416;3448.0;557.0;2838.0;35591.19;4435.833333333333;4230.0;12.0375;14.8;206.45833333333334;335.0;6.900000000000002;8.700000000000045;0.8920847174878767
2025-05-11;10.9375;0.0;0.0;0.0;0.0;3;0.0;0.0;1015.3833333333333;57.041666666666664;100;48.333333333333336;0.0;37.083333333333336;9.0;-0.378234285739647;-0.7238159624070332;2663.0;476.0;1481.0;26719.97;4090.0;3700.0;10.733333333333334;12.7;189.16666666666666;465.0;5.799999999999999;5.2999999999999545;0.816682755018251
2025-05-12;11.058333333333332;0.0;0.0;0.0;0.0;3;0.0;0.0;1016.7166666666667;37.208333333333336;100;24.5;0.0;15.166666666666666;13.0;-0.18023760675584852;-0.7545240516381164;3163.0;523.0;2381.0;34691.47;3791.6666666666665;3530.0;11.025;13.5;217.91666666666666;350.0;7.199999999999999;3.6000000000000227;0.7757526277038801
2025-05-13;10.65;0.5;0.0;0.0;0.0;51;0.0;0.0;1016.5708333333333;83.04166666666667;100;68.33333333333333;26.375;13.083333333333334;0.0;0.49431759327279806;0.2835919469217128;1921.0;361.0;602.0;24119.04;3070.0;2770.0;10.612499999999999;13.2;118.54166666666667;280.0;8.7;5.300000000000068;0.569889704572612
2025-05-14;11.975;0.0;0.0;0.0;0.0;3;0.0;0.0;1017.5333333333333;48.625;100;48.625;0.125;0.0;12.0;-0.3014603082096629;-0.6500280073710919;2791.0;518.0;1926.0;28095.64;3479.1666666666665;3100.0;11.729166666666666;12.9;254.58333333333334;515.0;4.4;3.099999999999909;0.7165296419497921
2025-05-15;10.2125;0.0;0.0;0.0;0.0;3;0.0;0.0;1016.6333333333333;9.208333333333334;86;7.833333333333333;0.0;2.9583333333333335;22.0;0.24185954413306587;-0.4396548605239537;3137.0;521.0;2472.0;35339.64;3545.8333333333335;3480.0;9.629166666666666;12.8;105.0;295.0;8.899999999999999;2.2000000000000455;0.5017892341118845
2025-05-16;9.616666666666665;1.1;0.1;0.1;0.0;53;0.0;0.0;1014.475;100.0;100;94.08333333333333;63.166666666666664;94.25;0.0;0.44357070816794303;0.8426182513458559;1116.0;227.0;98.0;1532.91;3358.3333333333335;2690.0;11.508333333333333;12.7;443.75;775.0;2.700000000000001;4.399999999999977;0.9522397233080326
2025-05-17;9.958333333333334;30.5;4.2;1.0;7.0;65;0.0;0.0;1016.2875;54.75;100;36.541666666666664;47.125;35.5;7.0;-0.43577822867501376;0.2561606852458989;2681.0;483.0;1916.0;28749.86;2015.8333333333333;1650.0;10.820833333333333;13.3;646.6666666666666;1135.0;4.0;16.500000000000114;0.5054908122337943
2025-05-18;7.3875;0.0;0.0;0.0;0.0;3;0.0;0.0;1020.8833333333333;65.91666666666667;100;29.833333333333332;35.583333333333336;9.666666666666666;6.0;0.25767368110097216;-0.7256411537722953;2335.0;498.0;1296.0;23295.26;2190.4166666666665;1870.0;7.720833333333334;9.7;192.70833333333334;665.0;7.8999999999999995;5.699999999999932;0.7700329927867464
2025-05-19;6.645833333333333;0.0;0.0;0.0;0.0;3;0.0;0.0;1020.8083333333334;52.791666666666664;100;11.041666666666666;11.208333333333334;37.75;8.0;0.49634300740382753;-0.7812156469205124;3032.0;513.0;2193.0;35163.25;2437.5;1930.0;6.804166666666667;9.5;212.91666666666666;605.0;9.6;2.7000000000000455;0.9255561938597303
2025-05-20;9.325000000000001;0.0;0.0;0.0;0.0;3;0.0;0.0;1017.4833333333332;78.08333333333333;100;0.0;49.708333333333336;67.66666666666667;2.0;0.21367725799039414;-0.18501953301829177;2743.0;514.0;1844.0;25200.0;3244.5833333333335;3090.0;8.245833333333334;10.9;173.54166666666666;255.0;9.1;4.2000000000000455;0.28264854179811405
2025-05-21;11.179166666666667;0.2;0.0;0.0;0.0;51;0.0;0.0;1020.0;69.33333333333333;100;31.083333333333332;12.875;37.041666666666664;3.0;0.25466360771563684;-0.2006631866989089;2764.0;507.0;1900.0;28995.97;3291.6666666666665;2670.0;10.7875;12.8;267.2916666666667;495.0;7.6;4.5;0.32422101657805114
2025-05-22;7.554166666666667;0.0;0.0;0.0;0.0;3;0.0;0.0;1015.15;87.08333333333333;100;0.0;5.125;87.08333333333333;3.0;-0.05259680865192997;-0.9109837950866689;2395.0;444.0;1112.0;26601.04;3581.6666666666665;3400.0;7.016666666666667;9.6;146.875;335.0;6.8999999999999995;4.100000000000023;0.912500903665787
2025-05-23;7.516666666666667;6.4;0.0;0.0;0.0;63;0.0;0.0;1017.0666666666666;87.08333333333333;100;21.458333333333332;63.375;70.79166666666667;2.0;0.4740950279374721;-0.5906319391863585;861.0;180.0;46.0;1627.34;2862.5;2420.0;7.791666666666667;10.0;76.875;180.0;5.9;6.0;0.7573718922049264
2025-05-24;7.808333333333334;0.0;0.0;0.0;0.0;3;0.0;0.0;1017.8583333333332;31.541666666666668;100;25.791666666666668;0.08333333333333333;5.833333333333333;14.0;0.2517384819782063;-0.648398945096735;2906.0;492.0;2242.0;34978.07;3179.5833333333335;2960.0;8.266666666666667;12.1;96.45833333333333;235.0;10.5;5.2999999999999545;0.6955526258388006
2025-05-25;9.020833333333334;33.7;5.8;1.0;9.0;63;0.0;0.0;1012.4916666666667;89.79166666666667;100;43.791666666666664;49.541666666666664;72.79166666666667;0.0;0.007522037660745828;0.83443820830417;494.0;90.0;49.0;1635.71;2625.4166666666665;2110.0;11.1;13.8;502.7083333333333;865.0;6.8999999999999995;3.6000000000000227;0.8344721112945855
2025-05-26;9.2875;3.4;6.7;0.8;13.0;53;0.0;0.0;1019.2708333333334;44.625;100;23.0;22.5;16.166666666666668;4.0;-0.7186818329136119;-0.3389133112994544;2466.0;445.0;1660.0;34419.38;1710.4166666666667;1310.0;9.450000000000001;11.6;528.3333333333334;800.0;6.8999999999999995;10.799999999999955;0.7945853066449377
2025-05-27;5.3500000000000005;0.0;0.0;0.0;0.0;2;0.0;0.0;1029.5416666666667;7.541666666666667;59;2.2916666666666665;0.0;5.25;20.0;0.3487779539109867;-0.6961540892753245;2977.0;501.0;2390.0;34887.84;2313.3333333333335;1170.0;5.7625;7.8;293.5416666666667;725.0;6.699999999999999;5.099999999999909;0.7786376417494154
2025-05-28;6.370833333333334;0.0;0.0;0.0;0.0;3;0.0;0.0;1023.6750000000001;43.416666666666664;100;0.5;0.0;42.916666666666664;14.0;0.023129438346838102;-0.898232055979749;2561.0;443.0;1599.0;32400.0;3701.25;3640.0;6.358333333333333;10.5;156.25;245.0;8.6;9.199999999999932;0.8985297976738708
2025-05-29;9.191666666666666;0.0;0.0;0.0;0.0;3;0.0;0.0;1021.5291666666667;42.083333333333336;100;2.6666666666666665;2.2083333333333335;38.208333333333336;11.0;-0.08408796069501323;-0.8684747282861536;2789.0;479.0;2152.0;32400.0;3281.6666666666665;2860.0;9.299999999999999;13.8;169.16666666666666;420.0;10.4;3.8999999999999773;0.8725360386858266
2025-05-30;8.825000000000001;0.0;0.0;0.0;0.0;3;0.0;0.0;1024.9333333333334;37.25;100;37.25;0.0;0.0;12.0;-0.09606654495319146;-0.9680484113784843;2632.0;470.0;1885.0;34814.07;2808.3333333333335;2620.0;9.229166666666666;11.0;365.8333333333333;800.0;6.4;2.900000000000091;0.9728034271278296
2025-05-31;6.7250000000000005;0.0;0.0;0.0;0.0;3;0.0;0.0;1022.9333333333334;6.5;87;0.0;0.0;6.5;21.0;0.09276018230199296;-0.9526894526609815;2929.0;495.0;2402.0;34775.6;3073.75;2780.0;6.354166666666667;10.1;260.8333333333333;510.0;8.100000000000001;5.2999999999999545;0.9571946743647185
2025-06-01;7.670833333333333;0.0;0.0;0.0;0.0;3;0.0;0.0;1019.2708333333334;66.16666666666667;100;0.0;7.958333333333333;65.75;5.0;-0.18673128117852011;-0.8561576064821415;2741.0;473.0;2103.0;34717.37;3405.4166666666665;3280.0;6.970833333333334;10.2;120.83333333333333;230.0;8.4;2.5;0.8762844392706063
2025-06-02;9.262500000000001;0.0;0.0;0.0;0.0;3;0.0;0.0;1018.0333333333333;99.91666666666667;100;3.4166666666666665;73.75;99.20833333333333;0.0;0.09362682401273696;-0.2712651370667871;1691.0;315.0;401.0;12566.66;3186.25;3000.0;9.108333333333333;11.6;69.58333333333333;160.0;7.6000000000000005;3.0;0.28696821559638763
2025-06-03;9.466666666666667;5.8;1.2000000000000002;0.3;3.0;63;0.0;0.0;1014.9125;95.16666666666667;100;27.291666666666668;58.458333333333336;83.25;0.0;0.5284023981794682;0.8220598103993608;1512.0;358.0;496.0;10821.66;2932.5;2690.0;10.237499999999999;11.3;235.41666666666666;430.0;3.3999999999999995;3.1000000000000227;0.9772366275757609
2025-06-04;10.783333333333333;2.5;0.7;0.3;2.0;55;0.0;0.0;1017.8375;40.583333333333336;100;22.291666666666668;26.708333333333332;29.791666666666668;13.0;0.32365014424198496;-0.3259655456469955;2420.0;466.0;1718.0;33280.37;2803.3333333333335;2660.0;10.658333333333333;12.7;117.91666666666667;360.0;7.3999999999999995;5.400000000000091;0.459350577246618
2025-06-05;9.079166666666667;0.0;0.0;0.0;0.0;3;0.0;0.0;1017.5416666666666;13.083333333333334;90;13.083333333333334;0.0;0.0;17.0;0.229784118692524;-0.7803887874802795;2694.0;470.0;2046.0;34368.08;3265.0;3000.0;9.433333333333334;12.9;131.45833333333334;305.0;9.7;4.600000000000023;0.8135154582601616
2025-06-06;5.9375;0.0;0.0;0.0;0.0;3;0.0;0.0;1016.5291666666667;39.125;100;39.041666666666664;0.0;0.08333333333333333;12.0;0.5516718096075837;0.3656250984306038;2547.0;463.0;1766.0;32343.22;3054.1666666666665;2550.0;6.904166666666666;10.3;308.75;715.0;6.800000000000001;7.399999999999977;0.661833436838979
2025-06-07;9.704166666666667;0.0;0.0;0.0;0.0;3;0.0;0.0;1023.0416666666666;93.79166666666667;100;75.70833333333333;0.0;26.5;0.0;0.4108621098831484;0.027742781669095423;1501.0;278.0;381.0;13535.84;2498.75;2390.0;9.479166666666666;10.8;210.41666666666666;505.0;5.3;2.2999999999999545;0.4117976873081871
2025-06-08;6.904166666666666;0.0;0.0;0.0;0.0;3;0.0;0.0;1020.875;45.208333333333336;100;6.375;0.20833333333333334;39.166666666666664;10.0;0.14092045229208552;-0.7672958533402395;2731.0;478.0;2114.0;32740.05;3096.6666666666665;2690.0;7.220833333333334;9.7;87.91666666666667;160.0;8.3;4.600000000000023;0.7801291562474334
2025-06-09;5.258333333333334;0.0;0.0;0.0;0.0;3;0.0;0.0;1016.9666666666667;63.833333333333336;100;5.25;0.08333333333333333;63.666666666666664;8.0;0.1344682670362529;-0.821431995129875;2611.0;473.0;1815.0;32150.65;3434.5833333333335;3370.0;5.5;9.0;64.58333333333333;155.0;8.8;3.699999999999932;0.8323654470620341
2025-06-10;5.8125;0.0;0.0;0.0;0.0;3;0.0;0.0;1014.3125;76.79166666666667;100;8.708333333333334;0.0;70.29166666666667;0.0;0.29244654694731514;-0.4616289287816411;2664.0;460.0;1984.0;32906.9;3583.3333333333335;3420.0;6.05;10.1;60.208333333333336;140.0;10.0;2.699999999999932;0.5464670627855751
2025-06-11;7.491666666666667;16.5;0.9;0.9;1.0;65;0.0;0.0;1009.9125;98.20833333333333;100;91.25;46.333333333333336;64.54166666666667;0.0;0.2632050557612377;0.9052260535229633;1300.0;343.0;401.0;9678.83;2920.0;2070.0;10.208333333333334;11.5;1004.1666666666666;1490.0;2.500000000000001;7.599999999999909;0.9427147550319953
2025-06-12;8.158333333333333;15.6;12.7;1.2;20.0;63;0.0;0.0;1014.0291666666667;93.875;100;68.70833333333333;78.625;82.625;0.0;-0.46786598759581266;0.5705503915185619;1035.0;181.0;155.0;5846.44;1647.0833333333333;1500.0;9.204166666666667;9.9;410.0;1220.0;3.4000000000000004;9.700000000000045;0.7378525134544094
2025-06-13;7.4375;0.9;1.8;0.5;5.0;51;0.0;0.0;1020.5083333333333;39.125;100;21.75;21.708333333333332;27.291666666666668;11.0;0.43188123203116;0.8441103907156529;2471.0;421.0;1779.0;33842.31;1550.0;1430.0;8.308333333333334;9.2;314.7916666666667;605.0;3.5;2.0;0.9481791762609453
2025-06-14;5.291666666666667;41.9;1.2;0.7;3.0;63;0.0;0.0;1015.3916666666668;95.54166666666667;100;44.583333333333336;76.54166666666667;89.75;0.0;0.33454634302979946;0.9252291498849016;414.0;76.0;6.0;0.0;2115.0;1780.0;9.520833333333334;11.2;1049.375;1875.0;3.3999999999999995;12.799999999999955;0.9838547837111684
2025-06-15;10.15;48.3;5.7;0.9;10.0;65;0.0;0.0;1009.3333333333334;80.41666666666667;100;48.5;70.33333333333333;51.333333333333336;0.0;-0.24558063717102227;0.6109753563878457;1841.0;411.0;959.0;20273.87;2122.9166666666665;1750.0;11.270833333333334;13.2;416.0416666666667;1330.0;8.899999999999999;7.100000000000023;0.6584836637810997
2025-06-16;7.970833333333334;14.4;5.3;1.0;12.0;61;0.0;0.0;1017.1041666666666;73.91666666666667;100;63.916666666666664;47.541666666666664;43.041666666666664;4.0;0.26015385739464575;0.8916033581898947;1617.0;285.0;685.0;24492.22;1718.75;1690.0;9.220833333333333;10.2;319.7916666666667;530.0;2.6000000000000005;6.5;0.9287823091838104
2025-06-17;8.579166666666667;4.1;2.8;0.7;5.0;55;0.0;0.0;1021.6958333333333;44.083333333333336;100;38.166666666666664;31.166666666666668;33.291666666666664;12.0;0.13023581989914318;-0.34585237598112384;2532.0;442.0;1929.0;33216.3;1731.25;1670.0;8.895833333333334;9.7;263.75;845.0;4.4;7.600000000000136;0.3695608674583805
2025-06-18;5.604166666666667;0.0;0.0;0.0;0.0;2;0.0;0.0;1025.6625000000001;7.0;50;6.875;0.0;0.08333333333333333;22.0;0.11585294784826472;-0.8475102765908628;2704.0;463.0;2154.0;34154.63;2707.9166666666665;1780.0;6.425;9.0;195.0;440.0;6.999999999999999;2.7000000000000455;0.8553920589134865
2025-06-19;5.3999999999999995;0.0;0.0;0.0;0.0;2;0.0;0.0;1023.9458333333333;10.083333333333334;56;8.708333333333334;0.0;1.375;19.0;0.15851350699622613;-0.786703163570437;2731.0;469.0;2208.0;34149.43;3409.5833333333335;3290.0;6.245833333333334;9.7;207.70833333333334;405.0;8.6;2.300000000000068;0.8025138001754091
2025-06-20;8.095833333333333;0.0;0.0;0.0;0.0;3;0.0;0.0;1023.6;63.583333333333336;100;49.916666666666664;1.5;21.833333333333332;4.0;-0.21451659908459486;-0.798860865789889;1546.0;241.0;522.0;22168.53;2862.5;2530.0;8.870833333333334;12.0;203.125;390.0;8.399999999999999;2.0000000000001137;0.8271614438387418
2025-06-21;8.254166666666666;20.8;1.1;0.8;1.0;63;0.0;0.0;1021.4666666666667;96.08333333333333;100;52.916666666666664;67.33333333333333;81.16666666666667;0.0;-0.17299008984411315;0.07862312146335625;1468.0;396.0;639.0;10800.0;2578.3333333333335;2150.0;9.320833333333333;12.0;453.3333333333333;840.0;3.999999999999999;7.699999999999932;0.19001885804550034
2025-06-22;6.679166666666667;0.0;0.0;0.0;0.0;3;0.0;0.0;1024.45;36.708333333333336;100;35.708333333333336;2.625;0.0;11.0;-0.08375224737121127;-0.938280422105125;2302.0;468.0;1549.0;32063.51;2003.75;1360.0;7.4875;10.6;519.375;1190.0;4.6;11.400000000000091;0.942010928517021
2025-06-23;3.970833333333333;0.0;0.0;0.0;0.0;0;0.0;0.0;1026.5;0.0;0;0.0;0.0;0.0;24.0;0.14933433851779673;-0.7812378102099217;2713.0;464.0;2214.0;34159.25;2967.9166666666665;2160.0;4.783333333333333;6.5;262.5;570.0;6.699999999999999;6.099999999999909;0.7953824619402552
2025-06-24;5.833333333333333;0.7;0.6;0.5;1.0;53;0.0;0.0;1018.7833333333333;53.708333333333336;100;33.833333333333336;18.958333333333332;26.291666666666668;7.0;0.2061057206777409;-0.29895973916017166;2075.0;453.0;1288.0;22503.510000000002;2870.0;1580.0;6.379166666666666;9.8;207.91666666666666;520.0;9.799999999999999;6.600000000000023;0.363120494787624
2025-06-25;3.9458333333333333;0.0;0.0;0.0;0.0;3;0.0;0.0;1022.3666666666667;16.958333333333332;100;16.416666666666668;0.75;0.0;19.0;0.15992652298665724;-0.8272605222829302;2674.0;472.0;2077.0;32763.32;1518.75;1070.0;5.1375;6.8;438.75;1175.0;7.4;5.900000000000091;0.8425772750807063
2025-06-26;5.2875000000000005;0.0;0.0;0.0;0.0;3;0.0;0.0;1026.2916666666667;53.0;100;19.416666666666668;37.958333333333336;25.583333333333332;3.0;0.35315766654018715;0.23375107325969982;2172.0;394.0;1338.0;33250.91;1362.9166666666667;1240.0;5.395833333333333;8.4;172.91666666666666;710.0;8.4;2.300000000000182;0.42350903377162047
2025-06-27;6.554166666666667;0.0;0.0;0.0;0.0;3;0.0;0.0;1023.025;67.29166666666667;100;15.5;42.958333333333336;66.41666666666667;7.0;0.039632982827087035;-0.7581265710975135;2380.0;450.0;1547.0;23947.3;1591.25;1450.0;7.0249999999999995;8.6;190.625;390.0;4.9;3.5000000000001137;0.7591618214398332
2025-06-28;4.05;0.0;0.0;0.0;0.0;1;0.0;0.0;1026.0458333333333;7.291666666666667;37;5.0;2.3333333333333335;0.4583333333333333;21.0;0.25220924684555956;-0.6957324388545557;2768.0;472.0;2211.0;34238.76;1358.3333333333333;1120.0;4.758333333333334;7.7;154.16666666666666;335.0;7.2;9.200000000000045;0.7400358982298849
2025-06-29;0.9874999999999999;0.0;0.0;0.0;0.0;0;0.0;0.0;1030.0;1.3333333333333333;13;0.0;0.0;1.3333333333333333;24.0;0.5357904471602454;-0.7888507364804872;2917.0;493.0;2423.0;34263.36;1395.0;890.0;2.0166666666666666;4.4;328.5416666666667;615.0;7.7;5.600000000000136;0.9536020594115675
2025-06-30;1.4708333333333332;0.0;0.0;0.0;0.0;3;0.0;0.0;1022.775;70.33333333333333;100;0.0;25.958333333333332;68.45833333333333;3.0;0.235507070242717;-0.847166675791264;2479.0;431.0;1530.0;31087.7;2741.25;2180.0;1.6666666666666667;4.9;181.04166666666666;345.0;9.4;6.5;0.8792923044730511
2025-07-01;4.020833333333333;0.0;0.0;0.0;0.0;3;0.0;0.0;1021.7041666666668;70.625;100;0.0;30.583333333333332;53.916666666666664;4.0;0.3552813285109499;-0.4841783980055329;2365.0;427.0;1465.0;25463.88;2605.4166666666665;2430.0;3.725;7.6;78.75;280.0;10.200000000000001;3.1000000000000227;0.6005443726184683
2025-07-02;5.004166666666666;0.0;0.0;0.0;0.0;3;0.0;0.0;1020.4083333333333;94.79166666666667;100;0.0;0.0;94.79166666666667;1.0;0.1442209188405089;-0.8156774109172601;2535.0;456.0;1681.0;29383.61;3390.0;2720.0;5.254166666666666;9.9;74.58333333333333;140.0;12.1;3.7999999999999545;0.828329229299489
2025-07-03;6.733333333333333;0.0;0.0;0.0;0.0;3;0.0;0.0;1018.1041666666666;99.75;100;0.0;0.0;99.75;0.0;0.03152198130930837;-0.9277333258214417;2608.0;457.0;1758.0;32050.010000000002;3802.5;3640.0;6.875;10.8;92.5;205.0;10.8;2.5;0.9282686890902752
2025-07-04;7.045833333333333;0.0;0.0;0.0;0.0;3;0.0;0.0;1016.4250000000001;86.79166666666667;100;0.75;0.0;86.66666666666667;0.0;0.22927488123039677;-0.5577350626644866;2709.0;471.0;1935.0;32479.54;3772.0833333333335;3610.0;7.541666666666667;11.8;88.75;185.0;10.2;3.7000000000000455;0.6030218663436436
2025-07-05;7.2749999999999995;12.7;4.8;1.1;6.0;63;0.0;0.0;1014.4250000000001;83.625;100;70.83333333333333;40.666666666666664;39.458333333333336;1.0;0.4007515383226081;0.9110398057915304;1618.0;430.0;828.0;15850.39;3082.5;2240.0;10.070833333333333;11.2;810.2083333333334;1230.0;2.5999999999999996;3.2999999999999545;0.9952865533124651
2025-07-06;8.104166666666666;53.1;22.8;2.0;21.0;65;0.0;0.0;1017.1458333333334;97.54166666666667;100;86.875;51.25;34.625;0.0;0.1638565849900487;0.9477217776725103;563.0;151.0;95.0;2466.3900000000003;2315.0;2110.0;11.283333333333333;12.0;607.2916666666666;1020.0;4.700000000000001;9.399999999999977;0.9617824849306335
2025-07-07;10.658333333333333;0.1;0.0;0.0;0.0;51;0.0;0.0;1021.8541666666666;62.083333333333336;100;62.083333333333336;0.0;0.0;7.0;0.06806231775096976;-0.43588439238695426;1887.0;375.0;976.0;21204.5;3688.3333333333335;3040.0;11.1;12.0;254.375;515.0;6.0;3.2000000000000455;0.44116627548372084
2025-07-08;7.508333333333333;0.0;0.0;0.0;0.0;3;0.0;0.0;1019.7958333333332;65.04166666666667;100;21.166666666666668;0.0;54.208333333333336;5.0;-0.12366252274124466;-0.8860404343972487;2617.0;455.0;1767.0;32237.4;3444.1666666666665;3180.0;8.354166666666666;10.8;159.79166666666666;340.0;6.700000000000001;2.2999999999999545;0.8946284541180176
2025-07-09;5.129166666666666;0.0;0.0;0.0;0.0;3;0.0;0.0;1023.6625;31.083333333333332;94;31.083333333333332;0.0;0.0;14.0;0.008817543485487137;-0.8679685280931296;2903.0;489.0;2371.0;34665.04;2891.25;2720.0;5.716666666666666;8.1;169.79166666666666;440.0;7.5;6.399999999999977;0.8680133148940011
2025-07-10;4.645833333333333;0.0;0.0;0.0;0.0;0;0.0;0.0;1025.2749999999999;0.08333333333333333;1;0.08333333333333333;0.0;0.0;24.0;0.10048728486785859;-0.7470101277771843;2970.0;501.0;2459.0;34721.49;3273.3333333333335;2720.0;5.3875;9.1;174.79166666666666;420.0;9.2;2.2999999999999545;0.7537385656988764
2025-07-11;6.070833333333333;0.0;0.0;0.0;0.0;1;0.0;0.0;1021.6291666666666;8.166666666666666;40;8.166666666666666;0.0;0.0;19.0;-0.015883675076275264;-0.8754954674968065;2998.0;501.0;2494.0;34780.78;3975.8333333333335;3560.0;7.2250000000000005;10.8;185.0;355.0;8.2;5.000000000000114;0.8756395404168204
2025-07-12;6.395833333333333;0.0;0.0;0.0;0.0;3;0.0;0.0;1020.1458333333334;28.958333333333332;80;28.958333333333332;0.0;0.0;14.0;0.11971383771402185;-0.8397314641795465;2972.0;499.0;2396.0;34138.5;4045.8333333333335;3950.0;7.233333333333333;10.8;155.0;400.0;8.3;2.8999999999999773;0.8482218665380798
2025-07-13;6.179166666666667;0.0;0.0;0.0;0.0;3;0.0;0.0;1018.3916666666668;41.541666666666664;100;33.416666666666664;0.0;8.666666666666666;10.0;0.16775476978326376;-0.10908305764464465;2958.0;503.0;2341.0;33163.6;3713.75;3190.0;6.7875000000000005;8.9;204.58333333333334;505.0;6.4;3.0;0.20010191465885752
2025-07-14;7.5874999999999995;3.5;0.7;0.6;1.0;61;0.0;0.0;1020.0166666666668;94.0;100;55.166666666666664;13.458333333333334;76.5;0.0;0.3819142102751267;0.8781721609217074;2236.0;396.0;1299.0;29284.44;2973.75;1980.0;8.525;9.5;478.3333333333333;800.0;2.999999999999999;2.7000000000000455;0.9576245653845639
2025-07-15;7.675;2.6;1.9;0.7;5.0;55;0.0;0.0;1023.625;57.166666666666664;100;28.208333333333332;47.041666666666664;44.041666666666664;10.0;-0.07114761610964941;-0.192010596324145;2462.0;476.0;1629.0;24636.12;1863.3333333333333;1620.0;8.637500000000001;10.0;482.0833333333333;800.0;5.000000000000001;11.100000000000023;0.2047682894855544
2025-07-16;5.533333333333334;0.0;0.0;0.0;0.0;1;0.0;0.0;1027.4625;3.5;47;0.0;0.0;3.4583333333333335;23.0;0.09899679197716682;-0.847439937031735;3087.0;512.0;2575.0;35116.2;2947.9166666666665;2090.0;6.216666666666666;8.8;215.41666666666666;425.0;7.6;6.600000000000136;0.8532026791437786
2025-07-17;6.558333333333334;0.0;0.0;0.0;0.0;3;0.0;0.0;1019.4416666666666;26.25;100;0.75;0.0;25.625;17.0;-0.1753950260897017;-0.9211941923764648;3058.0;502.0;2534.0;35190.39;3982.5;3740.0;6.845833333333334;10.4;152.29166666666666;260.0;9.7;7.199999999999932;0.937743117940694
2025-07-18;7.454166666666667;0.0;0.0;0.0;0.0;3;0.0;0.0;1018.9666666666667;45.583333333333336;100;40.708333333333336;0.0;23.875;11.0;-0.23942661378754815;-0.8739562713934311;2959.0;495.0;2241.0;35266.76;3940.0;3810.0;8.5875;11.2;297.9166666666667;610.0;7.2;3.1000000000000227;0.9061592948801444
2025-07-19;8.704166666666667;0.0;0.0;0.0;0.0;3;0.0;0.0;1019.5041666666666;97.29166666666667;100;25.625;0.9583333333333334;96.83333333333333;0.0;-0.015346713056268039;-0.9028421605171341;2006.0;319.0;605.0;25327.65;3639.1666666666665;3410.0;9.420833333333333;11.9;167.5;370.0;6.300000000000001;2.0;0.9029725845278348
2025-07-20;8.65;0.0;0.0;0.0;0.0;3;0.0;0.0;1018.0124999999999;90.70833333333333;100;1.375;26.708333333333332;88.625;1.0;-0.01307017217879379;-0.46516906501969335;2564.0;432.0;1462.0;32051.97;3038.3333333333335;2580.0;8.637500000000001;11.0;89.16666666666667;275.0;7.9;2.3999999999999773;0.4653526495595346
2025-07-21;9.708333333333334;3.9;3.9;1.0;8.0;61;0.0;0.0;1019.6583333333333;88.45833333333333;100;79.91666666666667;30.083333333333332;21.416666666666668;1.0;0.2651413416988771;0.8860194133370988;995.0;237.0;91.0;2230.16;2529.1666666666665;2350.0;10.6625;12.1;179.79166666666666;355.0;3.8999999999999995;3.2000000000000455;0.9248407062235623
2025-07-22;8.283333333333333;0.2;0.0;0.0;0.0;51;0.0;0.0;1018.9208333333332;77.04166666666667;100;14.833333333333334;10.375;70.29166666666667;3.0;0.16814893713071144;-0.7720434448540323;3043.0;526.0;2277.0;32141.02;3145.8333333333335;2840.0;8.670833333333333;11.6;192.70833333333334;435.0;8.299999999999999;5.399999999999977;0.7901424844926827
2025-07-23;6.783333333333334;0.0;0.0;0.0;0.0;3;0.0;0.0;1017.1374999999999;81.0;100;17.708333333333332;3.9583333333333335;76.625;3.0;0.5119004752281416;0.4532867307640826;3150.0;530.0;2503.0;34020.020000000004;3024.5833333333335;2780.0;6.966666666666666;10.1;179.16666666666666;385.0;7.3999999999999995;3.2000000000000455;0.6837477289363286
2025-07-24;7.033333333333334;12.1;9.9;2.0;14.0;63;0.0;0.0;1013.1458333333334;83.875;100;67.5;50.041666666666664;44.25;0.0;0.11116776359248753;0.9528560991384986;835.0;147.0;154.0;9186.07;2115.8333333333335;1770.0;9.5;11.3;564.375;965.0;4.0;6.2000000000000455;0.9593190383431319
2025-07-25;8.625;28.7;13.6;1.4;17.0;63;0.0;0.0;1015.2083333333334;90.125;100;78.125;45.583333333333336;38.75;0.0;0.014037174797811108;0.9422082989824326;1987.0;383.0;937.0;31232.36;1950.0;1860.0;10.620833333333334;11.1;552.7083333333334;820.0;2.9000000000000004;3.2000000000000455;0.9423128572547833
2025-07-26;9.012500000000001;0.6000000000000001;0.0;0.0;0.0;51;0.0;0.0;1014.9708333333333;96.04166666666667;100;74.29166666666667;71.16666666666667;88.91666666666667;0.0;0.5781958298500106;0.6479492458189801;1080.0;231.0;84.0;2190.4900000000002;1940.4166666666667;1870.0;10.083333333333334;10.9;282.9166666666667;520.0;2.0999999999999996;3.5;0.8684173206548379
2025-07-27;7.704166666666667;24.0;8.6;1.0;15.0;63;0.0;0.0;1017.6999999999999;100.0;100;76.58333333333333;95.66666666666667;74.58333333333333;0.0;0.2988156485009831;0.9398017943981216;799.0;131.0;59.0;2623.72;2018.75;1830.0;10.591666666666667;11.1;667.2916666666666;850.0;1.7000000000000002;2.3999999999999773;0.9861633761922982
2025-07-28;9.362499999999999;7.6000000000000005;0.6;0.5;1.0;61;0.0;0.0;1018.375;100.0;100;77.83333333333333;80.91666666666667;77.0;0.0;0.35064322485307126;0.9240345588868837;1045.0;186.0;41.0;0.0;3037.0833333333335;2410.0;11.512500000000001;12.1;462.0833333333333;880.0;4.0;3.2000000000000455;0.988327140754841
2025-07-29;10.354166666666666;2.6;0.0;0.0;0.0;61;0.0;0.0;1012.0958333333333;100.0;100;69.95833333333333;69.33333333333333;99.58333333333333;0.0;0.35123588511217413;0.9070351068625871;1489.0;310.0;233.0;3304.19;3406.6666666666665;3270.0;11.529166666666667;12.6;261.4583333333333;480.0;4.9;7.399999999999977;0.9726660948505181
2025-07-30;7.804166666666667;28.599999999999998;14.6;1.6;17.0;63;0.0;0.0;1006.8458333333333;100.0;100;95.75;73.79166666666667;94.41666666666667;0.0;0.24364373344747323;0.9681996107318422;451.0;91.0;0.0;0.0;2659.5833333333335;2330.0;11.887500000000001;12.1;770.2083333333334;920.0;1.4000000000000004;4.0;0.9983850735410231
2025-07-31;7.116666666666667;40.0;11.9;2.1;14.0;65;0.0;0.0;1005.9583333333334;92.625;100;75.0;54.916666666666664;73.16666666666667;0.0;0.21516163340528563;0.9710516818623175;2320.0;390.0;1204.0;27622.739999999998;2126.25;1970.0;11.254166666666668;11.8;925.625;1125.0;3.0;6.100000000000023;0.9946033869524404
2025-08-01;7.129166666666666;37.2;27.0;2.4;24.0;63;0.0;0.0;1011.9958333333334;94.75;100;71.70833333333333;52.25;87.125;0.0;-0.1648885197283343;0.8777149986947466;916.0;147.0;55.0;0.0;1808.75;1390.0;10.004166666666666;10.8;693.3333333333334;905.0;2.9000000000000004;8.100000000000023;0.8930687783546799
2025-08-02;7.366666666666667;8.6;8.4;1.4;10.0;61;0.0;0.0;1021.7541666666666;55.666666666666664;86;31.875;40.625;8.625;1.0;-0.8186206568112242;0.11701899891303041;2951.0;521.0;2143.0;34258.33;1361.25;1260.0;7.733333333333333;8.9;541.25;1145.0;4.3999999999999995;7.7999999999999545;0.8269420934168534
2025-08-03;6.375;0.0;0.0;0.0;0.0;3;0.0;0.0;1024.0583333333334;76.66666666666667;100;10.541666666666666;55.166666666666664;52.25;2.0;0.7490798236890978;-0.35452867761330903;2341.0;391.0;778.0;22586.47;1908.3333333333333;1260.0;6.425;7.8;242.08333333333334;670.0;7.2;2.2000000000000455;0.828740710661864
2025-08-04;7.595833333333334;0.0;0.0;0.0;0.0;3;0.0;0.0;1020.625;25.75;100;0.0;10.791666666666666;15.333333333333334;16.0;0.02897249935252061;-0.7974149593076666;3569.0;563.0;3000.0;36000.0;3071.25;2860.0;7.270833333333333;10.4;154.375;280.0;9.600000000000001;3.400000000000091;0.7979411150243979
2025-08-05;11.195833333333333;0.4;0.0;0.0;0.0;51;0.0;0.0;1022.6083333333332;98.625;100;37.708333333333336;48.166666666666664;86.25;0.0;-0.3948881167682959;-0.5055373928238649;2508.0;506.0;1155.0;21804.23;3102.5;2880.0;10.799999999999999;13.9;95.0;225.0;8.0;5.000000000000114;0.6414863056277679
2025-08-06;10.795833333333334;0.30000000000000004;0.0;0.0;0.0;51;0.0;0.0;1025.2708333333333;46.666666666666664;100;46.416666666666664;16.708333333333332;14.958333333333334;12.0;-0.3240298190338523;-0.9015112433867567;3224.0;566.0;2292.0;31584.760000000002;2468.75;2340.0;11.333333333333334;12.8;246.25;460.0;5.5;2.400000000000091;0.9579759107492459
2025-08-07;9.4125;0.0;0.0;0.0;0.0;0;0.0;0.0;1021.8291666666668;0.0;0;0.0;0.0;0.0;24.0;-0.19791742142549598;-0.9089502294157618;3807.0;597.0;3214.0;36000.0;2996.6666666666665;2590.0;9.208333333333334;12.3;188.75;520.0;7.6000000000000005;4.899999999999977;0.9302482600137897
2025-08-08;9.35;0.0;0.0;0.0;0.0;0;0.0;0.0;1018.0416666666666;0.08333333333333333;1;0.08333333333333333;0.0;0.0;24.0;0.1540492985896369;-0.5141835678929495;3878.0;606.0;3294.0;36000.0;4140.0;3970.0;8.766666666666667;13.5;139.16666666666666;285.0;11.0;4.2000000000000455;0.5367643131646165
2025-08-09;8.375;1.4;0.0;0.0;0.0;51;0.0;0.0;1019.9708333333333;72.79166666666667;100;67.91666666666667;0.0;32.25;4.0;-0.22088701076703743;0.8367684006067256;1823.0;340.0;380.0;10255.52;3163.3333333333335;2730.0;8.729166666666666;9.5;332.7083333333333;725.0;3.1000000000000005;7.2999999999999545;0.8654319313380661
2025-08-10;8.720833333333333;0.0;0.0;0.0;0.0;3;0.0;0.0;1023.4625;87.0;100;41.583333333333336;51.75;77.70833333333333;1.0;0.5530817241526905;0.7626613891318952;2093.0;409.0;667.0;20257.06;2762.5;2330.0;8.641666666666667;9.7;200.83333333333334;340.0;5.5;2.400000000000091;0.9420996699204947
2025-08-11;11.583333333333334;0.0;0.0;0.0;0.0;3;0.0;0.0;1019.6166666666667;100.0;100;98.20833333333333;12.083333333333334;89.125;0.0;0.08354008019234051;0.7173907285512273;2262.0;416.0;621.0;14965.22;3396.6666666666665;3180.0;11.270833333333334;13.1;126.66666666666667;330.0;4.699999999999999;5.2000000000000455;0.7222384664429079
2025-08-12;10.924999999999999;1.7000000000000002;0.8;0.3;3.0;55;0.0;0.0;1019.2125;98.875;100;41.291666666666664;29.583333333333332;97.58333333333333;0.0;-0.48280165597444685;-0.40301547130178467;3125.0;531.0;1752.0;32400.0;2863.75;2660.0;11.254166666666668;12.6;285.2083333333333;470.0;3.9000000000000004;4.199999999999932;0.6289029409378428
2025-08-13;9.0875;0.0;0.0;0.0;0.0;3;0.0;0.0;1018.5500000000001;97.875;100;0.0;1.25;97.875;0.0;-0.028333096731569685;-0.8792083879130566;3681.0;578.0;2603.0;36000.0;3252.0833333333335;2810.0;8.7;11.6;211.25;340.0;6.9;6.100000000000023;0.8796647962417709
2025-08-14;10.058333333333334;0.0;0.0;0.0;0.0;3;0.0;0.0;1014.1541666666667;50.708333333333336;100;20.375;0.0;30.333333333333332;8.0;0.39668116822495914;0.009645681713527856;4014.0;620.0;3389.0;36000.0;3402.0833333333335;3290.0;9.75;14.7;206.875;335.0;13.0;2.0;0.39679842287997696
2025-08-15;10.091666666666667;0.6;0.0;0.0;0.0;51;0.0;0.0;1016.5375;70.20833333333333;100;47.916666666666664;18.916666666666668;44.833333333333336;4.0;0.5428598207532532;0.740216815859974;2817.0;481.0;1622.0;29686.67;2632.9166666666665;2090.0;10.920833333333334;12.5;556.6666666666666;1070.0;5.1;5.0;0.9179421111759352
2025-08-16;10.295833333333333;2.8;0.8;0.3;2.0;53;0.0;0.0;1016.8166666666666;77.875;100;39.416666666666664;29.75;38.916666666666664;1.0;0.4727029942614571;0.7520550538618079;3334.0;558.0;2185.0;29004.74;2297.5;1980.0;11.070833333333333;12.2;487.9166666666667;835.0;3.8000000000000007;5.899999999999977;0.8882763786248252
2025-08-17;10.616666666666667;0.1;0.30000000000000004;0.2;1.0;51;0.0;0.0;1013.25;85.70833333333333;100;28.541666666666668;47.041666666666664;68.91666666666667;1.0;0.5696204843703627;0.10178096714498108;2590.0;488.0;1134.0;19268.71;2412.0833333333335;2000.0;10.25;12.5;133.95833333333334;520.0;8.0;5.399999999999977;0.5786422569146625
2025-08-18;11.091666666666667;0.0;0.0;0.0;0.0;3;0.0;0.0;1016.2541666666666;37.041666666666664;100;16.791666666666668;11.166666666666666;17.041666666666668;11.0;-0.19501687544248922;-0.32981654593412774;3968.0;622.0;3181.0;35064.74;2512.0833333333335;2210.0;10.700000000000001;13.0;144.79166666666666;250.0;6.4;7.699999999999932;0.3831586299162136
2025-08-19;9.487499999999999;15.5;5.1;0.8;10.0;61;0.0;0.0;1021.6291666666666;95.08333333333333;100;77.66666666666667;74.20833333333333;51.416666666666664;0.0;-0.037677681151418306;0.9131550148470263;1933.0;389.0;632.0;18930.42;1959.5833333333333;1800.0;10.591666666666667;11.3;422.9166666666667;790.0;2.0999999999999996;2.7999999999999545;0.9139319935297269
2025-08-20;10.454166666666667;4.2;5.5;0.8;10.0;53;0.0;0.0;1016.9250000000001;70.29166666666667;100;53.791666666666664;19.25;19.75;0.0;-0.20068171814785063;0.7766925917427083;3795.0;597.0;2727.0;36000.0;1955.0;1880.0;10.570833333333333;11.5;327.5;620.0;5.2;10.5;0.8021998093160948
2025-08-21;5.820833333333333;20.5;15.2;2.1;20.0;63;0.0;0.0;1008.975;77.91666666666667;100;42.791666666666664;66.66666666666667;36.541666666666664;0.0;-0.6717592013523954;0.3457349520913118;2608.0;575.0;1511.0;23464.28;1388.75;930.0;8.104166666666666;10.4;988.3333333333334;1495.0;4.1;8.399999999999977;0.7555084921423384
2025-08-22;5.075;9.7;7.5;1.0;12.0;63;0.0;0.0;1022.0124999999999;52.0;100;32.916666666666664;24.208333333333332;28.625;3.0;-0.36620125328954206;-0.3157103651303277;4108.0;637.0;3210.0;36000.0;992.5;830.0;5.4750000000000005;6.6;447.9166666666667;970.0;3.9;16.699999999999932;0.4835042839123105
2025-08-23;6.445833333333333;0.4;0.0;0.0;0.0;51;0.0;0.0;1032.4083333333333;49.5;100;29.333333333333332;20.375;13.833333333333334;0.0;0.16664295887618338;0.44809589739811867;3778.0;604.0;2747.0;36264.33;1239.5833333333333;940.0;6.370833333333334;7.7;404.375;1120.0;5.1000000000000005;2.2000000000000455;0.4780792915490428
2025-08-24;8.700000000000001;1.1;0.0;0.0;0.0;51;0.0;0.0;1028.7250000000001;78.45833333333333;100;64.66666666666667;27.541666666666668;31.0;3.0;-0.1273085213047593;0.2668290710134695;1641.0;251.0;239.0;6136.36;2677.0833333333335;1760.0;9.058333333333334;11.4;320.2083333333333;515.0;5.300000000000001;4.600000000000136;0.29564372601953776
2025-08-25;9.2125;0.0;0.0;0.0;0.0;0;0.0;0.0;1024.3666666666666;0.16666666666666666;2;0.16666666666666666;0.0;0.0;24.0;-0.3030628074070191;-0.9250949960087231;4551.0;679.0;3869.0;37860.94;3524.5833333333335;3260.0;10.1875;12.5;306.25;515.0;6.4;7.599999999999909;0.9734720421634118
2025-08-26;10.854166666666666;0.0;0.0;0.0;0.0;1;0.0;0.0;1018.2541666666666;1.0416666666666667;24;0.0;0.0;1.0416666666666667;23.0;-0.31512165848388707;-0.8767486279457469;4691.0;697.0;4030.0;38565.8;3623.3333333333335;3530.0;10.299999999999999;14.1;158.33333333333334;225.0;10.299999999999999;5.800000000000068;0.9316597105437078
2025-08-27;10.35;0.0;0.0;0.0;0.0;3;0.0;0.0;1017.2541666666666;62.583333333333336;100;8.75;0.5;58.0;8.0;-0.14650639486617223;-0.1992324635014363;4293.0;616.0;3040.0;35103.78;3577.0833333333335;3450.0;9.924999999999999;12.5;116.875;210.0;8.0;2.2999999999999545;0.24730082541215653
2025-08-28;9.029166666666667;0.0;0.0;0.0;0.0;3;0.0;0.0;1016.4458333333333;93.08333333333333;100;91.20833333333333;0.0;46.333333333333336;0.0;-0.4588622017072948;-0.34246072343706513;3040.0;469.0;1082.0;29850.81;3110.0;2640.0;9.170833333333333;10.1;395.8333333333333;810.0;2.3;2.2000000000000455;0.5725677839808175
2025-08-29;9.65;0.0;0.0;0.0;0.0;3;0.0;0.0;1016.6374999999999;46.666666666666664;100;45.166666666666664;8.333333333333334;0.0;9.0;-0.041468495047018515;-0.5549304198652684;4416.0;647.0;3428.0;36098.73;2314.1666666666665;1810.0;9.141666666666667;10.9;192.5;995.0;7.3999999999999995;5.0;0.5564776787736483
2025-08-30;9.554166666666667;0.1;0.0;0.0;0.0;51;0.0;0.0;1020.7583333333333;91.5;100;17.375;48.083333333333336;88.58333333333333;1.0;0.1337146374154842;-0.3881726044662825;3440.0;669.0;2117.0;21600.0;2726.25;2110.0;9.229166666666666;11.6;159.375;645.0;6.6000000000000005;4.7999999999999545;0.4105576392143878
2025-08-31;10.445833333333333;1.7;0.0;0.0;0.0;53;0.0;0.0;1023.1833333333334;99.66666666666667;100;67.20833333333333;75.08333333333333;85.95833333333333;0.0;-0.33503513639074906;-0.0999630838608266;2066.0;325.0;316.0;4752.21;2248.75;2070.0;10.245833333333334;11.1;255.0;565.0;3.4000000000000004;1.900000000000091;0.3496300341093918
2025-09-01;10.608333333333333;0.4;0.0;0.0;0.0;51;0.0;0.0;1019.7708333333334;82.25;100;60.041666666666664;42.0;25.666666666666668;1.0;-0.2874439521387198;0.1328326290899551;4064.0;597.0;2701.0;36480.27;2253.75;2000.0;10.229166666666666;11.6;269.1666666666667;640.0;4.200000000000001;6.7000000000000455;0.3166520692685842
2025-09-02;7.6499999999999995;1.0;0.6;0.3;1.0;51;0.0;0.0;1021.0291666666667;41.5;100;35.541666666666664;32.333333333333336;0.0;10.0;-0.6767530816272833;-0.6280201226392367;4621.0;701.0;3621.0;39559.62;1406.25;1260.0;7.820833333333333;10.2;716.25;965.0;4.000000000000001;8.5;0.9232572815482293
2025-09-03;5.983333333333333;0.0;0.0;0.0;0.0;1;0.0;0.0;1026.4624999999999;13.25;45;11.958333333333334;2.3333333333333335;0.0;17.0;0.005608039868270644;-0.8358416610301417;4581.0;680.0;3552.0;39618.54;1812.5;1220.0;6.520833333333333;8.7;488.5416666666667;960.0;6.999999999999999;1.599999999999909;0.8358604742567927
2025-09-04;6.7375;0.0;0.0;0.0;0.0;0;0.0;0.0;1020.8458333333333;0.0;0;0.0;0.0;0.0;24.0;-0.24959939275218468;-0.8941089963383759;5221.0;758.0;4502.0;40259.15;3045.8333333333335;2890.0;6.758333333333333;10.2;327.5;635.0;8.4;8.299999999999955;0.9282945406472437
2025-09-05;7.95;0.0;0.0;0.0;0.0;3;0.0;0.0;1017.2458333333334;9.208333333333334;97;9.208333333333334;0.0;0.0;21.0;0.5894328693085839;0.1779157549495958;5172.0;742.0;4385.0;40318.64;3137.0833333333335;2980.0;7.708333333333333;11.4;244.79166666666666;530.0;8.8;2.6000000000000227;0.6156988901083343
2025-09-06;7.904166666666666;0.4;0.0;0.0;0.0;51;0.0;0.0;1018.0708333333333;71.08333333333333;100;69.66666666666667;0.0;3.5416666666666665;4.0;0.3858525041567529;0.7211086388483098;4085.0;685.0;2586.0;27867.96;2954.5833333333335;2860.0;8.35;9.4;483.3333333333333;915.0;3.0;3.0;0.8178507345388272
2025-09-07;7.9375;4.1;1.7;0.6;2.0;55;0.0;0.0;1019.75;83.5;100;71.75;39.25;35.166666666666664;0.0;-0.01620101433289838;0.935472623702903;2281.0;426.0;539.0;10879.8;2132.0833333333335;1380.0;8.629166666666666;9.4;561.4583333333334;1015.0;2.5;4.7000000000000455;0.9356129020930654
2025-09-08;7.375;2.5;0.4;0.1;0.0;53;0.0;0.0;1022.3000000000001;80.04166666666667;100;36.416666666666664;49.0;63.625;1.0;0.18327257352233636;0.9739066732182587;3560.0;594.0;1852.0;31851.7;1931.25;1560.0;9.333333333333334;10.2;881.25;1235.0;1.5999999999999996;4.300000000000068;0.9910010314548399
2025-09-09;7.904166666666666;25.3;4.6;1.2;7.0;63;0.0;0.0;1015.6458333333334;96.41666666666667;100;96.0;73.79166666666667;74.875;1.0;0.03894713279905627;0.9671768061168096;1243.0;224.0;52.0;0.0;2529.5833333333335;2090.0;11.095833333333333;12.5;790.625;1015.0;4.300000000000001;7.399999999999977;0.9679606673019209
2025-09-10;11.041666666666666;2.2;1.6;0.5;4.0;55;0.0;0.0;1023.125;6.958333333333333;24;6.541666666666667;0.875;0.0;23.0;-0.5365917000076977;0.03451774497749329;5157.0;718.0;4235.0;41497.8;2462.9166666666665;1810.0;10.85;12.4;339.7916666666667;695.0;6.6;10.500000000000114;0.5377007785334539
2025-09-11;9.358333333333333;0.0;0.0;0.0;0.0;3;0.0;0.0;1017.9291666666667;45.958333333333336;100;0.0;0.0;45.958333333333336;11.0;-0.28789665404970405;-0.7783231225072477;5288.0;753.0;3955.0;41658.55;3819.1666666666665;3620.0;9.304166666666667;11.9;213.33333333333334;445.0;7.800000000000001;6.2999999999999545;0.8298622575117193
2025-09-12;8.154166666666667;1.3;0.0;0.0;0.0;55;0.0;0.0;1013.9208333333332;76.04166666666667;100;44.25;12.541666666666666;52.083333333333336;3.0;0.01971674905281515;0.0705483933013834;4662.0;696.0;2610.0;35261.18;3636.25;2490.0;8.387500000000001;11.1;244.79166666666666;510.0;9.0;3.5;0.07325179854869344
2025-09-13;11.133333333333333;9.5;1.0;0.4;3.0;63;0.0;0.0;1021.3000000000001;55.541666666666664;100;15.791666666666666;28.583333333333332;38.083333333333336;6.0;-0.2926086115328083;0.3950779892819589;5276.0;752.0;4266.0;41875.8;1850.4166666666667;1650.0;10.4125;11.4;315.2083333333333;780.0;4.9;8.5;0.49163646849906645
2025-09-14;8.674999999999999;0.0;0.0;0.0;0.0;3;0.0;0.0;1020.0875;35.0;100;0.0;18.75;32.625;12.0;-0.35012520407196807;-0.8240948602874235;5329.0;738.0;4087.0;41923.41;2650.4166666666665;1920.0;8.908333333333333;11.1;319.7916666666667;515.0;5.699999999999999;3.6000000000000227;0.8953881824541718
2025-09-15;8.829166666666667;0.0;0.0;0.0;0.0;3;0.0;0.0;1020.4041666666667;48.166666666666664;100;10.416666666666666;0.0;37.875;9.0;-0.25819794452059636;-0.825203212942962;5657.0;798.0;4780.0;41866.98;3446.6666666666665;3010.0;8.887500000000001;11.3;226.875;400.0;8.600000000000001;3.2999999999999545;0.8646539892963244
2025-09-16;10.691666666666668;0.0;0.0;0.0;0.0;3;0.0;0.0;1015.9166666666666;99.91666666666667;100;1.4583333333333333;0.0;99.91666666666667;0.0;-0.40880337460593325;-0.8768850783918287;4896.0;730.0;2984.0;36945.14;3538.3333333333335;3450.0;10.9;13.4;243.75;415.0;6.8;4.899999999999977;0.9674955502716499
2025-09-17;9.987499999999999;2.3;0.5;0.3;2.0;53;0.0;0.0;1016.0625;99.79166666666667;100;66.58333333333333;0.0;77.79166666666667;0.0;-0.04805455211391036;0.464954180620562;2010.0;289.0;227.0;2280.92;3348.3333333333335;2930.0;10.641666666666667;11.7;364.9479166666667;855.0;2.0;5.599999999999909;0.4674308826504799
2025-09-18;9.6875;7.5;3.5;0.9;7.0;61;0.0;0.0;1016.5291666666667;97.625;100;64.25;44.291666666666664;92.33333333333333;0.0;0.2681771517344111;0.9506684694405139;2910.0;482.0;725.0;14482.68;2310.8333333333335;2150.0;10.975;11.6;456.4583333333333;585.0;2.4000000000000004;2.3999999999999773;0.9877699749945584
2025-09-19;10.008333333333333;24.6;11.9;0.9;22.0;63;0.0;0.0;1014.6083333333332;98.875;100;85.54166666666667;74.20833333333333;93.0;0.0;0.16981798677656745;0.9599358164015208;1542.0;266.0;71.0;0.0;2242.5;2100.0;11.799999999999999;12.4;446.4583333333333;860.0;2.5;3.7999999999999545;0.9748409717709349
2025-09-20;8.862499999999999;40.2;25.6;2.2;20.0;65;0.0;0.0;1015.9250000000001;70.41666666666667;100;36.25;33.125;40.875;0.0;-0.4388293735088908;0.8542715819817485;4420.0;653.0;2770.0;40016.49;1752.0833333333333;1620.0;10.450000000000001;11.4;559.375;985.0;2.500000000000001;3.800000000000068;0.9603911467916626
2025-09-21;8.466666666666667;6.0;11.0;2.4;9.0;61;0.0;0.0;1022.0291666666667;43.916666666666664;98;34.041666666666664;19.458333333333332;9.291666666666666;8.0;-0.7213664915297616;-0.5521750203233865;5291.0;745.0;4022.0;42259.7;1695.0;1440.0;8.8375;9.7;634.375;1200.0;4.300000000000001;9.399999999999977;0.9084420004442165
2025-09-22;7.970833333333334;0.0;0.0;0.0;0.0;3;0.0;0.0;1021.2041666666668;62.958333333333336;100;5.541666666666667;5.875;58.333333333333336;7.0;-0.051996278688964746;-0.809475991861564;5797.0;831.0;4633.0;39680.16;2608.75;1410.0;7.741666666666667;9.0;332.0833333333333;885.0;6.299999999999999;10.199999999999932;0.8111442500552928
2025-09-23;9.570833333333333;0.0;0.0;0.0;0.0;3;0.0;0.0;1018.25;57.791666666666664;100;0.3333333333333333;12.083333333333334;51.666666666666664;7.0;-0.4857074121720586;-0.815748318134014;5930.0;842.0;4892.0;39615.81;3028.75;2810.0;9.225;10.4;266.4583333333333;615.0;6.3;5.5;0.9493982350822813
2025-09-24;11.416666666666666;0.0;0.0;0.0;0.0;3;0.0;0.0;1016.0291666666667;82.29166666666667;100;0.0;0.0;82.29166666666667;3.0;-0.38713660244109516;-0.6601008224497128;6018.0;840.0;4733.0;42406.3;3880.4166666666665;3610.0;10.475;14.5;134.58333333333334;440.0;10.900000000000002;4.899999999999977;0.765250184415804
2025-09-25;9.845833333333333;1.7;1.4;0.7;2.0;53;0.0;0.0;1015.3416666666667;75.20833333333333;100;55.291666666666664;21.416666666666668;42.708333333333336;3.0;0.06551042827298394;0.8612825688493206;5435.0;781.0;3713.0;39501.26;3160.0;2460.0;10.408333333333333;11.5;444.1666666666667;860.0;4.499999999999999;3.7000000000000455;0.8637703859337819
2025-09-26;10.4375;7.5;2.8000000000000003;0.4;10.0;61;0.0;0.0;1021.3791666666666;47.833333333333336;100;35.583333333333336;32.458333333333336;14.166666666666666;6.0;-0.6804613068202802;0.510838717575935;5715.0;785.0;4522.0;42162.46;1816.25;1640.0;10.433333333333334;11.6;609.1666666666666;1165.0;4.699999999999999;11.899999999999977;0.850872367311449
2025-09-27;11.066666666666668;0.4;1.4;0.3;5.0;51;0.0;0.0;1024.4333333333334;43.833333333333336;100;13.5;5.083333333333333;28.791666666666668;10.0;-0.2598855569589721;0.030748027583112278;6187.0;838.0;5203.0;42554.43;2523.3333333333335;1680.0;10.1625;11.5;354.375;850.0;7.0;6.7000000000000455;0.2616981924204425
2025-09-28;10.533333333333333;0.0;0.0;0.0;0.0;3;0.0;0.0;1019.1416666666668;98.04166666666667;100;40.875;43.541666666666664;92.33333333333333;0.0;-0.32782630958664916;0.04496971455656268;3073.0;472.0;656.0;12895.720000000001;2776.6666666666665;2460.0;10.379166666666666;12.6;235.625;575.0;6.800000000000001;2.2999999999999545;0.3308963047308027
2025-09-29;8.091666666666667;0.0;0.0;0.0;0.0;3;0.0;0.0;1023.8874999999999;14.666666666666666;98;13.583333333333334;0.2916666666666667;0.7916666666666666;18.0;-0.408870494976654;-0.8603572267507819;6397.0;875.0;5380.0;42762.54;2488.75;2270.0;8.029166666666667;9.1;523.5416666666666;820.0;6.300000000000001;5.7999999999999545;0.9525700180484111
2025-09-30;9.845833333333333;0.0;0.0;0.0;0.0;0;0.0;0.0;1024.0874999999999;0.0;0;0.0;0.0;0.0;24.0;-0.24125937037151324;-0.8979315595427851;6554.0;884.0;5682.0;43340.88;3136.6666666666665;2830.0;9.741666666666665;12.9;245.20833333333334;480.0;8.6;4.5;0.9297780215809563
2025-10-01;10.004166666666666;0.0;0.0;0.0;0.0;3;0.0;0.0;1020.9916666666667;54.291666666666664;100;0.6666666666666666;0.0;54.291666666666664;9.0;-0.3854699607822118;-0.8837311371342566;6468.0;867.0;5200.0;42773.7;3783.3333333333335;3640.0;10.0625;12.7;195.625;385.0;7.5;2.6000000000000227;0.9641409717494875
2025-10-02;9.533333333333333;0.0;0.0;0.0;0.0;3;0.0;0.0;1017.7041666666668;60.5;100;21.5;0.0;43.25;8.0;-0.47009708202745304;-0.7931759436238806;6622.0;917.0;5481.0;42805.26;4125.0;4030.0;9.608333333333333;11.6;175.41666666666666;330.0;7.7;6.300000000000068;0.9220191668693006
2025-10-03;9.958333333333334;0.0;0.0;0.0;0.0;3;0.0;0.0;1012.8000000000001;93.41666666666667;100;38.166666666666664;4.208333333333333;83.375;0.0;-0.1885926468200254;0.3714175877682604;6207.0;867.0;4586.0;41132.27;3497.5;2420.0;9.754166666666666;10.8;654.1666666666666;1170.0;6.6;2.7000000000000455;0.41655517154174937
2025-10-04;8.6875;9.3;24.3;7.3;14.0;81;6.0;0.0;1016.6541666666667;62.666666666666664;100;57.375;48.625;14.0;5.0;-0.5239678157802294;0.43849149918431785;5381.0;848.0;3924.0;37473.06;1803.3333333333333;1470.0;9.820833333333333;10.8;730.2083333333334;1165.0;7.200000000000001;9.100000000000023;0.6832401238440371
2025-10-05;8.220833333333333;0.0;8.5;2.9;6.0;81;3.0;0.0;1026.3833333333334;35.666666666666664;100;30.083333333333332;15.958333333333334;0.20833333333333334;8.0;-0.625004772772264;-0.06962788626670642;6172.0;815.0;4778.0;43662.57;1496.6666666666667;1280.0;8.075000000000001;9.3;644.1666666666666;1265.0;6.300000000000001;9.199999999999932;0.6288712177656716
2025-10-06;7.7375;0.0;0.0;0.0;0.0;3;0.0;0.0;1026.7625;12.541666666666666;100;12.541666666666666;0.0;0.0;20.0;-0.2156644212463317;-0.8676638631956609;6804.0;907.0;5848.0;44821.08;2652.0833333333335;1590.0;8.1;10.6;345.2083333333333;730.0;9.7;6.7000000000000455;0.8940647191826405
2025-10-07;11.325000000000001;0.0;0.0;0.0;0.0;3;0.0;0.0;1020.5166666666668;21.25;100;0.25;0.041666666666666664;21.083333333333332;19.0;-0.3125052450871955;-0.8832009471972423;6674.0;894.0;5671.0;42205.14;3398.3333333333335;3110.0;11.320833333333333;13.8;254.79166666666666;615.0;8.3;5.7000000000000455;0.9368582824190189
2025-10-08;11.045833333333334;0.0;0.0;0.0;0.0;3;0.0;0.0;1018.5583333333334;33.791666666666664;100;1.7083333333333333;0.0;32.208333333333336;15.0;-0.4612265309767849;-0.8605576258851434;6839.0;906.0;5875.0;45416.55;3775.4166666666665;3660.0;11.35;14.2;216.04166666666666;330.0;8.599999999999998;3.1000000000000227;0.9763653723611636
2025-10-09;10.9625;0.0;0.0;0.0;0.0;3;0.0;0.0;1019.0749999999999;85.75;100;7.041666666666667;0.0;85.70833333333333;2.0;-0.41479461104474186;-0.8598238058899529;6475.0;881.0;4660.0;44566.78;3740.0;3570.0;10.995833333333332;13.2;290.625;465.0;7.500000000000001;2.5;0.9546473414443901
2025-10-10;10.5375;6.4;2.9;0.7;8.0;81;2.0;0.0;1017.8708333333334;58.791666666666664;100;44.541666666666664;19.875;12.208333333333334;6.0;-0.4175749368821045;-0.18231202875421149;5340.0;814.0;3187.0;40508.3;2912.5;1810.0;10.612499999999999;11.9;392.7083333333333;730.0;5.799999999999999;3.199999999999932;0.45563856700302485
2025-10-11;8.841666666666667;0.3;0.30000000000000004;0.1;0.0;51;0.0;0.0;1024.5333333333333;14.5;51;10.166666666666666;7.333333333333333;0.0;17.0;-0.411204668863357;-0.8510394633433407;6522.0;879.0;5261.0;45756.57;1710.8333333333333;1350.0;8.745833333333334;9.7;646.25;1085.0;5.8999999999999995;5.699999999999932;0.9451758819726329
2025-10-12;8.575000000000001;0.0;0.0;0.0;0.0;0;0.0;0.0;1020.1666666666666;0.20833333333333334;3;0.20833333333333334;0.0;0.0;24.0;-0.3189642507312514;-0.8697390116593082;7219.0;944.0;6255.0;45839.24;3449.5833333333335;2920.0;8.8125;10.8;416.4583333333333;615.0;7.0;6.100000000000023;0.9263822869888321
2025-10-13;10.433333333333334;0.0;0.0;0.0;0.0;3;0.0;0.0;1017.7666666666668;35.916666666666664;100;4.25;0.041666666666666664;31.708333333333332;11.0;-0.33465173531958614;-0.8610302589340465;6814.0;904.0;5613.0;45920.59;3403.3333333333335;3290.0;10.504166666666666;13.1;318.5416666666667;490.0;9.2;4.5;0.923777511499626
2025-10-14;11.916666666666666;0.0;0.0;0.0;0.0;3;0.0;0.0;1015.5375;62.625;100;9.666666666666666;0.08333333333333333;56.166666666666664;5.0;-0.5945943399337755;-0.6306121080701642;6821.0;919.0;5471.0;42400.67;3055.8333333333335;2840.0;11.529166666666667;12.8;274.375;455.0;6.6;1.6000000000000227;0.8667260581786951
2025-10-15;11.883333333333333;2.6999999999999997;1.0;0.3;2.0;80;1.0;0.0;1019.4208333333332;58.291666666666664;100;56.5;24.375;28.875;8.0;-0.5074748375826353;0.34286482136957613;5183.0;860.0;3451.0;31260.1;2559.1666666666665;2250.0;11.725;13.2;290.2083333333333;445.0;7.700000000000001;6.399999999999977;0.6124434639314175
2025-10-16;9.637500000000001;0.0;0.0;0.0;0.0;0;0.0;0.0;1020.5291666666667;0.6666666666666666;5;0.5833333333333334;0.0;0.08333333333333333;24.0;-0.3117675045342487;-0.900419149508787;7475.0;970.0;6510.0;46159.98;3135.8333333333335;3070.0;9.495833333333334;11.4;358.5416666666667;555.0;7.9;3.2000000000000455;0.9528660040559953
2025-10-17;11.6625;0.0;0.0;0.0;0.0;0;0.0;0.0;1018.8541666666666;0.041666666666666664;1;0.0;0.0;0.041666666666666664;24.0;-0.4132845462361148;-0.8291014210528687;7607.0;980.0;6657.0;46239.23;3344.5833333333335;3030.0;10.775;13.4;206.04166666666666;425.0;9.600000000000001;2.400000000000091;0.9263980151908129
2025-10-18;11.841666666666667;0.0;0.0;0.0;0.0;3;0.0;0.0;1014.9666666666667;53.291666666666664;100;0.0;2.0;52.291666666666664;9.0;-0.5062458708992282;-0.751086217552405;6932.0;979.0;5042.0;46318.1;3929.5833333333335;3800.0;10.4625;13.8;190.0;290.0;10.2;4.800000000000068;0.905767844427973
2025-10-19;10.508333333333333;0.0;0.0;0.0;0.0;3;0.0;0.0;1016.75;29.916666666666668;100;16.416666666666668;9.208333333333334;21.833333333333332;14.0;-0.6211482252988709;-0.6959029054263904;7514.0;982.0;6383.0;45389.99;3687.5;3340.0;10.408333333333333;11.8;297.5;475.0;5.6;5.5;0.932794710304914
2025-10-20;11.820833333333333;0.0;0.0;0.0;0.0;3;0.0;0.0;1019.5458333333332;51.458333333333336;100;23.75;2.375;31.208333333333332;9.0;-0.2633870103776375;-0.22193233865555248;6233.0;943.0;4006.0;45283.77;3324.1666666666665;3240.0;10.929166666666667;13.6;223.75;440.0;10.9;2.300000000000068;0.344422241118068
2025-10-21;11.825000000000001;0.0;0.0;0.0;0.0;3;0.0;0.0;1018.7208333333333;34.375;100;7.541666666666667;1.4166666666666667;28.708333333333332;15.0;-0.47275387969605726;-0.7759689589340307;7520.0;966.0;6421.0;46551.45;2912.9166666666665;2180.0;10.991666666666667;13.0;308.3333333333333;560.0;8.200000000000001;2.6000000000000227;0.9086385728092538
2025-10-22;10.65;0.0;0.0;0.0;0.0;3;0.0;0.0;1017.4541666666668;60.833333333333336;100;0.20833333333333334;16.875;53.625;9.0;-0.4741624114837066;-0.7987250379554718;6760.0;918.0;4529.0;37255.75;3331.6666666666665;3110.0;10.283333333333333;12.3;318.9583333333333;570.0;6.300000000000001;1.8999999999999773;0.9288658023207732
2025-10-23;11.0875;0.0;0.0;0.0;0.0;3;0.0;0.0;1018.0916666666667;29.791666666666668;100;0.75;8.458333333333334;23.333333333333332;14.0;-0.5704010978193568;-0.7351464717909576;7479.0;954.0;6302.0;46703.36;2479.5833333333335;2080.0;10.295833333333333;12.0;527.0833333333334;805.0;7.200000000000001;3.0;0.9304825346991853
2025-10-24;8.870833333333334;0.0;0.0;0.0;0.0;1;0.0;0.0;1020.9958333333334;7.5;48;1.0416666666666667;5.208333333333333;1.375;23.0;-0.30866861223668174;-0.8635095603586597;7462.0;970.0;6210.0;46777.94;1671.25;1550.0;8.5875;9.8;630.625;980.0;5.8;6.399999999999977;0.9170196688244613
2025-10-25;8.341666666666667;0.0;0.0;0.0;0.0;3;0.0;0.0;1025.6458333333333;39.583333333333336;100;0.375;2.625;38.5;12.0;-0.15248168725298336;-0.7789919548747505;7255.0;964.0;5387.0;46800.0;2450.8333333333335;1600.0;7.675;9.3;592.7083333333334;1060.0;8.7;4.000000000000114;0.7937752394142198
2025-10-26;11.883333333333333;0.0;0.0;0.0;0.0;3;0.0;0.0;1019.8375;88.91666666666667;100;31.208333333333332;12.5;60.666666666666664;2.0;-0.26302703117491677;-0.553950836568157;5993.0;832.0;3800.0;39291.41;3179.5833333333335;2300.0;11.049999999999999;13.5;295.8333333333333;580.0;8.4;5.399999999999977;0.6132248759331699
2025-10-27;13.1875;0.0;0.0;0.0;0.0;3;0.0;0.0;1014.9125;17.125;100;0.041666666666666664;0.625;17.125;20.0;-0.4741599559265657;-0.7788231945707148;7830.0;983.0;6829.0;46800.0;3195.0;3110.0;11.475;13.7;217.91666666666666;455.0;10.5;4.399999999999977;0.9118076728157184
2025-10-28;12.416666666666666;0.0;0.0;0.0;0.0;0;0.0;0.0;1018.0375;0.0;0;0.0;0.0;0.0;24.0;-0.06950950520666972;-0.38979785972559394;8076.0;1008.0;7103.0;46800.0;3340.4166666666665;3230.0;9.695833333333333;12.7;213.95833333333334;275.0;11.9;3.7000000000000455;0.39594689386422754
2025-10-29;12.008333333333333;0.0;0.0;0.0;0.0;3;0.0;0.0;1018.5083333333333;18.375;99;1.0416666666666667;0.4583333333333333;16.875;18.0;-0.551990585011535;-0.7755070794532481;7872.0;985.0;6831.0;46800.0;3032.9166666666665;2890.0;11.058333333333332;13.4;309.375;490.0;9.499999999999998;2.1000000000000227;0.9518953914288498
2025-10-30;11.3125;0.0;0.0;0.0;0.0;3;0.0;0.0;1018.9958333333334;42.666666666666664;100;16.166666666666668;0.0;26.5;10.0;-0.5414884093119777;-0.8046207349192319;7772.0;991.0;6452.0;46800.0;3367.9166666666665;3030.0;10.954166666666666;12.1;413.3333333333333;655.0;6.5;2.2000000000000455;0.9698578372530589
2025-10-31;10.533333333333333;0.0;0.4;0.2;2.0;51;0.0;0.0;1018.6999999999999;40.041666666666664;100;6.916666666666667;25.125;22.708333333333332;12.0;-0.5727071822034208;-0.7800456354398989;6718.0;877.0;4685.0;46637.27;2193.75;1910.0;10.016666666666667;11.0;517.2916666666666;880.0;5.299999999999999;2.8999999999999773;0.9677110673730139
2025-11-01;11.366666666666667;0.0;0.0;0.0;0.0;0;0.0;0.0;1019.9499999999999;0.4583333333333333;4;0.0;0.0;0.4583333333333333;24.0;-0.3629103856142854;-0.8169152991033921;8128.0;1015.0;7110.0;46800.0;3600.4166666666665;2620.0;10.112499999999999;12.1;315.0;420.0;8.3;3.0;0.8938985143157437
2025-11-02;13.066666666666668;0.0;0.0;0.0;0.0;3;0.0;0.0;1014.9541666666668;31.833333333333332;100;0.041666666666666664;0.3333333333333333;31.791666666666668;14.0;-0.5329792229686171;-0.7066435749791237;8100.0;1006.0;7061.0;46800.0;3735.4166666666665;3500.0;11.241666666666667;13.6;214.16666666666666;285.0;9.099999999999998;5.800000000000068;0.8851056401218486
2025-11-03;11.554166666666667;0.1;2.0;0.3;7.0;51;0.0;0.0;1015.7708333333334;99.41666666666667;100;45.208333333333336;30.875;97.125;0.0;-0.11956361218127144;0.6431927382234414;5716.0;816.0;2367.0;35005.05;3075.4166666666665;2520.0;10.729166666666666;12.1;401.25;815.0;4.5;6.300000000000068;0.6542112471222135
2025-11-04;12.354166666666666;0.0;0.0;0.0;0.0;3;0.0;0.0;1020.6999999999999;63.333333333333336;100;45.5;0.625;32.875;5.0;-0.027027947866664292;0.027638549792920727;6389.0;775.0;3937.0;46800.0;2622.0833333333335;2040.0;11.233333333333334;13.0;278.3333333333333;670.0;6.9;2.3999999999999773;0.03865746241722135
2025-11-05;13.358333333333334;0.0;0.0;0.0;0.0;0;0.0;0.0;1018.0500000000001;1.7916666666666667;16;0.9166666666666666;0.875;0.0;24.0;-0.46428591526318885;-0.6812999543066024;8132.0;1009.0;6936.0;47246.62;2890.4166666666665;2700.0;11.637500000000001;13.6;202.29166666666666;345.0;9.9;3.300000000000068;0.8244580273427844
2025-11-06;12.416666666666666;0.0;1.1;0.4;3.0;51;0.0;0.0;1017.7125;59.666666666666664;100;54.375;11.791666666666666;5.791666666666667;5.0;-0.6646096309025387;-0.3743444169880541;6858.0;901.0;4750.0;46800.0;2532.9166666666665;2240.0;11.258333333333333;12.6;419.7916666666667;740.0;6.500000000000002;7.2999999999999545;0.7627841791873602
2025-11-07;12.170833333333334;0.0;0.0;0.0;0.0;3;0.0;0.0;1020.6166666666667;38.875;100;15.458333333333334;18.916666666666668;6.833333333333333;12.0;-0.46663614874170123;-0.7616616691120424;7638.0;929.0;6065.0;43754.69;2595.4166666666665;2410.0;10.620833333333334;11.3;340.625;740.0;6.6;6.5;0.8932400536849148
2025-11-08;13.491666666666667;0.0;0.0;0.0;0.0;3;0.0;0.0;1013.3208333333333;8.625;95;0.0;8.625;0.0;20.0;-0.6133196523215304;-0.47619538828692337;8370.0;1011.0;7302.0;47464.61;2712.0833333333335;2500.0;11.704166666666666;13.2;236.45833333333334;380.0;9.200000000000001;3.300000000000068;0.7764811934293945
2025-11-09;12.570833333333333;0.1;1.0;0.3;3.0;51;0.0;0.0;1017.7375000000001;52.875;100;52.875;0.0;0.0;9.0;-0.502178537906446;-0.27921801642294203;7646.0;969.0;5829.0;47436.24;2500.0;2310.0;11.1;12.6;434.7916666666667;805.0;7.4;4.899999999999977;0.5745833139145429
2025-11-10;12.966666666666667;0.0;0.0;0.0;0.0;1;0.0;0.0;1018.4499999999999;4.5;35;1.8333333333333333;0.08333333333333333;2.5833333333333335;22.0;-0.7307062942152434;-0.5352738762727073;8441.0;1035.0;7269.0;47407.8;2620.8333333333335;2210.0;11.054166666666667;11.9;609.7916666666666;915.0;6.9;1.5;0.9057868463528179
2025-11-11;12.454166666666666;1.1;1.4;0.7;3.0;55;0.0;0.0;1022.0708333333333;37.125;100;33.583333333333336;17.583333333333332;0.16666666666666666;12.0;-0.7496542795680115;-0.04355088647010613;7022.0;982.0;5179.0;38574.56;2308.3333333333335;1970.0;11.204166666666666;12.5;521.25;960.0;7.599999999999998;5.2999999999999545;0.75091825026894
2025-11-12;12.208333333333334;0.0;0.0;0.0;0.0;0;0.0;0.0;1020.7708333333334;0.4583333333333333;9;0.4583333333333333;0.0;0.0;24.0;-0.3280814179294317;-0.879306444540664;8588.0;1044.0;7525.0;48270.92;3279.5833333333335;3030.0;11.25;13.3;438.9583333333333;755.0;9.299999999999999;5.399999999999977;0.9385186413712463
2025-11-13;13.450000000000001;0.0;0.0;0.0;0.0;0;0.0;0.0;1017.5791666666668;0.8333333333333334;5;0.8333333333333334;0.0;0.0;24.0;-0.4589689587424927;-0.8618816336298845;8660.0;1054.0;7589.0;48580.28;3746.6666666666665;3530.0;12.145833333333334;14.2;289.7916666666667;450.0;9.7;4.0;0.9764693827651159
2025-11-14;13.616666666666667;0.0;0.0;0.0;0.0;0;0.0;0.0;1014.9333333333334;0.3333333333333333;6;0.3333333333333333;0.0;0.0;24.0;-0.6002537857284574;-0.7657030501414152;8737.0;1058.0;7705.0;48841.19;4077.5;3860.0;12.229166666666666;14.3;254.16666666666666;365.0;10.299999999999999;3.5;0.9729366722851037
2025-11-15;12.5375;0.3;0.0;0.0;0.0;51;0.0;0.0;1017.1041666666666;73.58333333333333;100;42.916666666666664;14.833333333333334;24.791666666666668;3.0;-0.5709952742133302;-0.791052541386949;7379.0;1024.0;5120.0;40940.27;3327.0833333333335;2710.0;12.325000000000001;13.5;426.875;675.0;9.299999999999999;4.100000000000023;0.9756022378042738
2025-11-16;11.429166666666667;0.0;0.0;0.0;0.0;3;0.0;0.0;1021.2916666666666;22.791666666666668;100;15.416666666666666;0.0;7.375;18.0;-0.42993269107913656;-0.8504646092173184;8847.0;1066.0;7774.0;49017.13;3402.0833333333335;3070.0;10.133333333333333;11.4;451.25;800.0;8.4;3.1000000000000227;0.9529596898031492
2025-11-17;12.6875;0.0;0.0;0.0;0.0;3;0.0;0.0;1019.9416666666666;60.125;99;0.20833333333333334;0.20833333333333334;59.791666666666664;5.0;-0.4697268725717962;-0.8488119375226398;8534.0;1034.0;7297.0;49068.17;4654.583333333333;3960.0;11.654166666666667;14.4;318.75;555.0;9.8;5.399999999999977;0.9701159931147503
2025-11-18;13.612499999999999;0.0;0.0;0.0;0.0;3;0.0;0.0;1019.3166666666666;28.416666666666668;100;16.0;0.0;19.791666666666668;14.0;-0.4346055884825128;-0.8639850736725831;8586.0;1039.0;7426.0;49140.98;4660.0;4450.0;12.299999999999999;13.0;353.125;605.0;7.199999999999999;2.800000000000068;0.9671360943886078
2025-11-19;13.5875;0.0;0.0;0.0;0.0;3;0.0;0.0;1015.5333333333333;72.66666666666667;100;1.25;15.916666666666666;71.45833333333333;5.0;-0.4639429687003323;-0.811768370543504;8523.0;1045.0;7060.0;47027.02;4086.6666666666665;3510.0;12.333333333333334;14.7;295.2083333333333;435.0;9.700000000000001;6.2000000000000455;0.9349924949545494
2025-11-20;13.479166666666666;0.1;0.3;0.3;1.0;51;0.0;0.0;1016.0875;35.916666666666664;100;15.708333333333334;4.208333333333333;23.125;15.0;-0.5821550216885732;-0.7278327361936819;8406.0;1041.0;7078.0;45767.34;3343.75;3080.0;12.066666666666668;12.6;471.25;905.0;6.300000000000001;4.300000000000068;0.9320112451855959
2025-11-21;15.104166666666666;0.0;0.0;0.0;0.0;3;0.0;0.0;1014.2375000000001;7.25;95;0.0;0.0;7.25;22.0;-0.32724373739628665;-0.7500656305618452;9029.0;1075.0;7955.0;49833.76;4019.1666666666665;3650.0;12.362499999999999;14.8;266.875;420.0;10.5;5.600000000000023;0.8183440070136937
2025-11-22;15.854166666666666;0.0;0.0;0.0;0.0;3;0.0;0.0;1013.1916666666666;19.541666666666668;98;18.875;0.0;0.6666666666666666;18.0;-0.6473606630514247;-0.5618988681944609;8996.0;1075.0;7914.0;49880.42;4347.5;4140.0;12.775;14.6;127.29166666666667;255.0;11.9;1.5;0.8572083563198601
2025-11-23;15.429166666666667;0.0;0.0;0.0;0.0;3;0.0;0.0;1012.3375;26.375;98;26.375;0.0;0.0;15.0;-0.533770633517326;0.029488278858923106;8732.0;1047.0;7301.0;49613.21;4640.0;4600.0;13.1625;14.5;139.58333333333334;300.0;9.399999999999999;2.5;0.5345845562635991
2025-11-24;13.387500000000001;0.0;0.0;0.0;0.0;3;0.0;0.0;1012.9916666666667;79.08333333333333;100;79.08333333333333;0.0;0.0;0.0;-0.06730097379124655;0.8504849499845889;7851.0;970.0;5273.0;48274.28;4541.25;4440.0;12.25;13.7;234.79166666666666;440.0;8.5;3.5;0.8531436404401891
2025-11-25;13.1625;0.0;0.0;0.0;0.0;3;0.0;0.0;1014.6541666666667;98.95833333333333;100;98.95833333333333;0.0;5.25;0.0;-0.05822651476661331;0.9461699861957915;6356.0;859.0;3052.0;44963.73;4289.583333333333;4100.0;12.083333333333334;13.0;387.7083333333333;575.0;4.899999999999999;1.8999999999999773;0.9479598988351833
2025-11-26;14.091666666666667;0.0;0.0;0.0;0.0;3;0.0;0.0;1013.8125;77.5;100;76.0;0.0;4.458333333333333;2.0;-0.23374622890425348;0.7445662851439798;6230.0;876.0;3084.0;36940.33;4141.666666666667;3940.0;12.095833333333333;13.0;374.5833333333333;640.0;4.0;1.5;0.7803949336714494
2025-11-27;15.166666666666666;0.0;0.0;0.0;0.0;3;0.0;0.0;1012.3291666666668;46.666666666666664;100;23.583333333333332;0.16666666666666666;40.833333333333336;10.0;-0.550573404969555;-0.2801982245399017;8293.0;1036.0;6248.0;49675.15;3917.9166666666665;3850.0;12.845833333333333;13.8;231.04166666666666;400.0;7.500000000000002;1.3999999999999773;0.6177718990817588
2025-11-28;13.8125;0.0;1.5;0.6;3.0;53;0.0;0.0;1013.5958333333333;37.291666666666664;100;32.791666666666664;8.041666666666666;0.0;6.0;0.19546558111726334;0.9694747244084362;7683.0;917.0;5603.0;49733.53;3677.5;3250.0;13.195833333333333;14.5;538.125;805.0;4.800000000000001;3.099999999999909;0.9889833338678274
2025-11-29;14.266666666666666;0.0;0.7;0.5;1.0;53;0.0;0.0;1013.6333333333333;42.25;100;32.875;16.875;0.20833333333333334;2.0;0.17241231842681745;0.9671827921546562;7301.0;941.0;5070.0;46191.51;2805.0;2410.0;13.716666666666667;14.5;571.4583333333334;750.0;4.199999999999999;3.6000000000000227;0.9824299267557901
2025-11-30;14.620833333333332;1.0;2.5;0.8;4.0;53;0.0;0.0;1017.4458333333333;51.083333333333336;100;41.833333333333336;23.75;0.0;7.0;-0.3296809336509788;0.5138963017580889;7214.0;965.0;4930.0;47445.61;2572.5;2310.0;13.137500000000001;13.8;487.7083333333333;790.0;5.9;3.8999999999999773;0.6105562439068344
2025-12-01;14.700000000000001;0.0;0.0;0.0;0.0;3;0.0;0.0;1018.1083333333332;50.625;100;16.25;18.708333333333332;37.375;10.0;-0.3051576638307681;-0.5421479765383909;7333.0;942.0;4759.0;36114.35;3478.3333333333335;3210.0;12.924999999999999;14.5;380.2083333333333;725.0;8.900000000000002;1.3999999999999773;0.6221299126865093
2025-12-02;15.495833333333332;0.0;0.0;0.0;0.0;1;0.0;0.0;1017.7833333333333;2.7083333333333335;21;2.4166666666666665;0.2916666666666667;0.0;23.0;-0.5655210532197203;-0.769912831988382;8802.0;1040.0;7587.0;50073.06;3763.75;3190.0;13.458333333333334;15.0;477.9166666666667;760.0;9.1;2.8999999999999773;0.9552904430041748
2025-12-03;16.833333333333332;0.0;0.0;0.0;0.0;2;0.0;0.0;1014.8666666666667;10.666666666666666;75;10.666666666666666;0.0;0.0;20.0;-0.5015891770576661;-0.8321770930578394;8932.0;1051.0;7806.0;50446.32;4621.25;4480.0;14.8125;16.8;293.125;480.0;9.2;2.1000000000000227;0.9716534447793527
2025-12-04;15.954166666666667;0.0;0.0;0.0;0.0;2;0.0;0.0;1015.725;3.1666666666666665;75;0.0;0.0;3.1666666666666665;23.0;-0.4875332707061795;-0.8404002164171295;8931.0;1049.0;7830.0;50820.49;4407.916666666667;4350.0;14.104166666666666;16.2;367.9166666666667;585.0;10.100000000000001;2.3999999999999773;0.9715766638816635
2025-12-05;15.1875;0.0;0.0;0.0;0.0;1;0.0;0.0;1015.8625000000001;3.5;41;0.0;0.0;3.5;21.0;-0.4273043738160376;-0.8443508159066377;9101.0;1071.0;8025.0;50874.13;4415.0;4150.0;12.795833333333334;14.8;336.6666666666667;490.0;9.600000000000001;4.900000000000091;0.946317773374526
2025-12-06;16.1125;0.0;0.0;0.0;0.0;3;0.0;0.0;1014.8874999999999;86.29166666666667;100;4.333333333333333;0.0;86.25;2.0;-0.3032219912860639;0.0012408482994760578;9033.0;1064.0;7770.0;50605.68;4340.416666666667;4190.0;12.979166666666666;14.1;217.5;350.0;9.2;4.600000000000023;0.3032245301818244
2025-12-07;16.55;0.0;0.0;0.0;0.0;3;0.0;0.0;1017.4625;82.125;100;34.875;0.041666666666666664;71.29166666666667;2.0;-0.37695216790098796;-0.011847524612337679;7708.0;892.0;4928.0;50657.99;4046.6666666666665;3950.0;14.179166666666667;15.7;202.29166666666666;395.0;7.800000000000001;2.099999999999909;0.3771383045047195
2025-12-08;16.591666666666665;0.0;0.0;0.0;0.0;3;0.0;0.0;1014.4791666666666;50.875;100;28.5;14.083333333333334;30.458333333333332;5.0;-0.5921459864875579;0.014849789211631015;7907.0;939.0;5399.0;46933.07;4024.1666666666665;3970.0;14.137500000000001;15.7;206.66666666666666;365.0;8.2;5.7000000000000455;0.59233215812832
2025-12-09;16.020833333333332;0.4;0.4;0.2;1.0;51;0.0;0.0;1013.525;80.83333333333333;100;80.5;1.3333333333333333;3.2916666666666665;2.0;-0.636464052465947;0.5506861108512917;6679.0;939.0;3780.0;38035.34;3798.75;3750.0;14.066666666666668;14.5;337.0833333333333;645.0;5.9;2.8999999999999773;0.8416303718176388
2025-12-10;16.454166666666666;0.0;2.3000000000000003;1.0;3.0;55;0.0;0.0;1013.2624999999999;66.41666666666667;100;51.375;5.75;11.833333333333334;4.0;-0.6263228600910326;0.30835749962884573;6054.0;783.0;2738.0;37319.9;3637.0833333333335;3540.0;14.520833333333334;15.8;223.54166666666666;415.0;5.5;2.2000000000000455;0.6981150855338715
2025-12-11;15.679166666666667;0.0;0.0;0.0;0.0;3;0.0;0.0;1013.9166666666666;7.833333333333333;94;3.9166666666666665;0.0;3.9166666666666665;21.0;-0.6230786301739096;-0.7188224565798734;9085.0;1067.0;7901.0;50848.05;3615.0;3490.0;13.904166666666667;15.1;310.8333333333333;455.0;8.0;3.3999999999999773;0.9512795085898359
2025-12-12;15.433333333333332;0.0;0.1;0.1;0.0;51;0.0;0.0;1013.6291666666666;54.916666666666664;100;53.083333333333336;0.2916666666666667;6.916666666666667;6.0;-0.7760088198451083;-0.4275413265723213;7968.0;973.0;5610.0;49936.8;3685.8333333333335;3480.0;13.529166666666667;14.7;535.0;815.0;8.0;2.5;0.88599168980562
2025-12-13;13.929166666666667;0.0;1.3;0.4;2.0;51;0.0;0.0;1013.9541666666668;38.25;100;17.916666666666668;14.458333333333334;34.375;14.0;-0.6726570859678024;-0.6356405805937331;8134.0;999.0;6356.0;43383.41;2851.6666666666665;2450.0;12.3375;14.0;552.5;825.0;7.800000000000001;5.199999999999932;0.9254763654465918
2025-12-14;12.045833333333334;0.0;0.0;0.0;0.0;0;0.0;0.0;1019.3625000000001;1.375;8;1.1666666666666667;0.20833333333333334;0.0;24.0;-0.4335899391127358;-0.7905199870657517;9069.0;1029.0;7732.0;50869.24;2662.5;2550.0;10.816666666666668;12.2;672.0833333333334;1010.0;6.5;6.2000000000000455;0.9016219192378933
2025-12-15;13.4375;0.0;0.0;0.0;0.0;1;0.0;0.0;1022.8625000000001;6.625;48;4.833333333333333;1.7916666666666667;0.0;22.0;-0.2498549824178629;-0.8298672812204314;8758.0;993.0;7320.0;50878.51;3313.3333333333335;2470.0;11.995833333333332;13.9;578.3333333333334;1175.0;7.199999999999999;2.5;0.8666644198761254
2025-12-16;15.866666666666667;0.0;0.0;0.0;0.0;3;0.0;0.0;1014.775;11.291666666666666;99;0.375;0.0;10.958333333333334;19.0;-0.37151010408503776;-0.8938918766716583;9253.0;1080.0;8164.0;50888.85;4319.166666666667;4050.0;14.170833333333334;16.1;398.75;590.0;10.5;11.399999999999977;0.9680198575529608
2025-12-17;16.329166666666666;0.0;0.0;0.0;0.0;3;0.0;0.0;1014.7541666666666;8.083333333333334;81;0.25;0.0;7.833333333333333;21.0;-0.4818392378212002;-0.8568017487058803;9268.0;1084.0;8165.0;50900.25;4046.25;3870.0;14.070833333333333;16.0;301.6666666666667;410.0;10.0;3.5;0.982994551200346
2025-12-18;16.474999999999998;0.0;0.0;0.0;0.0;0;0.0;0.0;1012.4833333333332;0.0;0;0.0;0.0;0.0;24.0;-0.5100215143017928;-0.7901193200437545;9156.0;1064.0;8059.0;50912.68;3981.6666666666665;3820.0;14.008333333333333;15.9;295.8333333333333;515.0;9.7;5.300000000000068;0.9404310102060113
2025-12-19;15.020833333333334;0.0;0.30000000000000004;0.2;1.0;51;0.0;0.0;1012.8000000000001;23.541666666666668;89;23.541666666666668;0.0;0.0;14.0;-0.6569719314687218;-0.2119583602826871;9043.0;1070.0;7700.0;50600.61;3430.0;3240.0;13.158333333333333;14.2;337.7083333333333;645.0;8.899999999999999;3.5;0.6903176553091107
2025-12-20;12.454166666666666;3.8000000000000003;11.4;2.5;9.0;81;5.0;0.0;1014.0333333333333;96.45833333333333;100;79.70833333333333;45.208333333333336;49.333333333333336;0.0;0.24812471210289708;0.9527094822450088;4672.0;981.0;1686.0;19922.44;2840.0;2590.0;13.15;14.0;548.9583333333334;860.0;3.299999999999999;2.8999999999999773;0.9844903403871967
2025-12-21;14.9375;1.1;4.7;1.8;4.0;80;2.0;0.0;1016.5500000000001;48.041666666666664;100;45.875;20.041666666666668;7.333333333333333;11.0;-0.5063816347172135;0.17290949430170835;8110.0;1026.0;6257.0;46355.55;2769.1666666666665;2470.0;13.608333333333334;15.2;323.3333333333333;520.0;7.099999999999998;3.0;0.5350888273908828
2025-12-22;13.766666666666666;0.0;0.0;0.0;0.0;0;0.0;0.0;1017.0041666666666;0.4583333333333333;6;0.375;0.0;0.08333333333333333;24.0;-0.6770230830222906;-0.6333759549688459;9372.0;1092.0;8243.0;50645.71;3499.1666666666665;3250.0;11.866666666666667;12.9;442.0833333333333;760.0;7.900000000000002;2.0;0.9271059029462086
2025-12-23;15.091666666666667;0.0;0.0;0.0;0.0;3;0.0;0.0;1016.5916666666667;40.333333333333336;100;20.666666666666668;0.7083333333333334;32.958333333333336;14.0;-0.5924153360866597;-0.4481651847171551;8632.0;1077.0;7013.0;49092.18;3618.3333333333335;3450.0;13.191666666666668;15.8;343.9583333333333;600.0;10.499999999999998;2.1000000000000227;0.7428377771917848
2025-12-24;14.616666666666667;0.0;0.0;0.0;0.0;0;0.0;0.0;1018.2958333333332;0.20833333333333334;2;0.125;0.08333333333333333;0.0;24.0;-0.394147088137978;-0.8514328202972173;9122.0;1067.0;7917.0;50679.8;3803.75;3440.0;13.004166666666668;15.8;421.0416666666667;770.0;8.899999999999999;2.3999999999999773;0.9382375896151894
2025-12-25;15.1;0.0;0.0;0.0;0.0;0;0.0;0.0;1015.6541666666667;0.041666666666666664;1;0.041666666666666664;0.0;0.0;24.0;-0.4469108297936753;-0.8686335580517661;9319.0;1084.0;8227.0;50697.93;4320.416666666667;4110.0;13.362499999999999;15.4;352.5;595.0;10.499999999999998;7.7999999999999545;0.9768590215381862
2025-12-26;14.741666666666667;0.0;0.0;0.0;0.0;0;0.0;0.0;1015.5749999999999;2.4583333333333335;13;2.4583333333333335;0.0;0.0;24.0;-0.629249802499381;-0.7447419743207462;9101.0;1055.0;7915.0;50400.0;3839.1666666666665;3600.0;13.387500000000001;14.8;504.1666666666667;690.0;8.8;5.7999999999999545;0.9749850882247754
2025-12-27;15.166666666666666;0.0;0.0;0.0;0.0;0;0.0;0.0;1016.3916666666668;0.0;0;0.0;0.0;0.0;24.0;-0.4281336055155988;-0.8550711649036665;9274.0;1083.0;8163.0;50410.46;4006.6666666666665;3840.0;12.908333333333333;14.5;356.0416666666667;510.0;9.299999999999999;4.300000000000068;0.956266218801804
2025-12-28;17.270833333333332;0.0;0.0;0.0;0.0;0;0.0;0.0;1014.5833333333334;0.25;5;0.25;0.0;0.0;24.0;-0.564438172767269;-0.6234898931411182;9291.0;1079.0;8184.0;50430.45;4032.9166666666665;3970.0;13.370833333333332;15.6;173.54166666666666;260.0;11.000000000000002;2.2999999999999545;0.8410291895802288
2025-12-29;17.520833333333332;0.0;0.0;0.0;0.0;0;0.0;0.0;1013.9083333333333;0.125;1;0.125;0.0;0.0;24.0;-0.5967136233599998;-0.7685976615309648;9345.0;1088.0;8262.0;50450.95;4175.416666666667;4120.0;14.575000000000001;16.7;185.0;325.0;10.1;2.800000000000068;0.9730413730228983
2025-12-30;17.391666666666666;0.0;0.0;0.0;0.0;0;0.0;0.0;1014.0333333333333;0.16666666666666666;1;0.125;0.041666666666666664;0.0;24.0;-0.5253358235224432;-0.8369907973571357;9189.0;1079.0;8102.0;50471.94;4186.666666666667;4050.0;14.979166666666666;17.6;231.45833333333334;395.0;11.6;2.5;0.9881959938881241
2025-12-31;19.516666666666666;0.0;0.0;0.0;0.0;1;0.0;0.0;1013.0916666666667;3.25;28;3.1666666666666665;0.0;0.08333333333333333;23.0;-0.5962910622562405;-0.732799002177611;9143.0;1067.0;8053.0;50400.0;4425.833333333333;4390.0;16.004166666666666;17.6;157.29166666666666;285.0;11.8;3.1000000000000227;0.9447525647063245
2026-01-01;17.779166666666665;0.0;0.0;0.0;0.0;3;0.0;0.0;1012.9041666666667;26.041666666666668;100;21.0;0.0;5.041666666666667;14.0;-0.29802140541976724;-0.0865166823458507;9165.0;1077.0;8000.0;50400.0;4545.833333333333;4480.0;13.916666666666666;15.9;147.91666666666666;350.0;11.6;3.1000000000000227;0.31032546529813837
2026-01-02;14.829166666666666;0.0;0.0;0.0;0.0;3;0.0;0.0;1013.9041666666667;63.375;100;63.375;0.0;0.0;2.0;-0.4243608379048589;0.27160771402921585;8556.0;1048.0;6390.0;50400.0;4767.083333333333;4560.0;12.908333333333333;14.7;133.75;265.0;9.200000000000001;2.2999999999999545;0.503838139750744
2026-01-03;15.058333333333332;0.0;0.0;0.0;0.0;3;0.0;0.0;1014.2125;99.75;100;99.75;0.0;0.0;0.0;0.02233643809875871;0.7818100544549821;6066.0;757.0;2612.0;39932.43;4729.583333333333;4670.0;13.387500000000001;14.7;245.625;505.0;5.899999999999999;1.3999999999999773;0.7821290671710404
2026-01-04;14.629166666666668;0.0;0.2;0.1;0.0;51;0.0;0.0;1014.1916666666666;94.54166666666667;100;94.54166666666667;0.0;0.0;0.0;-0.298257361448231;0.7448627610446946;5636.0;728.0;1894.0;38137.98;4627.916666666667;4500.0;13.445833333333333;14.2;277.2916666666667;585.0;2.799999999999999;4.0;0.8023577671146374
2026-01-05;15.904166666666667;0.0;0.0;0.0;0.0;3;0.0;0.0;1015.3625000000001;74.45833333333333;100;71.54166666666667;9.083333333333334;0.0;1.0;0.3190342052397955;0.7289237373813339;7034.0;927.0;4348.0;46961.9;4029.5833333333335;3710.0;13.799999999999999;14.8;207.5;605.0;5.500000000000002;4.7999999999999545;0.7956837556661314
2026-01-06;16.504166666666666;0.0;0.0;0.0;0.0;3;0.0;0.0;1016.2708333333334;39.291666666666664;100;39.25;4.541666666666667;0.0;10.0;-0.2285530711656644;-0.5930895439075919;8166.0;947.0;5802.0;50218.45;3898.75;3650.0;14.195833333333333;15.2;198.125;335.0;6.700000000000001;2.8999999999999773;0.6356034246539053
2026-01-07;19.095833333333335;0.0;0.0;0.0;0.0;3;0.0;0.0;1011.9291666666667;16.5;84;11.75;0.0;4.75;17.0;-0.17405548369170376;0.07677854112545306;9049.0;1063.0;7894.0;50400.0;4151.25;4110.0;14.950000000000001;16.7;191.45833333333334;400.0;11.799999999999999;3.2999999999999545;0.1902373669406351
2026-01-08;15.641666666666666;0.0;0.0;0.0;0.0;3;0.0;0.0;1013.7541666666666;62.208333333333336;100;60.416666666666664;0.0;19.458333333333332;6.0;-0.17035246100341248;0.7989009117469094;7011.0;852.0;4028.0;42833.29;4063.75;3930.0;13.950000000000001;15.3;247.70833333333334;470.0;6.700000000000001;2.5;0.8168614495494093
2026-01-09;17.079166666666666;0.0;0.0;0.0;0.0;3;0.0;0.0;1012.4291666666667;41.875;99;31.75;0.0;10.333333333333334;11.0;-0.5203396084310579;-0.5959814813044112;9034.0;1063.0;7922.0;50400.0;4130.833333333333;3940.0;14.691666666666668;16.6;231.66666666666666;380.0;10.4;3.0;0.7911682717096199
2026-01-10;17.400000000000002;0.0;0.0;0.0;0.0;2;0.0;0.0;1014.6291666666666;8.25;52;8.25;0.0;0.0;20.0;-0.587534310792802;-0.791330096158496;9077.0;1067.0;7910.0;50400.0;4110.416666666667;4060.0;14.762500000000001;16.5;250.41666666666666;340.0;10.9;2.199999999999932;0.9855962091267334
2026-01-11;17.433333333333334;0.0;0.0;0.0;0.0;3;0.0;0.0;1014.1791666666667;26.0;95;0.375;0.0;25.833333333333332;15.0;-0.5189783999043922;-0.7641073762098606;9014.0;1067.0;7738.0;50400.0;4104.166666666667;3890.0;14.895833333333334;16.7;296.4583333333333;465.0;8.3;1.6000000000000227;0.9236875348004002
2026-01-12;15.829166666666666;0.0;0.0;0.0;0.0;3;0.0;0.0;1015.4708333333333;29.375;100;6.041666666666667;0.9166666666666666;23.333333333333332;15.0;-0.5445672381807474;-0.8203848187178933;8057.0;1005.0;5789.0;50400.0;3647.0833333333335;3360.0;14.054166666666667;15.3;327.5;540.0;7.500000000000002;2.800000000000068;0.98467493503318
2026-01-13;15.408333333333333;0.0;0.0;0.0;0.0;0;0.0;0.0;1013.6458333333334;0.0;0;0.0;0.0;0.0;24.0;-0.4801746645500973;-0.8039279475074897;9214.0;1086.0;8157.0;50400.0;4274.583333333333;3970.0;12.137500000000001;14.7;353.9583333333333;520.0;11.000000000000002;4.800000000000068;0.936412224001483
2026-01-14;16.075;0.0;0.0;0.0;0.0;1;0.0;0.0;1013.0875;4.25;21;4.0;0.20833333333333334;0.0;23.0;-0.7232622906606284;-0.5428275266450415;8954.0;1056.0;7821.0;50400.0;3914.1666666666665;3310.0;13.75;15.1;474.375;770.0;8.500000000000002;5.5;0.9043063998309603
2026-01-15;15.054166666666667;0.0;0.0;0.0;0.0;3;0.0;0.0;1017.75;22.875;100;20.291666666666668;4.875;0.08333333333333333;15.0;-0.5582789436251868;-0.79417921244455;8756.0;1070.0;7412.0;49833.09;3602.0833333333335;2970.0;12.862499999999999;14.6;377.5;570.0;6.300000000000001;3.8999999999999773;0.9707708279374181
2026-01-16;15.4375;0.0;0.0;0.0;0.0;0;0.0;0.0;1015.7041666666668;0.0;0;0.0;0.0;0.0;24.0;-0.4643149050140174;-0.851459819558309;8960.0;1059.0;7897.0;50400.0;4584.166666666667;4520.0;12.737499999999999;15.3;313.125;480.0;10.200000000000001;4.899999999999977;0.9698309931840929
2026-01-17;15.870833333333332;0.0;0.0;0.0;0.0;0;0.0;0.0;1014.9583333333334;0.0;0;0.0;0.0;0.0;24.0;-0.415195494384975;-0.8925807342321949;9114.0;1079.0;8033.0;50400.0;4467.916666666667;4380.0;13.795833333333334;15.5;302.9166666666667;585.0;7.299999999999999;4.699999999999932;0.9844225036436681
2026-01-18;18.004166666666666;0.0;0.0;0.0;0.0;0;0.0;0.0;1008.7125;0.0;0;0.0;0.0;0.0;24.0;-0.41726872339172255;-0.8571792210583263;9093.0;1074.0;8059.0;50400.0;4573.75;4510.0;13.329166666666666;16.9;321.4583333333333;595.0;13.0;5.7999999999999545;0.9533464242001
2026-01-19;16.4875;0.0;0.0;0.0;0.0;3;0.0;0.0;1009.3375;30.916666666666668;88;30.916666666666668;0.0;0.0;11.0;-0.3870087187454458;0.10680778933301038;8732.0;1057.0;7405.0;50400.0;4590.833333333333;4470.0;13.762500000000001;15.6;109.79166666666667;230.0;9.5;4.0;0.40147683899223413
2026-01-20;14.0;0.0;0.0;0.0;0.0;3;0.0;0.0;1011.9833333333332;53.166666666666664;100;53.166666666666664;0.0;0.0;9.0;-0.188087734642119;0.6351333234441776;8393.0;991.0;6553.0;50387.86;4791.25;4490.0;12.508333333333333;13.9;207.5;445.0;6.699999999999999;3.6000000000000227;0.6623981691339813
2026-01-21;14.245833333333332;0.0;0.0;0.0;0.0;3;0.0;0.0;1013.5375;22.708333333333332;84;22.708333333333332;0.0;0.0;15.0;-0.652219314595902;-0.7155002327763201;8553.0;1061.0;7156.0;50325.64;4555.0;4380.0;12.941666666666668;14.4;383.125;525.0;8.899999999999999;2.300000000000068;0.9681583638201534
2026-01-22;15.820833333333333;0.0;0.0;0.0;0.0;1;0.0;0.0;1014.025;2.375;20;2.375;0.0;0.0;23.0;-0.6396447894626602;-0.6740455866539814;8750.0;1036.0;7507.0;50263.59;4283.333333333333;4230.0;13.620833333333332;15.2;333.5416666666667;410.0;8.599999999999998;3.300000000000068;0.9292378110981283
2026-01-23;16.037499999999998;0.0;0.0;0.0;0.0;3;0.0;0.0;1013.1166666666667;23.875;99;23.875;0.0;0.0;16.0;-0.7127888716544756;-0.6275233696043255;8702.0;1050.0;7487.0;50200.92;4231.666666666667;4170.0;13.891666666666666;15.5;220.41666666666666;315.0;8.7;3.6000000000000227;0.9496597048174822
2026-01-24;14.7875;0.0;0.0;0.0;0.0;3;0.0;0.0;1013.7375000000001;21.125;100;19.958333333333332;0.0;1.1666666666666667;13.0;-0.6985761429379426;-0.6582010856255982;8653.0;1049.0;7389.0;50137.54;4263.333333333333;4200.0;13.0875;14.1;289.375;405.0;7.6;3.0;0.9598110733893253
2026-01-25;14.450000000000001;0.0;0.0;0.0;0.0;3;0.0;0.0;1015.0124999999999;30.791666666666668;98;2.5833333333333335;0.4583333333333333;28.875;15.0;-0.7731368137524831;-0.43264389378729823;8561.0;1029.0;7374.0;50073.55;4009.5833333333335;3780.0;12.270833333333334;13.1;422.9166666666667;795.0;7.500000000000002;5.100000000000023;0.8859578272190933
2026-01-26;16.445833333333333;0.0;0.0;0.0;0.0;0;0.0;0.0;1017.1416666666668;0.20833333333333334;4;0.0;0.20833333333333334;0.0;24.0;-0.46728250986375724;-0.6157691423788786;8489.0;1023.0;7385.0;50009.02;3918.3333333333335;3810.0;13.35;15.0;277.7083333333333;410.0;8.5;1.8000000000000682;0.7729971414763395
2026-01-27;17.8;0.0;0.0;0.0;0.0;3;0.0;0.0;1018.5166666666668;47.083333333333336;99;16.458333333333332;0.08333333333333333;36.75;7.0;-0.722791695127834;-0.45562604399958345;7390.0;949.0;4939.0;49944.04;4090.0;3900.0;15.341666666666667;16.7;236.25;350.0;8.299999999999999;2.199999999999932;0.8544137911553618
2026-01-28;19.941666666666666;0.0;0.0;0.0;0.0;1;0.0;0.0;1015.5791666666668;3.75;38;1.25;0.0;2.5;22.0;-0.48722702915859367;-0.8171858331060187;8217.0;994.0;7114.0;49878.68;4613.333333333333;4320.0;17.095833333333335;19.1;243.33333333333334;415.0;9.0;6.100000000000023;0.9514109857321845
2026-01-29;19.154166666666665;0.0;0.0;0.0;0.0;3;0.0;0.0;1012.2416666666667;49.708333333333336;100;49.708333333333336;0.0;0.0;8.0;-0.23955263884296862;0.2603416499690165;7562.0;992.0;5693.0;49813.02;4897.5;4650.0;16.658333333333335;17.3;215.625;315.0;6.899999999999999;4.100000000000023;0.3537841735934773
2026-01-30;18.429166666666667;0.2;7.1;4.8;3.0;95;2.0;1.0;1015.1541666666667;65.75;100;63.291666666666664;20.875;10.958333333333334;6.0;-0.3509248016816164;-0.1552819052599699;6008.0;781.0;3334.0;40171.94;4277.5;3990.0;16.504166666666666;19.2;214.58333333333334;395.0;9.899999999999999;3.300000000000068;0.38374560132521135
2026-01-31;19.270833333333332;0.0;0.0;0.0;0.0;3;0.0;0.0;1011.8916666666668;30.625;100;16.833333333333332;1.1666666666666667;13.583333333333334;11.0;-0.6248325459180022;-0.7498029991271217;8128.0;1012.0;6873.0;49628.61;4158.75;3990.0;16.958333333333332;18.7;246.875;395.0;9.6;3.199999999999932;0.9760226677379982
2026-02-01;19.229166666666668;0.0;0.0;0.0;0.0;3;0.0;0.0;1012.625;17.791666666666668;88;10.875;0.0;8.208333333333334;15.0;-0.6726092542198255;-0.12983304922890457;7939.0;953.0;6309.0;49512.21;4546.666666666667;4260.0;16.425;18.1;146.04166666666666;280.0;7.600000000000001;1.6999999999999318;0.6850254225459265
2026-02-02;15.174999999999999;0.0;0.2;0.1;0.0;51;0.0;0.0;1013.8041666666667;64.625;100;59.625;23.541666666666668;1.75;5.0;-0.08073292767505753;0.861720592177341;6710.0;969.0;4569.0;37603.7;4391.25;4050.0;14.1;15.1;353.5416666666667;600.0;4.600000000000001;2.800000000000068;0.8654941851875455
2026-02-03;16.4875;5.3999999999999995;1.8;0.8;3.0;61;0.0;0.0;1014.6583333333333;89.04166666666667;100;86.16666666666667;44.916666666666664;1.25;0.0;0.0781130425903455;0.9921039980078961;4989.0;694.0;2459.0;34150.03;4056.25;3830.0;15.983333333333334;17.4;403.9583333333333;530.0;5.899999999999999;1.599999999999909;0.9951743517022394
2026-02-04;17.625;3.0;0.1;0.1;0.0;55;0.0;0.0;1014.9;98.08333333333333;100;36.208333333333336;73.33333333333333;88.125;0.0;-0.2432381318702069;0.3318476603261247;4721.0;823.0;1680.0;23993.21;3415.4166666666665;3000.0;15.654166666666667;16.3;181.45833333333334;385.0;4.300000000000001;3.5;0.4114458147309694
2026-02-05;15.883333333333333;0.0;0.0;0.0;0.0;3;0.0;0.0;1018.5708333333333;40.791666666666664;100;0.7083333333333334;35.791666666666664;29.541666666666668;12.0;-0.28122995984752414;-0.8365822338452574;7917.0;1002.0;6596.0;46482.29;3177.9166666666665;2990.0;13.625;15.9;322.5;440.0;7.800000000000001;3.1000000000000227;0.8825871766014737
2026-02-06;15.420833333333334;0.0;0.0;0.0;0.0;0;0.0;0.0;1018.8166666666666;0.0;0;0.0;0.0;0.0;24.0;-0.3065151393256344;-0.8583315309658949;8484.0;1041.0;7459.0;48911.53;4078.3333333333335;3540.0;12.633333333333333;15.5;337.2916666666667;520.0;10.599999999999998;3.6000000000000227;0.9114189748332377
2026-02-07;15.854166666666666;0.0;0.0;0.0;0.0;0;0.0;0.0;1015.3708333333334;0.2916666666666667;3;0.2916666666666667;0.0;0.0;24.0;-0.5953304801003273;-0.7233694737105988;8160.0;1003.0;7103.0;48788.61;4297.083333333333;4160.0;13.6875;15.1;404.1666666666667;655.0;7.299999999999999;2.0;0.9368467196040315
2026-02-08;16.962500000000002;0.0;0.5;0.3;2.0;51;0.0;0.0;1016.5124999999999;38.625;100;38.208333333333336;0.4166666666666667;0.0;12.0;-0.7365855565458821;-0.08368116833367628;6750.0;926.0;4688.0;41098.15;4060.0;3560.0;14.591666666666667;15.9;445.0;975.0;7.5;4.7999999999999545;0.7413236945125227
2026-02-09;17.275000000000002;0.0;0.0;0.0;0.0;1;0.0;0.0;1018.2125;3.8333333333333335;43;3.8333333333333335;0.0;0.0;23.0;-0.5279983795897569;-0.7679190367324663;7776.0;960.0;6584.0;48088.84;3585.0;3470.0;15.008333333333333;17.2;371.875;595.0;9.499999999999998;2.400000000000091;0.9319237821976258
2026-02-10;15.654166666666667;0.4;0.30000000000000004;0.1;0.0;51;0.0;0.0;1017.25;31.5;98;21.0;19.416666666666668;0.0;8.0;-0.4960919165584172;-0.23836779269223637;6195.0;884.0;4293.0;44713.7;3277.0833333333335;2400.0;13.65;15.5;534.1666666666666;1065.0;6.000000000000002;4.100000000000023;0.5503874946504259
2026-02-11;14.229166666666666;0.0;0.0;0.0;0.0;2;0.0;0.0;1018.9333333333334;15.75;63;0.625;5.75;10.875;18.0;-0.3223002435386781;-0.8265106375396937;7814.0;982.0;6647.0;47720.4;3412.9166666666665;3320.0;11.941666666666668;13.0;628.3333333333334;1255.0;5.6;3.0;0.887128672150417
2026-02-12;15.041666666666666;0.0;0.0;0.0;0.0;1;0.0;0.0;1018.3166666666666;8.416666666666666;48;0.0;1.625;7.208333333333333;20.0;-0.27170391815572353;-0.8639594427180847;7832.0;979.0;6780.0;47682.8;3477.5;3400.0;12.799999999999999;14.4;384.7916666666667;810.0;8.4;1.8000000000000682;0.9056759562906126
2026-02-13;17.3625;0.0;0.0;0.0;0.0;2;0.0;0.0;1016.5583333333334;2.1666666666666665;50;0.08333333333333333;0.0;2.0833333333333335;23.0;-0.5302897239339156;-0.7669287165041899;7821.0;979.0;6782.0;47347.04;3770.8333333333335;3340.0;14.691666666666665;16.6;290.625;450.0;9.1;2.2999999999999545;0.9324091631406636
2026-02-14;17.05;0.0;0.0;0.0;0.0;3;0.0;0.0;1015.35;34.125;100;14.666666666666666;1.2083333333333333;28.541666666666668;14.0;-0.6536226568604245;-0.7202125579592042;7751.0;991.0;6622.0;45928.2;3869.5833333333335;3760.0;14.895833333333334;15.8;383.3333333333333;640.0;7.300000000000001;1.6000000000000227;0.9725886623868389
2026-02-15;13.799999999999999;0.0;0.0;0.0;0.0;0;0.0;0.0;1015.5458333333332;2.0416666666666665;15;2.0416666666666665;0.0;0.0;24.0;-0.5800924258946468;-0.7674641282182412;7924.0;996.0;6893.0;47264.59;3830.8333333333335;3750.0;12.066666666666668;12.9;389.375;580.0;6.700000000000001;2.1000000000000227;0.962033476903024
2026-02-16;14.733333333333334;0.0;0.0;0.0;0.0;3;0.0;0.0;1014.3375;11.125;92;0.5;0.0;10.875;19.0;0.07231133893396403;0.34438389027784383;7767.0;979.0;6727.0;46926.3;3939.1666666666665;3780.0;12.025;13.9;251.45833333333334;445.0;11.5;2.7999999999999545;0.35189372489620296
2026-02-17;16.787499999999998;1.7;5.1000000000000005;4.4;2.0;81;2.0;0.0;1016.8375;60.083333333333336;100;37.583333333333336;30.791666666666668;40.416666666666664;8.0;-0.11498626562555873;0.3495781628007703;5465.0;856.0;3596.0;31316.9;3567.9166666666665;3420.0;15.191666666666668;17.7;284.1666666666667;520.0;9.600000000000001;5.0;0.36800371355418876
2026-02-18;14.858333333333334;0.0;0.0;0.0;0.0;0;0.0;0.0;1017.6291666666666;0.875;6;0.375;0.2916666666666667;0.25;24.0;-0.38879530942530244;-0.8639943565008078;7636.0;966.0;6615.0;46248.81;3996.25;3830.0;13.174999999999999;14.2;349.7916666666667;635.0;5.800000000000001;2.0;0.9474428957443091
2026-02-19;15.991666666666667;0.0;0.0;0.0;0.0;1;0.0;0.0;1012.8249999999999;1.75;42;0.0;0.0;1.75;23.0;-0.4047582436766515;-0.8420353871640383;7785.0;985.0;6827.0;46496.41;4482.5;3830.0;13.566666666666668;16.2;215.0;475.0;10.0;8.299999999999955;0.9342659305897327
2026-02-20;15.854166666666666;0.0;0.0;0.0;0.0;3;0.0;0.0;1010.5791666666668;59.0;100;21.791666666666668;0.0;43.75;7.0;0.4324462141831619;0.5154087263280557;7047.0;938.0;5532.0;44467.14;4330.0;4140.0;14.174999999999999;15.7;176.04166666666666;360.0;6.800000000000001;6.600000000000023;0.6727970595480169
2026-02-21;17.89166666666667;0.0;0.0;0.0;0.0;3;0.0;0.0;1012.3916666666668;33.208333333333336;100;27.333333333333332;0.7916666666666666;6.166666666666667;15.0;-0.6216971934611695;-0.4197063199475546;7065.0;928.0;5732.0;45113.82;4253.333333333333;4060.0;15.049999999999999;16.5;182.91666666666666;300.0;8.7;1.8999999999999773;0.7501071892479193
2026-02-22;16.441666666666666;0.0;0.0;0.0;0.0;3;0.0;0.0;1012.6750000000001;14.708333333333334;95;14.708333333333334;0.0;0.0;20.0;-0.6070074518191496;-0.775957567914495;7370.0;951.0;6320.0;45468.47;4427.5;4300.0;14.716666666666667;16.7;230.0;375.0;9.4;2.7999999999999545;0.9851741946314648
2026-02-23;16.608333333333334;0.0;0.0;0.0;0.0;3;0.0;0.0;1013.2916666666666;16.166666666666668;84;15.875;0.0;0.875;18.0;-0.5534605985682358;-0.815880770724771;7275.0;939.0;6225.0;45077.65;4467.916666666667;4320.0;14.924999999999999;17.1;276.6666666666667;455.0;9.7;2.300000000000068;0.9858904940235281
2026-02-24;16.6125;0.0;0.0;0.0;0.0;0;0.0;0.0;1012.7958333333332;0.20833333333333334;5;0.0;0.0;0.20833333333333334;24.0;-0.5578125849544328;-0.7610802380874856;7480.0;961.0;6528.0;45304.75;4188.75;4110.0;14.070833333333333;15.3;197.70833333333334;260.0;7.5;1.8000000000000682;0.9436090338380881
2026-02-25;14.612499999999999;0.0;0.0;0.0;0.0;3;0.0;0.0;1012.7791666666667;32.916666666666664;98;19.208333333333332;0.0;13.75;13.0;-0.5754220555280555;-0.26608810474358763;7292.0;941.0;6198.0;44858.2;3898.75;3590.0;12.766666666666666;14.1;203.125;395.0;7.700000000000001;2.5;0.6339664198316556
2026-02-26;14.133333333333333;0.0;0.0;0.0;0.0;3;0.0;0.0;1014.0875;46.0;100;0.20833333333333334;3.7083333333333335;45.75;13.0;-0.6025399244175896;-0.6793283806902132;7165.0;943.0;5964.0;43200.0;3663.3333333333335;3510.0;11.9125;13.5;290.0;435.0;9.299999999999999;2.7000000000000455;0.9080426252816229
2026-02-27;15.970833333333333;0.0;2.5;0.7;4.0;53;0.0;0.0;1012.2624999999999;81.54166666666667;100;71.0;17.25;46.583333333333336;3.0;-0.01816124859378636;0.6226759642539813;4029.0;622.0;1178.0;24632.93;3651.6666666666665;3560.0;14.133333333333333;16.0;176.45833333333334;360.0;5.899999999999999;3.2000000000000455;0.6229407575444962
2026-02-28;16.979166666666668;0.0;0.0;0.0;0.0;3;0.0;0.0;1012.6374999999999;81.83333333333333;100;81.5;9.833333333333334;1.875;0.0;0.3083510773142108;0.9164001337923554;5326.0;737.0;2890.0;43200.0;4240.416666666667;3580.0;15.579166666666666;16.9;182.5;255.0;6.5;2.400000000000091;0.9668865456171584
2026-03-01;16.575;3.2;2.1;0.7;5.0;55;0.0;0.0;1009.9791666666666;99.5;100;98.29166666666667;21.375;70.54166666666667;0.0;0.19986276210461873;0.6611708949610606;2478.0;491.0;269.0;3753.69;3980.4166666666665;3470.0;16.283333333333335;17.4;308.5416666666667;475.0;2.3999999999999986;3.099999999999909;0.6907185215554142
2026-03-02;14.9375;3.9;3.4000000000000004;1.6;3.0;81;2.0;0.0;1013.1416666666668;41.875;100;20.5;24.708333333333332;25.125;14.0;-0.5236552071580849;-0.1913458862824582;6577.0;917.0;5399.0;36399.49;2905.8333333333335;2490.0;13.3125;14.3;348.9583333333333;675.0;7.199999999999999;8.200000000000045;0.5575195280714356
2026-03-03;13.870833333333332;0.0;0.0;0.0;0.0;0;0.0;0.0;1016.2375000000001;0.0;0;0.0;0.0;0.0;24.0;-0.21605767251090735;-0.7734996681947313;6946.0;911.0;6004.0;43350.32;4019.5833333333335;3280.0;12.133333333333333;13.9;463.5416666666667;925.0;8.799999999999999;2.1000000000000227;0.8031081213312375
2026-03-04;15.125;0.0;0.0;0.0;0.0;1;0.0;0.0;1014.5791666666668;1.5;29;0.2916666666666667;0.0;1.2083333333333333;23.0;-0.1538322676523409;-0.9293120716945394;7213.0;942.0;6318.0;43678.42;4170.0;4020.0;13.183333333333332;15.3;413.125;760.0;10.0;5.699999999999932;0.9419582226236247
2026-03-05;15.862499999999999;0.0;0.0;0.0;0.0;1;0.0;0.0;1012.1374999999999;2.7083333333333335;37;0.0;0.0;2.7083333333333335;23.0;-0.3028113464245867;-0.7514529676658109;7035.0;925.0;6161.0;43431.12;4070.0;3890.0;12.595833333333333;15.7;125.41666666666667;295.0;10.999999999999998;3.0;0.8101705216417253
2026-03-06;15.975;0.0;0.0;0.0;0.0;3;0.0;0.0;1010.3833333333333;81.04166666666667;100;30.833333333333332;0.0;78.16666666666667;2.0;-0.333714022437582;-0.2122736611927242;6487.0;879.0;4903.0;43200.0;4160.416666666667;4050.0;13.825000000000001;16.0;136.66666666666666;315.0;10.4;1.2000000000000455;0.39550620223662036
2026-03-07;13.700000000000001;0.0;0.0;0.0;0.0;3;0.0;0.0;1011.3708333333334;88.83333333333333;100;59.625;3.4166666666666665;83.95833333333333;2.0;0.014690695469652973;0.8810310633738784;5425.0;793.0;2883.0;39600.0;3753.3333333333335;3360.0;12.720833333333333;14.0;247.08333333333334;595.0;5.199999999999999;2.5;0.8811535343872197
2026-03-08;14.512500000000001;0.0;2.1;1.4;3.0;80;1.0;0.0;1013.6583333333333;51.5;100;18.958333333333332;19.791666666666668;33.125;7.0;0.5486640901988763;0.7050522955292232;5176.0;839.0;3231.0;32595.83;3281.25;3170.0;13.487499999999999;15.3;289.375;610.0;7.899999999999999;2.6000000000000227;0.8933817903364651
2026-03-09;17.2625;0.0;0.0;0.0;0.0;3;0.0;0.0;1015.1083333333332;33.375;100;5.625;0.0;29.291666666666668;12.0;-0.07836868718888619;-0.23987367507574922;6450.0;874.0;5394.0;41603.47;3790.0;3510.0;14.5;16.3;180.625;440.0;10.500000000000002;2.1000000000000227;0.2523510077769764
2026-03-10;16.491666666666667;0.0;0.0;0.0;0.0;3;0.0;0.0;1014.2333333333332;22.25;99;8.791666666666666;0.0;13.458333333333334;15.0;-0.5289195592041864;-0.7356119709493236;6185.0;807.0;4643.0;43200.0;4265.416666666667;4200.0;14.508333333333333;16.4;217.5;420.0;7.699999999999999;2.3999999999999773;0.9060247634103051
2026-03-11;16.966666666666665;0.0;0.0;0.0;0.0;3;0.0;0.0;1016.5958333333333;31.083333333333332;100;11.583333333333334;0.6666666666666666;18.875;16.0;-0.6221446335068866;-0.689884562825902;6375.0;856.0;5473.0;43200.0;4026.6666666666665;3860.0;14.179166666666667;17.3;293.9583333333333;430.0;8.8;3.3999999999999773;0.9289804384522337
2026-03-12;16.5625;0.0;0.0;0.0;0.0;3;0.0;0.0;1016.3916666666668;63.25;100;31.458333333333332;0.7916666666666666;31.958333333333332;7.0;-0.5455682684052905;-0.820291053807361;5825.0;876.0;4334.0;41373.8;3982.0833333333335;3880.0;15.066666666666668;17.3;349.375;565.0;9.0;2.3999999999999773;0.9851508252278622
2026-03-13;14.233333333333334;0.0;0.0;0.0;0.0;3;0.0;0.0;1016.375;23.0;100;1.0;0.0;22.0;17.0;-0.40196797600906303;-0.8684950583314968;6481.0;878.0;5548.0;41941.79;3710.4166666666665;3550.0;12.658333333333333;14.0;421.0416666666667;740.0;7.1;2.5;0.9570067502808184
2026-03-14;14.579166666666666;0.7000000000000001;3.4;3.4;1.0;81;1.0;0.0;1014.3291666666668;87.58333333333333;100;11.833333333333334;63.25;52.958333333333336;1.0;-0.3432560658288793;0.04898626297352341;4448.0;791.0;2099.0;26463.9;3560.4166666666665;3460.0;13.183333333333332;14.3;424.5833333333333;670.0;7.0;6.2000000000000455;0.34673387588816745
2026-03-15;13.891666666666666;45.699999999999996;3.7;0.9;10.0;82;7.0;0.0;1007.4250000000001;81.625;100;76.75;72.83333333333333;12.083333333333334;1.0;-0.38303476738224657;0.5315393683147981;2620.0;458.0;967.0;19150.8;3394.5833333333335;3180.0;14.404166666666667;15.4;487.0833333333333;830.0;5.800000000000001;6.2999999999999545;0.6551715295188476
2026-03-16;13.308333333333332;3.5999999999999996;4.7;1.0;9.0;80;2.0;0.0;1011.2083333333334;67.125;100;49.25;39.375;0.0;0.0;0.0017090957960487114;0.8737490553471875;4948.0;680.0;3347.0;43200.0;2919.1666666666665;2510.0;13.770833333333334;14.7;497.5;850.0;2.9000000000000004;3.2000000000000455;0.8737507268829838
2026-03-17;13.566666666666668;0.0;0.0;0.0;0.0;2;0.0;0.0;1017.6041666666666;9.791666666666666;54;3.5;5.708333333333333;2.0416666666666665;20.0;-0.07043898943728656;-0.5416126138899234;6126.0;840.0;5187.0;43200.0;3087.0833333333335;2250.0;11.583333333333334;13.5;423.75;910.0;7.199999999999999;4.600000000000023;0.5461738503055794
2026-03-18;13.666666666666666;0.0;0.0;0.0;0.0;1;0.0;0.0;1015.1833333333334;2.625;21;1.375;0.125;1.125;23.0;0.14318371283035536;0.23221244042994058;6011.0;820.0;5159.0;43200.0;3793.3333333333335;3520.0;11.533333333333333;13.8;206.45833333333334;575.0;10.799999999999999;5.300000000000068;0.27280797845795196
2026-03-19;14.770833333333334;12.999999999999998;6.8;2.4;5.0;81;4.0;0.0;1013.0041666666666;65.20833333333333;100;38.833333333333336;48.291666666666664;21.5;3.0;-0.3272517615231428;0.4880955124661366;4239.0;731.0;2480.0;28800.0;2921.6666666666665;2340.0;13.75;14.9;360.2083333333333;580.0;5.600000000000001;3.6000000000000227;0.5876486575408647
2026-03-20;12.6;0.30000000000000004;0.0;0.0;0.0;51;0.0;0.0;1016.0;28.333333333333332;100;1.5416666666666667;11.208333333333334;19.333333333333332;15.0;-0.5057677518885677;-0.7954680127172354;5769.0;811.0;4671.0;40866.3;2092.0833333333335;2020.0;11.533333333333333;12.1;502.2916666666667;830.0;3.5999999999999996;4.600000000000023;0.9426401105972118
2026-03-21;11.441666666666668;8.3;1.8;0.3;5.0;80;1.0;0.0;1017.5;80.0;100;41.208333333333336;69.375;63.083333333333336;3.0;-0.06130597594913617;0.7553202557412817;2938.0;589.0;949.0;19994.81;2145.4166666666665;1920.0;11.4125;12.6;471.875;765.0;3.3999999999999986;6.899999999999977;0.7578041379011804
2026-03-22;10.783333333333333;13.6;1.2;0.5;3.0;81;3.0;0.0;1018.5166666666668;29.833333333333332;100;15.291666666666666;20.916666666666668;24.0;14.0;-0.4252636663824411;-0.4969729904699142;5832.0;813.0;4856.0;42892.51;1952.9166666666667;1730.0;10.570833333333333;12.2;618.75;850.0;5.5;12.699999999999932;0.6540881738738636
2026-03-23;11.054166666666667;0.0;0.0;0.0;0.0;1;0.0;0.0;1021.7291666666666;6.208333333333333;48;0.125;2.25;3.875;21.0;-0.07534820998432318;-0.8098167686445161;5739.0;798.0;4886.0;42753.27;3420.0;2620.0;9.799999999999999;11.7;423.3333333333333;805.0;7.7;7.300000000000068;0.8133145464859751
2026-03-24;12.083333333333334;0.0;0.0;0.0;0.0;3;0.0;0.0;1017.9916666666667;28.25;100;26.791666666666668;9.166666666666666;0.0;16.0;-0.2992940427829371;-0.7711082023591169;4947.0;804.0;3714.0;34213.62;3118.75;2420.0;11.291666666666666;13.4;437.7083333333333;880.0;5.4;8.299999999999955;0.8271546311245941
2026-03-25;9.6875;0.0;0.0;0.0;0.0;0;0.0;0.0;1018.975;0.0;0;0.0;0.0;0.0;24.0;-0.21399691813746777;-0.9089368799609115;5935.0;827.0;5120.0;42473.41;3626.25;3330.0;9.320833333333333;11.8;452.9166666666667;690.0;8.7;5.899999999999977;0.933788483932743
2026-03-26;11.0375;0.0;0.0;0.0;0.0;1;0.0;0.0;1016.2791666666667;3.9583333333333335;30;3.9583333333333335;0.0;0.0;21.0;-0.25730943597295125;-0.6843289242989351;5754.0;805.0;4942.0;42332.98;3593.3333333333335;3520.0;10.204166666666667;12.7;234.375;435.0;9.4;3.1000000000000227;0.7311047958212666
2026-03-27;11.108333333333334;0.0;0.0;0.0;0.0;3;0.0;0.0;1015.75;17.666666666666668;99;17.666666666666668;0.0;0.0;18.0;-0.3866691474329584;-0.7910407499772778;5666.0;801.0;4809.0;42192.33;3806.25;3660.0;10.425;12.0;259.7916666666667;515.0;7.300000000000001;3.5;0.8804876476709625
2026-03-28;11.816666666666668;0.0;0.0;0.0;0.0;0;0.0;0.0;1016.3208333333333;0.041666666666666664;1;0.041666666666666664;0.0;0.0;24.0;0.23927205000454632;0.34025939272649897;5635.0;789.0;4804.0;42051.54;4103.75;3880.0;10.383333333333333;12.5;225.0;560.0;8.200000000000001;4.900000000000091;0.415965825822247
2026-03-29;13.75;0.0;0.0;0.0;0.0;0;0.0;0.0;1016.4375;0.3333333333333333;5;0.3333333333333333;0.0;0.0;24.0;0.08024849413989743;-0.4532565506019041;5389.0;762.0;4563.0;41910.71;4547.5;4420.0;12.216666666666667;16.9;108.33333333333333;275.0;14.9;2.2999999999999545;0.4603056826449763
2026-03-30;16.808333333333334;0.0;0.0;0.0;0.0;3;0.0;0.0;1014.6166666666667;67.125;100;67.125;0.0;0.0;5.0;-0.6991234230689565;-0.5677193360636251;4022.0;635.0;2071.0;35153.96;4462.083333333333;4330.0;15.65;17.8;160.625;235.0;7.199999999999999;2.800000000000068;0.9005991368107003
2026-03-31;16.583333333333332;0.2;0.0;0.0;0.0;51;0.0;0.0;1015.5583333333334;41.125;100;41.125;1.4583333333333333;0.0;13.0;-0.6442726777724582;-0.46849734200720655;5038.0;763.0;4047.0;34990.02;4130.833333333333;3890.0;15.366666666666667;17.0;260.2083333333333;455.0;9.900000000000002;3.2999999999999545;0.7966034413633368
2026-04-01;11.679166666666667;0.0;0.0;0.0;0.0;0;0.0;0.0;1018.4791666666666;0.3333333333333333;2;0.3333333333333333;0.0;0.0;24.0;-0.339598645915478;-0.8405814594200107;5426.0;775.0;4635.0;41488.82;3885.8333333333335;3740.0;11.041666666666666;12.2;348.9583333333333;725.0;6.4;2.8999999999999773;0.9065894496564039
2026-04-02;11.145833333333334;0.0;0.0;0.0;0.0;0;0.0;0.0;1017.8708333333334;0.3333333333333333;8;0.0;0.0;0.3333333333333333;24.0;-0.2681405444280088;-0.855203573187237;5335.0;763.0;4564.0;41348.69;4100.833333333333;3880.0;10.387500000000001;12.2;334.1666666666667;585.0;7.5;2.8999999999999773;0.8962547088625905
2026-04-03;13.366666666666667;0.0;0.0;0.0;0.0;0;0.0;0.0;1018.2791666666667;0.375;6;0.0;0.0;0.375;24.0;-0.16038764679382453;-0.9210314528034539;5173.0;743.0;4400.0;41208.96;4042.0833333333335;3870.0;12.454166666666666;16.4;277.9166666666667;445.0;11.3;2.3999999999999773;0.934892044194035
2026-04-04;12.512500000000001;0.0;0.0;0.0;0.0;3;0.0;0.0;1014.5833333333334;22.625;100;2.9583333333333335;0.0;19.666666666666668;18.0;-0.5070998803609156;-0.7723869830366908;5202.0;749.0;4387.0;41069.71;4089.1666666666665;3900.0;11.754166666666668;13.5;196.25;360.0;6.299999999999999;4.100000000000023;0.9239761578236617
2026-04-05;12.895833333333334;0.0;0.1;0.1;0.0;51;0.0;0.0;1015.35;13.583333333333334;62;8.666666666666666;5.375;0.0;17.0;-0.6396629550503643;-0.6975949025574119;4823.0;717.0;3850.0;40225.57;3249.1666666666665;2870.0;12.316666666666668;13.6;368.5416666666667;635.0;5.399999999999999;3.2999999999999545;0.946470994874037
2026-04-06;12.929166666666667;0.0;0.0;0.0;0.0;3;0.0;0.0;1016.9958333333334;13.666666666666666;84;13.666666666666666;0.0;0.0;18.0;-0.3171147952025019;-0.8918101931810137;5035.0;739.0;4206.0;40606.05;3731.6666666666665;3350.0;12.729166666666666;15.0;197.91666666666666;410.0;6.599999999999998;1.8999999999999773;0.9465131874400281
2026-04-07;12.174999999999999;0.0;0.0;0.0;0.0;3;0.0;0.0;1017.3125;24.416666666666668;86;20.75;0.0;3.6666666666666665;14.0;-0.38827807340711806;-0.8579959332959649;5007.0;732.0;4233.0;40018.06;4046.6666666666665;3950.0;11.958333333333334;14.3;241.45833333333334;535.0;7.200000000000001;2.7000000000000455;0.9417626472955685
2026-04-08;12.666666666666666;0.0;0.0;0.0;0.0;2;0.0;0.0;1015.4708333333333;13.5;73;11.416666666666666;0.0;2.25;17.0;-0.3062822484974874;-0.7941615894307904;4914.0;722.0;4053.0;39719.94;3884.1666666666665;3800.0;11.862499999999999;13.3;186.45833333333334;355.0;5.699999999999999;3.7999999999999545;0.8511765068843923
2026-04-09;12.333333333333334;0.0;0.0;0.0;0.0;2;0.0;0.0;1013.4583333333334;30.416666666666668;70;30.291666666666668;0.0;0.16666666666666666;11.0;-0.07440742110971203;-0.19893289339536793;4688.0;709.0;3620.0;38779.11;3888.75;3840.0;11.354166666666666;14.1;66.45833333333333;145.0;8.600000000000001;2.3999999999999773;0.21239293865581038
2026-04-10;10.108333333333333;0.0;0.0;0.0;0.0;3;0.0;0.0;1013.9250000000001;95.875;100;95.875;0.0;3.7083333333333335;0.0;0.2782018345529775;0.889144256559692;3293.0;553.0;1511.0;33289.71;4019.1666666666665;3870.0;10.495833333333334;12.4;215.41666666666666;480.0;4.800000000000001;3.3999999999999773;0.9316510987068762
2026-04-11;12.7875;0.5;0.1;0.1;0.0;51;0.0;0.0;1016.3958333333334;59.166666666666664;100;59.166666666666664;0.0;0.0;7.0;0.369664382663828;0.713969117598871;3234.0;537.0;1747.0;27702.86;3782.5;3610.0;12.379166666666668;14.0;233.75;640.0;4.1;2.900000000000091;0.8039923237787407
2026-04-12;12.012500000000001;0.0;0.0;0.0;0.0;3;0.0;0.0;1016.1291666666666;87.54166666666667;100;38.125;2.375;65.41666666666667;3.0;-0.05895180532846169;-0.8054205443989191;3568.0;564.0;1678.0;30497.19;3477.9166666666665;3330.0;11.729166666666666;14.2;177.91666666666666;370.0;7.100000000000001;3.1000000000000227;0.8075751164389205
2026-04-13;10.204166666666667;0.0;0.0;0.0;0.0;3;0.0;0.0;1013.0875;26.916666666666668;98;3.7083333333333335;0.0;23.375;13.0;-0.38654520317941654;-0.7443803753299605;4715.0;717.0;3774.0;38505.3;3740.8333333333335;3510.0;9.729166666666666;12.1;177.08333333333334;310.0;8.2;4.600000000000023;0.8387605959255533
2026-04-14;10.420833333333333;0.0;0.0;0.0;0.0;3;0.0;0.0;1016.4666666666667;90.79166666666667;100;40.625;78.5;31.708333333333332;2.0;0.5040403309692004;0.7190645988517387;1886.0;412.0;436.0;9310.69;3387.5;3050.0;10.545833333333333;11.9;320.0;710.0;5.7;6.7000000000000455;0.8781290067896362
2026-04-15;13.612499999999999;0.0;0.0;0.0;0.0;2;0.0;0.0;1015.0749999999999;4.75;52;4.25;1.1666666666666667;0.0;22.0;0.11267962120297842;-0.5674795805974706;4430.0;662.0;3667.0;38119.09;3883.3333333333335;3470.0;12.2125;16.7;87.08333333333333;185.0;11.299999999999999;5.2999999999999545;0.5785583561141675
2026-04-16;13.795833333333334;4.4;6.7;4.7;4.0;81;2.0;0.0;1013.2416666666667;91.75;100;84.83333333333333;58.666666666666664;70.875;2.0;0.3623717080653866;0.6961761692732579;744.0;135.0;2.0;0.0;3515.0;3030.0;13.4;14.5;137.91666666666666;345.0;2.0;2.2000000000000455;0.784840438223091
