date,fold,actual_count,actual_critical,count__gradient_boosting_absolute,count__hist_gradient_boosting_poisson,count__poisson_regressor,count__tweedie_regressor,count__negative_binomial,risk__negative_binomial,class__rf_raw,class__rf_sigmoid,class__rf_isotonic
2022-10-10,1.0,1.0,0,3.25417640240822,3.9499888242097567,3.5008315249824746,3.5086835046527507,3.4117690259488636,0.023602694135945543,0.02371092830772341,0.014748138011542337,0.0
2022-10-11,1.0,3.0,0,4.240464499365844,3.9568761347731285,3.9664464185239767,3.9707213575846976,3.98631264051702,0.050514650278864086,0.009384754511081162,0.01380349740805076,0.0
2022-10-12,1.0,6.0,0,3.730284867978055,4.485978563721981,4.20512007356126,4.186455783466327,4.298104305567958,0.07112294369435278,0.09829734767030306,0.01638814795670941,0.025423728813559324
2022-10-13,1.0,1.0,0,2.594370024598559,3.443936694108094,3.775931953812387,3.763965170991995,3.9328372231442157,0.047419896984115355,0.07986602525759944,0.016128170372536124,0.025423728813559324
2022-10-14,1.0,3.0,0,3.3928097017503114,4.6594257281979194,3.9625451089090182,3.8570699716924315,4.171728825614851,0.062237494430693076,0.09752346163243492,0.01637807615116093,0.025423728813559324
2022-10-15,1.0,4.0,0,2.4821713142946296,2.1307238096589796,3.5681106387148143,3.5388997268192637,3.723742176447098,0.03651535046320263,0.048767516270423375,0.015542901435476705,0.025423728813559324
2022-10-16,1.0,1.0,0,4.1939371560945204,4.381087425667263,3.7605755904087563,3.7439654607830746,3.8710599816290396,0.04400153986789925,0.05271862204635136,0.015632729511341446,0.025423728813559324
2022-10-18,1.0,4.0,0,3.972236071737009,3.7794429615270295,3.2648747160961418,3.2408804776248834,3.2535168946757422,0.0184625998124254,0.00935931905695747,0.013800837350958281,0.0
2022-10-19,1.0,4.0,0,3.095508631604262,3.487050867877656,2.698110510882447,2.737024074599621,2.758010546081404,0.007516910808875359,0.026104498677919672,0.014850713853536975,0.0
2022-10-21,1.0,2.0,0,2.847532121926379,2.663248774929,3.5188087801984587,3.5200378746163903,3.5688777188148615,0.02962332868248194,0.0,0.007231372923385872,0.0
2022-10-23,1.0,3.0,0,2.6184669121802164,3.210260376153396,2.852590904389943,2.924425551543492,2.756345650783138,0.007491379584395039,0.008826354453069278,0.013743511193322814,0.0
2022-10-24,1.0,1.0,0,2.8603370888719457,2.172922480368294,2.6404730635704254,2.653347630908368,2.74032545942689,0.007249028565979189,0.043813659615529826,0.015420789200724833,0.025423728813559324
2022-10-25,1.0,2.0,0,3.0122327262869284,2.6112863611454626,2.9716850657857847,2.9750517098417864,2.967958943769199,0.011294136858117159,0.0023799999999999997,0.012526506091303043,0.0
2022-10-26,1.0,2.0,0,4.9061263801399635,5.164625978459324,3.4469760978596686,3.432600079808652,3.4564788261625465,0.02521998583942068,0.01643357255372343,0.014365427516529925,0.0
2022-10-27,1.0,2.0,0,3.0725673391602077,2.8969640867029143,3.186325283414338,3.195623973115028,3.145556930475731,0.015450846810139432,0.032222365249441394,0.015078730001918577,0.0
2022-10-28,1.0,4.0,0,4.302091409252242,4.303852446134035,3.56851823997011,3.5011740435800456,3.5120935620132117,0.02733751241538005,0.0022318007662835244,0.01246977459456956,0.0
2022-10-29,1.0,1.0,0,4.6756035351450524,4.6426795280979105,3.905316264720096,3.8556973180984317,3.9532576391984966,0.04858672773485161,0.007207495106568073,0.013547416482899095,0.0
2022-10-30,1.0,1.0,0,3.4086677293807472,4.698825344386882,4.160097431518219,4.163892763048489,4.345801241189851,0.07466673565255129,0.10514355999485193,0.01647455308197672,0.025423728813559324
2022-10-31,1.0,2.0,0,5.537397738660004,5.388622826463311,5.292005323099614,5.1718267895843955,5.719186234072611,0.21860507348163832,0.34667508584058543,0.01831081537641354,0.025423728813559324
2022-11-01,1.0,3.0,0,2.961271676123163,3.953726565342487,3.7296098136705575,3.76049642326023,3.757867741343675,0.03816727141025806,0.16985149086175977,0.017128042919419058,0.025423728813559324
2022-11-02,1.0,2.0,0,4.4856999569055285,4.763565301560599,3.7662030444419443,3.747077146916978,3.660373926621098,0.03357675183386855,0.011934765473703042,0.01404140681463447,0.0
2022-11-03,1.0,5.0,0,3.023236284501975,3.341104687663743,2.704080322024098,2.7365773618029956,2.7211923468409625,0.006967374308385435,0.035246349250493816,0.015177389223618306,0.0
2022-11-04,1.0,4.0,0,2.5243941009884123,2.213409334661512,2.8053351890670357,2.8289195183836053,2.7234530532806587,0.007000216571015294,0.009014551951087716,0.01376410929027686,0.0
2022-11-05,1.0,2.0,0,2.5383165532153327,2.0113622190139897,2.687423281508495,2.7154413876763215,2.6432904228062775,0.0059049977869994625,0.018265139988632467,0.01447443964204192,0.0
2022-11-07,1.0,3.0,0,3.434955274385964,3.103312848956777,3.2141237154415383,3.2065968827262816,3.2189161415362824,0.017455234743375805,0.022848228336760205,0.014708858911108336,0.0
2022-11-08,1.0,2.0,0,3.940190974401233,4.296174834364968,3.6155086717904488,3.594378931861112,3.540667965664139,0.028471946932295312,0.07664700011103498,0.016077728701567588,0.025423728813559324
2022-11-09,1.0,5.0,0,3.9262635207099774,5.521820743987167,3.711278619512632,3.6794644697667045,3.7882558493258256,0.03967969164141686,0.08398199119881405,0.01619024221850507,0.025423728813559324
2022-11-10,1.0,4.0,0,3.3054211192393863,2.993321723846659,3.2093942119510235,3.2775828488448395,3.1821189905077665,0.01642783139639896,0.011466863072542001,0.014001499492002358,0.0
2022-11-11,1.0,1.0,0,5.1020831026503455,3.6643104411299645,3.8605689137420054,3.8356254069065767,3.7677231624909666,0.03865348394834708,0.08542000275546442,0.01621133079976871,0.025423728813559324
2022-11-12,1.0,2.0,0,4.035957348297067,4.254959197031124,3.459047857492245,3.45030273010187,3.5427691551773535,0.028556626423578355,0.011528878939161196,0.014006873845226024,0.0
2022-11-13,1.0,1.0,0,3.6928868766157414,3.3878289274060003,3.4158509319359553,3.433717227023839,3.3908679388384706,0.0228721556879451,0.009219117079314448,0.013786054394030798,0.0
2022-11-16,1.0,5.0,0,2.947599640636282,2.0158720587482764,3.469252990469289,3.424194180632659,3.583030268903432,0.030212837275107058,0.020706405461500047,0.014605201507797372,0.0
2022-11-17,1.0,3.0,0,3.9925932682335965,4.061952044712718,4.016119062740793,3.9117167008254405,4.368979854283382,0.07642655968646143,0.05837061075387431,0.015751532546970776,0.025423728813559324
2022-11-18,1.0,6.0,0,2.62553579554729,2.254078001673659,4.078588246951033,3.949015318387802,4.624814596835062,0.09748362146988719,0.10205377608089501,0.016436139421471135,0.025423728813559324
2022-11-19,1.0,4.0,0,4.751857246835554,5.857754801179156,5.0303719536201905,4.7820291901698235,6.180193369101659,0.281372384643453,0.17814133133798418,0.01719745655432591,0.025423728813559324
2022-11-20,1.0,4.0,0,4.359539556271032,3.8659882013928852,5.290720657790946,4.982779373918581,6.373182603976499,0.3089516796129755,0.19910530739219273,0.01736352624186151,0.025423728813559324
2022-11-21,1.0,8.0,1,4.392622464829036,4.383215038858127,4.93861287460072,4.629969829600738,6.16760030651542,0.279595014945408,0.2911051712932777,0.017985012198956957,0.025423728813559324
2022-11-22,1.0,5.0,0,3.8095469595296,4.3423278708821815,4.452390090848608,4.218700854145402,5.415477655409508,0.18048246122655712,0.13379257965127145,0.016793668705394636,0.025423728813559324
2022-11-23,1.0,3.0,0,3.8300135218756615,4.35380165159425,4.353026306784636,4.166003406856478,5.065876121637292,0.14062627569341385,0.13349097940359875,0.016790600900107023,0.025423728813559324
2022-11-24,1.0,6.0,0,4.450669993312744,3.768134880347387,4.363526840513893,4.151130556303362,5.057345939416102,0.13971344015115347,0.1962939146996515,0.01734196692967788,0.025423728813559324
2022-11-25,1.0,2.0,0,2.8805876972490365,2.1685773512418347,3.6768650002055137,3.617749916677431,3.7223046012013397,0.036446834811160095,0.09348724450701167,0.01632446255843786,0.025423728813559324
2022-11-26,1.0,1.0,0,2.3550479904384107,1.2569553338510295,3.0650439674716976,3.0315138453917054,3.160652386893161,0.015848982136618808,0.021081166828816948,0.014624020528346455,0.0
2022-11-27,1.0,5.0,0,4.349679784234904,5.371911560920225,3.215931305491091,3.131047843286274,3.4805979523177575,0.02612377174185581,0.01668686326033772,0.014381144409123874,0.0
2022-11-28,1.0,2.0,0,3.0419127458379096,3.108600743344356,2.7747435459744576,2.745990599715891,2.920745800112371,0.010343640169989718,0.03279897889642344,0.015098163453441456,0.0
2022-11-29,1.0,1.0,0,2.95421669786511,3.1799498301719087,3.6712742805610836,3.5246838606200486,4.086737392582298,0.056671337012876175,0.07470630519770344,0.016046450089419975,0.025423728813559324
2022-11-30,1.0,3.0,0,4.038081703473633,4.819872242211926,4.39378654084493,4.233948985634659,5.100670069274369,0.14438028534882472,0.12690820495098923,0.016722274717531675,0.025423728813559324
2022-12-01,1.0,2.0,0,3.941005572307258,3.818536862567887,4.268836217307437,4.120240505501418,4.7156814855226905,0.10567660791692655,0.1022207252912382,0.016438238866093267,0.025423728813559324
2022-12-02,1.0,2.0,0,3.3953684036703677,3.367259533010361,4.150109346917748,3.982923534604503,4.466291411529345,0.0840837888022739,0.16574740096447527,0.01709278424089643,0.025423728813559324
2022-12-03,1.0,3.0,0,2.947260958769229,2.1648389107057318,3.6270432469442557,3.5484133108924647,3.901990726452409,0.045692150487958355,0.1282704219588061,0.016736634698140934,0.025423728813559324
2022-12-04,1.0,2.0,0,3.149810670325236,2.718140189261383,3.913874652860501,3.820025921765072,4.340188989128019,0.0742443363697164,0.10641949349766575,0.016490150942502693,0.025423728813559324
2022-12-05,1.0,4.0,0,3.3912194745805153,3.808268049629888,3.7942725036586276,3.6998122827085584,4.104848041547294,0.05782995198314288,0.12953169721180224,0.016749825753271216,0.025423728813559324
2022-12-06,1.0,4.0,0,2.979493743674111,2.0365662309672796,3.4194765409513304,3.35324635941711,3.5654980485799324,0.029483729412794576,0.05669516045482721,0.01571739544728529,0.025423728813559324
2022-12-07,1.0,1.0,0,3.701285545271562,4.217289378388882,3.234430174811326,3.154418327463135,3.3936399035144613,0.022968116035828528,0.02773770619102054,0.014915936968772244,0.0
2022-12-08,1.0,4.0,0,4.923117203523703,4.119902205099057,3.783710596511719,3.6420525747591377,4.166762046689248,0.061903184658266774,0.03484980474072417,0.015164892678520066,0.0
2022-12-09,1.0,1.0,0,3.596312131447644,2.958644202056759,3.3081754859128676,3.2247987849698183,3.4344396364847802,0.024413399107551626,0.04012926453605045,0.0153218047357114,0.025423728813559324
2022-12-10,1.0,2.0,0,3.450726954026,2.336181065964267,3.930479662622387,3.7822120139155606,4.440400296543021,0.08200410212277343,0.16668783722094346,0.017100918384832846,0.025423728813559324
2022-12-11,1.0,5.0,0,4.228131798422711,4.595822659809143,4.979370724526375,4.705349209989395,6.168467945279718,0.2797173768663284,0.2030919192305764,0.017393753555775347,0.025423728813559324
2022-12-12,1.0,2.0,0,4.924084943479315,5.578228278063969,5.550975044298067,5.183998403028986,6.933554467620081,0.39140501825247453,0.4100700008633502,0.018660262397263143,0.025423728813559324
2022-12-13,1.0,3.0,0,3.931807179307324,4.003567633125528,4.425660580969475,4.238357253499618,5.071620374210242,0.14124265344282672,0.15254944282843433,0.016974934054841694,0.025423728813559324
2022-12-14,1.0,4.0,0,3.715514992998509,2.982205325355973,4.318235314182789,4.119640963704282,4.934715716638894,0.12692314826869208,0.22374820069212564,0.017544499456179138,0.025423728813559324
2022-12-15,1.0,4.0,0,3.5843312992566223,3.324330242208842,5.075781050823611,4.715789858404603,6.395382594782523,0.3121609996287356,0.20189362324774313,0.017384709415074157,0.025423728813559324
2022-12-16,1.0,5.0,0,4.375032476256793,3.830870533748179,5.000217467800964,4.7233695150280255,5.925915466984878,0.24611889823867883,0.3008442340333636,0.01804399363686588,0.025423728813559324
2022-12-17,1.0,4.0,0,4.819811371309552,4.699119336208101,5.197608299159884,4.89941314957714,6.258126123347275,0.2924355295658381,0.22447370949137357,0.017549630207249547,0.025423728813559324
2022-12-18,1.0,4.0,0,2.8861972650140144,2.6113920646593387,3.9287088459304664,3.8288036773259884,4.324210797319955,0.07304967375594391,0.10777893792312933,0.016506605185569987,0.025423728813559324
2022-12-19,1.0,1.0,0,2.7234851684494195,2.6867643124291836,3.560372093950466,3.5095993193869717,3.707942048650129,0.0357670475264117,0.03407194255016698,0.015140006368914194,0.0
2022-12-20,1.0,5.0,0,2.447740727246453,2.450152349458883,3.7220236105888045,3.6343306462767635,4.031659068400285,0.05323865755940983,0.019019440479708754,0.014516459095023736,0.0
2022-12-21,1.0,6.0,0,1.544208080520093,1.4115097042251965,3.174343870332979,3.113806218257531,3.3606563403884953,0.021844491683149263,0.0820512314052769,0.016161449111071025,0.025423728813559324
2022-12-22,1.0,7.0,0,4.548459046532668,4.082949969804542,3.88639365961062,3.7844999826438714,4.1954329912031865,0.06384849496890783,0.08036636902664611,0.016135856831814472,0.025423728813559324
2022-12-23,1.0,3.0,0,5.467260800206455,5.449621397666401,6.494998338523899,5.876248783698298,8.948745826028896,0.66950775040437,0.24316295984988137,0.01767845147423436,0.025423728813559324
2022-12-25,1.0,4.0,0,5.158834838421253,7.255657504987562,8.482812862044335,7.3508865709970586,11.906936925902565,0.9056324561714714,0.3011878751374743,0.018046057979567067,0.025423728813559324
2022-12-26,1.0,1.0,0,3.5238906157712724,2.4533057390944983,3.8807164127509477,3.8038980491925107,4.1833155956478905,0.06302176130759395,0.02530935658410418,0.014817616337524655,0.0
2022-12-27,1.0,5.0,0,4.739656879449523,5.29378771419427,4.353446123196352,4.167137168339508,4.833033334976619,0.11680020924011252,0.08920887609307165,0.01626551627161514,0.025423728813559324
2022-12-28,1.0,5.0,0,4.32216927760142,4.950478025774313,4.344071328881835,4.1608686842365,5.136330665175108,0.14827837781286393,0.31048772010859266,0.018101515559539743,0.025423728813559324
2022-12-29,1.0,1.0,0,2.5376692033315775,2.4227928902716855,3.7334507699450525,3.671878029014009,4.121779780206712,0.05892657758626834,0.09337411002951482,0.01632293267025292,0.025423728813559324
2022-12-30,1.0,4.0,0,3.2524958993155244,2.8449763992402204,3.3622242803339075,3.330127458970394,3.5600186347923604,0.029258360475240205,0.07220299277712422,0.016005073502601778,0.025423728813559324
2022-12-31,1.0,4.0,0,3.150183460189898,2.9779802825102872,3.888275660015073,3.734036911115867,4.440390332477765,0.08200330767437507,0.018723939015596998,0.014500181650070634,0.0
2023-01-01,1.0,6.0,0,3.226795588857421,3.2554287838715323,3.7803805829115733,3.6883194225075058,4.121908682991059,0.058934976136434475,0.020365422528992105,0.014587807998421354,0.0
2023-01-03,1.0,9.0,1,4.527147582818426,4.590744064622406,4.629808147468902,4.41668157301151,5.4226330993163865,0.18134553284549187,0.3102744361605674,0.01810025226429124,0.025423728813559324
2023-01-04,1.0,8.0,1,2.7007036007054683,2.9642756106798984,3.634960499593607,3.566493711127984,3.8841885087238466,0.044714016427166506,0.046746471696841096,0.015494461980384809,0.025423728813559324
2023-01-05,1.0,2.0,0,4.185100576685535,3.799535546031434,4.204394334140755,4.022139775066191,4.657458728253846,0.10038435604699043,0.09222674741691614,0.01630733054096549,0.025423728813559324
2023-01-06,1.0,3.0,0,2.769583057602925,1.6819404719406859,3.2685236579129384,3.203982018267334,3.3249609150032464,0.02067278355790803,0.06498626476318436,0.015878563158882874,0.025423728813559324
2023-01-07,1.0,2.0,0,3.3547233298725714,2.3784449340220166,3.3944219711095007,3.3003016279828867,3.4691636877772174,0.025692549486418137,0.03520498383010647,0.015176091525231555,0.0
2023-01-08,1.0,2.0,0,2.348081648756202,1.5949320178605564,3.2069075055710945,3.120463829159567,3.4457192907649428,0.024823924364336225,0.023518465165018633,0.014739488536945339,0.0
2023-01-09,1.0,5.0,0,3.0746836587147004,3.012427534377864,3.6791309555126195,3.56123538086492,3.7848194445104086,0.03950669331261355,0.1273607415554183,0.016727058379555113,0.025423728813559324
2023-01-10,1.0,6.0,0,4.7077410931968595,5.234232851452877,4.970693525174336,4.726183059062285,5.621974169890552,0.20608377852348117,0.2029248274790905,0.017392494545868227,0.025423728813559324
2023-01-11,1.0,4.0,0,4.671676200543734,4.7795606538434106,5.130951811743434,4.857948501329161,6.356554829899445,0.3065524315222323,0.2924775707964989,0.017993380936707753,0.025423728813559324
2023-01-12,1.0,3.0,0,4.930889560706281,6.001548625667293,5.103527518887006,4.800787448206599,6.1582165561082025,0.27827254922594535,0.2722517779614472,0.017867964555333224,0.025423728813559324
2023-01-13,1.0,5.0,0,4.318031662357868,4.61155615953539,4.350273629754178,4.1924453854468915,4.7565222186218445,0.10947898485470853,0.22007556369106746,0.017518365991809483,0.025423728813559324
2023-01-14,1.0,3.0,0,4.943476783382972,4.364353042114682,4.607618540813744,4.405992763854594,5.281236124812205,0.16463084998401414,0.20713244465173092,0.017423993412997284,0.025423728813559324
2023-01-15,1.0,5.0,0,3.995982301265565,4.035044157753559,4.15386797772433,4.003533730224789,4.673603220112393,0.10183664078057632,0.11073585199319563,0.01654182832967343,0.025423728813559324
2023-01-16,1.0,8.0,1,3.196949107469105,3.4516737132841286,3.8988856893796937,3.8096232991954984,4.309001177159146,0.07192336025007838,0.08954259205208823,0.01627019696532832,0.025423728813559324
2023-01-17,1.0,6.0,0,3.059959118879793,2.510009859286117,3.523717722946531,3.44270424979346,3.7307696388283933,0.03685152876794686,0.07041101669003642,0.015974701155581344,0.025423728813559324
2023-01-18,1.0,6.0,0,2.045628255032737,1.6425799487370942,3.0618167381981807,2.988253920416398,3.2693614679965175,0.018937486392953593,0.06307359640150104,0.01584302535062255,0.025423728813559324
2023-01-19,1.0,9.0,1,3.0957089282985626,3.08592980857059,3.0646927233161105,3.0137352251569434,3.282045900077226,0.019323885116038983,0.04977168486154059,0.015566317807253547,0.025423728813559324
2023-01-20,1.0,2.0,0,2.6100068075575873,3.456584830554582,3.7172240652369237,3.606880149898687,3.9523867637736565,0.048536589306512494,0.03996772267562612,0.015317283306320277,0.025423728813559324
2023-01-21,1.0,5.0,0,3.3420569096952337,3.7042427788189443,3.971923910109372,3.843264786403145,4.396307912273071,0.07853309826429336,0.12361012472623394,0.016687005185263174,0.025423728813559324
2023-01-22,1.0,2.0,0,2.8575278711642156,2.9761013046160194,4.177399309041392,4.014337252959199,4.7334215719425226,0.10731916875076704,0.0646550216312761,0.015872473374805084,0.025423728813559324
2023-01-23,1.0,6.0,0,3.1437479356333817,3.434726480480646,3.5739451135975315,3.502818433016076,3.873543498586615,0.04413574284288998,0.11758062116287828,0.016620578069902702,0.025423728813559324
2023-01-24,1.0,4.0,0,3.7684703803786297,3.147024607169266,4.172475361262693,4.034434329251587,4.667737801310021,0.10130766267091741,0.2338603874884913,0.01761510965696634,0.025423728813559324
2023-01-25,1.0,1.0,0,4.614929617153159,4.876593316583769,4.75276707275857,4.579113633993925,5.389892850361587,0.17741122901187606,0.2660989307332598,0.017828853056750138,0.025423728813559324
2023-01-26,1.0,2.0,0,4.329197196424382,4.891968943101139,4.455016158696538,4.261049598372943,5.100994339960335,0.14441550195913894,0.19371410829989044,0.017322000771460504,0.025423728813559324
2023-01-27,1.0,2.0,0,4.469579464117495,4.657682411487003,4.473925039437272,4.2888371205114195,5.145146516530038,0.1492498652863413,0.3566532291636106,0.018367018812498997,0.025423728813559324
2023-01-28,1.0,3.0,0,4.523849819378732,5.448510846205199,4.667527080400853,4.476928982982172,5.039674429652385,0.1378318401193297,0.31022586139818353,0.01809996449801814,0.025423728813559324
2023-01-29,1.0,3.0,0,4.145411589889993,3.4503564792639416,4.560444359349177,4.290584854578249,5.390008385377618,0.17742504589805513,0.19714878003785155,0.01734854421430726,0.025423728813559324
2023-01-30,1.0,3.0,0,4.350149378365318,4.309954417186522,5.4425217681181515,5.062223644244364,6.604650008188167,0.34270659534640013,0.14582144467840455,0.01691194696707898,0.025423728813559324
2023-01-31,1.0,5.0,0,3.0367484293716265,2.568944511700139,4.043606432100467,3.963365054823173,4.261027725162712,0.06844031371496323,0.09916258401578258,0.016399332470093765,0.025423728813559324
2023-02-01,1.0,3.0,0,3.552738300216051,2.5721916270221565,4.0968525763156824,3.966295621817772,4.368386287364265,0.07638118580285998,0.12065965387535411,0.016654825261058184,0.025423728813559324
2023-02-02,1.0,9.0,1,4.819268466522918,4.943183266026926,6.453669649748393,5.799265716338094,8.68759759561863,0.6377753229393721,0.25732631096224723,0.01777222554438834,0.025423728813559324
2023-02-03,1.0,16.0,1,4.1450757430886185,5.114145334390706,4.700167486818443,4.487200655374045,5.329783262306073,0.17028770446031216,0.16226123004728407,0.01706233807862331,0.025423728813559324
2023-02-04,1.0,13.0,1,3.2815877598918193,3.114530152428034,3.356721691237942,3.2416139207118584,3.6305229318085184,0.032249728586670474,0.04971007170108368,0.01556489300277611,0.025423728813559324
2023-02-05,1.0,6.0,0,3.644869093596169,3.7408912796267217,3.230790190300216,3.1693192357942315,3.426918670629306,0.024142323086328146,0.029536937525634143,0.014983903155262558,0.0
2023-02-06,1.0,9.0,1,2.4551148853257714,1.9505258850034939,3.4546433819830535,3.366252019809335,3.6494768029271962,0.033088105574855455,0.06626043047630265,0.015901743206685862,0.025423728813559324
2023-02-07,1.0,9.0,1,4.411868169058279,4.834355372503885,4.571231981964896,4.3375870287744505,5.103930886274149,0.1447346109686451,0.285002735383605,0.01794756118016921,0.025423728813559324
2023-02-08,1.0,5.0,0,2.756745103234999,2.3948637237042303,3.602664649024683,3.530746303285362,3.745267101879785,0.03755160377124768,0.10717147505274381,0.01649927337917243,0.025423728813559324
2023-02-09,1.0,9.0,1,3.1854691544676315,2.4893233896900226,4.014620401902372,3.8587031983027376,4.389129086566749,0.07797641187421142,0.19355261082656805,0.017320744940247025,0.025423728813559324
2023-02-10,1.0,4.0,0,3.2150334690005002,2.624098150650189,3.9899581919012985,3.880367105004935,4.28874251199394,0.07043963437907057,0.20904456687392117,0.017438169786339233,0.025423728813559324
2023-02-11,1.0,4.0,0,4.328054756888852,4.067494013749452,4.254160611929156,4.09213180498863,4.6215206916425,0.09719359320477125,0.1134118048070041,0.016573063393047482,0.025423728813559324
2023-02-12,1.0,3.0,0,3.7031714472864907,2.0288080734280194,3.601980617755916,3.492909653198254,3.825130475292226,0.04156784090221475,0.08472637162595849,0.016201195815401324,0.025423728813559324
2023-02-13,1.0,2.0,0,3.9539797527076215,4.129683343694189,4.237846741404632,4.0700386321837065,4.736562742163104,0.10761146688970866,0.17446149262733063,0.017166931689794242,0.025423728813559324
2023-02-14,1.0,5.0,0,5.481365637535068,5.5506848844271754,5.093259220754385,4.802458397189377,6.126933445177769,0.2738760396698621,0.2545545816351317,0.017754110953743144,0.025423728813559324
2023-02-15,1.0,3.0,0,5.540863085518338,6.215789705205444,5.85912539557594,5.392276082543795,7.586908921069246,0.4878780363631818,0.2229306674561245,0.01753870547606987,0.025423728813559324
2023-02-16,1.0,7.0,0,5.122800382978777,6.0238961269631695,4.920292818234784,4.6615901320557365,5.801647602104758,0.22944205572748996,0.3883677311723233,0.018542411315572153,0.025423728813559324
2023-02-17,1.0,6.0,0,3.6154366510918226,3.273096218705318,6.069345212967834,5.653315987835208,7.972957969842327,0.5429642952804554,0.1729410218342483,0.01715418672128715,0.025423728813559324
2023-02-18,1.0,3.0,0,2.6428297273916055,2.6138558501152835,3.5030591974798604,3.568431794516072,3.4833256933793217,0.02622738156930532,0.13913600547169394,0.016847164820778148,0.025423728813559324
2023-02-19,1.0,5.0,0,2.669758467120711,2.2638991363209633,3.7005004467997296,3.58593645966579,3.9506907714809856,0.04843904320032579,0.04651049540201363,0.01548868693739196,0.025423728813559324
2023-02-20,1.0,8.0,1,3.498489217886365,4.258244881332083,3.83937817509597,3.744142351548768,4.145761947713685,0.06050209939772851,0.12450235332131328,0.016696618219785492,0.025423728813559324
2023-02-21,1.0,6.0,0,4.075239660423718,4.435433413986488,3.8722936309275116,3.77435170043912,4.3632937936694605,0.07599256606008689,0.24536769299625877,0.01769325236847488,0.025423728813559324
2023-02-22,1.0,7.0,0,3.3127071566630377,3.055298117336481,3.697604531955402,3.642168490041738,3.720645586201603,0.036367872661412476,0.09556961388828805,0.016352354337919685,0.025423728813559324
2023-02-23,1.0,12.0,1,3.7338515601285813,3.196080980330329,4.253890653013298,4.0139588954385435,5.1452891686047675,0.14926561057528898,0.2256309100520286,0.017557792566917838,0.025423728813559324
2023-02-24,1.0,6.0,0,5.3001759616817425,6.359306172526993,4.691634632242396,4.455030717823759,5.111573423453604,0.14556673627326744,0.2831593073507052,0.017936168905365046,0.025423728813559324
2023-02-25,1.0,4.0,0,4.539912686699831,4.654890517270444,4.923964026215235,4.639474175743593,5.861653059804789,0.23744496361059908,0.32061115529302114,0.018161042330278328,0.025423728813559324
2023-02-26,1.0,3.0,0,4.169631999090236,5.394334734099382,4.748772289649731,4.520053796931805,5.610689492992202,0.20464890939987776,0.3007017955122694,0.018043137645410358,0.025423728813559324
2023-02-27,1.0,5.0,0,4.90131807049635,5.668101252845211,4.719014787885463,4.487600355852783,5.232265040562742,0.15901403797181,0.28202610981112514,0.01792914708539999,0.025423728813559324
2023-02-28,1.0,4.0,0,4.224295012839368,4.16090440436572,4.428092464621625,4.2018481421364235,5.053475218665871,0.13930020527568818,0.2755976244853329,0.01788903520693248,0.025423728813559324
2023-03-01,1.0,1.0,0,5.3109439284942574,5.900022753084914,5.574598619313337,5.225391087210726,6.553073604089859,0.3351347491332222,0.418701979540469,0.01870678439720323,0.025423728813559324
2023-03-02,1.0,5.0,0,4.7470527163941805,5.100308615782285,6.01929378079441,5.4813305336690945,7.834376052403166,0.5234395967108469,0.32812495930384566,0.018204704320440468,0.025423728813559324
2023-03-03,1.0,6.0,0,5.446746901182678,5.06579257368891,5.401484825210366,5.059675491996007,6.23290306300222,0.2888432387073011,0.276284990053855,0.017893347226776934,0.025423728813559324
2023-03-04,1.0,3.0,0,4.194774402180761,4.52931313784822,5.02474052072897,4.737788905027934,5.604837963940854,0.20390644212376072,0.26886228562128717,0.017846478250322293,0.025423728813559324
2023-03-05,1.0,1.0,0,4.287074908761786,3.8029896194546673,4.2215437791256,4.020171429694321,4.836459320460728,0.11713402210365417,0.3031233680828884,0.018057664402854782,0.025423728813559324
2023-03-06,1.0,3.0,0,2.8265200934240653,2.35361489454452,3.343109296301465,3.2776872736186755,3.4613570825190636,0.025400998401454124,0.03890160715889635,0.015287030578192634,0.01146698652114141
2023-03-07,1.0,4.0,0,3.0315407555995355,2.9126484521180243,3.174794730333302,3.0789321872089133,3.3430015992067332,0.02125926605589287,0.058893451137388315,0.015762011830437038,0.025423728813559324
2023-03-08,1.0,4.0,0,4.179112798980238,4.264164315775456,3.605466643206493,3.5244110823334593,3.81654686828211,0.041123115410767665,0.09064130087986187,0.016285506358449615,0.025423728813559324
2023-03-09,1.0,1.0,0,2.302759215802765,2.300143129998066,2.632156440747685,2.6152716182659366,2.76227390531092,0.00758258769810982,0.08929810700324943,0.016266769237532484,0.025423728813559324
2023-03-11,1.0,1.0,0,4.065680783194555,3.7668603403328746,3.6688360395909823,3.526071101309988,4.057421519907982,0.05482726799791216,0.03440285149099807,0.015150654563070496,0.0
2023-03-12,1.0,4.0,0,2.4343366103770867,2.4761282274417185,2.7856432106593703,2.8064335710514485,2.8614232559304327,0.00923489120101577,0.06323478672575038,0.015846055727751537,0.025423728813559324
2023-03-13,1.0,4.0,0,2.728012800274905,3.4274934458250437,3.37845859167244,3.37724007585808,3.340724623066028,0.021184603296661043,0.06123893435920349,0.015808056192730673,0.025423728813559324
2023-03-14,1.0,2.0,0,1.9715150809545463,1.9669746777370376,3.1819051334495025,3.1650316207550686,3.273881208014751,0.01907453131041271,0.07607753532501571,0.016068620405594546,0.025423728813559324
2023-03-15,1.0,5.0,0,3.3399316811326565,3.2089709243716746,3.3804961931618416,3.3481393485070527,3.3204331513568266,0.02052740885806953,0.04806938079629412,0.015526371319136078,0.025423728813559324
2023-03-16,1.0,6.0,0,2.116863592894739,1.497226797595836,3.0438621305481965,2.9491620011054556,3.1991398696582514,0.016897502186629165,0.08667083817252755,0.016229435782398348,0.025423728813559324
2023-03-17,1.0,2.0,0,2.140078960465107,2.1866055012486907,2.7889986446760404,2.7385788576840056,2.9029038293505756,0.010000329789324598,0.08120211838100545,0.016148606996717673,0.025423728813559324
2023-03-18,1.0,2.0,0,2.948015584606182,2.70000066223112,3.214220610843228,3.1413841468679795,3.3893750841496533,0.022820592662299306,0.03852992987721298,0.015276310528704953,0.0
2023-03-19,1.0,2.0,0,3.1450619143589758,2.770893325203472,3.7202407275883047,3.5861477488291333,4.000062624731941,0.05133092375571502,0.07090165627151586,0.0159830816999557,0.025423728813559324
2023-03-20,1.0,1.0,0,2.3385223652857317,2.38111232269403,3.1659028856212026,3.1936626594310247,3.186928979923088,0.01655959265238999,0.12874317765561671,0.016741590714316863,0.025423728813559324
2023-03-21,1.0,1.0,0,2.63983692076298,2.0119295946805047,3.211726550655649,3.202320713351694,3.1107866347617916,0.01456138045750622,0.04385308068197562,0.015421807899458146,0.025423728813559324
2023-03-22,1.0,2.0,0,2.716515769789537,2.439479362059112,3.2757651804114163,3.2570332810703517,3.202242331383589,0.016984139496562835,0.03890970509276404,0.015287263127976049,0.017353296498852245
2023-03-23,1.0,5.0,0,3.5572471122933256,3.2725465018094058,3.5676784595744038,3.521951683389838,3.569872550648703,0.02966450710461458,0.11952488937674888,0.016642284435889745,0.025423728813559324
2023-03-25,1.0,5.0,0,2.790497423373935,2.704067394032413,3.5441910942941632,3.445543221710279,4.050549885865144,0.05440062015338548,0.22885394255260874,0.017580390747067548,0.025423728813559324
2023-03-26,1.0,3.0,0,3.955950175924119,4.120335512732057,3.5341413147604093,3.4583564909598277,3.6186418078469584,0.03173163821665836,0.09309835513073128,0.016319197323308266,0.025423728813559324
2023-03-27,1.0,1.0,0,3.396104117696776,2.973279991063513,3.405124514321962,3.303948355021962,3.616527067608223,0.03164002133799016,0.03954009428831273,0.01530523565286412,0.025423728813559324
2023-03-28,1.0,3.0,0,4.041143845497298,4.951599130091047,3.8155168096431886,3.666984946316518,4.068445703159771,0.05551618096768133,0.07955187109607413,0.016123323574492757,0.025423728813559324
2023-03-29,1.0,3.0,0,3.0533150923898376,3.000275063159031,3.9366576439643812,3.829479024727464,4.256758212559217,0.06813544406102762,0.0716637594047419,0.015996001923058407,0.025423728813559324
2023-03-30,1.0,5.0,0,3.4168892473952437,4.198524569240026,3.881115667213563,3.7622205734804433,4.349202794448844,0.07492345301681048,0.1916550934387416,0.017305936226547806,0.025423728813559324
2023-03-31,1.0,2.0,0,2.7552908073813813,3.062587515236493,3.0114123647887037,3.0603344506141803,3.032414695480252,0.012693644727150899,0.1325296439566987,0.016780786827511385,0.025423728813559324
2023-04-01,1.0,5.0,0,3.9746314094896333,5.03595573297319,4.104765844161901,3.946553629328498,4.3100751454382165,0.07200254220781425,0.13391448846416412,0.01679490722923335,0.025423728813559324
2023-04-02,1.0,6.0,0,3.3111723162522058,3.6613616899725345,3.2408936493543923,3.1703281762446776,3.5980723733156905,0.030848159407017288,0.1265710320495626,0.016718701930633642,0.025423728813559324
2023-04-03,1.0,4.0,0,2.370949861608424,2.520217918767224,3.365936477096576,3.313537640571418,3.437429674366491,0.024521756670282727,0.10334903054323673,0.016452355442100816,0.025423728813559324
2023-04-04,1.0,4.0,0,1.999037718710656,1.9110884368070757,2.941503416456917,2.899204551249748,3.1000095325207653,0.014293395375644866,0.08546015991594866,0.016211915457646435,0.025423728813559324
2023-04-05,1.0,3.0,0,2.681805665205395,3.680046382578561,2.9487077490366818,2.9188928880281373,3.1608337308769587,0.015853809545027527,0.04157504265547454,0.015361568498584386,0.025423728813559324
2023-04-06,1.0,1.0,0,4.499244466923291,4.652058187977873,3.7095385259953195,3.601325395831439,3.867962986328953,0.04383456207673664,0.07966470551149611,0.016125066237522294,0.025423728813559324
2023-04-07,1.0,3.0,0,2.1380359242488844,2.0956107996616757,3.0265764435459697,3.0403544803239853,3.1217856707830007,0.014838624665825705,0.06296177962193114,0.015840919285721025,0.025423728813559324
2023-04-08,1.0,3.0,0,3.619231676637677,3.1348595219361735,3.462817199779674,3.392339618970264,3.5660779987136166,0.029507652409043947,0.03874360566953598,0.015282484601906813,0.0
2023-04-09,1.0,1.0,0,2.5912429858399206,2.040298391020531,3.438681835689191,3.348511533887502,3.556040547328906,0.029095485213566485,0.029804941777629223,0.014993706782825302,0.0
2023-04-10,1.0,1.0,0,1.9349996620701586,1.5698395270118575,2.631467859644742,2.603328804812942,2.7502882204545087,0.007399038412902766,0.03443687368843285,0.015151744160186527,0.0
2023-04-11,1.0,2.0,0,2.0383942636735437,1.4771734726584447,2.585601984929892,2.5546135920896784,2.59744213744111,0.0053401354286826425,0.023485063988653423,0.014737980937585732,0.0
2023-04-13,1.0,3.0,0,1.847485398841225,1.3682213347283259,2.6603919324358047,2.6228781866593094,2.76373782178137,0.007605238404793842,0.02287932900576281,0.014710298092711571,0.0
2023-04-14,1.0,3.0,0,2.2159376091786185,1.6838467014335066,2.8991058460389754,2.855367067860231,2.9246647279230507,0.010420200757876875,0.014007790107789457,0.014202547542312352,0.0
2023-04-15,1.0,3.0,0,3.744499733288114,3.588628207526387,3.4069427504534375,3.362900932671416,3.3410754707543875,0.021196095603545052,0.027704175223807873,0.014914633091224974,0.0
2023-04-16,1.0,3.0,0,3.369040431365702,3.270113380614271,3.8160914207547783,3.677082195539842,4.0656587552948205,0.05534150456138783,0.07042559364729117,0.01597495085672369,0.025423728813559324
2023-04-17,1.0,4.0,0,2.6190839938027644,2.9134010326228723,3.579198577664627,3.501205906265059,3.9391391944000107,0.04777802947171355,0.07643794235082363,0.016074391574696884,0.025423728813559324
2023-04-18,1.0,2.0,0,1.9260522313417747,1.6742331333953333,3.2996212262990294,3.22886773384899,3.4810489047659914,0.026140880954590377,0.05072205731091911,0.015588102030353697,0.025423728813559324
2023-04-19,1.0,1.0,0,3.0285597337333887,3.135779449138868,3.5488375089017543,3.424291193625828,3.8769388207123563,0.0443196520155406,0.03469117841871097,0.015159858242008297,0.0
2023-04-20,1.0,3.0,0,3.3577526920722542,2.9770615758176393,3.794152184754643,3.6194497647302835,4.095230998254735,0.05721286186138847,0.013631224695716721,0.014174977302776112,0.0
2023-04-21,1.0,4.0,0,2.7480050022866758,3.5059260759220012,3.0808922361514064,3.0039816200800513,3.167913333623646,0.01604310034285506,0.03533507606447539,0.015180168148957588,0.0
2023-04-22,1.0,1.0,0,3.1146367104794264,1.9825715778101254,3.192973408144737,3.11817340575857,3.292716055338276,0.0196532433243209,0.025538285830456867,0.014827240563638057,0.0
2023-04-23,1.0,3.0,0,3.6632633476659935,4.023384212042424,3.2800004037771817,3.202776351748921,3.5602746300933794,0.029268863136666573,0.013741007801503544,0.01418308638099029,0.0
2023-04-24,1.0,1.0,0,1.6649311288120803,2.1190243032483513,2.9532724436430926,2.8809997927187494,3.022352149483699,0.012467211928881044,0.030544045428852126,0.015020338846086388,0.0
2023-04-25,1.0,2.0,0,1.9577866209355799,2.2190374997174076,2.9684431527816364,2.893070292283724,3.165028102909082,0.01596576081226028,0.013711596593142493,0.014180919770836221,0.0
2023-04-26,1.0,4.0,0,2.6002106289251232,2.7719441479913147,3.0681863047218,3.0021130606968867,3.285837638450462,0.019440472164089652,0.022975363524843445,0.014714730928450754,0.0
2023-04-27,1.0,2.0,0,3.20398762210568,4.0821246011965195,3.1271775406984363,3.076823909348687,3.182166619117725,0.01642913238658498,0.008883308029050057,0.013749787074176855,0.0
2023-04-28,1.0,13.0,1,4.820804727368027,4.865421884050608,4.377525072458692,4.231827833349719,4.781497467938733,0.11184058543634284,0.10222793123764289,0.016438329420890446,0.025423728813559324
2023-04-29,1.0,5.0,0,3.296140531588762,4.0282233144631086,3.888846112070102,3.8902800940055267,4.105254971137608,0.057856155456632134,0.026126903797295462,0.014851633212855883,0.0
2023-04-30,1.0,6.0,0,3.175252250704238,2.1125492570684967,3.6478847330865847,3.66477517596687,3.6510483025842184,0.03315827457138173,0.02141536513835371,0.014640548205564704,0.0
2023-05-03,1.0,4.0,0,1.6599862864077202,1.4302589902193454,2.8419537611950285,2.830409522614617,2.866175211756628,0.00932029293786608,0.04028037810118378,0.015326019707961559,0.025423728813559324
2023-05-04,1.0,4.0,0,1.9228684948716939,1.7847733610778733,2.8159430499350036,2.8057366002328172,2.866285446954434,0.009322281023001373,0.009371492311539279,0.013802111267402486,0.0
2023-05-05,1.0,5.0,0,1.8148302543730246,1.7544885611793875,3.027231747803577,2.9019191783742664,3.328905284590897,0.020800020008160763,0.03514637813240314,0.015174250642177286,0.0
2023-05-06,1.0,1.0,0,1.9869218914556332,1.701770751022472,2.4841751412497706,2.47470459216419,2.5677439375053717,0.0049968757348928475,0.02826846459404891,0.01493638917100562,0.0
2023-05-07,1.0,1.0,0,2.393007945667995,1.8643434743781124,2.5766754213870735,2.5735628789617344,2.6625982038802505,0.006155995343294662,0.014424076173386367,0.014232247158101717,0.0
2023-05-08,1.0,3.0,0,2.2477011104439883,2.50304418948945,2.888123593515151,2.8759366618259756,3.0207033152516054,0.012430393030400994,0.031048570540664372,0.015038188257469724,0.0
2023-05-09,1.0,2.0,0,2.5530944271247282,2.4974903254098955,2.645694536006788,2.670002295787412,2.730710677819074,0.007106440387991243,0.014123954166903934,0.014210915588937936,0.0
2023-05-10,1.0,2.0,0,2.7240160917507596,1.860272464180904,2.9428595975145244,2.939825168373014,3.0259010521387237,0.01254673076669071,0.004802020572733482,0.013163469729763658,0.0
2023-05-11,1.0,1.0,0,3.16329192195383,2.491497781167944,3.1621295138967924,3.0799834518704334,3.4240748984847915,0.02404037658488502,0.008924380815544608,0.013754290045754548,0.0
2023-05-12,1.0,1.0,0,3.430668430365137,3.088649394373402,3.0794998115258205,3.019913845531245,3.21758325886311,0.017417235338526186,0.011178935360616395,0.013976192383961451,0.0
2023-05-13,1.0,2.0,0,3.494939034516977,3.2935300134494305,2.7742425110138185,2.782847841085222,2.8488925724176246,0.009012484242160616,0.011117704693135728,0.013970733465989456,0.0
2023-05-14,1.0,1.0,0,3.9789863975945616,4.523130281855405,3.6789998430417468,3.543217865163881,3.9771565715837305,0.049975766339789604,0.1017940824911768,0.01643286815086728,0.025423728813559324
2023-05-15,1.0,5.0,0,4.158155051766507,3.1274009609077167,2.761799027964332,2.788546054734227,2.8219046617114434,0.008547059532338048,0.020591664165321183,0.014599377798754753,0.0
2023-05-16,1.0,4.0,0,3.0187428431395102,2.3296035608360817,2.512430764543711,2.514093375015224,2.56008794249002,0.004911184497714932,0.018416983214929402,0.014483023721020078,0.0
2023-05-17,1.0,3.0,0,2.354068025814766,1.9985763578342035,2.4556299875436025,2.4862043285664854,2.380710561248559,0.003206046708102973,0.023548026318865857,0.014740821197086982,0.0
2023-05-18,1.0,3.0,0,1.8235080735482947,1.7721429725404492,2.422505940262196,2.4287002620444698,2.5251752678728456,0.004534577762461516,0.0,0.007231372923385872,0.0
2023-05-19,1.0,5.0,0,2.031996734871662,1.8207131242977523,2.805625149702052,2.80247336678132,2.7829199227260264,0.007906755518361274,0.0048700262227796155,0.013176570059956557,0.0
2023-05-20,1.0,5.0,0,2.148300248218218,1.7931830958044666,2.8971184523441686,2.877660570559503,2.9729674673741586,0.011398614705240848,0.06668587839682229,0.015909398205799605,0.025423728813559324
2023-05-21,1.0,7.0,0,4.811565509031199,4.3868415212319505,4.1251975170241115,3.9876789970179707,4.531251820110496,0.08943657876618008,0.06456346418669173,0.015870785408771227,0.025423728813559324
2023-05-22,1.0,4.0,0,3.971986214970694,3.4475306240638384,4.064519469274521,4.0051181348635305,4.147072630166297,0.06058895848556989,0.11487579575421701,0.01658990464192999,0.025423728813559324
2023-05-23,1.0,2.0,0,4.715708661225482,4.276280331106706,3.9523419437787846,3.846776812568704,4.144933074942644,0.06044721021304893,0.24108029116560364,0.01766439741003318,0.025423728813559324
2023-05-24,1.0,1.0,0,4.232517902627574,4.851486026520236,4.012959701374855,3.915404536688186,4.034635179002915,0.05342065318534917,0.11419129420561452,0.016582051694737955,0.025423728813559324
2023-05-25,1.0,6.0,0,2.470581995221356,2.966552292008407,2.925427110455781,2.9419931864833115,3.009880412303534,0.01219068947603651,0.12255016710756184,0.016675514378167694,0.025423728813559324
2023-05-26,1.0,2.0,0,2.739405035964756,3.1896533449971947,2.51665903831134,2.568797487108591,2.5284250184342616,0.004568667191019525,0.2328100430995907,0.01760786345869444,0.025423728813559324
2023-05-27,1.0,7.0,0,2.6788727174067044,2.6055195861638683,2.674377161571645,2.7390171856382386,2.6288558139955374,0.005722486029393353,0.20304132270535302,0.017393372391028894,0.025423728813559324
2023-05-28,1.0,1.0,0,2.886178798816597,3.369185388382176,2.349709195970104,2.41429620206085,2.357484643661127,0.003024266377979226,0.2807034218655609,0.017920932815232455,0.025423728813559324
2023-05-29,1.0,2.0,0,2.046646485730035,1.541717584593311,2.7263578306422716,2.7204337980496716,2.8308050523045765,0.008698520539564466,0.04771313723564426,0.015517855089615095,0.025423728813559324
2023-05-30,1.0,6.0,0,1.3272263266994326,1.46154065125296,2.8189031044006643,2.8080165733467486,2.9412625004466886,0.010749110836957074,0.031330824755984955,0.015048060892466205,0.0
2023-05-31,1.0,3.0,0,2.25188638791509,2.511031895616683,2.670468311731114,2.6646778804017903,2.6417273763533653,0.005885023964086183,0.04771055544950766,0.015517793167073173,0.025423728813559324
2023-06-01,1.0,4.0,0,3.490318234493343,3.356188207720112,4.194731980311995,4.016176655537256,4.525918561124935,0.0889898592654596,0.036714335261957706,0.015222585662809832,0.0
2023-06-02,1.0,3.0,0,4.2203754816388575,3.8015507833486493,3.675306607231019,3.6208321061711355,3.6550862295829614,0.03333903507424591,0.024132262069942293,0.014766853560169447,0.0
2023-06-03,1.0,2.0,0,3.588152890975365,4.111288259893706,3.2872908147863273,3.2895666127860395,3.527025347807411,0.0279263466475556,0.04715567057762692,0.01550441586767447,0.025423728813559324
2023-06-04,1.0,3.0,0,2.9760271285244446,2.8299340615829753,3.510800430982468,3.5199585484190443,3.5984633073004813,0.030864791793543282,0.07186396350678431,0.015999376713184178,0.025423728813559324
2023-06-05,1.0,3.0,0,1.621730219794385,1.3413102715298513,2.5673545426775144,2.5943286099854554,2.5626642979635297,0.00493989442193731,0.011496525609777262,0.0140040733964656,0.0
2023-06-06,1.0,4.0,0,3.494642160801251,3.1070472300675056,2.5968274656579178,2.6259902558690604,2.482816656018865,0.004107849527009042,0.0,0.007231372923385872,0.0
2023-06-07,1.0,1.0,0,1.9129354383857422,1.3836952354329384,2.7000691717033845,2.7042105611797416,2.7151394850097588,0.006880013737361293,0.023703550545878086,0.014747807620944754,0.0
2023-06-08,1.0,3.0,0,5.514487118740675,6.892934253802554,5.513691683076574,5.15449229279142,5.989518493806398,0.25480329886940517,0.06223673061816144,0.015827184488320288,0.025423728813559324
2023-06-09,1.0,2.0,0,2.100554858217564,1.9894028200222893,3.0833772724291495,3.1525436682413615,3.0032817790920334,0.012046218156387097,0.15032479821530198,0.016954339660499435,0.025423728813559324
2023-06-10,1.0,3.0,0,2.145461210717499,1.8040140149096329,2.7927552151918507,2.822652907145492,2.7752413365592297,0.007785001700408762,0.10837255399159434,0.01651373792392478,0.025423728813559324
2023-06-11,1.0,2.0,0,2.494541977170003,2.3591350791131505,2.723351971609194,2.7309272095689234,2.7687848487157622,0.007683719244168092,0.20257573468973525,0.01738986198013801,0.025423728813559324
2023-06-12,1.0,3.0,0,2.3333019620836675,3.1296010642494214,3.365284314022261,3.331570552135889,3.511075163137773,0.02729766748089753,0.13158832255737687,0.0167711239706465,0.025423728813559324
2023-06-13,1.0,3.0,0,2.3772882085246736,2.4845769672508866,2.8652724189477405,2.888433015911155,3.104574889754115,0.01440647707446732,0.16572049902998906,0.017092551070014034,0.025423728813559324
2023-06-14,1.0,3.0,0,2.5256262514093466,2.130808992790366,2.7804765761908397,2.763915440246706,2.926943464015334,0.010464910675466151,0.11049402105808862,0.016538976028216707,0.025423728813559324
2023-06-15,1.0,4.0,0,2.079339923881718,2.246394807968453,2.816694985136088,2.796816988213485,2.8772775976684155,0.009522112836503891,0.10980573374437806,0.016530830576431288,0.025423728813559324
2023-06-16,1.0,7.0,0,2.6389683813529317,2.277025413405421,2.6911495450822565,2.708510539778581,2.8871844517722076,0.009704926304037716,0.13283181957257223,0.016783877543833148,0.025423728813559324
2023-06-17,2.0,3.0,0,2.3084558015710193,3.0323948780803756,2.8128356577848974,2.705774312796297,3.1514502487279272,0.019193073806456202,0.08689564522013468,0.03982533610044276,0.03731343283582089
2023-06-18,2.0,1.0,0,2.9634989539351833,2.0014638326988696,2.829970014474823,2.7860650397153375,2.968613772179821,0.014136237679493006,0.09126852786401772,0.04086608369189716,0.03731343283582089
2023-06-19,2.0,4.0,0,3.062067571486843,2.1448447429952417,2.92112980504413,2.901944727764913,2.984732310887942,0.014538794033608924,0.032754756324333445,0.02417542824875055,0.02702702702702703
2023-06-20,2.0,2.0,0,3.1748398921176153,2.6974529253089083,3.145913171721141,3.09467648436641,3.2107088783794775,0.02107282497610724,0.0637720456326394,0.03391504139517758,0.03731343283582089
2023-06-21,2.0,2.0,0,3.8334977496953804,4.171760430575544,3.764270438667548,3.745986838485959,3.7629922071497917,0.04495582922273484,0.019680474476774804,0.018730135254511896,0.0
2023-06-22,2.0,2.0,0,4.732113275539241,6.625920830874116,4.3437717670032345,4.209345422567494,4.547452054391374,0.10069571508577423,0.07847889728271204,0.037760515165239886,0.03731343283582089
2023-06-23,2.0,2.0,0,4.21297015961041,3.8599100178290664,4.3868252586755485,4.242553881503701,4.517831222189695,0.09811744835783758,0.12244352761786702,0.04779921629902517,0.03731343283582089
2023-06-24,2.0,3.0,0,4.04936830058613,6.002178048519856,3.8809518775462464,3.870357864022132,3.772079000106538,0.04545132276944711,0.06192205489444687,0.03340545089783155,0.03731343283582089
2023-06-25,2.0,1.0,0,3.5584388866821093,3.342857744645818,3.7809804888032295,3.7767161504478577,3.666011056011184,0.03988199373980899,0.055001023746278174,0.03143664096263848,0.03731343283582089
2023-06-26,2.0,3.0,0,2.932433481387392,3.667642163829251,3.411775791038623,3.426154323456783,3.32893038995501,0.02519683691153404,0.034848567639676406,0.024941580068151215,0.02702702702702703
2023-06-27,2.0,4.0,0,2.5675648814293184,2.288179851943001,2.8720199523611734,2.9153926067949465,2.773925697606734,0.00988391706946864,0.09471186155786324,0.04167175957188911,0.03731343283582089
2023-06-28,2.0,6.0,0,2.0701601280136104,3.301645535423375,3.312947329689136,3.295255243131818,3.478344766914004,0.031155003091478874,0.028131404531721957,0.022396177139156974,0.02702702702702703
2023-06-29,2.0,5.0,0,1.161214478764288,2.201352449726806,3.0864453846415656,3.0336936745415937,3.3061553011072813,0.024362720875803344,0.07336283220345327,0.03646056312449965,0.03731343283582089
2023-06-30,2.0,3.0,0,1.5320575515113086,1.6490638245210492,2.586214882815621,2.57552893925612,2.5704411724279312,0.006527598949706816,0.10250545765874777,0.043454445798445485,0.03731343283582089
2023-07-01,2.0,3.0,0,3.4014220700222606,2.79317085140403,2.9102614792173847,2.94930818733289,2.745102797429533,0.009344854936516107,0.08821178968516924,0.04014073506761051,0.03731343283582089
2023-07-02,2.0,2.0,0,3.9230177246757423,3.2722744291791503,3.1869875487902015,3.284019549981465,2.8496390406375087,0.011407859342171344,0.036733076104133525,0.025612722920970266,0.03225806451612903
2023-07-03,2.0,3.0,0,2.79996083771417,2.594861898986801,3.4544697071185597,3.4618959538051945,3.415220173762214,0.028533525102769294,0.010289534922135489,0.013560982669525486,0.0
2023-07-04,2.0,4.0,0,3.5002792340877917,2.3875237941496783,4.334911726821115,4.257642875789069,4.555992554576125,0.10144579383898099,0.0349181217356664,0.024966651015394817,0.02702702702702703
2023-07-05,2.0,3.0,0,2.3410311475661136,2.269350516824361,2.8493944256650825,2.87571324985898,2.813835954931865,0.010667397372252576,0.049216413964562784,0.029704379717468622,0.03731343283582089
2023-07-06,2.0,2.0,0,1.7241818323536457,2.579152138363644,2.6864235120548456,2.7277855872119394,2.6526609020985212,0.00776098779455511,0.07809798664623668,0.037664971374913106,0.03731343283582089
2023-07-07,2.0,6.0,0,3.5458898166346535,2.90747542570795,3.199990420665093,3.2447013952400967,3.154054626618862,0.01927312975832967,0.025929649634385453,0.021499527813101337,0.02702702702702703
2023-07-08,2.0,5.0,0,4.395924556998357,4.299475145965878,3.880011914847469,3.8680021689141624,3.810202624187999,0.047567985260103404,0.09111955081266941,0.04083095807364135,0.03731343283582089
2023-07-09,2.0,4.0,0,2.2780060629803476,1.977538181613948,2.8948610387621536,2.879490176370729,3.024067546078713,0.0155554080444668,0.004659488576713493,0.009149626097545644,0.0
2023-07-10,2.0,3.0,0,2.4738423080030754,2.533482250930239,2.8754941619136276,2.8424884884974597,3.0913723172855474,0.01741031578427467,0.0,0.00013638260604739225,0.0
2023-07-11,2.0,5.0,0,2.8353108217732053,2.4901802836431948,2.9151632456862844,2.90543148798039,2.9960152268603624,0.014825405146059404,0.009331968374188444,0.012918334667831816,0.0
2023-07-12,2.0,2.0,0,2.4266288695276432,2.0602282734880313,2.703715920559259,2.7654210960062224,2.5622417678438363,0.006413162027035305,0.0087917929722175,0.012541195957262165,0.0
2023-07-13,2.0,2.0,0,1.9282857021785924,1.9607309036800535,2.7081179872923804,2.7102989095799708,2.7945059088265034,0.010282485307985756,0.03996654227689409,0.02672763343756486,0.03225806451612903
2023-07-14,2.0,1.0,0,2.508773004392759,2.5426591094209217,2.7801076712196435,2.7972559156434977,2.8491543489787854,0.011397593210319872,0.0023762886597938145,0.006549268127139055,0.0
2023-07-15,2.0,5.0,0,1.8770684951809913,1.6413432808951554,2.8677097185602043,2.831814406624562,3.050561791830415,0.016267972708664313,0.026389442435158443,0.021689721196930162,0.02702702702702703
2023-07-16,2.0,8.0,1,2.125649059674727,2.414526820275803,2.7655567214342516,2.7420845590149767,2.9654381179773237,0.01405787631349974,0.02629920837802538,0.021652522887113442,0.02702702702702703
2023-07-17,2.0,3.0,0,2.5303744565456463,2.9331343392818905,2.718636329094537,2.682012074914426,2.994075121751065,0.014775837898815664,0.04610848722387784,0.028735455164733317,0.03225806451612903
2023-07-18,2.0,2.0,0,2.3136741695027916,1.928528480929339,2.79807190219852,2.761094353959513,2.838478675298311,0.011173168733460208,0.015197390361063521,0.016464995023689442,0.0
2023-07-19,2.0,6.0,0,2.4703522839185053,2.2479558210826105,3.238448651116545,3.2539702147307974,3.105744495545731,0.017825731394045613,0.006804515108709704,0.01104239611820886,0.0
2023-07-20,2.0,7.0,0,4.92713354364368,4.811048256083886,4.262939542002219,4.191950859978565,4.366843158147209,0.08554173805346377,0.05513708516050135,0.03147637252895123,0.03731343283582089
2023-07-24,2.0,5.0,0,2.597990522158143,2.3897098026584453,3.1386679199413092,3.138792967248533,3.2104256521675825,0.021063548479218756,0.0022126436781609196,0.00632123517812576,0.0
2023-07-25,2.0,5.0,0,3.6968357915900762,3.181120928826424,3.6097379614120637,3.579572004340007,3.760590079914106,0.044825422127606866,0.03135607864918797,0.02365060039562114,0.02702702702702703
2023-07-26,2.0,1.0,0,3.0803663776799035,2.7130324989082473,3.2357179493551467,3.160964616411831,3.5880338011621786,0.03608346275495289,0.0024088422971741113,0.006593675897499111,0.0
2023-07-27,2.0,2.0,0,1.9455067504305332,2.1620389612701447,2.8368294224537682,2.831241199571,2.983396360315393,0.014505121728382395,0.0,0.00013638260604739225,0.0
2023-07-28,2.0,1.0,0,2.3230404769926065,2.0728600019438264,2.8806575805099244,2.8204876770801732,3.1419046609106625,0.01890163966451896,0.0,0.00013638260604739225,0.0
2023-08-01,2.0,2.0,0,2.4618482976973133,1.8314699355805018,3.1058843176957933,3.1375647790448875,3.02422649438841,0.015559615665551321,0.0,0.00013638260604739225,0.0
2023-08-02,2.0,6.0,0,2.524129631530686,2.5676931336137483,3.241178412331681,3.2047126610869863,3.3873559617230145,0.027425230458618634,0.009162688568848963,0.012801350853922451,0.0
2023-08-03,2.0,3.0,0,2.6095405611629308,2.343910257223344,2.885725959681761,2.862701564382223,3.1313490914546955,0.018582992187294155,0.012833045459038503,0.015135658176304842,0.0
2023-08-04,2.0,1.0,0,3.110499552808095,3.5078366581092597,2.991350005385573,2.9826269785439443,3.1948810994253956,0.02055875303111915,0.03161989613201151,0.023750433596176148,0.02702702702702703
2023-08-05,2.0,2.0,0,2.723542058594786,2.1967660428122167,2.911326727873807,2.9186673776244123,3.0338134259391474,0.015814894745577422,0.0021100917431192663,0.006173974569370262,0.0
2023-08-06,2.0,3.0,0,2.5924901680870835,1.6251714292127277,2.8886775532522,2.8790494129820714,2.904700220314701,0.012618281849627462,0.002323439099283521,0.006476515461774435,0.0
2023-08-09,2.0,1.0,0,3.60671770736849,3.8208864035719086,3.4373094775399053,3.455168360439118,3.3724109667314086,0.02684297648484545,0.020393432647035845,0.019065923625631948,0.0
2023-08-10,2.0,5.0,0,3.0644057436857786,3.0801781046281875,3.98379145348725,3.9428526876288847,4.218137068733554,0.07409718128318538,0.0,0.00013638260604739225,0.0
2023-08-11,2.0,5.0,0,3.1588241993320594,2.8310120973577604,3.1782841108528768,3.180935412432806,3.2428769119889385,0.022144952947655294,0.0024382384532760475,0.00663351711772209,0.0
2023-08-12,2.0,2.0,0,2.803732659074757,2.776440846273042,3.0110599932551874,3.0012862262901043,3.157498371649703,0.019379344902841933,0.006537074823212236,0.010824692971735262,0.0
2023-08-13,2.0,1.0,0,2.688309641690487,2.2600706834353845,3.0564974421226494,3.00428488343792,3.278656072629005,0.023381038470205763,0.013638581514203796,0.015601247602475764,0.0
2023-08-14,2.0,1.0,0,2.5068300771613656,2.5078399187402423,2.7702933749166614,2.753055198333679,2.8869494649782577,0.012218409393957701,0.0,0.00013638260604739225,0.0
2023-08-15,2.0,4.0,0,3.1635854728523616,2.4336088618712686,3.333328911421691,3.3141218722191077,3.381312636502845,0.027188763704528357,0.04894947572383423,0.029622276676956737,0.03731343283582089
2023-08-16,2.0,1.0,0,3.928811861696725,3.3302598260743994,3.681629159254059,3.6208077702171924,3.7918969787889205,0.046544003026419804,0.03486241488376224,0.024946573226978314,0.02702702702702703
2023-08-17,2.0,6.0,0,3.4713051335297815,3.9829989043758958,3.197496070937599,3.2454229314045207,3.129709983462162,0.01853385137675882,0.0038282064212472686,0.008299096220744906,0.0
2023-08-18,2.0,4.0,0,3.339787222798528,3.631315452712163,2.890009894950291,2.9372206914522723,2.8047106717879324,0.010484404866596504,0.026774332575212063,0.021847704062789165,0.02702702702702703
2023-08-19,2.0,5.0,0,4.122957193357273,4.117276149992494,3.9278305736059,3.9182533545705356,3.9574214024493655,0.05631988590393465,0.00848239895091243,0.012319945811012395,0.0
2023-08-20,2.0,3.0,0,4.823299851758724,6.857925709590765,4.2187578467640385,4.159457177216569,4.221622065897187,0.07435458688917655,0.033983203454722215,0.024627653792272407,0.02702702702702703
2023-08-21,2.0,3.0,0,4.06665270479381,4.949247874485021,4.057919111175965,4.027285929614785,4.04665748695903,0.06207576333102944,0.03280620868985898,0.024194529281564695,0.02702702702702703
2023-08-22,2.0,2.0,0,3.0507587031017045,2.9271276675559363,3.1479962975178144,3.1617280571338395,3.1667529035209725,0.019666806171577164,0.0022200956937799042,0.0063318004955417026,0.0
2023-08-23,2.0,5.0,0,3.0807872391869773,3.410920330577197,2.867846917665301,2.911189094148854,2.8717367654833446,0.011883058942354224,0.023812634116388752,0.02060196654427701,0.0
2023-08-25,2.0,3.0,0,2.5246701278482915,2.6338192876400353,2.783077189418597,2.831212981394334,2.8071577210943786,0.01053325033320355,0.0021111111111111113,0.006175455886215859,0.0
2023-08-26,2.0,5.0,0,2.7208714284091005,3.20859957335263,2.7261742282416757,2.7504679896981212,2.804841237108335,0.010487006901850407,0.0329417003254602,0.024244760807026162,0.02702702702702703
2023-08-27,2.0,2.0,0,3.0965766519398574,3.188952182469066,2.980265817978992,2.958122933817762,3.0798890136481227,0.017083338346441466,0.004209068811656612,0.008699253782391681,0.0
2023-08-28,2.0,2.0,0,2.4376169849368567,2.0081086177705725,3.1402042318824357,3.1813476299938572,3.082569048747746,0.017159259396103466,0.006835881941088502,0.011067645844029557,0.0
2023-08-29,2.0,5.0,0,3.1006895989234446,3.81264030118344,2.8101934802764683,2.9019495105408226,2.5564265635016223,0.0063329137536882385,0.045642457803157344,0.028587619559261892,0.03225806451612903
2023-08-30,2.0,3.0,0,3.0919659532360133,2.771118563317397,3.0561241936019083,3.148980224279816,2.8049564069725594,0.010489302511588609,0.008039922098048881,0.011996379102009458,0.0
2023-08-31,2.0,8.0,1,2.654561107476673,2.3096004076847443,3.06714207084162,3.0848846507192866,3.1092472664525412,0.017928022845920655,0.0,0.00013638260604739225,0.0
2023-09-01,2.0,2.0,0,2.3033018726963514,1.7593529970111732,2.8274525525709464,2.874639470050143,2.699130126428402,0.008530105007139896,0.0,0.00013638260604739225,0.0
2023-09-02,2.0,3.0,0,2.665054488886329,2.3576770427799816,2.8730543202099894,2.9145874211295832,2.84089170921402,0.011223612712314887,0.0,0.00013638260604739225,0.0
2023-09-03,2.0,4.0,0,2.9422447205605593,3.5402989490985095,2.900780819780396,2.9531653622041665,2.8192358293034525,0.010776771289946719,0.006516643680558775,0.010807879155732992,0.0
2023-09-04,2.0,1.0,0,1.8889578556569235,1.9172539499471692,2.5457292969276732,2.584970985006048,2.5009891172772525,0.005605079783034745,0.03461879869086779,0.02485859058462488,0.02702702702702703
2023-09-05,2.0,4.0,0,3.1481906756884834,2.8770223099923107,3.2429836639803438,3.278063051841997,3.1459654170969076,0.019025236500188645,0.004593253968253968,0.009084818283158184,0.0
2023-09-06,2.0,4.0,0,2.7660514561120535,2.659397187236602,3.334121278328633,3.3686687096131562,3.2321204984704277,0.021782350745647373,0.007044588433832224,0.011234190296351903,0.0
2023-09-07,2.0,4.0,0,3.1401329559817954,2.48139705027742,3.1096321824077786,3.154904854894567,3.093256329945802,0.017464379335325266,0.0021928166351606808,0.006293037097579633,0.0
2023-09-08,2.0,2.0,0,3.0450368338881897,3.207716829550907,2.6087127150187492,2.6650150184228423,2.4744251965526076,0.005279488316457844,0.053213952716923286,0.030910645311003866,0.03731343283582089
2023-09-09,2.0,1.0,0,2.7378578206406434,2.11036456141269,3.3947606338792418,3.4101267544751037,3.325164575222994,0.02505759131291264,0.001823671497584541,0.005742399067041589,0.0
2023-09-10,2.0,3.0,0,3.196659498272984,3.118913900526596,3.6337564124568633,3.6049317111493813,3.634603329184334,0.0383221581938193,0.015233471582629164,0.0164844548164709,0.0
2023-09-11,2.0,4.0,0,3.098467149762987,2.8454780478231476,3.28947313009356,3.3718561794052957,3.1237383953034765,0.018355592394967698,0.022951206424331395,0.02022569995154676,0.0
2023-09-12,2.0,1.0,0,2.464283711261598,2.40662879289381,2.9573468819972697,2.9959841392101083,2.9868051082563793,0.014591148736927288,0.0024382384532760475,0.00663351711772209,0.0
2023-09-13,2.0,1.0,0,3.157827781189541,3.682935763106708,3.3475582218855675,3.3824450393905403,3.3048483849249495,0.02431543778979283,0.015150196390911662,0.01643950722004695,0.0
2023-09-14,2.0,5.0,0,3.7839090841225094,3.678823895356599,3.339464416191369,3.3942100188154782,3.0946120063583265,0.01750335484166786,0.01732713508099188,0.017577074679450303,0.0
2023-09-15,2.0,3.0,0,3.3432969918753677,3.673083800954499,3.4195711203803127,3.4161040700234238,3.3477544826331354,0.02590080238166042,0.04708410490815817,0.029042742053317788,0.03731343283582089
2023-09-16,2.0,4.0,0,3.3807625831818147,4.223845572566412,3.6134401998665577,3.6122001427923456,3.669256365762101,0.04004547890681473,0.017386416958220133,0.017607034857850194,0.0
2023-09-19,2.0,2.0,0,2.6951894549703383,3.1061266213881096,3.2800088602310185,3.275666945191956,3.427792702744034,0.02904333844893043,0.015503587245843435,0.016629418714573428,0.0
2023-09-20,2.0,3.0,0,2.9894297892849306,2.852005355365332,3.385936580613536,3.3475270642625397,3.597466138464434,0.036529781687644404,0.014176157864322018,0.015904398442869443,0.0
2023-09-21,2.0,3.0,0,3.545910746725129,3.730180643376135,3.968113756366277,3.952257318948489,4.060058759143405,0.06296970831757528,0.013469141748134947,0.015504472329329963,0.0
2023-09-22,2.0,2.0,0,3.591288608100385,3.823057814053741,3.7685373799358346,3.7845273833838857,3.695773916940899,0.0413976024978045,0.010573962203017461,0.013746054861235455,0.0
2023-09-23,2.0,1.0,0,3.153375052998439,2.6182897679768837,3.0953006287797415,3.150755526089488,3.0938157467844083,0.017480455076544048,0.0126717983154206,0.015040730942546028,0.0
2023-09-26,2.0,5.0,0,2.783424251600087,3.209505288665609,3.243184204274063,3.282330544098664,3.25796756744252,0.02266066049886182,0.010930533272401026,0.013974594694687379,0.0
2023-09-27,2.0,10.0,1,2.991352134870033,3.3146883180427302,3.1059607305162964,3.113234053279188,3.204297525285478,0.020863527418264326,0.00898652283104317,0.01267845443340792,0.0
2023-09-28,2.0,2.0,0,3.2693645558807387,2.323628897608994,3.9010933898021145,3.86396284690888,4.095116560207473,0.06534480100048343,0.015400235429128013,0.01657410123878376,0.0
2023-09-29,2.0,1.0,0,3.2583848789001104,4.154982101429647,3.382700745130794,3.4302819877623913,3.2360543870544274,0.021914483558950332,0.1283721668819874,0.049041511600854355,0.03731343283582089
2023-09-30,2.0,2.0,0,2.170151845433533,2.040797786650451,3.0896991585011424,3.0819370978829874,3.1619244408362355,0.019516457374744146,0.004715864850720549,0.009204423486364643,0.0
2023-10-01,2.0,2.0,0,2.735952130726379,3.7979083089054977,2.893736311290338,2.9331133881738354,2.844225552383289,0.01129357756742836,0.002318181818181818,0.00646923286491611,0.0
2023-10-02,2.0,2.0,0,2.846037953940313,3.2108325147829615,2.8243267133622525,2.8452564362387576,2.8222889247606258,0.01083897111732764,0.00719518197136444,0.011352828231770695,0.0
2023-10-03,2.0,4.0,0,2.813322464545673,3.1787638112535395,2.9307732920352025,2.9649916294891443,2.9139043142457024,0.012829293354154442,0.023991896495405434,0.020679431156246868,0.0
2023-10-04,2.0,3.0,0,2.452923018248092,2.150846167255957,3.0479827830581425,3.0784730500502695,3.0267035370217523,0.015625291519760387,0.021926716417304516,0.01976914169877612,0.0
2023-10-05,2.0,6.0,0,2.5952164812828626,2.4552071018017756,2.9648208922543833,2.97872031218198,2.9856739783921697,0.01456256202162912,0.013028825931834732,0.015250121997872498,0.0
2023-10-06,2.0,4.0,0,2.6037505004615795,2.4404063290271343,2.9020047594852105,2.9449664620432046,2.8516389567482414,0.011450289947333736,0.006701841970057457,0.010959334750235578,0.0
2023-10-07,2.0,1.0,0,3.052719876668982,2.148339479302013,3.428654011322909,3.442382213049197,3.4504255062156997,0.029976474647248577,0.03451598706022238,0.024821372016211398,0.02702702702702703
2023-10-08,2.0,1.0,0,3.0642878426455695,2.5242279966402537,3.4902935210762682,3.488762572270021,3.6060396418663188,0.036938590045236565,0.03618954854818891,0.025420853896434864,0.03225806451612903
2023-10-09,2.0,4.0,0,3.1516693131916065,3.197026739269784,3.5616215011652312,3.5231910869234246,3.7182093798834823,0.042564314631552976,0.04995394061009042,0.029930176838185763,0.03731343283582089
2023-10-10,2.0,1.0,0,3.904727453692642,3.8158133815402993,3.5629509745336043,3.568054544927476,3.5621069344353766,0.034875162296897314,0.059755267912298994,0.032800039282991036,0.03731343283582089
2023-10-11,2.0,4.0,0,2.803640230188963,1.7247219149346629,3.572479041365638,3.523373447910747,3.7741695621503273,0.04556580910570332,0.016736973962382926,0.017276015929497925,0.0
2023-10-16,2.0,3.0,0,3.66128268235067,3.0594925248807714,4.052133945497524,3.9843789577381474,4.276786536028065,0.07849832483056557,0.13436693865469312,0.05027817153464135,0.03731343283582089
2023-10-17,2.0,1.0,0,3.0910075545475015,2.5445673811500855,3.39194228562474,3.389398294157565,3.476684645774254,0.031084074173954493,0.13304841998375952,0.050007766707247596,0.03731343283582089
2023-10-18,2.0,1.0,0,2.843882568535626,2.426380972433427,3.632226227401244,3.6485735825895333,3.6782224933238465,0.04049941080424256,0.05698607235479608,0.032012027610418034,0.03731343283582089
2023-10-19,2.0,7.0,0,3.685823903426353,3.3387773673253984,3.719631322820034,3.636562306513488,3.992503900498614,0.0585419979536389,0.1081250729136078,0.044708057798887375,0.03731343283582089
2023-10-20,2.0,5.0,0,3.2627821118657074,2.8664469643574866,3.6077263247153395,3.5244350255780184,3.7994062027698874,0.0469623461342138,0.10187874798790766,0.04331305863439632,0.03731343283582089
2023-10-21,2.0,2.0,0,3.2185642860233648,2.944317631012014,3.196739268661418,3.2646776555084873,3.1377842814202204,0.018776803639836304,0.12401533617541129,0.04813054398661989,0.03731343283582089
2023-10-22,2.0,2.0,0,3.631686949554228,3.0294406273922214,3.5487145529161865,3.550684349693459,3.615743065404439,0.03740487740313099,0.09857512470063348,0.042562205721167694,0.03731343283582089
2023-10-23,2.0,4.0,0,4.248899942468759,4.485924719516983,3.514631513743002,3.54400759054776,3.6105007294552838,0.03715248732009539,0.17672500485458673,0.05858478334501421,0.06521739130434782
2023-10-24,2.0,2.0,0,3.7466712575728915,3.242887726598729,3.9927140674646227,3.9360651890807556,4.24676154278075,0.0762268242994653,0.1480315967142317,0.05303258631316207,0.06521739130434782
2023-10-25,2.0,1.0,0,3.9228529844929874,3.9606307304828596,3.9051876555678597,3.8608754421560336,4.038647442441891,0.06154513197494341,0.08365234717195925,0.03903978431998738,0.03731343283582089
2023-10-26,2.0,6.0,0,3.6234061208558717,3.829037435105965,3.719418279128446,3.712854333312494,3.8050857743330937,0.04728033626004722,0.06684457355121617,0.034747398005345535,0.03731343283582089
2023-10-27,2.0,6.0,0,4.199315111190729,4.659408896814351,3.589383550406015,3.590978297285189,3.6212259626075443,0.03767004600772168,0.13958328988350407,0.05133963345853135,0.06521739130434782
2023-10-28,2.0,3.0,0,5.109386900753412,6.319124006834923,4.871933316832296,4.742258873254839,5.3948079198147205,0.18850187070730806,0.12078697054714235,0.04744842484329949,0.03731343283582089
2023-10-29,2.0,2.0,0,3.61144066013612,3.188798505902799,4.328280846527005,4.304631870270179,4.687662242007856,0.11338426335675668,0.016816365005342924,0.017316816992669768,0.0
2023-10-30,2.0,6.0,0,2.929908687085784,2.0577538802023376,3.22407172595797,3.3354126128941557,3.1415523169303543,0.018890941971819293,0.019832755423787412,0.018802350540052085,0.0
2023-10-31,2.0,2.0,0,2.596123571024649,2.274458929893856,3.207606182361816,3.278807051442483,3.2069138515926534,0.020948761862796286,0.007103672261605992,0.011280886963598686,0.0
2023-11-01,2.0,5.0,0,3.3090401714818163,2.7037170290220605,3.194180698411511,3.251879274899863,3.1738772202223817,0.019890116285117748,0.024941045165367454,0.0210849868425324,0.02702702702702703
2023-11-02,2.0,3.0,0,2.4257837132289666,1.7881080959674793,3.2791374138638765,3.3428860841417167,3.236838065709196,0.021940872068021127,0.011430212452441788,0.014288690367087005,0.0
2023-11-03,2.0,3.0,0,2.8935422596950575,2.3043644295126504,3.501081079939527,3.5358533969344683,3.4794564867386484,0.031202561881778768,0.033040692759138374,0.024281398745534165,0.02702702702702703
2023-11-04,2.0,6.0,0,2.8826875894019324,2.270432211310378,3.433014660123207,3.470034772902693,3.448286896162572,0.029887451921120398,0.04502880541046495,0.028391892236372663,0.03225806451612903
2023-11-06,2.0,3.0,0,2.620568629805069,2.389470521888284,3.4394180955444025,3.4431413148071788,3.522103946498445,0.0330637459427587,0.006753630560641302,0.011001310367070746,0.0
2023-11-07,2.0,5.0,0,2.9397763550081795,2.9602504439378503,3.217899182087738,3.3557379438332493,2.966675172440439,0.014088364417094611,0.009041823949685236,0.01271716228584895,0.0
2023-11-08,2.0,4.0,0,2.9407839203713637,2.6449620473163775,3.7635945695296584,3.7688709985787976,3.8421729418359334,0.04939027671719447,0.06586470071908618,0.03448378157232324,0.03731343283582089
2023-11-09,2.0,2.0,0,2.7433998222245863,2.3953772684062264,3.4169516211266977,3.4572520497366384,3.413661054716349,0.028470726700625767,0.01466791961534462,0.01617675896617746,0.0
2023-11-10,2.0,5.0,0,2.8649785242542727,2.067484856439848,3.280497819641231,3.35499463633522,3.163471783091255,0.019564550891572323,0.024848745180512163,0.02104588088207518,0.02702702702702703
2023-11-11,2.0,2.0,0,3.778885221132718,4.8096012216767905,4.021762593291872,4.085628035475693,4.0260470027843445,0.06071598726011436,0.027764794197344133,0.022249288234586936,0.02702702702702703
2023-11-12,2.0,2.0,0,3.509033107999517,2.7382217924916294,3.8995986062179466,3.9168187383609645,4.025623528779859,0.060688239964403104,0.07470998763874225,0.036806450806941546,0.03731343283582089
2023-11-13,2.0,4.0,0,3.6570910457306947,2.906977705749359,3.744552875076835,3.747093294991862,3.8859408648790925,0.051955284490556516,0.04411530976122388,0.02809823916046456,0.03225806451612903
2023-11-14,2.0,6.0,0,3.218791359740239,3.0452961821567985,3.6707372247497974,3.7264147616329057,3.7077693542989794,0.04201880302045719,0.03297539178468558,0.024257236166727803,0.02702702702702703
2023-11-15,2.0,1.0,0,2.7135036775971217,2.7426033530092186,3.20650834738743,3.3066152714538886,3.1587951538817354,0.01941944721323767,0.013309519210330658,0.015412749712973182,0.0
2023-11-16,2.0,2.0,0,2.6305724135098547,2.8677295864982666,3.204061259462511,3.2605198338424364,3.0931651104059035,0.017461758982978363,0.01164221936168079,0.014419885005447447,0.0
2023-11-17,2.0,3.0,0,3.8548066508362364,4.60788281212942,3.7686402940099595,3.830996037087676,3.686921097440504,0.04094296901233716,0.04159397665840727,0.02727280728337171,0.03225806451612903
2023-11-18,2.0,4.0,0,2.898190282025574,3.6598630069696325,2.955439237777388,2.9797621361591555,2.957818879801612,0.013871134294268376,0.02177851944702074,0.01970224464765475,0.0
2023-11-19,2.0,5.0,0,2.351106310641296,2.0478511155638426,2.7889941134520426,2.8596631380272854,2.7281728536478145,0.009038451268442313,0.029150816842889095,0.022799855726972514,0.02702702702702703
2023-11-22,2.0,2.0,0,3.454100805539389,2.575221132675088,3.8032142438282373,3.8523465229071183,3.7798592657641286,0.04587832607728627,0.10400991817346344,0.04379252889961767,0.03731343283582089
2023-11-23,2.0,1.0,0,2.903006911408198,2.0659055109307927,4.096255237704275,3.997098709345972,4.373350512024737,0.08606400850961483,0.0751592774003948,0.036921223675914806,0.03731343283582089
2023-11-24,2.0,9.0,1,3.3642841102988195,4.002806144107203,3.459108799714431,3.4859413469202423,3.431386597285334,0.029190189232864844,0.16121411703612853,0.05561747083514811,0.06521739130434782
2023-11-25,2.0,6.0,0,2.7605481246901125,2.3956243665169454,3.5503933724790375,3.534575833851616,3.615205926750766,0.03737896567430418,0.09340534014322589,0.041367434751427304,0.03731343283582089
2023-11-26,2.0,5.0,0,2.848126541738717,2.3535699511438914,3.2370230471141848,3.2615649411632543,3.215140442485414,0.021218341104760428,0.027754672905990315,0.022245219764618407,0.02702702702702703
2023-11-28,2.0,3.0,0,3.6726903614371866,2.6514767476974606,3.4384004079919896,3.4946942529088485,3.3598250605663686,0.026359184816878944,0.04024796901281593,0.026822638000944057,0.03225806451612903
2023-11-29,2.0,5.0,0,3.734758160349947,3.6195177789553177,4.004358100521514,4.0011538895578385,4.123062038443584,0.06727591024751933,0.11946144812829171,0.047166522317255724,0.03731343283582089
2023-11-30,2.0,2.0,0,3.1604926090722305,3.313365547277913,3.809253670726347,3.7936206229524734,3.890988671089894,0.05225634842263549,0.14438062682155423,0.05230474726570637,0.06521739130434782
2023-12-01,2.0,5.0,0,3.0678522513778392,2.8375541881336934,3.3428257530226615,3.3991976997481026,3.2928105265824352,0.023882871904142535,0.03309664323878213,0.024302083425318387,0.02702702702702703
2023-12-02,2.0,7.0,0,3.5135622791772736,2.5485582549616344,4.58316362526358,4.532058448153363,4.925989894291615,0.13672257684148312,0.13059197278164456,0.04950162558288956,0.03731343283582089
2023-12-03,2.0,2.0,0,3.742744390495272,3.189172140878791,4.579117003650173,4.484889620978842,4.982505249732506,0.14256907137649952,0.09279571055298215,0.041224864666221744,0.03731343283582089
2023-12-04,2.0,4.0,0,2.695564086614084,3.215061010084855,3.9525990832918683,3.9264891510652022,4.035915958981637,0.061364813377372096,0.20523770956563672,0.0638804016624488,0.06521739130434782
2023-12-05,2.0,1.0,0,3.3658848661937473,4.047160865996643,3.242599034421742,3.268639429605851,3.245786843270732,0.02224375973221533,0.028639489993846065,0.022598237287871983,0.02702702702702703
2023-12-06,2.0,4.0,0,2.6274601594282307,1.945648618392013,3.6060942988937073,3.5913530314615567,3.6824839633796307,0.0407163207094221,0.1074401058224073,0.044556579671520935,0.03731343283582089
2023-12-07,2.0,1.0,0,3.4230214104756844,3.245552418328745,3.847896947361136,3.8511403947205896,3.853858728399465,0.05006715957335018,0.19600047843874674,0.0621836505238488,0.06521739130434782
2023-12-08,2.0,3.0,0,3.63219302507344,3.442062926910186,4.467661104629359,4.378353631468583,4.803094705654656,0.12441664163388891,0.21073298675259966,0.06488264801152419,0.06521739130434782
2023-12-09,2.0,4.0,0,3.0228381668062263,2.6182751508530413,4.316080625845205,4.286058842421348,4.451270919328139,0.09245626000041014,0.23797987747162477,0.06978961922984868,0.06521739130434782
2023-12-10,2.0,1.0,0,4.261457249922036,3.319033709665381,4.541414548937362,4.479591231261541,4.8281456054859575,0.12687891330254422,0.1408419459728696,0.05159384099529396,0.06521739130434782
2023-12-11,2.0,8.0,1,3.2822367452446555,2.7837515410103193,3.9071242312792354,3.889441538780671,4.078194124802715,0.06419174205263692,0.10377260316482344,0.04373932241666303,0.03731343283582089
2023-12-12,2.0,7.0,0,3.3533740687942433,3.578142971383738,4.121135050519129,4.127887774044846,4.148669829821593,0.06907496381813387,0.17047307923862345,0.05739738784063904,0.06521739130434782
2023-12-13,2.0,1.0,0,2.630467842381567,2.2608974064938328,4.043700266371265,4.032558060984882,4.143515944782877,0.068710616120887,0.24493590424724,0.07102942864283976,0.06521739130434782
2023-12-17,2.0,5.0,0,3.2502045434478775,2.917307467889856,3.6399148927513867,3.709749953233411,3.4978748137481928,0.03199755409952846,0.04937450766263257,0.029752909602756502,0.03731343283582089
2023-12-18,2.0,2.0,0,4.029590753243228,4.01637940309188,3.959260120112627,3.9641645481354524,4.0874007342751115,0.06481753331613163,0.14573956971577884,0.05257631090949775,0.06521739130434782
2023-12-19,2.0,1.0,0,4.073932070367002,4.320938232253996,3.451196703115952,3.4776374486455714,3.5219778851794774,0.03305813847160635,0.053396628239231865,0.030964772921893213,0.03731343283582089
2023-12-20,2.0,3.0,0,3.44141846594376,2.5547889720817105,3.005925747796076,3.1455071955759553,2.729762059000956,0.009066895073170936,0.09305785109119233,0.041286214713042245,0.03731343283582089
2023-12-21,2.0,3.0,0,3.8093915159173903,3.6706125750151983,3.7294177429873123,3.7278835804182595,3.787591352467114,0.046305204894384104,0.2763210088738495,0.0765850619151548,0.06521739130434782
2023-12-22,2.0,4.0,0,4.647034422867136,4.393322720567215,4.402164215872238,4.31730607774203,4.587267894870718,0.10421803525338917,0.3776804183332431,0.0946129209866737,0.10256410256410256
2023-12-23,2.0,5.0,0,3.9819406977740623,5.4128394185042765,4.136025839354724,4.122638550232884,4.134050695212341,0.06804445575743237,0.5091218876754673,0.12012018584029666,0.3333333333333333
2023-12-24,2.0,1.0,0,4.358426338888704,5.076396090189739,3.7671623116553765,3.8193074848205644,3.6495678137616894,0.039060308488854445,0.24024644080781438,0.07019406336006988,0.06521739130434782
2023-12-25,2.0,6.0,0,4.830149390569069,4.341223075140252,3.874227563080619,3.933352558686621,3.7744258641137725,0.04557985770294967,0.18336316369665975,0.05983408228032426,0.06521739130434782
2023-12-26,2.0,2.0,0,3.99882341442216,3.6683836863759036,3.5448873814386324,3.5446254855632313,3.5744717121078526,0.03544803418337108,0.27130266650601237,0.07569959259171008,0.06521739130434782
2023-12-27,2.0,1.0,0,2.8503334636590387,3.2490022527994444,3.230657790216346,3.257095167561528,3.145620447746598,0.019014714786452447,0.06207203090181107,0.03344700824063806,0.03731343283582089
2023-12-28,2.0,3.0,0,3.4555390196044384,3.5751500400871055,3.1931724618531625,3.2067861778018627,3.155257219320227,0.019310174884516997,0.16834718834678727,0.05699106516714426,0.06521739130434782
2023-12-29,2.0,8.0,1,2.571893108925746,2.9226488190153486,3.4839019168341663,3.5036979081436233,3.463450367923021,0.030522494839931545,0.20532637668459955,0.0638966133250516,0.06521739130434782
2023-12-30,2.0,3.0,0,3.424103678645832,4.0952913829958835,3.9129112867900866,3.9042813926475475,3.9549374986243695,0.05616455568168739,0.17773790983429172,0.058776147275812665,0.06521739130434782
2023-12-31,2.0,6.0,0,2.965331234404353,2.0057003312607034,3.3735783671681827,3.3788975346012293,3.3169702216300867,0.02475641339571511,0.1747288763067247,0.0582068543036135,0.06521739130434782
2024-01-01,2.0,3.0,0,2.763412380289701,2.645082231284105,3.5732677308489023,3.6182730136369243,3.4681198866759004,0.030719858046306316,0.20886417289935885,0.06454236595721274,0.06521739130434782
2024-01-02,2.0,2.0,0,4.01992992997067,4.151780077917037,4.419952040895348,4.357107168041117,4.524001971981452,0.09865158655979844,0.34756233658219826,0.08918816246444325,0.10256410256410256
2024-01-03,2.0,3.0,0,3.6942762936292106,4.9637232313469175,4.075519255141442,4.069945905232207,4.061183937526499,0.06304511582692858,0.3673566128113611,0.09274268257740825,0.10256410256410256
2024-01-04,2.0,3.0,0,3.193258392598828,3.1242372626618042,3.230047499935067,3.2957240150691582,2.9367573177592035,0.013364177921199361,0.2135258247530321,0.06539015684282921,0.06521739130434782
2024-01-07,2.0,1.0,0,3.671273936834865,5.21994181514234,3.5632047572340575,3.6407180526984697,3.3400492402500532,0.025611049951489485,0.20574526895692125,0.06397318413407783,0.06521739130434782
2024-01-08,2.0,7.0,0,5.264388402937596,3.9881203922857043,4.342780926215284,4.34330633497129,4.431426216239274,0.09080410236013219,0.18898239351359947,0.060883203069933035,0.06521739130434782
2024-01-09,2.0,2.0,0,5.081450546978958,4.371192621754402,4.565620440359283,4.577506745210252,4.590041078654388,0.10446577367955934,0.2675203865334035,0.07503172607043873,0.06521739130434782
2024-01-10,2.0,8.0,1,4.2132752792829935,4.4108359672970066,3.9971745198705473,4.036285610049665,3.8742504824967146,0.051262205114133895,0.35733089608384944,0.090937630374083,0.10256410256410256
2024-01-11,2.0,4.0,0,4.98748956730995,3.7855272085953593,3.904038814927403,3.938039687833115,3.769342785567069,0.045301755401989545,0.19995150921951307,0.0629113558049896,0.06521739130434782
2024-01-12,2.0,1.0,0,3.6474980324468183,4.872062762449315,3.963817810556897,3.9406514468420437,3.9931644178492203,0.05858434107823676,0.5192320615508177,0.12227013938772982,0.3333333333333333
2024-01-13,2.0,2.0,0,4.143399813532822,3.1057258428285057,4.4843668840153486,4.413100990279227,4.663787416667782,0.11116781998575545,0.2281918819695294,0.06803722386994054,0.06521739130434782
2024-01-14,2.0,3.0,0,4.890735587341086,5.809845486894793,4.632796973570928,4.597174439318654,4.789949306055754,0.12313417531218036,0.365252414629674,0.09236297105981996,0.10256410256410256
2024-01-15,2.0,4.0,0,4.398068836464168,4.031625225180001,4.3871409290829915,4.2949533575564365,4.571826007826123,0.10284428045333138,0.24616963392411328,0.07124890348452362,0.06521739130434782
2024-01-16,2.0,5.0,0,4.020258263799432,2.893635624674369,4.334040744538753,4.2984643402583895,4.3441363594628335,0.08373335453646086,0.17119366104631437,0.057534809893680774,0.06521739130434782
2024-01-17,2.0,6.0,0,3.143929088451604,2.586393799975477,4.50568742581146,4.437275479670659,4.752365071188645,0.11950422473767337,0.10079440760193883,0.04306764659484039,0.03731343283582089
2024-01-18,2.0,4.0,0,3.089132140696571,2.854946288538947,4.977103851623781,4.951640022064232,5.026489695627486,0.14719859984393746,0.10268101065875454,0.04349399223485878,0.03731343283582089
2024-01-19,2.0,6.0,0,4.652787478285274,4.202747224996915,5.662300820853816,5.417542191124701,6.264280972899041,0.2997040560661618,0.15346713757600924,0.05410623469624998,0.06521739130434782
2024-01-20,2.0,4.0,0,4.614661126550542,4.300125116571496,4.261094116052029,4.220950840849757,4.2841514724444165,0.07906138859387427,0.1493407239625418,0.0532922325169377,0.06521739130434782
2024-01-21,2.0,2.0,0,3.7332125080474756,2.862926494821266,3.397063863401434,3.454824018280998,3.179273477541231,0.020060432798242083,0.11158259551241632,0.04546735342975313,0.03731343283582089
2024-01-22,2.0,4.0,0,2.5823891906248013,1.8947723071108444,3.3567891550052056,3.3672980544748454,3.3461071841274665,0.025838669724958747,0.1420553389136208,0.05183822916765753,0.06521739130434782
2024-01-23,2.0,4.0,0,2.2701702875899294,1.8684658213283762,3.105331330744391,3.1323922915296856,3.088138866465127,0.017317803784841837,0.10207565893289773,0.043357517619936954,0.03731343283582089
2024-01-24,2.0,1.0,0,4.20791607211862,4.128944317795737,4.05986923231418,4.093378930657797,3.7709063722626053,0.045387185947286406,0.20856124124701128,0.06448715360421155,0.06521739130434782
2024-01-25,2.0,2.0,0,3.3373947201320657,2.687036414320953,3.3853591437016983,3.3885965453852784,3.3459998672209075,0.025834625480795695,0.0528739087897273,0.03080966569651128,0.03731343283582089
2024-01-26,2.0,4.0,0,2.7835773223885374,2.2155229769749822,3.285960683528103,3.277518122542592,3.248418311746402,0.022333373038348318,0.1301481084054725,0.04940983337229892,0.03731343283582089
2024-01-27,2.0,3.0,0,2.853284752428586,2.5165798183264885,3.958620234401923,3.894372061601372,3.9776347604680176,0.05759374974525319,0.17162786627133464,0.05761754417461561,0.06521739130434782
2024-01-28,2.0,1.0,0,3.2164370934856072,3.091602178819575,3.3263993140815087,3.40384791524661,3.0731527442265616,0.016893557633745827,0.21412609650286107,0.06549908158005553,0.06521739130434782
2024-01-30,2.0,1.0,0,4.05020118380466,4.605794590832811,4.290751430583603,4.330196945787539,4.041533463219502,0.061736000741747926,0.15799113848779103,0.05499133147254232,0.06521739130434782
2024-01-31,2.0,2.0,0,4.8397793755009415,5.848206450272934,4.999400017405461,4.921240750422458,4.979085564875626,0.14221202542073685,0.1969267452793306,0.06235452539735657,0.06521739130434782
2024-02-01,2.0,4.0,0,4.539901272104828,4.465374898174638,5.3705236738018804,5.199529395181008,5.606837665797836,0.2141089177116349,0.127566371431931,0.04887382923295619,0.03731343283582089
2024-02-02,2.0,5.0,0,3.715479113300018,4.443702742832978,5.041700646575744,4.902889824159378,5.2175599447251235,0.16808181270543301,0.09040271894291976,0.04066162528827593,0.03731343283582089
2024-02-03,2.0,2.0,0,3.873752996774138,4.248108674761048,5.165066815473216,5.096347950386862,5.2277449700940135,0.1692288763175978,0.14713160865713687,0.05285368364976346,0.06521739130434782
2024-02-04,2.0,3.0,0,4.0504848090125725,3.102479288825882,4.018453709198152,4.0242562309926955,3.9567338126652847,0.056276861226577005,0.07855829315014959,0.03778040578954218,0.03731343283582089
2024-02-05,2.0,5.0,0,4.570087942600852,5.037262821110952,3.8765708731241393,3.819337979239344,4.000521782718321,0.05905725806000511,0.07796499917535801,0.03763156862102813,0.03731343283582089
2024-02-06,2.0,9.0,1,3.364933569719817,3.147995936351952,3.661041184309934,3.5999293773994894,3.6422751854657243,0.03869944085972714,0.10857421321070218,0.04480719109969319,0.03731343283582089
2024-02-07,2.0,4.0,0,3.5432097452419984,4.456037215045513,5.215316310304066,5.01274890536153,5.389294338547391,0.18785249095723067,0.27132792876385303,0.07570405177459145,0.06521739130434782
2024-02-08,2.0,5.0,0,4.929782546150777,3.6738268778961922,4.353752086556431,4.3008747034700345,4.408359918337951,0.08890446738064409,0.08435388537887839,0.03921073317983923,0.03731343283582089
2024-02-09,2.0,4.0,0,4.050069589413479,4.721634185205505,3.7105895330703813,3.7365560941309535,3.575786245263731,0.03550929965098069,0.1060384148924949,0.044245478927739446,0.03731343283582089
2024-02-11,2.0,1.0,0,3.2572423634734857,2.8775044610254312,4.374766769521879,4.27678351901149,4.5270180019249535,0.0989132242419284,0.13665360414437544,0.05074508482251329,0.06364210432957554
2024-02-12,2.0,1.0,0,4.217942316310309,5.112650857486678,4.723338583915448,4.622401708993318,4.711150328826728,0.11558686258780716,0.19738230740277596,0.062438503712488026,0.06521739130434782
2024-02-13,2.0,3.0,0,3.0367554117785485,2.997511845449482,4.056689400350494,3.991738486819278,4.049725844406166,0.062279759567740234,0.23472182011376627,0.0692074061801456,0.06521739130434782
2024-02-14,2.0,1.0,0,2.7670414893646242,2.4126297056715784,3.5523188543535467,3.543931387462754,3.538602437560316,0.033803088892125605,0.18510734191581643,0.06016051545139754,0.06521739130434782
2024-02-15,2.0,3.0,0,2.8137073893759483,3.665899276977175,3.1868283840209677,3.196137837212868,3.192241502675929,0.020473877659758166,0.09059294517806961,0.040706612986898864,0.03731343283582089
2024-02-16,2.0,5.0,0,2.122753628629069,1.629255763406864,3.4063153994815174,3.431373615672298,3.2911903347815867,0.02382505824970766,0.05849776502482364,0.032444249084124424,0.03731343283582089
2024-02-17,2.0,1.0,0,3.389148458974203,3.8435023304582607,5.596211903140879,5.358597855790794,5.9695365948216255,0.26038092283573383,0.2317690712533919,0.06867883274507748,0.06521739130434782
2024-02-18,2.0,1.0,0,3.521726204398685,5.428806318618575,5.395097941555038,5.198481987454216,5.748043467559515,0.23179028972310797,0.1845818377955645,0.06006224095701781,0.06521739130434782
2024-02-19,2.0,3.0,0,3.11313407447526,3.868428200525306,4.076262853198155,3.9848285805646495,4.279513936026635,0.07870657007639158,0.1973286114555258,0.06242860752631092,0.06521739130434782
2024-02-20,2.0,3.0,0,2.592296542479435,2.727771538568208,3.3661275708221803,3.3913822455979137,3.2481779598673803,0.022325177655043046,0.04122494992434647,0.027150070223975028,0.03225806451612903
2024-02-21,2.0,3.0,0,2.3796917066075887,1.8850490913161457,3.1767035800016274,3.1746376438140187,3.1530862422820083,0.01924333539731465,0.04402891121316801,0.02807032091719747,0.03225806451612903
2024-02-22,2.0,3.0,0,2.252703555579272,1.8235863034584263,3.292642158992882,3.3600933032311864,3.036377818038783,0.0158836795101299,0.09180137381819789,0.040991532301479144,0.03731343283582089
2024-02-23,2.0,1.0,0,3.6820793670266156,3.3317190679764974,4.069745097409776,4.063840542495377,4.065003500046224,0.06330150237120094,0.22752968486486022,0.06791829317405582,0.06521739130434782
2024-02-24,2.0,4.0,0,3.4286856962380967,2.974236805986634,3.473726640963983,3.5512953796547766,3.203850361042858,0.020848983872657476,0.16535815469193374,0.056417445221168656,0.06521739130434782
2024-02-25,2.0,4.0,0,3.583583590055993,3.6156524503286223,3.5984099943279397,3.635822396063382,3.4291736846082936,0.029099708044115626,0.10316182830251165,0.04360217434493762,0.03731343283582089
2024-02-26,2.0,4.0,0,4.393768232241699,3.8323701561296404,4.243095111807271,4.161965851101465,4.3858055167691,0.087068614881168,0.15603514137814115,0.05460956240101236,0.06521739130434782
2024-02-27,2.0,1.0,0,3.847692082143585,4.110430860552351,4.128321274839719,4.0757556187090715,4.217729862580188,0.07406713856078738,0.16826844533640858,0.05697598895145892,0.06521739130434782
2024-02-28,2.0,5.0,0,4.092033198889729,4.418575074652081,4.54377921480561,4.482449972507693,4.466018377616483,0.0936947039360709,0.13433822029373554,0.050272291186094775,0.03731343283582089
2024-02-29,2.0,3.0,0,4.709223175228258,4.546672761576838,4.346565244975418,4.291984010618157,4.283032892028743,0.07897572191020093,0.297746648265151,0.08036179974476254,0.10256410256410256
2024-03-01,2.0,5.0,0,4.377634018491163,4.844359080006023,4.688304715232449,4.556886216309189,4.8439504846616535,0.12844466483770656,0.24237272700438794,0.07057306181500114,0.06521739130434782
2024-03-04,2.0,4.0,0,3.7916109042769532,4.326273837520815,3.7329987150252024,3.732859182844785,3.683640586083263,0.04077532248154669,0.23163893387418766,0.06865551574548957,0.06521739130434782
2024-03-05,2.0,2.0,0,4.393588802849225,3.7806846992928786,4.241871090345372,4.1681351760605105,4.268499795297261,0.07786755489151553,0.12578614212658695,0.04850209468687301,0.03731343283582089
2024-03-06,2.0,4.0,0,4.3078660598271705,4.721371596447869,4.156369555238838,4.129022552708067,4.182889323970932,0.07152301498650249,0.20158907956309743,0.06321209187394461,0.06521739130434782
2024-03-07,2.0,6.0,0,3.7047431181686172,2.8305515813945945,3.551198932538388,3.5784345382470866,3.493678143546244,0.03181523856457388,0.13305220315004207,0.05000854382168063,0.03731343283582089
2024-03-08,2.0,6.0,0,3.919554934853227,4.147894836462495,3.4322833033323965,3.386915635539217,3.539376150825186,0.03383802736651309,0.15365734389642485,0.0541435988505083,0.06521739130434782
2024-03-09,2.0,4.0,0,3.841787084811733,3.959174818619279,3.8856207249382497,3.8280845181763112,3.968366752983271,0.05700749818531542,0.18817622905213902,0.060733138305213825,0.06521739130434782
2024-03-10,3.0,1.0,0,3.381164097020242,3.3381216162424434,3.5090832400819285,3.474871169287851,3.5676168246606306,0.036206368357264075,0.10983505308434424,0.040247393349297875,0.028268551236749116
2024-03-13,3.0,2.0,0,3.3365911686198735,2.293984354378262,3.239587402093097,3.3052052606483424,3.0323260871534696,0.016392654744576393,0.21130105514978056,0.04278609030533107,0.03937007874015748
2024-03-14,3.0,4.0,0,3.318775282667337,3.0289572566339378,4.095494926572712,4.04505235760055,4.204711103673284,0.07472248498839194,0.1997542882904006,0.04254829245397657,0.03937007874015748
2024-03-15,3.0,8.0,1,3.405999209648942,4.397051784807152,4.0018549242359915,3.964267140057794,4.113246880827065,0.06813810875512413,0.25549915913151233,0.043628593456425814,0.07387546849588586
2024-03-16,3.0,1.0,0,3.9013067506719556,3.8248876094762276,3.8669207281743057,3.831976754126601,3.9714777190606463,0.05863494746649732,0.2368674582765909,0.043284957799850636,0.07142857142857142
2024-03-17,3.0,7.0,0,3.8104058996976797,4.084129183186159,4.093904854927171,4.020782992054749,4.298728191395127,0.08185930515220614,0.20513850053308358,0.04266025318460486,0.03937007874015748
2024-03-18,3.0,3.0,0,3.5856129758192106,5.128508489618212,3.498242554798028,3.4989934841607986,3.470328782353633,0.031802734529692844,0.31756132279176247,0.04468637661738097,0.125
2024-03-19,3.0,2.0,0,3.1018417441877677,2.738622581239862,3.29583899136468,3.3225672307317518,3.192478132854867,0.0212285540325219,0.17597520484066512,0.042028180850814056,0.03937007874015748
2024-03-20,3.0,2.0,0,3.40330555652995,4.3731364626274,3.506319670277117,3.497762847312264,3.4646504358193404,0.03155726909098593,0.11853727376987777,0.040521943250691486,0.03937007874015748
2024-03-21,3.0,3.0,0,3.0047964577460347,2.227269345950559,3.1931099790054316,3.277572872662313,2.983161554895946,0.015079043551256083,0.15042909793450546,0.04141157988436719,0.03937007874015748
2024-03-22,3.0,4.0,0,2.494609752490758,2.8890237105490715,3.180874714402631,3.163701462378798,3.1410391706108367,0.019579829182627035,0.04866170093788063,0.037539197100291084,0.028268551236749116
2024-03-23,3.0,1.0,0,2.9942347500881987,3.3576958083643986,3.2747843720483027,3.2366234672219147,3.3592167486062463,0.027226439471136437,0.01989743979193957,0.03488572846876171,0.012195121951219513
2024-03-24,3.0,1.0,0,2.8508575294770737,3.2277650188108455,3.405334403813118,3.3890017055556867,3.393127492200993,0.028572779577827542,0.15167457593667,0.04144332613967637,0.03937007874015748
2024-03-25,3.0,4.0,0,3.4887906364328822,5.078045852468341,3.4681742401065656,3.443088456368323,3.4760084892413166,0.03204952323717208,0.2815273149580674,0.04408625338210871,0.125
2024-03-26,3.0,5.0,0,3.8112584548748756,3.6478940273938796,3.840304235238454,3.775161614722605,3.988801371751761,0.059750353768984805,0.10452068201439901,0.040071157555840904,0.028268551236749116
2024-03-27,3.0,4.0,0,3.3711679596741444,3.7956168562349717,3.5389806612430905,3.5156606665631362,3.5522929056460892,0.035487722863652114,0.1344544337032709,0.040985999966538664,0.03937007874015748
2024-03-28,3.0,4.0,0,3.8568731904216884,5.273399541990068,3.539575751593475,3.5151527897170283,3.5275735141757014,0.03434827816574442,0.14871248455645703,0.04136750687614665,0.03937007874015748
2024-03-29,3.0,3.0,0,3.1826150891429283,3.238025768624447,3.787678747342147,3.7286763857391603,3.9012741913005335,0.054245235415970844,0.09152669955626826,0.03960782498436108,0.028268551236749116
2024-03-30,3.0,1.0,0,3.4228735325545196,2.9050414207955755,3.343331157166354,3.401894364716991,3.2222133821603007,0.022224133836242246,0.1052143621302154,0.04009456064021231,0.028268551236749116
2024-03-31,3.0,3.0,0,3.287626764987064,2.758074746900158,3.4711955295318297,3.4784246987903367,3.4420663640068394,0.030593466382016547,0.045716672078673665,0.037344836473221364,0.028268551236749116
2024-04-01,3.0,2.0,0,3.040525532079908,2.6296031353441105,3.221988637104671,3.239026393394903,3.1767892512474885,0.020715885753874987,0.030734257513753662,0.03614275820690591,0.028268551236749116
2024-04-02,3.0,2.0,0,2.785115036903477,2.291035096543058,3.3391213525918912,3.302768096424871,3.4019251858810606,0.02892923740480678,0.02801894037254818,0.03587050589541054,0.028268551236749116
2024-04-03,3.0,6.0,0,3.1144616446154254,3.4558356328531508,3.256001940606885,3.2559775139217337,3.236902566628214,0.022727608103298075,0.08148107398788378,0.039211303915608335,0.028268551236749116
2024-04-04,3.0,3.0,0,2.7585576941717216,3.260246402893673,3.268373065898877,3.2452972640605986,3.2842602354479666,0.024403997086720912,0.021164904936152595,0.03506087042497064,0.012195121951219513
2024-04-05,3.0,2.0,0,3.032144515040414,3.18309174471086,3.3401734232554294,3.306188038849807,3.3734670792540817,0.02778688549272113,0.03815945981516662,0.03679081951038958,0.028268551236749116
2024-04-06,3.0,4.0,0,3.2510594134958812,3.3721502140017052,3.3549528792110146,3.3310840774866604,3.3872677040743517,0.028337001123054525,0.015628937503330314,0.03421089513595069,0.012195121951219513
2024-04-07,3.0,1.0,0,3.138880722988291,3.421108993181891,3.316102607638711,3.305624371278555,3.314889491320323,0.025532026256701017,0.09208372534047225,0.03962874769991683,0.028268551236749116
2024-04-08,3.0,2.0,0,3.7129256066005265,3.0554768854308567,3.5335481862199796,3.478239636630966,3.6403584521315464,0.03974714939598811,0.026287247565068842,0.03568430411855972,0.028268551236749116
2024-04-09,3.0,4.0,0,2.837819176970148,2.6261776910656334,3.0038469673152286,3.0160181565003192,2.919072938965267,0.013481174775782851,0.057758365979309965,0.038081136143656706,0.028268551236749116
2024-04-10,3.0,3.0,0,2.7675458820316297,2.75356118372611,2.869516143200586,2.8297945828170725,2.957478550478261,0.014423385485215351,0.062167937391257484,0.03831780468499765,0.028268551236749116
2024-04-11,3.0,2.0,0,2.705726612583695,2.5191608155941942,3.146514121845796,3.1207884994230914,3.2064181260219673,0.021691369297253394,0.013122173119047958,0.03373181305702042,0.012195121951219513
2024-04-12,3.0,4.0,0,1.9855744849543122,2.1666223632604504,3.0420953888160036,3.0007677882507053,3.127875046844824,0.019172646717907044,0.015619717733468865,0.034209264928141574,0.012195121951219513
2024-04-13,3.0,2.0,0,2.1377635684545853,3.014092794012409,2.9429747891605618,2.933980370402903,2.9249813638606117,0.013623179961968369,0.02067192901602109,0.03499390222748431,0.012195121951219513
2024-04-15,3.0,3.0,0,2.533106698244825,2.375838012094784,3.144184727496259,3.131324479999475,3.131025037822038,0.0192695379513042,0.0020995145631067962,0.02912067296913308,0.012195121951219513
2024-04-16,3.0,2.0,0,3.648319683268605,3.684741618331528,3.590607127346113,3.57607383459835,3.6079388572326043,0.03814256872433969,0.03170044719237357,0.03623448279022873,0.028268551236749116
2024-04-17,3.0,1.0,0,2.9746798848587734,2.707848862636109,3.5112313649252602,3.429731348997701,3.6280826928360215,0.039134532423698035,0.05628806364433701,0.03799877509979891,0.028268551236749116
2024-04-18,3.0,5.0,0,3.0076844735715147,2.996273862636759,3.042184104086909,3.015474488010919,3.033667025335065,0.016429575532461955,0.036253208247473113,0.03663588473991156,0.028268551236749116
2024-04-19,3.0,5.0,0,2.5433904176317395,3.0743394070379475,3.152608735629577,3.138256562985549,3.124498776877354,0.019069172773121174,0.021480124967999517,0.0351029591274019,0.012195121951219513
2024-04-21,3.0,3.0,0,3.296309094143323,4.307142801537924,3.4779298064583735,3.4191152859111598,3.5935779978221154,0.03744544526498457,0.05925515913037326,0.038163153589911326,0.028268551236749116
2024-04-22,3.0,4.0,0,2.881469827179617,3.701016240487708,3.336724750449349,3.3422500221252065,3.284351951443192,0.02440732316328578,0.06828743891022802,0.038623588915876805,0.028268551236749116
2024-04-23,3.0,3.0,0,3.0184590061875403,3.042751675530881,3.174580741599944,3.1716541356405212,3.219487453117044,0.02213155369125805,0.042219024921187794,0.03709927472878315,0.028268551236749116
2024-04-24,3.0,5.0,0,2.823943981583635,2.162638722857081,3.149287797197549,3.1468857817432174,3.176529182546213,0.02070746037578499,0.01287939078871845,0.033681089043929614,0.012195121951219513
2024-04-25,3.0,3.0,0,3.2331088423327112,3.375834750846328,3.2340177061780286,3.2394861062859905,3.19929008304807,0.021453853803175504,0.0032819089900110988,0.03018128364651859,0.012195121951219513
2024-04-26,3.0,4.0,0,3.37838076105618,3.9588888762409074,3.1117983646494713,3.1424966047927234,3.020809435231511,0.01607796679771011,0.03232941198801305,0.03629286720468156,0.028268551236749116
2024-04-27,3.0,4.0,0,2.7228397713550683,3.3673624452490487,2.9013307813925757,2.924881947842343,2.8954657368439505,0.012924344724570597,0.03314948983918644,0.036367495958244275,0.028268551236749116
2024-04-28,3.0,8.0,1,2.5487759331686894,2.8933297880193316,2.929023740056418,2.950588537510033,2.8879887701695863,0.012751475298084937,0.02469572312600515,0.035503232048522564,0.028268551236749116
2024-04-29,3.0,8.0,1,4.667495077507092,4.102210458563851,4.075777565481487,4.076264015475564,4.180094212040154,0.07291546436916797,0.10827325707594931,0.04019631714260231,0.028268551236749116
2024-04-30,3.0,1.0,0,4.001717222162719,3.9461276157137397,3.9613185912398547,3.969393824926841,4.006777852004813,0.06092128129439602,0.045907743902016455,0.03735777259493032,0.028268551236749116
2024-05-01,3.0,3.0,0,3.06276400448314,2.676047259605043,3.1481770612857045,3.1645176473970777,3.156927044265315,0.02007922291245236,0.06405855769571436,0.03841490830976326,0.028268551236749116
2024-05-02,3.0,2.0,0,3.088861134824185,2.831267643342579,2.9731955975668494,2.9773780433626897,3.050562260803599,0.016899796318843897,0.03854038935040742,0.036820959697050785,0.028268551236749116
2024-05-03,3.0,5.0,0,2.966840560014761,1.790502568613835,3.455583047397386,3.4394118604046926,3.567201779867699,0.036186779704917856,0.008542880521591413,0.032587109250254515,0.012195121951219513
2024-05-04,3.0,4.0,0,2.7156542171077955,2.095266492060749,3.3440181499643944,3.3809644563651005,3.233037835881237,0.022594391943119206,0.03708269805103245,0.03670416587133283,0.028268551236749116
2024-05-05,3.0,6.0,0,3.886736827899586,3.4325571536471378,3.061325788826503,3.106403984028584,2.93661841585379,0.01390598908950644,0.0687045012869793,0.038643571641635274,0.028268551236749116
2024-05-07,3.0,2.0,0,2.5970392657568926,3.2985694241724697,3.8797073514359695,3.790538489185919,4.190741493780407,0.07369388720145864,0.0632243178721012,0.03837236615890494,0.028268551236749116
2024-05-08,3.0,2.0,0,2.2619010482957322,1.743391956305913,3.0684959596591748,3.0684240701858605,3.097997390093896,0.01827046229146483,0.04375209406116801,0.03720901772312458,0.028268551236749116
2024-05-09,3.0,3.0,0,2.7132673549234205,3.3391550713249494,3.073153649429957,3.0642526094747407,3.154568201471007,0.020004525955982143,0.0280887961941141,0.035877799321332844,0.028268551236749116
2024-05-10,3.0,1.0,0,2.372579402990095,2.0379178782846585,2.8316816826196787,2.833603219293208,2.8239838067605425,0.01133895648845229,0.0518025432898453,0.037735527209803645,0.028268551236749116
2024-05-11,3.0,3.0,0,2.951222931101543,2.4460955622975664,2.9376263434194603,2.9302205157569876,3.049078447008077,0.01685812459839342,0.004416027520866231,0.0309074505680659,0.012195121951219513
2024-05-12,3.0,6.0,0,2.6564930103716535,3.186389247161752,2.8212155504854146,2.7975533823741134,2.9324702422373505,0.013804702148965523,0.025608830834493185,0.03560835315426749,0.028268551236749116
2024-05-13,3.0,4.0,0,2.2992971840728735,2.508519507742412,2.8741441564312633,2.8622684384537465,2.988947280567947,0.01522961599612416,0.17690622381850585,0.04204941878360732,0.03937007874015748
2024-05-14,3.0,2.0,0,2.65178402195325,3.0554891659362786,2.7587097426432,2.7526056117036704,2.8359288560211318,0.011593548566884685,0.13100308083032308,0.04088910358111741,0.03937007874015748
2024-05-17,3.0,3.0,0,1.9407936693945465,2.2646388109251583,2.9623567992913014,2.931419053008474,3.1257781616851603,0.01910833669439921,0.0150616974499264,0.0341089360833076,0.012195121951219513
2024-05-18,3.0,4.0,0,1.9394107094539808,2.399215398964614,2.837854686328546,2.8046619921772296,2.982593317709493,0.015064312472760513,0.06732345725888851,0.0385770037831207,0.028268551236749116
2024-05-19,3.0,3.0,0,2.5334300153695906,2.3025854994749353,2.898370664781764,2.8986332756094035,2.9118694653466486,0.013309479623854316,0.04377535546075844,0.037210656780287954,0.028268551236749116
2024-05-20,3.0,5.0,0,2.548526529411924,2.9719474186545143,2.836778159945352,2.8689241655236706,2.72999165806091,0.00947473208175955,0.00456561312998114,0.03099005375619267,0.012195121951219513
2024-05-21,3.0,3.0,0,3.0618948015219996,2.6716271511702994,2.9648082648950274,2.9760134877257536,2.956539553592631,0.014399805347254864,0.0044778208440999145,0.030941880423537467,0.012195121951219513
2024-05-22,3.0,3.0,0,2.0162839928698544,1.8275187538202207,2.709693050274233,2.7038872926488247,2.738818065177093,0.009639545985970893,0.07492044482119885,0.03892990563301197,0.028268551236749116
2024-05-23,3.0,4.0,0,2.3273182807430457,1.7091830965328152,2.887095222606834,2.889036965922801,2.9515158656237137,0.014274116203689551,0.08123111614176569,0.03920093431087007,0.028268551236749116
2024-05-24,3.0,5.0,0,3.0555419295998494,4.054572529020534,3.081817440559654,3.0458288175578394,3.260831608098161,0.023564454832623153,0.08521837535693859,0.03936329235025187,0.028268551236749116
2024-05-25,3.0,4.0,0,2.9281298581162343,2.7190904225062673,3.0248138141136116,3.0369496436000016,3.0239237199067364,0.016162638934245317,0.031826163986719995,0.03624623436753454,0.028268551236749116
2024-05-26,3.0,5.0,0,2.5924714720306707,2.758000037770557,3.0665361323231872,3.062268470298992,3.062804218649426,0.017246371202374943,0.020126463774729375,0.03491810605102257,0.012195121951219513
2024-05-27,3.0,6.0,0,1.9996976598987435,2.045852238897283,3.1055771838365414,2.998947272696182,3.430722738766661,0.030116851813353274,0.031345019888163135,0.03620103320617568,0.028268551236749116
2024-05-28,3.0,4.0,0,2.712780190098861,2.6858392785340124,3.0935584567633048,3.07065791180971,3.130403816321756,0.019250402732268804,0.03042344747488408,0.03611270620015287,0.028268551236749116
2024-05-29,3.0,6.0,0,3.923652486006601,5.087814963407275,3.3726247635374325,3.340278439340902,3.407585055867331,0.029160128940456016,0.02310373425768814,0.035311323965252196,0.028268551236749116
2024-05-30,3.0,2.0,0,2.460595685260346,3.5505690207821803,2.9375260103448597,2.9158076408340787,2.9756382560254173,0.014884834862059756,0.013924294055364456,0.033893541541342116,0.012195121951219513
2024-05-31,3.0,7.0,0,2.2583098907677606,1.8341231889284866,2.924197243085698,2.9117447075412386,2.937116556507912,0.013918187869022696,0.013657468468847231,0.0338407039263564,0.012195121951219513
2024-06-02,3.0,2.0,0,2.8139107092608246,3.2218783924426857,2.931148250443073,2.9105563754228587,3.0318711201671986,0.016380141194404986,0.10852232139208287,0.040204501403763054,0.028268551236749116
2024-06-03,3.0,5.0,0,3.1069854247508175,2.119204979902108,2.878129273743172,2.890605966265751,2.8856126206685095,0.012696887277108194,0.004735177029263944,0.031080737412232842,0.012195121951219513
2024-06-04,3.0,3.0,0,2.6892057894010852,2.6966039047439114,3.0611746131644053,3.0920751248417098,2.9925256152338795,0.01532327329325033,0.04028404590507088,0.03695566179644656,0.028268551236749116
2024-06-05,3.0,7.0,0,3.1058911149352944,4.088568458314277,3.9626497690379647,3.9347666134948103,4.052302818644836,0.06394810456586368,0.08622017598420957,0.03940309730929771,0.028268551236749116
2024-06-06,3.0,6.0,0,3.0814575332878635,2.8853236030502263,4.0497554501381945,3.9788620406185036,4.28400998145041,0.08071748969084482,0.06713677679835953,0.03856791715055363,0.028268551236749116
2024-06-07,3.0,7.0,0,3.2874378032991762,2.4890758267236905,3.4752838865928815,3.428786541341266,3.6444039354932967,0.039950386394863154,0.004239028015453028,0.030806324304349583,0.012195121951219513
2024-06-08,3.0,4.0,0,4.393070991960894,4.062374503569733,3.5156097113870604,3.5092901632071793,3.5020300945765293,0.03319641426370091,0.07291964145922557,0.03883999245784705,0.028268551236749116
2024-06-09,3.0,2.0,0,2.749720215921074,3.514118703475421,3.852702102877498,3.8529913264329707,3.9111877489294224,0.05485244289675967,0.0,0.015726637545959658,0.012195121951219513
2024-06-10,3.0,4.0,0,4.909259032046157,4.835197176523342,4.286040138056906,4.27290669265835,4.356760944440417,0.08644973633038525,0.12297077012665075,0.04065579900532408,0.03937007874015748
2024-06-11,3.0,12.0,1,4.316562165371107,4.217636152114512,4.320000660125569,4.34413534543183,4.374863346779014,0.08791037460546994,0.08634935219586179,0.03940820217689277,0.028268551236749116
2024-06-12,3.0,20.0,1,5.051642626880605,4.674639056126697,5.143130939527621,5.035894769747722,5.45859386796894,0.19790125934286285,0.18595012950726783,0.04225182211470844,0.03937007874015748
2024-06-13,3.0,11.0,1,2.68898065472388,2.970677003139396,4.425199906635669,4.400761905317452,4.504749753128835,0.09878698377730623,0.00632021420551061,0.03180849879675803,0.012195121951219513
2024-06-14,3.0,5.0,0,2.583021937880109,2.4860018973509543,3.77961714080407,3.799728944183926,3.7749250155016387,0.04686953088369024,0.004275039926990646,0.03082720936139049,0.012195121951219513
2024-06-15,3.0,4.0,0,2.913652096158707,3.457846824303188,3.2408456893150013,3.2374755755873044,3.2184882086682625,0.022097683155938533,0.06411452920988889,0.03841774567856076,0.028268551236749116
2024-06-16,3.0,3.0,0,2.902326883756995,3.090507180292713,3.089755974932985,3.1152592439695748,3.005765222546055,0.01567334890905197,0.01989635670518132,0.03488557455408268,0.012195121951219513
2024-06-17,3.0,5.0,0,2.9964523326819816,3.372254355687879,3.599568891063635,3.6292244171911237,3.5288119050590616,0.03440478165304448,0.02880227743697219,0.03595137901783763,0.028268551236749116
2024-06-18,3.0,8.0,1,3.454768716995899,3.1370662383101937,3.4861035701713567,3.4867662988154855,3.4719164194551575,0.03187159145145267,0.07413506032009627,0.03889485436777341,0.028268551236749116
2024-06-19,3.0,6.0,0,2.6846531822455773,3.4183358048806007,3.1260972050427953,3.1615086942160717,3.007946882929287,0.015731573718609396,0.04198372047752273,0.037082122754340134,0.028268551236749116
2024-06-20,3.0,6.0,0,3.9666903270959653,4.290244667435038,3.790957162042187,3.8197321879145645,3.761132930664998,0.04610498111640817,0.166977848107396,0.04181877263959838,0.03937007874015748
2024-06-21,3.0,12.0,1,4.194295354082373,3.910195823240673,4.28685155890402,4.287130281444467,4.2854721487416025,0.0808305155942373,0.06929821109978525,0.03867184207677045,0.028268551236749116
2024-06-22,3.0,1.0,0,3.601947491628901,4.242408196033824,3.598669415311684,3.607747591762816,3.6159200306139425,0.03853361933247684,0.08786848756370463,0.03946777021904344,0.028268551236749116
2024-06-23,3.0,5.0,0,2.862480511624377,3.4853851773062585,2.949122403363812,2.970215682291376,2.967018904982567,0.014664523533935561,0.12943119514126,0.04084432776049801,0.03937007874015748
2024-06-24,3.0,2.0,0,3.7418150187773627,4.242352039083827,2.742903727097287,2.738421034318144,2.8422279544566673,0.011729454590075433,0.1443885147143686,0.04125480331653803,0.03937007874015748
2024-06-25,3.0,3.0,0,3.449372972424106,2.9674068441089028,2.7304867014202507,2.7460306974638824,2.778174137458814,0.010399983537492441,0.14349745959964644,0.041231268000709566,0.03937007874015748
2024-06-26,3.0,3.0,0,3.8570469114354773,4.6922363505772395,3.04883438119392,3.1183819167382127,2.8929360462378035,0.012865670659766746,0.008450303886432847,0.03255860634712046,0.012195121951219513
2024-06-27,3.0,3.0,0,3.3635007886023605,3.7145563981372978,3.908315977033745,3.881822199995651,3.987339274664144,0.059655721865205485,0.021920609656458968,0.03516085189528328,0.021326705942367866
2024-06-28,3.0,2.0,0,3.0704646760421843,4.621360569584717,3.465156325318784,3.4429704439669346,3.590901157374192,0.037316426302843736,0.2000622958822751,0.042554750033205115,0.03937007874015748
2024-06-29,3.0,6.0,0,4.201742477998404,5.155769179519159,3.2797582887062884,3.290677503435767,3.319758787357108,0.02571455959833929,0.11817274619906018,0.040510765187647936,0.03937007874015748
2024-06-30,3.0,3.0,0,1.7928707105401316,2.871341817684103,2.8025569279166413,2.756743982592989,2.9266070913791826,0.013662440047458705,0.18994945006184832,0.042339189409211456,0.03937007874015748
2024-07-01,3.0,2.0,0,3.047853571208148,4.548609223207763,3.0830303050367736,3.0997187129084134,3.0514182372415073,0.01692386867009863,0.00893177637746267,0.03270384222080432,0.012195121951219513
2024-07-02,3.0,2.0,0,3.2845210677384253,4.361490614368697,3.2819152355561356,3.2799209836876533,3.233245123266275,0.022601523432207987,0.008753605656578789,0.032650950112636454,0.012195121951219513
2024-07-03,3.0,2.0,0,2.7715758779375577,3.7165685951564083,3.142962206091685,3.155498318623447,3.1008122797967905,0.01835416806792423,0.123132307019931,0.040660604969447726,0.03937007874015748
2024-07-04,3.0,4.0,0,3.6263686809802325,5.099536494136324,3.156548324724798,3.1573425959173287,3.2029004632224476,0.021573930821402652,0.21174150449502577,0.042794993690181485,0.03937007874015748
2024-07-05,3.0,4.0,0,2.920180017657028,3.5699866887034952,2.9747365114605135,2.9620775047716537,3.033471884915932,0.016424198981835232,0.28640273743371114,0.04416950301472848,0.125
2024-07-06,3.0,4.0,0,3.0221122959585234,3.1644330534736183,3.142757183724276,3.091946276069631,3.2598312791023383,0.02352905523245326,0.15567187111971068,0.04154394407342194,0.03937007874015748
2024-07-07,3.0,2.0,0,3.1065427944482105,3.3393878613763146,2.8219856829654346,2.8012827663855,2.8605027055929932,0.012130242400066105,0.11333250347070281,0.040359722118464676,0.028268551236749116
2024-07-08,3.0,5.0,0,2.875805042096541,3.4149748924749477,2.8249843813079853,2.7722975153589773,2.99213445518221,0.015313015471112048,0.10498051541718974,0.040086685017370116,0.028268551236749116
2024-07-09,3.0,6.0,0,2.592791084992375,2.59183930780445,2.8555268840871286,2.830171797747581,2.9690527124960933,0.014716297497058,0.09143105932829557,0.0396042221543627,0.028268551236749116
2024-07-10,3.0,5.0,0,3.144413101508071,2.704695672267798,2.751099090889653,2.7219190031784457,2.839549771837081,0.011671531830923496,0.22182210768492408,0.04299565354139246,0.058823529411764705
2024-07-11,3.0,4.0,0,3.0154827697850517,3.299180799286117,3.0185805940301353,2.951443021718585,3.2000406134888677,0.021478777499440865,0.14268580246432777,0.04120973496194184,0.03937007874015748
2024-07-12,3.0,1.0,0,3.06309637949298,4.247771966367753,3.0512740827478435,2.971584778718255,3.234048654378117,0.022629182630542585,0.171934751025248,0.04193509424139279,0.03937007874015748
2024-07-13,3.0,3.0,0,3.4024125609711007,3.4946535667616665,3.0424069476798836,3.0449584411389483,3.040254940041536,0.016611816174892335,0.01757303361078186,0.03453659985454867,0.012195121951219513
2024-07-14,3.0,6.0,0,3.2842750297645544,3.6458339798547845,2.984108918428177,2.9637074541267516,3.086755362577183,0.01793882283697151,0.08777613416286434,0.039464173119102976,0.028268551236749116
2024-07-15,3.0,6.0,0,3.067962181211593,2.7944146174728486,2.729064525981615,2.7087033529519835,2.820347133421414,0.011262254990960952,0.09382901281209627,0.039693642475419344,0.028268551236749116
2024-07-16,3.0,2.0,0,3.0395283505680344,3.026137124440378,3.281113084958141,3.177092182020757,3.5403001303467696,0.03493186462206319,0.020438084688715503,0.034961631300234206,0.012195121951219513
2024-07-17,3.0,8.0,1,1.746002913457075,1.403121473691494,2.8999937393673716,2.8414645902542297,3.032952865127402,0.0164099048761313,0.05451448744254805,0.037896927298095844,0.028268551236749116
2024-07-18,3.0,3.0,0,3.404637191763817,3.580902571075919,3.315442135850247,3.2999848677828063,3.36513928173271,0.027458429821562248,0.05298511577493907,0.03780678364094935,0.028268551236749116
2024-07-19,3.0,7.0,0,3.68793951494626,2.6295889803223003,3.3904543042087725,3.3829666184823313,3.4499251270716225,0.03092659257884613,0.08394237202346179,0.03931203016619683,0.028268551236749116
2024-07-20,3.0,4.0,0,2.757475489796225,3.0866954177809167,2.9454685106139666,2.907872982019437,3.058222407535736,0.0171160788283596,0.23807050269048946,0.04330760916516755,0.07142857142857142
2024-07-21,3.0,4.0,0,2.854799417349445,2.8841294634904524,2.875968620194587,2.8477583211342696,3.011902703523609,0.015837537809608067,0.11061433676896539,0.04027266385411735,0.028268551236749116
2024-07-22,3.0,6.0,0,2.577591208464143,2.5618764558802383,3.0210057758359508,2.9503111351760265,3.286546721765461,0.024487008673666377,0.06535735009446234,0.03848021211045798,0.028268551236749116
2024-07-23,3.0,2.0,0,4.236479270645499,4.228882372877552,3.2099030967397026,3.1681154041721964,3.369264302713457,0.027620795321206426,0.048570876042246906,0.03753335792636107,0.028268551236749116
2024-07-24,3.0,1.0,0,3.1869601004148143,3.647837219751846,2.9893674368377914,2.969324849982402,3.076559222355935,0.017641704006136315,0.023385482763131273,0.0353461347983632,0.028268551236749116
2024-07-25,3.0,2.0,0,3.0989615613520565,4.420929868633781,2.845510216394378,2.8382157628688547,2.852594580685763,0.011955616012389831,0.028805880593255916,0.03595174645849691,0.028268551236749116
2024-07-26,3.0,2.0,0,3.499934601195526,3.436108400410276,3.0262775732442755,3.033928134437354,3.0476268469454357,0.016817427605921604,0.1318595754923343,0.04091332897351146,0.03937007874015748
2024-07-27,3.0,4.0,0,3.408417204732153,3.230646647299354,3.1994335072954962,3.1687435434586937,3.3973148212174813,0.028742068521352915,0.07488368325710881,0.03892827186462313,0.028268551236749116
2024-07-28,3.0,3.0,0,3.5554776972626603,4.377675555461569,3.0878848028018067,3.096795976365228,3.198188595030759,0.02141731162396017,0.13004166346565732,0.040861766256041564,0.03937007874015748
2024-07-29,3.0,6.0,0,3.3517634680963417,2.801045671735187,3.073018501493151,3.0682555217008636,3.1924698684925694,0.021228281692325286,0.05972205158448803,0.03818837404193369,0.028268551236749116
2024-07-30,3.0,4.0,0,2.8023585240811655,2.5560747639244443,2.887082923758745,2.9023027621645667,2.8607233681650532,0.012135141228754202,0.1121656262477047,0.040322552978627094,0.028268551236749116
2024-07-31,3.0,14.0,1,4.554859068096605,5.699788847068978,3.694986027170705,3.745239263869807,3.6740334287879453,0.041459355970096,0.16315717530787885,0.04172743359755922,0.03937007874015748
2024-08-01,3.0,21.0,1,4.148860135853228,4.663734069918692,4.946504257655199,4.937161214141343,5.066934657621199,0.1534463195628086,0.1421078932198114,0.04119434747965734,0.03937007874015748
2024-08-02,3.0,11.0,1,2.7824374353973385,3.3860192588229325,4.295854806057864,4.283783709049274,4.368247626396174,0.08737498965440034,0.011044549435315307,0.03326687052342585,0.012195121951219513
2024-08-03,3.0,8.0,1,2.9974134678677937,3.821060915112151,3.4183656350144624,3.4301460656699017,3.4425468383071114,0.0306137643155217,0.02555743057449819,0.035602525598986905,0.028268551236749116
2024-08-04,3.0,12.0,1,4.32207783352806,5.0025754366673105,3.7197087995130578,3.7517460116587595,3.7143488110523926,0.04357057690491859,0.08175020932716383,0.03922243967533483,0.028268551236749116
2024-08-05,3.0,8.0,1,3.965537964458461,3.6974605682947854,3.5155417858018883,3.5393211221386456,3.423813627634496,0.029829001561980224,0.07256516553730581,0.03882384753343511,0.028268551236749116
2024-08-06,3.0,8.0,1,3.151201285541969,3.828754229089824,2.9836720261098866,3.0094703421114652,3.022981388045752,0.01613698538329604,0.2313910419564422,0.04318097290611764,0.06444913196648619
2024-08-09,3.0,7.0,0,3.0545609943191923,3.328551191015958,3.0313226040389143,2.987709092591777,3.238558138440739,0.022784839833727907,0.13483512000893508,0.040996571694886484,0.03937007874015748
2024-08-10,3.0,5.0,0,3.576683272687097,3.919021706555771,3.4069733432787865,3.407415916993032,3.4475492151847758,0.030825626196694992,0.02251341510478285,0.03523713448019852,0.028268551236749116
2024-08-11,3.0,7.0,0,2.749285902710973,3.081676515944919,3.38612829939557,3.3770265736988456,3.4715721452890027,0.03185665164954476,0.08340662476246816,0.039290315182133724,0.028268551236749116
2024-08-12,3.0,4.0,0,2.7893795796433816,2.5212096506625783,3.0079291787340883,3.0506372822221244,2.976704611405168,0.014912253435416434,0.030295745130932007,0.03610027950979207,0.028268551236749116
2024-08-13,3.0,4.0,0,2.505318660472617,2.4033653180914163,3.078435673270848,3.0673335042206507,3.1494773397159315,0.019843972728528197,0.03798639254395804,0.03677703829828461,0.028268551236749116
2024-08-14,3.0,8.0,1,2.5354847507456264,2.3332440085306394,3.007605455914199,3.0451606761053385,2.933071481519559,0.01381935001420084,0.007011373457450649,0.03207439978600967,0.012195121951219513
2024-08-15,3.0,2.0,0,3.2392738564554655,2.8989367744667174,3.2282670664758135,3.2360629168322514,3.292353798673964,0.024698701384852795,0.04024771712477544,0.03695290805771689,0.028268551236749116
2024-08-16,3.0,3.0,0,3.497470091023292,3.3633028732331156,3.138889646593318,3.1237108261754236,3.1644522995530737,0.020318817056750028,0.0631868605497213,0.03837044483596465,0.028268551236749116
2024-08-17,3.0,4.0,0,3.0862083285112742,3.310088257112029,3.279942422628608,3.249885588499714,3.341256285314467,0.0265310125635854,0.0874855696879126,0.03945283554004829,0.028268551236749116
2024-08-18,3.0,7.0,0,3.1059184080630673,3.229501998022549,3.138465036656505,3.1283371252783767,3.1589237936199126,0.02014260465059966,0.1914570987711109,0.042371802989819296,0.03937007874015748
2024-08-19,3.0,2.0,0,3.184413800427966,4.300162898040934,2.9405448882218828,2.9449553203555423,2.9209421503543047,0.013525985078099425,0.20093745343813132,0.04257306279138455,0.03937007874015748
2024-08-20,3.0,3.0,0,3.381571727656685,3.517466070651536,2.991018524935159,2.998569683201395,2.9548109988053235,0.014356469567104733,0.13313516387707025,0.04094918717881773,0.03937007874015748
2024-08-21,3.0,2.0,0,3.067492682634212,3.393034965721421,3.191381533157038,3.1962915267384364,3.1871627546456582,0.021053891395352384,0.16964136314415568,0.04188157429652399,0.03937007874015748
2024-08-22,3.0,5.0,0,3.655123411267718,4.341743508803066,3.246215073386003,3.2267894468032283,3.26910418082195,0.023858602133510588,0.17487504779531368,0.04200298371826884,0.03937007874015748
2024-08-23,3.0,4.0,0,3.1189923234181576,2.998244870874808,2.9928730910877057,2.9973983135724986,2.979568293527276,0.014986063075110403,0.03308415456674717,0.03636161071344671,0.028268551236749116
2024-08-24,3.0,1.0,0,3.091381291356265,3.6454020689908484,3.2524389365253827,3.2086264534239604,3.3523611910081943,0.026959557952284878,0.10875136969223005,0.04021201479468071,0.028268551236749116
2024-08-25,3.0,4.0,0,2.284428703194735,2.949691803888147,2.9524776339219416,2.9335751564094847,2.9842431169139636,0.01510711038788951,0.11028137955457339,0.040261884049923216,0.028268551236749116
2024-08-26,3.0,5.0,0,3.9512464721629623,4.525789502335521,3.2939107061813995,3.2726034460515234,3.3124554455234567,0.025441112922395263,0.022242273393168543,0.03520247070682444,0.028268551236749116
2024-08-27,3.0,4.0,0,2.9760036628386177,2.7319450447629454,3.120659729436056,3.116401673435438,3.104168561342655,0.018454323094444107,0.07927240141648431,0.039118746438092024,0.028268551236749116
2024-08-28,3.0,4.0,0,3.147853325841152,3.4576381286928184,3.0935385588206397,3.02288142468721,3.2849455156427854,0.024428856219626104,0.07847903724538832,0.03908497593910699,0.028268551236749116
2024-08-29,3.0,4.0,0,2.889961840767188,2.692541020926255,2.9921256719131106,2.965166603911885,3.0397377505712733,0.01659745794765758,0.024932301041849163,0.03553079795654431,0.028268551236749116
2024-08-30,3.0,4.0,0,3.115832997979296,4.523706128492542,3.048125416606217,3.025501758561613,3.035022668845847,0.01646696077607506,0.031168997825228518,0.03618434261946654,0.028268551236749116
2024-08-31,3.0,5.0,0,2.569076027744365,2.168181516036506,3.081828683591466,3.0232127108447324,3.2221298341148685,0.02222129236040613,0.02744279687243307,0.0358097256325869,0.028268551236749116
2024-09-01,3.0,2.0,0,2.752697422970244,1.9164343383209754,3.112172099749559,3.135379890307824,3.059367114075597,0.017148565644124987,0.008562462814849528,0.032593102148597265,0.012195121951219513
2024-09-02,3.0,3.0,0,3.4404818350160533,2.8757904237893683,3.436584553842886,3.47099058512983,3.425134023093077,0.029883869700492005,0.010780745780498839,0.03320223130766109,0.012195121951219513
2024-09-03,3.0,3.0,0,2.5557431325483555,2.1393588135735775,3.0856334947192314,3.0905678167159825,3.1428454314689755,0.019636164426615466,0.04230042519667514,0.03710518871250497,0.028268551236749116
2024-09-04,3.0,9.0,1,3.018500743277999,2.376503661228465,3.3364147907380404,3.308613340263506,3.473669437682816,0.03194773590995391,0.009067855472947169,0.032743593737795014,0.012195121951219513
2024-09-05,3.0,4.0,0,2.8777428881563862,2.544455847163059,3.189230191376496,3.1936170711032243,3.229024052917904,0.02245660690125346,0.01726796371395553,0.034487717831533406,0.012195121951219513
2024-09-06,3.0,5.0,0,2.7989616384612783,3.0113452808837646,3.0881225906000767,3.100142987587025,3.078024276337865,0.01768418231925477,0.012949405706549224,0.03369580569961521,0.012195121951219513
2024-09-07,3.0,4.0,0,3.165389407592336,2.4190822852692366,3.061267732734073,3.08097217193019,3.072854307159114,0.01753460174586915,0.01563759091879964,0.03421242441028006,0.012195121951219513
2024-09-08,3.0,1.0,0,3.282177872449174,2.6953699510001345,3.1602236314826406,3.1623263894960862,3.2240112417869176,0.022285339771630254,0.024133077049576183,0.035436709726729326,0.028268551236749116
2024-09-09,3.0,4.0,0,2.5076429945384424,2.626234393121999,3.104850601387533,3.070801434759036,3.2382851232117287,0.022775395120914425,0.00233739837398374,0.029372047237112564,0.012195121951219513
2024-09-10,3.0,5.0,0,2.595871707540074,2.518003900450562,2.997078333934165,3.0188425061807584,2.9542350374565265,0.014342050559852717,0.011800166932244957,0.03344452499813634,0.012195121951219513
2024-09-11,3.0,3.0,0,3.0554033469207584,3.8042497185274313,3.2163363910864096,3.215167365004425,3.2831736348062446,0.02436461509034509,0.03468400864359713,0.03650284794631861,0.028268551236749116
2024-09-13,3.0,7.0,0,2.741810299085934,3.2612301432209465,3.2263853637673767,3.2144794068580667,3.3070638141799713,0.02524051546760999,0.035953745614545,0.036610894608318095,0.028268551236749116
2024-09-14,3.0,2.0,0,2.8924436423483617,3.5480436632966685,3.3176222057586044,3.304044015148979,3.433748150689512,0.030243479624348694,0.03245429750028822,0.03630433970230485,0.028268551236749116
2024-09-15,3.0,2.0,0,2.79737685289117,2.638829083914377,3.3651045624309535,3.3595186426097565,3.4552599974432097,0.031154104053410858,0.06873094657092892,0.038644835257213433,0.028268551236749116
2024-09-16,3.0,6.0,0,3.4029486701945326,3.032285790025079,3.2298551636913713,3.2716297591565633,3.1988481231586645,0.021439186492729162,0.08379155324770413,0.03930592876075413,0.028268551236749116
2024-09-17,3.0,1.0,0,2.4987021814713333,3.7741839366160415,3.194688915063959,3.168985229250392,3.2883219612788914,0.02455159192268457,0.08521236732224587,0.03936305247066962,0.028268551236749116
2024-09-18,3.0,1.0,0,3.9702713855429366,4.047867067776865,3.5711666094373173,3.577320093740662,3.575953795058506,0.03660131255078526,0.02841587065979648,0.035911734285643176,0.028268551236749116
2024-09-19,3.0,4.0,0,3.97007191592214,5.32804595073339,3.8575057828260086,3.859457260845698,3.862744354030922,0.05192475315652455,0.06855472357428888,0.038636407160230715,0.028268551236749116
2024-09-20,3.0,2.0,0,2.7666401906727467,3.068595072648005,3.239023041896549,3.2614074705488147,3.1750282330024198,0.020658880853479764,0.01445112150419287,0.033995220049753465,0.012195121951219513
2024-09-21,3.0,6.0,0,2.198552065623232,3.034781085923036,3.462049808422482,3.480160177018815,3.4475356171431497,0.03082504896914899,0.011030744343653833,0.03326352295956036,0.012195121951219513
2024-09-22,3.0,3.0,0,3.4723567538591076,3.1027886887344143,3.4353429654561136,3.462255791140343,3.429413012472669,0.030062143548268336,0.031759676524280384,0.036240024494234,0.028268551236749116
2024-09-23,3.0,3.0,0,3.086352541954295,3.4888431044074517,3.195432826607996,3.205273503152532,3.2381158113569946,0.0227695392821654,0.016091947940948394,0.03429166292813255,0.012195121951219513
2024-09-24,3.0,2.0,0,2.5016622339082604,2.956922692800292,2.9710231967929492,2.9916182220636776,2.9650388572326145,0.014614242650944135,0.007033084770726443,0.032082357216236874,0.012195121951219513
2024-09-25,3.0,6.0,0,3.2414956638897183,3.437759239760285,3.0850221144581607,3.0999064372333844,3.119816631738869,0.018926322251528894,0.034280849680527734,0.03646780924905908,0.028268551236749116
2024-09-26,3.0,1.0,0,2.6226705774285044,3.162520547972356,3.0832015989531074,3.0974710817149003,3.1520656819488018,0.019925490371689305,0.04939079884528217,0.0375857311834485,0.028268551236749116
2024-09-27,3.0,4.0,0,3.084794879347195,3.163183619324812,2.9329361018910225,2.979164984156392,2.867830025545584,0.0122936755865337,0.030727056288982642,0.03614206499123295,0.028268551236749116
2024-09-28,3.0,1.0,0,2.085423658829545,1.7234948697292996,2.8233626178436144,2.8169032602313875,2.886832317255683,0.012724886749555795,0.011271039230576808,0.03332125405999512,0.012195121951219513
2024-09-29,3.0,4.0,0,2.1480078630367445,2.2267031434629887,3.0893777574209738,3.1340187041330188,2.9799930815454814,0.014997033769065563,0.0024194677871148458,0.029453327468400584,0.012195121951219513
2024-10-02,3.0,1.0,0,2.837745597148998,3.0092422165838237,3.230890518585644,3.2324695970359034,3.3484794597890026,0.02680923158412039,0.14609498278855157,0.041299576622003356,0.03937007874015748
2024-10-03,3.0,2.0,0,2.761899392650473,3.244573743150513,3.170302539854902,3.156405939274211,3.2635844894989963,0.023662061815367962,0.05259196594142459,0.03778324811844665,0.028268551236749116
2024-10-04,3.0,1.0,0,2.8662745168289425,3.048038692006041,3.131418841309877,3.145249688533808,3.1548990474212673,0.020014991131355627,0.013217446512161881,0.033751485552461116,0.012195121951219513
2024-10-05,3.0,2.0,0,2.7254659980057343,3.8912406047047106,3.003782259870447,3.0022502531056605,3.0751468875681485,0.01760082204770794,0.04432901238977666,0.03724944581976924,0.028268551236749116
2024-10-06,3.0,4.0,0,2.561447858235891,2.5421328777470262,3.167618124998109,3.124451373282796,3.2735571298594226,0.02401796987384696,0.006964356562444644,0.032057089987257044,0.012195121951219513
2024-10-07,3.0,5.0,0,2.783228046511137,3.75010398113823,3.2939453654229314,3.267527196653427,3.3373554196912956,0.026381576246545677,0.13697402590303553,0.041055553569911835,0.03937007874015748
2024-10-08,3.0,2.0,0,2.5968022725751894,2.8688720291734384,3.179233907973904,3.1790364455983062,3.1448463703420515,0.019698702935011574,0.00526036828512658,0.03134383393200709,0.012195121951219513
2024-10-09,3.0,2.0,0,2.6781842506896925,3.3877989400609665,3.079470250385547,3.095676627555579,3.0391340838186958,0.016580709998503165,0.04322232847599735,0.037171481168876086,0.028268551236749116
2024-10-10,3.0,1.0,0,3.28698967017076,3.7493886727281,3.3285064330993324,3.3486540426278504,3.3320749628273636,0.026180199137947197,0.059807838690034414,0.03819298970225019,0.028268551236749116
2024-10-11,3.0,4.0,0,3.579487942023951,4.327267032402629,3.352708796305362,3.3449750243704703,3.389301226040485,0.028418674615478094,0.006645079164771198,0.03193663229809798,0.012195121951219513
2024-10-12,3.0,3.0,0,3.033330219378214,3.1419766768452777,3.183060752046753,3.203065731406162,3.182233168724519,0.020892796056854544,0.0383460717978164,0.036805617712727536,0.028268551236749116
2024-10-13,3.0,3.0,0,2.950832339352684,3.443891559797431,3.292040941370098,3.3113428767641,3.2707086475263836,0.023915941254378795,0.1142102976890142,0.04038748495101877,0.028268551236749116
2024-10-14,3.0,2.0,0,2.727222951055096,2.6757962216346503,3.4495287816292843,3.4307592204354838,3.5240714199645127,0.034188820271122626,0.04830634735824843,0.03751629702943081,0.028268551236749116
2024-10-15,3.0,3.0,0,2.6278486712109923,2.426562575179989,3.241593396887078,3.1956058536942495,3.354033812313299,0.02702450811974025,0.05408625966459873,0.03787190903754235,0.028268551236749116
2024-10-16,3.0,2.0,0,2.6885284405226875,2.1282252649782762,3.495844289464627,3.496792249905019,3.5042874739675676,0.03329716706213201,0.0063751544886396835,0.0318305860834462,0.012195121951219513
2024-10-19,3.0,3.0,0,3.161419383024268,3.16508856932888,3.083371986497366,3.0934357164678574,3.0226911835660726,0.016129090801736107,0.0822686995581744,0.0392438074354853,0.028268551236749116
2024-10-20,3.0,4.0,0,2.730272299684499,2.2094355336290246,3.7488236872337026,3.7231049544949975,3.828396009980725,0.04990893028156346,0.004541866596651413,0.03097710803569174,0.012195121951219513
2024-10-21,3.0,1.0,0,3.248245637955173,3.1911451476988386,3.693139804451465,3.653003317131651,3.7510254693947807,0.04554972454924503,0.06945187136817306,0.03867912553948542,0.028268551236749116
2024-10-22,3.0,1.0,0,2.2805429107534487,2.551397640860084,3.3168820682903255,3.2591206564539097,3.442703277954602,0.030620375141749413,0.06471870556063249,0.038448239956156406,0.028268551236749116
2024-10-23,3.0,3.0,0,3.3076580293809954,3.023209466431489,3.1716668352319175,3.1715791632369394,3.157379307793464,0.020093566727271757,0.002263779527559055,0.029296870576320855,0.012195121951219513
2024-10-24,3.0,4.0,0,3.0210091952774745,3.4998627519108654,3.2886553535411176,3.286906710206485,3.2822684358815524,0.0243318408144482,0.06071614780425258,0.03824151585203645,0.028268551236749116
2024-10-25,3.0,2.0,0,2.4573948501718528,2.235800335386737,3.962965580329073,3.9283595745641064,4.1412834067213975,0.07011869169987046,0.04830515844887144,0.03751622016707304,0.028268551236749116
2024-10-26,3.0,2.0,0,3.988899467736193,3.269723579463493,4.125934625418538,4.004547784803934,4.472349526887579,0.0960091085256019,0.18889201407486023,0.042316210896033025,0.03937007874015748
2024-10-28,3.0,2.0,0,2.691097412686117,2.4282871592121333,3.0816258532720955,3.0794468377048823,3.0855370763355046,0.01790313849493094,0.1088036665876323,0.040213728511155594,0.028268551236749116
2024-10-29,3.0,2.0,0,3.3993563394221256,3.636417610586645,3.223951398972439,3.2849352123435525,3.203624502529084,0.021598067210482325,0.01614338297815412,0.03430050493750813,0.012195121951219513
2024-10-30,3.0,3.0,0,3.3281141632402096,3.4915105089184024,3.305595793351292,3.345400126136339,3.2059086807553743,0.021674334044989536,0.14488317056903596,0.04126782203261636,0.03937007874015748
2024-10-31,3.0,2.0,0,2.5977889330707686,3.0613645860885015,3.181975391864572,3.176040908184768,3.2089437658844444,0.02177596007404535,0.03125028700056158,0.036192060924208604,0.028268551236749116
2024-11-01,3.0,4.0,0,3.216532315463799,2.957575957778226,3.6049171496340198,3.597911834862109,3.6969410630649526,0.04265074087603299,0.0,0.015726637545959658,0.012195121951219513
2024-11-02,3.0,2.0,0,2.9865894013878944,2.2562290730644556,3.3040648530238723,3.2982944012586715,3.3482608068668176,0.02680078078741663,0.08025974477717991,0.039160383632357604,0.028268551236749116
2024-11-03,3.0,3.0,0,2.9033753198105954,3.2141327531941517,3.2898940429264347,3.2993239095240234,3.2720552811007733,0.023964138781726603,0.004685972457979404,0.03105473357659543,0.012195121951219513
2024-11-04,3.0,4.0,0,2.8108997972683465,2.5453735135467843,3.060213393757586,3.1013619527897505,2.96172557578218,0.01453038034100885,0.05900449296309611,0.03814954291568478,0.028268551236749116
2024-11-05,3.0,6.0,0,3.1058417389920705,4.265504775590341,3.3184240172609814,3.351917114769743,3.2698651063983393,0.023885783741974247,0.0674712878950765,0.038584184290407025,0.028268551236749116
2024-11-06,3.0,5.0,0,3.7519210027002807,3.5219890100358033,3.658335728809368,3.64766660425143,3.726034324723223,0.04419508654624761,0.16727249752056733,0.041825754738667786,0.03937007874015748
2024-11-07,3.0,1.0,0,3.520240090614093,3.9967906357550143,3.550257328866216,3.528089536120043,3.6258486754404653,0.03902370596454167,0.1296834883337768,0.040851542312292675,0.03937007874015748
2024-11-08,3.0,3.0,0,2.7438465472787144,2.4682868895800385,3.5387268308363833,3.509843325592467,3.604714035445494,0.037985297166651416,0.13084898610084608,0.0408847323115149,0.03937007874015748
2024-11-09,3.0,5.0,0,2.5755148818384823,2.941234707342654,3.1753708898188218,3.1359577026600998,3.2450443121350383,0.023010014416743028,0.0318713535780088,0.036250448463004584,0.028268551236749116
2024-11-10,3.0,2.0,0,2.7416939990571523,3.6771561034406535,3.0664073767878044,3.1338944876408044,2.9215008223106937,0.013539398673059852,0.11842363606965202,0.040518461484743994,0.03937007874015748
2024-11-11,3.0,3.0,0,3.1848761562482872,3.365486373210203,3.5617656231585357,3.5812436371916285,3.573020015513283,0.036462012513305914,0.05827000208805166,0.03810937431375292,0.028268551236749116
2024-11-12,3.0,10.0,1,2.7119447324831207,2.2641363669581716,3.947756842215099,3.9085044759772374,4.14743394635766,0.07055764889764204,0.2025442135763921,0.0426065490941724,0.03937007874015748
2024-11-13,3.0,3.0,0,4.008504606303944,4.607556495073751,4.0281698704887,3.9510032955674528,4.261561017011718,0.07899345802165406,0.4303996302154324,0.046421055128994915,0.18681552482449656
2024-11-14,3.0,4.0,0,3.353677717930041,4.199205627892664,3.718676905915997,3.646024284803984,3.89201567378192,0.05368190636336002,0.25627441204432616,0.04364257867738348,0.09447659382807899
2024-11-15,3.0,6.0,0,3.3550499410025676,3.5679509178068556,3.5550100948798167,3.556426244749175,3.5769367076574587,0.03664806021886343,0.2150629245140926,0.04286175869091391,0.058823529411764705
2024-11-16,3.0,4.0,0,2.427143398275902,2.516338303734153,3.889845411018635,3.862273679746665,4.098683868381722,0.0671225157084171,0.10394515693831607,0.040051646392832665,0.028268551236749116
2024-11-18,3.0,3.0,0,2.729798097159282,3.141142797029293,3.49971268809309,3.4679554883725072,3.5487539218633386,0.035323094240635615,0.079383009069643,0.039123432232221284,0.028268551236749116
2024-11-21,4.0,3.0,0,3.0954176212349833,2.678490804600748,3.120967391539205,3.2023182054796075,3.159221000380943,0.022459467838178846,0.08370420525422792,0.056109648163728036,0.045936395759717315
2024-11-22,4.0,7.0,0,2.639832792076012,2.9161625465552037,2.863666730981126,2.9735940250110997,2.840360087424347,0.013238324349809016,0.14239584626406945,0.06650034342404423,0.049019607843137254
2024-11-23,4.0,2.0,0,2.7543201591681705,2.337342152790259,2.8153088799508286,2.896331627427476,2.804311636182024,0.012400543063713137,0.14426611014544607,0.0667872986647155,0.049019607843137254
2024-11-24,4.0,1.0,0,2.5370860830948514,2.155553618185263,2.802723386061797,2.9473170249465137,2.7301627443325422,0.010797241528778286,0.17606926769136236,0.07140444655258574,0.049019607843137254
2024-11-25,4.0,8.0,1,3.0518304887290175,2.77173464875656,3.009849809661838,3.140024226283718,2.9963760942771955,0.01732931311569402,0.1975302685948698,0.07429680698084942,0.049019607843137254
2024-11-26,4.0,7.0,0,2.8857830470945496,2.7078087408991944,2.909183111505226,3.0430839822628335,2.8500134782846,0.013469320556002355,0.11036229792587166,0.06122481051307497,0.049019607843137254
2024-11-27,4.0,6.0,0,3.063831339735084,3.1068413339372225,3.387243827803949,3.474263225752181,3.4210099599383077,0.03271280820697401,0.2811767291180219,0.08453963696639549,0.17543859649122806
2024-11-28,4.0,4.0,0,3.55684244633559,3.4784695886580743,3.850254036572452,3.903072323362414,4.022843187287627,0.06655465409732389,0.2583315585698424,0.08185941909164603,0.17543859649122806
2024-11-29,4.0,1.0,0,3.8422867804457987,3.774558772409181,3.3025545198943917,3.424933943208778,3.2738924995010734,0.026635735508025442,0.2488130740115427,0.08072183807297698,0.17543859649122806
2024-11-30,4.0,3.0,0,3.6118731414370164,3.0012787467990374,3.8111199284555517,3.7526271289302238,4.11048820115239,0.07272084965913206,0.12321852365409608,0.06343271462587007,0.049019607843137254
2024-12-01,4.0,2.0,0,3.2659566553702515,3.122125674657909,3.3027514900862602,3.417395703961141,3.1653290380807415,0.02266989883646275,0.27166542974220376,0.08343156159232007,0.17543859649122806
2024-12-02,4.0,8.0,1,3.9424581842592143,4.94000226683846,3.87413923458146,3.894289190094129,4.147982439153475,0.0754546450671824,0.25192736778840025,0.0810955526188441,0.17543859649122806
2024-12-03,4.0,1.0,0,3.966997777621344,4.372394488288872,3.2157082035135103,3.3393366062777776,3.182334557090197,0.023262806060472412,0.11509632933468986,0.06205402995520408,0.049019607843137254
2024-12-04,4.0,2.0,0,3.490529765341338,3.2621794398526918,3.3231625877062476,3.3244391024842317,3.5131324854321675,0.03694425548922397,0.07880695045276849,0.05506634953350299,0.045936395759717315
2024-12-05,4.0,3.0,0,3.501491540024275,3.573948735780634,3.119642873123479,3.1916699445559207,3.1645207767951664,0.022641976471205843,0.06513825613631846,0.05192024745063384,0.045936395759717315
2024-12-06,4.0,4.0,0,3.551191264823971,2.7878774187636197,3.5872940471111723,3.657485836492803,3.814815038220794,0.0531841365957804,0.09333827675039254,0.05805772123590441,0.045936395759717315
2024-12-07,4.0,3.0,0,4.5644934502313745,6.100223193452224,3.615894965684124,3.6164778812203555,3.766939552500627,0.050359346204162485,0.12637916071632677,0.06395540369262832,0.049019607843137254
2024-12-08,4.0,6.0,0,3.6398060664274636,3.9829164470806906,4.074398870416596,3.997087882092421,4.381064246816124,0.0937200767394557,0.15701013560389282,0.06869324181216228,0.049019607843137254
2024-12-09,4.0,1.0,0,3.6637940242666764,3.569841167409901,3.9758128954827026,3.9405219257679436,4.212936877139195,0.08032579612549609,0.21162034917828088,0.07612131850910046,0.07894736842105263
2024-12-10,4.0,2.0,0,3.8426808766590668,3.396417517574972,4.071959292401394,4.007972822993321,4.294655136705557,0.08669560827807622,0.11579995959777385,0.06217560169215841,0.049019607843137254
2024-12-11,4.0,3.0,0,3.4864023571040574,3.790677790693643,4.4351664573576715,4.338110403104896,4.892303827888344,0.1410308840977094,0.24631211382370286,0.08042060388817802,0.08333333333333333
2024-12-12,4.0,3.0,0,3.6956983175968086,4.543502012545855,4.231729949394712,4.168037473121018,4.534022046887801,0.10686693149747412,0.24629943903922755,0.0804190746468695,0.08333333333333333
2024-12-13,4.0,5.0,0,3.227675363532671,2.623515659807185,4.1657269435722695,4.105357857110108,4.468228688264559,0.10110186257120186,0.17170825913135485,0.07079716657889204,0.049019607843137254
2024-12-14,4.0,7.0,0,4.012184152172919,4.606323042797217,3.6742408421558546,3.7445702375075762,3.7752467733047164,0.0508427436794877,0.21136335901045647,0.076088501085852,0.07894736842105263
2024-12-15,4.0,3.0,0,3.248346667078591,3.688341367671947,3.141139469960105,3.214394453096447,3.146299096310625,0.02201867314335026,0.1369641811894851,0.06565545419991183,0.049019607843137254
2024-12-16,4.0,6.0,0,3.0223289227932675,2.823039682113781,3.2718588710074847,3.2629550551106923,3.387672002024216,0.031263166202808675,0.15435278410060851,0.06830255642877679,0.049019607843137254
2024-12-17,4.0,3.0,0,3.304340448619615,2.9304174245797596,4.126178692438169,4.035241700979906,4.530775413712228,0.10657860225064572,0.10809500762393837,0.060820406859429015,0.049019607843137254
2024-12-18,4.0,4.0,0,3.8571426681167207,3.6435891898551955,4.825715196595757,4.643008927654141,5.496488169380617,0.2077975973117712,0.12069184787910013,0.06300946534290443,0.049019607843137254
2024-12-19,4.0,3.0,0,3.7861565075623616,3.062442141513249,5.2460279024456185,4.9988790587866605,6.196897743693901,0.29513010154743236,0.2333532234796437,0.07884255835773218,0.07894736842105263
2024-12-20,4.0,9.0,1,3.655169540610062,3.6171137946961696,4.104668583597926,4.048132023666817,4.366006669853874,0.09247482978397939,0.2093234174781992,0.0758274230220706,0.07894736842105263
2024-12-21,4.0,8.0,1,4.022785704631185,4.235271058144893,3.608480892015178,3.6574529149952,3.6617282790264283,0.04448151891150885,0.15996543396400256,0.06912384008374703,0.049019607843137254
2024-12-22,4.0,2.0,0,3.3501289394491924,3.506506221560591,3.88193081321581,3.9448740153530935,4.076922504566599,0.07032217818767758,0.12380357750097098,0.0635300250467748,0.049019607843137254
2024-12-23,4.0,7.0,0,3.291573479620424,2.5251882275992568,4.312854584942139,4.206117011938111,4.663028403743044,0.11864088155501559,0.112099298493409,0.06153139451533545,0.049019607843137254
2024-12-24,4.0,9.0,1,2.8559873663583337,2.278128576462343,4.212202689052031,4.1354508923779845,4.669009633159357,0.11920155261068587,0.08207927159608078,0.05576776296312305,0.045936395759717315
2024-12-25,4.0,5.0,0,3.503718043030666,3.70727019894393,3.514876073223872,3.5680985539754144,3.631550047110589,0.042878783246101886,0.19501558105822664,0.07396543050085341,0.049019607843137254
2024-12-26,4.0,5.0,0,3.2274466055438267,3.3655056963336962,2.8153118915728292,2.908700096910009,2.826815106241227,0.012918963173261131,0.1498822308106012,0.0676374830841333,0.049019607843137254
2024-12-27,4.0,5.0,0,3.3890392959510653,3.888396976441826,2.793381075693171,2.8562124059106524,2.884922129932613,0.014328485396753105,0.1811226593502209,0.07209935129943863,0.049019607843137254
2024-12-28,4.0,1.0,0,3.92008860243857,5.180997058743904,2.790270165390468,2.8569729656077283,2.8868281531971687,0.01437648138290018,0.1269029919188056,0.06404132926102261,0.049019607843137254
2024-12-29,4.0,4.0,0,3.007391048407121,2.528194517076292,3.1054700691438026,3.1667494250149435,3.2308055102078477,0.025010163741515143,0.13407051581101428,0.06519801768263461,0.049019607843137254
2024-12-30,4.0,2.0,0,4.834562025541103,3.6450120983160144,3.600384364295889,3.6492775375373054,3.7898496446546304,0.05169935442758509,0.13995022980703717,0.06612209183753495,0.049019607843137254
2024-12-31,4.0,6.0,0,4.056325342658903,4.684047389381276,4.055498304598711,4.025717870546793,4.4175562206418215,0.09677467309242566,0.12056582893491613,0.06298822616763833,0.049019607843137254
2025-01-01,4.0,4.0,0,4.130424278884441,3.780295665113199,3.747075487137788,3.7949493674207813,3.932284504547301,0.060515013712054685,0.10115015065519552,0.05954999629545483,0.049019607843137254
2025-01-02,4.0,4.0,0,3.9276156700250446,3.528802469698484,3.6243547768915816,3.692412138101952,3.749860027504748,0.049374382860558605,0.24692532058623665,0.08049455715886131,0.08333333333333333
2025-01-03,4.0,5.0,0,3.447035025701108,2.6714442826637037,2.998351420502328,3.1073265585524092,2.97952525559765,0.016849809345565382,0.17730716876956654,0.07157552666984536,0.049019607843137254
2025-01-04,4.0,3.0,0,3.841247306803414,5.2090957597974,2.9287647003472848,2.9861554992294943,3.014448664238425,0.01785403631019395,0.09893499612873705,0.05913403015864024,0.049019607843137254
2025-01-05,4.0,4.0,0,3.0772607089799884,2.6603714205123414,2.723701470761107,2.8336824750362974,2.7223316391922716,0.010637087200505544,0.16957111901993638,0.0704968766152717,0.049019607843137254
2025-01-06,4.0,7.0,0,1.787258409451352,1.7079509470300605,2.485266501135866,2.6085598748532957,2.426428684387421,0.005753783490633889,0.0660484202670965,0.05214208752559261,0.045936395759717315
2025-01-07,4.0,5.0,0,2.270212635841426,1.8389328708462558,3.039393071880288,3.111059087280078,3.062206399536258,0.01929344621428452,0.0871987440355467,0.05683132510236577,0.045936395759717315
2025-01-08,4.0,2.0,0,2.859578924307222,3.2225905826775114,3.769480796472055,3.773078914324277,3.9675137851119597,0.06282442700179952,0.17930406215918193,0.07185032556871292,0.049019607843137254
2025-01-09,4.0,4.0,0,3.6309741072507196,4.000817011865888,4.006204786852313,3.9677995507331714,4.246125079740896,0.08288047191072188,0.11763102917619253,0.062490014757819005,0.049019607843137254
2025-01-10,4.0,3.0,0,3.58926067105449,2.6101021339714494,4.02810644183303,4.0721605261323335,4.303772917917127,0.08742287853566254,0.10558390412135417,0.06036672452769015,0.049019607843137254
2025-01-11,4.0,6.0,0,2.8668042035417325,3.037386621255545,4.173658339641132,4.181906590400643,4.531629308034359,0.10665439701455154,0.15522909825419737,0.0684317663234015,0.049019607843137254
2025-01-12,4.0,7.0,0,2.9039935973203224,2.639863303302352,4.281698061470711,4.202300591679628,4.607276972660674,0.11347735191835742,0.1359102418965536,0.06548945347175976,0.049019607843137254
2025-01-13,4.0,4.0,0,3.4982454660424867,2.4761086319139176,4.299870771182711,4.234941004416672,4.703041905300349,0.12241614904214819,0.13905699075331318,0.06598306489698139,0.049019607843137254
2025-01-14,4.0,6.0,0,2.766983571999673,2.2017668204543117,3.375350480079108,3.485360819224744,3.417754839811319,0.03256936782342733,0.13550599171754527,0.06542559841907404,0.049019607843137254
2025-01-16,4.0,3.0,0,3.284535682080367,2.2474314435177463,3.6485139170743714,3.666434652845408,3.902660351819578,0.058612635975036936,0.1233550512658513,0.06345544589515968,0.049019607843137254
2025-01-17,4.0,5.0,0,3.2036297180383255,3.4986034869985336,4.161480533662433,4.11430492532373,4.404700352062465,0.09569264160872597,0.1287689179477728,0.06434582360497736,0.049019607843137254
2025-01-18,4.0,4.0,0,3.8748169979955494,4.161938579626212,4.245350288506289,4.174853181189638,4.601790181456776,0.11297533174176921,0.19976506070128483,0.07458977106403815,0.049019607843137254
2025-01-19,4.0,5.0,0,3.311094932565544,3.894920473982237,3.6517346283333563,3.7209400247052287,3.7365914826457973,0.04861744868555242,0.18534353307222118,0.07267292486401143,0.049019607843137254
2025-01-20,4.0,6.0,0,3.7974719537121575,3.4073851389013448,3.866057513011127,3.866266869923376,3.9923480355225336,0.06448313200231416,0.14817731831446926,0.06738116518433553,0.049019607843137254
2025-01-21,4.0,4.0,0,4.093028260558946,4.587008809612027,3.6817462024085623,3.673181562806622,3.7942204048866164,0.051957448778650606,0.14008359763524353,0.06614280913115919,0.049019607843137254
2025-01-22,4.0,3.0,0,3.4393240353221444,3.1496431534054867,3.289246911362432,3.361213580261852,3.355010882213001,0.02988449014315192,0.12388398606428903,0.06354337914046629,0.049019607843137254
2025-01-23,4.0,1.0,0,3.352906221972467,3.080670489005384,3.0610308581252914,3.155825569952041,3.080228117274462,0.019856798782311245,0.11711628657606095,0.06240191063386183,0.049019607843137254
2025-01-24,4.0,2.0,0,3.099059162662194,2.5117511992274903,3.943179197796231,3.959273650638088,4.272854870900753,0.08497015888954747,0.1677912655916639,0.07024539311189983,0.049019607843137254
2025-01-25,4.0,9.0,1,4.374239250650403,5.904803165623188,4.153713881475815,4.1414976199651194,4.459904607063779,0.10038423674739953,0.2000275207685312,0.074624084964694,0.049019607843137254
2025-01-26,4.0,3.0,0,3.770129504659147,4.0831814035370275,3.805516975522519,3.766708523615139,4.031203305006295,0.067129230921354,0.17693751579036793,0.07152449892619199,0.049019607843137254
2025-01-27,4.0,3.0,0,3.669368188215544,3.3594642196349227,4.139494847175891,4.1756139193950945,4.439953192558734,0.09867505290326861,0.10484210304590227,0.060231500831413765,0.049019607843137254
2025-01-28,4.0,5.0,0,3.627880816952201,4.801405912960404,3.9855361123666264,4.003761298390507,4.2868363366516355,0.08607458548430628,0.18669641970461334,0.07285550347340776,0.049019607843137254
2025-01-29,4.0,3.0,0,4.217031429464934,5.877849057884916,3.656446213341295,3.653318342765414,3.815111628937648,0.05320193000462486,0.23475187641266776,0.07901434042928661,0.07894736842105263
2025-01-30,4.0,4.0,0,3.291433324713132,3.019160068356116,3.338326540655983,3.371622702343888,3.4876430974016195,0.035740037194705046,0.11291687085022067,0.061674752194518415,0.049019607843137254
2025-01-31,4.0,2.0,0,3.8913725537414225,4.520986363512171,3.6889814577221673,3.6708732988255934,3.95758388618268,0.06216830801350475,0.1922013363265855,0.07359235545537908,0.049019607843137254
2025-02-01,4.0,5.0,0,4.436211093366824,4.138113017989192,4.116267339752857,4.092865976403128,4.4394454425769005,0.098631755495101,0.11714251636847361,0.06240640546628719,0.049019607843137254
2025-02-02,4.0,5.0,0,4.710029002465275,5.262365405422408,3.5728061959326873,3.6702055927091037,3.6351649168840274,0.04306881919304797,0.16411522987614444,0.06972184567289874,0.049019607843137254
2025-02-03,4.0,5.0,0,2.880123956068322,2.801961874817514,3.7671971866242266,3.7857660451829642,4.015067329002621,0.066022810794496,0.16897250942171227,0.07041243955001882,0.049019607843137254
2025-02-04,4.0,3.0,0,2.825325049990424,2.6349630902519054,3.179802492377635,3.312046915737584,3.163933720375301,0.02262171054540148,0.21841903889617853,0.07698377505860644,0.07894736842105263
2025-02-05,4.0,5.0,0,2.8978172793639874,2.8417194851155108,2.9935527585161474,3.117457656931867,2.958424884971422,0.016262517334145857,0.19426370970363077,0.07386599028290884,0.049019607843137254
2025-02-08,4.0,8.0,1,2.729258019576301,3.562228426271209,4.840874377243876,4.715850344136109,5.671532169570248,0.22884841716376683,0.1332987017779627,0.06507510927184162,0.049019607843137254
2025-02-09,4.0,9.0,1,3.3045930084184287,3.4924532733989584,5.173189812731978,5.132254231089252,6.050425968562986,0.276280997455936,0.16755900850668404,0.07021248128173875,0.049019607843137254
2025-02-10,4.0,1.0,0,3.7139004079915217,5.1957214115712835,4.731144486989659,4.6454676219476045,5.225794188069896,0.17663241474344188,0.09053058096563855,0.05750313700816712,0.045936395759717315
2025-02-11,4.0,4.0,0,3.710187735969042,4.6137851846796645,4.266951547354677,4.253090330592423,4.600786880831623,0.11288365360760555,0.12088234112256431,0.06304154735498395,0.049019607843137254
2025-02-12,4.0,2.0,0,4.503307551762803,6.49949205519916,3.6702027369298773,3.735384875127138,3.8307741393648542,0.05414671696382719,0.11313133437918699,0.061712258757057346,0.049019607843137254
2025-02-13,4.0,5.0,0,4.155199243585399,5.026062434247938,3.7575760597017727,3.7674464278805475,3.984763584378205,0.06397386523311333,0.12882592251867694,0.06435508764950022,0.049019607843137254
2025-02-14,4.0,6.0,0,3.881164410998821,4.835855602324643,3.9050136150387402,3.907419811493842,4.114549333834394,0.0730141886260614,0.18061349030048102,0.07202974664177973,0.049019607843137254
2025-02-15,4.0,6.0,0,3.317510657451082,4.6187744902014005,4.008316450065435,3.865023031548261,4.380198202610234,0.09364821498739458,0.15143777956640053,0.06787003688471122,0.049019607843137254
2025-02-16,4.0,6.0,0,3.5499269169592687,4.272869035989546,4.073526525748301,4.004508828574636,4.421883224281795,0.09714030479502982,0.16230024354352451,0.06946122985352346,0.049019607843137254
2025-02-17,4.0,2.0,0,3.7766271034773924,4.4960958723419004,3.873531261544258,3.8372790750858066,4.1703448649564745,0.07711237759666559,0.09615663497103315,0.058604404114374196,0.045936395759717315
2025-02-18,4.0,4.0,0,1.989134818670964,3.0527186989989343,3.6547096063203064,3.6811112852457217,3.8906444914255007,0.05785132656368075,0.15303203616205135,0.06810710929165108,0.049019607843137254
2025-02-19,4.0,3.0,0,2.8269618083763635,3.292520412429105,3.328922367340005,3.31570185457414,3.5414740601269807,0.03831349656412499,0.1711670632859612,0.07072129361025578,0.049019607843137254
2025-02-20,4.0,3.0,0,3.0469746827978006,2.2547349121303752,3.1580379008883313,3.246094448511365,3.2228607047211617,0.024717892075781144,0.05802998009767196,0.05011498151783428,0.045936395759717315
2025-02-21,4.0,2.0,0,3.9952854245482743,4.979314970868614,3.3332063087408983,3.3983615246356913,3.4667411682672933,0.03477169209769864,0.08978341667246895,0.057353807290578006,0.045936395759717315
2025-02-22,4.0,4.0,0,3.4151063728207567,4.233500634794218,3.1877032840983532,3.245825801457609,3.1615532092285985,0.0225396585822695,0.10763307668514585,0.060737413562432924,0.049019607843137254
2025-02-24,4.0,3.0,0,2.655096427081756,3.6058573756477603,3.9308754407602304,3.899287878946661,4.232686359694667,0.08184068199635502,0.1516009930754726,0.06789436593485465,0.049019607843137254
2025-02-25,4.0,5.0,0,4.365379216753477,5.224157495225646,4.1761991127242535,4.109397144270995,4.64253752868659,0.11672991362354318,0.11563183177398026,0.062146591263187764,0.049019607843137254
2025-02-26,4.0,4.0,0,4.26967222967973,7.191816232012173,3.7498355234762104,3.752242237307536,3.8951594828103087,0.05813669244344335,0.1617981086622591,0.06938887373108069,0.049019607843137254
2025-02-27,4.0,11.0,1,2.7967571737534365,3.5359790601988323,3.0871694612846237,3.1537731239403546,3.0892476001773943,0.020142945540792708,0.16329363435147948,0.06960404898096872,0.049019607843137254
2025-02-28,4.0,5.0,0,3.507606331437648,3.595202381370323,3.095891219510623,3.110882959221935,3.175984362696128,0.023040187960581417,0.15416782755598332,0.06827523756476275,0.049019607843137254
2025-03-01,4.0,1.0,0,2.909974653059584,2.645849656282763,3.0747491095692947,3.066911601655483,3.1692781905635865,0.022806663335279316,0.015537862261557503,0.033749214131721085,0.03296703296703297
2025-03-02,4.0,6.0,0,2.986538452300754,3.240509518316203,3.015599364597663,3.0819923657044055,3.0898024956051233,0.020160641715966314,0.05538836528656588,0.04940766341416649,0.045936395759717315
2025-03-03,4.0,5.0,0,3.8506923991126305,3.524252721315494,2.761115632656518,2.837619231803371,2.806270907814964,0.012445080371764726,0.04877732186106714,0.047534970893719386,0.045936395759717315
2025-03-04,4.0,4.0,0,3.4076725256131803,3.506835227077448,2.9584934648093,3.0508874597778886,2.980363087109001,0.016873429578171163,0.12986327036834466,0.06452327994831546,0.049019607843137254
2025-03-05,4.0,6.0,0,3.8912412071403173,2.8967175812168025,2.8114209715570024,2.8862355875609946,2.8510737341624606,0.013494864281658676,0.1167634192959197,0.062341386413695674,0.049019607843137254
2025-03-06,4.0,5.0,0,3.9611282335145765,3.916184534392288,4.013073637437206,3.9122435433844434,4.349897932314405,0.09115250796524431,0.1596945934219978,0.06908454428252857,0.049019607843137254
2025-03-07,4.0,2.0,0,4.581893561257872,6.105912994436581,3.795632896524199,3.856668455390415,3.7201099718829758,0.0476872603456283,0.1472063714806745,0.06723450917580412,0.049019607843137254
2025-03-08,4.0,2.0,0,3.581887584655868,4.587032042515564,4.13768916011061,4.046426086949536,4.404982057530749,0.09571628286136415,0.38294128885034623,0.09600545955012638,0.17543859649122806
2025-03-09,4.0,6.0,0,3.452456044367304,3.710654153940263,4.183945233895001,4.106222031755147,4.4646182696232,0.10079027899340146,0.1757907727192508,0.07136588012766311,0.049019607843137254
2025-03-10,4.0,9.0,1,3.6251999361835363,4.572177958717672,4.722269921082769,4.465120792110868,5.344862996310195,0.1901147886061846,0.3113355847249798,0.08799490212481807,0.17543859649122806
2025-03-11,4.0,4.0,0,2.743468209307156,3.182489988270663,3.4705422676016218,3.5015059868447778,3.48009553510552,0.03538838829833157,0.17091031601031792,0.07068525868272464,0.049019607843137254
2025-03-12,4.0,7.0,0,1.859149261518602,2.150859685857967,2.618260158726469,2.775201818397002,2.3860304950276254,0.005247196349693232,0.17626385220862095,0.07143137586700947,0.049019607843137254
2025-03-13,4.0,4.0,0,3.650578681277778,4.514823827657471,3.8155865585121846,3.77951325507011,3.9746415659834398,0.06329790012775448,0.3387463923061955,0.09108079875395805,0.17543859649122806
2025-03-14,4.0,4.0,0,2.6869635145436415,3.0877050172961464,3.2869053251789953,3.3490563706100165,3.2926593266972435,0.02736531675294201,0.10847773878680834,0.06088901480092503,0.049019607843137254
2025-03-15,4.0,1.0,0,2.6793217124467525,3.001572101547205,3.0556651884722426,3.1152868023826312,3.0512233268881137,0.01895557400195977,0.10004643163436526,0.05934341957789043,0.049019607843137254
2025-03-17,4.0,4.0,0,3.4863370815700545,3.584653098068936,3.988784298797664,3.928739845711591,4.232289844318301,0.08181011277947879,0.21459872942096442,0.07650048736335777,0.07894736842105263
2025-03-18,4.0,6.0,0,2.717333345527082,2.576985512895604,3.6514865794402893,3.669861217748037,3.703594475148715,0.046766293978575055,0.17138839643846956,0.07075233729535813,0.049019607843137254
2025-03-19,4.0,6.0,0,2.9391550132974644,3.226060378630733,3.8151377532031234,3.784669781179783,3.9461966630557703,0.061420897388047756,0.18277548701947158,0.07232467670351929,0.049019607843137254
2025-03-20,4.0,5.0,0,3.9802465291774007,4.574770018716869,4.250890032309062,4.091960215299433,4.656258594245575,0.11800784962899143,0.23758914812800197,0.07936168870576886,0.08333333333333333
2025-03-21,4.0,4.0,0,4.11572060549194,5.199885262152572,4.573361674321369,4.4019777940722395,4.945892463554596,0.14652014700944974,0.27751952208837605,0.08411478012685193,0.17543859649122806
2025-03-22,4.0,1.0,0,3.809269217372482,3.8877930370758795,3.9635889454497657,3.918542349711269,4.199660904076838,0.07931630101691665,0.16675545179350743,0.07009844232890812,0.049019607843137254
2025-03-23,4.0,11.0,1,4.150803870142057,4.5572074612810285,4.359322856654562,4.535441379600416,4.6749735840530855,0.11976188814064441,0.13059105794758066,0.06464084225896854,0.049019607843137254
2025-03-24,4.0,16.0,1,3.813196001482531,2.7984446609735967,3.2399859914909266,3.3379296090881363,3.306819645044968,0.02792454529617995,0.10592256668149785,0.06042827508592906,0.049019607843137254
2025-03-25,4.0,8.0,1,3.2348681372821386,3.922941920134404,3.4533279516546407,3.4493441036271677,3.6712420733105673,0.04499445219853576,0.20747547172330097,0.07559001482094839,0.07894736842105263
2025-03-26,4.0,5.0,0,2.3926371192255282,2.997211207932069,3.2770656230488386,3.2885259325380733,3.4028783611363322,0.0319190526184198,0.21925083697615314,0.07708855799681875,0.07894736842105263
2025-03-29,4.0,7.0,0,2.5484417545264253,2.897551027456438,3.6753811078995273,3.692880403555122,3.696990735778881,0.046401161638971185,0.1555587339770537,0.06848027435076978,0.049019607843137254
2025-03-30,4.0,5.0,0,3.6180447090735197,3.962137269357174,3.835830594678226,3.7945007482740576,3.876564197470575,0.056966791701403695,0.11421125266642793,0.06190050490014874,0.049019607843137254
2025-03-31,4.0,2.0,0,2.774169861510447,3.3446871490822763,3.95910651016538,3.872872852125578,4.1820348668691905,0.07798703761829123,0.10537068243948192,0.060327913164051124,0.049019607843137254
2025-04-01,4.0,3.0,0,2.889355083435784,3.1195569472764335,3.6718935301565496,3.6333286470334545,3.8376388265959744,0.05456398879948841,0.05382291024104095,0.04897806508596305,0.045936395759717315
2025-04-02,4.0,2.0,0,2.8351206127954725,2.8484641577410663,3.009791042621823,3.103191506441304,2.885207687865142,0.014335668885472663,0.1151855663276306,0.062069471535471044,0.049019607843137254
2025-04-03,4.0,3.0,0,2.6000885977950503,2.561913579214372,3.0623459300414018,3.1363771980260244,3.0191421615839995,0.01799209019390905,0.1394951064229562,0.06605131402026623,0.049019607843137254
2025-04-04,4.0,2.0,0,2.8245055475122736,2.8706865439862073,3.326959574324166,3.424264463764086,3.4018254309043625,0.03187334934512181,0.06407135279031521,0.05165766356615989,0.045936395759717315
2025-04-05,4.0,5.0,0,2.7454899274297584,3.555296292949131,3.6922489044748423,3.659197806744895,3.9017849613658067,0.05855697132226865,0.1638322509852415,0.06968130628306557,0.049019607843137254
2025-04-06,4.0,3.0,0,2.6046021759352667,2.5529772983675074,3.32180773841849,3.320541764806388,3.4204051497111387,0.032686125448065234,0.17397794406124223,0.0711141277084028,0.049019607843137254
2025-04-07,4.0,3.0,0,2.9695847049933666,3.4637287531031933,3.206432978625777,3.2230435627194782,3.2884220567110223,0.027199437690700726,0.1962338588449122,0.0741262013528822,0.049019607843137254
2025-04-08,4.0,4.0,0,2.554364191951501,2.564574693051634,3.365114358889179,3.3629066144694306,3.5156539331786,0.03706477764832266,0.13699849535552647,0.06566084730315322,0.049019607843137254
2025-04-09,4.0,3.0,0,2.6607413629158514,2.9639012308397,3.122882003975898,3.1941279033902634,3.0786440042450174,0.019806832196719967,0.1777338392203066,0.07163436324392788,0.049019607843137254
2025-04-10,4.0,3.0,0,2.9204962328686617,3.514772712696043,3.028621315053048,3.13122153082931,2.8942204936380356,0.014563702072863772,0.08289433969991938,0.055939769189957605,0.045936395759717315
2025-04-11,4.0,3.0,0,3.0286306797970908,2.9286672335727393,3.019671852259096,3.09622938414537,3.0154774132470528,0.017884232722529605,0.036475311413126835,0.04354237712678352,0.045936395759717315
2025-04-12,4.0,4.0,0,2.796970512715086,3.0947413954957232,3.2570799301100735,3.258999614077699,3.28609478555244,0.027108616422241348,0.10284214600876344,0.05986410968680006,0.049019607843137254
2025-04-13,4.0,6.0,0,3.5060579481855414,3.3663829346226897,3.148766881414673,3.1653089244885497,3.2495507791640907,0.0257089487150139,0.09591099566166111,0.058557142094114195,0.045936395759717315
2025-04-14,4.0,1.0,0,2.8059682814270643,3.1060109928055186,3.115362243500033,3.1439487648405646,3.149745530538579,0.02213565763561251,0.024951460682058235,0.03886195180357463,0.03296703296703297
2025-04-15,4.0,2.0,0,3.1030323349620317,3.2840532554341126,3.1630949215663207,3.1829519051691713,3.2865208904830086,0.02712522992923695,0.01360277311846773,0.032441286496312643,0.03296703296703297
2025-04-16,4.0,2.0,0,3.19810645971635,3.261397497914377,3.0783753140176655,3.0889305992006584,3.1884984356188606,0.023480281702748587,0.018901845405417284,0.03577505625733529,0.03296703296703297
2025-04-17,4.0,7.0,0,3.16803958534155,3.5122658439728998,3.406522381928279,3.431849537100311,3.430138385508006,0.03311726018927953,0.03765214096726485,0.04396022015305487,0.045936395759717315
2025-04-18,4.0,3.0,0,2.511200623606214,2.6333047196825956,3.0815995044991364,3.1339209577148996,3.03216136311874,0.018378903619705792,0.02363977108644566,0.03824065880931254,0.03296703296703297
2025-04-19,4.0,1.0,0,3.0722916479604776,2.9104582773967653,2.960458574430949,2.9842354304783107,3.0618688008754114,0.019282999305531737,0.029766281349416956,0.04096678797748848,0.045936395759717315
2025-04-20,4.0,3.0,0,3.0501860525334625,2.1640247364057723,2.8249756707602605,2.8524664598068536,2.9301885860854084,0.01549919233189928,0.01909811532476178,0.035885232909556176,0.03296703296703297
2025-04-21,4.0,3.0,0,2.640242322137953,3.3550517186526942,2.6444548732629136,2.7610205822335177,2.56499803917863,0.007769793960918451,0.02862131923554047,0.04048870650827979,0.045936395759717315
2025-04-22,4.0,6.0,0,3.02074928443725,3.715537553153168,3.4759647130628992,3.479360461015512,3.5505908431878344,0.038760751631345854,0.022318669855747215,0.03759039971827856,0.03296703296703297
2025-04-23,4.0,3.0,0,3.211586952230322,3.4853549353554314,3.2400669013818684,3.251044121875982,3.2830087157484673,0.026988495470724762,0.03887235193565283,0.04438427455008165,0.045936395759717315
2025-04-24,4.0,4.0,0,2.555157887042307,1.8605570296041718,3.6837386047835285,3.735275576772941,3.54137075786736,0.03830844772759127,0.10459154510874581,0.06018569994628462,0.049019607843137254
2025-04-25,4.0,7.0,0,3.399004378792252,4.147817873375428,3.793725576090948,3.8026913781575704,3.924935723880994,0.0600397216890302,0.11009704491532135,0.06117774861105338,0.049019607843137254
2025-04-26,4.0,3.0,0,2.699822569293613,2.9046564735097142,3.3665534524983065,3.3905441419888827,3.4049165703049016,0.03200764460159091,0.07304139995327107,0.05378496641938691,0.045936395759717315
2025-04-27,4.0,3.0,0,3.017575190090333,2.939180688356291,3.3383198743687164,3.343191407873219,3.4389298009720153,0.03350984894038612,0.06394523328892848,0.05162643857552611,0.045936395759717315
2025-04-28,4.0,2.0,0,2.642532358924361,2.753615386659985,3.111651700580486,3.0840695937266522,3.1852431526019642,0.023365257191220776,0.022190647127086943,0.03752598678778982,0.03296703296703297
2025-04-29,4.0,2.0,0,2.810098182759416,3.0876995586274067,3.134346452354482,3.1546634454355464,3.186969045415275,0.023426193505038537,0.009628108777834184,0.029277278328954534,0.020940783649159505
2025-04-30,4.0,7.0,0,3.6575079657640233,4.049634796905247,3.5721225946482917,3.5754777931392923,3.6405221728066315,0.04335142674615536,0.09558025330275834,0.05849339137125022,0.045936395759717315
2025-05-01,4.0,3.0,0,2.647267789284951,2.98744492009163,3.3565468156716203,3.4046507558765615,3.3057764103169545,0.027883088080594743,0.13844174634321313,0.06588702902670063,0.049019607843137254
2025-05-02,4.0,1.0,0,3.328680920064191,3.4745842695653453,3.003209169028755,2.9841871594480933,3.1712339371157596,0.02287460035420001,0.028530862676597324,0.04045038273299403,0.045936395759717315
2025-05-03,4.0,3.0,0,2.8757908206735654,3.1491319723815585,2.9005325303715668,2.9380870424092325,2.932200726219293,0.015552739408822264,0.05152451933467759,0.04833224898388407,0.045936395759717315
2025-05-04,4.0,4.0,0,2.619829636909873,3.1321880071016093,3.281896342883817,3.267118291831602,3.31629260790048,0.028302868759895586,0.045901437847115166,0.0466678904059749,0.045936395759717315
2025-05-05,4.0,4.0,0,2.92802928883981,3.499503874572267,3.197468648523287,3.1856740389576053,3.3157812937409754,0.0282823619134898,0.054255065605046185,0.04909746604653615,0.045936395759717315
2025-05-06,4.0,4.0,0,3.3668023297227463,3.7031291121357577,3.5545689646756324,3.5499380684156083,3.6329049528771153,0.04294994950107532,0.03172696683030997,0.04175712326066223,0.045936395759717315
2025-05-07,4.0,3.0,0,3.520683519457356,3.4500441945263165,3.3585606607925422,3.388552182117086,3.3026568959444527,0.027759365611876207,0.039664397348853034,0.04465475920502951,0.045936395759717315
2025-05-08,4.0,7.0,0,3.105087701481098,2.553736230341756,3.862507016201309,3.8084872594132597,3.9415829741779316,0.061119595030894314,0.03560756280534914,0.043228409516845014,0.045936395759717315
2025-05-09,4.0,6.0,0,3.099045994769009,2.733124471584854,3.4213913169753436,3.4692429671269,3.3588644210196583,0.030045026987665924,0.01144068261813323,0.030815622355007424,0.03296703296703297
2025-05-10,4.0,4.0,0,2.958542939869053,2.6220327161140227,3.4633529267977132,3.407696172661299,3.5648472693142934,0.03946680960885708,0.10539789305813514,0.06033286869028821,0.049019607843137254
2025-05-11,4.0,5.0,0,2.223692854824131,2.1693647502970372,3.014282644544135,3.0336568734899396,3.103640285382734,0.020605399735151266,0.023291525125921125,0.03807173332932626,0.03296703296703297
2025-05-12,4.0,5.0,0,2.923521206538687,3.336988559923249,2.9890608118356563,3.003036161981539,3.1112667063019397,0.0208533698239782,0.023716938855169636,0.03827785845750498,0.03296703296703297
2025-05-13,4.0,3.0,0,2.3188586063799623,2.798286869706778,2.90432559867115,2.8976102292187322,3.0591068080359274,0.019197676460088676,0.020312909256022152,0.03655025210552281,0.03296703296703297
2025-05-14,4.0,3.0,0,2.6854048503050865,3.2264535526018143,3.0042604927397623,3.0738149636841796,2.9755318463059006,0.016737543273440715,0.011236961751108792,0.030651661476693643,0.03296703296703297
2025-05-15,4.0,2.0,0,1.2834229181144072,1.7469672474326299,2.814812815547825,2.8037825505688105,2.995942850809415,0.01731686739525317,0.024236211574842,0.03852603600150685,0.03296703296703297
2025-05-16,4.0,1.0,0,2.4806281424737304,2.756805175055739,3.5591353314615852,3.5592944067712287,3.550267981193657,0.03874485582980717,0.0779204985262846,0.05487323870120812,0.045936395759717315
2025-05-17,4.0,4.0,0,5.022431014110755,4.864236222119944,4.4730577553654225,4.485531957147645,4.479124120177512,0.10204517842371201,0.2517941252952503,0.08107959453708476,0.17543859649122806
2025-05-18,4.0,3.0,0,2.9483112034038874,3.5103427353020518,3.4057138749994733,3.410538528604131,3.463847342416786,0.034638981545546864,0.04574881373889033,0.04662087950521001,0.045936395759717315
2025-05-19,4.0,5.0,0,2.535317020926651,2.8104608465021697,3.3437529425651316,3.3394495695669852,3.455731151462691,0.034268527653943365,0.11468555648864917,0.061982861569008965,0.049019607843137254
2025-05-20,4.0,1.0,0,3.073502192400151,3.1577359688070232,3.0743283733381617,3.0815067757311714,3.144203094179747,0.021947733471797095,0.04933056336809043,0.04769786673103738,0.045936395759717315
2025-05-21,4.0,5.0,0,2.7149817559592626,3.1712680416133026,3.440223657233258,3.478892806579129,3.5130640795711088,0.036940989287138376,0.02333987883293223,0.03809529217506275,0.03296703296703297
2025-05-22,4.0,2.0,0,3.1831675302416484,3.2029900017967887,2.8704333136026476,2.90867032311139,2.9320843109599055,0.015549637836137001,0.08525533296913734,0.05643221581989458,0.045936395759717315
2025-05-23,4.0,2.0,0,2.772635192091182,2.6440747752850062,2.525110640675154,2.6112742497458363,2.521015926550022,0.007081197531713811,0.07402482984429758,0.05400790596409214,0.045936395759717315
2025-05-24,4.0,1.0,0,2.934100999308787,2.550661145975872,2.944925018183554,2.9396046661356374,3.177389083591162,0.02308930818037312,0.02815281802979211,0.04028931050714529,0.045936395759717315
2025-05-25,4.0,2.0,0,2.58068715347609,2.8016525512749775,4.104443836431662,4.020184987501127,4.345988714868797,0.09083315097009634,0.04996993669901064,0.047884628403873385,0.045936395759717315
2025-05-26,4.0,5.0,0,3.0417711489899637,3.5435337575748784,3.791440291746326,3.7887278139892167,3.777505270142236,0.05097465551940508,0.053640336708815184,0.048927433037885576,0.045936395759717315
2025-05-27,4.0,7.0,0,3.0464570521201675,2.6004076332781327,3.231952118315427,3.2776143612638675,3.2276238626755216,0.024892840440501034,0.053286215016940364,0.04882890397287234,0.045936395759717315
2025-05-28,4.0,3.0,0,3.128650762783818,3.3812617868544024,3.2772926500922632,3.284133481952281,3.3736790488185986,0.030667490266134457,0.060821329552103995,0.05084003618921097,0.045936395759717315
2025-05-29,4.0,4.0,0,2.5885107820704394,3.1676477092590667,3.7471100998567173,3.6513004778615175,4.142292492691217,0.07503609161321541,0.15665762294390728,0.06864160852127929,0.049019607843137254
2025-05-30,4.0,3.0,0,3.352411320498436,3.3791503471561555,3.7734931484190555,3.717406643529289,3.9843132079065953,0.06394369866885724,0.06901345482419734,0.05285153033980531,0.045936395759717315
2025-05-31,4.0,5.0,0,2.6562538144143555,3.7307220774923673,3.195529324362717,3.18371327361371,3.255359152632034,0.02592810219797585,0.02431666225066796,0.038564157397695475,0.03296703296703297
2025-06-01,4.0,4.0,0,2.8985361533457996,3.4223765260023113,2.8380215336939347,2.8704242467913614,2.8546660114903157,0.013581664624045248,0.058420545390069994,0.0502177711334304,0.045936395759717315
2025-06-02,4.0,2.0,0,1.4249668543897158,1.8097411811483353,2.8317929649472036,2.8524661842297396,2.9520616691098214,0.016088252488752976,0.036597934431996826,0.04358633617010357,0.045936395759717315
2025-06-03,4.0,4.0,0,2.5017349369155792,2.1551657199275143,2.758304789456122,2.8381175761872544,2.757322420007843,0.011366119743052402,0.04060284692232491,0.044970587412646486,0.045936395759717315
2025-06-04,4.0,4.0,0,3.3366905991270506,3.4133614728115758,3.1206897258181514,3.1983563498128444,3.1827054536268546,0.023275853403239607,0.033953477081768366,0.04261528867302783,0.045936395759717315
2025-06-05,4.0,2.0,0,3.119320273881422,3.8658109477278604,3.159725241976352,3.1687665983568953,3.3823831117837124,0.03103713422917973,0.03369205888180814,0.042516548224413336,0.045936395759717315
2025-06-06,4.0,4.0,0,3.2628839710272204,3.585944948999318,3.3198277419361664,3.2968845399614266,3.4994681201580105,0.03629550012172136,0.11145842538752998,0.061418599737018256,0.049019607843137254
2025-06-07,4.0,2.0,0,3.0600041388532664,3.092629770534414,3.0821717755639804,3.143207998000308,3.044925656791018,0.018763691994649362,0.029560157846492293,0.04088165965404734,0.045936395759717315
2025-06-08,4.0,7.0,0,3.1337138520845333,3.3333229479699678,3.0225320986913364,3.050929698350744,3.1448267351504646,0.021968824451667472,0.015164138290388542,0.033505856966974945,0.03296703296703297
2025-06-09,4.0,7.0,0,3.580071855518923,4.125027817092567,2.7477278189094507,2.784472273858763,2.927929583273387,0.015439229937258696,0.06794644286223281,0.052598503683705666,0.045936395759717315
2025-06-10,4.0,4.0,0,2.945878014133726,2.680841304680706,2.646153263701866,2.6275497128216334,2.8494111850906334,0.013454825349842355,0.06461206077275601,0.05179108861540044,0.045936395759717315
2025-06-11,4.0,4.0,0,4.566626069985495,3.855175671575897,4.377446118182863,4.2986350601828605,4.529971318596179,0.10650725296001007,0.2921347873543747,0.08580435981063894,0.17543859649122806
2025-06-12,4.0,4.0,0,3.1790448331316954,3.585989005242122,3.8216881382601873,3.817522946071876,3.7380864266032083,0.04870237068596628,0.0797128127269296,0.0552622983400161,0.045936395759717315
2025-06-13,4.0,4.0,0,3.2375895122451044,4.163898796199091,3.2820752689941624,3.3416776275464595,3.3183713380802153,0.028386340278607026,0.03584509626534307,0.04331486287857921,0.045936395759717315
2025-06-14,4.0,16.0,1,7.647910355369002,5.8796072603938665,5.491046889306143,5.3014733636038365,5.501923021960275,0.20844138239439441,0.5104514616326852,0.11053754190838364,0.17543859649122806
2025-06-15,4.0,15.0,1,8.572315611217581,10.784775197727965,5.007081201380811,5.074549879344666,4.63576958367832,0.11610208945113919,0.4095841658411512,0.09897377010290996,0.17543859649122806
2025-06-16,4.0,5.0,0,3.07398625425767,2.7717503656837095,3.776302052509572,3.7366126508267272,3.8041870284474766,0.052548917262518646,0.14518135433825258,0.06692701280332787,0.049019607843137254
2025-06-17,4.0,4.0,0,3.6059850869157866,5.6661805588508605,3.539752376532769,3.5354939973130395,3.619806951712405,0.042265089899904434,0.0787886096351973,0.05506236777443707,0.045936395759717315
2025-06-18,4.0,3.0,0,2.857419751984916,2.956657917742812,3.4174358918423784,3.376598294702247,3.4785712139292473,0.03531764116794212,0.06310746716783058,0.05141801211146446,0.045936395759717315
2025-06-19,4.0,7.0,0,2.687858514534368,2.5788476602528414,3.187220921378957,3.1970703371454547,3.175339074074529,0.02301764730380066,0.0591669214834324,0.050412970930131355,0.045936395759717315
2025-06-20,4.0,4.0,0,2.3011906340464576,2.7577601501375875,3.232981631848792,3.18994679903936,3.4121814175931093,0.03232472429517622,0.07561777923707413,0.054365107950972304,0.045936395759717315
2025-06-21,4.0,3.0,0,3.184511164920748,3.3046740385940447,3.8279107706620232,3.799189471157288,3.8977693916215426,0.058302032667142636,0.07792119192437726,0.054873390289071115,0.045936395759717315
2025-06-22,4.0,3.0,0,2.8148473332721946,2.892538367580081,3.74048021747371,3.7584788990371134,3.612010046806272,0.0418607029252648,0.18614347481476848,0.07278095361466193,0.049019607843137254
2025-06-23,4.0,4.0,0,2.914010289555964,2.2235778870208462,3.500505112469178,3.4616516864119466,3.508081899296829,0.03670360219901754,0.10506713736520831,0.06027258153337296,0.049019607843137254
2025-06-24,4.0,1.0,0,2.591298762034627,3.1147134230805555,3.0317595244888293,2.9697757792289985,3.1602776252192104,0.0224957747974681,0.15603662791452325,0.06855050723365956,0.049019607843137254
2025-06-25,4.0,5.0,0,3.4901690117702295,4.045178128940444,3.5553870628641246,3.530523491326016,3.700644044885273,0.046602939585297855,0.18091405119622428,0.07207084501575865,0.049019607843137254
2025-06-26,4.0,3.0,0,2.827857185509775,3.036673838406769,3.195229039423563,3.220586516772625,3.3652413184695855,0.030311933252329733,0.1214492926056073,0.06313686321881648,0.049019607843137254
2025-06-27,4.0,4.0,0,3.177512047104813,3.397114817609528,2.9691968183286903,3.0333344837936087,2.9614942685283308,0.016347046025099524,0.08946192408053755,0.05728932119680877,0.045936395759717315
2025-06-28,4.0,3.0,0,3.233555686942357,4.196263070877214,3.133128237223046,3.090671284114747,3.2302432477973486,0.024989403305622288,0.11988879626841781,0.06287390518112962,0.049019607843137254
2025-06-29,4.0,6.0,0,3.802617411837307,3.655041724095256,3.5786642768100476,3.4967316987493744,3.7234570507809583,0.04787526455776591,0.09480262072050882,0.058342980100448576,0.045936395759717315
2025-06-30,4.0,2.0,0,3.393982400458628,2.666080227805588,3.182769445941035,3.2079555436549434,3.2496061977453503,0.02571103380121153,0.1286237588843931,0.06432222303778505,0.049019607843137254
2025-07-01,4.0,4.0,0,2.487274988854677,2.437486936390745,2.9239532936899892,2.948686800553011,3.051301321754467,0.018957958859582246,0.16210104418290855,0.06943253911373135,0.049019607843137254
2025-07-02,4.0,6.0,0,3.122692635675017,3.228956203121483,2.9904827893427868,3.0267792849294852,3.1625861446558523,0.02257523714484716,0.0983219561181351,0.059017938306317776,0.049019607843137254
2025-07-03,4.0,5.0,0,3.2761108059602377,3.504877699945236,2.9988028622776306,2.979275299773765,3.119132880620154,0.021111266762738837,0.1167949429262025,0.062346797603038226,0.049019607843137254
2025-07-04,4.0,7.0,0,3.3899258653418394,3.3714808542776167,2.988458672632472,3.026868610312531,3.1194866477588996,0.02112291619146835,0.058988640004169694,0.050366490677348066,0.045936395759717315
2025-07-05,4.0,3.0,0,2.98381951564162,4.024356162036153,4.062151489189184,4.027888666912677,4.018994045916093,0.06629107474048844,0.09113384423918239,0.05762316249996704,0.045936395759717315
2025-07-06,4.0,4.0,0,4.097485073791784,4.568807940352663,5.045957589823011,4.919818155963837,4.943566528912333,0.1462799625267939,0.05240352176734349,0.048581425670127715,0.045936395759717315
2025-07-07,4.0,3.0,0,3.4864865277957175,4.144794401383365,4.409333220649959,4.343264465287244,4.443807483852496,0.09900404460107591,0.06428513960361448,0.05171050353583833,0.045936395759717315
2025-07-08,4.0,2.0,0,2.787354120212815,2.307151510125133,3.53394335354342,3.4854415985020473,3.6505658802870604,0.043884390170905827,0.051673082786270495,0.04837455827123615,0.045936395759717315
2025-07-11,4.0,5.0,0,2.932818942927829,2.9661255836592377,3.798972887027653,3.7094801250013028,3.9819634615007797,0.0637864462878854,0.09501761961037829,0.05838463934002403,0.045936395759717315
2025-07-12,4.0,4.0,0,3.2301917492474055,2.9653307153748703,3.5392853021044983,3.447497365971378,3.7787102913547193,0.051045122787991636,0.07471090771053256,0.05416233697642321,0.045936395759717315
2025-07-13,4.0,4.0,0,3.5618891310478564,3.618540982873273,3.0937312365109535,3.1031142737067285,3.1497206316246227,0.022134810962372395,0.18269342582989836,0.07231351171702635,0.049019607843137254
2025-07-14,4.0,3.0,0,2.8222112602995018,2.7425710114256785,3.434969898454814,3.380010161711996,3.5609371095548754,0.03927234710385807,0.07534859882503056,0.05430508063707445,0.045936395759717315
2025-07-15,4.0,4.0,0,3.3201346397358225,3.2497292098762887,3.913981757821397,3.8760930071635684,3.9743661231551974,0.06327956457015439,0.061278825681614385,0.050956805827433206,0.045936395759717315
2025-07-16,4.0,3.0,0,2.971717456174051,3.571142360625009,3.542471659516622,3.4460910769842896,3.626796671870883,0.04262970031243318,0.16012995762908352,0.06914769434162636,0.049019607843137254
2025-07-17,4.0,2.0,0,2.731731344495643,3.4172964065823006,3.3640203929821695,3.2505266419099037,3.553152917479821,0.03888704061795364,0.11388514625250061,0.06184376734475973,0.049019607843137254
2025-07-20,4.0,1.0,0,3.745516255608043,4.2000248249083265,3.2571260621403275,3.2741208656809695,3.378846010030522,0.030886569416254315,0.028260168761758724,0.04033519879444602,0.045936395759717315
2025-07-21,4.0,4.0,0,3.0450835331380457,2.91905137560466,2.814562319100298,2.8775054935172806,2.820659070995585,0.012775641989520818,0.04404066700573785,0.04608748026243985,0.045936395759717315
2025-07-22,4.0,2.0,0,2.8338197100264098,2.441328742443364,3.2757037239364135,3.292729984966191,3.3705577088402587,0.030535642126253183,0.02078538337230458,0.03680145451104888,0.03296703296703297
2025-07-23,4.0,7.0,0,3.4929390380134584,4.258837692262685,2.802654610264009,2.874200767244452,2.8764719354018453,0.014117059952260197,0.025955067094360303,0.03932230460454643,0.045936395759717315
2025-07-24,4.0,9.0,1,2.6111803789844537,2.3269073421942683,3.5583984300269607,3.566717354721588,3.526918354800876,0.037606287714420206,0.07768463198385521,0.054821625661518,0.045936395759717315
2025-07-25,4.0,7.0,0,3.354448532896989,3.0805098383281173,4.056027746184932,4.038429051344331,3.9507196675640905,0.06171712911708047,0.06798692808798398,0.05260815011207596,0.045936395759717315
2025-07-26,4.0,4.0,0,3.317490824332221,4.42554322302477,3.724352419942852,3.7005165676066554,3.7797432758558065,0.051105577159529444,0.056833629972449715,0.0497973003777022,0.045936395759717315
2025-07-27,5.0,1.0,0,2.677415449076215,2.3123373994641763,4.114486966422515,4.022574439618829,4.058928790542514,0.06985734292899576,0.06316645412666841,0.05772571435062837,0.045454545454545456
2025-07-28,5.0,3.0,0,2.7513977071872193,2.764325357880438,4.846382487333004,4.708142321340666,4.794134361553022,0.13219659326157157,0.05351935651642447,0.05509132551522242,0.045454545454545456
2025-07-29,5.0,4.0,0,3.857279566372404,4.266879972109509,3.9416462258177702,3.8814970375993183,3.936557030699966,0.06154681808601208,0.06688173567396101,0.05866815457772556,0.05714285714285714
2025-07-30,5.0,5.0,0,3.69049036821407,2.3434512386962636,4.9030164637657485,4.692192205397417,4.9515073382090415,0.14807945839930625,0.11581172210654757,0.06876605278809673,0.05714285714285714
2025-07-31,5.0,5.0,0,5.39003393918953,8.490914866787982,6.569123659321681,6.094533172709467,6.668220996898605,0.3570237724234203,0.3698353307275067,0.10120499867317645,0.1875
2025-08-01,5.0,4.0,0,6.1218617401108,3.369733296762019,5.644737765199468,5.395915356145327,5.604311101258082,0.22154154172737803,0.1468864816618299,0.07385878171691095,0.05714285714285714
2025-08-02,5.0,4.0,0,3.0925133679136976,3.2119968269609815,4.18791740131163,4.169480439563589,4.096264800670954,0.07251455457792275,0.1486809385487652,0.07413341767089951,0.05714285714285714
2025-08-03,5.0,4.0,0,3.088070703184243,3.4708634529098483,3.4853890024229472,3.543210521218968,3.367492887830821,0.03090883945681153,0.04521324942773805,0.052550619519971635,0.027586206896551724
2025-08-04,5.0,4.0,0,2.9742542435181587,2.7358119233738054,3.4844327750342257,3.4779646429384554,3.5353165908579096,0.038592431642268894,0.08018898283275483,0.061785336030403995,0.05714285714285714
2025-08-05,5.0,3.0,0,2.3427784944969354,1.6205329436704912,3.3187694980650737,3.2805760242936106,3.4611285105175433,0.035059755323316406,0.035140160091495204,0.048992714219998776,0.027586206896551724
2025-08-06,5.0,2.0,0,2.8506443710309606,2.5560270422208484,3.454635705249119,3.444308484260823,3.485301796807949,0.03618695283102121,0.01574863148799329,0.03927050073063562,0.027586206896551724
2025-08-07,5.0,1.0,0,2.855296218515214,2.6329301958665874,3.4472836323791034,3.4126426551638143,3.4942216797796783,0.03660870110061518,0.053163059176648375,0.05498809160888629,0.045454545454545456
2025-08-08,5.0,6.0,0,3.2805513010486274,3.949660945637366,3.422288555095077,3.4542854455648664,3.422943068664458,0.03332584574439519,0.022166369046495854,0.043139311145925674,0.027586206896551724
2025-08-09,5.0,3.0,0,3.3590937430148924,3.1742450514728136,3.363674820895288,3.368996239816084,3.399146871212959,0.032274040090700555,0.03275662665360313,0.04804851898777978,0.027586206896551724
2025-08-12,5.0,7.0,0,3.321465700807379,4.004782335685092,3.2458059804903465,3.2416282924517006,3.15055493910535,0.02256820401189047,0.049304673851276626,0.053838744446987614,0.045454545454545456
2025-08-13,5.0,1.0,0,2.728625082705501,2.794898792480483,3.4717414377985265,3.4638091497784123,3.524808062232624,0.038078785986663484,0.03352781505204944,0.04835914249140294,0.027586206896551724
2025-08-14,5.0,3.0,0,2.8275438305381213,3.144423545240459,3.913355448975345,3.848456313452139,4.115611415923069,0.07391372278616719,0.06221244599093329,0.057477785826297895,0.045454545454545456
2025-08-15,5.0,4.0,0,2.8327671180728196,2.851567937235373,3.9564370318163413,3.8484475274522922,4.11156278851996,0.0736196663197967,0.0575474292401672,0.056227287312372025,0.045454545454545456
2025-08-16,5.0,2.0,0,3.1589956456153696,3.492377125535016,4.112922981137281,4.105946840012805,4.203068887404319,0.08042739608375167,0.05230110535808768,0.054736388634743685,0.045454545454545456
2025-08-18,5.0,2.0,0,3.3078661484499174,3.4322809926188063,3.0175910500102194,3.057499766464609,3.0939904095484048,0.02067505806552146,0.025446352328815564,0.04481084641970921,0.027586206896551724
2025-08-19,5.0,4.0,0,3.7842152679170757,4.268829881207408,3.8103244497241406,3.8200288754567984,3.910735372491415,0.05987154728718714,0.07672710526935075,0.0610090459659359,0.05714285714285714
2025-08-20,5.0,2.0,0,2.987829079745485,2.9696913766925794,3.2435110131810205,3.2715638560017712,3.107730716893154,0.02112456826228873,0.07342287304732137,0.06024659323584577,0.05714285714285714
2025-08-21,5.0,5.0,0,3.087226829565887,2.7658494597667316,4.549778725299867,4.517233087018725,4.659249031986044,0.11924811484372781,0.12187796886664608,0.06981712380254396,0.05714285714285714
2025-08-22,5.0,5.0,0,3.426773937152849,2.9957110393070985,3.624377426771827,3.6250017732632656,3.642322159065026,0.04407437880622456,0.04557056625265746,0.05266623386715591,0.027586206896551724
2025-08-23,5.0,3.0,0,3.3242768733218115,2.7757835522473644,3.2441177963520436,3.370543230636831,3.2051941132125807,0.024505324490562006,0.05695906783267803,0.056064788107345435,0.045454545454545456
2025-08-24,5.0,4.0,0,3.1422910655442124,2.478221900390483,3.348467513840997,3.335569760628883,3.4135910934171214,0.03290986227430836,0.03287891203618016,0.048098114253474156,0.027586206896551724
2025-08-25,5.0,2.0,0,2.925005230862553,2.7862318615569417,4.127075992440853,4.052059402605971,4.296011865291031,0.08768518020814223,0.08461267119856845,0.0627464894846472,0.05714285714285714
2025-08-26,5.0,1.0,0,2.9244003714277564,2.3395081125847526,3.5707398167812974,3.5076613029909067,3.6482499765625627,0.04439154151038006,0.05846783733674938,0.056479263446715194,0.045454545454545456
2025-08-27,5.0,1.0,0,3.1610024003204464,2.8385053368298943,3.111192604299609,3.1191597729203724,3.167831818714961,0.02316909046848541,0.015541678516554686,0.03912812608398353,0.027586206896551724
2025-08-28,5.0,3.0,0,3.228345367642128,3.0758569576631207,3.1578312237691915,3.21038529501118,3.1446218278771534,0.022364313267627466,0.017796929235378185,0.040611781900771006,0.027586206896551724
2025-08-29,5.0,1.0,0,2.9677315936030477,2.5618358690526812,3.2424380975516573,3.3213409723596183,3.201999180067451,0.024389080532125285,0.025395560525779026,0.04478616794314255,0.027586206896551724
2025-08-30,5.0,3.0,0,2.969979489177467,2.6734705418390106,3.0929265507670056,3.096566319070482,3.165350803795847,0.023082143254978097,0.04392300640566325,0.05212782502201747,0.027586206896551724
2025-08-31,5.0,4.0,0,2.7896361425729728,2.6340729609932314,2.967101858485325,3.0085710215182293,2.997825460029212,0.017711044934635836,0.013008172968038483,0.037262986312518356,0.027586206896551724
2025-09-01,5.0,2.0,0,3.1887301251278677,3.174999942937119,2.8846990173909903,2.9473982267021896,2.9163057724863286,0.015440372072739532,0.005985731412807901,0.030115947640958096,0.025320847344050962
2025-09-02,5.0,4.0,0,3.1011256687829345,3.568674994378927,2.9882346970145317,3.0602793934087154,2.851865653110782,0.013796041048681693,0.070249375821782,0.05949288859180523,0.05714285714285714
2025-09-03,5.0,3.0,0,3.001258071956389,3.869722390610001,3.5747458014291973,3.5657481167835927,3.6225939052672063,0.043029065855989125,0.09587562978043575,0.06505743133900742,0.05714285714285714
2025-09-04,5.0,3.0,0,3.0730922224716366,2.887616415948648,3.297851311813836,3.2925884625390784,3.36188089732809,0.030670821643001386,0.07038010919225533,0.05952437433965956,0.05714285714285714
2025-09-05,5.0,2.0,0,2.930908902076483,3.0600851644005997,3.3772716437677697,3.408181192138365,3.4580736974137456,0.03491894422436233,0.09263579383640316,0.06441104936393638,0.05714285714285714
2025-09-06,5.0,1.0,0,3.0425546884854944,2.862888755701865,3.383767250921894,3.3723191087524333,3.476518707630267,0.035774738727763856,0.12428102384379869,0.07022497854056126,0.05714285714285714
2025-09-09,5.0,4.0,0,3.1456690750094203,3.541569484405963,4.967310234227302,4.674228355770808,5.134959807410792,0.16757350687607253,0.11678420679604848,0.0689367056174762,0.05714285714285714
2025-09-10,5.0,2.0,0,2.4872694733418377,2.8117697429027393,3.917804652436153,3.8802913791198823,3.887203914391789,0.058368676986730345,0.058005077176798724,0.05635291217339049,0.045454545454545456
2025-09-11,5.0,3.0,0,2.802657985438086,3.354236988663984,3.333345530414343,3.322813096877725,3.449647218288683,0.03453242338886195,0.044436056924987206,0.052296957347018926,0.027586206896551724
2025-09-14,5.0,4.0,0,3.050051147739352,3.564295101500886,3.3071347681428516,3.311589469304176,3.38083975059411,0.031479768904763526,0.04866195623896675,0.05364137815884972,0.045454545454545456
2025-09-15,5.0,5.0,0,2.866113369555111,2.810764067477245,3.5554206038142553,3.5828054404868945,3.554325807818683,0.0395327575177589,0.0832758638389273,0.062459505749151864,0.05714285714285714
2025-09-16,5.0,9.0,1,2.7772899602825607,2.9356759493055407,3.5633042840015423,3.5146486552920355,3.7096288441177445,0.047759334845034404,0.04783471232947706,0.05338470159821574,0.045454545454545456
2025-09-18,5.0,4.0,0,3.007126420027815,3.963154129586901,3.7426280464885626,3.7012016097314313,3.8194888915438594,0.05417068015332649,0.032449715449232766,0.04792346891489664,0.027586206896551724
2025-09-19,5.0,3.0,0,3.3553812890688053,3.53018741476415,3.940295815204867,3.862362324045889,3.926813819379458,0.06091148114862683,0.043045780921552736,0.0518354498591474,0.027586206896551724
2025-09-20,5.0,3.0,0,3.3745428701177285,3.604072934991746,4.269591886141635,4.172468227425011,4.346711268274165,0.09178812181371895,0.052868855078631025,0.05490249375618646,0.045454545454545456
2025-09-21,5.0,2.0,0,3.208778861503643,3.261315177516358,3.94092320578327,3.9223951813933904,3.9539031334182337,0.0626875565046527,0.1089607964784613,0.06753883384323045,0.05714285714285714
2025-09-22,5.0,1.0,0,3.058638565301621,3.2402527380974857,3.56621626657863,3.620928480402374,3.4723041637150596,0.03557801747014469,0.07901201359946307,0.06152388947159769,0.05714285714285714
2025-09-23,5.0,4.0,0,2.8564289774757734,3.482341742746884,3.337271979254615,3.37435310046814,3.311968002441621,0.028606763269866546,0.01563451260888578,0.03919215984850046,0.027586206896551724
2025-09-26,5.0,3.0,0,3.205326855959512,3.34139238898568,3.524684438944187,3.548274810777685,3.3542584987997897,0.030349469506149217,0.1155568336156823,0.068721183896949,0.05714285714285714
2025-09-27,5.0,7.0,0,3.232013019924697,3.96744612846121,3.310731872856976,3.4177375792336395,3.205218451147549,0.024506211425679065,0.014121439542546908,0.03811222466287581,0.027586206896551724
2025-09-29,5.0,1.0,0,3.057307247829764,3.650078679324212,3.8003365160850904,3.8693851318010557,3.7351450847883605,0.04920448040052296,0.12478734123095002,0.07031032469091728,0.05714285714285714
2025-09-30,5.0,1.0,0,3.098886861466774,3.0676795504060954,4.142180354460248,4.092513862762505,4.205439055652192,0.08060820210067492,0.18953805571447255,0.07997169759649146,0.09876543209876543
2025-10-01,5.0,5.0,0,3.1937764622731213,4.208541274762213,4.065686474171699,4.006248976980965,4.215250229971706,0.08135902960013469,0.08998455735678754,0.0638714620268886,0.05714285714285714
2025-10-02,5.0,3.0,0,3.013933548223209,3.3344206029184416,3.765002603294235,3.747786400920986,3.8433093594280385,0.05562599160444358,0.050442922096799514,0.054184004169261286,0.045454545454545456
2025-10-03,5.0,2.0,0,2.9547921603559115,2.6148101699301627,3.89682989853003,3.9498407776837405,3.7777914519376035,0.05167914324027276,0.09255818633989824,0.064395393468039,0.05714285714285714
2025-10-04,5.0,3.0,0,3.3073813437880264,2.905449908472832,4.113783448270056,4.107167408266325,3.9849298609379478,0.064758721205042,0.10105979034711637,0.06606402872391384,0.05714285714285714
2025-10-05,5.0,3.0,0,3.177645054661258,4.034439388454755,3.538081945473487,3.566394399358589,3.473128512811559,0.03561644043027813,0.1283443852682352,0.0709043284286309,0.05714285714285714
2025-10-06,5.0,1.0,0,2.8930578132772706,2.54400772051699,3.8838616712697247,3.87442275445932,3.9344649356838577,0.061410068277817365,0.12704197694937014,0.07068795259107861,0.05714285714285714
2025-10-07,5.0,1.0,0,3.1255134596953176,2.559859544688719,4.242710640399059,4.175025021199016,4.354464463432215,0.09242443113448404,0.1331428831565997,0.0716908337933209,0.05714285714285714
2025-10-08,5.0,6.0,0,2.9657660944039614,2.9377415513769423,3.9654573757036045,3.9264961617005953,4.027867344592739,0.06768994305288553,0.1059402759290587,0.0669829781226641,0.05714285714285714
2025-10-09,5.0,2.0,0,2.993297548924336,3.6126051597216824,3.847983025097691,3.847293335905911,3.8672273523975575,0.057110672042978136,0.17094031330419962,0.07740310550040075,0.09876543209876543
2025-10-10,5.0,2.0,0,3.313393571551769,3.4770931350533445,3.5570803719599735,3.6164245788685894,3.4999031348395095,0.03687896913570408,0.03413355436005844,0.04859962438836085,0.027586206896551724
2025-10-11,5.0,3.0,0,2.792614295010768,2.2554559670675887,3.5326452936453068,3.623231500491127,3.400390618300992,0.0323284708156487,0.07920753483323478,0.061567495035454646,0.05714285714285714
2025-10-12,5.0,2.0,0,3.215723813529204,3.4608159083711807,3.9743004538786817,3.9601853135895015,4.032058436774402,0.06798009180144239,0.09221437502122921,0.06432593646327711,0.05714285714285714
2025-10-13,5.0,5.0,0,3.2357953879384858,3.999547315244773,4.029225437580542,4.003074126345501,4.14477525749946,0.07605152343783214,0.15145803756801857,0.07455491663097692,0.05714285714285714
2025-10-14,5.0,2.0,0,3.066551379699989,3.116043980871298,3.58702526320482,3.6457193014833424,3.5789546423688083,0.040772539157215355,0.03721062287305916,0.04977711100847021,0.027586206896551724
2025-10-15,5.0,2.0,0,3.1839030640634536,2.8224473607050173,3.150363136353421,3.1802797895247643,3.1075759040609054,0.02111946679411768,0.024458375088437134,0.044324377658661866,0.027586206896551724
2025-10-16,5.0,2.0,0,3.0403662394450266,2.9681821142635703,3.9604315395462426,3.9550341819111985,4.004333515670525,0.06607402161886711,0.08769811734861509,0.06339799992980026,0.05714285714285714
2025-10-17,5.0,5.0,0,2.932080134706373,2.9510224921486956,3.654361616379096,3.6962891890617606,3.6551204468931844,0.0447609195365101,0.08278132004852948,0.062352590697412925,0.05714285714285714
2025-10-18,5.0,3.0,0,2.7180380245397435,2.8369651418835096,3.2198385728044654,3.269685357225666,3.163483864052585,0.023016862066864856,0.059249644013255276,0.05669120686188794,0.045454545454545456
2025-10-19,5.0,4.0,0,2.8378790094264277,2.518219130332046,3.6108301300157297,3.666962564351015,3.649318916455848,0.04444888553289854,0.07708032104848214,0.06108927729640909,0.05714285714285714
2025-10-20,5.0,1.0,0,3.370111761089288,3.4865549726647598,3.13905252641627,3.1866353711719015,3.237189726860711,0.02569003976802091,0.013662537254882845,0.037768235760249284,0.027586206896551724
2025-10-21,5.0,3.0,0,2.9165553368808697,3.424101625388207,3.073494081998862,3.1717508568258945,3.005670392453914,0.017941098742802832,0.0585099081900427,0.05649071698062528,0.045454545454545456
2025-10-22,5.0,9.0,1,2.798968257878745,2.5615649439548567,3.777225526591825,3.8231851064311204,3.775737421472449,0.05155824874958676,0.15688650428596268,0.07536698652457786,0.05714285714285714
2025-10-23,5.0,1.0,0,3.0640458847225553,2.6947952886713926,3.6054602280004766,3.7031514048460066,3.546074801496986,0.039122836192894285,0.06501760895604165,0.058199763679131516,0.045454545454545456
2025-10-24,5.0,6.0,0,3.108669549732364,2.760920165413486,4.125870984910692,4.128004902649127,4.169472741316679,0.07788877903232821,0.15788135449361762,0.07551417829789388,0.05714285714285714
2025-10-25,5.0,2.0,0,2.764061214771148,3.4084356707426586,3.9813595721554065,3.998772688994998,4.039485081884825,0.06849599775805695,0.21638593768923364,0.08347900237572282,0.11594202898550725
2025-10-26,5.0,3.0,0,3.0256134369410725,2.614246638977338,3.43441111051658,3.4828034477507583,3.427206919518768,0.03351663419692982,0.09861363449147056,0.06559315273338155,0.05714285714285714
2025-10-27,5.0,3.0,0,2.925272967997037,2.7466558792094715,3.5254188451007256,3.586460628607912,3.478011352901777,0.03584457823669217,0.24611715661301786,0.08715380534821277,0.11594202898550725
2025-10-28,5.0,2.0,0,2.62192870241952,1.629228076626714,3.328002856074608,3.5167324598404974,3.0658459812250793,0.01977482884182076,0.16692583016368245,0.07683061891595819,0.09876543209876543
2025-10-29,5.0,2.0,0,3.4528955145655913,3.6882452051878967,3.968549514494866,4.030437516791984,3.9483289076236288,0.062319631900102514,0.25902967310435054,0.08869706091221125,0.13636363636363635
2025-10-30,5.0,4.0,0,3.9328476099482725,4.365313917074042,4.194386709151384,4.146549743492489,4.3247011964844955,0.08999453531278225,0.1936039364684973,0.08051677248982855,0.09876543209876543
2025-11-02,5.0,4.0,0,3.3917955829794746,3.7431757740048006,3.3126515305112423,3.4269913060491217,3.237656442145299,0.025707599288206644,0.10234988809781331,0.0663095408914408,0.05714285714285714
2025-11-03,5.0,6.0,0,3.0185630955216194,3.29701045676798,3.334118397361263,3.3688524401024345,3.4015262926395566,0.03237822417783895,0.0659137398340982,0.05842602723115723,0.045454545454545456
2025-11-04,5.0,4.0,0,2.862273539715167,3.2172496381697475,2.816232742245261,2.896606377458015,2.7183578682037712,0.0107898382514177,0.07034065221159605,0.05951487560001945,0.05714285714285714
2025-11-05,5.0,3.0,0,3.1567118766804585,4.576165092263439,3.1668188971753577,3.277695865458307,3.107393808174202,0.021113467357208083,0.14041360538975167,0.07285250180865922,0.05714285714285714
2025-11-06,5.0,7.0,0,2.836557738638742,3.0105770390247018,3.155682407952374,3.186933712290718,3.2105117897555404,0.024699627246549248,0.04708534674510525,0.05314954770265672,0.045454545454545456
2025-11-07,5.0,7.0,0,2.809970571983423,3.6750390490327796,3.285079229453176,3.3813181626253836,3.2152441394554363,0.024873411141849898,0.15219577021588968,0.07466618359073306,0.05714285714285714
2025-11-08,5.0,3.0,0,2.8579619912283993,3.177062199740294,3.0699523909520057,3.2042326406601824,2.9285821259628912,0.01576851766899005,0.1488610301086091,0.07416088017761066,0.05714285714285714
2025-11-09,5.0,2.0,0,3.1040303627248242,3.4427787017374847,3.0308383399292698,3.1220187466765386,3.0235113613757725,0.01847196826882047,0.0416790344801736,0.05137159328220677,0.027586206896551724
2025-11-11,5.0,3.0,0,3.224964992527611,3.8409998136875774,3.140387321613749,3.2394345459042557,3.0299242574860132,0.01866540860065723,0.07640542625244585,0.060935769118665786,0.05714285714285714
2025-11-12,5.0,4.0,0,3.4230827911580888,3.217629341135322,4.20020362328702,4.165296805263741,4.385251906114175,0.09497424580301485,0.26926319042129987,0.08990160717918676,0.13636363636363635
2025-11-13,5.0,3.0,0,3.6430438440375403,3.503565224237557,4.555106606532334,4.48473751786332,4.783698437122278,0.13117236052901504,0.16619605017130964,0.07672579401103302,0.09876543209876543
2025-11-14,5.0,8.0,1,4.107265917126877,4.600284326354677,4.1698540358949066,4.142569126807456,4.282654967654581,0.08662107186656669,0.21795964482467256,0.08367844584768204,0.11594202898550725
2025-11-15,5.0,5.0,0,4.24099324716206,4.800483534752876,4.526923756060087,4.414268892366648,4.810467727622881,0.1338070249461297,0.328196748634543,0.09660703990789524,0.1875
2025-11-16,5.0,5.0,0,4.004123787753898,4.153433126458996,4.257956679093042,4.249635113915349,4.36748343899707,0.0934981712239352,0.19882206249175366,0.0812085520051937,0.11594202898550725
2025-11-17,5.0,3.0,0,3.9553702586176374,4.497655750850056,4.832603004817424,4.731837551056256,5.062523500799697,0.15975613938083905,0.16888215901905795,0.07711046948807103,0.09876543209876543
2025-11-18,5.0,4.0,0,3.9079340801207167,4.592888017355648,4.565595885040021,4.520261268812838,4.6100978878616345,0.11468947770254612,0.11435034817517833,0.06850799841505552,0.05714285714285714
2025-11-19,5.0,5.0,0,3.876233028062279,4.470181695608963,4.314259425279303,4.240741424872914,4.5159985918342835,0.10620784995359084,0.2225844546383107,0.08426109925974128,0.11594202898550725
2025-11-20,5.0,3.0,0,3.860651840172881,3.324789596145983,3.671176134027244,3.724597088322261,3.605000406175041,0.04211011140230467,0.12118328789934527,0.0696983454166993,0.05714285714285714
2025-11-21,5.0,5.0,0,4.50009653437119,3.9060677543675384,3.7017578179054356,3.768486375416465,3.5694251625847753,0.04028995839142425,0.23059864752842454,0.08525912083246824,0.11594202898550725
2025-11-24,5.0,3.0,0,3.3435093605159496,2.6948084230590834,2.8377025460651684,2.915211759236514,2.846504492404619,0.013665061500243271,0.0514507608500443,0.054485294360395724,0.045454545454545456
2025-11-25,5.0,3.0,0,3.153844503891385,2.9529561558640975,3.075926110977506,3.121986051108847,3.1365111803371803,0.022087619422416514,0.0621799769499015,0.05746930320471051,0.045454545454545456
2025-11-26,5.0,1.0,0,3.369308785663729,3.4247376701291294,2.9141979397639983,2.9934629543273465,2.908086737900237,0.015223369410262689,0.026610882852475762,0.0453672988720683,0.027586206896551724
2025-11-27,5.0,4.0,0,3.354073540757331,3.7911272194371115,2.853258209905223,2.9563645034780617,2.7924639894727314,0.012393497770759343,0.05369793216950121,0.05514289068148611,0.045454545454545456
2025-11-28,5.0,3.0,0,3.5460500908010433,3.326132950559917,3.7604032427068868,3.7596789737081084,3.9447032692416304,0.06208100650485004,0.20251287420096337,0.08169283415264937,0.11594202898550725
2025-11-29,5.0,3.0,0,3.3420206013379006,2.864725545146094,3.961173332118331,3.8824836824173867,4.097763990364589,0.07262243502908479,0.19801606007870143,0.08110225023401296,0.11594202898550725
2025-11-30,5.0,2.0,0,3.7093065989725797,3.347214363348011,3.5618283348738524,3.6538764247699826,3.5299760082189935,0.03833084073794085,0.11394368783748432,0.06843583959504992,0.05714285714285714
2025-12-03,5.0,6.0,0,3.543170427364893,5.537400617936342,4.503217593512928,4.422487394696353,4.74865414424974,0.1277601326368532,0.5104759141514242,0.11689125237838274,0.5
2025-12-04,5.0,5.0,0,4.261371552229273,4.895807505184433,4.565309615772357,4.5051955978345495,4.724478648129015,0.12543084537907864,0.16883411665466633,0.07710361701069347,0.09876543209876543
2025-12-05,5.0,5.0,0,4.173516849359946,3.5756416502804718,4.439016916778504,4.4412613566984325,4.536207321812847,0.10800176874891156,0.3623468516127069,0.1003822742748996,0.1875
2025-12-06,5.0,5.0,0,3.9395112118872815,3.9421873571114263,3.708072853045822,3.8382561056434286,3.550145341789228,0.039324726602084484,0.24518352114190997,0.08704111349060137,0.11594202898550725
2025-12-07,5.0,2.0,0,3.381401275504956,3.746563539765942,3.021867705046598,3.0942478356725753,3.0448658325851676,0.01912151981361127,0.027476804689554844,0.04576995663326621,0.027586206896551724
2025-12-08,5.0,3.0,0,3.490315323913875,3.930803483782009,2.953084437571756,3.0572715677425513,2.9493158005970774,0.016333744197859247,0.0595713159346244,0.05677786459430715,0.045454545454545456
2025-12-09,5.0,3.0,0,2.9807250432562302,3.078996356270418,2.96565006340457,3.0357430920639135,2.916036957387187,0.01543324063112725,0.041373912873443185,0.051266604305822534,0.027586206896551724
2025-12-10,5.0,4.0,0,3.1188840647135834,3.3217395490448647,2.901384038068319,2.9561303685875484,2.917848401250953,0.015481341355289167,0.06827995894305737,0.05901383357408368,0.05714285714285714
2025-12-11,5.0,1.0,0,3.4989369782614417,3.64092471866459,3.233836800258317,3.307130476305721,3.2155635356637635,0.024885169679716494,0.15813805494996078,0.07555207834040151,0.05714285714285714
2025-12-12,5.0,8.0,1,3.164654087581626,3.308507662854832,3.2407151812312422,3.325759952105203,3.15813300245799,0.022830451342805435,0.11543644309854346,0.06869997066922981,0.05714285714285714
2025-12-13,5.0,4.0,0,3.5550104094813233,3.544694778245618,3.639693476606499,3.6867835293277507,3.611840751022763,0.042465918487765174,0.1567120220983638,0.07534112028880326,0.05714285714285714
2025-12-14,5.0,6.0,0,4.019386897516256,3.2378000428575158,4.231736675110814,4.214513342175265,4.402441481211249,0.0964138537097583,0.22720819020999136,0.0848386419376436,0.11594202898550725
2025-12-15,5.0,1.0,0,3.9027423654188005,4.089678099118342,4.879737024259699,4.805233600708928,5.183132490779065,0.17285534346229658,0.27287260263283364,0.09032293707068403,0.13636363636363635
2025-12-16,5.0,8.0,1,4.175881450280776,3.0965632756971075,5.912581728898498,5.66251993354346,6.4891292040251,0.3336017915387141,0.3436671467084846,0.09832326157050597,0.1875
2025-12-17,5.0,3.0,0,4.223363231033227,6.026950251899617,4.978997446501742,4.866181141573572,5.242111618569943,0.17940905389850548,0.4863604436669202,0.11411859170879775,0.2
2025-12-19,5.0,3.0,0,3.424328069159657,3.6317978188816373,3.6415751820603863,3.7187769948605003,3.6569960932144476,0.04486209234149878,0.1139183296383987,0.06843133488272429,0.05714285714285714
2025-12-20,5.0,4.0,0,3.4490473183188057,3.7995266205497753,4.359103168860493,4.242441528569984,4.708716549454053,0.12392313101650596,0.20965465372567915,0.08261881325773604,0.11594202898550725
2025-12-21,5.0,4.0,0,3.2323502857539195,3.787913205043158,3.345860920328884,3.4079049426842234,3.2894574526204425,0.027706746360718494,0.19873171948533364,0.08119664671791454,0.11594202898550725
2025-12-22,5.0,2.0,0,3.0840342352331405,4.571348993448725,3.3869584148078284,3.5169402194308286,3.264685509348695,0.02673827369116194,0.1755868582789824,0.07805728644825931,0.09876543209876543
2025-12-23,5.0,9.0,1,3.2010017491929097,3.6622477599994596,3.9317923240056776,4.012826963768068,3.8429857376401437,0.05560606404785777,0.2787132052921725,0.09100112199054697,0.13636363636363635
2025-12-24,5.0,2.0,0,3.6904624979853744,4.6608396368735185,4.191517395221468,4.191156238550451,4.288158655576217,0.08705868291034168,0.2402240612967577,0.08643981069721969,0.11594202898550725
2025-12-25,5.0,1.0,0,4.726421248283939,5.377607479220271,4.613717112911335,4.566591096182016,4.723721577789329,0.1253582300206737,0.33675321350312937,0.0975577460422763,0.1875
2025-12-26,5.0,8.0,1,4.268732433264421,4.780950784476659,4.668504360171929,4.584678089834642,4.836289531087118,0.13637126723471651,0.24489138970162408,0.08700582025650129,0.11594202898550725
2025-12-27,5.0,8.0,1,5.305899902554328,5.569185460110311,4.658557950078382,4.600284925044113,4.831893141533822,0.135933109803498,0.48514851261624,0.11398069018509739,0.2
2025-12-28,5.0,4.0,0,3.230149802891056,3.4500486681501172,3.578834786519564,3.7439955699550653,3.301544241891661,0.028187629295335585,0.4287219760465777,0.10767175957119739,0.2
2025-12-29,5.0,4.0,0,3.3989304167174823,5.73695399038555,4.3084211677387145,4.334534226117497,4.34521478863308,0.09166557476664018,0.47528366938444705,0.1128627205759308,0.2
2025-12-30,5.0,2.0,0,4.069980627775122,6.12990494638422,5.226365512770011,5.075563538916587,5.640983216421814,0.22596748498286384,0.4245393955125499,0.10721050312931163,0.2
2025-12-31,5.0,2.0,0,4.743826810554984,6.166892866344586,4.249697350886652,4.286098701669658,4.1786896487510194,0.07858072180034915,0.35164238927168084,0.09920378368398063,0.1875
2026-01-01,5.0,6.0,0,4.094681765112243,3.2020232022356385,3.6504039964506507,3.759171434562031,3.4911273206519255,0.036462038341339056,0.27068930344049635,0.09006828795354631,0.13636363636363635
2026-01-04,5.0,3.0,0,2.6668399875738764,2.8426247206553756,3.134705711537177,3.1684254406705397,3.173134430340541,0.023355662593715673,0.13811602310724813,0.07248914208077879,0.05714285714285714
2026-01-05,5.0,4.0,0,3.618838674589215,4.0439948933939895,3.192919884928261,3.2944202485305447,3.112213008956868,0.021272635671404066,0.0638613414367419,0.05790473425184469,0.045454545454545456
2026-01-06,5.0,2.0,0,3.6708164214171237,4.560305526245445,2.969418334181993,3.0898058161139117,2.8200191115483197,0.013030864148719476,0.22249182890669006,0.08424947956533907,0.11594202898550725
2026-01-07,5.0,2.0,0,3.773401227301818,4.26045696978293,3.127385476454204,3.306423998110213,2.8862402840083017,0.014656980113797373,0.24938901700959484,0.08754750464707803,0.11594202898550725
2026-01-08,5.0,1.0,0,3.4787267745522854,3.1274970995323854,3.217381748650755,3.3058332204867407,3.239340273555868,0.025771017897357498,0.05323089308971668,0.05500778200712292,0.045454545454545456
2026-01-09,5.0,2.0,0,3.1526773456381165,3.697833685918837,3.873028732940397,3.936799663189271,3.8221274622316357,0.05433073807753549,0.28021928647065314,0.09117531242911919,0.13636363636363635
2026-01-10,5.0,3.0,0,3.5145069380036396,5.21962512151376,4.0433115588701884,4.099286589170845,3.954953543359396,0.06275703097058853,0.4991320414584352,0.1155798784497622,0.2
2026-01-11,5.0,3.0,0,4.0419134788527185,4.6404488535640445,4.276134623041103,4.311095430600269,4.2917551553836795,0.08734529512741636,0.31090368238178256,0.0946717039068027,0.1875
2026-01-12,5.0,1.0,0,4.5779118141460815,5.704735713641241,4.824794954732671,4.740874145735226,5.030555607159353,0.15635527609149888,0.5113369708641844,0.11699135167448432,0.5
2026-01-13,5.0,2.0,0,6.006906845414076,8.78636494230915,4.562229692311345,4.615496782409,4.583397420550623,0.11224974438328522,0.5798369171249674,0.12527647857111399,0.5
2026-01-14,5.0,3.0,0,3.771915328513282,4.031774518538209,4.0019111574525095,4.017443493801381,4.029669631016321,0.067814627241984,0.33997538912039027,0.09791478204263147,0.1875
2026-01-15,5.0,2.0,0,4.292630556309797,4.975234324195856,4.394576922820746,4.445713205778699,4.357607475804998,0.09268304725560486,0.2300315615861496,0.08518896471805415,0.11594202898550725
2026-01-16,5.0,5.0,0,3.8879795263493375,4.543253313688371,4.965960173960301,4.94017992599031,5.1633950374788595,0.17068339749969866,0.5354464293079709,0.11982990972673975,0.5
2026-01-17,5.0,9.0,1,3.7168109324618803,4.6645864791471405,5.197664636161682,5.10574299531107,5.4532943685803845,0.20360693693646356,0.3511844036585423,0.09915328303018989,0.1875
2026-01-18,5.0,10.0,1,6.019731132671072,8.95908127881183,4.383513279812304,4.473579111628016,4.215472411420268,0.08137607723430168,0.4298145465708058,0.10779234756294973,0.2
2026-01-19,5.0,4.0,0,4.075929800166145,4.375227448982635,3.863710053458243,3.922350687707306,3.7849138927031416,0.052099687327136185,0.3264652184172672,0.096414147460955,0.1875
2026-01-20,5.0,6.0,0,3.6181011271968515,4.506397052263175,3.2746109643077803,3.328678941707682,3.3348852174092727,0.02954269839477014,0.28848962342766543,0.09212712364413196,0.18181818181818182
2026-01-21,5.0,6.0,0,4.359437339153832,4.096499983793106,3.7428036149055095,3.7391261118091794,3.8566873095909058,0.05645351999495534,0.11516445643209158,0.06865199714019896,0.05714285714285714
2026-01-22,5.0,8.0,1,3.6726904110005894,2.857819841929059,3.6141308834137384,3.711772453932892,3.5939707476011318,0.04154035919671242,0.12920908948178936,0.07104728836997268,0.05714285714285714
2026-01-23,5.0,3.0,0,3.2265727258792127,3.0273022650484864,3.384888655156228,3.4539111081477922,3.3267848627339247,0.02920960649243864,0.19302020270142717,0.08043884980612935,0.09876543209876543
2026-01-26,5.0,4.0,0,2.831326718937121,2.2990030463361832,3.5885955947761987,3.680326473030552,3.546432058226508,0.03914052892570665,0.1423690686438958,0.07315915430999215,0.05714285714285714
2026-01-27,5.0,3.0,0,4.4203107938729955,4.93726838009083,3.248884868554069,3.343775758369389,3.198201657745384,0.024251395418306183,0.1540892852105953,0.07495044862900388,0.05714285714285714
2026-01-28,5.0,4.0,0,3.5974273618933688,1.8608055086980018,3.929377843646242,3.8992216212868835,4.098034715044143,0.07264192587553038,0.13278253527215772,0.07163233831490158,0.05714285714285714
2026-01-29,5.0,4.0,0,4.505163500487322,5.299895321484979,3.6424418145097355,3.6724796778394975,3.6898506812896685,0.04665741657999121,0.2983344160857355,0.0932505565987305,0.18181818181818182
2026-01-30,5.0,3.0,0,3.8990148517963283,4.253412446732724,3.727592014025434,3.695803680202039,3.917608474070843,0.06031479356299014,0.24105853483220002,0.08654130752728417,0.11594202898550725
2026-01-31,5.0,5.0,0,3.8668703349557636,4.464074072203551,3.831665010433416,3.8134652676597125,3.9245284907054097,0.06076302260971645,0.36205107995572533,0.10034975418918173,0.1875
2026-02-01,5.0,4.0,0,4.422559878470578,5.857811944058465,3.1451275706572464,3.1927214334760157,3.168467742821851,0.023191412053301646,0.25284040955256043,0.08796080527738573,0.13636363636363635
2026-02-02,5.0,3.0,0,3.637484060573255,4.372736169999511,3.7598752750883975,3.7739247806758636,3.8728892917809015,0.05746556488686145,0.1856626432301805,0.07944696865248727,0.09876543209876543
2026-02-03,5.0,1.0,0,4.0396377725602655,3.935698146516053,3.7854101139869893,3.7160219694004284,3.999002228592696,0.06571109964772046,0.12116249074136681,0.06969478331689295,0.05714285714285714
2026-02-04,5.0,2.0,0,3.3325908151851698,3.482497233643093,3.18742542735013,3.2130417651596774,3.2243787981284133,0.025211177226633397,0.0508972924773596,0.05432034033330477,0.045454545454545456
2026-02-05,5.0,2.0,0,3.808155664393486,3.970221494397708,3.3187832286766366,3.4007579480106247,3.2174476533702348,0.024954609239308912,0.34995175582231464,0.0990173261413072,0.1875
2026-02-06,5.0,8.0,1,3.6788892646232534,2.506024350078827,3.6707251562546315,3.667808993365967,3.7127465845174097,0.04793448908513044,0.3718387585682386,0.10142492853751976,0.1875
2026-02-07,5.0,3.0,0,4.269726764070711,4.868696511678468,4.115561511452171,4.106255305641172,4.257708621584744,0.08465255771027956,0.3781346181942756,0.10211570847212467,0.1875
2026-02-08,5.0,7.0,0,4.339289190050921,4.095664088494788,3.6458885096859914,3.7333623580851487,3.5951311946291873,0.04160007341526193,0.19545015184074316,0.08076250528505528,0.09876543209876543
2026-02-09,5.0,3.0,0,3.9900029602145826,4.663684093617106,3.9040333927533903,3.885745127292278,4.0631087502006675,0.07015201296566637,0.3822404203226331,0.10256598354574528,0.1875
2026-02-10,5.0,4.0,0,4.190572593849246,4.767947196946627,4.035905851196892,4.026006410526058,4.145094246412011,0.07607509635717112,0.2920355251394537,0.09253290050548735,0.18181818181818182
2026-02-11,5.0,5.0,0,3.139868867265768,3.0206062330950867,3.923353774359349,3.988970214579137,3.8752848612866777,0.0576161161394832,0.18266922100811428,0.07903804491401734,0.09876543209876543
2026-02-12,5.0,6.0,0,3.8683140960612605,4.394122831490185,4.021740978929634,4.02779161263666,4.079320870079926,0.07130162792136924,0.44059982930388153,0.10898522432073625,0.2
2026-02-13,5.0,4.0,0,4.676490351077488,5.24484469576469,4.124536298704379,4.127064371428383,4.187816098646446,0.07926923766972953,0.34098143538063835,0.09802615775684097,0.1875
2026-02-14,5.0,3.0,0,3.813173516979919,5.7041718110148025,4.150670380043009,4.132261295218635,4.2290803036636015,0.08242394834803206,0.31957740008036095,0.09564498168016478,0.1875
2026-02-15,5.0,4.0,0,3.754048180114928,3.7518773601958877,4.0838899905655826,4.067300676136545,4.165721237245946,0.07760812021044862,0.22973783282570387,0.08515259948578267,0.11594202898550725
2026-02-16,5.0,2.0,0,3.139706464735876,3.740105382609147,3.3910533300865318,3.5075747063608262,3.3075693311881307,0.028429395297175666,0.12495438321443823,0.07033843753616087,0.05714285714285714
2026-02-17,5.0,6.0,0,3.904139115807878,3.693021629774542,3.3016913433374313,3.317601053995967,3.30281056008557,0.028238328750446892,0.14379740298324165,0.07338167067268489,0.05714285714285714
2026-02-18,5.0,2.0,0,3.9699033140236843,6.429238188154916,4.29369670727833,4.26130099479426,4.4278705525291935,0.09856437378553574,0.48461878753831206,0.11392045404201906,0.2
2026-02-19,5.0,3.0,0,4.015368364673373,5.226273802388211,4.071753761104481,4.055642677698169,4.169042143963473,0.07785653625793934,0.38089187604478125,0.10241810476386311,0.1875
2026-02-20,5.0,7.0,0,2.9819428098849494,3.3390445776913413,3.542623795435392,3.5607715726203937,3.6314181451626157,0.04349467990331478,0.17289049863072306,0.07767874594807696,0.09876543209876543
2026-02-21,5.0,7.0,0,4.611478027049424,6.014938291858475,3.004447572844241,3.0941615037880688,2.854411716534094,0.013858553812446415,0.3343816912945279,0.09729463986260031,0.1875
2026-02-22,5.0,3.0,0,4.5210674492279255,5.387071233048641,4.22966208259608,4.151653010272472,4.419907740551853,0.09788829397047483,0.5727967243759953,0.12439037375448775,0.5
2026-02-23,5.0,3.0,0,4.734095335018509,6.23444379689855,4.766074131203266,4.613720545775796,5.101120269160702,0.16390255762091677,0.6076859626342731,0.12888016373488045,0.5
2026-02-24,5.0,3.0,0,3.636208828074695,4.445267572241832,3.9498406361235734,3.9598976221187745,3.9348726078873915,0.06143670169897715,0.2845651669297806,0.09167643958941646,0.17102878574799837
2026-02-25,5.0,4.0,0,2.8167448161352917,3.9919658707998207,3.2417314714865957,3.311474510521198,3.194304693735797,0.024110649975786956,0.0442293149588139,0.05222896571974542,0.027586206896551724
2026-02-26,5.0,6.0,0,2.9509046549515445,4.575609057704171,3.8290545882706524,3.91147377449212,3.7725873112840027,0.05137317738696216,0.20859861253054746,0.08248278049419243,0.11594202898550725
2026-02-27,5.0,8.0,1,3.476923377406047,3.0812183614961186,3.1940617687193193,3.176235885479994,3.312506087230195,0.02862851064678056,0.06287054261552778,0.057649081596159564,0.045454545454545456
2026-02-28,5.0,3.0,0,4.091541922713672,4.448649094494891,3.2346685361936935,3.2613691518289056,3.316876469042607,0.028805550445598585,0.052085546359155466,0.054673001798945076,0.045454545454545456
2026-03-01,5.0,5.0,0,4.62927483411403,4.666442131878346,4.0071524292388245,3.892798615559506,4.304931394626732,0.08839969276920986,0.11875481224930015,0.06927994522969926,0.05714285714285714
2026-03-02,5.0,1.0,0,3.1661775163804498,2.921578928252279,3.1636020826472677,3.2504083928418788,3.062698626806043,0.01967585937796984,0.046956662750559534,0.05310890816478673,0.045454545454545456
2026-03-03,5.0,2.0,0,2.984222976908116,4.15348066452488,3.551103001514128,3.626854971752316,3.534674417732895,0.038560916856904076,0.19968121299864305,0.08132164639592622,0.11594202898550725
2026-03-04,5.0,4.0,0,4.394273070272404,5.008359059666479,4.682168873119435,4.618572282102417,4.848606155263221,0.1376021965162307,0.38966207361408467,0.10337970711924818,0.18826258244019614
2026-03-05,5.0,5.0,0,4.152174163539343,4.32774118268194,3.4216779196460747,3.5289527845234065,3.2295618618633752,0.02540418906059199,0.13060680904578081,0.07127721377691795,0.05714285714285714
2026-03-06,5.0,5.0,0,3.0201069326611183,3.6151044359581426,2.827109654518832,2.9062769123641443,2.8366279069922506,0.013426069286118369,0.05197814939643817,0.05464135420634173,0.045454545454545456
2026-03-07,5.0,5.0,0,3.020979127413675,3.4474047455578263,3.146366726197965,3.1702654706860254,3.24907533908739,0.026139724884013567,0.09360822872953387,0.06460652660377102,0.05714285714285714
2026-03-08,5.0,5.0,0,3.4495568824717977,4.948795530594162,3.6476545953840063,3.6433223008932414,3.7343904221941613,0.04916135808907741,0.1997514121536396,0.08133087724185677,0.11594202898550725
2026-03-09,5.0,8.0,1,4.117833971249166,5.7084597018616545,3.5132932296533177,3.591286538185046,3.434454644340782,0.033842562811796956,0.22041732057894334,0.08398870971315998,0.11594202898550725
2026-03-10,5.0,4.0,0,4.234107587179952,5.32393397699426,3.3598798118913726,3.4015985454928086,3.381502951458969,0.03150831685429525,0.10556461990778308,0.06691317715118342,0.05714285714285714
2026-03-11,5.0,4.0,0,3.8996886964368764,5.019358605831309,3.4980224685648413,3.596382442674836,3.339374087149459,0.029728357587485474,0.2219002696299912,0.08417522253951384,0.11594202898550725
2026-03-12,5.0,2.0,0,4.509787927298274,5.04598693246741,5.098081494089351,4.898579120921847,5.42965999095006,0.20084533790983222,0.34486393670484783,0.09845555522652577,0.1875
2026-03-13,5.0,5.0,0,5.339604560120835,4.362972488235098,5.326994047146811,5.194482419052956,5.576100110483839,0.2181548872958125,0.39392221935633764,0.10384680198395758,0.19077251507540946
2026-03-14,5.0,2.0,0,3.6567568267393784,3.258793343267106,4.124023221597437,4.065046349746731,4.265558867536838,0.0852693612439092,0.12679429596101804,0.07064665935822055,0.05714285714285714
2026-03-15,5.0,12.0,1,2.930946856529801,2.5944687411997873,3.9549518670571944,3.936972541306409,3.8967811476638445,0.0589775996839679,0.16671160003139435,0.07679987158838888,0.09876543209876543
2026-03-18,5.0,4.0,0,2.7925104298955636,2.1913044390173244,3.132467705075526,3.2852630867207666,2.9302518300832685,0.01581352222619151,0.02683933773986539,0.045474423695932624,0.027586206896551724
2026-03-19,5.0,3.0,0,2.7586066250490755,2.8389338853389314,3.0880285555450016,3.117066538603109,2.9371180704452025,0.015999536005475642,0.09381675476380806,0.06464827822101539,0.05714285714285714
2026-03-22,5.0,5.0,0,3.2178370069388467,3.4160432391116156,3.6618410977627693,3.7032909482636382,3.424993904465676,0.033417523237598154,0.04885496143293353,0.05370083288241387,0.045454545454545456
2026-03-23,5.0,2.0,0,2.7390774085628937,2.424131653172932,3.7619058838072297,3.8014513652502946,3.6991536749185,0.0471737399448926,0.053539371051143377,0.05509711068106262,0.045454545454545456
2026-03-24,5.0,4.0,0,3.369451193999913,3.820230930364999,4.6429103185857965,4.6232232991148585,4.643476887290353,0.1177758251573598,0.21040939002995873,0.08271585003327865,0.11594202898550725
2026-03-25,5.0,4.0,0,3.177089629896099,3.531986803417596,4.371903914246587,4.302331451191549,4.443920815663792,0.09993448936869463,0.17052896644257,0.07734476252377935,0.09876543209876543
2026-03-26,5.0,3.0,0,2.68164825143441,2.7495687756396245,3.6758946125740533,3.697840667738287,3.640950058737852,0.04400116836832096,0.07475135369840122,0.06055577597706106,0.05714285714285714
2026-03-27,5.0,2.0,0,2.6623875523693057,3.237256257097589,3.5381785541763184,3.56767945627319,3.513257516512094,0.03751927012858532,0.04041664191751442,0.05093369127078515,0.027586206896551724
2026-03-28,5.0,3.0,0,2.930826342868448,3.3957298347591904,3.341320004576411,3.37475189239408,3.3883011093495945,0.03180192550231515,0.0250549719922148,0.044619770841016905,0.027586206896551724
2026-03-29,5.0,2.0,0,3.2618491739813593,4.065622058382405,3.317013903501368,3.362712317021596,3.372247882932463,0.031111455609491676,0.05056131024119468,0.0542196076167863,0.045454545454545456
2026-03-30,5.0,1.0,0,3.406464023857245,2.5108426146581446,3.225337057812992,3.193209154144554,3.38651992490104,0.03172482490837661,0.032617688946043444,0.047992011777631925,0.027586206896551724
2026-03-31,5.0,2.0,0,4.102690266322413,4.322945216826743,3.572281341602523,3.5953175111453834,3.5475976765224724,0.03919829025160171,0.15866556278598845,0.07562985931625721,0.05714285714285714
2026-04-01,5.0,2.0,0,2.840078548533268,3.6123011689862556,4.147746382532875,4.161381917840462,4.144716242421936,0.076047162740691,0.12642913555265356,0.0705856948626664,0.05714285714285714
2026-04-02,5.0,4.0,0,2.6548556356001334,2.8851426527527004,4.005073464169113,4.021771020751744,3.974414665952688,0.06405237191248749,0.07574483616211074,0.06078465893907842,0.05714285714285714
2026-04-03,5.0,1.0,0,2.9919025115759204,3.0764016067538527,4.1459200742946924,4.079557243207384,4.309181679262469,0.08874127007490412,0.1546804424126428,0.07503881262621037,0.05714285714285714
2026-04-04,5.0,1.0,0,3.1437397635935533,3.739298084991592,3.5615441891129973,3.6329199378549046,3.472646580128905,0.0355939742735412,0.047076755618080106,0.05314683692720272,0.045454545454545456
2026-04-05,5.0,5.0,0,2.878937723828047,2.8674215576010162,3.4390920327250702,3.457366774904983,3.4757499528973477,0.03573880361962954,0.035646114088434204,0.04918732003611264,0.027586206896551724
2026-04-06,5.0,4.0,0,3.462106087552037,4.178817207104657,4.009751290622543,3.9617940066455493,4.207874084114219,0.08079419013613189,0.18777708936451606,0.07973390551136898,0.09876543209876543
2026-04-07,5.0,1.0,0,3.4126695517997323,4.386699687596657,4.190287681182901,4.123208623751092,4.400207264589551,0.09622609586524669,0.16431333278410057,0.07645426097691096,0.09876543209876543
2026-04-08,5.0,7.0,0,3.2514358274422563,4.117534558972849,3.3152179590651505,3.366063681460466,3.2636662318473233,0.02669891482381212,0.08557427034632775,0.06295113711707892,0.05714285714285714
2026-04-09,5.0,3.0,0,2.9384291688585895,2.9910070152061317,2.946652495986548,2.968277647367909,3.067649080687687,0.019831681471224605,0.06504852794700977,0.05820760478454312,0.045454545454545456
2026-04-10,5.0,3.0,0,2.562722915608483,2.584867134535333,3.067894948306938,3.1138765161307473,3.1355958234903043,0.02205653890790904,0.06501015202003982,0.05819787221737102,0.045454545454545456
2026-04-11,5.0,3.0,0,3.385474302696331,3.7990615972253963,3.2314349019129116,3.222285461688257,3.352468742494866,0.030274337458410842,0.03174445197662167,0.047632924494847746,0.027586206896551724
2026-04-12,5.0,4.0,0,2.8057941221684235,2.7048305898207023,3.403774714269686,3.3866878666510236,3.5284287642321566,0.038255266075663395,0.10708495998468492,0.06719474853038679,0.05714285714285714
2026-04-13,5.0,6.0,0,3.185878750929,3.1698122279845555,3.149604874399016,3.234020682565981,3.1295740172053153,0.021852811933057867,0.020288695397153184,0.04210137214342304,0.027586206896551724
2026-04-14,5.0,3.0,0,3.2889467457442647,4.079723459700707,3.8218980022469267,3.7848003520026343,3.9822933220987173,0.06458118884045039,0.1258521878919763,0.07048916383694455,0.05714285714285714
2026-04-15,5.0,6.0,0,3.526579998725907,4.1667854653729695,3.1429898962155423,3.1581943096983993,3.2887503396114446,0.027678783137179957,0.0335746123845123,0.048377829526283986,0.027586206896551724
2026-04-16,5.0,2.0,0,3.94442341757986,4.123370545100517,3.2338149584251736,3.210670439989262,3.3815970242865347,0.031512367657142215,0.03610933467908537,0.04936380083537643,0.027586206896551724
