date,fold,actual_count,actual_critical,count__gradient_boosting_absolute,count__hist_gradient_boosting_poisson,count__poisson_regressor,count__tweedie_regressor,count__negative_binomial,risk__negative_binomial,class__rf_raw,class__rf_sigmoid,class__rf_isotonic
2022-10-24,1.0,2.0,0,2.7834091456850287,1.8848212595425105,2.89619682763561,2.98709949975491,3.004032365767706,0.012092656672141032,0.041940938733643046,0.021525511204174907,0.016129032258064516
2022-10-25,1.0,2.0,0,3.535544203220639,1.8241311176131814,2.979398213106648,2.963210743177698,3.0686576641318473,0.013567048444908556,0.007087752999710848,0.08026374262989977,0.0
2022-10-26,1.0,2.0,0,4.347318046802667,4.941527734654072,3.9963708357503704,3.9571317607669387,3.982381733174,0.05036400338806522,0.12081580465512166,0.009140099881536232,0.016129032258064516
2022-10-27,1.0,2.0,0,3.7726030199388556,4.208002265311321,3.489267015554729,3.5001928365656476,3.3981974410325386,0.023175435028168184,0.03310013786499029,0.02583340124689618,0.016129032258064516
2022-10-28,1.0,5.0,0,5.171637408385936,4.731488175919177,4.5676786603558375,4.433941242980913,4.597858623545597,0.0952345868111656,0.2571868481898911,0.004550221955368485,0.016129032258064516
2022-10-29,1.0,2.0,0,4.4361175872334835,4.041346886173739,4.364458427483149,4.282077629542161,4.129492431217668,0.059519461503530824,0.21477481238257745,0.005437923570795325,0.016129032258064516
2022-10-30,1.0,1.0,0,3.2639187037972333,2.9500882105833024,4.623078212850453,4.470772890588309,4.955417508954479,0.12915734115515826,0.1050088367645755,0.01029425091563827,0.016129032258064516
2022-10-31,1.0,3.0,0,5.344403052773813,6.877623548853792,10.112073615914884,8.967616491416702,12.195026371851998,0.9176919342182608,0.38589280418959193,0.002897857916168118,0.016129032258064516
2022-11-01,1.0,3.0,0,3.617278171822799,2.867591229200582,7.316438573056582,7.052502160510926,7.391973361149365,0.45931937917465987,0.1759116841370446,0.006557673021915211,0.016129032258064516
2022-11-02,1.0,3.0,0,3.835604784590436,3.3741926024473727,4.643506522837387,4.569521667241263,4.376325291904598,0.07709050564963722,0.06943970277873916,0.0144576323349616,0.016129032258064516
2022-11-03,1.0,5.0,0,3.4503128862896015,2.0519111350392216,2.6666046416749998,2.7195093881505246,2.651705885077761,0.006030600525813031,0.023237878472199113,0.033783263283379404,0.016129032258064516
2022-11-04,1.0,4.0,0,3.0231334057886055,1.765141949622259,2.7544564909552514,2.7303018476222918,2.787398569569859,0.0080000746988919,0.010939406591722172,0.05888516063066542,0.010679152502491131
2022-11-05,1.0,2.0,0,3.6259132654781645,3.6207004715392435,3.2019354454721016,3.1708040121509935,3.395756829341889,0.023090393505585373,0.0,0.9866537324067493,0.0
2022-11-06,1.0,0.0,0,3.6129320376196734,4.144404558783044,4.050972965579626,4.004357730672886,4.255080233366096,0.06811125988584467,0.008470742976108767,0.07074761408820353,0.0
2022-11-07,1.0,3.0,0,4.2742999851026715,4.881980363970341,4.21350697735861,4.11188916267369,4.546423668484771,0.09082262881194672,0.04435577142134477,0.020608917699522448,0.016129032258064516
2022-11-08,1.0,3.0,0,5.143454507798828,5.730533775141204,4.529893292190594,4.464207861003606,4.518935374181998,0.0885140009357155,0.1051610372956424,0.010281730162580518,0.016129032258064516
2022-11-09,1.0,5.0,0,6.532755569396303,5.069402142240619,4.504307270624448,4.3142759760388705,4.716360972556971,0.1058531262247152,0.1801861260536255,0.006414667308954202,0.016129032258064516
2022-11-10,1.0,4.0,0,4.616823003423263,5.2316344522519564,3.634571150576873,3.668256593589225,3.719710583461969,0.03638994489218464,0.1350620366963058,0.008301304629872629,0.016129032258064516
2022-11-11,1.0,1.0,0,6.51299157718437,6.178139987908203,5.321260944013311,5.2067809167162675,5.326042084182911,0.16996846466413523,0.20656349455949916,0.005644672068290162,0.016129032258064516
2022-11-12,1.0,2.0,0,4.311420925082591,2.952152208353526,4.116166813328668,4.057842184937844,3.929239990561617,0.04729449556673373,0.03924047280748939,0.022664060016590888,0.016129032258064516
2022-11-13,1.0,1.0,0,4.274887520840289,3.484164554732575,4.023667037216203,3.9811551843241686,3.911244113457239,0.04628329590888609,0.057648958077765405,0.0167738974671089,0.016129032258064516
2022-11-16,1.0,6.0,0,4.63236426936077,4.159692714425532,4.276285836437366,4.135249016601937,3.9110411070366506,0.04627197001738886,0.0935607967569614,0.011335009667079734,0.016129032258064516
2022-11-17,1.0,3.0,0,5.136417398721494,4.068320708587616,4.722708612466509,4.589608214694847,4.4212024689457605,0.08058495148994489,0.07120245869077473,0.014168597255531275,0.016129032258064516
2022-11-18,1.0,7.0,0,4.448257124812353,2.517385232599447,4.338173755497507,4.19139664934079,4.102178804169462,0.05774586999719439,0.040461770014393876,0.02213301220133611,0.016129032258064516
2022-11-19,1.0,4.0,0,5.7353521328285195,5.616075312862479,4.753868354621451,4.687641827971478,4.304025840784815,0.0716549909015315,0.08706409559700322,0.01202876180414328,0.016129032258064516
2022-11-20,1.0,4.0,0,5.723984960903661,4.255631037516946,5.363093907100396,5.083500867979885,4.994044420487801,0.13315251277691262,0.10320378441857792,0.010445152867609855,0.016129032258064516
2022-11-21,1.0,9.0,1,5.1030114252806635,5.1683929444122105,6.062453338069491,5.651042457772404,6.093980556441135,0.26935405043399224,0.10300584659410376,0.010461975963250507,0.016129032258064516
2022-11-22,1.0,6.0,0,4.951792640649677,4.57325689968486,5.304575919100746,5.0730609942473635,5.164311577876667,0.15149313336062395,0.07742568053437501,0.013239409421282457,0.016129032258064516
2022-11-23,1.0,4.0,0,5.180660764836125,4.164980362102761,5.51859688308578,5.273927954779788,5.249103289071441,0.16105553933028446,0.05922912661512462,0.016417783617917313,0.016129032258064516
2022-11-24,1.0,9.0,1,5.216966633138878,4.863128672622808,5.207082073179179,5.066880941460119,4.682874529467548,0.10278878140279224,0.10446549761103595,0.010339203550489829,0.016129032258064516
2022-11-25,1.0,2.0,0,3.571106452287682,2.7591314528446036,5.271866368672866,5.24759823257755,4.87979659118342,0.12151835817820097,0.024989639335503543,0.03198418826538,0.016129032258064516
2022-11-26,1.0,1.0,0,3.804083620551744,4.202877341758347,4.321832449786976,4.3562554101526665,4.128258675069886,0.05943861916409799,0.01225770356977103,0.05422096191633963,0.016129032258064516
2022-11-27,1.0,6.0,0,4.468318397707888,4.11913995309781,3.5143394229089537,3.5770784030498066,3.350710684195664,0.021559889377250164,0.027142678452521128,0.030047123556501604,0.016129032258064516
2022-11-28,1.0,2.0,0,3.5465915637403658,3.5220741317750894,2.6334079967909845,2.752221408106192,2.6977455698479793,0.006652189495451388,0.033023726294890296,0.025879143591676354,0.016129032258064516
2022-11-29,1.0,1.0,0,4.414986410042736,3.229740110445618,3.652653666035252,3.6918065675473564,3.9081165540840375,0.046109007518280204,0.04409188944776063,0.02070487870094307,0.016129032258064516
2022-11-30,1.0,4.0,0,4.861000338034208,4.798584897030451,4.154319563864257,4.229407948629267,4.434739655376876,0.08165716424989865,0.06105406906388211,0.016026292388424297,0.016129032258064516
2022-12-01,1.0,2.0,0,3.554718789700799,2.8084620207192748,4.136179998607605,4.160342952665346,4.375837543039742,0.0770530332889655,0.029891199461446482,0.027924808735600923,0.016129032258064516
2022-12-02,1.0,4.0,0,4.158089173211518,4.065665413116936,4.090779171983201,4.132523070531583,4.196409698966452,0.06400790994268525,0.055908969342723894,0.01718594933252177,0.016129032258064516
2022-12-03,1.0,5.0,0,4.21770138583943,3.671292860727229,4.174739106407462,4.230397771340508,4.388241581865392,0.07800938882478686,0.04838704514624917,0.01925553901564456,0.016129032258064516
2022-12-04,1.0,3.0,0,4.276604926107638,3.8571586108349587,4.265180571506901,4.311255728208777,4.579463172918204,0.09364290324657445,0.034244366434989015,0.025169390692170796,0.016129032258064516
2022-12-05,1.0,4.0,0,3.609432811576352,2.627049969778533,4.096865989754767,4.161643500810859,4.2623270883397195,0.06862902124449102,0.03279541631813904,0.026016902545373186,0.016129032258064516
2022-12-06,1.0,4.0,0,4.186868467289014,3.81100141099707,3.8741722705226933,4.00213624288704,3.931847665424071,0.04744220448165255,0.029795033576708197,0.02799339544318778,0.016129032258064516
2022-12-07,1.0,1.0,0,3.9430969344221176,4.064159625872214,3.6064371676324827,3.6091893330208187,3.872423571199494,0.0441502729612402,0.03539013255517182,0.024541484381048605,0.016129032258064516
2022-12-08,1.0,4.0,0,4.27960444024356,3.959010466528441,4.60157152357804,4.587746095998435,5.01660770221937,0.13551500918269824,0.17716857508582648,0.006515015485436759,0.016129032258064516
2022-12-09,1.0,2.0,0,4.339129468143019,3.7006861025718134,4.090806740589947,4.066210579347592,4.245728493826713,0.0674466649672461,0.15610940584127161,0.007305756922195419,0.016129032258064516
2022-12-10,1.0,2.0,0,3.737840570119086,3.627158038754787,4.455862478752103,4.436794004074643,4.645891484073491,0.09946269054247486,0.12020929649843728,0.009179560423664773,0.016129032258064516
2022-12-11,1.0,5.0,0,6.142445572171583,6.075450746726477,5.5146078772340585,5.351184399609069,5.950078945160247,0.24950436591528916,0.18638846588463745,0.006217092177426946,0.016129032258064516
2022-12-12,1.0,2.0,0,6.042207244049559,6.33385087754205,5.616024416654852,5.4045423499744905,5.871492224219029,0.23886819452252342,0.328708676629379,0.0035003985325632843,0.016129032258064516
2022-12-13,1.0,3.0,0,5.0344295078842185,4.452627432499112,5.140894417352997,5.0065351201308825,5.369639514862896,0.17511568770567448,0.109341891381578,0.009949516524628308,0.016129032258064516
2022-12-14,1.0,4.0,0,4.6985378852877115,3.79256736066649,4.563654422048942,4.587935107248292,4.528678235001281,0.08932833035158802,0.1467907574753895,0.0077164740414266495,0.016129032258064516
2022-12-15,1.0,4.0,0,4.991723581089179,4.736212982699872,5.28870426243983,5.136731178735291,5.668190083308313,0.21211244653225336,0.20223871616926925,0.00575922922599585,0.016129032258064516
2022-12-16,1.0,6.0,0,5.292043250546028,4.180587168912902,5.199905338595195,5.0572124941018854,5.607265135635261,0.2043277481926226,0.22675860216890753,0.005158979440784909,0.016129032258064516
2022-12-17,1.0,5.0,0,5.1232896860749255,6.525505980652858,5.877951202105609,5.710461733263256,6.536535091767057,0.33276282973102717,0.2698544579880658,0.004330990616837451,0.016129032258064516
2022-12-18,1.0,4.0,0,3.1665095930360727,2.636161076974213,4.471230854005003,4.511909142167484,4.686656439517577,0.10313235937648726,0.05120003302296097,0.01842053151479282,0.016129032258064516
2022-12-19,1.0,1.0,0,4.746242942631098,4.632941275856724,3.982980821613716,4.0733658127927646,4.194804867464507,0.06389787937037565,0.09207374133895087,0.011486376535033935,0.016129032258064516
2022-12-20,1.0,6.0,0,3.6790993644301144,2.8114264130753885,4.50482093181213,4.532622336131305,4.77416944110974,0.11126026684743921,0.10608839730231251,0.010206106968708833,0.016129032258064516
2022-12-21,1.0,6.0,0,4.081911331468783,3.1276005855670443,3.912887882669204,3.9501397393477897,4.048838979678816,0.05437949467096368,0.07519585252342621,0.01355713781054746,0.016129032258064516
2022-12-22,1.0,8.0,1,5.084156771216265,5.225939468345195,4.523997526692717,4.650185897282459,4.541087078014852,0.0903717424226252,0.08114812598621247,0.012742605596638373,0.016129032258064516
2022-12-23,1.0,4.0,0,5.803324324712727,4.683878083653192,5.511611858993444,5.285510884955094,6.044239881189424,0.2624412836694001,0.17896309498631888,0.006454993207658365,0.016129032258064516
2022-12-24,1.0,0.0,0,5.256442987799138,5.21902879047513,7.828980518838538,7.717951844682335,7.82640853993023,0.5222023798108081,0.311495666335486,0.003716430224523957,0.016129032258064516
2022-12-25,1.0,6.0,0,6.368099502015183,6.292321620604624,6.1446676690859645,6.150806452587163,6.003874933364453,0.25687082087364,0.4105563518152872,0.002680419819735373,0.016129032258064516
2022-12-26,1.0,1.0,0,4.391332784003307,2.9344492830646294,4.760321721434731,4.694364859368882,5.15906575701737,0.1509107089130607,0.05283016421038129,0.017971780605435066,0.016129032258064516
2022-12-27,1.0,5.0,0,5.016026444639444,4.608641757525813,4.874009505243591,4.8346400208540565,4.9108256093181994,0.12462336562540649,0.11028570547193209,0.009877514095246025,0.016129032258064516
2022-12-28,1.0,5.0,0,5.38343246442162,5.31192700364258,5.072756661552857,4.873891917142003,5.793285892422798,0.22844045432744312,0.3478096694747277,0.003281326659996746,0.016129032258064516
2022-12-29,1.0,1.0,0,3.903620712972201,3.0514458355554495,4.870381078102726,4.818515038104064,5.380467106218816,0.17640463952916235,0.1657901505049078,0.0069210670580233235,0.016129032258064516
2022-12-30,1.0,4.0,0,4.048950197110706,4.5752667605453015,4.229396932099417,4.318516030462333,4.460371731442563,0.08371032815580469,0.07909979385714365,0.013011011252681996,0.016129032258064516
2022-12-31,1.0,4.0,0,4.372996459944762,3.713203884860839,4.303305881653132,4.238690460141063,4.735501414225182,0.10762706624334874,0.03478258990716962,0.02487002202790927,0.016129032258064516
2023-01-01,1.0,7.0,0,3.763896927776549,3.394745271939298,4.43318612158834,4.320390265889169,4.992047231281139,0.13294441520425176,0.009432427782717696,0.06551577681277189,0.0038683645077780804
2023-01-02,1.0,1.0,0,5.4402556119126775,5.016897879611006,4.91849291157302,4.880909515158889,5.037636130266919,0.1377357484846369,0.13385365842897357,0.008366503488094515,0.016129032258064516
2023-01-03,1.0,10.0,1,4.873013632420932,5.580415630435474,5.095037116062548,4.983524674779256,5.440666046030604,0.1836464904123911,0.13247697611113401,0.008442019345258822,0.016129032258064516
2023-01-04,1.0,10.0,1,3.704933619196223,3.0814745011413476,5.143421687856006,5.08731909360524,5.489553582977275,0.1896198782652224,0.01794867245974359,0.040969744681301615,0.016129032258064516
2023-01-05,1.0,3.0,0,4.314197439783047,4.155976822832591,5.139278319373411,5.133481240490129,5.298627833193934,0.16676741691900912,0.061486690483672175,0.0159364189012,0.016129032258064516
2023-01-06,1.0,3.0,0,4.196354346305092,3.9353412253092985,3.5881159894827634,3.6598255199063283,3.590522911369673,0.03058749036328011,0.056035924637323806,0.017155142195852895,0.016129032258064516
2023-01-07,1.0,2.0,0,4.011638259373508,3.567738209302048,3.7859111704385224,3.8694752713250264,3.8637366733846656,0.0436819652973105,0.04923176362918099,0.018996194961004534,0.016129032258064516
2023-01-08,1.0,2.0,0,4.057889009067321,3.881881588319938,3.3929383756436358,3.4707087213183523,3.625324243268735,0.032083582069406744,0.013321235358796863,0.051029267488849415,0.016129032258064516
2023-01-09,1.0,6.0,0,3.4070835251629017,3.695956626172857,4.19737931107269,4.31860201779187,4.16320913345646,0.06175552274940851,0.04113586156738176,0.02185151461465121,0.016129032258064516
2023-01-10,1.0,7.0,0,5.660299663491282,5.763174419445587,4.654633381546472,4.823690730985104,4.48876742131469,0.08601993065395105,0.0911328412570068,0.01158433615251826,0.016129032258064516
2023-01-11,1.0,6.0,0,5.512637319313608,4.91779367196086,5.016010753416316,4.972254390645932,5.6739847853047225,0.2128587408945231,0.1696211447968055,0.006779194593954878,0.016129032258064516
2023-01-12,1.0,3.0,0,4.992795153388022,4.959151084267384,4.982407560420443,4.958809028819899,5.380073930183557,0.17635776130327377,0.13335023757724312,0.00839396341986897,0.016129032258064516
2023-01-13,1.0,5.0,0,4.539684472275033,4.514541018182183,4.413992908531345,4.42994344194754,4.716824999324029,0.1058959399852914,0.1239118152157916,0.008943830004585937,0.016129032258064516
2023-01-14,1.0,3.0,0,5.357137636814022,5.3750773048272285,4.684551014677986,4.770060912961734,4.884508826520883,0.12198724623839531,0.10957959227164048,0.009931282534301733,0.016129032258064516
2023-01-15,1.0,5.0,0,3.592108411994985,3.123266304371968,4.3091981298947095,4.347439912032764,4.658323544955051,0.10057393558003767,0.054828730215433226,0.017453029278779758,0.016129032258064516
2023-01-16,1.0,8.0,1,3.35298634325877,3.0472208274497765,4.150753450740343,4.249863434835629,4.494021311234702,0.08645129974769339,0.019664205537892283,0.0382807896594033,0.016129032258064516
2023-01-17,1.0,10.0,1,3.5605930948876954,3.396861967004726,3.790634474108368,3.826192494335058,4.306536036767031,0.0718396922356169,0.03493496095869349,0.024786706477408865,0.016129032258064516
2023-01-18,1.0,7.0,0,3.777254498948174,4.130956517194923,3.305040347085419,3.4138791519301175,3.604969496072042,0.031202622894068777,0.025491701864669303,0.03150760402691922,0.016129032258064516
2023-01-19,1.0,9.0,1,4.192873423321936,4.62749913832975,3.0128513966510115,3.1974680328309457,3.239426896852419,0.018088356280769123,0.02023935171712873,0.03746640719788657,0.016129032258064516
2023-01-20,1.0,2.0,0,3.9814696678213797,3.600761854549179,4.379686123081257,4.2740727894117665,5.016553890979657,0.13550934976227288,0.0450836959569276,0.02034921240193004,0.016129032258064516
2023-01-21,1.0,7.0,0,4.331519183746749,4.524175950311681,4.521289944041236,4.533251336363418,4.947980136393035,0.12839528576587525,0.16736173795327527,0.006862199465285204,0.016129032258064516
2023-01-22,1.0,3.0,0,3.725177709636131,3.4094547140661122,5.240366944341459,5.162660510150415,5.790816572337444,0.22811387152311624,0.09315922753070584,0.011375476448847935,0.016129032258064516
2023-01-23,1.0,6.0,0,3.6788801210795707,3.1780142936996683,4.215681726708154,4.313559793914281,4.487438885384565,0.08591105116384963,0.04917755944203533,0.019012606826857188,0.016129032258064516
2023-01-24,1.0,4.0,0,5.307078239188379,5.311467685973459,4.405057279112641,4.503082349043182,4.466119767181457,0.08417487844222779,0.14976557006092375,0.007580634009028876,0.016129032258064516
2023-01-25,1.0,4.0,0,4.978709871240324,4.246054322427957,5.005463574972383,4.965159781443771,5.278766385709394,0.16446567064569786,0.2452804010364116,0.004773352490252456,0.016129032258064516
2023-01-26,1.0,2.0,0,5.105765525415579,5.691377269934389,5.045802417704112,4.965554729135656,5.4486994894753815,0.18462245799949728,0.33042779282364215,0.003479838503149662,0.016129032258064516
2023-01-27,1.0,3.0,0,5.525340546285185,5.857419511575156,5.126422700510878,5.002908039604147,5.6132631004228335,0.2050890640566204,0.2712733519293963,0.004307498746190238,0.016129032258064516
2023-01-28,1.0,4.0,0,5.50026523382711,5.525674934621368,5.867879381792114,5.67608283189249,6.386793457257311,0.3109832551214557,0.3107783337389948,0.003725857593336981,0.016129032258064516
2023-01-29,1.0,4.0,0,6.268342440424603,6.734903701683989,5.2851418294796195,5.14665727881665,5.643967599417608,0.2090038114199974,0.1929210981217138,0.00602068530879777,0.016129032258064516
2023-01-30,1.0,4.0,0,5.652039374605639,4.531680350716109,5.725009100920643,5.536775350198195,6.057380068429734,0.2642623580340347,0.14896313445677198,0.007616820381854942,0.016129032258064516
2023-01-31,1.0,8.0,1,3.355657457311701,2.5412771380346184,4.465870955602031,4.395544245115209,4.862286198233599,0.11978436269935461,0.08293413905033235,0.012517895211613906,0.016129032258064516
2023-02-01,1.0,3.0,0,4.695027809640349,4.9227684951673565,4.6750280899731145,4.669473714327381,4.86387058537984,0.11994071588586086,0.12810442816186465,0.008691029867757386,0.016129032258064516
2023-02-02,1.0,12.0,1,5.573895538941496,5.787035204233284,6.3802704406291975,6.102300686471602,7.072173464256418,0.41200927146794414,0.185137306616997,0.006256044068071641,0.016129032258064516
2023-02-03,1.0,17.0,1,3.5068187541114044,3.165136855521344,7.5818081418951415,7.264972632670482,8.965418440714616,0.6712372574599486,0.05358898235443987,0.01777090864329659,0.016129032258064516
2023-02-04,1.0,13.0,1,3.5075995765074857,3.6004200307898078,3.791021989213919,3.771464024096569,4.129264968812436,0.05950455175071735,0.05826906994125207,0.016632168770360476,0.016129032258064516
2023-02-05,1.0,8.0,1,4.127356807103619,4.094863095944633,3.6120485125644923,3.65268363835803,3.9491887226882234,0.04843209943263815,0.060824461157743336,0.016074437371941166,0.016129032258064516
2023-02-06,1.0,11.0,1,3.468392859548414,2.472189039737833,4.178880695787428,4.231005408148729,4.442962142390929,0.08231252172182432,0.025061688377152586,0.03191479638105338,0.016129032258064516
2023-02-07,1.0,9.0,1,4.329556876898105,4.364038455703302,5.452030197187992,5.3808633209272045,5.854198035447531,0.2365483938980541,0.1276976137689042,0.008714936900754247,0.016129032258064516
2023-02-08,1.0,5.0,0,4.288433787532378,4.640581477207621,4.43039186594359,4.3904705985886245,4.827819587327095,0.11640993660720915,0.05431269779808281,0.01758382878490857,0.016129032258064516
2023-02-09,1.0,9.0,1,4.7974615502870614,5.115883832213914,4.541804924306533,4.507306407202743,4.843573553067742,0.11794593191608126,0.05125217205915706,0.018405799460596155,0.016129032258064516
2023-02-10,1.0,5.0,0,5.333379865975412,5.836024367808881,4.645940681134405,4.696242224592053,4.692794455179308,0.10369134345959104,0.1500633873402709,0.0075672876726125176,0.016129032258064516
2023-02-11,1.0,6.0,0,3.5539321375883053,2.6954292304702885,4.538999704753235,4.611508507875063,4.612547572800949,0.09651654513246741,0.07364665217686692,0.013787580770080323,0.016129032258064516
2023-02-12,1.0,4.0,0,3.9801686036678987,4.291467786110799,4.351640515407055,4.331037192719261,4.659547767350744,0.10068373826213946,0.06001025583954142,0.016247710283913735,0.016129032258064516
2023-02-13,1.0,3.0,0,4.5712098763358355,5.2553465813528115,4.297565123954349,4.375120908837409,4.389663893380332,0.07811950029807298,0.13201029751347654,0.008467923360560395,0.016129032258064516
2023-02-14,1.0,5.0,0,5.627727504096079,5.853877330115147,5.291223763313061,5.242126172921362,5.569406565515658,0.19954853538425757,0.19888325700484621,0.005850998824887749,0.016129032258064516
2023-02-15,1.0,4.0,0,5.518144718706265,5.528391102417493,6.049825291552918,5.803608138854274,6.6565648564660975,0.3503899299970827,0.16295660317821192,0.007029637197608765,0.016129032258064516
2023-02-16,1.0,7.0,0,5.019063010591451,4.803864250752764,4.507594593826193,4.526867615257324,4.654363936233904,0.10021925151379658,0.24448453608349624,0.004788912633572459,0.016129032258064516
2023-02-17,1.0,7.0,0,3.364489284251278,2.31987976048861,5.90364227936183,6.056046776567121,6.091221296133596,0.26896922184196775,0.07939151029808772,0.012972060097678303,0.016129032258064516
2023-02-18,1.0,3.0,0,3.437475043017584,3.2435720310316913,4.602909651151643,4.865888086972874,4.9651921227515325,0.13016241792535424,0.07286239380432051,0.01390744190291753,0.016129032258064516
2023-02-19,1.0,5.0,0,3.0789600220908584,2.9340679049965543,4.607958328624424,4.626203913519171,5.019802195046896,0.1358511938917862,0.04045470576452929,0.022136004751006626,0.016129032258064516
2023-02-20,1.0,9.0,1,3.557658095761976,3.650513931529136,4.431460199793743,4.492311330607135,4.796819385832443,0.11341899109976217,0.034960264142317427,0.024772931060989534,0.016129032258064516
2023-02-21,1.0,9.0,1,4.079193442819465,4.042807555133907,4.658255512417429,4.66070953228593,5.254121296448638,0.16163008706121748,0.08686186227044085,0.012051781663521645,0.016129032258064516
2023-02-22,1.0,8.0,1,3.38822734592317,3.1210453230418334,4.593085252464831,4.691959178327145,4.76094172865232,0.1100099845740603,0.040158123637652886,0.022262456371952018,0.016129032258064516
2023-02-23,1.0,13.0,1,4.339911817029217,5.031864643416581,5.044593402165002,4.950164000964999,5.781223528595207,0.22684671975544585,0.1193792712740367,0.009234118873354631,0.016129032258064516
2023-02-24,1.0,6.0,0,4.9093666885440435,5.70534452824106,4.979787229979503,4.9333124854257155,5.267390416598409,0.16315394894266538,0.3420329114741094,0.003345476359901545,0.016129032258064516
2023-02-25,1.0,4.0,0,4.988531300955271,4.372426285650899,4.4481926965409535,4.560822871022309,4.514759988874976,0.08816633637522837,0.18229405785343655,0.006346242349158126,0.016129032258064516
2023-02-26,1.0,6.0,0,4.034290849199833,3.7020334313680485,5.3124505330314316,5.2028284850558615,6.083055533868125,0.2678312797785567,0.10645433662868012,0.010176576726847495,0.016129032258064516
2023-02-27,1.0,7.0,0,4.32193093376266,3.940293020552704,5.1264469226944,5.10751596527902,5.560679303800027,0.19845329085787183,0.1984786824645633,0.005862240473696331,0.016129032258064516
2023-02-28,1.0,4.0,0,4.90507109952042,4.710228034618919,4.827406619339246,4.824411746652932,5.236440287236995,0.15960991071460984,0.1822599295379696,0.006347339491478257,0.016129032258064516
2023-03-01,1.0,2.0,0,5.515489367810196,5.847000587955208,5.441179462931353,5.453701467109348,5.553875159011987,0.197601092962328,0.25140352723375714,0.004656399133129414,0.016129032258064516
2023-03-02,1.0,6.0,0,5.516765228320613,4.593754741570636,5.447906564396347,5.336950729864889,5.966495011054339,0.25174511964799146,0.175916347076789,0.0065575138116113684,0.016129032258064516
2023-03-03,1.0,7.0,0,4.595481371670533,5.125881618816355,5.867290859873311,5.841691884153595,6.232559334028015,0.28887216086020784,0.15734730339999806,0.007254325621246356,0.016129032258064516
2023-03-04,1.0,3.0,0,4.104043750457185,3.4732495115060056,4.748002745309662,4.850496503790656,4.915122916466938,0.12505662993660555,0.15831994797459398,0.007214395479357471,0.016129032258064516
2023-03-05,1.0,2.0,0,4.652653438333411,5.303853166579378,4.658637865589253,4.699336504091849,5.04553819525759,0.13857495865567562,0.19962871938726326,0.005830385972651282,0.016129032258064516
2023-03-06,1.0,4.0,0,3.3271542094373032,3.3276784292163266,3.577921451568657,3.648840474650258,3.795455606583507,0.04011455385843332,0.09929122037122683,0.01078831625376215,0.016129032258064516
2023-03-07,1.0,4.0,0,4.123720294917792,4.47192402687,3.415336077789488,3.414856907352927,3.754372136325311,0.038064272376868456,0.08826556439032439,0.01189387035640401,0.016129032258064516
2023-03-08,1.0,5.0,0,4.426082822928507,4.3023659361550175,4.317590948982299,4.313632123772138,4.77465759930619,0.11130655483461044,0.11725710259685405,0.009376610307352902,0.016129032258064516
2023-03-09,1.0,1.0,0,3.8345841085886345,3.9635973114013896,2.86847965011776,2.99476890044416,3.0531634939399916,0.013202211226609374,0.17238113758713716,0.006680312224459863,0.016129032258064516
2023-03-10,1.0,2.0,0,4.31315905778283,3.5402837435621377,3.2399240853459204,3.296099126150362,3.3335848799916437,0.020997270263772284,0.09613191454139201,0.011082806799258564,0.016129032258064516
2023-03-11,1.0,2.0,0,4.391502967995202,4.708767182729979,4.158836931189364,4.12435705564119,4.426022571346216,0.08096576567934484,0.13123955197074544,0.008511049600406946,0.016129032258064516
2023-03-12,1.0,5.0,0,3.508197670697605,2.646408564366497,3.2174498844213253,3.3923475637420175,3.275427602269718,0.01916422006500365,0.16076429072969586,0.007115865256840754,0.016129032258064516
2023-03-13,1.0,5.0,0,3.431522747551093,2.8660067800168543,4.286256232361197,4.3885319239883485,4.328900080188538,0.07349800166379175,0.04723795335460164,0.01962107375954742,0.016129032258064516
2023-03-14,1.0,2.0,0,3.896077002574866,2.976132497682185,3.818295757018812,3.936917572732661,3.959445289159814,0.04902383893826157,0.06983983878104207,0.01439092390031294,0.016129032258064516
2023-03-15,1.0,6.0,0,4.22223615672611,4.0760006660972055,4.509195042233296,4.591870805080314,4.669760711590118,0.1016023727369171,0.09606580062687653,0.011089146713336636,0.016129032258064516
2023-03-16,1.0,7.0,0,3.058006574649387,2.5698619300633703,3.749924649219414,3.7585492442666095,3.9559793385201227,0.04882335447544009,0.08418907255880448,0.012364912566683964,0.016129032258064516
2023-03-17,1.0,2.0,0,3.4247794619769842,1.8839453880376524,3.4267962747312963,3.5152786724878164,3.5775808230071484,0.030043512092251604,0.07632866977017305,0.013393729824943806,0.016129032258064516
2023-03-18,1.0,4.0,0,3.689761390245356,3.2317400729947297,4.288270233360209,4.310859590518259,4.442823904850905,0.08230147819229383,0.06916522097514666,0.014503775614976434,0.016129032258064516
2023-03-19,1.0,3.0,0,3.6467820597593152,3.323397443879147,4.429657661002704,4.416330756878396,4.478202519922915,0.08515631710624094,0.08891251801993989,0.011822533389551741,0.016129032258064516
2023-03-20,1.0,1.0,0,3.9027246215309024,3.4943500593700603,3.9068313599894795,4.0836509565524395,4.000559651243709,0.05144274574471159,0.12451466616479098,0.008906585198304447,0.016129032258064516
2023-03-21,1.0,1.0,0,3.6409462324127024,3.335320935527689,4.400764547911957,4.443836517181232,4.457000810206451,0.08343859649347259,0.11359034566803555,0.009633509190755028,0.016129032258064516
2023-03-22,1.0,2.0,0,3.591377805426505,3.5414015395510323,4.189161038575683,4.2562925258358115,4.236069901194088,0.06676446396389409,0.07525378655228926,0.013548678404618819,0.016129032258064516
2023-03-23,1.0,5.0,0,4.114815638149348,4.004600372966226,4.285767957701208,4.428776299788183,4.166989634164832,0.06200946526534474,0.09528077119327755,0.011165002563114205,0.016129032258064516
2023-03-24,1.0,3.0,0,3.220395135773257,2.6750269156891315,4.096569296906348,4.161089071553211,4.231439320783665,0.0664389123370053,0.07303341120197471,0.013881116195345966,0.016129032258064516
2023-03-25,1.0,6.0,0,2.783607628076542,2.6404289144429103,3.8772539109380517,3.9546223659117037,4.2262639448553445,0.06607621929705647,0.09114932432621715,0.011582605127737376,0.016129032258064516
2023-03-26,1.0,4.0,0,4.125734336314296,4.519168854412425,3.8369104924136948,3.977419479924438,3.879054059590749,0.0445099299855806,0.11584334109745881,0.009474011017828729,0.016129032258064516
2023-03-27,1.0,4.0,0,3.8411917131877233,3.344165203976779,3.2070482903931525,3.2937512910309557,3.3518602927858416,0.021598033556758604,0.06946472078703825,0.014453442126902681,0.016129032258064516
2023-03-28,1.0,4.0,0,4.137461297553592,4.410872713377964,3.9507858995303438,3.897465332190351,4.296994642593253,0.07113916996319611,0.09957948688050113,0.010762245160218559,0.016129032258064516
2023-03-29,1.0,3.0,0,3.9062026989585816,3.103250038738188,3.6567233066738174,3.7097157423980684,3.708735121098537,0.03587026825713198,0.12684531175205857,0.008765448274843705,0.016129032258064516
2023-03-30,1.0,6.0,0,3.7522495003650556,3.502009931217517,3.9552232175549564,3.975524077848673,4.360469296112774,0.07587792139674783,0.1359088907082623,0.008256202666965686,0.016129032258064516
2023-03-31,1.0,3.0,0,3.974842709637703,3.627429089584499,3.6012614312735667,3.7569852119184017,3.9042397265604825,0.0458935603755725,0.17808276773772072,0.006484309825518247,0.016129032258064516
2023-04-01,1.0,5.0,0,3.52957373191616,3.748010818989674,5.047734037490114,5.017002015130851,5.200976154469247,0.15559390806284673,0.11810038213488784,0.009319464311698458,0.016129032258064516
2023-04-02,1.0,6.0,0,4.038173344380298,3.375396954514125,3.392329752260155,3.458125961232159,3.5538389889999804,0.02906291820868212,0.07875549467893178,0.013057302139383348,0.016129032258064516
2023-04-03,1.0,5.0,0,3.236761680634384,2.6134238326389188,3.523807154213117,3.5813270733300016,3.6584867320163763,0.03355487720520995,0.057957739616364405,0.016702998728221334,0.016129032258064516
2023-04-04,1.0,4.0,0,3.275191817687067,2.3325505776396263,3.029351511011382,3.1674648228871636,3.2279239619054785,0.017753894690022233,0.039635388105404505,0.022489274490960814,0.016129032258064516
2023-04-05,1.0,5.0,0,3.7205656557414937,3.5464503579526507,3.122943629839056,3.258439904172065,3.3330229147870134,0.020978986339387832,0.047048824308341765,0.01968270371583508,0.016129032258064516
2023-04-06,1.0,3.0,0,4.434897684432064,3.85516485325994,4.01612335993952,3.9459030582215346,4.196837865992262,0.06403728581975526,0.11132870526757255,0.009799162851558409,0.016129032258064516
2023-04-07,1.0,3.0,0,3.7699831794791887,3.3178636510409403,3.735048816751949,3.8078759853772786,4.117499697059016,0.05873655892266778,0.15776267300384636,0.007237222133399869,0.016129032258064516
2023-04-08,1.0,5.0,0,3.898772533062765,3.293267315708089,3.991358726388974,4.026658599954234,4.236375358867488,0.06678597355550121,0.13800640389540708,0.00814653107602597,0.016129032258064516
2023-04-09,1.0,1.0,0,4.202370173357863,4.354830505474223,3.8919305126278756,3.988506069558033,4.0751715945367035,0.05602535992981957,0.15715068212050665,0.007262448629227467,0.016129032258064516
2023-04-10,1.0,2.0,0,3.3506606022195315,2.773894381772575,3.1295883141872527,3.2219371051909276,3.225055868957976,0.017671196009192848,0.06323046909525494,0.015584907402946366,0.016129032258064516
2023-04-11,1.0,2.0,0,2.9547952568471083,2.1039154252208334,2.9313092931421862,2.972329713453153,3.0399529245928223,0.012896845612860468,0.086176834202174,0.012130445783871017,0.016129032258064516
2023-04-12,1.0,1.0,0,4.681161662730426,3.6700606857482247,3.5730720894610393,3.5226339144420815,3.8393360438929163,0.042384048172042506,0.11854842884859401,0.009289385052562663,0.016129032258064516
2023-04-13,1.0,4.0,0,4.158975639152555,3.656301932544618,2.8082026213949294,2.8672505112405577,2.9381611554715565,0.010714424290889932,0.10198731804711607,0.010549426795490513,0.016129032258064516
2023-04-14,1.0,4.0,0,3.854528123091115,2.5616717087464305,3.11331622542751,3.121345432286293,3.1357276423034146,0.015231434115755024,0.12934966036378642,0.00861865164875795,0.016129032258064516
2023-04-15,1.0,3.0,0,4.9635123929266305,4.706625920596348,3.678827359961376,3.7771469869442518,3.500118502796945,0.026925899665036137,0.12087844677109237,0.009136043576963702,0.016129032258064516
2023-04-16,1.0,6.0,0,4.204875965904932,3.026104159497431,3.5161017922593927,3.446016444690069,3.6650411788716237,0.03385099265269594,0.18898894484905499,0.006137531576577422,0.016129032258064516
2023-04-17,1.0,6.0,0,2.9845957295288645,1.846576069054363,3.3768667144945748,3.3111720800443125,3.783000511578753,0.039485401232976586,0.06855010125429174,0.014608335463668222,0.016129032258064516
2023-04-18,1.0,4.0,0,3.0178315386227723,2.2196149815986117,3.3698151679561263,3.3469917706167234,3.650206419238255,0.033183307991798285,0.08379048140931555,0.012413076311404167,0.016129032258064516
2023-04-19,1.0,1.0,0,3.761562985857243,2.5917493234682407,4.513543477127242,4.376746010673648,4.962969822133549,0.12993355667258188,0.09958205756603253,0.010762013247377628,0.016129032258064516
2023-04-20,1.0,4.0,0,3.3661989188709445,2.8567727720540104,3.9224140741707343,3.7991198283162104,4.2119754189395096,0.06508122757109766,0.08068488828202648,0.012802281711336344,0.016129032258064516
2023-04-21,1.0,4.0,0,3.704022368686334,3.5683329094107177,3.098617192293557,3.1388345481593927,3.0359023047623888,0.012804257425694472,0.2638779793235048,0.004432238861603594,0.016129032258064516
2023-04-22,1.0,2.0,0,2.9815435302787354,2.0007894198295624,3.5203731382831442,3.4405092763642706,3.6983993470305703,0.03538546869146405,0.08794976092639206,0.011929019701106786,0.016129032258064516
2023-04-23,1.0,3.0,0,3.802099132261191,3.123197004824014,3.4427754921076064,3.4335515717877434,3.7038513370598842,0.03564064057136561,0.09568489425435836,0.01112581959309713,0.016129032258064516
2023-04-24,1.0,1.0,0,2.6344326519908856,2.1181174105105973,2.71660190082901,2.7781246890178983,2.763553802841992,0.007623205570285122,0.0833517539754393,0.012466546855284146,0.016129032258064516
2023-04-25,1.0,2.0,0,2.5583407783024548,1.7415638118836656,3.2152467972331977,3.216527191461467,3.455739651095133,0.02524461925353125,0.05439816767460234,0.017562017376687337,0.016129032258064516
2023-04-26,1.0,4.0,0,3.8806330553114203,2.917646384978161,3.57449940669198,3.6637968135348653,3.902392483139149,0.04579113513635609,0.05012065234646515,0.018731413781914303,0.016129032258064516
2023-04-27,1.0,4.0,0,4.238252938249132,4.040983628109224,3.3269595814705593,3.3038884763775336,3.4530622615253215,0.025145586691832707,0.054401252707752035,0.017561231195205786,0.016129032258064516
2023-04-28,1.0,14.0,1,5.736183460071942,4.932514658940386,4.704747476759483,4.743488051054578,5.032862173457809,0.13722998980003867,0.22916130788396363,0.005106013995972477,0.016129032258064516
2023-04-29,1.0,6.0,0,4.91040214905641,4.566171536140244,5.485534781348033,5.105634424336235,6.911827375938507,0.3881852068554224,0.08501436923718092,0.012266421929756863,0.016129032258064516
2023-04-30,1.0,6.0,0,3.3504405579802112,2.6264097892119063,5.825504736053856,5.301813283361438,7.981388521909896,0.5440164031809198,0.14184442841982298,0.007953045192094443,0.016129032258064516
2023-05-03,1.0,5.0,0,2.257502260805508,2.2686137994223463,3.9503014874893845,3.683702010547061,4.986859020624894,0.13240460508322352,0.06014617385974326,0.016218505137084584,0.016129032258064516
2023-05-04,1.0,6.0,0,2.423171285636788,2.209217773553994,3.5841114710818918,3.368659607810912,4.526775539112683,0.0891689593641514,0.049991913238915636,0.01876926151542588,0.016129032258064516
2023-05-05,1.0,6.0,0,2.7128665274094677,1.8591159713179086,2.6831372822310566,2.4573552090977397,3.4700127848710913,0.025777148313762068,0.15527423934389156,0.007340849747409993,0.016129032258064516
2023-05-06,1.0,2.0,0,3.399507687722221,2.253398049997176,3.0106503192685947,2.910963393865707,3.7541813311277283,0.03805491711591485,0.0843644815303969,0.012343840902485536,0.016129032258064516
2023-05-07,1.0,1.0,0,3.291829729888683,2.6255725755721713,3.983978152697987,3.8084979962313956,5.257645774148827,0.16203419953887332,0.0423880485535384,0.0213490564086259,0.016129032258064516
2023-05-08,1.0,4.0,0,3.020097106524893,3.040064821830028,4.055770430722637,3.965652978627608,5.20266651813448,0.15578422810944412,0.04540335957372595,0.020237425455228726,0.016129032258064516
2023-05-09,1.0,3.0,0,3.4411240530820466,4.35178878652539,4.5839174097382775,4.473031266328488,5.939064875910751,0.24800456633051016,0.043446151159306313,0.02094391283248441,0.016129032258064516
2023-05-10,1.0,3.0,0,3.4422256739145065,3.668294554869385,4.85445724456783,4.638537391229286,6.577722746745635,0.3387969238080072,0.061713653590870464,0.015889702441631365,0.016129032258064516
2023-05-11,1.0,3.0,0,4.4754772155529565,5.481577165614871,5.798744679142637,5.31500118375551,8.02774892204535,0.5504640381001658,0.04672236269476671,0.01979009183038552,0.016129032258064516
2023-05-12,1.0,1.0,0,4.103295166076427,4.7961937233554215,9.418592551852818,8.656437805459298,12.185563906951128,0.9173090400491253,0.09028849248871858,0.011673733155484922,0.016129032258064516
2023-05-13,1.0,3.0,0,3.980267390710873,3.3449943368653514,4.245807125503883,4.2646886625989255,4.972507395864207,0.13091723735646332,0.03773137273865372,0.023360734115282368,0.016129032258064516
2023-05-14,1.0,1.0,0,3.891194886162623,3.0953119584835562,3.7423426831126467,3.705551633858821,4.312216913683216,0.07225876037268038,0.16158316168952427,0.007083424670758057,0.016129032258064516
2023-05-15,1.0,5.0,0,4.135956209459308,3.5431691523161035,3.0280016773830405,3.1951407198359942,3.266091722763452,0.018880954851129568,0.07724042005804865,0.01326520632134526,0.016129032258064516
2023-05-16,1.0,4.0,0,4.240569533691375,3.6620466988455296,2.9037019605687933,2.960479119330413,3.286687370078703,0.019509869419356257,0.14238549111285123,0.007926485586714622,0.016129032258064516
2023-05-17,1.0,3.0,0,3.3961174552225875,2.399502855288521,2.879087815147767,2.96509808837629,3.325855372806375,0.020746772314606653,0.05512245853755684,0.01737951779799904,0.016129032258064516
2023-05-18,1.0,3.0,0,2.813835197374573,2.5718219951031527,2.7064026685934626,2.846772169807338,3.071102449392655,0.013625279259352653,0.020673749323675848,0.03687689012250593,0.016129032258064516
2023-05-19,1.0,6.0,0,2.959751682271152,2.0478225005067525,3.0681996058683807,3.1832320747169396,3.2361354370284032,0.017992196720998874,0.041824986907431895,0.021571800258759877,0.016129032258064516
2023-05-20,1.0,5.0,0,3.068157083481677,1.4916933726354624,2.720565545274,2.7782020757206154,3.1763659151139425,0.01630904472717683,0.05111166631099815,0.018445558740979334,0.016129032258064516
2023-05-21,1.0,7.0,0,4.843291763020806,3.9896110844603103,4.57776072556046,4.672752030677276,5.544007424553682,0.19636785252516362,0.13105730691054152,0.008521310246466074,0.016129032258064516
2023-05-22,1.0,5.0,0,3.837007884961051,3.9843956991164933,5.723815001021549,5.092018609178049,5.87231632610356,0.23897892962010914,0.17636637122060597,0.0065421819030731295,0.016129032258064516
2023-05-23,1.0,3.0,0,5.281570508747798,4.23739305738242,5.110020651525426,4.7594450533198245,4.990601753011642,0.1327939069074594,0.17524055760101415,0.006580662735008218,0.016129032258064516
2023-05-24,1.0,3.0,0,5.180753384599903,4.437713124881841,5.662015402490419,5.3110495873934624,5.385711291375521,0.17703042822407164,0.2638762656379111,0.00443226843979896,0.016129032258064516
2023-05-25,1.0,7.0,0,2.7668587118126102,3.1846926932507844,3.0434957137198926,3.030251719404039,2.7839529721623957,0.007944771286790239,0.14981006003266478,0.00757863737036679,0.016129032258064516
2023-05-26,1.0,2.0,0,3.300293666246464,1.590006183288416,3.088508545810023,3.161796677007149,2.8117683862124423,0.008399494445214685,0.16171567856723132,0.007078201123179245,0.016129032258064516
2023-05-27,1.0,8.0,1,2.345320130682045,2.9509476180585086,2.332390049381102,2.4389316550653777,2.0741540494205335,0.0013925870904571169,0.21457171031156225,0.005442876302558135,0.016129032258064516
2023-05-28,1.0,2.0,0,3.3937812831120624,3.3749215340446352,1.1803303267882372,1.3053116042344923,1.0423295832174535,1.3984697591314312e-05,0.24424488311457435,0.00479361475129,0.016129032258064516
2023-05-29,1.0,4.0,0,1.9725900803483047,2.13600932124577,3.807249813422209,3.718696433725632,5.045267441652425,0.13854616189737956,0.0637463398169582,0.015484091517387841,0.016129032258064516
2023-05-30,1.0,6.0,0,1.9588781417168981,1.7941289285784445,3.264519698827877,3.2029190669749887,4.057269114129243,0.05490300635182419,0.06603932019759873,0.01505241299154172,0.016129032258064516
2023-05-31,1.0,3.0,0,3.817891084826349,3.9880963107498055,3.284092696430759,3.209554623788962,3.9580223064358724,0.04894146354869128,0.08944222410717574,0.011764784962443877,0.016129032258064516
2023-06-01,1.0,6.0,0,2.661796799275187,2.4015967540556264,5.3715287910046445,4.928402565878161,7.178076562283245,0.4277268215471607,0.09484985494405601,0.011207098699942247,0.016129032258064516
2023-06-02,1.0,5.0,0,4.156457648782834,3.1581545955665495,4.938108759987775,4.6664480589575135,5.883389051690622,0.24046845903685826,0.18681384774247298,0.00620394959667512,0.016129032258064516
2023-06-03,1.0,2.0,0,4.359649605707169,4.145387717386447,4.865133596977985,4.828196800267561,6.070267946708137,0.26605205179712094,0.2165248972510491,0.00539557131443453,0.016129032258064516
2023-06-04,1.0,4.0,0,3.2160463390572787,1.9056943105440316,8.684958020973221,8.497422686549205,9.94058952905713,0.7733483576164208,0.14488382864491997,0.007806045857393433,0.016129032258064516
2023-06-05,1.0,3.0,0,2.6312320851058546,2.3187429290371204,3.2203531825980662,3.3952755050825876,3.5922904703040213,0.030662303372321578,0.06923575195607219,0.014491888609918459,0.016129032258064516
2023-06-06,1.0,4.0,0,5.038795014856381,4.161667519689819,3.665793715939396,3.832873685672717,3.838234302899505,0.04232605224194213,0.05856219127209753,0.016566073216211223,0.016129032258064516
2023-06-07,1.0,2.0,0,2.3204704908619767,1.2289903633811983,3.738094870156988,3.8026064832353708,4.352508556387641,0.07527347266353811,0.06185472199233114,0.015860814418314013,0.016129032258064516
2023-06-08,1.0,5.0,0,5.81557535174177,5.172700780874506,7.313650432866324,7.144796072737359,8.47742773461264,0.6108495468089592,0.18225439426176032,0.006347517469952355,0.016129032258064516
2023-06-09,1.0,3.0,0,2.2214477257352527,1.7377615088442495,3.549007790162836,3.572529585784593,3.691960292807536,0.03508568841243521,0.15407300858924658,0.007391891502699823,0.016129032258064516
2023-06-10,1.0,4.0,0,2.0215526292237618,2.0013771642181646,2.780448764584754,2.7870704030460987,3.0353847721107288,0.01279246289146647,0.11586126811065817,0.009472763211936852,0.016129032258064516
2023-06-11,1.0,2.0,0,2.662433050336019,3.3406156546180354,3.052312941199862,3.037954810755284,3.32762857918928,0.020804050443631206,0.15657934590221326,0.007286150694448643,0.016129032258064516
2023-06-12,1.0,5.0,0,3.1830247197964123,3.8346228801144857,3.851906584704978,3.7039380933567982,4.156655138962691,0.06131682129307474,0.17933808996223607,0.006442579282946194,0.016129032258064516
2023-06-13,1.0,3.0,0,3.1330006506030155,2.8851336492551587,3.7074360112970415,3.6772211498707836,3.997302135020115,0.05124835024082436,0.16131724078194082,0.007093928746135336,0.016129032258064516
2023-06-14,1.0,3.0,0,2.66813504585585,2.685857032626772,3.545417766098324,3.387185445967065,3.960010714019563,0.04905659585512873,0.12198529260384162,0.009064959625092763,0.016129032258064516
2023-06-15,1.0,4.0,0,2.676889699309167,2.416554998648677,2.5261187336879525,2.4007965840428045,2.6297607203840934,0.005750313533702661,0.11362491508353276,0.009631021017633655,0.016129032258064516
2023-06-16,1.0,9.0,1,3.1371364461727484,3.0819828222825243,3.5534077279914085,3.484302344948358,4.130309917077062,0.059573065615458096,0.13523194403370886,0.00829221699393825,0.016129032258064516
2023-06-17,1.0,3.0,0,3.800434595394834,5.479583376952237,3.342140918974394,3.5127759802806047,3.8858895825829687,0.044882714671124424,0.14837416178921575,0.007643592587350591,0.016129032258064516
2023-06-18,1.0,1.0,0,3.448522524458942,3.3220369672810364,2.8618506908845784,2.915997798730554,3.384222417090871,0.022691447035082458,0.14203956116593902,0.007943446647346971,0.016129032258064516
2023-06-19,1.0,6.0,0,2.485874346287593,2.4159590961951363,3.5259100959772365,3.4379961107871417,4.137986854504056,0.06007793693652719,0.12457173711007591,0.008903075268082008,0.016129032258064516
2023-06-20,1.0,2.0,0,3.8045012951595436,4.236694059888372,3.344043426970706,3.3872020211742586,3.657178597983662,0.03349598951751209,0.17927297496833933,0.006444731706718758,0.016129032258064516
2023-06-21,1.0,2.0,0,4.875734076241643,5.09383241697645,4.2436121447887265,3.9669150054581768,5.077185103562304,0.14196146937417242,0.05308138038870782,0.017904733427200496,0.016129032258064516
2023-06-22,1.0,2.0,0,5.327772022327305,4.525498144202796,8.520474054266987,8.018545387300808,9.56548164031631,0.7371070420995096,0.07602591894368196,0.013436991684350356,0.016129032258064516
2023-06-23,1.0,2.0,0,5.225929658896482,5.55036671292252,4.311355469509813,4.426337638615544,4.381692326783274,0.07750356007603326,0.09208530057911682,0.011485183758733428,0.016129032258064516
2023-06-24,1.0,3.0,0,6.095004564322717,6.178604016904639,4.182481308842624,4.067253598401033,4.027251063501803,0.05305343557816038,0.1894736813825132,0.0061229058185332565,0.016129032258064516
2023-06-25,2.0,1.0,0,2.8832875365078885,3.1684129488856225,5.133754963950475,5.081311281563758,4.504693569272636,0.1036990524271126,0.16141631163896591,0.07528492278450931,0.07874015748031496
2023-06-26,2.0,3.0,0,3.306077084393856,2.9543040396891445,4.252604468371825,4.229990385773348,3.1908229982367415,0.02330370527748461,0.13931713994302913,0.0734630767360286,0.07874015748031496
2023-06-27,2.0,4.0,0,3.2472878546128836,3.2596205036272528,2.835730791184491,3.0269347489399263,2.065961788944269,0.0022816521480714127,0.15286683604388168,0.07460117715642832,0.07874015748031496
2023-06-28,2.0,7.0,0,3.6820784733135863,3.154196500668003,3.050057231758756,3.256356309410483,2.3230140697538015,0.004452882013941327,0.1617481160622885,0.0753109738856915,0.07874015748031496
2023-06-29,2.0,5.0,0,3.155456100989351,2.8102965403119176,3.0809133656616345,3.1838853315380193,2.340141084340707,0.004638936025528498,0.2268290545127978,0.07989102745120592,0.07874015748031496
2023-06-30,2.0,5.0,0,2.9135176083549004,3.1086820304498675,2.5619598398100862,2.7186112315839055,1.7240430220895036,0.0007721881180151541,0.12750312152155863,0.07240700237355029,0.07874015748031496
2023-07-01,2.0,3.0,0,3.487262965511337,3.645189859918988,3.1028196735740172,3.0585278031312866,2.379726680297838,0.005091254591909788,0.08391848503039467,0.06775889172134235,0.06766917293233082
2023-07-02,2.0,2.0,0,3.352243808753569,3.2328090221848105,3.893139000914132,3.7950092736375973,2.9742761263803743,0.016500326362917192,0.1527393212388213,0.07459078982843269,0.07874015748031496
2023-07-03,2.0,4.0,0,4.4370140049404405,4.390307805630161,4.3983110210217795,4.271776882939284,3.3261364126303388,0.028403106013455783,0.16340146118525475,0.07544026731404041,0.07874015748031496
2023-07-04,2.0,5.0,0,3.2331171492817665,4.092830562817837,4.092799296237289,3.9376669450209727,3.1624684809452415,0.02231994341258129,0.2192768150270194,0.0794029992543535,0.07874015748031496
2023-07-05,2.0,3.0,0,3.797872765634291,4.308154379300953,3.341914213390436,3.4656660780584905,2.5801159383428662,0.007902982066926545,0.1957686463320885,0.07782003972773904,0.07874015748031496
2023-07-06,2.0,2.0,0,3.689181037829017,3.3872231496426894,3.1337215367095563,3.290601705410681,2.3649482652285587,0.004918695655182856,0.16663570181238221,0.07569075514084546,0.07874015748031496
2023-07-07,2.0,8.0,1,4.761016225531108,3.783789215617075,3.696420008335012,3.8011816873905597,2.893004119574205,0.014350725894561624,0.0969393670857884,0.06930499271938251,0.06766917293233082
2023-07-08,2.0,5.0,0,5.703307961695317,5.517271494054184,3.712716344357157,3.7105573863427685,2.9262094288676606,0.015203573974569253,0.1877363562009009,0.07725370346154663,0.07874015748031496
2023-07-09,2.0,4.0,0,2.9980012172385724,2.044865281590092,2.5480420692456276,2.7627669580759147,1.9745354816973215,0.0017498029344959905,0.056284288573714224,0.06373329654470564,0.06766917293233082
2023-07-10,2.0,3.0,0,2.9824153412702543,2.626399245728975,3.2046357825953535,3.132373258030248,2.8526637801610746,0.013360759758289842,0.06547233768665751,0.06521669162056318,0.06766917293233082
2023-07-11,2.0,5.0,0,3.86339515911797,2.5622179000221275,2.6237032413986627,2.7506888165786565,2.0631931867393187,0.0022639106081920215,0.054578662478742206,0.063436975614141,0.06766917293233082
2023-07-12,2.0,3.0,0,2.94424838703034,2.4299508483413708,2.592289809220918,2.6748327937653844,2.112592870307668,0.00259687776363923,0.032944978428774176,0.058815124630429594,0.04938271604938271
2023-07-13,2.0,2.0,0,2.8520133709741167,2.728252236684918,2.637895512815268,2.6730205624122134,2.2866181947866395,0.004076199185486943,0.0382402119042855,0.06013563815861164,0.04938271604938271
2023-07-14,2.0,2.0,0,2.863763337814311,2.3828104310350464,2.8870928410250998,2.9309079980643253,2.50268634419273,0.006707627924816098,0.032543487348835935,0.0587080193654041,0.04938271604938271
2023-07-15,2.0,5.0,0,2.633880560089244,2.264027461755367,2.7043931845222944,2.72114593791153,2.337929137806805,0.004614584585301695,0.06388930028116187,0.06497341300342235,0.06766917293233082
2023-07-16,2.0,8.0,1,3.1018717065834327,2.220397633646287,3.0484306581749023,3.106733692868114,2.7041428683379394,0.01013237102441613,0.08838330952840712,0.06830829768335991,0.06766917293233082
2023-07-17,2.0,3.0,0,3.052969726009439,2.894768418957694,2.7886127836826846,2.760144098902478,2.626157217559865,0.00868379873705374,0.09110934952363327,0.06863345830915392,0.06766917293233082
2023-07-18,2.0,2.0,0,4.478717951257834,2.8428604172783354,3.0846791627464123,3.1412208410656977,2.5800625741295486,0.007902108038088097,0.1350638245105127,0.07309030176919026,0.07874015748031496
2023-07-19,2.0,6.0,0,4.345044026342652,2.788538744807358,2.6145980527974446,2.916908600776745,1.893068972582232,0.001362035423430549,0.057259950581053445,0.06389958571374112,0.06766917293233082
2023-07-20,2.0,8.0,1,5.657934728992701,5.289129667484959,4.669089870397952,4.599197314747816,3.856583725271393,0.055281410326681865,0.15278994868136123,0.07459491462007752,0.07874015748031496
2023-07-24,2.0,5.0,0,3.518529076743225,3.322473031303352,3.1413487908071094,3.1855364745861374,2.9689071313045146,0.016351778222416038,0.015481821856557023,0.05260846194128797,0.04938271604938271
2023-07-25,2.0,5.0,0,3.208793178272076,3.5693607937680265,2.9243477643644136,3.024678218063222,2.7684722121232794,0.011452495777507158,0.06406268461961968,0.06500028885058566,0.06766917293233082
2023-07-26,2.0,2.0,0,3.236835741100662,3.4026909831386036,3.30967633621318,3.2650186968750963,3.3708907458921145,0.030240592493316197,0.010023923341426324,0.04935582483572004,0.0
2023-07-27,2.0,2.0,0,2.5674433162582284,2.2505886967642854,2.651008209961077,2.696384579603445,2.4915147937493822,0.006546882131530717,0.022636434394063105,0.05563563151464824,0.04938271604938271
2023-07-28,2.0,1.0,0,2.503210922864381,3.111651663769461,2.8270610656462583,2.8180360714476667,2.679911041351956,0.009664847295727232,0.014823233924951683,0.052273407617815605,0.04938271604938271
2023-08-01,2.0,2.0,0,2.374133158526452,2.6233086303787534,3.1707307072587887,3.2714262179249194,2.753314119055251,0.011130915197128236,0.030930547208056706,0.058266400720256496,0.04938271604938271
2023-08-02,2.0,7.0,0,2.9263430971472677,3.0704156252714045,3.358919779164073,3.345743227730985,3.1258804271583154,0.021092827998361666,0.049051326207559455,0.062422618433872215,0.058823529411764705
2023-08-03,2.0,3.0,0,3.0872067348439396,2.848179893349337,3.1114857992818874,3.2788487643460615,3.0166609150566375,0.01770624397121509,0.07064170660149136,0.06598018516853145,0.06766917293233082
2023-08-04,2.0,1.0,0,3.261696350906081,3.2902652895647444,3.3922603595217904,3.5756384916629456,3.30551185346821,0.02758188223771396,0.09723944601373585,0.06933872935710866,0.06766917293233082
2023-08-05,2.0,2.0,0,3.6271448380198663,2.5413538660416553,3.275131119344855,3.5127977062102635,3.1061002924137644,0.020449046412312998,0.03269319221800342,0.05874808301545392,0.04938271604938271
2023-08-06,2.0,3.0,0,2.9686958854264285,2.7521717173448503,3.3251002733217327,3.352282969212466,3.1288252277531807,0.021189843843440893,0.048541468809539315,0.06232448108384978,0.058823529411764705
2023-08-09,2.0,1.0,0,2.7638180654309297,3.180600582844762,3.4582840066839666,3.5239581481774414,3.2648725770097817,0.02601039008799104,0.04182256455450715,0.06094608099644648,0.04938271604938271
2023-08-10,2.0,5.0,0,3.2304643905295785,3.981513808407077,3.9116206831354225,3.8829296288443436,4.031953551899759,0.06669275219658011,0.038029914632171556,0.06008615712080605,0.04938271604938271
2023-08-11,2.0,6.0,0,3.380005058782516,2.9771273576911335,3.041397132597998,3.1513255010169177,2.650659447315706,0.009121529793101818,0.042281778375893427,0.06104582115296479,0.04938271604938271
2023-08-12,2.0,2.0,0,3.4170021050993635,3.3728428697066026,3.264557562925258,3.298083881050114,3.007358610904647,0.0174364922256374,0.02012260735610898,0.0546780512380954,0.04938271604938271
2023-08-13,2.0,2.0,0,3.2286675082324225,3.208312635078544,3.23080537635821,3.251803450839631,2.9551963363201805,0.0159766784432895,0.01359919902321554,0.051615712329949714,0.04938271604938271
2023-08-14,2.0,1.0,0,3.080713435156288,3.398295935904291,3.1531311410475182,3.1813340643108763,2.8581188426304798,0.013491709833608001,0.012266500887983098,0.05083992368999443,0.04938271604938271
2023-08-15,2.0,4.0,0,3.5608776095394914,2.8844622572728,3.418213083927057,3.4359738987112713,3.0018116715888916,0.01727700767096149,0.024756047345053454,0.05637606265146514,0.04938271604938271
2023-08-16,2.0,1.0,0,3.7223468377212585,2.2990346722775716,3.850446547761426,3.806503721348987,3.4215317462944115,0.03241239861324109,0.05116412920328519,0.06282071837848531,0.058823529411764705
2023-08-17,2.0,7.0,0,2.628226555218718,1.8057662844538223,2.238795426671503,2.4516400937483076,1.6652654098499564,0.000623239297302247,0.017367727621329168,0.053505378292914366,0.04938271604938271
2023-08-18,2.0,4.0,0,3.200609100677265,3.050840142991792,3.081515269901722,3.0899977896125277,2.622369203517926,0.008617518078228338,0.029803729654005594,0.057946416589648234,0.04938271604938271
2023-08-19,2.0,5.0,0,4.866655978708344,4.130968135506699,4.693787026986848,4.6702371688167235,4.089999541543647,0.07074951390909107,0.07301965199313462,0.06631678294325992,0.06766917293233082
2023-08-20,2.0,3.0,0,4.579376086565074,4.390071773766075,5.52377941170481,5.362791796004524,4.633482096369439,0.11529789973056657,0.03962461349487114,0.060455918894167564,0.04938271604938271
2023-08-21,2.0,4.0,0,2.659844403992726,3.969897638579254,3.7933564345873574,3.8601827778534306,2.8320224607902276,0.01287341882858089,0.09553337947959382,0.06914587547275051,0.06766917293233082
2023-08-22,2.0,2.0,0,3.0349675723779725,3.8212809533635177,4.129243070757318,4.0725124863496776,3.2565210689109865,0.025695053919179207,0.08779785087280972,0.06823747598386162,0.06766917293233082
2023-08-23,2.0,5.0,0,3.3683634517224044,3.3764601516764987,2.571000767135298,2.7809570949152653,1.8810866190277327,0.0013111995584795268,0.10191528811590723,0.06985466513887299,0.06766917293233082
2023-08-24,2.0,1.0,0,3.597259962092213,4.200260255465097,3.627140020239302,3.7572120272524723,2.898229851474708,0.014482649603423329,0.10031749504975071,0.06968037970435959,0.06766917293233082
2023-08-25,2.0,5.0,0,2.931160387184377,3.4887533703050537,3.438670998924853,3.4656776720214593,2.928814488681899,0.01527195519875627,0.07784029770876533,0.066973811208056,0.06766917293233082
2023-08-26,2.0,5.0,0,2.571255391044028,2.461540755723366,2.860395727122862,2.9162331570503146,2.363744250146427,0.0049048326921999254,0.07515227933459133,0.06661147380312063,0.06766917293233082
2023-08-27,2.0,2.0,0,2.8632832333847515,2.559431915919827,2.908496949555883,3.000621863778574,2.3182998991240606,0.004402670775195554,0.05647412401987921,0.0637658309848867,0.06766917293233082
2023-08-28,2.0,2.0,0,2.9426156161765977,3.4372711632871185,4.393716581021774,4.242417582447512,3.683036638813791,0.045238205785901986,0.032300036944119544,0.05864254109125162,0.04938271604938271
2023-08-29,2.0,5.0,0,3.1556968248613213,3.158589905103107,3.023265328076887,3.015587741683591,2.387731263154761,0.005186589091876371,0.061841843711312974,0.06465159861668845,0.06766917293233082
2023-08-30,2.0,3.0,0,3.900058117968611,4.135686333635734,3.550390513450656,3.653190228912711,2.788879375086093,0.011895881458211771,0.06847400505784974,0.06566554457566816,0.06766917293233082
2023-08-31,2.0,9.0,1,3.741153534425478,3.65509362272574,3.211126276701717,3.21678018846605,2.906650766932815,0.014697032220256768,0.06454162160880787,0.06507423038688544,0.06766917293233082
2023-09-01,2.0,2.0,0,3.3394397552886237,3.5806697145256465,3.55590411219161,3.543563645908499,3.2084026635989584,0.02392817264394215,0.046301283525772466,0.06188314432631844,0.058823529411764705
2023-09-02,2.0,3.0,0,3.8418132368663347,4.374215732816882,3.6016032128052795,3.6735204899910383,3.2041797646044525,0.023777145071524133,0.051310852797519076,0.06284786906720713,0.058823529411764705
2023-09-03,2.0,4.0,0,3.9857204586076334,5.544584735810883,3.4052517824468924,3.435252648135582,3.1608400221316617,0.022264317512352163,0.08599202271347142,0.06801674432047425,0.06766917293233082
2023-09-04,2.0,2.0,0,2.1152240298040517,1.8805234371640176,2.334289946950227,2.438433022242556,2.108432303277592,0.0025674668148003292,0.08558870548319218,0.06796696457850779,0.06766917293233082
2023-09-05,2.0,5.0,0,3.5267692830004287,2.138143922022407,3.9451848949330937,4.025775565746852,3.638821354585184,0.04287664678807515,0.04573179597746801,0.06176819674344454,0.058823529411764705
2023-09-06,2.0,4.0,0,3.5250705936314572,3.8231166466700692,2.933987901614841,3.0949412472696705,2.5182285494974685,0.006936086743742628,0.021972708380102644,0.05539183303872658,0.04938271604938271
2023-09-07,2.0,5.0,0,4.019713657773082,2.910147273900611,3.28649645884269,3.321379850660678,3.104709950213183,0.020404308691020896,0.08067572181944342,0.06734569546234087,0.06766917293233082
2023-09-08,2.0,2.0,0,3.5215694466468466,3.567529279011136,2.607071152648262,2.6000662566651176,2.5056899017255976,0.006751338468840573,0.06785337759334714,0.06557402535971621,0.06766917293233082
2023-09-09,2.0,1.0,0,3.5439034407244674,3.2472407736544486,4.033969955759287,3.9445305609857826,3.6817773052039393,0.04516984282619375,0.047383542239526746,0.06209846829432984,0.058823529411764705
2023-09-10,2.0,3.0,0,2.7535621124273337,3.634591139056449,4.408495370299552,4.243210313345526,4.054403715633336,0.068245313454981,0.0685030620153557,0.06566981341660783,0.06766917293233082
2023-09-11,2.0,4.0,0,2.9947599836143626,2.786858142669045,3.2289911407808587,3.3116530061646205,3.014980108730956,0.017657290121911216,0.07208499616912653,0.06618551678545112,0.06766917293233082
2023-09-12,2.0,1.0,0,3.458746077236095,3.4280552293681223,2.225492414681251,2.3256821213047782,1.9924559607966268,0.0018455763112079516,0.030237305194569734,0.05807070857942467,0.04938271604938271
2023-09-13,2.0,1.0,0,3.8075939413133426,3.833708964118825,2.8762578195834343,2.970022590228443,2.737370534033492,0.010799721951298757,0.024528013547080965,0.05629900974136112,0.04938271604938271
2023-09-14,2.0,6.0,0,3.8231178903210763,4.361794003067434,3.5962777336287504,3.5934206639941344,3.3111118400104607,0.027803275978589233,0.054823843583632854,0.06348002341804224,0.06766917293233082
2023-09-15,2.0,4.0,0,3.378154216892567,3.307791222398137,2.750723569812967,2.8472704830170796,2.53294505896149,0.007157648693479039,0.054037385840568254,0.06334138921930256,0.06766917293233082
2023-09-16,2.0,5.0,0,3.3015371787522025,2.7659470784270956,2.4932489111244864,2.585481169594641,2.3164535074270423,0.00438312120136166,0.05943071297260717,0.0642616106556967,0.06766917293233082
2023-09-19,2.0,2.0,0,4.565110566543095,5.161114760640499,3.8945273593090213,3.9637874395649857,3.9339266849969095,0.06015739541286687,0.09070658649459627,0.06858588423428964,0.06766917293233082
2023-09-20,2.0,3.0,0,2.7364843259163,1.794847229112739,3.393402533358895,3.3753844870187644,3.428287550936192,0.03270963553816455,0.04079497774234715,0.060719610108013265,0.04938271604938271
2023-09-21,2.0,5.0,0,3.460705984639446,2.998219428644427,3.578210142869466,3.6839801443546274,3.417419689251034,0.03223234787214791,0.03116856459121932,0.05833275130555623,0.04938271604938271
2023-09-22,2.0,2.0,0,3.347806553796435,2.519477016608849,2.8641343874062644,2.9393024582184997,2.653943504096141,0.009181394658925706,0.11072798996137008,0.07078136041086919,0.06766917293233082
2023-09-23,2.0,2.0,0,3.1034606220387397,2.955571074987796,2.7667057991868464,2.895456307016463,2.5860793731190936,0.008001101325120906,0.085021867378957,0.06789669906681849,0.06766917293233082
2023-09-26,2.0,7.0,0,2.946136614347406,3.5312324358508658,3.025260488852403,3.061419552125321,2.841563848702341,0.013097092149001526,0.0394796948151836,0.06042282571325808,0.04938271604938271
2023-09-27,2.0,12.0,1,2.9894738603963913,2.61696021989318,2.6891060842262635,2.8061899686124008,2.548830446272042,0.007402609233214227,0.050773133250223604,0.06274805848700987,0.058823529411764705
2023-09-28,2.0,2.0,0,3.2683615478797097,3.9904152310171233,3.400753883869408,3.568072038436178,3.0821862252463754,0.019688888751535565,0.10914910568683225,0.07061941181191364,0.06766917293233082
2023-09-29,2.0,1.0,0,3.731459378683034,4.796815275896576,3.178616466935307,3.338604462167562,2.805182518065734,0.012258815211680856,0.12937234963892782,0.07257851755465357,0.07874015748031496
2023-09-30,2.0,2.0,0,2.0977647705084568,1.7976967797046997,2.8709159912269153,2.994373500633302,2.4392243217012637,0.005832100196882481,0.09316256943733926,0.06887354813694349,0.06766917293233082
2023-10-01,2.0,4.0,0,3.5065291056346757,4.35425714824099,2.4587947603347997,2.616964457530327,2.1309335642688123,0.002729621125575168,0.03512841446159125,0.05937940931327118,0.04938271604938271
2023-10-02,2.0,2.0,0,2.652411889604914,3.118042042843821,2.4238690330696278,2.5155633714622914,2.1734633513285164,0.0030574188891005945,0.025401513262917744,0.05659099631244393,0.04938271604938271
2023-10-03,2.0,4.0,0,3.1197042272241027,3.0748123997772083,2.6832528400881057,2.785547942515588,2.3018684474149635,0.004230983080172324,0.03257707965475378,0.05871702249776289,0.04938271604938271
2023-10-04,2.0,4.0,0,3.037452986887588,3.1287308465205346,2.8366808741743683,2.917343221032509,2.4854271297934125,0.006460496120297715,0.04104577245917047,0.06077530928141883,0.04938271604938271
2023-10-05,2.0,6.0,0,2.7584169292344605,3.212713841256169,2.5703551564188034,2.6748643847449625,2.245421075221642,0.003679416303133689,0.05668165825387448,0.06380129887072172,0.06766917293233082
2023-10-06,2.0,4.0,0,2.9305638948354,2.6470956005657946,2.7608882690451586,2.8803604129096967,2.3921195155676815,0.005239415992850886,0.03384729841603987,0.059051954498579556,0.04938271604938271
2023-10-07,2.0,1.0,0,3.330452797227212,3.1635419236515534,2.8831424945488258,3.005225256980144,2.43094379926109,0.005724466295049678,0.03769411820199451,0.06000667965113461,0.04938271604938271
2023-10-08,2.0,1.0,0,3.757750427571832,4.3132742890977305,3.269931680957251,3.339602912855808,2.9027214541839403,0.014596721975983195,0.029611689617304607,0.05789088486398273,0.04938271604938271
2023-10-09,2.0,4.0,0,3.4684057201727865,3.713987625344096,3.272121075278421,3.3413660593451295,2.8869299664152317,0.014198452558553743,0.06719075050855959,0.06547558471213265,0.06766917293233082
2023-10-10,2.0,1.0,0,4.276308076146555,4.3601868119364005,3.2919812805505058,3.3362852722192984,2.9513581683285754,0.015872762943161863,0.06883348587113458,0.06571825736717042,0.06766917293233082
2023-10-11,2.0,4.0,0,3.321461938511604,2.1674952525152658,3.3377790944216246,3.374870606807655,3.375254763089926,0.030423858789582505,0.05531160075593892,0.06356520525670564,0.06766917293233082
2023-10-16,2.0,3.0,0,3.9050286299823513,3.9124343599845237,4.032347030392454,4.0125183342775435,3.9670666246936563,0.06232237011283313,0.22309096769088232,0.0796506019815583,0.07874015748031496
2023-10-17,2.0,1.0,0,3.5562394431044937,3.991403105116311,3.9188066385201856,3.920557891742563,3.860989632977158,0.05555253185905507,0.25987677561195854,0.08193226946173074,0.07874015748031496
2023-10-18,2.0,1.0,0,3.683158308992413,2.722934821408543,3.797712479971692,3.8872333275999447,3.65139138497014,0.04353992977007648,0.0971392638261865,0.06932747494185806,0.06766917293233082
2023-10-19,2.0,7.0,0,3.662091616697631,2.74585637599452,3.702716425593198,3.6558107949783776,3.6591367691386005,0.043951826721537406,0.04700912494218248,0.062024430153292155,0.058823529411764705
2023-10-20,2.0,6.0,0,3.4119579856535656,3.0689554923299323,3.8582407151984937,3.8250053792980205,3.8124720053412005,0.05261115077077735,0.06282651872104747,0.06480740283147368,0.06766917293233082
2023-10-21,2.0,2.0,0,3.8024589676584206,2.3772180264167755,3.5964209012777735,3.6267756996574265,3.646105788278987,0.043260242992751344,0.07798210999012806,0.06699265679697118,0.06766917293233082
2023-10-22,2.0,2.0,0,3.900516474058687,3.7651209101628336,3.882331132934695,3.9089219577967405,3.891233583323936,0.05743527904157469,0.11692985472996913,0.07140172742627782,0.07874015748031496
2023-10-23,2.0,4.0,0,4.68460466013893,5.112153453790182,3.788373526094017,3.7993780463334312,3.9187118795986744,0.05917865201286871,0.12393611317469311,0.07207472084430214,0.07874015748031496
2023-10-24,2.0,2.0,0,4.172456402794926,3.4086741256091457,4.299617633383431,4.25559246662601,4.418118840211603,0.0962569302633625,0.1394922678000784,0.07347825649588667,0.07874015748031496
2023-10-25,2.0,2.0,0,4.23508124638408,3.900453048387874,4.2019896619801065,4.154269816976349,4.258095331710492,0.0832755146461336,0.13508021206318122,0.07309175348892441,0.07874015748031496
2023-10-26,2.0,7.0,0,4.44774164949748,3.8562810208343716,4.029583700142643,4.049162670567968,4.017030725172323,0.0656722496110712,0.06153689051121876,0.06460294776464112,0.06766917293233082
2023-10-27,2.0,6.0,0,4.661715944359923,3.99633183184242,3.6194498474631547,3.6894638341596915,3.814364616763982,0.05272406916174156,0.1049093644507593,0.07017588753484508,0.06766917293233082
2023-10-28,2.0,4.0,0,6.085562695191807,8.079444070290455,6.377348060770886,6.085964745973419,6.977459110145012,0.39756903704320185,0.25475388894952306,0.08162476261516328,0.07874015748031496
2023-10-29,2.0,2.0,0,3.64366395719465,3.6209827876400418,4.478385013855022,4.28170054055998,5.509173561847272,0.2087507770775782,0.05489327553663934,0.0634921859501017,0.06766917293233082
2023-10-30,2.0,6.0,0,4.118577644601559,2.979281521841156,3.5011036192205034,3.5450346958294503,3.921272126341633,0.059342678444566976,0.025942967676104312,0.05676780591056305,0.04938271604938271
2023-10-31,2.0,2.0,0,2.8561092289365457,1.5210425325077344,3.7184031373893065,3.7912232815047515,4.056668342634839,0.06840307890870531,0.01858040302824771,0.05403957629615133,0.04938271604938271
2023-11-01,2.0,6.0,0,3.3035950984836195,3.857482843878004,4.0792630357396344,4.03536686150936,4.544242193846104,0.10719445166423702,0.020940054887601783,0.054999947127742664,0.04938271604938271
2023-11-02,2.0,3.0,0,3.263387492680731,3.4208739181699745,4.291510957775263,4.228650285994467,4.569167346291059,0.10942781826271877,0.015035523196988749,0.05238276087345007,0.04938271604938271
2023-11-03,2.0,3.0,0,3.48863494229067,4.446060776340102,4.572094618238624,4.475184109295693,4.92968881304031,0.14424358786255917,0.01993979252050988,0.05460456167374206,0.04938271604938271
2023-11-04,2.0,6.0,0,3.0319181254669587,2.6486613648435084,3.9366017075659636,3.8488698736194196,4.173287477331654,0.07681200959663045,0.023591379131759335,0.05597609774699547,0.04938271604938271
2023-11-05,2.0,1.0,0,3.5740808677727243,4.144504591235446,3.6244813521092603,3.6565625537264097,3.7596466495780745,0.049518993170588624,0.032964267139369834,0.05882024303428817,0.04938271604938271
2023-11-06,2.0,3.0,0,3.6490261461484725,2.6073722214766577,4.190814433723695,4.122813019125535,4.508246327874328,0.10401061856850288,0.023325449850334145,0.05588246283006264,0.04938271604938271
2023-11-07,2.0,6.0,0,3.928663357711873,4.625216815648444,4.295935299906628,4.310855507017915,4.397594478361618,0.09453532368242343,0.04231845614242573,0.06105374929587421,0.04938271604938271
2023-11-08,2.0,5.0,0,3.4746989190164155,4.698752306921313,4.674434634626147,4.545042673654523,4.963881450396965,0.1477768228932901,0.054109474746275685,0.06335416389118018,0.06766917293233082
2023-11-09,2.0,3.0,0,3.158682315578978,4.0481033700467135,4.3524590739476885,4.318326383718772,4.510488562889389,0.10420750393280802,0.0310097820093353,0.058288535338390464,0.04938271604938271
2023-11-10,2.0,5.0,0,3.043369150575814,2.7396071492688785,3.5243266697489033,3.6166695874065153,3.652877337966084,0.04361876320846355,0.048815065786020614,0.06237724603262495,0.058823529411764705
2023-11-11,2.0,5.0,0,4.384461304948741,5.848164318309888,3.957140918290232,4.1586807748632575,4.095406174734454,0.07113443318141413,0.08064894219544236,0.06734223055449884,0.06766917293233082
2023-11-12,2.0,2.0,0,3.485504720985502,3.183350147237352,3.9913835397252124,4.000390028941815,4.2537889299030365,0.08294029600321179,0.05338831742308401,0.06322574972543385,0.06766917293233082
2023-11-13,2.0,5.0,0,2.3023961083384625,1.1507946580853816,3.482452389941223,3.536112795354348,3.5569944905454527,0.03871500555789336,0.021394650433335768,0.05517441736127894,0.04938271604938271
2023-11-14,2.0,6.0,0,2.7674394146960792,2.37031270179185,3.7046880976488596,3.752002252339526,3.82917584351813,0.05361285115937268,0.04170445799000941,0.06092028407876879,0.04938271604938271
2023-11-15,2.0,1.0,0,3.1489582112367627,3.1966494789721587,3.8188153830495724,3.814849598266144,4.226657759761776,0.08084556315418787,0.02978362813515798,0.057940617827239776,0.04938271604938271
2023-11-16,2.0,3.0,0,2.5428106222765803,2.104190665759169,3.8192047436791303,3.852003212591497,3.9040304628359173,0.05824329772294537,0.01971586767889463,0.05451377040388911,0.04938271604938271
2023-11-17,2.0,3.0,0,3.696820646422273,4.199174355529963,3.771324623127694,3.8047162414505085,3.930014913152285,0.05990484317748403,0.05797393200856467,0.06401984767916703,0.06766917293233082
2023-11-18,2.0,5.0,0,2.839565800478415,2.5731326589559704,2.577403733760521,2.675867074584761,2.636556105582484,0.008867662028153112,0.05773178950686923,0.06397919457681384,0.06766917293233082
2023-11-19,2.0,6.0,0,2.7848317569743517,1.2242600271331832,3.2707291237745753,3.2639967293038166,3.384107453701262,0.030797872452984525,0.01595186415105272,0.052840299331585176,0.04938271604938271
2023-11-22,2.0,3.0,0,3.3677886684429708,4.651522121613107,4.212258461515465,4.1920402910014705,4.2264174816207944,0.0808271447612804,0.10619557896504654,0.07031180805724946,0.06766917293233082
2023-11-23,2.0,1.0,0,2.9110785723079995,2.6222755288170108,4.284392243585859,4.255675686607552,4.311984746966356,0.08753336568413374,0.0804886705079995,0.06732147514304757,0.06766917293233082
2023-11-24,2.0,9.0,1,3.37537980076092,4.269726641338072,3.719231341182381,3.7250803699932313,3.635708686134614,0.04271339105719319,0.02686254756679964,0.057061158151239216,0.04938271604938271
2023-11-25,2.0,6.0,0,3.5135367730665044,3.2908312246070675,4.160926635743583,4.135880748656808,4.093657890393342,0.07100983465457705,0.08412687070758414,0.06778502367507268,0.06766917293233082
2023-11-26,2.0,5.0,0,3.6301412006556433,3.4160959549561922,3.7241960584826725,3.7313820224247025,3.674168052729995,0.04475815027828996,0.04637382453696698,0.061897703803873334,0.058823529411764705
2023-11-27,2.0,0.0,0,4.0550910202112185,3.05646142458775,3.7796684740967397,3.7936458728541105,3.614292254445111,0.04160076544671653,0.0280775116367815,0.05743616922282524,0.04938271604938271
2023-11-28,2.0,4.0,0,4.007359701339821,3.6388592401422133,3.506052274625924,3.5709475236840134,3.1714737254118077,0.022629258927100073,0.060879882249061226,0.06449747858984439,0.06766917293233082
2023-11-29,2.0,5.0,0,3.6567788926488993,4.244498989650497,4.155606679944059,4.161144368987314,3.9083163101598153,0.05851542803469285,0.09283471806175124,0.06883548052089107,0.06766917293233082
2023-11-30,2.0,4.0,0,3.690890040291396,3.3777155427993764,4.192577727251305,4.227076381800321,3.829529085077034,0.053634158769102595,0.12390775430840613,0.07207205214710803,0.07874015748031496
2023-12-01,2.0,5.0,0,3.9478297112814063,2.838968075022016,3.8668952171424196,4.033822100494557,3.6137747327162586,0.04157410881978948,0.03999345846073237,0.060539702263167204,0.04938271604938271
2023-12-02,2.0,7.0,0,4.117023297521868,4.23394045249764,4.169786163204422,4.153177699580873,3.921445312242039,0.0593537836751317,0.10424322383667507,0.07010501073166092,0.06766917293233082
2023-12-03,2.0,2.0,0,3.0256282771849823,3.1531995758447136,4.465482880413005,4.493275493661126,4.259461283128888,0.08338199902176685,0.153346243440328,0.07464017803084294,0.07874015748031496
2023-12-04,2.0,5.0,0,2.3809633730121487,1.9964369193774836,4.221915885321625,4.274472358270438,3.9494815926402524,0.061167914799539064,0.10707745199262206,0.0704043026776273,0.06766917293233082
2023-12-05,2.0,2.0,0,3.9179212861267847,2.8318024068887633,3.4388520911729157,3.5176817952889543,3.184897607804029,0.02309573790978795,0.03293643885344796,0.05881285779906283,0.04938271604938271
2023-12-06,2.0,4.0,0,3.234950670349071,2.741155382052883,3.9364318850322273,3.9152683363768737,3.757548657762559,0.04939855713148887,0.026022350344997603,0.05679346856449311,0.04938271604938271
2023-12-07,2.0,1.0,0,3.548690313671823,3.6255796914814926,4.4308764306072925,4.375249620125241,4.222089937959568,0.08049581929270465,0.10796819505853984,0.07049716245153412,0.06766917293233082
2023-12-08,2.0,3.0,0,3.867662275504449,3.743901191189223,4.696571909419964,4.582805946192288,4.487814673688633,0.10222542427425849,0.13540232747418435,0.0731202639003403,0.07874015748031496
2023-12-09,2.0,5.0,0,4.398008079502625,4.023670157130132,4.619972064734389,4.573800612853875,4.440842675519138,0.0981822211807437,0.23476452219668853,0.08039444882029811,0.07874015748031496
2023-12-10,2.0,1.0,0,4.934531796708525,3.30222338952731,5.027773514816343,4.917176030444811,4.935859935514023,0.14487846143642719,0.23292054751560237,0.0802782854580983,0.07874015748031496
2023-12-11,2.0,9.0,1,3.6506962732658748,2.186020238811977,4.149670943731738,4.251498214541822,3.872177472222843,0.056244590765198575,0.11206327339150482,0.07091701525643197,0.07874015748031496
2023-12-12,2.0,8.0,1,3.8250215297168104,3.1642665713199416,4.506010246500294,4.509521643196782,4.425124335548092,0.09684832953064439,0.13444395364962003,0.07303529952717114,0.07874015748031496
2023-12-13,2.0,1.0,0,3.687796835212049,4.2349371424058475,4.6244136086543035,4.5780689192155,4.692623094495303,0.12083013580948859,0.12824493627967454,0.07247527939360826,0.07874015748031496
2023-12-17,2.0,6.0,0,3.149143806891844,3.1100696174233384,3.863198368781752,3.9110779357867753,3.8659146647876725,0.05585654773003819,0.07781907035248484,0.06697098800107688,0.06766917293233082
2023-12-18,2.0,2.0,0,4.382691811403638,4.206669724073235,4.093791897061279,4.100859050903569,4.191508230411731,0.07817606435599261,0.1750389908730354,0.07632732121716425,0.07874015748031496
2023-12-19,2.0,2.0,0,3.593240132573321,3.8080030094134236,4.01859610815164,4.053141542348058,4.163706617770654,0.07610018595872511,0.1409010880594711,0.07359989748802427,0.07874015748031496
2023-12-20,2.0,4.0,0,3.8883469046311605,3.8043283294021517,3.7421004337238717,3.780105816300223,3.788729935768538,0.05120717964330201,0.06976285823242405,0.0658535441689594,0.06766917293233082
2023-12-21,2.0,3.0,0,3.7748152926551266,4.156280237035766,4.387288960428007,4.334296279713846,4.464227521881243,0.10018446186151608,0.08673490770644744,0.06810797211256805,0.06766917293233082
2023-12-22,2.0,4.0,0,4.134944784396913,5.539857058533237,4.997066852449494,4.85594431575047,5.040953536757819,0.1558778224433191,0.23085343189437035,0.08014748484867765,0.07874015748031496
2023-12-23,2.0,5.0,0,4.308817809871149,5.036896185797068,4.788902971683966,4.7145580118313015,4.769548893399483,0.12821428531160495,0.27151844116541907,0.08262061085722545,0.07874015748031496
2023-12-24,2.0,2.0,0,5.377355718399282,4.752406173789442,4.257024815043789,4.3294845774236626,4.0705616154230935,0.06937557642937574,0.21322728575158684,0.07900532180732855,0.07874015748031496
2023-12-25,2.0,6.0,0,5.267264437715423,5.093412750207343,4.630401267485718,4.636814112737298,4.529660608320119,0.1058987792896457,0.2356430537235172,0.08044962405338908,0.07874015748031496
2023-12-26,2.0,2.0,0,4.484459035545267,3.7585284567060873,4.169936768767875,4.114256829986235,4.260093518218345,0.08343131110353462,0.23319100065640022,0.08029535327372699,0.07874015748031496
2023-12-27,2.0,2.0,0,4.5104420830436265,4.9012814695307405,3.8905483308646374,3.913155920079066,3.7855743134758564,0.05102232275000856,0.21380903519992964,0.07904383732730817,0.07874015748031496
2023-12-28,2.0,3.0,0,4.170995555348479,3.5043367192527266,3.7551896607628317,3.760383812297302,3.7204189397595138,0.04729700918713241,0.07209905164331327,0.0661875005761805,0.06766917293233082
2023-12-29,2.0,8.0,1,4.115183700147862,3.508404355952931,4.3425259616185725,4.261293026296899,4.434813982492709,0.09766947673376991,0.14332039438170996,0.07380686007309058,0.07874015748031496
2023-12-30,2.0,4.0,0,4.73541879838996,5.091562244021437,4.663171519508018,4.661978892119763,4.619958374830651,0.11405083325524294,0.20141739752366036,0.07821004761098019,0.07874015748031496
2023-12-31,2.0,6.0,0,3.3617802786251394,3.093573772733224,3.7576804279840204,3.7202893487762974,3.649302085209086,0.04342923906834258,0.12973336215747536,0.07261144226769918,0.07874015748031496
2024-01-01,2.0,4.0,0,3.577900143108875,3.271629816660347,4.212033487739804,4.197170727085085,4.217706483247841,0.0801609863195178,0.1170811530753025,0.07141656152064464,0.07874015748031496
2024-01-02,2.0,4.0,0,4.679670825511034,4.910948897606549,4.835888435204248,4.794153811796034,4.7677252457790855,0.12803680909636553,0.20318848241930546,0.07833100041538,0.07874015748031496
2024-01-03,2.0,3.0,0,4.8731568203477345,4.6118539999343655,4.637970942139083,4.602137396899542,4.518670650220899,0.10492758062532666,0.23978640019053468,0.08070840670323617,0.07874015748031496
2024-01-04,2.0,3.0,0,4.328434453346002,4.269303307491827,4.229833839830353,4.194907186593206,4.068823480851561,0.06925347616386669,0.16478794954973,0.07554803846808511,0.07874015748031496
2024-01-07,2.0,1.0,0,4.74649918917174,4.569749208401464,4.199260379325566,4.257083180045856,4.023021510541534,0.06608082763692368,0.18758769009574297,0.0772430844043151,0.07874015748031496
2024-01-08,2.0,8.0,1,5.363264154691048,5.41244687775194,4.675844703851264,4.6320375769962245,4.757471926981487,0.1270411356033518,0.1670870797481842,0.07572546331968243,0.07874015748031496
2024-01-09,2.0,5.0,0,5.449127650017987,4.525051951273419,5.190264434211135,5.1811752003178135,5.231020964081581,0.17662434776064576,0.2455493145870582,0.0810645434395982,0.07874015748031496
2024-01-10,2.0,8.0,1,5.469801761533256,3.8970435925041316,4.710479535393534,4.763574537256766,4.61474981555629,0.11357233608011834,0.21599557769310668,0.0791880747406488,0.07874015748031496
2024-01-11,2.0,5.0,0,4.945896066842863,4.451906791751226,4.309748443919373,4.369988432732367,4.119656024153153,0.0728756337619256,0.20267636353302929,0.07829608981322242,0.07874015748031496
2024-01-12,2.0,2.0,0,4.965556377739153,4.981243246983588,5.077470294713289,4.990932653621814,5.251636268052585,0.17893678164560622,0.2868439146193046,0.08350683685640173,0.07874015748031496
2024-01-13,2.0,3.0,0,4.992625301689015,4.881465029012117,4.860270345188872,4.860047855308411,4.854294382819222,0.1365887456582024,0.24702737196800512,0.08115519876892627,0.07874015748031496
2024-01-14,2.0,5.0,0,5.870575321905344,5.880211265891181,5.370183761553778,5.25442372850002,5.567468087719682,0.21571810771616493,0.2969111628606137,0.08407811097271016,0.07874015748031496
2024-01-15,2.0,4.0,0,4.618621652057751,6.064902907058206,4.915507245260551,4.896089877434219,4.921267345680569,0.14337921233194115,0.5561485645845639,0.09778845843996709,0.2
2024-01-16,2.0,5.0,0,4.802061616794507,4.774267062938091,4.96984805955495,4.915773247071026,4.920564823745469,0.1433072108595606,0.08828391664061411,0.0682962994689692,0.06766917293233082
2024-01-17,2.0,6.0,0,4.344795595466601,4.566338570932526,4.984731594521828,4.906988165711713,5.163148489982861,0.16909492597601697,0.0729894485367347,0.06631256158567005,0.06766917293233082
2024-01-18,2.0,5.0,0,4.360600573994722,4.332122979095813,5.143228940427565,5.1991718308843735,5.077105726385218,0.15974147979516964,0.06776085473574453,0.06556032552067437,0.06766917293233082
2024-01-19,2.0,6.0,0,4.6951277067353345,6.012021618985597,5.9487216301198,5.796110782769032,6.147075961449215,0.2883334667931386,0.07925622062355324,0.0671607997803491,0.06766917293233082
2024-01-20,2.0,7.0,0,4.569144087082649,4.083201170367501,5.190203723239976,5.137194056723402,5.349633274606397,0.19008506818146886,0.0703417311626218,0.06593709823358584,0.06766917293233082
2024-01-21,2.0,4.0,0,5.140966329090802,4.547184891165806,4.34235174743857,4.377619022534619,4.383546429842588,0.09336648195298206,0.09726221528698627,0.06934128603812173,0.06766917293233082
2024-01-22,2.0,4.0,0,3.7020024989151246,2.6133021067982147,4.2878249427079975,4.303092985118114,4.363051941236248,0.09167521436228901,0.06453476201789946,0.06507317441801286,0.06766917293233082
2024-01-23,2.0,5.0,0,4.099754887913977,3.406179578631981,3.6769931389074806,3.716120203541099,3.7845276510114183,0.0509610996471284,0.07981450800105971,0.06723382057759553,0.06766917293233082
2024-01-24,2.0,3.0,0,4.597574737882538,3.4994974825151295,4.868371926187898,4.869181085142247,4.744295735791789,0.12576706435168453,0.09543561133890793,0.0691347459400656,0.06766917293233082
2024-01-25,2.0,2.0,0,3.7081040333692328,3.4747155776208634,3.871720288099187,3.987193080040338,3.8698882700950965,0.056102563990354924,0.04853040793292864,0.06232234287124125,0.058823529411764705
2024-01-26,2.0,4.0,0,3.8311261391278837,2.7155843296534408,4.100255440112782,4.117043929704447,4.06699214418453,0.06912496314592337,0.06258121766250374,0.0647687708646,0.06766917293233082
2024-01-27,2.0,4.0,0,4.527503329515297,3.40427255919173,4.907139488689227,4.812586360965167,5.0943927795151085,0.16160303268866624,0.05205023551598397,0.0629837459811014,0.058823529411764705
2024-01-28,2.0,1.0,0,4.017662056442065,2.6586898330499396,4.312532894327283,4.337876903183315,4.301410527382881,0.08668871119234928,0.0823153021332656,0.06755617184715265,0.06766917293233082
2024-01-29,2.0,0.0,0,4.157066375440169,2.9637269191952575,4.659694248037644,4.690825965971411,4.645202580517613,0.11638412750424265,0.07228770173980403,0.06621409753760016,0.06766917293233082
2024-01-30,2.0,3.0,0,5.254798729639709,4.897400534024836,5.513502333514528,5.440843142199379,5.731365902441089,0.2356847426253403,0.07779632765851456,0.0669679625965206,0.06766917293233082
2024-01-31,2.0,2.0,0,5.716895203163263,6.57545697887643,6.752075211832055,6.615323414085745,7.007149503803934,0.4014807672971805,0.05063519827716194,0.06272231805648354,0.058823529411764705
2024-02-01,2.0,4.0,0,5.361021618554718,5.567418897417098,6.580180506594233,6.48650492153313,6.6689289493429555,0.356796901619535,0.047365641558360184,0.06209493937775218,0.058823529411764705
2024-02-02,2.0,5.0,0,4.747846429711344,3.915668930985474,6.26040647438219,6.093236405134201,6.388143022072129,0.3197680857141082,0.05190251969104631,0.0629567248395388,0.058823529411764705
2024-02-03,2.0,3.0,0,4.502437358525275,3.8001785524456797,6.110122237316584,6.009969456016088,6.1838999986716665,0.2931029751284754,0.049509897141838705,0.06251018275441371,0.058823529411764705
2024-02-04,2.0,3.0,0,5.012465016161879,4.458286328362273,5.747882428991762,5.585060884128989,6.165692717593089,0.2907430518631788,0.045613548221301974,0.06174418363293224,0.058823529411764705
2024-02-05,2.0,6.0,0,5.52155778296223,5.308291275273306,5.021099608280588,4.9355354212522355,5.1771879610298726,0.17064167112037157,0.060633185189938155,0.06445764320473249,0.06766917293233082
2024-02-06,2.0,10.0,1,4.758698751799848,4.2789340335210655,4.991569229039948,4.907015856493308,5.122763934601739,0.16467758067135835,0.055906721423015976,0.06366832666334991,0.06766917293233082
2024-02-07,2.0,4.0,0,4.722502104850651,4.732789750010271,5.804579161287918,5.737563025600428,5.785200050153607,0.24235420402506572,0.08281260175802604,0.06761937547357484,0.06766917293233082
2024-02-08,2.0,8.0,1,5.7472924043523275,5.356760155151543,5.550843536827009,5.392784535401813,5.9418966447618615,0.26204038650091344,0.04677692049065488,0.06197827313739844,0.058823529411764705
2024-02-09,2.0,6.0,0,4.961353063048198,4.204253374585914,4.836013076616487,4.9253495686546955,4.927414535107011,0.1440099281325282,0.06335774932770838,0.06489065804006831,0.06766917293233082
2024-02-10,2.0,1.0,0,4.254942305909448,3.1555256803303657,4.91851064873561,4.801083600033161,5.2890237386429035,0.1831600409567781,0.032259280404891955,0.05863153937197348,0.04938271604938271
2024-02-11,2.0,1.0,0,4.74467337798102,3.597619285333101,5.326347493326376,5.201466952873924,5.651529517375132,0.22589223795745605,0.054166275713479886,0.06336421982235987,0.06766917293233082
2024-02-12,2.0,1.0,0,4.6723302197691465,3.9105713794566856,5.669670244810316,5.589519018843828,5.807132192011584,0.24508583800451028,0.05288315819838714,0.0631349660404468,0.06766917293233082
2024-02-13,2.0,3.0,0,4.166381336135999,2.998256435072159,5.64710793568002,5.523706961020263,6.029829165196103,0.27324507569359907,0.05745024598232999,0.06393175516811994,0.06766917293233082
2024-02-14,2.0,2.0,0,4.408583818116592,3.243700045213746,4.785595627098705,4.69602462441244,5.097850562756931,0.1619764630114196,0.0686665765190703,0.06569380936638002,0.06766917293233082
2024-02-15,2.0,5.0,0,4.3569309288146405,3.96378267262723,3.989028761928751,3.941775807602655,4.30911686453832,0.08730384161690118,0.08011262468507478,0.06727265164712243,0.06766917293233082
2024-02-16,2.0,5.0,0,3.502851394005546,2.6348813654300662,4.806385725604061,4.643991165827089,5.182734518105602,0.1712542982411962,0.04846633241571149,0.0623099484748081,0.058823529411764705
2024-02-17,2.0,1.0,0,4.663889947520193,5.3299875172317766,5.990778792577501,5.854442097270588,6.077787396406482,0.2793977169227329,0.07743768645044925,0.06692016288074173,0.06766917293233082
2024-02-18,2.0,3.0,0,5.066101207662197,4.931447196111686,6.79085884229016,6.478639346344842,7.578820686148319,0.4756595046226997,0.0604534441163947,0.06442853843932146,0.06766917293233082
2024-02-19,2.0,3.0,0,4.405848506634372,3.8550066330290447,5.187391856513646,5.039953421234842,5.601913941000002,0.21986950686111753,0.07426591611244045,0.06648979347570677,0.06766917293233082
2024-02-20,2.0,3.0,0,3.4404838796618646,3.091202036393111,4.587431311579614,4.508879509338286,4.85138439177006,0.13629710541253823,0.04427730357643688,0.06146924992644449,0.058823529411764705
2024-02-21,2.0,3.0,0,3.192473895149381,3.476921156204383,4.258341273025771,4.191005375815129,4.565538294208555,0.10910118994264852,0.045106659862635415,0.06164067111896736,0.058823529411764705
2024-02-22,2.0,3.0,0,3.2826037415322626,2.580103873894404,4.49745015851194,4.4325069761594325,4.735634695640962,0.1249329288305703,0.038489131581055845,0.060193918980368036,0.04938271604938271
2024-02-23,2.0,1.0,0,4.912634228287179,4.637608071595398,5.43890270415269,5.27453634978294,5.922070072474188,0.25952871736075805,0.14508732223216492,0.07395651543726234,0.07874015748031496
2024-02-24,2.0,4.0,0,4.121701712795508,3.9523122735793947,5.204882844900753,5.120390953891207,5.716768337997087,0.2338852605836867,0.09691669072741718,0.06930244014188955,0.06766917293233082
2024-02-25,2.0,4.0,0,4.948207813719289,3.7466424925740043,4.851323377425392,4.8563968925568775,5.074896454419365,0.1595042258316104,0.13044339135008398,0.07267601082497713,0.07874015748031496
2024-02-26,2.0,4.0,0,5.4097001627305525,5.338620442591987,5.753273263292533,5.625290289493813,6.234551332502591,0.29968452034236104,0.12418569356605674,0.07209818882814391,0.07874015748031496
2024-02-27,2.0,1.0,0,4.9953199092065415,5.758361755302205,5.305161160678591,5.238372424490564,5.63426112402488,0.22379041298047156,0.09830035357630167,0.06945738350903805,0.06766917293233082
2024-02-28,2.0,6.0,0,5.0889652682694955,5.435802854147803,5.602267405298994,5.55704414988107,5.661291670912262,0.22708305912980836,0.08946500950110968,0.06843821838715522,0.06766917293233082
2024-02-29,2.0,3.0,0,4.891477524274775,4.520700179757767,5.348759393249138,5.250116346927391,5.543348001871369,0.2128262454407308,0.1197186223052756,0.07167296954371226,0.07874015748031496
2024-03-01,2.0,6.0,0,5.357745565229226,5.151585066585771,5.552236962847704,5.457378537800166,5.81670236095408,0.24628034085691242,0.18441911788791132,0.07701552142397496,0.07874015748031496
2024-03-04,2.0,7.0,0,3.475189037987858,3.4170543170431245,4.959278460361274,4.919766977096513,5.286557429319822,0.18288029213354956,0.14464602719889327,0.07391925508115191,0.07874015748031496
2024-03-05,2.0,2.0,0,5.087301857049638,3.609024689874864,5.1671349772537045,5.163405063949727,5.3321867164720915,0.1880819030521338,0.11044291938488543,0.07075224536212643,0.06766917293233082
2024-03-06,2.0,4.0,0,4.985716822989479,4.683878972269075,4.916488434735278,4.923139665233444,4.9825117682888065,0.14971781574521992,0.15061801919179202,0.07441713364085908,0.07874015748031496
2024-03-07,2.0,7.0,0,4.160138021500218,3.963389003139664,4.345269814117261,4.402670352052167,4.5219340696572266,0.10521549425238477,0.11760968013458553,0.07146827321779126,0.07874015748031496
2024-03-08,2.0,7.0,0,5.553124194525076,5.456796526484952,4.208613129863381,4.178476006578213,4.491021545614571,0.10250456296180482,0.16568974427460034,0.07561781971413782,0.07874015748031496
2024-03-09,2.0,4.0,0,3.7657622555334136,3.7010446413663054,4.465929888719712,4.382705757322441,4.753444864063144,0.12665108909019934,0.2356563407756976,0.08045045770342518,0.07874015748031496
2024-03-10,2.0,1.0,0,3.8204689379239465,5.738526404808571,4.362568024655584,4.305086152810251,4.713072074711166,0.12277247018753641,0.2474708085682548,0.08118234335426819,0.07874015748031496
2024-03-13,2.0,2.0,0,4.209360715182124,3.925000147579838,4.354582484142269,4.331510206822452,4.502157755656511,0.10347696436569336,0.18859896670783416,0.07731521787544667,0.07874015748031496
2024-03-14,2.0,4.0,0,4.753057983660888,3.5126916149405454,4.957155493199885,5.04508326812021,4.856633812507167,0.13682341177918889,0.28900475629645117,0.0836301403352315,0.07874015748031496
2024-03-15,2.0,11.0,1,3.6522426120802343,4.211663502037455,4.686387276964732,4.666318191674068,4.86747026426809,0.13791281606067146,0.20707683744708205,0.07859441247079021,0.07874015748031496
2024-03-16,2.0,2.0,0,4.323806294763281,4.657604151783856,4.968236146565812,4.84124022569516,5.299538898700745,0.18435456896578256,0.24768581948754703,0.08119549628341427,0.07874015748031496
2024-03-17,2.0,8.0,1,4.727114137623422,4.6054783493398395,4.7433208558870446,4.69510294852263,4.830194996651194,0.13418216763555302,0.2827810991829934,0.08327393833622508,0.07874015748031496
2024-03-18,3.0,5.0,0,4.329444985764778,4.315781218751614,4.3184847937630915,4.287073974337068,4.459772242929166,0.10543519698136843,0.4900380776571567,0.11901293194056146,0.16666666666666666
2024-03-19,3.0,3.0,0,4.14673504031019,3.4465878352760684,4.017581798168609,4.025493149159799,3.9525327815078413,0.06604127225366802,0.31042217663820226,0.09729299920108463,0.10274887136439428
2024-03-20,3.0,3.0,0,5.1619372651675555,4.311975068509209,4.692665841987856,4.498426180457464,4.9631991128020525,0.1536273252730055,0.415332538320757,0.1098968172555627,0.16666666666666666
2024-03-21,3.0,3.0,0,4.31447169816381,3.6671199815450857,4.1547629764041325,4.229598259479826,4.150679248419084,0.08025124072305641,0.09845705191777636,0.06601780783380495,0.056818181818181816
2024-03-22,3.0,4.0,0,3.3371115000608027,2.368861814687109,4.040459490779622,4.094710216243607,4.037157601276651,0.071920644344875,0.10052664431095716,0.06644333079363889,0.056818181818181816
2024-03-23,3.0,2.0,0,5.334379821457501,4.91692108421758,4.292121861918304,4.206491752749514,4.46175855887346,0.10560848694108939,0.0924243200680187,0.06474561008848569,0.056818181818181816
2024-03-24,3.0,1.0,0,2.8679811380593163,2.204113654667195,4.084423909827524,4.071690103493295,4.218459406690694,0.08546438478109186,0.0574079281201126,0.05606908156665115,0.056818181818181816
2024-03-25,3.0,4.0,0,4.536504517914266,4.433119495222611,4.523968355901128,4.491124025716489,4.5662048962997765,0.11491838536107661,0.1192120247653212,0.07006956249022177,0.08433734939759036
2024-03-26,3.0,5.0,0,4.650872195128037,3.785360332563518,4.755853551072879,4.767594617153197,4.7299975357592325,0.13027516159650943,0.09463640674285348,0.06521781069910182,0.056818181818181816
2024-03-27,3.0,4.0,0,3.9753659960867846,3.815604510840746,4.126835601003757,4.126227369124897,4.160524669470867,0.0809974516091493,0.10182917677869055,0.0667084446441451,0.056818181818181816
2024-03-28,3.0,4.0,0,4.190228386647137,4.610891517223708,4.565557935046916,4.513710820448897,4.666329234272975,0.12419879962289644,0.12789743183010713,0.07164285687693674,0.08433734939759036
2024-03-29,3.0,3.0,0,3.513878759084022,3.097329152068464,4.69308703322991,4.648774644208619,4.791959938238869,0.1363152606297212,0.1597126381549872,0.07695291462795885,0.09230769230769231
2024-03-30,3.0,1.0,0,3.62613370991215,3.109356493038125,4.490884227137228,4.538361626436407,4.459783540345714,0.10543618218770225,0.16450214893337126,0.07770230493435712,0.09230769230769231
2024-03-31,3.0,3.0,0,3.4923267778497755,3.6568272467383838,4.218639415641173,4.314073556380148,4.101835636306845,0.076605046695854,0.2626991457210135,0.09134507044451451,0.09230769230769231
2024-04-01,3.0,3.0,0,3.8651516538585557,3.123374210358506,4.046084052891674,4.079548116799913,4.150261120325666,0.08021963297149601,0.15720675274014137,0.07655627304953347,0.09230769230769231
2024-04-02,3.0,3.0,0,3.399103762423306,3.033080484689443,4.048177718234278,4.033920642849261,3.9671232390431803,0.06703465823280559,0.1135719017962362,0.06901246720007954,0.08433734939759036
2024-04-03,3.0,6.0,0,3.6859494206442553,3.769056361268089,4.117948581675478,4.186932898302055,4.257080443388205,0.08851376030996208,0.049855589544231194,0.05376551233447632,0.056818181818181816
2024-04-04,3.0,3.0,0,3.4438302480530756,3.476959045075558,3.801625993961892,3.7876052828757856,3.8737091280983162,0.060821534611165774,0.02220393043400044,0.042398254759487115,0.03278688524590164
2024-04-05,3.0,3.0,0,3.5845508601732963,3.330886806121366,4.0129901699416575,3.9347630077368763,4.313906838153408,0.09310354874787245,0.036137128027581074,0.04889357124358369,0.03278688524590164
2024-04-06,3.0,6.0,0,4.124074976674072,3.292248688246732,4.048412118476523,4.03658630447008,4.249025828945361,0.08787310016108946,0.057409386175858154,0.05606950632405098,0.056818181818181816
2024-04-07,3.0,2.0,0,3.9285663046929176,3.5744592453740824,3.878792628009738,3.926450348071601,3.8129853469100192,0.056970000926114775,0.05566667292561485,0.05555666042821349,0.056818181818181816
2024-04-08,3.0,3.0,0,3.757589289251694,3.3526668618426747,4.381617771770607,4.3374665767187395,4.469807426371145,0.10631213781430181,0.09498709780406916,0.06529204984952727,0.056818181818181816
2024-04-09,3.0,4.0,0,3.2130905430254777,2.6892942705928315,3.434227244233666,3.458308031956251,3.453592696791138,0.03719581148587697,0.0906835178800793,0.06436912350684565,0.056818181818181816
2024-04-10,3.0,3.0,0,2.721973068387013,2.7714981342194744,3.27556747202684,3.240919689970321,3.27242174196201,0.029152975380837776,0.08408419951885081,0.06289988992096963,0.056818181818181816
2024-04-11,3.0,3.0,0,3.439195162959081,3.4243613334513388,3.7827958993476427,3.7575093865920968,3.8748348489919913,0.060894331278947784,0.028550624009623854,0.04562930438666007,0.03278688524590164
2024-04-12,3.0,4.0,0,2.5881062327260524,2.577999365669356,3.5621655142206015,3.4721182436155646,3.664926826694911,0.04819923220192539,0.03883567131226138,0.0499404172578738,0.03278688524590164
2024-04-13,3.0,2.0,0,2.5079469026199486,2.797866874872211,3.360056562137883,3.3527447560711656,3.4135077638364106,0.03530729115250853,0.052995828921803705,0.05474966791051486,0.056818181818181816
2024-04-14,3.0,1.0,0,2.327671809595552,2.637012768088003,3.67423786130184,3.536488591120596,3.7694189560881632,0.05429785921694753,0.08031982631953548,0.06202942609805967,0.056818181818181816
2024-04-15,3.0,3.0,0,2.514984577098398,1.9580335566027312,3.675528514067028,3.645251654304131,3.8094029435029593,0.056747399769976975,0.047375531063609394,0.05295859085353232,0.056818181818181816
2024-04-16,3.0,2.0,0,3.5949029501030325,2.902471495379851,4.779157435702674,4.624450769375364,5.03680488646771,0.1613339642532354,0.1093955509979463,0.06820988584881289,0.056818181818181816
2024-04-17,3.0,3.0,0,3.200171457221207,2.4217456257105914,4.398599222897146,4.247591385162562,4.4899210206458315,0.1080806686253975,0.11179048975631996,0.06867227687312114,0.08433734939759036
2024-04-18,3.0,7.0,0,3.30178757970894,3.760429265190846,3.506171799332409,3.5034628580942155,3.5967895270399985,0.04445786810162096,0.04502142261135856,0.052165998086022555,0.056818181818181816
2024-04-19,3.0,7.0,0,3.4641256363322084,3.170199350322491,3.5325310023117176,3.5350161261542468,3.5837538035732157,0.04376318612139468,0.04856230562063984,0.05334816433512055,0.056818181818181816
2024-04-20,3.0,1.0,0,3.6654802437943426,3.3673961177858946,3.4798499545858945,3.533374485273609,3.4625552554830654,0.037626642389880435,0.06043146295139728,0.056935080507120386,0.056818181818181816
2024-04-21,3.0,4.0,0,3.64857641041782,3.76769444936966,3.7098118055721523,3.713874773388828,3.6071037920408586,0.04501231645994823,0.08776837695845076,0.06372856836613429,0.056818181818181816
2024-04-22,3.0,4.0,0,3.7197789858736208,2.2405542933780427,3.698338325728026,3.6269163294737172,3.6773127784910864,0.048899267046982935,0.042575064292252524,0.05131218733974558,0.03278688524590164
2024-04-23,3.0,3.0,0,3.1330529132754323,3.7263376697937014,3.64456871436579,3.6876964257869926,3.637259249515526,0.04665767041414398,0.0168376159582005,0.03911467861156466,0.0
2024-04-24,3.0,5.0,0,3.343879100018403,3.2610224715743716,3.7379912948999143,3.6944206236133947,4.151848729113435,0.08033968187845619,0.011713740560431089,0.035196341848838776,0.0
2024-04-25,3.0,3.0,0,4.25359952724341,4.4049672776007505,3.8149240277662972,3.808836327811011,3.935226163600764,0.06487395722688952,0.015006939025083816,0.03782612818176585,0.0
2024-04-26,3.0,4.0,0,3.7126950051336998,4.303775678509442,3.4065625949230283,3.507014804540177,3.4018338971091957,0.03476904912033912,0.005245561352722525,0.027862514717225947,0.0
2024-04-27,3.0,4.0,0,3.6556320457697846,4.2615327071405416,3.465324303895327,3.494044507248847,3.5598552047003045,0.04250716067554024,0.007035704516751982,0.03034748451683153,0.0
2024-04-28,3.0,8.0,1,3.4850209685046827,3.1089649104941164,3.1310970428339635,3.14125894944649,3.2254572043574274,0.027271625598196115,0.008639990878528785,0.03221548076517394,0.0
2024-04-29,3.0,8.0,1,4.539754488573067,5.47540482114785,4.641264345857285,4.631546709237643,4.689183884641269,0.1263646048795309,0.03790296179986133,0.04958436907904233,0.03278688524590164
2024-04-30,3.0,2.0,0,4.0801043258736795,4.103460804838989,4.348967089856849,4.416036726293028,4.028193928531491,0.07128444369082586,0.02222260082596061,0.042408651163803684,0.03278688524590164
2024-05-01,3.0,5.0,0,3.357760948310183,3.646174952729362,3.4355498228323245,3.4572021777172535,3.392340990277734,0.034335255739645645,0.034771361730470074,0.04834328226578639,0.03278688524590164
2024-05-02,3.0,2.0,0,3.1449726936802027,3.4830217449115484,3.327861676819617,3.3420884895153273,3.2265924241147044,0.027316131789312234,0.03139303315220766,0.04691526062756331,0.03278688524590164
2024-05-03,3.0,6.0,0,3.1047673877121675,2.7074871176781756,4.206704782744103,4.126261947500591,4.231479719744854,0.08648605333818234,0.022311062174012918,0.04245782714118767,0.03278688524590164
2024-05-04,3.0,5.0,0,3.916768595804975,3.1234155631749556,3.9421780669425237,3.973686591976864,3.760169303909444,0.053740337606725,0.018477721757552076,0.04018779134208933,0.0
2024-05-05,3.0,6.0,0,3.515033972298768,3.1679046882534987,3.5871081516687187,3.640527222560046,3.473335300123839,0.03814900694900845,0.04671820777149002,0.0527399941431795,0.056818181818181816
2024-05-06,3.0,1.0,0,3.0264843036084734,3.7991746162717095,4.287613503169369,4.413100220193826,4.20976993866835,0.0847861615725871,0.042274893559178545,0.05120516039434073,0.03278688524590164
2024-05-07,3.0,2.0,0,3.9093153562146505,2.4205086938243325,3.6271474206322134,3.529874463841432,3.511745241444798,0.04004732645264549,0.04019085364355082,0.05044751274302433,0.03278688524590164
2024-05-08,3.0,2.0,0,2.3157270273217945,2.307592632138583,3.6906596009975585,3.683280844880616,3.637140393471542,0.04665111408744915,0.05301128892033038,0.05475441584370821,0.056818181818181816
2024-05-09,3.0,3.0,0,2.8620289995318724,2.8854228424352186,3.602673027888286,3.5664872673487715,3.781083263452538,0.05500582015995278,0.03420956246373848,0.04811262438020873,0.03278688524590164
2024-05-10,3.0,1.0,0,2.7753675227919468,2.31440875971866,3.033430543704825,3.0073038399113705,3.151342193789775,0.024468632015805437,0.03821838572913454,0.049705438848002895,0.03278688524590164
2024-05-11,3.0,4.0,0,3.1333178104804635,2.5459964599455134,3.520874747460511,3.462322013832545,3.452616859983528,0.03714909260461057,0.05386918660588317,0.05501645800084986,0.056818181818181816
2024-05-12,3.0,8.0,1,2.7852799469962655,2.685247035289613,3.205839163102298,3.1603335065857556,3.110611504615718,0.023013262242612895,0.059050264473520346,0.056543094790282765,0.056818181818181816
2024-05-13,3.0,5.0,0,2.800927994154478,2.692555917849929,3.208325394682431,3.2023511298418383,3.3200955097746743,0.031147538264855147,0.06804731915752062,0.05899775923198905,0.056818181818181816
2024-05-14,3.0,3.0,0,3.027818410199491,3.2344900190604617,3.039294973118294,3.028731944188504,3.048158703001965,0.02089646639643342,0.12200664112126836,0.07058268911263904,0.08433734939759036
2024-05-17,3.0,4.0,0,2.718909947555504,2.5373756798441067,3.485645902072067,3.4252314603044214,3.680980899831952,0.049107762484747325,0.2157470430602148,0.08514908927361566,0.09230769230769231
2024-05-18,3.0,7.0,0,2.4893240883418484,2.0098030313418884,3.0356897796905082,2.9786998481611677,2.9679255182835096,0.018376000492381233,0.11356446531791352,0.06901105357233354,0.08433734939759036
2024-05-19,3.0,3.0,0,3.147343785239656,3.225949610293706,3.1476378667606006,3.131953615665808,3.14312875153664,0.024170342466637115,0.13112574643285246,0.07221223574730237,0.08433734939759036
2024-05-20,3.0,6.0,0,3.117612732152275,2.9018434113122793,3.1330483971480967,3.1715155955528527,3.1012425381931745,0.022686907311646128,0.1477237050767755,0.07502478661098165,0.08433734939759036
2024-05-21,3.0,3.0,0,2.722411526895715,2.646256119629169,3.064224760038627,3.1139896167009713,3.113736176228039,0.02312280233398788,0.1480641650038769,0.07508064751833626,0.08433734939759036
2024-05-22,3.0,3.0,0,1.6404220923150643,1.777322885441344,2.72749940167429,2.660127362634552,2.7525559286169603,0.012657897516016484,0.11594559593822894,0.06946097274740054,0.08433734939759036
2024-05-23,3.0,4.0,0,2.8948464302974686,2.362319686457784,2.989598568471139,2.934138675061163,2.963336360039914,0.018238461174617925,0.060797866292523074,0.05703807926770991,0.056818181818181816
2024-05-24,3.0,7.0,0,3.238008833830653,3.7003628453373563,3.1769073198926088,3.1400248638244084,3.0492618021824387,0.020932665796429238,0.06137567761058218,0.057199684446278806,0.056818181818181816
2024-05-25,3.0,4.0,0,2.7327276144178008,2.7159430883258664,3.1018434914630943,3.1611100724068053,3.0389144601766698,0.020594771639501,0.030822823233467255,0.04666393336472395,0.03278688524590164
2024-05-26,3.0,7.0,0,3.1593363749738397,2.2771266832950943,3.1670524904919684,3.197528223451699,3.0637195233616827,0.021411041208158857,0.027497088518236814,0.04513018279707705,0.03278688524590164
2024-05-27,3.0,6.0,0,3.031326093924641,2.374297403606513,3.193234429391501,3.066301651423035,3.067153384573125,0.021525736258783148,0.057746489242641606,0.05616752036683475,0.056818181818181816
2024-05-28,3.0,4.0,0,2.004079960311367,1.4669767701497447,3.2204043267631786,3.182459118346865,3.257535030683441,0.028547704445120083,0.04532118364121711,0.05226844845446028,0.056818181818181816
2024-05-29,3.0,8.0,1,2.7168266570045123,3.027546150114911,3.391010066228076,3.386035534457903,3.245539035747796,0.028066004155482008,0.08201635220473998,0.0624248219611644,0.056818181818181816
2024-05-30,3.0,2.0,0,2.13212532188848,2.0290199258286403,3.1835316640084432,3.0850084667667677,3.2527433419250316,0.028354648512435472,0.08575166567088693,0.06327769015822886,0.056818181818181816
2024-05-31,3.0,9.0,1,1.9069927174107708,1.6551749442079071,2.9714104869398597,2.952773889712001,2.8790259816630352,0.015835910419053092,0.026351773110548714,0.044572305917896085,0.03278688524590164
2024-06-01,3.0,1.0,0,2.9915033023793893,3.4918925557142835,2.826564642079697,2.917022262884352,2.6637508906308844,0.01071478936346379,0.03692022042815455,0.04920269932533651,0.03278688524590164
2024-06-02,3.0,2.0,0,2.946282053793982,3.2705867935425386,3.031899384704644,3.041884208122485,2.9199203557428954,0.01697204834938274,0.045553811103505225,0.05234764042938192,0.056818181818181816
2024-06-03,3.0,7.0,0,3.2588134387860435,3.046650297533058,3.0106594431353986,3.103651200293827,2.962913711387332,0.01822582978201338,0.05547025281409899,0.055498196653942344,0.056818181818181816
2024-06-04,3.0,4.0,0,2.938001272464619,2.661070228562242,3.0668278525754284,3.136308197216922,2.8593392894238425,0.015308247716497076,0.02796996142320765,0.04535581970189022,0.03278688524590164
2024-06-05,3.0,8.0,1,4.279030769067513,4.390124082759865,4.919389969034433,4.8123977008983925,4.827039877361018,0.1397888610224682,0.07478567919980117,0.06070175626499238,0.056818181818181816
2024-06-06,3.0,6.0,0,3.514172739250415,2.742137356549068,4.332102440229854,4.361091298378538,4.503344672468521,0.10926900504482205,0.0358364857604545,0.04877367547052471,0.03278688524590164
2024-06-07,3.0,7.0,0,3.7928250062840356,2.668453312080647,3.545389042066684,3.536166751538271,3.597530709202706,0.04449756939647378,0.08808575187910246,0.06379893756915338,0.056818181818181816
2024-06-08,3.0,4.0,0,4.465404751678751,4.6654694882357735,3.9663035572453214,3.9104313542129154,3.9697389874181757,0.06721364643959023,0.049738789024180115,0.05372811967435147,0.056818181818181816
2024-06-09,3.0,2.0,0,2.6807556102624175,2.8400872691792727,4.416545319959688,4.44443775402029,4.612528562718897,0.11916958774122254,0.020991054734067687,0.04170936971537696,0.03278688524590164
2024-06-10,3.0,6.0,0,5.288649832279314,5.0973867247176825,5.200610201780655,5.165450704858649,5.087288024870222,0.166706766774076,0.04554417351348355,0.052344364973034976,0.056818181818181816
2024-06-11,3.0,16.0,1,5.484231804468232,4.10111735791811,5.695345271487962,5.777945546837754,5.886536472059845,0.25937775104783173,0.12887040748569611,0.07181529773791998,0.08433734939759036
2024-06-12,3.0,20.0,1,5.10336363153282,5.69526792583014,6.8464740338930685,6.35821155740082,7.875057195070812,0.5073930154495435,0.14799231661353573,0.07506886466983527,0.08433734939759036
2024-06-13,3.0,15.0,1,3.413488123898091,3.383924344270186,6.023148376782233,5.974103412705422,6.13952606640923,0.29080796478390797,0.14857425425405663,0.07516421331882789,0.08433734939759036
2024-06-14,3.0,5.0,0,3.4649282170682962,3.7137607911270587,4.187127316326369,4.465153447989785,4.067565878350542,0.0741025112827016,0.15758400772784809,0.07661619264063063,0.09230769230769231
2024-06-15,3.0,5.0,0,4.405051334799581,4.056880588677256,3.397750363835958,3.5056397434912054,3.3295563339492955,0.03155360969611861,0.11037378613790759,0.06839946430324739,0.056818181818181816
2024-06-16,3.0,3.0,0,3.950827393301724,3.5463088468213115,3.6338972198086505,3.7519495719413203,3.6127795178625224,0.04531922618287976,0.10747355077195506,0.06783448067914265,0.056818181818181816
2024-06-17,3.0,5.0,0,4.426024845520028,4.891863041210704,4.9481046236930615,4.986511124972956,5.029793564027013,0.1605932981266608,0.13137645057005382,0.07225612396676152,0.08433734939759036
2024-06-18,3.0,8.0,1,4.204574284622846,4.806820681876489,4.199404433797707,4.253067355164596,4.1787366844924145,0.0823876906031337,0.15374107643655838,0.0760023101198712,0.09230769230769231
2024-06-19,3.0,6.0,0,3.9797332972698283,3.75561375160828,3.6933356974635045,3.893300376733844,3.661341719947629,0.04799775337047596,0.15171625754820686,0.07567565421727454,0.08433734939759036
2024-06-20,3.0,6.0,0,4.790526402862942,5.092855454052273,5.32152474648694,5.252655913176473,5.566558580888202,0.220802935362147,0.14425870459034196,0.07445233149581777,0.08433734939759036
2024-06-21,3.0,15.0,1,5.318903460025712,5.009190306825186,5.470710550079567,5.426845962041079,5.399265370871511,0.20134141365024505,0.15182097523729302,0.07569260350438818,0.08433734939759036
2024-06-22,3.0,2.0,0,4.564073267623061,5.480515233107918,4.841836614284245,5.004116691159005,4.875636966705425,0.1446639441687654,0.21954256951802822,0.08566771922399902,0.09230769230769231
2024-06-23,3.0,6.0,0,3.8677331290993426,3.502675271062455,4.028483972245098,4.1327816123218515,4.188646563120795,0.08314956235845075,0.2992011938128218,0.09591640574046102,0.09230769230769231
2024-06-24,3.0,4.0,0,3.555628294809238,4.041934336278035,3.4460055156357083,3.4596371342700616,3.7258247996449407,0.05170027295345488,0.2131181028486891,0.08478767429057037,0.09230769230769231
2024-06-25,3.0,3.0,0,4.174728773696361,4.378372652819483,3.9528752986798246,4.022404211358605,4.352616103254692,0.09629952145700155,0.2519707590494662,0.08996655979135602,0.09230769230769231
2024-06-26,3.0,6.0,0,5.525880313137,5.23277969465639,4.533144919791175,4.824866764058158,4.950940013455081,0.15235881810063084,0.16596161581525692,0.0779284683965912,0.09230769230769231
2024-06-27,3.0,3.0,0,4.507267790639136,3.847665424334856,4.671143194296649,4.651340787348024,5.481736777740506,0.2108661994758833,0.10230262697984774,0.06680430521939382,0.056818181818181816
2024-06-28,3.0,2.0,0,3.478019696264033,4.704447318453953,4.074073932262865,3.9395688188668503,4.690330811754042,0.12647374944585274,0.20582933813233206,0.08377577721586707,0.09230769230769231
2024-06-29,3.0,8.0,1,4.049646751108907,4.020383475955786,4.387775560281357,4.222345659252427,4.960939231971401,0.15339315713311985,0.32099111364464095,0.09858040376484704,0.125
2024-06-30,3.0,3.0,0,1.9021090184166791,2.0665607431653785,3.5399638106887505,3.3360424582762835,4.188216914601633,0.08311645235976864,0.3956938205759532,0.10754530587148772,0.16666666666666666
2024-07-01,3.0,3.0,0,3.9578602691534224,3.7175612950630206,4.208255472083954,4.176674367511723,4.85529685258206,0.1426146839533225,0.24331277453034414,0.08883967698855438,0.09230769230769231
2024-07-02,3.0,3.0,0,2.65554422012111,3.4711305490329587,3.9532718891080183,3.887414675262723,4.618621342997483,0.11973421064061757,0.14776715526881193,0.07503191948576175,0.08433734939759036
2024-07-03,3.0,5.0,0,3.188890832104215,3.77628118139262,3.7428746196871354,3.5798410642756817,4.4134147066090526,0.10143141449720364,0.27060739993736066,0.0923498558099832,0.09230769230769231
2024-07-04,3.0,4.0,0,3.9894201928979975,3.7532423790011604,3.990514155731106,3.8919857835823177,4.811447875738144,0.13824018905819624,0.3126081705413312,0.09755995447719168,0.11063565216566285
2024-07-05,3.0,4.0,0,3.8271059847267432,3.332143923156334,3.8578518188113473,3.7288274316352337,4.683180014772751,0.12579397175964685,0.396712873073822,0.10766714428849429,0.16666666666666666
2024-07-06,3.0,4.0,0,2.746078801512362,2.3497365168888096,3.629854603092947,3.446596132480448,4.192521815525967,0.08344852256266058,0.29229297316986697,0.09506310499412743,0.09230769230769231
2024-07-07,3.0,2.0,0,2.9373342668953493,3.229333523445469,3.302313480564253,3.1235173144100257,3.8595110031125963,0.05990774663113723,0.31902440216218936,0.0983414422625824,0.125
2024-07-08,3.0,6.0,0,2.8059751405571642,2.905988869754228,3.201907496212416,2.9941840949404126,3.5960576459258085,0.04441868648079414,0.26865966121131113,0.09210322175779058,0.09230769230769231
2024-07-09,3.0,8.0,1,2.496138119152036,2.898840203154787,3.330891987719089,3.1180418292810925,3.822678959590857,0.05757491877474495,0.25384194960705336,0.09020835682999415,0.09230769230769231
2024-07-10,3.0,6.0,0,3.274332494543888,3.6600585514568396,3.0827381755506535,2.9939763750309734,3.2877841842662976,0.029786323798549487,0.32522702634887635,0.09909422202346967,0.125
2024-07-11,3.0,5.0,0,3.052997816910618,2.3263851116685803,3.487430123663168,3.316668639967159,3.5907551911789,0.0441354538393947,0.27644553285156837,0.09308601869230276,0.09230769230769231
2024-07-12,3.0,2.0,0,2.8597682632826853,3.907949644397274,3.459458881697093,3.305566691636626,3.555092537403862,0.042259561407968264,0.23434485225150245,0.08765733476990016,0.09230769230769231
2024-07-13,3.0,4.0,0,3.996270730334982,4.205685101460893,3.371984257250016,3.355887668833487,3.4937099910454776,0.039148749986002596,0.19491219558785453,0.08223078166156575,0.09230769230769231
2024-07-14,3.0,6.0,0,3.501924250872762,3.5367140269526187,3.339537674519994,3.2784936764610553,3.362403994692676,0.03299002416080244,0.224689369554619,0.08636527431661593,0.09230769230769231
2024-07-15,3.0,6.0,0,3.0614988928490217,2.708701972334913,2.923602840400389,2.888263103008228,2.916124886760369,0.016864303316562478,0.1857322665263375,0.08090137519186982,0.09230769230769231
2024-07-16,3.0,3.0,0,2.9327987853550805,2.6435622379773784,3.7678963872681615,3.6233012775117586,3.6720314247724315,0.04860002206039902,0.07362222677233471,0.06041477108648043,0.056818181818181816
2024-07-17,3.0,10.0,1,2.426290683760956,2.1938361873746337,3.0493896338604487,2.966188980099308,3.1416500146816877,0.02411689792102468,0.08644530485660201,0.06343350285371757,0.056818181818181816
2024-07-18,3.0,3.0,0,3.481494449747256,2.7451502992426153,3.4666059526609727,3.47993013285428,3.4688119244375963,0.03792926487290405,0.048901251989245574,0.05345825540709974,0.056818181818181816
2024-07-19,3.0,8.0,1,3.7533611699738336,4.0520464830406855,3.786906092939423,3.783405777200412,3.594065159804781,0.04431212580625241,0.08247027389177569,0.06252974239630107,0.056818181818181816
2024-07-20,3.0,4.0,0,2.131162715409259,2.192775411417532,3.2873002508185007,3.2390580390477473,3.20825474684051,0.026603046629706393,0.09149438479577851,0.06454503801593464,0.056818181818181816
2024-07-21,3.0,4.0,0,2.8856015662564,2.532793207119259,3.382107038795063,3.310448992040869,3.610989901509115,0.04522231567425675,0.0645846808029239,0.058079594636271506,0.056818181818181816
2024-07-22,3.0,8.0,1,2.9556851992752065,2.4756792608241067,3.4232371807710376,3.330701572483095,3.351312853148375,0.03250039253075664,0.058565633781353314,0.05640413126586635,0.056818181818181816
2024-07-23,3.0,2.0,0,3.7013253701546827,3.3698810006182036,3.3476833322651975,3.3133996176438254,3.6475869293452203,0.04722952049382908,0.06899881208673514,0.05924475092413437,0.056818181818181816
2024-07-24,3.0,1.0,0,3.675270801416975,4.577229012621029,3.1842205102787133,3.19561243193694,3.1805510012618723,0.025549262888870165,0.06594038959708627,0.05844278840679364,0.056818181818181816
2024-07-25,3.0,2.0,0,2.7033277310013712,2.880507154668285,2.9730982602655898,2.950095708655544,2.9833254221573453,0.018842732138717896,0.057253233951767075,0.05602397599687466,0.056818181818181816
2024-07-26,3.0,3.0,0,2.664163383155423,2.3968948484018586,3.040666416244326,3.040908123430361,3.0520942579546664,0.021025810315713676,0.0863428821435433,0.06341054454653396,0.056818181818181816
2024-07-27,3.0,5.0,0,3.601575865892272,3.4554159087792793,3.4774847652005847,3.429697028807881,3.3854523620264825,0.03402265078286561,0.09724846821155868,0.0657668129504994,0.056818181818181816
2024-07-28,3.0,3.0,0,3.2421835495175158,3.6392489476233822,3.7880788517207065,3.72571743793617,4.142693860688111,0.07964877172717041,0.14928658776991768,0.07528065880541285,0.08433734939759036
2024-07-29,3.0,6.0,0,3.3457077835418585,2.987054143052332,3.7143108649628176,3.707909629204967,3.500911027566978,0.039505993202280335,0.16261586523123092,0.07740850233921266,0.09230769230769231
2024-07-30,3.0,5.0,0,2.68481507405922,1.9753340092407854,3.1627674333366276,3.268742636691998,3.157667740117759,0.02470002401813445,0.08141915055454652,0.06228622758520369,0.056818181818181816
2024-07-31,3.0,15.0,1,4.993798599192455,4.947695044023898,4.712986356862039,4.674809201777339,4.783002569202328,0.13543451167225437,0.13800625832809982,0.07340037307407889,0.08433734939759036
2024-08-01,3.0,22.0,1,4.51303816128855,4.679092961424006,8.072794542789078,7.510450243860395,8.852990277297645,0.6152309042361863,0.093221613874595,0.06491659153898624,0.056818181818181816
2024-08-02,3.0,14.0,1,3.6479835196776964,3.4752431147097096,5.250156757798302,5.287415312706542,5.599995374575632,0.22475673192783938,0.0834092779176529,0.06274564421178438,0.056818181818181816
2024-08-03,3.0,8.0,1,3.847780169602105,4.071193726990917,3.7683607840754894,3.908529461751493,3.930470059337185,0.06455525542770636,0.09369119069512699,0.06501687520403894,0.056818181818181816
2024-08-04,3.0,12.0,1,5.148879508306189,5.912635989650024,4.132325834668371,4.278609319919424,4.30255121450122,0.09217663008454732,0.09265784875274394,0.06479578400487271,0.056818181818181816
2024-08-05,3.0,9.0,1,5.212186529046257,5.3173282658822565,3.8534220735090137,3.808598140179023,4.030292311124513,0.07143309260266002,0.17752870335498436,0.07968727647214227,0.09230769230769231
2024-08-06,3.0,9.0,1,3.5660547377931553,3.444089369739771,3.9813357294145177,4.086238652412203,4.296554942550015,0.09168913264622525,0.22083376019545092,0.08584332319686323,0.09230769230769231
2024-08-09,3.0,8.0,1,3.25875154256927,3.8745822581275484,4.067161423921003,3.9964992131637747,4.268357056267209,0.0894148406185605,0.14993701254587288,0.07538672848918639,0.08433734939759036
2024-08-10,3.0,7.0,0,3.0512928636579795,2.822424470387334,4.760311578908947,4.753060603334738,4.881976838815815,0.14530525417310958,0.11421848570949274,0.06913517340203142,0.08433734939759036
2024-08-11,3.0,7.0,0,3.6461928800470056,6.593477988158202,4.932998766490295,4.88607516786914,4.948805313681068,0.15213837698322547,0.24196434637877282,0.08866291876083932,0.09230769230769231
2024-08-12,3.0,5.0,0,3.327863093575365,4.586894219856034,4.510968287424453,4.568356371267595,4.591400282488242,0.11722144662782899,0.2702757969548971,0.0923079037348037,0.09230769230769231
2024-08-13,3.0,5.0,0,3.1660181704750743,4.139443574902698,4.335189069866024,4.317356747130458,4.398548127378381,0.10016399486430788,0.13314330494086818,0.07256412042074668,0.08433734939759036
2024-08-14,3.0,8.0,1,2.909480810751409,3.0561425637773945,4.695521691937112,4.789813719813144,4.8318007851357985,0.14026324484828404,0.24917969084802766,0.0896047666288857,0.09230769230769231
2024-08-15,3.0,2.0,0,3.5248776647551936,2.752551098648878,5.105352947309832,5.333784282129213,5.5466368093707885,0.21845691160502953,0.40459833131777834,0.10861048602013951,0.16666666666666666
2024-08-16,3.0,3.0,0,3.669119226110537,4.125923972025758,3.974178458645305,3.9095875788986683,4.278625386055755,0.09023954823562838,0.37097757127408854,0.10459180025848024,0.16666666666666666
2024-08-17,3.0,5.0,0,2.9761602602991553,2.889989959572049,3.9418797788289925,3.8198449477009366,4.036942268875207,0.07190532381000182,0.2394980179360444,0.08833870493478618,0.09230769230769231
2024-08-18,3.0,8.0,1,3.4271644586323955,3.4660258424605295,3.7260436215874018,3.690126420925068,3.983549400805395,0.06816316526286322,0.4142985345273874,0.10977276990861932,0.16666666666666666
2024-08-19,3.0,2.0,0,3.6620132373227854,3.5716300108539834,3.4552533820310787,3.4251713808489104,3.7571879201833545,0.053561366954721794,0.20767935294782675,0.08403403013776872,0.09230769230769231
2024-08-20,3.0,3.0,0,3.4182246386729287,4.032257920720395,3.4581537681522634,3.4292369060928873,3.676787532183792,0.048869456231748654,0.19337639309545918,0.08201038998440877,0.09230769230769231
2024-08-21,3.0,2.0,0,3.402460198419261,3.8327224270327243,3.6231061739973818,3.5814555126871674,3.824212094896473,0.057670937499712346,0.2734371249390311,0.09270724002925057,0.09230769230769231
2024-08-22,3.0,6.0,0,3.4230344451682306,3.7097950372387563,3.3989189213016884,3.380802165575631,3.574956806416991,0.043298208326342555,0.362768378247959,0.10361000537337392,0.16666666666666666
2024-08-23,3.0,5.0,0,2.9684536043127983,3.0629745385457388,3.3849387691429205,3.3621766436738523,3.5743208709547214,0.04326471426967316,0.2603565375662096,0.09104564052276923,0.09230769230769231
2024-08-24,3.0,2.0,0,3.132241593100279,3.5248941421639666,3.7290259269026556,3.65317917124382,3.811129463071823,0.05685461687388767,0.31344038413163144,0.09766148800051203,0.11363817022261617
2024-08-25,3.0,5.0,0,2.503263789695186,2.38600527049936,3.496585120332866,3.374736243894868,3.9688109293556155,0.06715011090724957,0.15608249339762076,0.07637726625184608,0.09230769230769231
2024-08-26,3.0,8.0,1,3.894887474039107,3.4184398260908213,3.8651960118851294,3.7877190139533803,4.196347876543203,0.08374425571032093,0.16043061277014914,0.07706597143721083,0.09230769230769231
2024-08-27,3.0,4.0,0,2.9191659633289078,4.1898241068312405,3.653098043410022,3.545012119290156,4.0785189654873,0.07489734224203075,0.18768968379814083,0.08118732596464365,0.09230769230769231
2024-08-28,3.0,4.0,0,3.1675764405018456,4.368003627448686,3.521691343221849,3.3842698648802467,3.8190699851629777,0.057349264633146824,0.17248852887844596,0.07892801610518552,0.09230769230769231
2024-08-29,3.0,6.0,0,3.2484444462739686,3.5381440857448996,3.2343543795722653,3.2167208207683817,3.426645735254625,0.03591936594409232,0.23724631385102385,0.08804164638269503,0.09230769230769231
2024-08-30,3.0,4.0,0,3.2191154547647436,4.041916556826635,3.344933080387343,3.2947141569874208,3.5130940398805324,0.040115043298561186,0.125756005260978,0.07126071900053316,0.08433734939759036
2024-08-31,3.0,7.0,0,3.091107479843177,4.0310769518225795,3.586194053041887,3.456308046854282,3.6707326561693336,0.04852660405002815,0.13764719343136794,0.07333918436777248,0.08433734939759036
2024-09-01,3.0,3.0,0,3.3194971013504846,2.594498222413755,3.2052686454800132,3.2199793648181734,3.1286165705276336,0.02364925314096003,0.008816392666680816,0.03240536133828593,0.0
2024-09-02,3.0,4.0,0,3.887479918433437,3.163993470118029,3.5944183722249616,3.6430766654565803,3.4985229078043067,0.03938729242707375,0.015481868106764917,0.03817060882235022,0.0
2024-09-03,3.0,4.0,0,3.151833511444775,2.827850347565885,3.2822426974587398,3.2768386920490613,3.384575511030857,0.033982990909464224,0.05142590194995445,0.054262653427106934,0.056818181818181816
2024-09-04,3.0,10.0,1,3.152306342879995,2.332723197947834,3.713308682434767,3.7047470548899244,3.5852208436374573,0.04384102797017884,0.04284402099455697,0.051407652134041235,0.03278688524590164
2024-09-05,3.0,4.0,0,3.0400715553623843,2.5396298978220484,3.4479616178090153,3.4407700884621284,3.557743817716149,0.042397283885204036,0.012082682848468095,0.035515155040503066,0.0
2024-09-06,3.0,7.0,0,3.351826798413054,2.9555390158861723,3.3027040351035715,3.2946973175829823,3.2343611018245486,0.02762198642562729,0.030942110684032208,0.04671677428968862,0.03278688524590164
2024-09-07,3.0,4.0,0,3.4443701441166215,2.90971534654442,3.266518511686107,3.2623366021750146,3.3097302450262482,0.030706556592069344,0.026386366298611113,0.04458940001812434,0.03278688524590164
2024-09-08,3.0,1.0,0,3.5497566272514196,2.5403005335543667,3.27957614388556,3.2447806777150863,3.40177178490265,0.03476619946731341,0.01797916305336831,0.03986892453668407,0.0
2024-09-09,3.0,5.0,0,3.889483881776868,2.8947219900875045,3.118670790392452,3.0872133952444476,3.1821373143030858,0.025608842196371474,0.01920254091903666,0.0406407673931914,0.03278688524590164
2024-09-10,3.0,5.0,0,3.177431462059191,3.4189149179842855,2.9580861267722263,2.9994909222713906,2.8351310912298233,0.01467631540753122,0.004878965526184606,0.02728102131264941,0.0
2024-09-11,3.0,3.0,0,3.3357528568974724,3.304645819432133,3.269618350218778,3.222117014629274,3.2058377553340374,0.02650998582660424,0.008495349431123138,0.03205772225378684,0.0
2024-09-12,3.0,1.0,0,3.3694853859718896,2.491487035758736,3.308961628047128,3.2982239321793014,3.169493291198797,0.025136508354462805,0.03051811030829251,0.04652831098372689,0.03278688524590164
2024-09-13,3.0,7.0,0,3.5538915592040254,2.7822195465181565,3.312556437089694,3.27100834065353,3.332800395463489,0.03169363476898662,0.026422327272269352,0.044607153518965256,0.03278688524590164
2024-09-14,3.0,5.0,0,3.076707226413767,3.0398624226260016,3.562482706902285,3.505937539671739,3.564668807982319,0.04275832237188316,0.042485183163103256,0.051280193592287394,0.03278688524590164
2024-09-15,3.0,3.0,0,3.6516822960322384,2.3986420172202934,3.8839539787749504,3.8897597221091913,3.8156515502168173,0.05713600610214531,0.09274729621398571,0.06481498139177981,0.056818181818181816
2024-09-16,3.0,7.0,0,4.221685831439025,3.8733690950803714,3.7477691563982285,3.8032575472162025,3.5733627723976267,0.04321428256046197,0.12189996921960378,0.0705632267771114,0.08433734939759036
2024-09-17,3.0,1.0,0,2.817856146616701,1.8572802781667381,3.2104253223244728,3.2019771310597314,3.2237496283084686,0.027204770264310233,0.0715911148722745,0.059906744378844266,0.056818181818181816
2024-09-18,3.0,1.0,0,4.687758221995467,3.2490739066658185,3.583676113350589,3.5817473091460403,3.465259590765214,0.0377572574799668,0.046135648271447165,0.05254452764921339,0.056818181818181816
2024-09-19,3.0,5.0,0,5.398767500353686,4.656282261514933,4.143780083766729,4.055004601314711,4.137922547267346,0.0792899766614171,0.07294441149549848,0.06024624140387946,0.056818181818181816
2024-09-20,3.0,2.0,0,3.131108189854387,2.748580294176511,3.0957793643412796,3.1512303034113365,2.9155474410673867,0.01684795237147662,0.04692595074209657,0.05280930214951192,0.056818181818181816
2024-09-21,3.0,6.0,0,3.203727640122693,2.821680191498529,3.456909817057809,3.5212321383568046,3.2154784597116803,0.026882465092730224,0.009532629501452256,0.0331497202448689,0.0
2024-09-22,3.0,3.0,0,3.3715404374548377,3.7778613722159653,3.429037230020449,3.49765316732099,3.3167525243781215,0.031004867551308306,0.01672271221944499,0.039036787552346824,0.0
2024-09-23,3.0,3.0,0,3.1810416584109773,3.170821194946718,3.345505390255717,3.3921736914526224,3.275603717715086,0.029283429194543922,0.007732238802334389,0.031192217576729696,0.0
2024-09-24,3.0,2.0,0,3.1457779481909984,3.826098410844213,2.9438391318836197,3.001425859304593,2.879009539932419,0.01583546454063885,0.005645908364357505,0.02846537839832268,0.0
2024-09-25,3.0,6.0,0,3.176049076687919,3.549092319216174,2.986967532437506,3.0624137700586918,2.862860361693132,0.015401712170523213,0.020737762132972414,0.041562010521466734,0.03278688524590164
2024-09-26,3.0,1.0,0,3.4137077001168956,2.961613763244656,3.4917676602277004,3.502821991721391,3.5336096115798794,0.041153888767523315,0.036347131968571464,0.048976916554142595,0.03278688524590164
2024-09-27,3.0,4.0,0,2.798143828232355,2.667854353944005,2.992834792823743,3.0706036000892993,2.818692638412345,0.014257727535642487,0.049846671039727675,0.05376265921786049,0.056818181818181816
2024-09-28,3.0,2.0,0,2.6462530424407715,2.4980017760021527,2.8702242099149764,2.9145530507410964,2.7216834326503263,0.011956277980838977,0.016694539264643187,0.03901763218062828,0.0
2024-09-29,3.0,4.0,0,2.106203496113354,2.1382628338340437,3.297443591368697,3.3793200581994696,3.1800936907293313,0.025532104155104766,0.041972762283754274,0.05109691383435472,0.03278688524590164
2024-10-02,3.0,1.0,0,3.4657220723173383,2.637052405641374,3.463553040978665,3.52017394171347,3.295978830222029,0.030127805958846475,0.09156112967055988,0.06455947534565706,0.056818181818181816
2024-10-03,3.0,3.0,0,2.834775891538445,3.158680781340893,3.391165539088922,3.4085093137893048,3.425765081890454,0.035878128011200376,0.044010489344658225,0.051817061179050154,0.03278688524590164
2024-10-04,3.0,3.0,0,3.0825058329117083,3.7919212526315684,3.2516467108528646,3.2826471086174873,3.2459240338776296,0.028081380292102325,0.003919004060765235,0.025594513552517913,0.0
2024-10-05,3.0,3.0,0,3.4575712148931084,3.638461271077527,3.622251214732145,3.6784855410567485,3.621878790424593,0.04581394174201291,0.03562448067447068,0.04868871383796616,0.03278688524590164
2024-10-06,3.0,4.0,0,3.5115742944243893,3.6071641375559174,3.321312444659469,3.335265256369253,3.2716181896550434,0.029120091762256155,0.012171388484556284,0.03559077804000271,0.0
2024-10-07,3.0,5.0,0,3.6904675511198057,3.506341929767291,3.4709324282720266,3.4729992430176275,3.4365727632418808,0.036386302817597,0.084627855581168,0.06302357553187349,0.056818181818181816
2024-10-08,3.0,2.0,0,2.883935419078085,2.034723022199411,3.5547928743159627,3.577586233594815,3.443355958260765,0.03670757242972382,0.028092626537016812,0.045413918629335005,0.03278688524590164
2024-10-09,3.0,2.0,0,3.1591922684511506,2.73881014457906,3.5128718730101687,3.511766371091406,3.447756266501892,0.03691694259098788,0.05996998125744163,0.05680477096936851,0.056818181818181816
2024-10-10,3.0,1.0,0,3.3990450675268176,3.469001512955712,3.746757789723897,3.7576225128573273,3.7428220641903174,0.052703994610144585,0.013573139549866711,0.03673711740117662,0.0
2024-10-11,3.0,4.0,0,4.10001958200744,3.454629092841847,3.8277164182813186,3.798343570424636,3.88004665336409,0.06123202293197284,0.047514614567088664,0.053004582672923045,0.056818181818181816
2024-10-12,3.0,4.0,0,3.1631646484381806,3.0305573012893654,3.5154958276621273,3.5288878386849762,3.498066090561695,0.03936461204768968,0.030605656503167235,0.04656737152363851,0.03278688524590164
2024-10-13,3.0,4.0,0,3.8200978059026207,3.9872090205659854,3.8862986803966932,3.89653774513832,3.9791353976737565,0.06785886108594821,0.056352620639571756,0.0557597680529092,0.056818181818181816
2024-10-14,3.0,2.0,0,3.1412388748923203,2.730052008489792,4.166576737709494,4.17434848957597,4.254238271697192,0.08828741342496355,0.017958838254575747,0.03985579419191445,0.0
2024-10-15,3.0,4.0,0,3.006557349922076,2.6275552688492896,3.5534761449225236,3.52399918448655,3.505412249681126,0.039730335780610755,0.02966368929016465,0.04614297034287916,0.03278688524590164
2024-10-16,3.0,2.0,0,3.1838139954545723,2.743361218993985,3.5914444311310048,3.6571896205222605,3.417573312145328,0.03549598113209368,0.03151055959753984,0.04696667015742051,0.03278688524590164
2024-10-19,3.0,4.0,0,3.1746435914899354,3.313353472891939,3.141961422515831,3.1558694499897784,3.007633798348395,0.0195958371973355,0.036554386890904775,0.04905884877893173,0.03278688524590164
2024-10-20,3.0,5.0,0,4.016997981999841,2.465469179182426,4.450910883840726,4.30246881000528,4.480483842256151,0.10724908218525038,0.05775254919524575,0.056169278871439014,0.056818181818181816
2024-10-21,3.0,1.0,0,3.696524463456055,3.4911223172425707,4.152273351684122,4.0467114599987495,4.311329472019109,0.09289274267640041,0.04281012970249681,0.05139564494922904,0.03278688524590164
2024-10-22,3.0,1.0,0,3.192959255446538,2.7308120985931894,3.7491532996823267,3.6294470473488554,3.75630553875696,0.053508466557978834,0.06922072964981459,0.05930204104793452,0.056818181818181816
2024-10-23,3.0,3.0,0,3.1048205523422214,2.6459959745824,3.474228750341139,3.4582066485227814,3.4358382445033038,0.03635162178611898,0.015950430824035845,0.03850324767700916,0.0
2024-10-24,3.0,4.0,0,2.6510689930081215,2.1472677740978092,3.5638583795686873,3.5126568121621182,3.5980285734666824,0.044524249692662644,0.042619759522084084,0.05132807987999806,0.03278688524590164
2024-10-25,3.0,2.0,0,3.1417658100257695,2.860441467792674,4.415616241707619,4.345044962533125,4.765284221267846,0.1336998330419768,0.046174159237293504,0.05255750028203682,0.056818181818181816
2024-10-26,3.0,2.0,0,4.458904609603051,3.3556951785560116,4.919663994176105,4.781465366163,4.792499837774757,0.13636842830861615,0.1477505886784092,0.07502920001052167,0.08433734939759036
2024-10-27,3.0,0.0,0,4.177815616838411,4.023799684131075,3.7906907108071595,3.7294316952211974,3.832766703995301,0.0582084351744429,0.14535196540521655,0.0746337332803268,0.08433734939759036
2024-10-28,3.0,2.0,0,3.1642083841704256,2.9554464262896225,3.847431872366471,3.8318496707172414,3.937112524614765,0.06500061041398687,0.10388781923563868,0.0671233452488277,0.056818181818181816
2024-10-29,3.0,3.0,0,4.701420150686497,3.118438441348724,3.5477254814096506,3.770125890085671,3.4913269717988427,0.039030977832995695,0.10676571927507536,0.06769522874372354,0.056818181818181816
2024-10-30,3.0,3.0,0,4.462201552397218,5.498498071657489,3.706774540568003,3.72867761701857,3.7216468007785837,0.05145532871050893,0.09143420533090199,0.06453201528238117,0.056818181818181816
2024-10-31,3.0,2.0,0,3.3927981830356515,3.465319922156123,3.4312023194410575,3.4362207557084106,3.265507335556914,0.028870812091605236,0.07456396502604569,0.06064728718094261,0.056818181818181816
2024-11-01,3.0,6.0,0,3.7127550061499344,3.456294672153369,3.6575372356312887,3.707527797024737,3.5118748942598366,0.04005383259532254,0.044604257499172364,0.05202265465977786,0.056818181818181816
2024-11-02,3.0,4.0,0,3.417374768089958,3.0313867346599164,3.6373001734670476,3.5730961297249033,3.7400211082848696,0.05253779492190782,0.03205127895493735,0.04720151029778142,0.03278688524590164
2024-11-03,3.0,3.0,0,4.098378522603462,3.9235564801481795,3.5347176983438318,3.560801814680877,3.4698519729765054,0.03797971860586595,0.010552064982447087,0.03414358496319433,0.0
2024-11-04,3.0,4.0,0,3.203189229897327,3.948725905362699,3.243214775171451,3.293785918830606,3.13506324281869,0.023879797230041917,0.0404799742278567,0.05055418964486871,0.03278688524590164
2024-11-05,3.0,6.0,0,3.7158389467478714,3.789272693871511,3.542745070832877,3.568223699240207,3.4487729707694315,0.03696542572599394,0.023186306336861404,0.042937194964242816,0.03278688524590164
2024-11-06,3.0,5.0,0,4.271906051146536,4.261231106234168,4.234664525485334,4.183548640724007,4.340406982320258,0.09528545701608027,0.09945049746360793,0.06622273315550802,0.056818181818181816
2024-11-07,3.0,1.0,0,3.926314249008069,4.7671845580741765,3.625822465714939,3.68106815902616,3.385035925180752,0.03400381168954448,0.17839146059275543,0.07981619678191404,0.09230769230769231
2024-11-08,3.0,4.0,0,4.070393337691466,3.7918520568725174,3.972483656885185,3.9561727769294044,3.9659480475616506,0.06695433187864747,0.12395451175770432,0.07093639076551587,0.08433734939759036
2024-11-09,3.0,5.0,0,3.29198775940359,3.421297537325592,3.122271953723609,3.172657310335722,2.947620212346524,0.01777279020017614,0.05223356669292733,0.054514418782879,0.056818181818181816
2024-11-10,3.0,2.0,0,3.6156606112781957,3.11131306926927,3.227784198447615,3.282758755339206,3.103833779734113,0.02277685665272899,0.05479235278862957,0.05529536438332856,0.056818181818181816
2024-11-11,3.0,3.0,0,3.5248981723769033,4.1811682666363685,3.853024657436522,3.8730506969734706,3.7306003617771033,0.05198110830553866,0.1418580251135607,0.07405139081209741,0.08433734939759036
2024-11-12,3.0,11.0,1,4.1531296584007755,3.9463976573051354,4.209838288892581,4.216975609143465,4.1256221293891135,0.07836909396616167,0.24406871641298822,0.0889386171479724,0.09230769230769231
2024-11-13,3.0,3.0,0,4.487710427359481,4.0862921772657845,4.38671967759447,4.362609668440512,4.145079025841826,0.07982846430346355,0.3080143144667466,0.09699850894297929,0.09406161879760745
2024-11-14,3.0,4.0,0,4.012959346613508,3.081236234356813,3.7323692421964942,3.762868556368421,3.432340291997081,0.036186750979836806,0.18373632405835366,0.08060834872903062,0.09230769230769231
2024-11-15,3.0,6.0,0,3.7381909693176203,4.138933158549103,3.567271118259452,3.645101639744385,3.464798205473467,0.037734953039413564,0.09001249075874845,0.06422281398900645,0.056818181818181816
2024-11-16,3.0,7.0,0,3.627242149313337,3.0875959793815078,3.7044170978939355,3.781400470592743,3.562294077706979,0.04263430001000273,0.1598009671701899,0.07696683742299625,0.09230769230769231
2024-11-17,3.0,0.0,0,4.063547889544352,3.818624129266441,3.990859164387009,4.079450073150961,3.8726352778139623,0.06075213954846996,0.1942768863769982,0.08213970826106697,0.09230769230769231
2024-11-18,3.0,3.0,0,3.2804517994379894,3.8362539889983704,3.532771449581726,3.5986061744519846,3.3021596881115607,0.03038705095081867,0.15583823663002266,0.07633828739480468,0.09230769230769231
2024-11-21,3.0,3.0,0,3.751953611442678,3.495416522767411,3.564236232424066,3.58741407784973,3.461608602699722,0.03758098823705702,0.11897067756348216,0.07002492644703505,0.08433734939759036
2024-11-22,3.0,7.0,0,3.3702792013773673,3.485340319443061,3.409569038318656,3.4674085312722216,3.2874742842417386,0.02977345961270428,0.13320901057047219,0.07257553040428348,0.08433734939759036
2024-11-23,4.0,2.0,0,3.568940692975241,2.8815659971097003,3.1946458279330385,3.2945599829613497,3.1195943982355954,0.023349679675720852,0.117263891670647,0.0918170512670606,0.07430340557275542
2024-11-24,4.0,3.0,0,3.6376131238585465,3.057701252868888,3.459383575120405,3.583334076357948,3.400441764314008,0.034732011204600594,0.14314742328660038,0.09705723845034128,0.1297071129707113
2024-11-25,4.0,9.0,1,3.015325518606379,2.457738782752553,3.3383819585744323,3.5102338871964713,3.212462041152157,0.02678815429027329,0.1213793412620073,0.09269410793682488,0.09302325581395349
2024-11-26,4.0,7.0,0,3.686103848404957,3.4819130568934242,3.1791899770928245,3.317682035575402,3.083414193726193,0.02209428766046546,0.08871737147696233,0.08511819398972176,0.07430340557275542
2024-11-27,4.0,6.0,0,3.128309289723659,3.3567987442616283,3.5551797956196647,3.675965154550213,3.461953660325,0.037625797508332656,0.2038719509943142,0.10753728223737757,0.1297071129707113
2024-11-28,4.0,4.0,0,3.554341113599448,3.3516558191474712,3.8020028926902403,3.916205566239142,3.6984514337230063,0.05014152889695147,0.28056511572697,0.11881728138582401,0.1297071129707113
2024-11-29,4.0,3.0,0,3.641196939376827,3.0403929011237962,3.775108970281408,3.922149921600965,3.6376756297836654,0.046712687896578425,0.15767518961928306,0.09975599925013426,0.1297071129707113
2024-11-30,4.0,4.0,0,2.9431599452571255,2.038806802656382,3.7833946105542036,3.857489674348466,3.6703426408943205,0.04853731785231654,0.16007811139610045,0.10018863006165785,0.1297071129707113
2024-12-01,4.0,4.0,0,4.24025685710076,3.6803419220995814,3.695970707719476,3.806832751496237,3.5809374231125988,0.043644796175191444,0.22268924423898365,0.11045087033103286,0.1297071129707113
2024-12-02,4.0,9.0,1,3.5004968549657063,2.773740925555573,3.8742827061617713,3.9610760240380585,3.78853491779071,0.05549617956441196,0.215711653526341,0.10938426529691324,0.1297071129707113
2024-12-03,4.0,1.0,0,3.384396155334122,3.3188255142077003,3.959261535502114,4.054655322657368,3.8725252948847206,0.06078194113678712,0.26040347805713226,0.1159853899301036,0.1297071129707113
2024-12-04,4.0,2.0,0,4.054049803787163,3.1556692764672363,3.525051517462053,3.604070238342026,3.43823008547346,0.036492274269729716,0.15975042499856035,0.10012984595219042,0.1297071129707113
2024-12-05,4.0,3.0,0,4.928261233606481,4.23827648028664,3.6240802119291424,3.6898269726224306,3.577739862740461,0.043475716576006906,0.18283117713001978,0.10412119781046442,0.1297071129707113
2024-12-06,4.0,4.0,0,4.040612398161894,4.464340644913147,3.5652394249691435,3.6794089286602767,3.535070823857365,0.04125831275947988,0.16690744081948583,0.10139896898193775,0.1297071129707113
2024-12-07,4.0,4.0,0,4.528662742537162,5.363728096733814,4.185627659616647,4.177928923802101,4.209827423622116,0.08483336234951412,0.26076620313669624,0.11603701282826497,0.1297071129707113
2024-12-08,4.0,7.0,0,3.890019706157183,3.6175551958674546,4.09666166308993,4.12730218638254,4.020080989450069,0.07075102147082782,0.3082305076029387,0.12259890379201868,0.1297071129707113
2024-12-09,4.0,2.0,0,3.8913036683580042,4.289192149919005,4.2838115263036665,4.29864653435975,4.254257043021799,0.08833225909613017,0.2656148289073729,0.11672456169286922,0.1297071129707113
2024-12-10,4.0,3.0,0,3.9592686309531846,4.344844084780567,4.35582473124626,4.356018443681553,4.338657760431606,0.09518506625767846,0.2515506632110535,0.11471694358409588,0.1297071129707113
2024-12-11,4.0,5.0,0,4.246768777087211,4.543303979758018,4.6972163292009474,4.670398950457094,4.6975760417779,0.1272115983426761,0.29573870060636237,0.12090431760546605,0.1297071129707113
2024-12-12,4.0,4.0,0,4.031842681709773,4.206114767567815,4.720636579842831,4.671386402197762,4.732830503678671,0.13059611778456767,0.32761949537825485,0.1251946146352064,0.1297071129707113
2024-12-13,4.0,7.0,0,4.0027967392852055,4.31440376251596,4.489363464920237,4.4760382018009555,4.473252653112527,0.10665991650665596,0.3233786459591058,0.12463001979508279,0.1297071129707113
2024-12-14,4.0,9.0,1,4.9936618003693685,5.982542858171545,4.71708822159192,4.727338528500101,4.709013579593791,0.12830517439763867,0.32630597216995033,0.1250199143318033,0.1297071129707113
2024-12-15,4.0,3.0,0,3.8373711984916614,4.006435283831631,4.005239527794874,4.042651832389349,3.973390686670288,0.067502795442397,0.2261819578218988,0.11097914843864043,0.1297071129707113
2024-12-16,4.0,6.0,0,3.7222573692011016,4.093232728875071,3.906889470970631,3.8954749528255426,3.9443981062233138,0.06552939040418683,0.2935618952274714,0.12060695791145976,0.1297071129707113
2024-12-17,4.0,3.0,0,3.805710433762073,5.040616538961163,4.239920930730696,4.243769396211887,4.26396492639607,0.089106788644151,0.32892901383733225,0.1253686327112417,0.1297071129707113
2024-12-18,4.0,4.0,0,4.303317152489404,4.337226513739115,4.807781908213767,4.787664985059082,4.810102264125372,0.1381545534625252,0.3516234951005634,0.12836373677536284,0.1297071129707113
2024-12-19,4.0,4.0,0,5.01729917548276,5.901939152594796,4.814760967808844,4.821876639029722,4.767444546239249,0.13395838689947295,0.38339080435296646,0.13251030990123602,0.1297071129707113
2024-12-20,4.0,10.0,1,4.132404514497794,4.240436655089103,4.699559408666136,4.6926368356224595,4.666371568610449,0.12425002853531979,0.2721934117032042,0.11765028298669039,0.1297071129707113
2024-12-21,4.0,8.0,1,4.499421148644364,4.582859901930363,4.332916942256467,4.3490874649332865,4.366111285776955,0.0974716114328736,0.2590605266379444,0.11579402894205841,0.1297071129707113
2024-12-22,4.0,3.0,0,5.310182395197632,5.7088665104087735,4.56217265644876,4.590432502085475,4.568554175232438,0.11517885440738607,0.29002581968443214,0.1201225104714013,0.1297071129707113
2024-12-23,4.0,8.0,1,4.579512867184501,3.860464912499767,4.9180438920844605,4.858848871865575,4.920102803763586,0.14923499316844394,0.22181202336226463,0.11031761279056593,0.1297071129707113
2024-12-24,4.0,10.0,1,3.6789306884312896,3.215731798812055,4.7486592492821424,4.758060841488318,4.758800207447134,0.1331151020953712,0.25629100536184773,0.11539821616010139,0.1297071129707113
2024-12-25,4.0,5.0,0,4.4145504916875975,4.564790069070461,4.911198318663327,4.862932840768998,4.915843504914882,0.1487991533825591,0.2560676277038384,0.11536622149628491,0.1297071129707113
2024-12-26,4.0,5.0,0,3.9351062972296447,4.562123132316195,3.6788183450141902,3.7337441792213037,3.6962312450577857,0.05001366819932601,0.1455900609506331,0.09752162234231901,0.1297071129707113
2024-12-27,4.0,5.0,0,3.820791441148864,4.715759559886931,3.7555478221722036,3.756267198811367,3.8389236014056616,0.05863334066114236,0.1653341299439387,0.10112258020147216,0.1297071129707113
2024-12-28,4.0,1.0,0,4.45094236460007,6.485409563819042,3.7302393957339923,3.74295254602782,3.803677740861848,0.05642825336756914,0.22011588266905113,0.11005928324581993,0.1297071129707113
2024-12-29,4.0,5.0,0,4.086042246968397,4.218156103050616,3.838426594546971,3.864753089318952,3.9228680717142193,0.06408560555860421,0.1150782429310565,0.09134349814868165,0.07430340557275542
2024-12-30,4.0,5.0,0,5.9659818169830885,5.554136541121247,4.6069210774133955,4.650820212652681,4.667093320913204,0.12431816339044002,0.176589961825838,0.10306981282680543,0.1297071129707113
2024-12-31,4.0,7.0,0,5.330082088795821,5.072612304326571,4.483064434264568,4.504091777571059,4.466683738216232,0.10608459796653615,0.1711895622823624,0.10214414432821166,0.1297071129707113
2025-01-01,4.0,5.0,0,4.943690584393306,3.926353790063754,4.784801276837641,4.779606070224845,4.805055672721994,0.1376551359151627,0.22059223517138377,0.11013192377263155,0.1297071129707113
2025-01-02,4.0,6.0,0,5.042754295843009,3.797960738669657,4.678257262519812,4.6676545844701876,4.687653305488814,0.12626634746325485,0.17111048108954624,0.10213047427428325,0.1297071129707113
2025-01-03,4.0,6.0,0,4.638807734326293,4.362036397546547,4.283464920833903,4.314513058546971,4.2800791687751305,0.09040033226758361,0.1543825857056583,0.09915715603688714,0.1297071129707113
2025-01-04,4.0,3.0,0,4.809997498801843,5.474938240439602,4.0082059670546855,4.003181247010831,4.0647395991191315,0.07393861448150857,0.21100041676712514,0.10865515508919472,0.1297071129707113
2025-01-05,4.0,5.0,0,3.9228497910772226,4.717906495763637,3.7543659116960306,3.795661084175399,3.8526679275274565,0.05950672853289343,0.22230419359538295,0.11039240666451318,0.1297071129707113
2025-01-06,4.0,9.0,1,3.552188907642541,2.3394110796679404,3.3383280687760633,3.416742823693522,3.407957939299877,0.03507771317050283,0.20640235416254954,0.10793618734247516,0.1297071129707113
2025-01-07,4.0,5.0,0,3.2527584434785872,2.766878794709933,4.057985514723559,4.0611186397883285,4.160061750097401,0.08100425895500062,0.11882933757398843,0.09215287355957674,0.07430340557275542
2025-01-08,4.0,3.0,0,3.1157771773433307,3.5551887412321133,4.5771525786067615,4.5607329873374365,4.6696813506014045,0.12456262143312283,0.1656378699373034,0.1011760505789194,0.1297071129707113
2025-01-09,4.0,4.0,0,3.870074577618837,3.8462493643303604,4.647824496711663,4.626077743184282,4.675883675279397,0.1251493839210949,0.17814620832432004,0.10333377214105478,0.1297071129707113
2025-01-10,4.0,3.0,0,3.1891283539041275,2.509276868175326,4.5842255859344485,4.620954040292884,4.589005495966816,0.11704839575949713,0.21717524008512576,0.10960927289163905,0.1297071129707113
2025-01-11,4.0,7.0,0,4.1171002554772596,3.87935198111621,5.09315650551168,5.062577527072797,5.148086568913778,0.17331459335032406,0.20713886965475767,0.10805185652149375,0.1297071129707113
2025-01-12,4.0,7.0,0,3.2251498030094297,2.854080750449082,4.963734736614736,4.934491964464109,4.979915953238245,0.15541158565509916,0.23403320992739376,0.11215383487271827,0.1297071129707113
2025-01-13,4.0,4.0,0,3.8633600699833233,2.942992144084572,4.756332914480534,4.725918572041537,4.782335559776857,0.13541664700016237,0.1571706011648814,0.09966468510102125,0.1297071129707113
2025-01-14,4.0,8.0,1,3.552536888263063,2.3952497382565032,4.333495876796465,4.389781208630282,4.3147329174126865,0.09321531433912968,0.16962260879749827,0.10187264327108853,0.1297071129707113
2025-01-15,4.0,1.0,0,3.412401471012852,2.7458612784406413,3.6168323781233043,3.6946955931536696,3.629585521555421,0.046267400238627465,0.1880703646012065,0.1049895184534834,0.1297071129707113
2025-01-16,4.0,4.0,0,3.950628896341592,3.22687227221842,4.1124579705621,4.163915069302908,4.185091886740757,0.08291820086720268,0.06420224784151463,0.07810817747306746,0.07430340557275542
2025-01-17,4.0,6.0,0,4.165113040173379,3.8393429410330526,4.907860605273323,4.8325112494952345,4.976938961709131,0.15510171775721796,0.08274469630865536,0.08354425284728388,0.07430340557275542
2025-01-18,4.0,5.0,0,4.117852656809457,3.8792961480296517,5.0387841370662985,4.9568574872521145,5.079082373620054,0.16587579485485954,0.10227002446161722,0.0884479737518882,0.07430340557275542
2025-01-19,4.0,5.0,0,4.525035518448903,3.584267592345227,4.603659199019813,4.609024317828994,4.650571009492572,0.12276279043804833,0.08336653130368255,0.08371157119505078,0.07430340557275542
2025-01-20,4.0,6.0,0,4.611345480268916,4.258014843113969,4.873715110653674,4.828245960130471,4.9590228038427,0.1532422473932987,0.07463262958334235,0.08127993680594112,0.07430340557275542
2025-01-21,4.0,5.0,0,4.107327957974007,4.5795707006463795,4.4909782917255034,4.4604119821745964,4.52293669209394,0.11106118274746953,0.039377496232196836,0.06875011758491795,0.04878048780487805
2025-01-22,4.0,3.0,0,3.9114957273613546,3.3152035564986146,4.098369644093311,4.122749190242906,4.137358077029293,0.07928921087914281,0.03863523506179476,0.06841188379605236,0.04878048780487805
2025-01-23,4.0,2.0,0,3.6408802767804005,3.415416023031877,3.898157528018086,3.9439801785062505,3.9276308594687848,0.06440340058519525,0.05329949702339009,0.07438555634234059,0.07430340557275542
2025-01-24,4.0,2.0,0,3.98855791640829,3.343381754704345,4.574643706326681,4.553563379379239,4.690233764348019,0.12651185197755882,0.06633357397591264,0.07878354958755318,0.07430340557275542
2025-01-25,4.0,10.0,1,4.608974360209438,5.682779882681791,5.034930909836738,4.972822933822506,5.087690208833985,0.16679684662022584,0.13472889097042637,0.09542025156391448,0.09302325581395349
2025-01-26,4.0,3.0,0,4.405396236252124,4.463062864424876,4.519935773233425,4.473173418784109,4.558535007778481,0.11426824656288631,0.052641716951509536,0.07414450262889917,0.07430340557275542
2025-01-27,4.0,3.0,0,4.422244617475567,3.5322010288843444,4.491688383733961,4.571974763959451,4.455764379465766,0.10513168915099032,0.07177732970958758,0.08044345944181769,0.07430340557275542
2025-01-28,4.0,6.0,0,4.464697987462967,4.218564676724376,5.049494886784515,4.990395146954406,5.122542070081801,0.17054623766099153,0.09973772876485995,0.08784855398135306,0.07430340557275542
2025-01-29,4.0,3.0,0,4.636547393559458,4.761134220955945,4.677452761728667,4.64379245690589,4.695500840303965,0.1270136436286959,0.08174450229500127,0.08327335994456812,0.07430340557275542
2025-01-30,4.0,4.0,0,3.5556083401003002,3.6259240192707973,4.15244478602887,4.15601150052125,4.21943272084904,0.0855833959363574,0.06010387472540302,0.07676463405911822,0.07430340557275542
2025-01-31,4.0,2.0,0,4.119820447613537,4.991756179185595,4.6412458335535955,4.573698457343141,4.7653075126131474,0.13374968953789007,0.11675313877769275,0.09170688328979956,0.07430340557275542
2025-02-01,4.0,7.0,0,4.970727835831321,3.988410387267478,4.489385758264018,4.520025545515962,4.475280844968015,0.10683786211403522,0.08306587188118603,0.08363077643875742,0.07430340557275542
2025-02-02,4.0,6.0,0,5.849124604933304,5.490566902318055,4.729421642972338,4.747007951533428,4.76166053776974,0.13339387233376418,0.1403651677972954,0.09652263767065228,0.1297071129707113
2025-02-03,4.0,5.0,0,3.9218372980235774,3.1073172082889577,4.3176750049630535,4.379002141542882,4.268575042136438,0.08947585312315151,0.07934898628234706,0.0826154187996621,0.07430340557275542
2025-02-04,4.0,4.0,0,3.6108575347257723,2.3611383206364303,4.387388885751016,4.43204413408372,4.3850313002581025,0.09906366039402467,0.10131214796903487,0.08822236835238972,0.07430340557275542
2025-02-05,4.0,7.0,0,3.7255427696553456,3.006002120960473,4.052086345764748,4.134816549915372,4.016586912423844,0.07050494831860547,0.09824944175094959,0.08749167774395504,0.07430340557275542
2025-02-08,4.0,9.0,1,4.727099420849017,5.532080014720741,5.33549607445761,5.26429430662622,5.408106454479637,0.20239946228093422,0.07749341670586024,0.08209655470875246,0.07430340557275542
2025-02-09,4.0,11.0,1,3.9462204069450775,4.406483040065116,5.506819069731054,5.480891636969609,5.5255073775113805,0.216018628250253,0.08258453786409388,0.0835010230040808,0.07430340557275542
2025-02-10,4.0,1.0,0,4.673225051810585,4.071911791874695,5.175403280824388,5.203729276540503,5.036755870507475,0.1613760519235683,0.08872919310446044,0.08512123865387354,0.07430340557275542
2025-02-11,4.0,4.0,0,4.79346339519294,5.846114341122068,4.964818273651412,4.933430046354038,4.967788040504864,0.15415081262628583,0.06749262583832358,0.07914457742682054,0.07430340557275542
2025-02-12,4.0,2.0,0,4.331239929195221,4.462836994512355,4.726524143706959,4.750929709629701,4.701717014171372,0.12760703207820367,0.09516243311995902,0.08674013255332265,0.07430340557275542
2025-02-13,4.0,5.0,0,4.193069341084818,2.9259097750624696,4.486973566721519,4.503841766566547,4.474394000924745,0.10676003576302472,0.04858258335137769,0.07260792090399051,0.07430340557275542
2025-02-14,4.0,9.0,1,4.922962459965063,5.013838952830376,4.988299630377271,4.91500636944062,5.0906185229607175,0.16711063411000826,0.09917906520878915,0.08771499757456235,0.07430340557275542
2025-02-15,4.0,6.0,0,3.5766771210419845,3.645530632090252,4.704971457273619,4.586091811286504,4.787992587232246,0.1359724792467741,0.08988990356289056,0.08541888834111093,0.07430340557275542
2025-02-16,4.0,6.0,0,3.5236409390109955,3.9530712366718466,4.740209191828933,4.681764900155048,4.810917294598206,0.13823528479841582,0.1233649831858666,0.09311073957556507,0.09302325581395349
2025-02-17,4.0,3.0,0,3.830097981638909,3.3107201114387363,4.760786672242179,4.687461204159719,4.841289393073607,0.14125848289661072,0.1268656429929683,0.09383539957737858,0.09302325581395349
2025-02-18,4.0,4.0,0,3.094463705522272,2.722352703002168,5.026958517734831,4.952516808338994,5.124037388973647,0.17070782267964182,0.2172965044770669,0.10962788461816278,0.1297071129707113
2025-02-19,4.0,3.0,0,3.383732518331384,3.702983069823848,4.051655270529152,4.0448176451680915,4.123180613769301,0.07822840612885719,0.09310721373825995,0.08623095024698561,0.07430340557275542
2025-02-20,4.0,3.0,0,3.591334792088932,3.1570408367307587,3.8652192360719146,3.9186577584259923,3.887633288565058,0.06176273301635058,0.06026790431200585,0.07681960808063906,0.07430340557275542
2025-02-21,4.0,2.0,0,4.665071753197449,4.215750757061472,4.3701503405019,4.388023586881601,4.453946873666631,0.10497349602808821,0.08360559498734724,0.0837756751940511,0.07430340557275542
2025-02-22,4.0,4.0,0,4.02736875034089,4.3258103150148655,4.367531722640356,4.392050492253199,4.42854007934035,0.1027746241879955,0.13295003771830022,0.09506667366283376,0.09302325581395349
2025-02-23,4.0,1.0,0,3.725771192883972,3.1666218942262887,4.488425219713704,4.408098784802628,4.617503359174425,0.11967748406395479,0.16142726963115553,0.10042995745096923,0.1297071129707113
2025-02-24,4.0,4.0,0,3.0864682179375675,3.4725973481390575,4.241283162031541,4.287082937518591,4.2470256160404185,0.0877576391196553,0.12724428797252244,0.09391305009050518,0.09302325581395349
2025-02-25,4.0,6.0,0,4.077393881373971,4.049384085901523,4.7115736210774335,4.679865903024213,4.788613387938053,0.13603353781692054,0.15564823806275088,0.0993881875655841,0.1297071129707113
2025-02-26,4.0,5.0,0,4.221689965821677,3.9637932516672483,4.866037150706741,4.812176903846095,4.916390143047976,0.14885505897031745,0.1386581570214615,0.09619156663481217,0.1297071129707113
2025-02-27,4.0,11.0,1,3.503971998543544,4.212869624536934,4.17840226440672,4.177481920226837,4.209849999180061,0.08483512102095149,0.15902499995640296,0.09999947220752509,0.1297071129707113
2025-02-28,4.0,6.0,0,3.7332834937984805,4.275474426846678,3.962481857575607,3.984776814776383,4.016475373239137,0.07049710104168733,0.1877830128801041,0.1049422171154543,0.1297071129707113
2025-03-01,4.0,2.0,0,3.8202116658952674,3.0119793537056725,3.4395580431069197,3.451230433555626,3.5202227345996224,0.040503603182001045,0.08317047275018448,0.08365890739830267,0.07430340557275542
2025-03-02,4.0,6.0,0,3.680591800184521,3.731331037477576,3.8465058427062195,3.8393279146051302,3.9716078367615455,0.06738047887301593,0.051688752998112014,0.07379148308341736,0.07430340557275542
2025-03-03,4.0,5.0,0,5.559195973108479,5.3278214401439,3.750480796484085,3.7869189414308164,3.849833090950141,0.05932596803167808,0.0971998340026709,0.08723788655746684,0.07430340557275542
2025-03-04,4.0,5.0,0,4.096160137732857,4.210525743084802,3.986068378511488,3.986413711688687,4.099711327838687,0.07648959648958034,0.08932642947409088,0.08527471051463813,0.07430340557275542
2025-03-05,4.0,6.0,0,5.056321574535439,3.893913268216266,3.726633564144777,3.7639202417931887,3.8029519059419106,0.05638336668284731,0.10704767379353512,0.0895535267726624,0.07430340557275542
2025-03-06,4.0,8.0,1,4.579253235681007,4.471447263666061,4.334138409679166,4.334407459423191,4.381069357696912,0.09872918484698305,0.18829196977230453,0.10502597208670116,0.1297071129707113
2025-03-07,4.0,2.0,0,4.554536304987649,4.891626631225813,5.537531726614891,5.434765404705239,5.539323595472719,0.21763917428339727,0.32600834058266726,0.12498030774062337,0.1297071129707113
2025-03-08,4.0,3.0,0,3.1884845583967554,3.5232278380986553,4.627724703404466,4.542803376936041,4.72555163561553,0.12989400384982439,0.14315609651083483,0.09705889546746087,0.1297071129707113
2025-03-09,4.0,6.0,0,3.4353349881686848,3.075200826280644,5.020779599656402,4.882927482990921,5.149295113861973,0.17344598683988163,0.14427043276040272,0.09727130602936508,0.1297071129707113
2025-03-10,4.0,11.0,1,3.184105317625429,3.3142524912707434,4.979711050827212,4.835464103954438,5.026871241596331,0.16033230668639759,0.1640918081595758,0.10090332081242444,0.1297071129707113
2025-03-11,4.0,4.0,0,3.4851398339268194,2.1949849348630104,4.24443686784056,4.275404359628053,4.275814915109905,0.09005706968478015,0.20460658042026253,0.10765333558119687,0.1297071129707113
2025-03-12,4.0,8.0,1,2.209864901029022,1.5881677159481322,4.009833810489954,4.139763551687561,4.001205447431651,0.06942744536091291,0.14452688957986404,0.09732005600060403,0.1297071129707113
2025-03-13,4.0,4.0,0,3.0716132325063272,2.0199648277822457,4.560372677539242,4.563956974407227,4.445839185357157,0.10426926594525089,0.14180533068219844,0.09680012429986384,0.1297071129707113
2025-03-14,4.0,6.0,0,3.362842280082117,3.4127168903531984,4.009511281443186,4.0162947103664015,3.9080142780259,0.06310031071629706,0.10755693793276824,0.08966950499359838,0.07430340557275542
2025-03-15,4.0,1.0,0,3.0023966249940592,3.12330507203879,4.011520248847236,3.991131149417439,4.08544655621079,0.07544326917835864,0.09409847544881163,0.08647744122764729,0.07430340557275542
2025-03-16,4.0,2.0,0,2.90684932105162,3.0521847814156446,4.136720948269443,4.125088046359121,4.141667255427933,0.0796131887245783,0.21893875807120558,0.10987947517527287,0.1297071129707113
2025-03-17,4.0,5.0,0,3.1807898990871086,2.8478607228544837,4.6946186056160855,4.62319682249375,4.743156496152328,0.13159510237447936,0.26247106375795065,0.11627929437939127,0.1297071129707113
2025-03-18,4.0,8.0,1,2.943989505527658,2.3697405951550983,4.554095263795129,4.558559111056546,4.523448644181775,0.11110698946505293,0.2517116491882398,0.11474016087155954,0.1297071129707113
2025-03-19,4.0,7.0,0,3.4605676962660876,3.044818047466442,4.776683111102589,4.765911873960348,4.697895214606495,0.12724205702210076,0.23711385529615392,0.11261014722431581,0.1297071129707113
2025-03-20,4.0,5.0,0,3.315561393395056,4.663070581916227,4.533935111133145,4.5129622013055934,4.516393757137601,0.11047657013790362,0.32716607923308566,0.1251343268348282,0.1297071129707113
2025-03-21,4.0,4.0,0,4.0628684431708795,5.476112218337554,4.431288996045895,4.490157438345993,4.294428927837256,0.09156050047375416,0.3994826122245368,0.13460073741634562,0.1297071129707113
2025-03-22,4.0,3.0,0,3.67210330461503,2.3875412858258307,4.522227038550508,4.547636067080861,4.402189429608365,0.10051884550979896,0.2961754553504916,0.12096390242363123,0.1297071129707113
2025-03-23,4.0,11.0,1,4.777297703404187,5.199147076625693,4.973850998024635,5.047684839650087,4.966936021123722,0.15406239880748,0.3663161354550437,0.13028636991267706,0.1297071129707113
2025-03-24,4.0,16.0,1,3.7420134609316387,3.3610113609825176,4.098921514992226,4.283755042718544,3.9423180962121855,0.06538909995266032,0.32494798195986413,0.12483913858513891,0.1297071129707113
2025-03-25,4.0,9.0,1,3.5366434606364168,4.104171671851147,3.9508866820595503,4.080395175679428,3.800926426783684,0.056258219921193814,0.22868772653518094,0.11135594372505472,0.1297071129707113
2025-03-26,4.0,7.0,0,3.1179618362762023,2.7750788235932395,3.9639616106134725,4.014089690774139,3.8692696629387666,0.06057178642110289,0.2100931012295368,0.10851387287608752,0.1297071129707113
2025-03-29,4.0,7.0,0,3.229360043157274,3.0809771221976594,4.759489804131944,4.760622941071659,4.718184121762054,0.12918509524285107,0.1767789806129652,0.10310193803150566,0.1297071129707113
2025-03-30,4.0,5.0,0,3.106628328248564,2.900539286016723,4.017045448826884,4.043091178418846,3.892529109326516,0.062082523258775564,0.08501149975303383,0.08415021671511946,0.07430340557275542
2025-03-31,4.0,2.0,0,3.181685009795177,3.6279596763809607,4.481255302958469,4.4238507254431445,4.377767805556945,0.09845090257298117,0.08729081532169707,0.08474880121906944,0.07430340557275542
2025-04-01,4.0,3.0,0,3.2937083616165177,2.745265609715222,4.466514522249343,4.40375931874386,4.388623014396088,0.09936737970797604,0.06342831932336863,0.0778591100344794,0.07430340557275542
2025-04-02,4.0,2.0,0,3.1275276475679172,3.1001144521068245,3.8588115281569673,3.9110596391404373,3.715787771823442,0.05114672343204977,0.10505514639236224,0.08909635686812102,0.07430340557275542
2025-04-03,4.0,4.0,0,2.9277129211260764,2.0943144460227145,4.2364389502193145,4.260236003091661,4.192203055696553,0.08346637400965626,0.1299871453509927,0.09447141664124185,0.09302325581395349
2025-04-04,4.0,2.0,0,4.143613284914235,3.1362006326882828,5.438853673883488,5.388692406852574,5.429587643645662,0.20487049679860259,0.13242176984525542,0.09496112856029858,0.09302325581395349
2025-04-05,4.0,6.0,0,3.314699101035427,2.351995070398128,4.214973837819168,4.199062787238154,4.047088391173588,0.07266932185715859,0.13839228648675886,0.09613978647620121,0.1297071129707113
2025-04-06,4.0,5.0,0,3.307490424561764,3.003130223900529,4.174286857961095,4.152540947169126,4.07497834417684,0.07468049916063381,0.1416878101319727,0.09677754264092846,0.1297071129707113
2025-04-07,4.0,4.0,0,3.1650847632311274,2.8889203361735762,4.324521782717472,4.261687346782345,4.442393265488841,0.10397067410103501,0.18539683066733442,0.10454799019041713,0.1297071129707113
2025-04-08,4.0,4.0,0,2.818303190754926,3.0943553157754846,4.198052448998917,4.148237629633199,4.260675651128132,0.08884395752221434,0.1589184981835069,0.09998030383039398,0.1297071129707113
2025-04-09,4.0,4.0,0,3.025078646115232,3.527082140875945,4.082675687051642,4.081210736411317,4.151393038536632,0.08034705741249655,0.17341471790168583,0.10252740957368428,0.1297071129707113
2025-04-10,4.0,3.0,0,3.078785547021825,3.4917143739472802,4.584116962786336,4.579448813058642,4.562666669801055,0.11464333660741002,0.15917676493685592,0.10002677479703484,0.1297071129707113
2025-04-11,4.0,4.0,0,2.8737397275873917,3.1505037024614913,3.7716002187599247,3.7969052431590824,3.7025578196834217,0.05037853628637971,0.05677549621108695,0.07562584465217229,0.07430340557275542
2025-04-12,4.0,4.0,0,3.062446878948222,3.2392504464369742,3.888257749023282,3.902794278011978,3.8210048845722144,0.05750606446005239,0.05766126140723521,0.07593335731833652,0.07430340557275542
2025-04-13,4.0,6.0,0,2.625257111091412,2.885377471238676,3.834722874800929,3.800983718341097,3.774492446219634,0.054640058494799006,0.06243255288388501,0.07753554027677573,0.07430340557275542
2025-04-14,4.0,1.0,0,3.122280812908002,3.403292283935754,3.989414295075299,3.9836029828107806,3.949107922516254,0.0658476907580888,0.057943634450390566,0.07603069536853885,0.07430340557275542
2025-04-15,4.0,2.0,0,2.579697423157114,2.8174247499577096,4.1008191148813005,4.0648724352752685,4.129841890137764,0.07872584954190266,0.06309315594082535,0.0777505950894464,0.07430340557275542
2025-04-16,4.0,4.0,0,3.855136134152586,3.6512319437073697,3.7254640024216306,3.7248854027824696,3.7648841345749613,0.054058832919390176,0.06483702061880528,0.0783109188152987,0.07430340557275542
2025-04-17,4.0,7.0,0,3.3482846514682203,3.2252659856895516,3.75341210504673,3.7380413223152167,3.665651822710173,0.04827268589605944,0.06691115745765809,0.07896399548511976,0.07430340557275542
2025-04-18,4.0,3.0,0,2.9486458463088248,3.5776401631822723,3.93499800740886,3.9562153977155234,3.8506762684671183,0.05937969874410065,0.05310907479805481,0.07431598944479925,0.07430340557275542
2025-04-19,4.0,1.0,0,2.6409879315058244,2.7091087178299675,3.943952760327421,3.8893275507849268,3.9507515940288305,0.06595898198911317,0.07055468169804419,0.08007834900478521,0.07430340557275542
2025-04-20,4.0,3.0,0,2.2762399308324905,2.205737302221399,3.5203055700088974,3.518998862393441,3.509315849786684,0.03995476627975255,0.06331590480665325,0.07782275817160117,0.07430340557275542
2025-04-21,4.0,4.0,0,3.9269778585874677,4.390288382548678,3.3719299366670126,3.5151426097500718,3.3586035424063048,0.03284757552192763,0.10164564620064985,0.08830107075238293,0.07430340557275542
2025-04-22,4.0,6.0,0,3.3239796733337115,4.134030482144346,5.124474219951502,5.0638590543176365,5.139242231202656,0.17235418085844564,0.18439143247542567,0.10438110836897777,0.1297071129707113
2025-04-23,4.0,3.0,0,3.9432134498329305,4.147205961394569,4.062754623944285,4.104029155607603,3.927114778968362,0.06436892158519313,0.12941952427450976,0.094356452606482,0.09302325581395349
2025-04-24,4.0,4.0,0,2.1400397715475465,1.883040086522293,3.542347889152203,3.739634549229336,3.362334800333633,0.03301289701661833,0.14504401762815172,0.09741820491093096,0.1297071129707113
2025-04-25,4.0,9.0,1,2.8669932336922,4.022627515165237,3.497139166544174,3.5616099076295633,3.3914454294803904,0.03432110610231552,0.06784526760399552,0.07925357490704761,0.07430340557275542
2025-04-26,4.0,3.0,0,2.9145496603881975,3.273171906969,3.851472530484406,3.8572781073051914,3.793286299606714,0.05578764679450392,0.026324510168936763,0.061958053571513495,0.046875
2025-04-27,4.0,5.0,0,2.917041615406329,3.0624098273140996,4.195171270861267,4.152610342944387,4.209763732512302,0.08482840081745771,0.03601528333739405,0.06717923470534236,0.04878048780487805
2025-04-28,4.0,2.0,0,2.973634180492219,3.109831901377417,3.5744636195967665,3.5452358409021056,3.527207973889992,0.04085756879908848,0.08704734358927241,0.08468535907066015,0.07430340557275542
2025-04-29,4.0,2.0,0,2.961855046242013,2.448143382021324,3.725656026264094,3.6998963859645992,3.660885992995256,0.0480047238396428,0.027609887258878574,0.06272385486984754,0.046875
2025-04-30,4.0,7.0,0,4.049956078553394,4.071646782247642,3.718515068081294,3.719748725771029,3.715698722208226,0.051141529375847976,0.08778808876186721,0.08487801476907923,0.07430340557275542
2025-05-01,4.0,4.0,0,3.4080108902063255,3.680379689934338,3.7112751677076035,3.7716506029921826,3.4661028451233933,0.037826308802939586,0.11997125167002576,0.09239611858923591,0.07430340557275542
2025-05-02,4.0,2.0,0,3.0507837146081602,2.927490442056647,3.4838221829609535,3.475555688288674,3.444546364627627,0.0367919216366382,0.06310900962922263,0.07775573696531253,0.07430340557275542
2025-05-03,4.0,4.0,0,3.5364387881129646,4.054944174510833,3.303406713490435,3.364828509686089,3.2344715739146874,0.027649440057943547,0.06987183182157235,0.07987255277901562,0.07430340557275542
2025-05-04,4.0,5.0,0,3.333913300354829,3.2279574822828336,3.5335546440448082,3.555719886175506,3.4282294061596716,0.03602101799059842,0.04299480679795471,0.07033594588507429,0.04878048780487805
2025-05-05,4.0,4.0,0,3.0069801048887195,3.435298296561562,3.6397056794022458,3.642918987367803,3.5802491240295655,0.04360836618428207,0.07568687213852159,0.08158329429604254,0.07430340557275542
2025-05-06,4.0,4.0,0,4.042900126617159,3.535875191000495,3.7232937920755127,3.7999631588908063,3.663543741509817,0.04815404550220907,0.13502429058759796,0.09547869790892638,0.09302325581395349
2025-05-07,4.0,3.0,0,3.5275226382519085,3.606755388930535,4.389641167369724,4.432252544028604,4.246421785307504,0.08770974790094589,0.16294217141264034,0.100699607225386,0.1297071129707113
2025-05-08,4.0,8.0,1,2.575406562790209,2.5944953029172275,3.758926536843968,3.835177874427869,3.5993601441253786,0.04462686828374113,0.08672062779646143,0.08460004108631634,0.07430340557275542
2025-05-09,4.0,7.0,0,2.5606629132211207,2.4812345417525536,3.604475958691078,3.662836890408637,3.51443897658287,0.04021197866210434,0.04900824638457379,0.0727732212451692,0.07430340557275542
2025-05-10,4.0,4.0,0,2.6436340164362253,2.8303738958501996,3.5870392433516423,3.5954761883213258,3.5416771683114963,0.04159690713650422,0.05589167008385193,0.07531564332274755,0.07430340557275542
2025-05-11,4.0,5.0,0,2.7405037732768402,2.3639464674627066,3.3803280667627584,3.4266467698912955,3.3662843580158235,0.03318847353938208,0.06308297289523933,0.07774729191938824,0.07430340557275542
2025-05-12,4.0,5.0,0,2.4025189676971213,2.554563606283733,3.2427118689428744,3.3128967408234318,3.2640299207094956,0.02883449933168655,0.04953493649320098,0.07297635262748081,0.07430340557275542
2025-05-13,4.0,4.0,0,3.3112672444435445,3.473345605851751,3.1111687401531776,3.114693416345851,3.171638434358901,0.025237933923189165,0.058127902743191254,0.07609403693952053,0.07430340557275542
2025-05-14,4.0,4.0,0,2.2359468608319917,2.1473480602878543,2.928940946009789,3.054721104529712,2.789713439747743,0.013554101050242571,0.059608002712998494,0.07659780704820988,0.07430340557275542
2025-05-15,4.0,2.0,0,2.614623269620533,2.6280309168721665,3.0296215168431337,3.0311102866411224,3.0390479331677036,0.020617949224841378,0.06224749501218484,0.07747501368451189,0.07430340557275542
2025-05-16,4.0,2.0,0,2.8019732161501896,2.7121951308661063,3.1296398800241714,3.2385497162844596,3.0952894857159214,0.022501207355343854,0.14262275385762993,0.09695689166481794,0.1297071129707113
2025-05-17,4.0,4.0,0,4.771458994656682,4.4385489900576065,4.581588947648479,4.67289064399229,4.344588019432249,0.09567661344065345,0.2600731971973329,0.11593836132074757,0.1297071129707113
2025-05-18,4.0,4.0,0,2.9366415660196195,3.5295326431315064,3.7348913850240866,3.7869599421409017,3.6607485357612575,0.04799700869384912,0.11978404987852005,0.09235633990140174,0.07430340557275542
2025-05-19,4.0,5.0,0,2.6159673157119974,2.611243701539248,3.773416572438045,3.785904217247118,3.744465705122668,0.05283598434456495,0.07824939972473287,0.08230894472977318,0.07430340557275542
2025-05-20,4.0,2.0,0,3.5864126509354177,3.6135347052546374,3.1391609938378022,3.2397627058652487,3.0093986343813377,0.019669518897741285,0.0843974724304286,0.08398714663832903,0.07430340557275542
2025-05-21,4.0,6.0,0,2.8598616856177768,2.3043682007172603,4.285038803315595,4.336593939202689,4.171616349545423,0.08188477630802965,0.11397462123682763,0.09110225312998556,0.07430340557275542
2025-05-22,4.0,2.0,0,3.3817252258172026,2.723488265160947,3.0381982498876425,3.162144902484285,2.988163845943998,0.01900880587434156,0.07668703015585077,0.08186845967063043,0.07430340557275542
2025-05-23,4.0,3.0,0,2.5453308305824427,2.701023326511976,3.1445554619310103,3.243173215466957,3.0785962602904786,0.021930618892621614,0.12509158539820348,0.09346969996081347,0.09302325581395349
2025-05-24,4.0,1.0,0,2.247549800717735,2.1259383214737304,3.442642833000795,3.3721390395107105,3.5117042336617676,0.04007454899998239,0.09812783131545537,0.08746236291866372,0.07430340557275542
2025-05-25,4.0,2.0,0,3.132745858086157,3.2818874521042503,5.1111700543739484,4.997747975187249,5.198763796724197,0.1788561621740859,0.168630148981852,0.10169998309703844,0.1297071129707113
2025-05-26,4.0,6.0,0,2.6467563112096197,3.047979877715363,3.7049465527391128,3.7452094521833996,3.5915297464887006,0.04420779790985572,0.042518145690789676,0.0701325849447686,0.04878048780487805
2025-05-27,4.0,7.0,0,2.9102081247394525,3.3359061453013275,3.6468596550626486,3.6686756627520127,3.57782173743294,0.04348004085076825,0.08248948959235382,0.08347534119595316,0.07430340557275542
2025-05-28,4.0,3.0,0,3.182421071162805,3.1316862850018796,3.8194516772787717,3.789721586814814,3.8012015289953625,0.056275207793872156,0.07654435503802372,0.08182793427196808,0.07430340557275542
2025-05-29,4.0,5.0,0,2.89607645441274,3.9088004469200937,3.861952141363768,3.8611409282054394,3.7769900897851536,0.05479175258788007,0.11224029349636706,0.09072017232297191,0.07430340557275542
2025-05-30,4.0,4.0,0,3.6401185065828248,3.8054233983197236,3.929356366200936,3.967377697821438,3.796007749568936,0.0559549986136543,0.08241448144187985,0.08345506023509035,0.07430340557275542
2025-05-31,4.0,7.0,0,3.455372363487281,3.2664085260655407,3.5419852476632436,3.6227981774786926,3.402470230709411,0.03482509364167581,0.12369701983199864,0.0931800068708973,0.09302325581395349
2025-06-01,4.0,4.0,0,2.1127939837108363,2.3274233739953702,3.222970179796896,3.2776716086531428,3.0250865561051024,0.020167568262323327,0.07605980439308713,0.0816899207779088,0.07430340557275542
2025-06-02,4.0,2.0,0,1.982486553347618,1.944940028723248,3.4165727640942434,3.4613989076131175,3.297605549597773,0.030220389212177116,0.10109466147793165,0.08817095395290106,0.07430340557275542
2025-06-03,4.0,5.0,0,2.9448593335634445,2.783405716231321,3.402077416301672,3.5572233771104957,3.326610092397579,0.03145192948322323,0.11865438989883385,0.0921154797917859,0.07430340557275542
2025-06-04,4.0,4.0,0,3.2388267888309104,4.174300493142741,4.293225192614318,4.346369371469931,4.195559829022583,0.08372581205971416,0.15282478955791215,0.09887132507733175,0.1297071129707113
2025-06-05,4.0,2.0,0,3.344033963396228,4.037568137229342,3.9174625116846373,3.943796485278254,3.9017913305935976,0.0626901452362728,0.11813939761958483,0.092005205826644,0.07430340557275542
2025-06-06,4.0,4.0,0,3.779581154578712,4.4087041828326425,3.3879471579815275,3.41762170560795,3.359620032695972,0.03289256034612378,0.11007314722284123,0.09023749822438197,0.07430340557275542
2025-06-07,4.0,2.0,0,3.644475532490034,4.048976135782412,3.649484097537195,3.7206185856171547,3.4806325119053843,0.03853378061114006,0.101282182621991,0.08821528867646405,0.07430340557275542
2025-06-08,4.0,7.0,0,2.946321587605924,3.7162946545066746,3.595968679397816,3.636915628967469,3.5499944762869706,0.042025650391351366,0.11126031611309299,0.09050264065387106,0.07430340557275542
2025-06-09,4.0,7.0,0,4.146926244895405,4.385329443604061,3.547964625603251,3.5441950928538506,3.5318834063874363,0.041095565823202916,0.17084114444835677,0.10208389100315458,0.1297071129707113
2025-06-10,4.0,5.0,0,2.894988950894624,3.2172401225980973,3.34843054649328,3.3232269735027407,3.298741304407001,0.030268013249664043,0.23095029266963807,0.11169463109298405,0.1297071129707113
2025-06-11,4.0,7.0,0,4.077949935114642,2.7282429751249135,4.635707327242519,4.659355549691741,4.468566513230172,0.10624933685148384,0.22135148466431004,0.11024755864670897,0.1297071129707113
2025-06-12,4.0,5.0,0,3.2345355498155004,3.0630060731480393,4.009848034657154,4.043086273457441,3.7923278188172165,0.05572877711124033,0.09644601845510188,0.08705451960097739,0.07430340557275542
2025-06-13,4.0,4.0,0,3.3141695994037565,4.115648306264531,3.8472705814710384,3.904203058122834,3.75186267063437,0.05327705198558984,0.12117238853258608,0.09265044490561732,0.08903078936943977
2025-06-14,4.0,16.0,1,6.389115892988822,8.910517250651518,6.2838275810823285,6.184438511156733,6.064826634981425,0.28149102627098843,0.36185753288097056,0.12970399332053892,0.1297071129707113
2025-06-15,4.0,19.0,1,8.698355537451228,12.975733492012722,6.801596607325391,6.6526438315427425,6.316353535028855,0.3131172324165544,0.21358327129776045,0.10905579955687866,0.1297071129707113
2025-06-16,4.0,6.0,0,2.438073027545977,1.9389849273285062,4.762658408369751,4.660505928029275,4.670589909030676,0.12464849428175537,0.12304166006247351,0.09304318047769995,0.09302325581395349
2025-06-17,4.0,5.0,0,3.522198497081246,3.3783335635258736,4.411893557498535,4.3949054998787975,4.2997844341220315,0.09199547923421267,0.24447182909711715,0.11369018454542656,0.1297071129707113
2025-06-18,4.0,3.0,0,3.7452831600329306,4.156775413272026,3.913127742115171,3.8109435021280316,3.877289439430748,0.061090237018427945,0.20955051687873955,0.10842924792638411,0.1297071129707113
2025-06-19,4.0,8.0,1,3.602384541139285,4.18037942811522,4.06167512620998,4.068373871844866,4.052886202573681,0.0730848867582714,0.1734492038761907,0.10253332876810752,0.1297071129707113
2025-06-20,4.0,7.0,0,3.275920086365331,2.6841016869580536,3.840708646239362,3.8906458856161916,3.828520929378415,0.05797733502699666,0.1143210191102777,0.09117812992993769,0.07430340557275542
2025-06-21,4.0,4.0,0,3.471113752822033,2.4839231672644253,4.639612688689232,4.553239480458995,4.448939159231358,0.10453824802272012,0.13427620066372822,0.09533053646794211,0.09302325581395349
2025-06-22,4.0,3.0,0,3.678211349155836,3.610017869075037,3.639553257126739,3.6766976547928207,3.4001964507785676,0.03472076503735827,0.12605633524592816,0.0936689587286239,0.09302325581395349
2025-06-23,4.0,4.0,0,3.682293731350323,3.0485493852578096,4.140342764997524,4.053441615903425,4.0130282196946245,0.07025482131732859,0.2340397141530699,0.11215480095257664,0.1297071129707113
2025-06-24,4.0,3.0,0,3.038535561499038,2.5051191195315345,3.5017334087713006,3.4708409251323302,3.441422486823439,0.036643528805520756,0.23130319394732798,0.11174732835325506,0.1297071129707113
2025-06-25,4.0,5.0,0,4.1627719317487895,3.9814398382058283,3.8526949433834186,3.8827140150216555,3.789794311195506,0.055573347140766595,0.28361265531567925,0.1192392334680391,0.1297071129707113
2025-06-26,4.0,4.0,0,3.738598447991812,3.9129163633507944,4.157910393483512,4.147783230937001,4.1696929894962524,0.08173784825839289,0.2209628947598679,0.11018839807746975,0.1297071129707113
2025-06-27,4.0,4.0,0,2.8658454756808682,2.106419966228276,3.808670538455154,3.8270022776001413,3.7140970593194758,0.051048162408459295,0.15964805608804317,0.1001114681310359,0.1297071129707113
2025-06-28,4.0,3.0,0,3.633986594864913,4.7972271266076225,3.535287620544623,3.5075104588216632,3.4063133678352564,0.035001884968424504,0.2191183556980906,0.10990693724322022,0.1297071129707113
2025-06-29,4.0,6.0,0,3.5200686149088414,4.267875628609575,4.1072158973220665,4.099634155477653,4.02113196867158,0.07082513203252537,0.23334132827169582,0.11205100380045158,0.1297071129707113
2025-06-30,4.0,3.0,0,2.7191510295729895,2.3889016842176947,3.844630851058378,3.900819605520571,3.737872993658683,0.05244472322524952,0.22209864128694384,0.11036117840045483,0.1297071129707113
2025-07-01,4.0,5.0,0,2.915747230431375,3.352017536746829,3.947465287032266,3.958905999110145,3.8332589273064492,0.05827558100718231,0.22755299643001414,0.11118553744602801,0.1297071129707113
2025-07-02,4.0,6.0,0,2.8432700923884155,2.2350356379649714,4.580698919225083,4.521304902711112,4.628808160625862,0.12072809120673719,0.17934531943649812,0.1035363315061724,0.1297071129707113
2025-07-03,4.0,5.0,0,2.9868921938149393,3.355325955955069,4.277676099549927,4.17167922311526,4.259178793666922,0.08872448643333972,0.16140074036364413,0.10042522287410684,0.1297071129707113
2025-07-04,4.0,7.0,0,3.2533529681493354,4.0307593083068545,4.257113875152342,4.248016209507585,4.256859436956402,0.08853953603788703,0.20280124915032421,0.10736777728581996,0.1297071129707113
2025-07-05,4.0,3.0,0,4.154501253668705,4.001887870902288,4.637118922844874,4.7355655559058984,4.521714927482333,0.11095190315557868,0.1652298977589302,0.10110421880680986,0.1297071129707113
2025-07-06,4.0,4.0,0,5.646011630839145,4.7142718438372215,7.822260294208616,7.531242020789929,7.55595450853409,0.4690941435166021,0.3311839471001948,0.1256679429851527,0.1297071129707113
2025-07-07,4.0,3.0,0,4.246006540495137,3.7886508409847313,4.533363065294587,4.473275421113166,4.256966642728192,0.08854808034568627,0.1708909015603236,0.10209249974159894,0.1297071129707113
2025-07-08,4.0,3.0,0,2.5413268557486655,2.5542812081422257,4.041998325290654,3.973973623361172,3.9345670961178847,0.0648678374396972,0.16693524121957362,0.10140383998541651,0.1297071129707113
2025-07-11,4.0,7.0,0,3.236872590079467,3.0001896478538947,4.634917178213585,4.622913908010475,4.508053869314247,0.10973359206612454,0.15486296797576146,0.09924496987974929,0.1297071129707113
2025-07-12,4.0,5.0,0,3.470879492878641,3.8174503914561964,4.297724989981904,4.20426074790692,4.117741882573207,0.07782354196206417,0.1811522187325518,0.1038402286405595,0.1297071129707113
2025-07-13,4.0,5.0,0,3.208619636012749,4.416672729366653,3.3476501472735984,3.330899921897605,3.084427058102362,0.02212879975472965,0.2574790863760155,0.11556820963842533,0.1297071129707113
2025-07-14,4.0,3.0,0,3.1464113415378456,3.5828407598400385,4.169633004636661,4.15095172025734,3.9208487127995766,0.06395113807318216,0.2440721512681413,0.11363186180720267,0.1297071129707113
2025-07-15,4.0,4.0,0,3.7856247952257087,4.874489817631301,4.606869974696669,4.5758844677337915,4.409470079405118,0.10113958025308728,0.1630382227223764,0.10071665752602932,0.1297071129707113
2025-07-16,4.0,5.0,0,3.355359961995907,3.8005601165109097,4.522623006030327,4.387410665244556,4.580266598624532,0.11624776871079989,0.14645634905826996,0.09768523371076822,0.1297071129707113
2025-07-17,4.0,2.0,0,2.845308061459927,3.013750350284831,4.287773650348092,4.1828273401050815,4.3610800437537325,0.09705047726568855,0.12800821676494623,0.09406928797929735,0.09302325581395349
2025-07-20,4.0,3.0,0,3.286747513935204,4.072747823319484,4.123799396478897,4.137120269152334,4.182184679193649,0.0826946569207635,0.1152939593943211,0.0913904837483764,0.07430340557275542
2025-07-21,4.0,6.0,0,3.3414930297304,2.854474976068886,3.510221857655874,3.5894333855626237,3.5341744930029875,0.04121250622879726,0.12582064581165553,0.0936203653806829,0.09302325581395349
2025-07-22,4.0,2.0,0,2.5209889367983473,2.800644954520057,4.175209031160137,4.123373714397247,4.256742102330318,0.08853018496040105,0.06848821267139218,0.0794513060995798,0.07430340557275542
2025-07-23,4.0,7.0,0,3.3067171631674084,4.434611167900268,3.614773566957932,3.648309713534244,3.683438846777969,0.04928080096240545,0.09920083237200733,0.08772021039256093,0.07430340557275542
2025-07-24,4.0,9.0,1,3.3817141079357196,3.939779975606338,4.355925355350073,4.353137268789044,4.390966358315197,0.09956579113900967,0.1598955161065904,0.10015588229330918,0.1297071129707113
2025-07-25,4.0,7.0,0,4.351535363555161,3.413538476559862,6.071739341869616,5.8289436062519275,6.139642322820908,0.2908494002042442,0.2492061870204741,0.1143781652275755,0.1297071129707113
2025-07-26,4.0,5.0,0,2.702104825427133,2.6163940393568605,3.8823934263440654,3.8335100930243127,3.9354821011854773,0.06492924770804387,0.06613719717447566,0.07872195245762566,0.07430340557275542
2025-07-27,4.0,2.0,0,2.537069490893953,1.6852865787708706,5.34423517753698,5.133034219769554,5.4689411107172194,0.20942212373502297,0.0892424130571187,0.0852531617453932,0.07430340557275542
2025-07-28,4.0,5.0,0,2.8277123409680778,2.372223104196145,5.001067461965854,4.900213579847837,5.045018706131947,0.1622506226107048,0.11546139641431231,0.09142691579149309,0.07430340557275542
2025-07-29,5.0,4.0,0,3.8062686418688436,3.9601393697449683,4.33672749520558,4.285106172798014,4.287941935632294,0.09002069656053287,0.12105084336684765,0.10382273520962786,0.09615384615384616
2025-07-30,5.0,5.0,0,3.885186451823784,2.920470245161361,5.507369382907005,5.501426167912445,5.728081688845507,0.23923502114216885,0.2187500423085657,0.12763586071611638,0.1487603305785124
2025-07-31,5.0,5.0,0,7.925912673056615,8.766167944654919,8.410772819094468,7.875944510107549,8.120774267800268,0.537124218753686,0.39183057939098875,0.1613965837990128,0.19230769230769232
2025-08-01,5.0,4.0,0,7.522525442454453,5.793698246099431,7.189481811576214,6.827343364986855,7.275043730318147,0.43487455532505176,0.34612915368387237,0.1528385434793332,0.19230769230769232
2025-08-02,5.0,4.0,0,4.297681893833892,3.9813401801075536,5.1231137298981295,5.031160308530464,5.1127842591150925,0.16840493839649134,0.26155479473984045,0.13649698335017613,0.1487603305785124
2025-08-03,5.0,4.0,0,3.7596059180084467,3.656737153961015,4.303993494291329,4.257723725119202,4.2854101201689465,0.08981683550287385,0.19882234884750383,0.1232793805279518,0.12234042553191488
2025-08-04,5.0,4.0,0,3.506091292942132,3.6621122253109095,4.553541911862972,4.471567019408081,4.696990199657427,0.1260569423603627,0.1778421524691209,0.11847770586453843,0.12234042553191488
2025-08-05,5.0,3.0,0,3.2684214312168116,2.631145610622931,4.17110530194415,4.182818087346661,4.205091845884285,0.08347747320864349,0.12302371796470388,0.10438771977981584,0.09615384615384616
2025-08-06,5.0,3.0,0,3.615378840149604,2.808549381848037,3.759567575948432,3.7715053472145863,3.701127287659294,0.04952442984425725,0.07297786633597188,0.08790775798452106,0.06685236768802229
2025-08-07,5.0,1.0,0,2.877141970452912,3.411374143465536,3.547373811463324,3.507648333694839,3.567791601816552,0.04224787826733973,0.07213417620065664,0.08757759913902417,0.06685236768802229
2025-08-08,5.0,6.0,0,4.140639835895351,4.047557870147047,3.7509040210596662,3.7449320654413216,3.839688344983458,0.05784379644200044,0.1396995060479912,0.10897431921293829,0.12234042553191488
2025-08-09,5.0,3.0,0,3.4626324744412362,3.919209031087209,3.194206249187488,3.2649365493025027,3.1891531324532916,0.0253867997030958,0.11729492868597097,0.10273252868109693,0.09615384615384616
2025-08-12,5.0,7.0,0,2.7992973889518593,2.774648618852474,2.9411641531303583,3.043046591296681,2.8113894520658325,0.013761175865152962,0.1290995114682151,0.10609642927791396,0.1111111111111111
2025-08-13,5.0,1.0,0,2.953570654200608,3.4873989781057255,3.4441462316143143,3.515922744930365,3.443433502228845,0.03609876387977714,0.11299143664993153,0.10145857020327531,0.09615384615384616
2025-08-14,5.0,3.0,0,3.6077046893361033,3.2237111559593323,4.114912439997879,4.157956966192739,4.158750278254646,0.07993356911871942,0.18633997044149136,0.12045252246844229,0.12234042553191488
2025-08-15,5.0,4.0,0,3.5188183720028805,3.8939125675885267,3.4730578269042853,3.609431909352419,3.3455647928478816,0.031684672421870855,0.19579049889984065,0.12260031212896846,0.12234042553191488
2025-08-16,5.0,2.0,0,3.9477047446241436,4.028747615326776,3.696283443546317,3.8149506026346356,3.5898305973173943,0.04340154874465893,0.23067894677458312,0.1301655571384224,0.1487603305785124
2025-08-17,5.0,0.0,0,3.361817695048189,3.848893095089678,3.434740529825646,3.5339473790009537,3.4247112027574507,0.03522563085853003,0.1709079995015173,0.11683263046793536,0.12234042553191488
2025-08-18,5.0,2.0,0,2.8961165983900217,3.381735297138455,2.9831782399897198,3.0858429508647527,2.931449247844158,0.016936754020628643,0.1218062117314183,0.10403966447635121,0.09615384615384616
2025-08-19,5.0,4.0,0,3.68455978917881,5.123469974502188,3.8764436698847717,3.9873219929663795,3.7458132026299786,0.052122841485381245,0.21582874376586797,0.1270079950748432,0.1487603305785124
2025-08-20,5.0,2.0,0,2.9569660325958167,3.225655437273898,3.3809206038892374,3.4062860785518705,3.1704029679321084,0.02469277221478913,0.1298746643974404,0.10631117972698986,0.1111111111111111
2025-08-21,5.0,5.0,0,3.7542815592160426,2.7259122488871004,4.438032582197875,4.532638118972137,4.345520110315537,0.09472268035032677,0.18039632038490916,0.11907586773321766,0.12234042553191488
2025-08-22,5.0,6.0,0,3.434969152045343,2.7984501013413663,3.7664245357363355,3.791360341529448,3.6651227483216244,0.04748929532033284,0.09691530467900102,0.09643130107469415,0.09615384615384616
2025-08-23,5.0,4.0,0,3.771264169619696,2.875391501572136,3.5959522065008787,3.6985443489642464,3.633451949154177,0.045742165823931945,0.13298765894322653,0.1071665639244619,0.12234042553191488
2025-08-24,5.0,4.0,0,3.1412871803370983,3.0680680007049235,3.136324513081589,3.2469128311418824,3.0978344759457044,0.022126387976100073,0.08414147283321588,0.09206823392258516,0.09615384615384616
2025-08-25,5.0,3.0,0,3.102495702258551,3.570595139922009,3.7290878331954413,3.7837150118524185,3.705661078953261,0.049784396158466505,0.10419366390985134,0.09876377781714783,0.09615384615384616
2025-08-26,5.0,2.0,0,3.231303723653893,3.180918118299079,3.7809252865011502,3.7385377069013357,3.819790586651789,0.05660148866291968,0.08428014279747358,0.0921176941105355,0.09615384615384616
2025-08-27,5.0,3.0,0,2.822119299388175,2.7133946493055374,3.1461181316811695,3.2338861040633446,3.0716561737301102,0.02124661768570688,0.054235526706183965,0.0799015329160562,0.06685236768802229
2025-08-28,5.0,3.0,0,4.118160159649659,3.390945008042139,2.9214753842126924,3.0217665365545643,2.8197032626612817,0.013966422501800933,0.04865844807106356,0.07717829959753175,0.06685236768802229
2025-08-29,5.0,1.0,0,2.7813501054651426,2.8939741758606976,3.2785253245632076,3.3795750286290316,3.204679544992406,0.0259712339803458,0.057114438498695394,0.0812362351934506,0.06685236768802229
2025-08-30,5.0,3.0,0,2.8337780026381676,3.0717902698604473,3.110762364920782,3.166634906023934,3.0945766187275927,0.02201558501023777,0.06503209505880055,0.08469629831514776,0.06685236768802229
2025-08-31,5.0,5.0,0,3.1724117016527873,3.118894119769934,3.0617190531246044,3.1474848152176707,3.0398845012461533,0.020211098124637967,0.040877098132616245,0.07301150753475585,0.06685236768802229
2025-09-01,5.0,2.0,0,3.074076042687027,3.175368593323299,2.93928595152563,3.0147509243217225,2.911861727940044,0.0163870966368548,0.05184615117751172,0.07875835091778129,0.06685236768802229
2025-09-02,5.0,5.0,0,3.2899860709306004,3.3561228066436493,2.8383864769557188,2.9699567238062086,2.7684759909037107,0.012735355829887704,0.10212224887139477,0.09811007094969248,0.09615384615384616
2025-09-03,5.0,3.0,0,3.0432859361869276,3.483005548688494,3.3399716411437526,3.3687253774718875,3.2928037238034826,0.029457557112591248,0.10503200859703757,0.09902616767890231,0.09615384615384616
2025-09-04,5.0,4.0,0,2.9515275829218512,3.1153125921732685,3.29967262774552,3.355914263791386,3.2968526145029924,0.029624725246164236,0.10251316689803916,0.09823403421682639,0.09615384615384616
2025-09-05,5.0,2.0,0,3.2773377931074696,3.154589514803189,3.4910173833970046,3.5588762822701367,3.480651046702991,0.03787514481463783,0.061164119979366334,0.08304199045502354,0.06685236768802229
2025-09-06,5.0,3.0,0,3.1381301597175173,3.1737201538502484,3.1397383523891618,3.235528638878147,3.0890858397996843,0.021829687113869192,0.04864539688678019,0.07717169303976693,0.06685236768802229
2025-09-09,5.0,5.0,0,3.596183523233115,4.696135741141014,4.728110367449892,4.72922756018686,4.599311440022839,0.11690937260789892,0.20260778212280314,0.12412084274130772,0.12234042553191488
2025-09-10,5.0,5.0,0,2.711152205535176,2.5809845298620897,3.6394064828005903,3.643982846871199,3.4982006821566767,0.03873165482243808,0.08129697771815922,0.09104238732056502,0.09615384615384616
2025-09-11,5.0,3.0,0,2.8930061808990994,2.7986824131093857,3.1360054620251225,3.1592372924729673,3.0476579653959965,0.020461212320565737,0.030509315220508256,0.0665396722092518,0.06685236768802229
2025-09-14,5.0,6.0,0,3.5702232891420103,3.1177111806073987,3.043072238316466,3.103358704451711,3.0797557037054792,0.021516240530206676,0.06607665234835809,0.08513220692573195,0.06685236768802229
2025-09-15,5.0,6.0,0,3.0135125393471873,2.88969315359377,3.460720773400262,3.5066607517712303,3.3999912134090216,0.0340936792119009,0.08205172382872249,0.0913167122951503,0.09615384615384616
2025-09-16,5.0,10.0,1,3.0538201261195494,2.819698976270977,3.32169598355722,3.321227485868669,3.292356329587551,0.02943912335091903,0.06624961412718539,0.08520396160879579,0.06685236768802229
2025-09-17,5.0,0.0,0,3.021679300263511,3.5000241273108483,2.987091548185779,3.0688295790075726,2.994541813502831,0.01879358622466984,0.055026815186858036,0.0802728783700876,0.06685236768802229
2025-09-18,5.0,4.0,0,4.285431961601637,4.121888306821004,3.5160250869131997,3.5952543819216642,3.4303224495232043,0.03548588301180588,0.11949607625054287,0.1033738073487978,0.09615384615384616
2025-09-19,5.0,3.0,0,3.3904850226984804,3.5392639232310104,4.326716583447172,4.262615246904186,4.223722775292928,0.08492579720849837,0.2548070907891334,0.13513654825097404,0.1487603305785124
2025-09-20,5.0,4.0,0,3.350791212476069,3.50627608846487,4.893772882771597,4.798378173392989,4.8920115613209925,0.14526376938997135,0.23757251217779213,0.13160433566163582,0.1487603305785124
2025-09-21,5.0,2.0,0,3.8331999182099348,4.054076700046031,3.8901023090679603,3.911602317646901,3.818482746286259,0.05652039369332058,0.0844550725764896,0.09218001596590572,0.09615384615384616
2025-09-22,5.0,3.0,0,3.1007281049710667,3.794747251468545,3.5979259741071044,3.6525528466303236,3.520648786609208,0.03984493762427699,0.0696008934332096,0.08657138049450591,0.06685236768802229
2025-09-23,5.0,5.0,0,3.023310294812439,3.279454297739304,3.5576197394846774,3.6296595496363935,3.525510620071907,0.04008867735624201,0.047653837195865474,0.07666631918322571,0.06685236768802229
2025-09-26,5.0,3.0,0,3.5237069367052993,3.260984283941517,3.8680782197180785,3.8655495002272566,3.7053992869968666,0.049769362571904514,0.12946524213234847,0.10619784097303857,0.1111111111111111
2025-09-27,5.0,7.0,0,3.813318658783455,3.191820576927921,3.496756175387037,3.5463980949426146,3.387674978332877,0.03353854716826221,0.06538811889787195,0.08484537034537479,0.06685236768802229
2025-09-28,5.0,1.0,0,3.22890028415166,2.9018621270047587,3.0292570093590157,3.0893149602699657,2.950463900479887,0.017482398600907934,0.052108726433564734,0.07888563696728643,0.06685236768802229
2025-09-29,5.0,1.0,0,3.6837205432724938,3.729610040984501,3.736299887682637,3.8165372753071907,3.7030555489600685,0.04963489468605063,0.11547946829146079,0.10219842692666378,0.09615384615384616
2025-09-30,5.0,1.0,0,3.2978852972054025,3.051036842368721,4.112301424849688,4.1386102159682805,4.057439092095963,0.07247968764650983,0.17924093737402405,0.11880579092076592,0.12234042553191488
2025-10-01,5.0,6.0,0,3.3267034845953476,3.7978541690569396,3.9894033040569075,3.9886038893066744,3.9808218805841125,0.06711314591020637,0.11052280818299948,0.10071513359825486,0.09615384615384616
2025-10-02,5.0,3.0,0,3.2781754022892913,3.576527704322657,3.737741945351097,3.7629367785119547,3.6788726674252286,0.04826034976407507,0.05368359278930413,0.07964042391291079,0.06685236768802229
2025-10-03,5.0,2.0,0,3.150324849658726,3.38610108241351,3.641804334449644,3.7337867452743425,3.6042678058792235,0.04416779284175372,0.12407501370426953,0.10468670258201343,0.09615384615384616
2025-10-04,5.0,3.0,0,3.76321652450943,5.132313680118812,5.079768589598648,5.060339757594666,4.8897652361680155,0.14503568950218185,0.17857955212032292,0.11865081583080471,0.12234042553191488
2025-10-05,5.0,4.0,0,3.8091882079643633,3.6352379292309966,3.790864195120966,3.837388813879695,3.6716452332137917,0.047854109742462646,0.10216248898470165,0.09812284436139905,0.09615384615384616
2025-10-06,5.0,1.0,0,3.194515471132124,4.079115649645459,3.928817708070958,3.973649029528213,3.842629851469107,0.05802880321972759,0.0948178543327599,0.09573985195252246,0.09615384615384616
2025-10-07,5.0,1.0,0,3.253493918251878,3.3155809495456103,4.271654911417294,4.271208194061941,4.163568430026652,0.08029812389244355,0.1756353247648633,0.11795757149915893,0.12234042553191488
2025-10-08,5.0,6.0,0,3.51780385516053,3.725559066103988,4.185174532466153,4.180097722084521,4.16073838536122,0.0800838846973857,0.13558120081624436,0.10787085904991008,0.12234042553191488
2025-10-09,5.0,2.0,0,3.6956347553763758,4.046367023580251,4.144491893075649,4.259581323322275,4.084647934899361,0.0744417207414199,0.09206863479302636,0.09481945492410151,0.09615384615384616
2025-10-10,5.0,2.0,0,3.856044966128929,4.087824395146682,4.265573031059134,4.337776981319055,4.199275442740813,0.08302807952395433,0.07596532267254523,0.08905792850751347,0.06685236768802229
2025-10-11,5.0,3.0,0,3.692890974317544,3.699715603932494,3.744175047783915,3.8170876710248147,3.657233081183047,0.0470502952206367,0.0572118601333095,0.08128063012649848,0.06685236768802229
2025-10-12,5.0,2.0,0,3.8363831321462842,4.785950624063775,4.1204594481569865,4.112557962240484,4.0092193801329365,0.06907487810685299,0.14138409948986222,0.10942062404943059,0.12234042553191488
2025-10-13,5.0,5.0,0,3.690085303167905,4.987264328832642,4.439543191406071,4.422964719571661,4.339577394410048,0.09423157326105376,0.17374580432383244,0.11750971642643755,0.12234042553191488
2025-10-14,5.0,2.0,0,3.456948145116212,4.049617026715745,3.997513524439031,4.056809313528828,3.905283037946632,0.062052232225139975,0.0873879399205954,0.0932133172302974,0.09615384615384616
2025-10-15,5.0,3.0,0,3.214756411986264,3.7246503608510286,3.730776387861615,3.763095322155323,3.559872030887794,0.0418380382563185,0.07631160391273026,0.08918940249729665,0.06685236768802229
2025-10-16,5.0,4.0,0,3.2889326618433956,3.9906878974381534,3.996773712574808,4.028308607097521,3.9310358062493678,0.06375185105248748,0.08804069224639949,0.09344039514819388,0.09615384615384616
2025-10-17,5.0,6.0,0,3.784418872246403,4.038116271242276,4.243145517143529,4.230788194289844,4.18882560774713,0.08222399825858244,0.12671883473857617,0.10543236982343328,0.09615384615384616
2025-10-18,5.0,3.0,0,2.8942410084953814,3.0364780722594946,3.742242380821944,3.8216714551262356,3.714672228778777,0.050303549927609686,0.07553330548228143,0.08889337638986362,0.06685236768802229
2025-10-19,5.0,5.0,0,4.2566915694584,3.108117699890951,4.112210530144191,4.172930546114955,4.045365315038713,0.07161846353039726,0.10169239942669747,0.09797343762611678,0.09615384615384616
2025-10-20,5.0,1.0,0,3.8863050562489128,3.973851626783036,3.792800564510404,3.8283916326029535,3.8135924102121104,0.05621777121750446,0.0584903834559527,0.08185877435458491,0.06685236768802229
2025-10-21,5.0,3.0,0,3.983868534980509,4.068317881606107,3.7154166541713893,3.7834250376455953,3.6875524755221307,0.048751000103119106,0.04751696356238476,0.07659601685134956,0.06685236768802229
2025-10-22,5.0,9.0,1,3.5263854873069467,3.410411569108734,4.1834852450631645,4.241442446029513,4.152770602598806,0.07948239469631874,0.10863324532113003,0.10013955115339626,0.09615384615384616
2025-10-23,5.0,1.0,0,3.717416978928112,4.5054508912318045,4.574483367362656,4.596410518154738,4.590699619740979,0.11611864085479748,0.2076278737378231,0.1252262790154804,0.1487603305785124
2025-10-24,5.0,6.0,0,3.4474872642931693,3.297124930062277,4.286191522925062,4.339091392383935,4.236384678985764,0.08591777478316812,0.15463796419440037,0.11283780867012182,0.12234042553191488
2025-10-25,5.0,2.0,0,3.794260280307321,3.9640872627011543,4.62362429343051,4.61139339432611,4.590316376018535,0.11608351182200533,0.22791496136262585,0.1295840843413236,0.1487603305785124
2025-10-26,5.0,3.0,0,3.1615424554185982,3.052949288775494,4.588164525725074,4.546071076154274,4.654934465544385,0.12207849503005448,0.20313576057336763,0.12423765801053122,0.12234042553191488
2025-10-27,5.0,3.0,0,3.1343416664862485,3.4576284387680087,4.488689944323886,4.573340357389447,4.365477627342617,0.09638169710595645,0.26487639352453174,0.13716247800030615,0.1487603305785124
2025-10-28,5.0,2.0,0,3.5746261170460762,3.239207422831793,5.219057908616575,5.20279645897326,5.312276237616679,0.19045104117312414,0.4247732815526815,0.16756336880257425,0.25
2025-10-29,5.0,2.0,0,3.5408278965088615,3.405524097427239,5.668571068394896,5.5886498288528905,5.668910057344488,0.23209488935773742,0.3828058026936207,0.1597103151235504,0.19230769230769232
2025-10-30,5.0,4.0,0,4.467427287593689,4.431240015567928,4.7707221974509455,4.767957180960201,4.68868882841838,0.12526690884232233,0.33654738207112866,0.15103190304879818,0.19230769230769232
2025-11-02,5.0,4.0,0,3.4607078533424964,3.7165191310864416,4.710305844488683,4.713496509549804,4.710157491090597,0.12731479547465496,0.21076070461995822,0.1259103444732993,0.1487603305785124
2025-11-03,5.0,6.0,0,3.507059528651446,3.4002596829487377,4.108082282807513,4.139642790931751,4.071993292001534,0.07352553980396513,0.12159523669885405,0.10397915264050538,0.09615384615384616
2025-11-04,5.0,4.0,0,3.3067806197096177,5.20240581796537,3.502082917209604,3.5485079675590576,3.517196658185538,0.03967243873441601,0.06863155884136517,0.0861802400706772,0.06685236768802229
2025-11-05,5.0,3.0,0,3.4267955001383363,3.284024498057027,4.125020074597601,4.133207503877182,4.1297674880679685,0.07775985975484478,0.09557961107046033,0.09599202563615421,0.09615384615384616
2025-11-06,5.0,7.0,0,2.952528644154709,3.5463288360373992,3.7873102771365517,3.833190526679695,3.7961551744778452,0.0551465797057038,0.09770029329512075,0.09668777394019236,0.09615384615384616
2025-11-07,5.0,8.0,1,3.4914434906873435,4.525753500344152,3.6967031579787006,3.78182458895112,3.6605167652688597,0.04723270368604107,0.09301417613843341,0.09513785584139056,0.09615384615384616
2025-11-08,5.0,4.0,0,3.1647785507447264,3.010203567710714,4.063700640154067,4.082217208953004,4.064428670208138,0.07298090306248664,0.13041117236521674,0.10645940043703073,0.1111111111111111
2025-11-09,5.0,3.0,0,3.7250885059840817,4.490588204512662,3.753467992129922,3.8028119332398442,3.77163851379178,0.05366124130530688,0.06955056653011064,0.08655115806866286,0.06685236768802229
2025-11-10,5.0,0.0,0,4.409566232789287,3.6158878057937462,3.799340972725639,3.869430955727574,3.818285504169294,0.056508169333889774,0.08758059050824384,0.09328044347214777,0.09615384615384616
2025-11-11,5.0,3.0,0,3.8325201618935023,3.294334133037845,3.945531648120073,3.978484792546347,3.934304517454839,0.0639694851529291,0.10707789718563265,0.09966138075799515,0.09615384615384616
2025-11-12,5.0,5.0,0,3.7616993581801066,4.082232597481867,4.2899717081327555,4.2759179563725604,4.349602449200866,0.09506081648200515,0.29119682764632515,0.1423509967050475,0.1487603305785124
2025-11-13,5.0,4.0,0,4.01971687064005,3.920888400380955,4.616624088325424,4.570153285904607,4.643879874486258,0.12104270510997317,0.3167002380564477,0.14726388519567216,0.1487603305785124
2025-11-14,5.0,9.0,1,4.485228691674438,5.127283963966622,4.501605545040482,4.464553468573319,4.546078595783839,0.11206323846319685,0.26857897989044327,0.13790121764408994,0.1487603305785124
2025-11-15,5.0,5.0,0,4.144900309813037,4.181402194868661,4.3609538228475575,4.3655517111533335,4.387539023213706,0.09823297097765206,0.35483610152659883,0.15447494141096313,0.19230769230769232
2025-11-16,5.0,5.0,0,4.3763361585267,4.157351876180405,4.343261659013648,4.350887821650099,4.400713759604527,0.09934717911584598,0.2332046676738387,0.13069456981328265,0.1487603305785124
2025-11-17,5.0,3.0,0,4.086957755899744,3.719952990971017,4.6182404795091925,4.626158118345042,4.5684974585407545,0.11409202289546733,0.31386116333119757,0.14672140258531283,0.1487603305785124
2025-11-18,5.0,4.0,0,4.102446909593776,3.852600044811052,4.479284675996826,4.549537085629734,4.386864062394416,0.09817606243084848,0.3025819243610839,0.1445558616957494,0.1487603305785124
2025-11-19,5.0,5.0,0,4.659454044233135,4.675743090166738,4.533062420594502,4.512769317791013,4.623475537200021,0.11914186899212846,0.35338430316000813,0.15420238913794881,0.19230769230769232
2025-11-20,5.0,4.0,0,3.93983323329789,3.6880395992896617,4.023579444712667,4.105362976804455,3.9693140472794695,0.06632736250405771,0.2757908168194343,0.1393312852058097,0.1487603305785124
2025-11-21,5.0,6.0,0,5.419046738024582,6.695914935546518,4.113292943670255,4.251555884045204,4.138630841884816,0.07842110996858691,0.351928894041993,0.15392904475981,0.19230769230769232
2025-11-24,5.0,4.0,0,3.7235379613241353,3.5799306130543775,3.329245741140386,3.38183949140555,3.3586050695361225,0.03225148004990058,0.08500405269811327,0.0923750863745698,0.09615384615384616
2025-11-25,5.0,3.0,0,3.922229972406318,3.8686081386808087,3.282087367227032,3.367063542951279,3.29392285673876,0.029503701281052293,0.08810566237859423,0.09346294049525242,0.09615384615384616
2025-11-26,5.0,2.0,0,4.0042381641283775,3.6007177751387047,3.375545134731168,3.4444302801407307,3.372068852406161,0.032843542935562624,0.1070977998961308,0.09966752511975514,0.09615384615384616
2025-11-27,5.0,6.0,0,3.4927659422636648,3.0182593829343074,3.417605430946165,3.5029740845830717,3.3885715235020344,0.033578759405548754,0.13727508885966277,0.10832688881051307,0.12234042553191488
2025-11-28,5.0,3.0,0,4.398337994073615,3.7858852035556376,3.8610522291529596,3.9525986798146606,3.877441281021067,0.06024477570813137,0.3225234635485142,0.14837362604787352,0.19230769230769232
2025-11-29,5.0,3.0,0,3.976254728468766,3.5432790140088524,3.7903184298181785,3.852285202121983,3.70314352534818,0.04963993818376307,0.27428329149442376,0.13903328110992016,0.1487603305785124
2025-11-30,5.0,4.0,0,4.339089981164608,3.8981669216344015,4.115151645717964,4.185967352801771,4.090144412334144,0.07484163514459587,0.13282941657517905,0.10712334972164884,0.12234042553191488
2025-12-03,5.0,8.0,1,4.38469573861571,4.027026696704755,4.176532853195403,4.208195752696471,4.1890754446815075,0.08224317279676133,0.24156161506047003,0.13242981065452017,0.1487603305785124
2025-12-04,5.0,5.0,0,4.5487441671394935,3.6242091259857245,4.3578443501459265,4.389851955786411,4.371362659829668,0.09687375791184688,0.24436295716361464,0.1330065404333521,0.1487603305785124
2025-12-05,5.0,7.0,0,4.146320352265654,3.784390336717122,4.545023313208166,4.595706174929824,4.450451017852622,0.10361142079590102,0.3041226891490033,0.1448527156940241,0.1487603305785124
2025-12-06,5.0,5.0,0,4.77504074433528,4.207750719782284,4.4681771324090995,4.542272795449515,4.403501824414551,0.09958379704153396,0.24950971440926964,0.13406004767533755,0.1487603305785124
2025-12-07,5.0,3.0,0,3.793611084875186,2.9178599099386333,3.6996918477322214,3.7427861205450994,3.6628257354224663,0.04736122607366051,0.14884631542086538,0.11136431053420334,0.12234042553191488
2025-12-08,5.0,3.0,0,3.5981404538903754,3.4617441610541806,3.5013583048632193,3.5710066989449096,3.5418704360718083,0.040915723780920184,0.20213897612259207,0.12401700815891945,0.12234042553191488
2025-12-09,5.0,5.0,0,3.5947380079936773,3.656623056550213,3.2915833224321323,3.391812981588972,3.2248176413847127,0.026742470324285256,0.23697870229551954,0.13148102211250487,0.1487603305785124
2025-12-10,5.0,5.0,0,3.28688426039649,3.5298220450013966,3.3468787266085545,3.3972516745402213,3.368137427666242,0.03266994023034682,0.17885351115257456,0.11871504275261616,0.12234042553191488
2025-12-11,5.0,1.0,0,4.207787857298585,4.832833623156924,3.398020700503187,3.4780319211125397,3.43129984501084,0.03553134047181302,0.16481930719800475,0.11536099092506809,0.12234042553191488
2025-12-12,5.0,8.0,1,3.869240745809895,3.726480255241413,3.745628755531188,3.787362157201828,3.77293447354587,0.053739149779814324,0.17404645454390077,0.1175811338065898,0.12234042553191488
2025-12-13,5.0,5.0,0,4.239314584641794,4.113260224058469,3.697497406811519,3.7933076047032537,3.6153025588586125,0.04475906916194135,0.15773796871676074,0.11361478634389993,0.12234042553191488
2025-12-14,5.0,6.0,0,4.83110279936238,4.420324130927465,4.020184461850913,4.093709054239904,3.994548572200947,0.06805737413997595,0.24357201552453633,0.13284394622769677,0.1487603305785124
2025-12-15,5.0,1.0,0,4.441905530467033,3.8179937892404747,4.563561090642167,4.606382146242121,4.433084109246687,0.10211210797456537,0.3297126453990834,0.14973868375960242,0.19230769230769232
2025-12-16,5.0,9.0,1,4.544021812704136,4.704307980265163,5.158225680260701,5.117973998659289,5.147614622642129,0.17218059810305406,0.33576745064138414,0.15088453499359844,0.19230769230769232
2025-12-17,5.0,4.0,0,4.576000998892775,3.7105743776547198,4.874011501120346,4.8548174237287265,4.838772643475056,0.13990013737908324,0.32961700476471173,0.14972055736638507,0.19230769230769232
2025-12-18,5.0,1.0,0,4.766099383925051,4.463470653270839,4.5264443825764475,4.557042363258188,4.5179608777367894,0.10954397092747793,0.3150654091702402,0.14695162623244729,0.1487603305785124
2025-12-19,5.0,3.0,0,4.245412525793122,3.966183928612946,4.33562304333848,4.381055914844017,4.322134848292981,0.09279781934554142,0.1717508710608225,0.11703430413121804,0.12234042553191488
2025-12-20,5.0,4.0,0,4.94219147826489,4.740221516758116,4.595687303275933,4.583232325697993,4.517119819400134,0.10946904949851079,0.3353264810410167,0.15080119130689884,0.19230769230769232
2025-12-21,5.0,5.0,0,3.8187973822727432,3.6405515858719335,3.8339237982341716,3.878794451207043,3.8418721702064427,0.057981115297661555,0.11967575759442634,0.1034258576774557,0.09615384615384616
2025-12-22,5.0,3.0,0,3.800140432257864,4.4986109161557915,3.7997106072928126,3.877575466379114,3.7915439645507796,0.05486535846728168,0.08582524715465517,0.09266544500604144,0.09615384615384616
2025-12-23,5.0,9.0,1,4.182395280677573,4.627117315302721,4.070549179352527,4.122360625761808,4.043274926463072,0.07146994471614374,0.15836101546741863,0.11376999861723124,0.12234042553191488
2025-12-24,5.0,5.0,0,3.8703165144300433,3.853477172602552,4.4178422558518005,4.431241820998537,4.416012302177317,0.1006490849825628,0.25567590788633127,0.13531237677362407,0.1487603305785124
2025-12-25,5.0,1.0,0,4.216442869104568,4.851664836238475,4.92795024463707,4.92182093768596,4.876844898419128,0.14372683694454294,0.31578322309721474,0.14708877120768551,0.1487603305785124
2025-12-26,5.0,9.0,1,3.796035475631215,4.49394822354236,4.6422506019870795,4.692705331995829,4.597195700774937,0.11671486716300392,0.3384215591113282,0.15138582565629521,0.19230769230769232
2025-12-27,5.0,8.0,1,4.2395735699535635,5.567622391217633,4.597605468175449,4.560790890113248,4.52384588698887,0.11006891593009327,0.3845834866409561,0.1600424922163275,0.19230769230769232
2025-12-28,5.0,4.0,0,3.796456216407542,4.875687511116363,4.612353336094615,4.6233980160614925,4.52405063689138,0.11008720200474725,0.37427868102149126,0.15811642870492704,0.19230769230769232
2025-12-29,5.0,5.0,0,3.9031987397886243,6.212655549609446,4.807624331016683,4.800198026337049,4.752505062937622,0.1313992243131048,0.5139837172593021,0.1846975020959197,0.25
2025-12-30,5.0,2.0,0,5.185275478455058,8.46626921575506,5.154052018457704,5.092397189411516,5.184507958169515,0.1762147806522262,0.6093396046011301,0.2047279096193475,0.25
2025-12-31,5.0,2.0,0,5.70863819470569,7.615084296944369,5.008301168810895,5.008368647563824,4.925841937138328,0.14871731403081953,0.6182280394638998,0.20674365143563356,0.25
2026-01-01,5.0,8.0,1,4.0648496589281775,5.522320676469669,4.504256494848976,4.55070435436992,4.402900656786617,0.09953275265957702,0.4902160753485094,0.18003320303385403,0.25
2026-01-04,5.0,4.0,0,3.3242284004574487,3.2879512415572183,3.4242280862047614,3.5143939574880725,3.412382425158044,0.03465811888106474,0.18635107463056663,0.12045507502761385,0.12234042553191488
2026-01-05,5.0,5.0,0,3.283208025475355,3.949607580780131,3.669928259905932,3.78633536225171,3.5785932723219966,0.042810892396076224,0.18313190660726877,0.11971208063281503,0.12234042553191488
2026-01-06,5.0,3.0,0,4.318481656793629,4.078868107480882,3.5253809509107397,3.655358307545145,3.490855571870846,0.03837170114864943,0.2441665726209953,0.13296618717075953,0.1487603305785124
2026-01-07,5.0,2.0,0,4.827854894308307,3.9209589462604457,4.251116671737784,4.358366390792672,4.17097989865069,0.08086066950525357,0.4167140517798614,0.16605140017530423,0.25
2026-01-08,5.0,2.0,0,3.2733059091245553,3.772411824177933,4.230755865660858,4.291511300053164,4.205114548231955,0.08347922983941446,0.2700564657568519,0.13819512670162415,0.1487603305785124
2026-01-09,5.0,4.0,0,4.714696418122966,3.761052020683315,4.2861604396110575,4.355024569451162,4.242704792475377,0.08641523144307159,0.30993011592438635,0.14596860667232023,0.1487603305785124
2026-01-10,5.0,3.0,0,5.177458732133498,5.188422224255781,4.812057719299305,4.8331099326607525,4.761529747555814,0.13227728112697276,0.5308923310137481,0.18807877186936087,0.25
2026-01-11,5.0,3.0,0,4.390944194461538,4.689603609970208,4.811635015471612,4.878690669758357,4.725493730731651,0.12878712927724578,0.43243657327805174,0.16900420669987215,0.25
2026-01-12,5.0,2.0,0,4.478743697140654,7.064174425681424,4.698600600918644,4.772061356787771,4.589450127219073,0.11600412830356151,0.6817441107483176,0.2222452127335781,0.25
2026-01-13,5.0,2.0,0,5.956047765861009,9.536436414479324,5.574981496443854,5.51276517297476,5.656310408316821,0.23058203477967812,0.6705990515740972,0.21936409414560598,0.25
2026-01-14,5.0,4.0,0,4.291551009288873,5.53534807468909,5.134375863592663,5.116195288274011,5.007656002904969,0.15721036088441573,0.5739559018442495,0.19699114032207096,0.25
2026-01-15,5.0,5.0,0,4.873834118790075,5.811799612267785,4.698859802677741,4.824071313699027,4.549847501482822,0.11240306022293084,0.5816689858735533,0.19864176505213513,0.25
2026-01-16,5.0,6.0,0,5.1686686101446515,7.787915165440667,5.599870838248323,5.543699411894028,5.632817106263373,0.2277684686510289,0.692980564806191,0.22523300700875332,0.25
2026-01-17,5.0,10.0,1,4.899994538444191,7.136483161776966,5.484264383394306,5.503479600344039,5.324551355483326,0.19183953084481148,0.6504542156619959,0.21434382812288982,0.25
2026-01-18,5.0,10.0,1,5.950139215844586,9.046199478336684,5.627752477124566,5.674531882776148,5.828219529501819,0.25144272708158755,0.6501991953295528,0.21428170585555542,0.25
2026-01-19,5.0,4.0,0,4.704841062737959,9.2082697927172,5.480153983824115,5.4549712556852255,5.408126794758574,0.20138449084839136,0.4832680167463591,0.17868647157696316,0.25
2026-01-20,5.0,7.0,0,4.527773422949138,4.25336555687452,3.9686129917253026,3.990624686084993,3.93502702821079,0.06401764859494144,0.3771761376761832,0.15865814572484827,0.19230769230769232
2026-01-21,5.0,9.0,1,3.9265044052046005,3.377178323099612,4.366781268554809,4.377167379883036,4.432457918842455,0.10205825485619077,0.10533083368666389,0.09911939777371877,0.09615384615384616
2026-01-22,5.0,8.0,1,4.862443672522828,3.1116445454996056,4.965975264922361,4.942198582977091,5.103262078587714,0.16737838895184542,0.18119432212581443,0.1192619260497439,0.12234042553191488
2026-01-23,5.0,3.0,0,3.9376876793310314,3.3844475655695403,4.504160425739111,4.508930103525213,4.4985956350240555,0.10782535677038818,0.14189969931945792,0.10955665263714306,0.12234042553191488
2026-01-26,5.0,4.0,0,3.756049678195172,3.1079785440135703,4.708656368708396,4.733504866504793,4.704141507358002,0.12673937784990463,0.24369181923616665,0.1328685864616966,0.1487603305785124
2026-01-27,5.0,3.0,0,4.460974162040845,4.755239736288331,4.4270355812159075,4.473525929544286,4.420413869707555,0.10102526268030758,0.31433560888900114,0.14681212679272004,0.1487603305785124
2026-01-28,5.0,4.0,0,4.041685047334188,2.380063789168781,4.398361184665687,4.4282824850883715,4.473555162514839,0.10562313855189756,0.14172807458547687,0.1095114030258285,0.12234042553191488
2026-01-29,5.0,5.0,0,5.106466048593256,5.340667418300443,4.5609454912462155,4.59034572285506,4.53025161454059,0.11064171678934623,0.32404570443298725,0.14866310503213817,0.19230769230769232
2026-01-30,5.0,6.0,0,4.198299834827414,6.041710431296297,4.845199698029785,4.749551315191044,5.05725157149675,0.16245312523135844,0.2832094049761132,0.1407910250819073,0.1487603305785124
2026-01-31,5.0,6.0,0,4.316798796086326,4.2507675256427495,4.385313990840387,4.395841846317607,4.4433120083250905,0.10299375939298169,0.2996753896890807,0.14399491276110127,0.1487603305785124
2026-02-01,5.0,7.0,0,5.035279390053441,3.850313448021133,4.0915233031200735,4.108920320544107,4.1182493042523465,0.07690516513513501,0.25005282096611037,0.134170772467472,0.1487603305785124
2026-02-02,5.0,4.0,0,4.4555312707900265,4.12069823900096,4.053004920912807,4.143038449258443,4.062019481670132,0.07280792349880151,0.1887187618429341,0.12099774612299598,0.12234042553191488
2026-02-03,5.0,1.0,0,5.110177667440723,5.653285128130765,4.571905997264371,4.539278935101933,4.645474569536433,0.12119186652406637,0.3475368962520612,0.15310342708576283,0.19230769230769232
2026-02-04,5.0,2.0,0,4.113133029377797,4.003526076467949,4.075460652413652,4.064077529345881,4.052371795057506,0.07211753079631891,0.17473306544526676,0.1177440097264432,0.12234042553191488
2026-02-05,5.0,2.0,0,3.4451401241524575,3.45215439666835,3.7438108936612084,3.8284364715442645,3.7522056811028603,0.0525011330299884,0.1726622080088428,0.11725181640923207,0.12234042553191488
2026-02-06,5.0,9.0,1,3.665696820703579,3.047391035038219,4.329765699081554,4.337372356339405,4.424213192715387,0.10135054506603106,0.3702014601169808,0.15735383008833406,0.19230769230769232
2026-02-07,5.0,3.0,0,3.323940980995537,3.018899460797907,4.828886858929166,4.784305560126856,4.851072783990985,0.14113149884207113,0.26606967033266843,0.13740090967431384,0.1487603305785124
2026-02-08,5.0,7.0,0,4.315985172985648,3.80917521552937,4.5492811357382985,4.600642821974097,4.56373953662791,0.11365997271740814,0.20757562919086214,0.1252148341829887,0.1487603305785124
2026-02-09,5.0,5.0,0,4.7346697431146385,3.625817373909578,4.174288178626131,4.201698431277869,4.24953734249685,0.08695475462020606,0.2579708979497026,0.1357758753256358,0.1487603305785124
2026-02-10,5.0,5.0,0,4.046652654449382,3.48100619992839,4.1786873885442235,4.213866021506669,4.203055706289866,0.08332000505601371,0.2645546835846624,0.1370981385789582,0.1487603305785124
2026-02-11,5.0,5.0,0,3.826048998813293,3.3445843814078224,4.027876151889222,4.1032043369508475,4.005239556541722,0.06879800439775773,0.20218103307022958,0.12402632752630247,0.12234042553191488
2026-02-12,5.0,6.0,0,4.696922384925296,5.437687926147572,4.41204355648135,4.401231656767529,4.440080742918708,0.10271480713099723,0.39486717272913663,0.16196400631352334,0.19230769230769232
2026-02-13,5.0,5.0,0,3.7960899532333374,3.335001287028383,4.55053065368346,4.560690204724379,4.549716150244608,0.1123912085234282,0.34280777818951563,0.15221306046623467,0.19230769230769232
2026-02-14,5.0,3.0,0,4.091964482339444,4.919069968837207,4.1722294030330485,4.24075743225008,4.1179215422441295,0.07688092037749678,0.3668094342615976,0.1567190468001589,0.19230769230769232
2026-02-15,5.0,4.0,0,3.9471270882281724,3.932388263536717,4.179991778022474,4.226355644120071,4.137053358278968,0.07830319593199725,0.3459985128134058,0.15281395527939606,0.19230769230769232
2026-02-16,5.0,2.0,0,3.586250039898816,3.9264901416428466,4.397331437993078,4.375025434684234,4.403101639386036,0.09954981634560768,0.21830297487090408,0.1275399968785196,0.1487603305785124
2026-02-17,5.0,6.0,0,4.227712596228524,3.7017758010458843,4.2051440642819955,4.249012364230211,4.190528247989636,0.08235472103664404,0.26861012624099645,0.13790741853232752,0.1487603305785124
2026-02-18,5.0,2.0,0,4.082885284449398,3.092473169888729,4.099014286727316,4.1492003968780455,4.07998020854279,0.0741030442332371,0.2483267046919561,0.13381857381583273,0.1487603305785124
2026-02-19,5.0,3.0,0,4.116745739694982,2.9575908701204283,4.472201945023434,4.451908850377191,4.448820609358093,0.10347019466569472,0.3700114229999443,0.15731827546478971,0.19230769230769232
2026-02-20,5.0,8.0,1,3.1836761984343243,2.5133480194554823,3.7814691342174744,3.8457524105652663,3.7006092378864457,0.04949477768689508,0.14295970836958335,0.10983548227432781,0.12234042553191488
2026-02-21,5.0,8.0,1,3.9791727928144636,4.033229519681676,3.5947861639460386,3.665570068244186,3.510149103907332,0.03932174307750659,0.2749615561264766,0.13916741815507389,0.1487603305785124
2026-02-22,5.0,3.0,0,4.168720941922848,5.3375610065336,4.134120066227766,4.1823902840712135,4.091725165237683,0.07495686944263703,0.2746849563365186,0.13911272814136572,0.1487603305785124
2026-02-23,5.0,6.0,0,4.0091241008939535,3.656099358698454,4.592016808671365,4.596399920731188,4.588830430961701,0.1159473550882263,0.33614950153027406,0.15095672982380054,0.19230769230769232
2026-02-24,5.0,3.0,0,4.006944007845709,5.235650329272567,4.2935080321722285,4.354202687158296,4.195888931033984,0.08276703282366984,0.3173891485862352,0.14739537443606288,0.1487603305785124
2026-02-25,5.0,4.0,0,2.986183279803176,3.2347711954745884,3.7395743204191576,3.834057001255122,3.582413372762009,0.0430111196610183,0.23211695411193442,0.13046701722402923,0.1487603305785124
2026-02-26,5.0,7.0,0,3.179860838601788,3.2994913310030554,4.108478173815551,4.255618857147049,3.966255003506138,0.06611937633964407,0.2227620815907715,0.1284926389075282,0.1487603305785124
2026-02-27,5.0,8.0,1,3.3250437448599284,3.219946129207506,3.6713101853967007,3.7673927365606343,3.6017011890641313,0.0440309632021243,0.2583415396841393,0.1358506023732282,0.1487603305785124
2026-02-28,5.0,4.0,0,4.191441602894826,5.7431783117084665,3.6674448150974293,3.7449169292356257,3.620234721089106,0.045024924486187085,0.17179011710695868,0.11704368272107563,0.12234042553191488
2026-03-01,5.0,5.0,0,4.288190786762087,5.798882815364061,3.8470554807321613,3.9009006989466384,3.788844672856703,0.05470113641554616,0.3070756123710122,0.14542069768499122,0.1487603305785124
2026-03-02,5.0,1.0,0,3.7409260571734055,4.760052407656326,3.850956449139239,3.897217459070635,3.797690123375545,0.0552403810956864,0.16128186377880907,0.11449352730227853,0.12234042553191488
2026-03-03,5.0,2.0,0,3.1590519512560364,3.0843165278097815,3.880222575222803,3.9453338788609136,3.888104270324889,0.06093331639470374,0.11409823576137919,0.10178884045137483,0.09615384615384616
2026-03-04,5.0,4.0,0,3.85341448297986,4.588399934648216,4.749863097875116,4.760922303477732,4.701589753703162,0.12649567253061578,0.32478081661651226,0.14880281128560835,0.19230769230769232
2026-03-05,5.0,6.0,0,3.660681171513779,2.6413284364624414,4.413030563710989,4.455229101497068,4.331450883743262,0.09356215397102913,0.23513843503356457,0.1310981298417235,0.1487603305785124
2026-03-06,5.0,5.0,0,2.9206757122271685,3.0794769180403083,3.8018776526707545,3.806892851596959,3.7596971529838363,0.05294655753848715,0.12330848962626259,0.10446884869910138,0.09615384615384616
2026-03-07,5.0,6.0,0,3.3926992898649795,3.8789849442299,3.398355749962329,3.4730580253356393,3.3746875302763764,0.0329595078456201,0.07423415165851205,0.08839495947461871,0.06685236768802229
2026-03-08,5.0,5.0,0,3.937609268072494,3.556584899842405,3.9375052266134314,3.996860360536416,3.871233154795255,0.05984600891509999,0.15524639429608328,0.11299093101618932,0.12234042553191488
2026-03-09,5.0,9.0,1,3.8752791467207635,4.647580792092023,4.008337133646129,4.063971504072498,3.9857975683913773,0.06745454084250381,0.2639011580493262,0.1369673625412872,0.1487603305785124
2026-03-10,5.0,4.0,0,4.361933054545144,3.6583119958629022,3.78953635688459,3.852715494593628,3.744385540279611,0.05203858093124947,0.1759627088401271,0.11803493132892665,0.12234042553191488
2026-03-11,5.0,4.0,0,4.1530968352747335,3.794027371106276,4.1698238119494455,4.242296265432027,4.133815490827594,0.07806147763442742,0.26617509432159625,0.13742195859178316,0.1487603305785124
2026-03-12,5.0,2.0,0,3.9930599538829794,4.620688192464831,4.258454811425608,4.345501098558367,4.075746516811276,0.07379660663847092,0.32126131908007993,0.14813341983450176,0.19230769230769232
2026-03-13,5.0,5.0,0,4.592605709048133,3.7579176736536817,4.90459035249315,4.938790492215025,4.882843482268106,0.14433386515826052,0.37546533402027676,0.15833830821458328,0.19230769230769232
2026-03-14,5.0,3.0,0,3.6095126559110167,4.131111170044004,4.800145136009336,4.757773486927442,4.7848460917798095,0.13455811119875788,0.3010241168977697,0.14425536920361706,0.1487603305785124
2026-03-15,5.0,12.0,1,3.3895051431958385,6.904851377284654,6.6976445353126595,6.423426910667771,6.710070378476004,0.3630051525573159,0.3359078584336587,0.15091106878118402,0.19230769230769232
2026-03-18,5.0,4.0,0,3.7415873707716836,3.8063657247214477,4.891175314178922,4.852846291326027,4.91237195045815,0.1473380814243758,0.11240233160371291,0.10128201932562134,0.09615384615384616
2026-03-19,5.0,3.0,0,4.1739032867521875,4.625852833199011,4.9782241784334245,4.935686990998991,4.788826793556894,0.13494926565299442,0.17178619252866997,0.11704274491546979,0.12234042553191488
2026-03-22,5.0,5.0,0,4.043260048527008,3.4257224490422726,4.638244709080233,4.5226894522680885,4.428133553453801,0.10168674826175922,0.14045966325310416,0.10917606615221714,0.12234042553191488
2026-03-23,5.0,3.0,0,3.8460904019885453,4.657268121078662,4.605934750903172,4.554508433539011,4.594818677884175,0.11649652734051477,0.11880738490124215,0.10317389339417779,0.09615384615384616
2026-03-24,5.0,5.0,0,3.8351269143433515,3.505740856687197,4.759183963453733,4.857045775909156,4.5905549609868945,0.1161053804857862,0.11513066268007409,0.10209525991447167,0.09615384615384616
2026-03-25,5.0,4.0,0,3.7579680999766243,4.08342168733604,4.969761731773219,4.87480699972855,5.020281984815831,0.158538425754616,0.15075054974411964,0.11185202420578347,0.12234042553191488
2026-03-26,5.0,3.0,0,3.867170734580909,3.5522238464800817,4.521944069197733,4.415491618681318,4.498107334589828,0.10778219581075422,0.11394915677157182,0.10174446296271161,0.09615384615384616
2026-03-27,5.0,2.0,0,3.5276879657244455,3.3112148420343415,4.122155910530498,4.134003405750849,4.10697940430003,0.07607395533153798,0.04114694724114013,0.07316442291784152,0.06685236768802229
2026-03-28,5.0,3.0,0,3.860631415558792,3.2621974881160667,4.062417633438985,4.017957035316179,4.126945610358911,0.07754998217789662,0.05375916172872377,0.07967627698701901,0.06685236768802229
2026-03-29,5.0,2.0,0,3.944090030932864,3.7668326587434477,4.310750714214819,4.314982395279688,4.457253092560303,0.10420166616297633,0.12197893976524808,0.10408916226569907,0.09615384615384616
2026-03-30,5.0,1.0,0,3.8643872214952064,4.394736802739204,3.7105301290363264,3.7475470690700527,3.7987645831494548,0.0553060983623936,0.20209488943542528,0.12400723811421664,0.12234042553191488
2026-03-31,5.0,2.0,0,3.5296524300629386,3.8786447743476873,3.929417364823989,3.9761081519721424,3.9273582716156064,0.06350751045309073,0.2680338612311224,0.1377926548229504,0.1487603305785124
2026-04-01,5.0,3.0,0,3.4538003321503954,4.073276432480719,4.346784911710859,4.406201408255986,4.303946630621486,0.09131504894790937,0.11396971155098129,0.10175058364721772,0.09615384615384616
2026-04-02,5.0,6.0,0,2.7199869143041,2.507899615437,4.553866716503084,4.561735717152709,4.561046101500139,0.11341574522239908,0.14061902775340454,0.10921828724616277,0.12234042553191488
2026-04-03,5.0,2.0,0,3.1712908971992455,3.1577234163184045,5.141918469983868,5.016078236256822,5.368924360338382,0.1968877220068265,0.21495065976604963,0.12681859034651427,0.1487603305785124
2026-04-04,5.0,2.0,0,3.360468468441868,3.714284790424662,4.380419916739532,4.4449420112686155,4.309854472321596,0.09179530029326288,0.14263929218402757,0.10975131537784939,0.12234042553191488
2026-04-05,5.0,5.0,0,3.2537252708954973,3.2020097474752904,4.000181260034932,4.078201801584409,3.9521482593838626,0.06516510662732282,0.059476365965663296,0.08229908245013538,0.06685236768802229
2026-04-06,5.0,4.0,0,3.5266988729464166,3.306370351688177,4.50087655902841,4.513363937053146,4.527030544375148,0.11035350512963403,0.16855642901930867,0.11626737645280256,0.12234042553191488
2026-04-07,5.0,2.0,0,4.16219283347873,3.7351309285315764,4.497911320714661,4.521379038385729,4.470484415389392,0.10535464249182745,0.1934295014072244,0.12206823576281726,0.12234042553191488
2026-04-08,5.0,8.0,1,3.384814696000595,3.333007609755268,4.180838756242129,4.198683602059771,4.107448288058085,0.07610843786972368,0.2286814203744538,0.12974560005348892,0.1487603305785124
2026-04-09,5.0,3.0,0,3.215220667244717,2.9971910194974805,3.8885504684151355,3.8683919689871034,3.9704047166735217,0.06640160846926121,0.24236570628151172,0.1325955993244015,0.1487603305785124
2026-04-10,5.0,3.0,0,2.823341569319335,2.861591557638638,3.4792605924288234,3.5496712300073794,3.524725800994202,0.040049268478943766,0.20140730064404178,0.12385474091145068,0.12234042553191488
2026-04-11,5.0,3.0,0,2.5702524459298797,2.3696614154734905,3.5868792661656643,3.648150055051717,3.5829411209751774,0.043038826860859636,0.18412029021267887,0.11994084722683475,0.12234042553191488
2026-04-12,5.0,5.0,0,2.63619935787328,2.5134443123187276,3.8396492882489865,3.8644327287763223,3.884750135366138,0.06071623616407226,0.06839421026633154,0.08608393368618243,0.06685236768802229
2026-04-13,5.0,7.0,0,3.429788143124981,3.7405726741812706,3.910461992272704,3.959817614210964,3.8752195404434535,0.060101888095879574,0.08662100747757918,0.09294519044837403,0.09615384615384616
2026-04-14,5.0,3.0,0,3.512437299246423,3.998195113510619,3.9493473761074425,4.000490473308188,3.9562857052834564,0.0654441623051094,0.10572434941667144,0.09924193358594512,0.09615384615384616
2026-04-15,5.0,8.0,1,3.741062154499927,4.3754650915716065,4.203104794427904,4.15988675189503,4.346593576444406,0.09481153369127912,0.12925080465578545,0.10613839991193601,0.1111111111111111
2026-04-16,5.0,3.0,0,3.572444596986993,3.590756492851945,3.930202468792017,3.965441973482094,3.8934012949366625,0.061277063732088466,0.13967887499872866,0.10896883547459658,0.12234042553191488
