date,fold,actual_count,actual_critical,count__gradient_boosting_absolute,count__hist_gradient_boosting_poisson,count__poisson_regressor,count__tweedie_regressor,count__negative_binomial,risk__negative_binomial,class__rf_raw,class__rf_sigmoid,class__rf_isotonic
2022-10-24,1.0,2.0,0,2.7834091456850287,1.8848212595425105,2.89619682763561,2.98709949975491,3.004032365767706,0.08455883290873104,0.2596391510174877,0.13389232107309199,0.1144578313253012
2022-10-25,1.0,2.0,0,3.535544203220639,1.8241311176131814,2.979398213106648,2.963210743177698,3.0686576641318473,0.09123864171604433,0.09989142878337373,0.11145282269908938,0.1144578313253012
2022-10-26,1.0,2.0,0,4.347318046802667,4.941527734654072,3.9963708357503704,3.9571317607669387,3.982381733174,0.21236499208753742,0.24087848911009313,0.13179919249343192,0.1144578313253012
2022-10-27,1.0,2.0,0,3.7726030199388556,4.208002265311321,3.489267015554729,3.5001928365656476,3.3981974410325386,0.12949489604875225,0.14204498643333785,0.11885489436251923,0.1144578313253012
2022-10-28,1.0,5.0,0,5.171637408385936,4.731488175919177,4.5676786603558375,4.433941242980913,4.597858623545597,0.3139937693228929,0.26966467730852267,0.13498137201513138,0.1144578313253012
2022-10-29,1.0,2.0,0,4.4361175872334835,4.041346886173739,4.364458427483149,4.282077629542161,4.129492431217668,0.2356447017485328,0.4964435731803058,0.15720031821858185,0.3076923076923077
2022-10-30,1.0,1.0,0,3.2639187037972333,2.9500882105833024,4.623078212850453,4.470772890588309,4.955417508954479,0.3762318064417528,0.34308666202265203,0.14250681344702984,0.1144578313253012
2022-10-31,1.0,3.0,0,5.344403052773813,6.877623548853792,10.112073615914884,8.967616491416702,12.195026371851998,0.9816206261616567,0.5020110608158159,0.15773705171778882,0.3076923076923077
2022-11-01,1.0,3.0,0,3.617278171822799,2.867591229200582,7.316438573056582,7.052502160510926,7.391973361149365,0.745763091971154,0.3161470836634989,0.13982075100722996,0.1144578313253012
2022-11-02,1.0,3.0,0,3.835604784590436,3.3741926024473727,4.643506522837387,4.569521667241263,4.376325291904598,0.2762771217506311,0.39503132847308053,0.14753725292281444,0.1144578313253012
2022-11-03,1.0,5.0,0,3.4503128862896015,2.0519111350392216,2.6666046416749998,2.7195093881505246,2.651705885077761,0.053115678223258835,0.15995870628551467,0.12154180791476249,0.1144578313253012
2022-11-04,1.0,4.0,0,3.0231334057886055,1.765141949622259,2.7544564909552514,2.7303018476222918,2.787398569569859,0.06422222965592228,0.0714552656734384,0.10503470874285505,0.0
2022-11-05,1.0,2.0,0,3.6259132654781645,3.6207004715392435,3.2019354454721016,3.1708040121509935,3.395756829341889,0.12918684640328926,0.055293514840454305,0.10045233763903388,0.0
2022-11-06,1.0,0.0,0,3.6129320376196734,4.144404558783044,4.050972965579626,4.004357730672886,4.255080233366096,0.25609997899005227,0.14043553588542773,0.11860267930982063,0.1144578313253012
2022-11-07,1.0,3.0,0,4.2742999851026715,4.881980363970341,4.21350697735861,4.11188916267369,4.546423668484771,0.3051559541073728,0.17575199447356263,0.12375329428159038,0.1144578313253012
2022-11-08,1.0,3.0,0,5.143454507798828,5.730533775141204,4.529893292190594,4.464207861003606,4.518935374181998,0.300450774972916,0.29928397455113764,0.1380998784412429,0.1144578313253012
2022-11-09,1.0,5.0,0,6.532755569396303,5.069402142240619,4.504307270624448,4.3142759760388705,4.716360972556971,0.334496463738572,0.5587244159165354,0.1633165705343642,0.3076923076923077
2022-11-10,1.0,4.0,0,4.616823003423263,5.2316344522519564,3.634571150576873,3.668256593589225,3.719710583461969,0.1730014323915207,0.23950983314721325,0.13164338108768384,0.1144578313253012
2022-11-11,1.0,1.0,0,6.51299157718437,6.178139987908203,5.321260944013311,5.2067809167162675,5.326042084182911,0.4409369507607086,0.5452963550298381,0.16197310174718993,0.3076923076923077
2022-11-12,1.0,2.0,0,4.311420925082591,2.952152208353526,4.116166813328668,4.057842184937844,3.929239990561617,0.20415908319038162,0.21817785437964,0.12915204782905826,0.1144578313253012
2022-11-13,1.0,1.0,0,4.274887520840289,3.484164554732575,4.023667037216203,3.9811551843241686,3.911244113457239,0.20140654141539163,0.20299165045563658,0.12729642122994514,0.1144578313253012
2022-11-16,1.0,6.0,1,4.63236426936077,4.159692714425532,4.276285836437366,4.135249016601937,3.9110411070366506,0.2013755683519531,0.21972621300246048,0.12933714886745143,0.1144578313253012
2022-11-17,1.0,3.0,0,5.136417398721494,4.068320708587616,4.722708612466509,4.589608214694847,4.4212024689457605,0.28383768345522337,0.36627993660534414,0.14477167195631144,0.1144578313253012
2022-11-18,1.0,7.0,1,4.448257124812353,2.517385232599447,4.338173755497507,4.19139664934079,4.102178804169462,0.2312635409125433,0.3548029330618108,0.14365554815326625,0.1144578313253012
2022-11-19,1.0,4.0,0,5.7353521328285195,5.616075312862479,4.753868354621451,4.687641827971478,4.304025840784815,0.26419872942835815,0.5987452836593394,0.16743480770202804,0.3076923076923077
2022-11-20,1.0,4.0,0,5.723984960903661,4.255631037516946,5.363093907100396,5.083500867979885,4.994044420487801,0.382996129574654,0.6025146855618952,0.1678331190767008,0.3076923076923077
2022-11-21,1.0,9.0,1,5.1030114252806635,5.1683929444122105,6.062453338069491,5.651042457772404,6.093980556441135,0.5688892787709258,0.5598705119071063,0.16343202260992265,0.3076923076923077
2022-11-22,1.0,6.0,1,4.951792640649677,4.57325689968486,5.304575919100746,5.0730609942473635,5.164311577876667,0.4127877398860947,0.49663315909305383,0.15721857142646148,0.3076923076923077
2022-11-23,1.0,4.0,0,5.180660764836125,4.164980362102761,5.51859688308578,5.273927954779788,5.249103289071441,0.42757272175680805,0.4830114568760998,0.15591090830623106,0.2
2022-11-24,1.0,9.0,1,5.216966633138878,4.863128672622808,5.207082073179179,5.066880941460119,4.682874529467548,0.3286853939999719,0.4423817877022595,0.15204150470064756,0.1144578313253012
2022-11-25,1.0,2.0,0,3.571106452287682,2.7591314528446036,5.271866368672866,5.24759823257755,4.87979659118342,0.36299722258058076,0.2109509547061539,0.12827835408111934,0.1144578313253012
2022-11-26,1.0,1.0,0,3.804083620551744,4.202877341758347,4.321832449786976,4.3562554101526665,4.128258675069886,0.23544625682059173,0.13338971404853617,0.11747485424154386,0.1144578313253012
2022-11-27,1.0,6.0,1,4.468318397707888,4.11913995309781,3.5143394229089537,3.5770784030498066,3.350710684195664,0.12356507077438361,0.10697863580042866,0.11283558249680888,0.1144578313253012
2022-11-28,1.0,2.0,0,3.5465915637403658,3.5220741317750894,2.6334079967909845,2.752221408106192,2.6977455698479793,0.05674291598918119,0.12263391555691774,0.11567133416248337,0.1144578313253012
2022-11-29,1.0,1.0,0,4.414986410042736,3.229740110445618,3.652653666035252,3.6918065675473564,3.9081165540840375,0.20092955723231143,0.11060081881715668,0.1135167962690398,0.1144578313253012
2022-11-30,1.0,4.0,0,4.861000338034208,4.798584897030451,4.154319563864257,4.229407948629267,4.434739655376876,0.28612715620594836,0.4986912423920385,0.15741682840705548,0.3076923076923077
2022-12-01,1.0,2.0,0,3.554718789700799,2.8084620207192748,4.136179998607605,4.160342952665346,4.375837543039742,0.27619520544936976,0.2547454262866636,0.13335360878625832,0.1144578313253012
2022-12-02,1.0,4.0,0,4.158089173211518,4.065665413116936,4.090779171983201,4.132523070531583,4.196409698966452,0.2464828832930229,0.2700584872529376,0.1350237705996331,0.1144578313253012
2022-12-03,1.0,5.0,0,4.21770138583943,3.671292860727229,4.174739106407462,4.230397771340508,4.388241581865392,0.2782801773260702,0.304112673124665,0.13859621886819198,0.1144578313253012
2022-12-04,1.0,3.0,0,4.276604926107638,3.8571586108349587,4.265180571506901,4.311255728208777,4.579463172918204,0.31082816969840704,0.25321571033242757,0.1331842029487648,0.1144578313253012
2022-12-05,1.0,4.0,0,3.609432811576352,2.627049969778533,4.096865989754767,4.161643500810859,4.2623270883397195,0.25729486396743173,0.2682646998741209,0.13483042086038974,0.1144578313253012
2022-12-06,1.0,4.0,0,4.186868467289014,3.81100141099707,3.8741722705226933,4.00213624288704,3.931847665424071,0.20455905871855573,0.18147447321922855,0.12452375142701287,0.1144578313253012
2022-12-07,1.0,1.0,0,3.9430969344221176,4.064159625872214,3.6064371676324827,3.6091893330208187,3.872423571199494,0.19551564170945623,0.15020912010056464,0.12010564004394006,0.1144578313253012
2022-12-08,1.0,4.0,0,4.27960444024356,3.959010466528441,4.60157152357804,4.587746095998435,5.01660770221937,0.38694757960822024,0.258785872071259,0.1337987385026059,0.1144578313253012
2022-12-09,1.0,2.0,0,4.339129468143019,3.7006861025718134,4.090806740589947,4.066210579347592,4.245728493826713,0.2545602577522983,0.2145331762619854,0.12871346768892897,0.1144578313253012
2022-12-10,1.0,2.0,0,3.737840570119086,3.627158038754787,4.455862478752103,4.436794004074643,4.645891484073491,0.3222826694750121,0.36210045888210546,0.14436617845120878,0.1144578313253012
2022-12-11,1.0,5.0,0,6.142445572171583,6.075450746726477,5.5146078772340585,5.351184399609069,5.950078945160247,0.5459161724208952,0.6471258614202807,0.17272141415203512,0.3076923076923077
2022-12-12,1.0,2.0,0,6.042207244049559,6.33385087754205,5.616024416654852,5.4045423499744905,5.871492224219029,0.533141314161551,0.7630322136204707,0.1878261103146494,1.0
2022-12-13,1.0,3.0,0,5.0344295078842185,4.452627432499112,5.140894417352997,5.0065351201308825,5.369639514862896,0.4484825734523736,0.41396717898859914,0.14934260663306007,0.1144578313253012
2022-12-14,1.0,4.0,0,4.6985378852877115,3.79256736066649,4.563654422048942,4.587935107248292,4.528678235001281,0.3021169497696304,0.3902646328901693,0.1470811604758151,0.1144578313253012
2022-12-15,1.0,4.0,0,4.991723581089179,4.736212982699872,5.28870426243983,5.136731178735291,5.668190083308313,0.49942222206912973,0.5145164720781583,0.15894844447175505,0.3076923076923077
2022-12-16,1.0,6.0,1,5.292043250546028,4.180587168912902,5.199905338595195,5.0572124941018854,5.607265135635261,0.48914896235754013,0.6190056790833459,0.16960064994092158,0.3076923076923077
2022-12-17,1.0,5.0,0,5.1232896860749255,6.525505980652858,5.877951202105609,5.710461733263256,6.536535091767057,0.6356902753195615,0.5757603108984474,0.16504672412889249,0.3076923076923077
2022-12-18,1.0,4.0,0,3.1665095930360727,2.636161076974213,4.471230854005003,4.511909142167484,4.686656439517577,0.3293410651176313,0.27503222866288923,0.13555690702939255,0.1144578313253012
2022-12-19,1.0,1.0,0,4.746242942631098,4.632941275856724,3.982980821613716,4.0733658127927646,4.194804867464507,0.2462212861123526,0.23919919775780885,0.13160795455445132,0.1144578313253012
2022-12-20,1.0,6.0,1,3.6790993644301144,2.8114264130753885,4.50482093181213,4.532622336131305,4.77416944110974,0.34455455688964726,0.16052989348914204,0.1216241592905247,0.1144578313253012
2022-12-21,1.0,6.0,1,4.081911331468783,3.1276005855670443,3.912887882669204,3.9501397393477897,4.048838979678816,0.22278325686693382,0.1623429625803945,0.12188431580739988,0.1144578313253012
2022-12-22,1.0,8.0,1,5.084156771216265,5.225939468345195,4.523997526692717,4.650185897282459,4.541087078014852,0.30424146329274077,0.32831142164843086,0.14104220199208006,0.1144578313253012
2022-12-23,1.0,4.0,0,5.803324324712727,4.683878083653192,5.511611858993444,5.285510884955094,6.044239881189424,0.5610121808234512,0.6367482580475056,0.1715525784191351,0.3076923076923077
2022-12-24,1.0,0.0,0,5.256442987799138,5.21902879047513,7.828980518838538,7.717951844682335,7.82640853993023,0.7915077129770581,0.6156835728550774,0.16924116392458924,0.3076923076923077
2022-12-25,1.0,6.0,1,6.368099502015183,6.292321620604624,6.1446676690859645,6.150806452587163,6.003874933364453,0.5545698013236137,0.5919285260126032,0.16671948043682622,0.3076923076923077
2022-12-26,1.0,1.0,0,4.391332784003307,2.9344492830646294,4.760321721434731,4.694364859368882,5.15906575701737,0.41187149561414704,0.32543315087667485,0.140754553162717,0.1144578313253012
2022-12-27,1.0,5.0,0,5.016026444639444,4.608641757525813,4.874009505243591,4.8346400208540565,4.9108256093181994,0.36842569433101596,0.2966276774368388,0.137825528948908,0.1144578313253012
2022-12-28,1.0,5.0,0,5.38343246442162,5.31192700364258,5.072756661552857,4.873891917142003,5.793285892422798,0.520279414641538,0.5485649752019424,0.16229862028094577,0.3076923076923077
2022-12-29,1.0,1.0,0,3.903620712972201,3.0514458355554495,4.870381078102726,4.818515038104064,5.380467106218816,0.45035312210795664,0.3687222529123453,0.14500815435989703,0.1144578313253012
2022-12-30,1.0,4.0,0,4.048950197110706,4.5752667605453015,4.229396932099417,4.318516030462333,4.460371731442563,0.2904728207907776,0.41983510192438644,0.1499005304145882,0.1144578313253012
2022-12-31,1.0,4.0,0,4.372996459944762,3.713203884860839,4.303305881653132,4.238690460141063,4.735501414225182,0.33782326801246937,0.14171977746714182,0.11880408712312364,0.1144578313253012
2023-01-01,1.0,7.0,1,3.763896927776549,3.394745271939298,4.43318612158834,4.320390265889169,4.992047231281139,0.3826463628480753,0.2206414430238728,0.12944622664843258,0.1144578313253012
2023-01-02,1.0,1.0,0,5.4402556119126775,5.016897879611006,4.91849291157302,4.880909515158889,5.037636130266919,0.39062991655073903,0.6073390960239662,0.1683459084656834,0.3076923076923077
2023-01-03,1.0,10.0,1,4.873013632420932,5.580415630435474,5.095037116062548,4.983524674779256,5.440666046030604,0.46072565949512156,0.5845878245082844,0.16595601735535928,0.3076923076923077
2023-01-04,1.0,10.0,1,3.704933619196223,3.0814745011413476,5.143421687856006,5.08731909360524,5.489553582977275,0.4691121617218681,0.22200759124204475,0.1296085883695046,0.1144578313253012
2023-01-05,1.0,3.0,0,4.314197439783047,4.155976822832591,5.139278319373411,5.133481240490129,5.298627833193934,0.4361816619002781,0.23870979540605558,0.13155209285704164,0.1144578313253012
2023-01-06,1.0,3.0,0,4.196354346305092,3.9353412253092985,3.5881159894827634,3.6598255199063283,3.590522911369673,0.15484662393692702,0.15949062817908818,0.12147418067378715,0.1144578313253012
2023-01-07,1.0,2.0,0,4.011638259373508,3.567738209302048,3.7859111704385224,3.8694752713250264,3.8637366733846656,0.1942063693148017,0.1552219354173963,0.12085142120747164,0.1144578313253012
2023-01-08,1.0,2.0,0,4.057889009067321,3.881881588319938,3.3929383756436358,3.4707087213183523,3.625324243268735,0.1596522182616014,0.10138588934000767,0.11175021128410817,0.1144578313253012
2023-01-09,1.0,6.0,1,3.4070835251629017,3.695956626172857,4.19737931107269,4.31860201779187,4.16320913345646,0.24108749228720922,0.17382719501776617,0.12349066090182449,0.1144578313253012
2023-01-10,1.0,7.0,1,5.660299663491282,5.763174419445587,4.654633381546472,4.823690730985104,4.48876742131469,0.295302604643075,0.6574702171479782,0.1739085572969294,0.3076923076923077
2023-01-11,1.0,6.0,1,5.512637319313608,4.91779367196086,5.016010753416316,4.972254390645932,5.6739847853047225,0.5003955814229959,0.6549719567585417,0.1736197368898351,0.3076923076923077
2023-01-12,1.0,3.0,0,4.992795153388022,4.959151084267384,4.982407560420443,4.958809028819899,5.380073930183557,0.4502852229577189,0.5849711758751212,0.16599571856200296,0.3076923076923077
2023-01-13,1.0,5.0,0,4.539684472275033,4.514541018182183,4.413992908531345,4.42994344194754,4.716824999324029,0.33457707288867505,0.44729563037244363,0.15250809970770288,0.1144578313253012
2023-01-14,1.0,3.0,0,5.357137636814022,5.3750773048272285,4.684551014677986,4.770060912961734,4.884508826520883,0.3638213889143466,0.5551666179687612,0.16295898842818904,0.3076923076923077
2023-01-15,1.0,5.0,0,3.592108411994985,3.123266304371968,4.3091981298947095,4.347439912032764,4.658323544955051,0.324433095802786,0.31291365365269036,0.13949340734357701,0.1144578313253012
2023-01-16,1.0,8.0,1,3.35298634325877,3.0472208274497765,4.150753450740343,4.249863434835629,4.494021311234702,0.29619795648814057,0.29841085123147587,0.13800980451958117,0.1144578313253012
2023-01-17,1.0,10.0,1,3.5605930948876954,3.396861967004726,3.790634474108368,3.826192494335058,4.306536036767031,0.2646158385889441,0.2368742357880508,0.13134205354677067,0.1144578313253012
2023-01-18,1.0,7.0,1,3.777254498948174,4.130956517194923,3.305040347085419,3.4138791519301175,3.604969496072042,0.1568337015026624,0.13228340387870058,0.11729409658968364,0.1144578313253012
2023-01-19,1.0,9.0,1,4.192873423321936,4.62749913832975,3.0128513966510115,3.1974680328309457,3.239426896852419,0.11020777644187954,0.13110876237711838,0.11710103348574002,0.1144578313253012
2023-01-20,1.0,2.0,0,3.9814696678213797,3.600761854549179,4.379686123081257,4.2740727894117665,5.016553890979657,0.3869381560557028,0.12831196168709436,0.1166365022106496,0.1144578313253012
2023-01-21,1.0,7.0,1,4.331519183746749,4.524175950311681,4.521289944041236,4.533251336363418,4.947980136393035,0.3749295606700169,0.48519711604607635,0.1561202417648029,0.2
2023-01-22,1.0,3.0,0,3.725177709636131,3.4094547140661122,5.240366944341459,5.162660510150415,5.790816572337444,0.5198709964653316,0.22686579972181936,0.1301816434182237,0.1144578313253012
2023-01-23,1.0,6.0,1,3.6788801210795707,3.1780142936996683,4.215681726708154,4.313559793914281,4.487438885384565,0.2950762833602241,0.22486441430312953,0.1299463739564785,0.1144578313253012
2023-01-24,1.0,4.0,0,5.307078239188379,5.311467685973459,4.405057279112641,4.503082349043182,4.466119767181457,0.2914492019053793,0.6007390608462299,0.1676452382630972,0.3076923076923077
2023-01-25,1.0,4.0,0,4.978709871240324,4.246054322427957,5.005463574972383,4.965159781443771,5.278766385709394,0.43273181317778464,0.5169189611708624,0.1591821900236478,0.3076923076923077
2023-01-26,1.0,2.0,0,5.105765525415579,5.691377269934389,5.045802417704112,4.965554729135656,5.4486994894753815,0.4621061539473494,0.5037169808973924,0.15790181219149418,0.3076923076923077
2023-01-27,1.0,3.0,0,5.525340546285185,5.857419511575156,5.126422700510878,5.002908039604147,5.6132631004228335,0.49016346540314776,0.614314531235382,0.16909353724056916,0.3076923076923077
2023-01-28,1.0,4.0,0,5.50026523382711,5.525674934621368,5.867879381792114,5.67608283189249,6.386793457257311,0.6137813155821933,0.47210453062583796,0.15486862217056319,0.2
2023-01-29,1.0,4.0,0,6.268342440424603,6.734903701683989,5.2851418294796195,5.14665727881665,5.643967599417608,0.49534631055719935,0.6969635224314865,0.17867872036920993,0.5
2023-01-30,1.0,4.0,0,5.652039374605639,4.531680350716109,5.725009100920643,5.536775350198195,6.057380068429734,0.5630997949329406,0.6463193976825266,0.17262981067444427,0.3076923076923077
2023-01-31,1.0,8.0,1,3.355657457311701,2.5412771380346184,4.465870955602031,4.395544245115209,4.862286198233599,0.35993550751452413,0.22564470005494544,0.1300382317799291,0.1144578313253012
2023-02-01,1.0,3.0,0,4.695027809640349,4.9227684951673565,4.6750280899731145,4.669473714327381,4.86387058537984,0.3602124820837449,0.33193631703978516,0.14140333433691002,0.1144578313253012
2023-02-02,1.0,12.0,1,5.573895538941496,5.787035204233284,6.3802704406291975,6.102300686471602,7.072173464256418,0.7077082303978007,0.6831680502078585,0.17696542103715793,0.5
2023-02-03,1.0,17.0,1,3.5068187541114044,3.165136855521344,7.5818081418951415,7.264972632670482,8.965418440714616,0.8813478741650951,0.3649401123074233,0.14464179514799017,0.1144578313253012
2023-02-04,1.0,13.0,1,3.5075995765074857,3.6004200307898078,3.791021989213919,3.771464024096569,4.129264968812436,0.23560811143939409,0.27246171237634687,0.13528191138266996,0.1144578313253012
2023-02-05,1.0,8.0,1,4.127356807103619,4.094863095944633,3.6120485125644923,3.65268363835803,3.9491887226882234,0.20722603401249515,0.19360556935252135,0.1261095106125214,0.1144578313253012
2023-02-06,1.0,11.0,1,3.468392859548414,2.472189039737833,4.178880695787428,4.231005408148729,4.442962142390929,0.2875197002109214,0.16202175064209423,0.12183836197275921,0.1144578313253012
2023-02-07,1.0,9.0,1,4.329556876898105,4.364038455703302,5.452030197187992,5.3808633209272045,5.854198035447531,0.5303095448241353,0.4209264725975001,0.15000424444071914,0.1144578313253012
2023-02-08,1.0,5.0,0,4.288433787532378,4.640581477207621,4.43039186594359,4.3904705985886245,4.827819587327095,0.3539134600375308,0.24771060003009698,0.13257040207719162,0.1144578313253012
2023-02-09,1.0,9.0,1,4.7974615502870614,5.115883832213914,4.541804924306533,4.507306407202743,4.843573553067742,0.3566652083134418,0.2573276809960834,0.13363847515802002,0.1144578313253012
2023-02-10,1.0,5.0,0,5.333379865975412,5.836024367808881,4.645940681134405,4.696242224592053,4.692794455179308,0.33040556179528013,0.5216633929545476,0.15964484343455893,0.3076923076923077
2023-02-11,1.0,6.0,1,3.5539321375883053,2.6954292304702885,4.538999704753235,4.611508507875063,4.612547572800949,0.31652515879220966,0.26733476392755606,0.13472995468408372,0.1144578313253012
2023-02-12,1.0,4.0,0,3.9801686036678987,4.291467786110799,4.351640515407055,4.331037192719261,4.659547767350744,0.3246449605682413,0.18373037542965043,0.12482337999662649,0.1144578313253012
2023-02-13,1.0,3.0,0,4.5712098763358355,5.2553465813528115,4.297565123954349,4.375120908837409,4.389663893380332,0.27851948103733004,0.5125566519947725,0.15875802252009766,0.3076923076923077
2023-02-14,1.0,5.0,0,5.627727504096079,5.853877330115147,5.291223763313061,5.242126172921362,5.569406565515658,0.4827304834241139,0.6831785217663473,0.17696670106793405,0.5
2023-02-15,1.0,4.0,0,5.518144718706265,5.528391102417493,6.049825291552918,5.803608138854274,6.6565648564660975,0.6527074411208476,0.7031307725814773,0.17946306501688775,0.8624044696578945
2023-02-16,1.0,7.0,1,5.019063010591451,4.803864250752764,4.507594593826193,4.526867615257324,4.654363936233904,0.3237479720053188,0.6842941193243562,0.17710324247721546,0.5
2023-02-17,1.0,7.0,1,3.364489284251278,2.31987976048861,5.90364227936183,6.056046776567121,6.091221296133596,0.5684541285878599,0.3508192659277759,0.14326610186687466,0.1144578313253012
2023-02-18,1.0,3.0,0,3.437475043017584,3.2435720310316913,4.602909651151643,4.865888086972874,4.9651921227515325,0.37794340951664945,0.31379542382881387,0.13958279252876774,0.1144578313253012
2023-02-19,1.0,5.0,0,3.0789600220908584,2.9340679049965543,4.607958328624424,4.626203913519171,5.019802195046896,0.38750700291935986,0.22614356820597692,0.1300968711267436,0.1144578313253012
2023-02-20,1.0,9.0,1,3.557658095761976,3.650513931529136,4.431460199793743,4.492311330607135,4.796819385832443,0.3485031850702345,0.25226619627969366,0.13307880235531394,0.1144578313253012
2023-02-21,1.0,9.0,1,4.079193442819465,4.042807555133907,4.658255512417429,4.66070953228593,5.254121296448638,0.42844600715707526,0.3966818317316077,0.14769500023876825,0.1144578313253012
2023-02-22,1.0,8.0,1,3.38822734592317,3.1210453230418334,4.593085252464831,4.691959178327145,4.76094172865232,0.34225042155453944,0.2812372678649554,0.13621615281738222,0.1144578313253012
2023-02-23,1.0,13.0,1,4.339911817029217,5.031864643416581,5.044593402165002,4.950164000964999,5.781223528595207,0.5182830299981214,0.6159575447473957,0.16927074288722121,0.3076923076923077
2023-02-24,1.0,6.0,1,4.9093666885440435,5.70534452824106,4.979787229979503,4.9333124854257155,5.267390416598409,0.4307541927729527,0.4625522455389314,0.1539584252216554,0.2
2023-02-25,1.0,4.0,0,4.988531300955271,4.372426285650899,4.4481926965409535,4.560822871022309,4.514759988874976,0.2997372426057632,0.6196986286497757,0.1696758617169279,0.3076923076923077
2023-02-26,1.0,6.0,1,4.034290849199833,3.7020334313680485,5.3124505330314316,5.2028284850558615,6.083055533868125,0.5671650852476187,0.30717124310476995,0.1389090772245604,0.1144578313253012
2023-02-27,1.0,7.0,1,4.32193093376266,3.940293020552704,5.1264469226944,5.10751596527902,5.560679303800027,0.4812472861070846,0.4792372774606235,0.1555498209150271,0.2
2023-02-28,1.0,4.0,0,4.90507109952042,4.710228034618919,4.827406619339246,4.824411746652932,5.236440287236995,0.42536804852059074,0.5772490010758147,0.16519942357080586,0.3076923076923077
2023-03-01,1.0,2.0,0,5.515489367810196,5.847000587955208,5.441179462931353,5.453701467109348,5.553875159011987,0.4800900125876987,0.6514067968883449,0.1732099311011987,0.3076923076923077
2023-03-02,1.0,6.0,1,5.516765228320613,4.593754741570636,5.447906564396347,5.336950729864889,5.966495011054339,0.548564911201081,0.5960857112510961,0.1671549692690057,0.3076923076923077
2023-03-03,1.0,7.0,1,4.595481371670533,5.125881618816355,5.867290859873311,5.841691884153595,6.232559334028015,0.5904599800367617,0.3881247056894378,0.1468761395160457,0.1144578313253012
2023-03-04,1.0,3.0,0,4.104043750457185,3.4732495115060056,4.748002745309662,4.850496503790656,4.915122916466938,0.36917775515783485,0.42995889522253306,0.1508621455857992,0.1144578313253012
2023-03-05,1.0,2.0,0,4.652653438333411,5.303853166579378,4.658637865589253,4.699336504091849,5.04553819525759,0.3920135184032063,0.5821614045365741,0.16570514861812202,0.3076923076923077
2023-03-06,1.0,4.0,0,3.3271542094373032,3.3276784292163266,3.577921451568657,3.648840474650258,3.795455606583507,0.184032792125516,0.22402327196986951,0.12984716015661044,0.1144578313253012
2023-03-07,1.0,4.0,0,4.123720294917792,4.47192402687,3.415336077789488,3.414856907352927,3.754372136325311,0.17801533971097405,0.17908857468965653,0.12420436712690888,0.1144578313253012
2023-03-08,1.0,5.0,0,4.426082822928507,4.3023659361550175,4.317590948982299,4.313632123772138,4.77465759930619,0.3446396167488839,0.18269743738743988,0.12468646538085537,0.1144578313253012
2023-03-09,1.0,1.0,0,3.8345841085886345,3.9635973114013896,2.86847965011776,2.99476890044416,3.0531634939399916,0.08961180706661324,0.25331487147288545,0.13319519929078852,0.1144578313253012
2023-03-10,1.0,2.0,0,4.31315905778283,3.5402837435621377,3.2399240853459204,3.296099126150362,3.3335848799916437,0.12145985106762117,0.11292358505571938,0.11394523948206789,0.1144578313253012
2023-03-11,1.0,2.0,0,4.391502967995202,4.708767182729979,4.158836931189364,4.12435705564119,4.426022571346216,0.2846524266285526,0.1647244657864361,0.12222321831949187,0.1144578313253012
2023-03-12,1.0,5.0,0,3.508197670697605,2.646408564366497,3.2174498844213253,3.3923475637420175,3.275427602269718,0.11444488667644427,0.2307214086387722,0.13063179253332635,0.1144578313253012
2023-03-13,1.0,5.0,0,3.431522747551093,2.8660067800168543,4.286256232361197,4.3885319239883485,4.328900080188538,0.2683392907434131,0.1672782143055693,0.12258317474187158,0.1144578313253012
2023-03-14,1.0,2.0,0,3.896077002574866,2.976132497682185,3.818295757018812,3.936917572732661,3.959445289159814,0.20880923046389518,0.2727510758850478,0.1353129247246222,0.1144578313253012
2023-03-15,1.0,6.0,1,4.22223615672611,4.0760006660972055,4.509195042233296,4.591870805080314,4.669760711590118,0.32641314099852803,0.19653637438516786,0.12648366665476649,0.1144578313253012
2023-03-16,1.0,7.0,1,3.058006574649387,2.5698619300633703,3.749924649219414,3.7585492442666095,3.9559793385201227,0.20827375149681232,0.14311407661100606,0.11902136841252729,0.1144578313253012
2023-03-17,1.0,2.0,0,3.4247794619769842,1.8839453880376524,3.4267962747312963,3.5152786724878164,3.5775808230071484,0.1530759793468781,0.17012117353648892,0.12297981922412217,0.1144578313253012
2023-03-18,1.0,4.0,0,3.689761390245356,3.2317400729947297,4.288270233360209,4.310859590518259,4.442823904850905,0.28749627675700967,0.16081294690143866,0.12166489870315217,0.1144578313253012
2023-03-19,1.0,3.0,0,3.6467820597593152,3.323397443879147,4.429657661002704,4.416330756878396,4.478202519922915,0.29350377720629856,0.200138321893356,0.12693905081384138,0.1144578313253012
2023-03-20,1.0,1.0,0,3.9027246215309024,3.4943500593700603,3.9068313599894795,4.0836509565524395,4.000559651243709,0.21519783445708587,0.3113306160005073,0.1393327101707118,0.1144578313253012
2023-03-21,1.0,1.0,0,3.6409462324127024,3.335320935527689,4.400764547911957,4.443836517181232,4.457000810206451,0.28990053668341975,0.24818013420129761,0.13262301225217296,0.1144578313253012
2023-03-22,1.0,2.0,0,3.591377805426505,3.5414015395510323,4.189161038575683,4.2562925258358115,4.236069901194088,0.2529726776632501,0.19650987204445192,0.12648029803685643,0.1144578313253012
2023-03-23,1.0,5.0,0,4.114815638149348,4.004600372966226,4.285767957701208,4.428776299788183,4.166989634164832,0.24170008744265958,0.2437745146525973,0.13212741512407233,0.1144578313253012
2023-03-24,1.0,3.0,0,3.220395135773257,2.6750269156891315,4.096569296906348,4.161089071553211,4.231439320783665,0.25221252070709416,0.2327373219046951,0.1308655768171253,0.1144578313253012
2023-03-25,1.0,6.0,1,2.783607628076542,2.6404289144429103,3.8772539109380517,3.9546223659117037,4.2262639448553445,0.251363680804466,0.297627322666952,0.1379288865509519,0.1144578313253012
2023-03-26,1.0,4.0,0,4.125734336314296,4.519168854412425,3.8369104924136948,3.977419479924438,3.879054059590749,0.19651719620322336,0.3373051584127678,0.1419359946768328,0.1144578313253012
2023-03-27,1.0,4.0,0,3.8411917131877233,3.344165203976779,3.2070482903931525,3.2937512910309557,3.3518602927858416,0.12370702549435948,0.12837616807035054,0.11664724464372994,0.1144578313253012
2023-03-28,1.0,4.0,0,4.137461297553592,4.410872713377964,3.9507858995303438,3.897465332190351,4.296994642593253,0.2630312794217238,0.20074462448747676,0.12701523363146094,0.1144578313253012
2023-03-29,1.0,3.0,0,3.9062026989585816,3.103250038738188,3.6567233066738174,3.7097157423980684,3.708735121098537,0.17142605912306155,0.2518915246557177,0.13303715919921835,0.1144578313253012
2023-03-30,1.0,6.0,1,3.7522495003650556,3.502009931217517,3.9552232175549564,3.975524077848673,4.360469296112774,0.2736170611562012,0.36874761192353844,0.1450106080389376,0.1144578313253012
2023-03-31,1.0,3.0,0,3.974842709637703,3.627429089584499,3.6012614312735667,3.7569852119184017,3.9042397265604825,0.20033887720898147,0.35031884498698884,0.1432171002358124,0.1144578313253012
2023-04-01,1.0,5.0,0,3.52957373191616,3.748010818989674,5.047734037490114,5.017002015130851,5.200976154469247,0.4191870238698179,0.27863366162690295,0.1359403076900824,0.1144578313253012
2023-04-02,1.0,6.0,1,4.038173344380298,3.375396954514125,3.392329752260155,3.458125961232159,3.5538389889999804,0.14985135636633462,0.2539185275790914,0.1332620962205956,0.1144578313253012
2023-04-03,1.0,5.0,0,3.236761680634384,2.6134238326389188,3.523807154213117,3.5813270733300016,3.6584867320163763,0.16429064098593782,0.19723669286636042,0.1265725853443698,0.1144578313253012
2023-04-04,1.0,4.0,0,3.275191817687067,2.3325505776396263,3.029351511011382,3.1674648228871636,3.2279239619054785,0.108871128466149,0.20835027902321304,0.127959860770418,0.1144578313253012
2023-04-05,1.0,5.0,0,3.7205656557414937,3.5464503579526507,3.122943629839056,3.258439904172065,3.3330229147870134,0.12139107268062785,0.18629366159186375,0.1251611339793442,0.1144578313253012
2023-04-06,1.0,3.0,0,4.434897684432064,3.85516485325994,4.01612335993952,3.9459030582215346,4.196837865992262,0.24655269058780843,0.17069400184694591,0.1230592317671192,0.1144578313253012
2023-04-07,1.0,3.0,0,3.7699831794791887,3.3178636510409403,3.735048816751949,3.8078759853772786,4.117499697059016,0.23371790080801616,0.22930813085599513,0.1304672551395664,0.1144578313253012
2023-04-08,1.0,5.0,0,3.898772533062765,3.293267315708089,3.991358726388974,4.026658599954234,4.236375358867488,0.25302284385581775,0.316217334059852,0.13982784996853329,0.1144578313253012
2023-04-09,1.0,1.0,0,4.202370173357863,4.354830505474223,3.8919305126278756,3.988506069558033,4.0751715945367035,0.22695703131250178,0.15329222054341637,0.12056622740953477,0.1144578313253012
2023-04-10,1.0,2.0,0,3.3506606022195315,2.773894381772575,3.1295883141872527,3.2219371051909276,3.225055868957976,0.10853915855110034,0.16158207044132195,0.1217753645704623,0.1144578313253012
2023-04-11,1.0,2.0,0,2.9547952568471083,2.1039154252208334,2.9313092931421862,2.972329713453153,3.0399529245928223,0.08823732745869804,0.14253470427826825,0.11893125526090421,0.1144578313253012
2023-04-12,1.0,1.0,0,4.681161662730426,3.6700606857482247,3.5730720894610393,3.5226339144420815,3.8393360438929163,0.19054660257907458,0.23583456211772177,0.13122271489181478,0.1144578313253012
2023-04-13,1.0,4.0,0,4.158975639152555,3.656301932544618,2.8082026213949294,2.8672505112405577,2.9381611554715565,0.0780382053185271,0.13405114144487396,0.11758243273605992,0.1144578313253012
2023-04-14,1.0,4.0,0,3.854528123091115,2.5616717087464305,3.11331622542751,3.121345432286293,3.1357276423034146,0.09846323766589178,0.11720844405907206,0.11471937220995114,0.1144578313253012
2023-04-15,1.0,3.0,0,4.9635123929266305,4.706625920596348,3.678827359961376,3.7771469869442518,3.500118502796945,0.14266958190075504,0.2123331399436708,0.1284467262271123,0.1144578313253012
2023-04-16,1.0,6.0,1,4.204875965904932,3.026104159497431,3.5161017922593927,3.446016444690069,3.6650411788716237,0.16521413091353643,0.3207596926507468,0.1402857256953015,0.1144578313253012
2023-04-17,1.0,6.0,1,2.9845957295288645,1.846576069054363,3.3768667144945748,3.3111720800443125,3.783000511578753,0.18220009499472725,0.21249172727656174,0.12846600540541825,0.1144578313253012
2023-04-18,1.0,4.0,0,3.0178315386227723,2.2196149815986117,3.3698151679561263,3.3469917706167234,3.650206419238255,0.163127139811593,0.29038057936054096,0.13717646919440163,0.1144578313253012
2023-04-19,1.0,1.0,0,3.761562985857243,2.5917493234682407,4.513543477127242,4.376746010673648,4.962969822133549,0.37755425885342636,0.2380158517263374,0.13147278389603959,0.1144578313253012
2023-04-20,1.0,4.0,0,3.3661989188709445,2.8567727720540104,3.9224140741707343,3.7991198283162104,4.2119754189395096,0.2490243059512685,0.18431853098520634,0.1249011301823671,0.1144578313253012
2023-04-21,1.0,4.0,0,3.704022368686334,3.5683329094107177,3.098617192293557,3.1388345481593927,3.0359023047623888,0.08781821063624563,0.23349107783453912,0.13095271746860102,0.1144578313253012
2023-04-22,1.0,2.0,0,2.9815435302787354,2.0007894198295624,3.5203731382831442,3.4405092763642706,3.6983993470305703,0.16994796892551978,0.09451500686605327,0.11035515844687518,0.1144578313253012
2023-04-23,1.0,3.0,0,3.802099132261191,3.123197004824014,3.4427754921076064,3.4335515717877434,3.7038513370598842,0.1707269797598323,0.17895496086169374,0.12418640405298145,0.1144578313253012
2023-04-24,1.0,1.0,0,2.6344326519908856,2.1181174105105973,2.71660190082901,2.7781246890178983,2.763553802841992,0.062179268873678896,0.20033296083022864,0.12696352205140088,0.1144578313253012
2023-04-25,1.0,2.0,0,2.5583407783024548,1.7415638118836656,3.2152467972331977,3.216527191461467,3.455739651095133,0.13685920558798473,0.1761734002782933,0.12381055498317328,0.1144578313253012
2023-04-26,1.0,4.0,0,3.8806330553114203,2.917646384978161,3.57449940669198,3.6637968135348653,3.902392483139149,0.200057652583365,0.16710323102869132,0.12255862243626589,0.1144578313253012
2023-04-27,1.0,4.0,0,4.238252938249132,4.040983628109224,3.3269595814705593,3.3038884763775336,3.4530622615253215,0.13651227237492655,0.12394274376854034,0.11589653400796865,0.1144578313253012
2023-04-28,1.0,14.0,1,5.736183460071942,4.932514658940386,4.704747476759483,4.743488051054578,5.032862173457809,0.3897939821681592,0.5375245765382496,0.16120273341327493,0.3076923076923077
2023-04-29,1.0,6.0,1,4.91040214905641,4.566171536140244,5.485534781348033,5.105634424336235,6.911827375938507,0.6872226936020557,0.4366639129052755,0.15149868727339363,0.1144578313253012
2023-04-30,1.0,6.0,1,3.3504405579802112,2.6264097892119063,5.825504736053856,5.301813283361438,7.981388521909896,0.8062073192365542,0.24685907382488717,0.13247486489608978,0.1144578313253012
2023-05-03,1.0,5.0,0,2.257502260805508,2.2686137994223463,3.9503014874893845,3.683702010547061,4.986859020624894,0.38173775752612854,0.13488941551703051,0.1177182537197119,0.1144578313253012
2023-05-04,1.0,6.0,1,2.423171285636788,2.209217773553994,3.5841114710818918,3.368659607810912,4.526775539112683,0.3017914278124506,0.11161249728804702,0.11370418886748195,0.1144578313253012
2023-05-05,1.0,6.0,1,2.7128665274094677,1.8591159713179086,2.6831372822310566,2.4573552090977397,3.4700127848710913,0.13871566734621493,0.18774073964559332,0.1253505705658238,0.1144578313253012
2023-05-06,1.0,2.0,0,3.399507687722221,2.253398049997176,3.0106503192685947,2.910963393865707,3.7541813311277283,0.17798757983909738,0.17625195128273557,0.12382121910932906,0.1144578313253012
2023-05-07,1.0,1.0,0,3.291829729888683,2.6255725755721713,3.983978152697987,3.8084979962313956,5.257645774148827,0.4290592451518944,0.10148090737984265,0.11176901069644171,0.1144578313253012
2023-05-08,1.0,4.0,0,3.020097106524893,3.040064821830028,4.055770430722637,3.965652978627608,5.20266651813448,0.4194818430988441,0.1440955810409819,0.11917347032531297,0.1144578313253012
2023-05-09,1.0,3.0,0,3.4411240530820466,4.35178878652539,4.5839174097382775,4.473031266328488,5.939064875910751,0.544135145063942,0.1800631521898393,0.12433514090011547,0.1144578313253012
2023-05-10,1.0,3.0,0,3.4422256739145065,3.668294554869385,4.85445724456783,4.638537391229286,6.577722746745635,0.64158515774951,0.1450499466610737,0.11932070239918702,0.1144578313253012
2023-05-11,1.0,3.0,0,4.4754772155529565,5.481577165614871,5.798744679142637,5.31500118375551,8.02774892204535,0.8104435924788929,0.1724284552557392,0.12329866671381735,0.1144578313253012
2023-05-12,1.0,1.0,0,4.103295166076427,4.7961937233554215,9.418592551852818,8.656437805459298,12.185563906951128,0.9815114592457467,0.17973500981818455,0.12429115777423393,0.1144578313253012
2023-05-13,1.0,3.0,0,3.980267390710873,3.3449943368653514,4.245807125503883,4.2646886625989255,4.972507395864207,0.37922443471519335,0.1769462550049216,0.12391535032454058,0.1144578313253012
2023-05-14,1.0,1.0,0,3.891194886162623,3.0953119584835562,3.7423426831126467,3.705551633858821,4.312216913683216,0.2655604236592698,0.2904440710944959,0.13718309380767973,0.1144578313253012
2023-05-15,1.0,5.0,0,4.135956209459308,3.5431691523161035,3.0280016773830405,3.1951407198359942,3.266091722763452,0.11333830059162213,0.2549333060919636,0.13337438149110187,0.1144578313253012
2023-05-16,1.0,4.0,0,4.240569533691375,3.6620466988455296,2.9037019605687933,2.960479119330413,3.286687370078703,0.11578673558512088,0.21289769198777,0.12851532121553833,0.1144578313253012
2023-05-17,1.0,3.0,0,3.3961174552225875,2.399502855288521,2.879087815147767,2.96509808837629,3.325855372806375,0.12051553393770104,0.15799475633079268,0.12125719426803677,0.1144578313253012
2023-05-18,1.0,3.0,0,2.813835197374573,2.5718219951031527,2.7064026685934626,2.846772169807338,3.071102449392655,0.09149678807247341,0.09872171925929328,0.11121777702628725,0.1144578313253012
2023-05-19,1.0,6.0,1,2.959751682271152,2.0478225005067525,3.0681996058683807,3.1832320747169396,3.2361354370284032,0.1098244526550656,0.12939815411035757,0.11681773540326117,0.1144578313253012
2023-05-20,1.0,5.0,0,3.068157083481677,1.4916933726354624,2.720565545274,2.7782020757206154,3.1763659151139425,0.1029834705105081,0.1506007148214759,0.12016448413007245,0.1144578313253012
2023-05-21,1.0,7.0,1,4.843291763020806,3.9896110844603103,4.57776072556046,4.672752030677276,5.544007424553682,0.4784102743205731,0.43580392928071765,0.15141704949185902,0.1144578313253012
2023-05-22,1.0,5.0,0,3.837007884961051,3.9843956991164933,5.723815001021549,5.092018609178049,5.87231632610356,0.5332760729932163,0.2698754516709938,0.1350040679748303,0.1144578313253012
2023-05-23,1.0,3.0,0,5.281570508747798,4.23739305738242,5.110020651525426,4.7594450533198245,4.990601753011642,0.3823932173165612,0.328080020878838,0.1410191061210471,0.1144578313253012
2023-05-24,1.0,3.0,0,5.180753384599903,4.437713124881841,5.662015402490419,5.3110495873934624,5.385711291375521,0.45125857911413203,0.37517866007662337,0.14563174910868973,0.1144578313253012
2023-05-25,1.0,7.0,1,2.7668587118126102,3.1846926932507844,3.0434957137198926,3.030251719404039,2.7839529721623957,0.06392461365834275,0.1767283505700778,0.12388583229625319,0.1144578313253012
2023-05-26,1.0,2.0,0,3.300293666246464,1.590006183288416,3.088508545810023,3.161796677007149,2.8117683862124423,0.06635038367042267,0.3124238495854419,0.13944371734599859,0.1144578313253012
2023-05-27,1.0,8.0,1,2.345320130682045,2.9509476180585086,2.332390049381102,2.4389316550653777,2.0741540494205335,0.01948527039396912,0.2698071555038798,0.13499671478781014,0.1144578313253012
2023-05-28,1.0,2.0,0,3.3937812831120624,3.3749215340446352,1.1803303267882372,1.3053116042344923,1.0423295832174535,0.0007411438595847219,0.32826103965555065,0.14103717385754144,0.1144578313253012
2023-05-29,1.0,4.0,0,1.9725900803483047,2.13600932124577,3.807249813422209,3.718696433725632,5.045267441652425,0.39196611281973737,0.1771995281257108,0.12394963124652765,0.1144578313253012
2023-05-30,1.0,6.0,1,1.9588781417168981,1.7941289285784445,3.264519698827877,3.2029190669749887,4.057269114129243,0.22411670198005193,0.21972350952850767,0.12933682629885335,0.1144578313253012
2023-05-31,1.0,3.0,0,3.817891084826349,3.9880963107498055,3.284092696430759,3.209554623788962,3.9580223064358724,0.208589325122878,0.1733763611023991,0.12342888421880352,0.1144578313253012
2023-06-01,1.0,6.0,1,2.661796799275187,2.4015967540556264,5.3715287910046445,4.928402565878161,7.178076562283245,0.7207246756780563,0.2830585433525083,0.13640846675554694,0.1144578313253012
2023-06-02,1.0,5.0,0,4.156457648782834,3.1581545955665495,4.938108759987775,4.6664480589575135,5.883389051690622,0.5350851024531946,0.27554625578676084,0.13561176229864574,0.1144578313253012
2023-06-03,1.0,2.0,0,4.359649605707169,4.145387717386447,4.865133596977985,4.828196800267561,6.070267946708137,0.565142679407405,0.45443306336009953,0.1531862044693269,0.1144578313253012
2023-06-04,1.0,4.0,0,3.2160463390572787,1.9056943105440316,8.684958020973221,8.497422686549205,9.94058952905713,0.9298938160513808,0.27407607514027355,0.1354547498234196,0.1144578313253012
2023-06-05,1.0,3.0,0,2.6312320851058546,2.3187429290371204,3.2203531825980662,3.3952755050825876,3.5922904703040213,0.15508914700081283,0.20415688309814103,0.12744153002381103,0.1144578313253012
2023-06-06,1.0,4.0,0,5.038795014856381,4.161667519689819,3.665793715939396,3.832873685672717,3.838234302899505,0.19038198335541845,0.1897709836766202,0.12561487587065248,0.1144578313253012
2023-06-07,1.0,2.0,0,2.3204704908619767,1.2289903633811983,3.738094870156988,3.8026064832353708,4.352508556387641,0.2722838377312163,0.13985227923221288,0.11851079637455361,0.1144578313253012
2023-06-08,1.0,5.0,0,5.81557535174177,5.172700780874506,7.313650432866324,7.144796072737359,8.47742773461264,0.847833759136892,0.4496237252330291,0.1527292264837095,0.1144578313253012
2023-06-09,1.0,3.0,0,2.2214477257352527,1.7377615088442495,3.549007790162836,3.572529585784593,3.691960292807536,0.16902983489676976,0.28365817594336934,0.1364716694679663,0.1144578313253012
2023-06-10,1.0,4.0,0,2.0215526292237618,2.0013771642181646,2.780448764584754,2.7870704030460987,3.0353847721107288,0.08776474036531458,0.24144139573557358,0.13186314497610932,0.1144578313253012
2023-06-11,1.0,2.0,0,2.662433050336019,3.3406156546180354,3.052312941199862,3.037954810755284,3.32762857918928,0.12073184490800372,0.28439610217233363,0.13654937177715717,0.1144578313253012
2023-06-12,1.0,5.0,0,3.1830247197964123,3.8346228801144857,3.851906584704978,3.7039380933567982,4.156655138962691,0.24002657421845752,0.25172068661827224,0.13301816130815006,0.1144578313253012
2023-06-13,1.0,3.0,0,3.1330006506030155,2.8851336492551587,3.7074360112970415,3.6772211498707836,3.997302135020115,0.21468923470248485,0.2783222828380208,0.13590724409069913,0.1144578313253012
2023-06-14,1.0,3.0,0,2.66813504585585,2.685857032626772,3.545417766098324,3.387185445967065,3.960010714019563,0.20889663296892788,0.20881272766126685,0.12801665813001478,0.1144578313253012
2023-06-15,1.0,4.0,0,2.676889699309167,2.416554998648677,2.5261187336879525,2.4007965840428045,2.6297607203840934,0.051437614836927735,0.11850946369562004,0.11495043990742389,0.1144578313253012
2023-06-16,1.0,9.0,1,3.1371364461727484,3.0819828222825243,3.5534077279914085,3.484302344948358,4.130309917077062,0.23577621944523455,0.21069115252922926,0.1282466370299135,0.1144578313253012
2023-06-17,1.0,3.0,0,3.800434595394834,5.479583376952237,3.342140918974394,3.5127759802806047,3.8858895825829687,0.19755172114578737,0.36786710161841535,0.14492539090575515,0.1144578313253012
2023-06-18,1.0,1.0,0,3.448522524458942,3.3220369672810364,2.8618506908845784,2.915997798730554,3.384222417090871,0.1277357827303835,0.25349589997835176,0.13321526885235976,0.1144578313253012
2023-06-19,1.0,6.0,1,2.485874346287593,2.4159590961951363,3.5259100959772365,3.4379961107871417,4.137986854504056,0.23701238459555146,0.16571406740205463,0.12236312358228796,0.1144578313253012
2023-06-20,1.0,2.0,0,3.8045012951595436,4.236694059888372,3.344043426970706,3.3872020211742586,3.657178597983662,0.1641065949793288,0.23536342254694922,0.13116854594309157,0.1144578313253012
2023-06-21,1.0,2.0,0,4.875734076241643,5.09383241697645,4.2436121447887265,3.9669150054581768,5.077185103562304,0.3975534545397227,0.36557859986434305,0.14470370046151174,0.1144578313253012
2023-06-22,1.0,2.0,0,5.327772022327305,4.525498144202796,8.520474054266987,8.018545387300808,9.56548164031631,0.9137950371836522,0.4652447305899544,0.15421477273385176,0.2
2023-06-23,1.0,2.0,0,5.225929658896482,5.55036671292252,4.311355469509813,4.426337638615544,4.381692326783274,0.2771788746539592,0.4639997691763408,0.15409622333405645,0.2
2023-06-24,1.0,3.0,0,6.095004564322717,6.178604016904639,4.182481308842624,4.067253598401033,4.027251063501803,0.2193805735065594,0.4066898090034575,0.14864981650514167,0.1144578313253012
2023-06-25,2.0,1.0,0,2.8832875365078885,3.1684129488856225,5.133754963950475,5.081311281563758,4.504693569272636,0.30413368317832346,0.41666467920765243,0.2288694000765534,0.21428571428571427
2023-06-26,2.0,3.0,0,3.306077084393856,2.9543040396891445,4.252604468371825,4.229990385773348,3.1908229982367415,0.11630666510289948,0.34431209725980844,0.22201190602892995,0.21428571428571427
2023-06-27,2.0,4.0,0,3.2472878546128836,3.2596205036272528,2.835730791184491,3.0269347489399263,2.065961788944269,0.023839421240913126,0.31006033428206164,0.2185978343812954,0.21428571428571427
2023-06-28,2.0,7.0,1,3.6820784733135863,3.154196500668003,3.050057231758756,3.256356309410483,2.3230140697538015,0.037899287392895324,0.304043494527158,0.21798182810150182,0.21428571428571427
2023-06-29,2.0,5.0,0,3.155456100989351,2.8102965403119176,3.0809133656616345,3.1838853315380193,2.340141084340707,0.038983777850184816,0.3313277566490469,0.22073460915309764,0.21428571428571427
2023-06-30,2.0,5.0,0,2.9135176083549004,3.1086820304498675,2.5619598398100862,2.7186112315839055,1.7240430220895036,0.011143358190611963,0.29728269847115285,0.21728292196920268,0.21428571428571427
2023-07-01,2.0,3.0,0,3.487262965511337,3.645189859918988,3.1028196735740172,3.0585278031312866,2.379726680297838,0.041562383049933926,0.3066503693945166,0.218249393285234,0.21428571428571427
2023-07-02,2.0,2.0,0,3.352243808753569,3.2328090221848105,3.893139000914132,3.7950092736375973,2.9742761263803743,0.09239768440544723,0.363016848103514,0.22382169007358724,0.21428571428571427
2023-07-03,2.0,4.0,0,4.4370140049404405,4.390307805630161,4.3983110210217795,4.271776882939284,3.3261364126303388,0.13256041893237214,0.4006514028987275,0.22737975456392348,0.21428571428571427
2023-07-04,2.0,5.0,0,3.2331171492817665,4.092830562817837,4.092799296237289,3.9376669450209727,3.1624684809452415,0.1130249550477064,0.40296782833730677,0.22759595806189992,0.21428571428571427
2023-07-05,2.0,3.0,0,3.797872765634291,4.308154379300953,3.341914213390436,3.4656660780584905,2.5801159383428662,0.05616926952797695,0.3179707647501979,0.2193996686954227,0.21428571428571427
2023-07-06,2.0,2.0,0,3.689181037829017,3.3872231496426894,3.1337215367095563,3.290601705410681,2.3649482652285587,0.0405879346424317,0.3511843416866287,0.2226806880810623,0.21428571428571427
2023-07-07,2.0,8.0,1,4.761016225531108,3.783789215617075,3.696420008335012,3.8011816873905597,2.893004119574205,0.08413489409279333,0.2834436930338455,0.21582811488882656,0.21428571428571427
2023-07-08,2.0,5.0,0,5.703307961695317,5.517271494054184,3.712716344357157,3.7105573863427685,2.9262094288676606,0.08746248172182894,0.4915046829452961,0.2357557839880739,0.26950931933971434
2023-07-09,2.0,4.0,0,2.9980012172385724,2.044865281590092,2.5480420692456276,2.7627669580759147,1.9745354816973215,0.019806913169620393,0.1870268516498843,0.20434831512901508,0.21428571428571427
2023-07-10,2.0,3.0,0,2.9824153412702543,2.626399245728975,3.2046357825953535,3.132373258030248,2.8526637801610746,0.08018323996884918,0.12252027799892794,0.19417950859789282,0.16666666666666666
2023-07-11,2.0,5.0,0,3.86339515911797,2.5622179000221275,2.6237032413986627,2.7506888165786565,2.0631931867393187,0.023710073228208995,0.26339205810826744,0.2136546510802739,0.21428571428571427
2023-07-12,2.0,3.0,0,2.94424838703034,2.4299508483413708,2.592289809220918,2.6748327937653844,2.112592870307668,0.026087167649763692,0.15284730732629837,0.19935104367759585,0.2
2023-07-13,2.0,2.0,0,2.8520133709741167,2.728252236684918,2.637895512815268,2.6730205624122134,2.2866181947866395,0.035656908084333735,0.15955038285646944,0.20038943307854423,0.21428571428571427
2023-07-14,2.0,2.0,0,2.863763337814311,2.3828104310350464,2.8870928410250998,2.9309079980643253,2.50268634419273,0.05021692021829929,0.14819755668888726,0.19861109796409512,0.16666666666666666
2023-07-15,2.0,5.0,0,2.633880560089244,2.264027461755367,2.7043931845222944,2.72114593791153,2.337929137806805,0.038842659834351985,0.13124839796224694,0.19575859898330566,0.16666666666666666
2023-07-16,2.0,8.0,1,3.1018717065834327,2.220397633646287,3.0484306581749023,3.106733692868114,2.7041428683379394,0.06651047542862193,0.172372129886471,0.20229167585047533,0.21428571428571427
2023-07-17,2.0,3.0,0,3.052969726009439,2.894768418957694,2.7886127836826846,2.760144098902478,2.626157217559865,0.05989256136257508,0.24786982784063696,0.21190993859325516,0.21428571428571427
2023-07-18,2.0,2.0,0,4.478717951257834,2.8428604172783354,3.0846791627464123,3.1412208410656977,2.5800625741295486,0.05616503350890153,0.2834388739066468,0.21582760224927508,0.21428571428571427
2023-07-19,2.0,6.0,1,4.345044026342652,2.788538744807358,2.6145980527974446,2.916908600776745,1.893068972582232,0.016618135581227902,0.27164151148638327,0.2145590001766106,0.21428571428571427
2023-07-20,2.0,8.0,1,5.657934728992701,5.289129667484959,4.669089870397952,4.599197314747816,3.856583725271393,0.20445299377135567,0.4510072586790654,0.2320360702232625,0.21428571428571427
2023-07-24,2.0,5.0,0,3.518529076743225,3.322473031303352,3.1413487908071094,3.1855364745861374,2.9689071313045146,0.09183954056007775,0.22938916261854372,0.2097486812874399,0.21428571428571427
2023-07-25,2.0,5.0,0,3.208793178272076,3.5693607937680265,2.9243477643644136,3.024678218063222,2.7684722121232794,0.07226189192727897,0.3162199509678558,0.219222955314473,0.21428571428571427
2023-07-26,2.0,2.0,0,3.236835741100662,3.4026909831386036,3.30967633621318,3.2650186968750963,3.3708907458921145,0.13814387803607345,0.20247460126004682,0.20640131141939225,0.21428571428571427
2023-07-27,2.0,2.0,0,2.5674433162582284,2.2505886967642854,2.651008209961077,2.696384579603445,2.4915147937493822,0.04939018388522019,0.18106627267486894,0.20352567598038426,0.21428571428571427
2023-07-28,2.0,1.0,0,2.503210922864381,3.111651663769461,2.8270610656462583,2.8180360714476667,2.679911041351956,0.06441237119090525,0.1335315841840588,0.19615840852510313,0.16666666666666666
2023-08-01,2.0,2.0,0,2.374133158526452,2.6233086303787534,3.1707307072587887,3.2714262179249194,2.753314119055251,0.07088302360951118,0.15961704396148535,0.20039960003077753,0.21428571428571427
2023-08-02,2.0,7.0,1,2.9263430971472677,3.0704156252714045,3.358919779164073,3.345743227730985,3.1258804271583154,0.10885608358724684,0.15441995881659232,0.19959758682130502,0.2
2023-08-03,2.0,3.0,0,3.0872067348439396,2.848179893349337,3.1114857992818874,3.2788487643460615,3.0166609150566375,0.09686406138723141,0.1732362845029262,0.20241623946048867,0.21428571428571427
2023-08-04,2.0,1.0,0,3.261696350906081,3.2902652895647444,3.3922603595217904,3.5756384916629456,3.30551185346821,0.13002130923998897,0.22078035960218798,0.2087061390113072,0.21428571428571427
2023-08-05,2.0,2.0,0,3.6271448380198663,2.5413538660416553,3.275131119344855,3.5127977062102635,3.1061002924137644,0.1066335929702731,0.18602568154363394,0.20421140020690945,0.21428571428571427
2023-08-06,2.0,3.0,0,2.9686958854264285,2.7521717173448503,3.3251002733217327,3.352282969212466,3.1288252277531807,0.1091888471917384,0.21182753876666893,0.2075947750406671,0.21428571428571427
2023-08-09,2.0,1.0,0,2.7638180654309297,3.180600582844762,3.4582840066839666,3.5239581481774414,3.2648725770097817,0.12508221573257014,0.30238547796030896,0.2178111040381979,0.21428571428571427
2023-08-10,2.0,5.0,0,3.2304643905295785,3.981513808407077,3.9116206831354225,3.8829296288443436,4.031953551899759,0.2304913259151686,0.32088457419297817,0.21969284538653858,0.21428571428571427
2023-08-11,2.0,6.0,1,3.380005058782516,2.9771273576911335,3.041397132597998,3.1513255010169177,2.650659447315706,0.06192975815448016,0.20853338120498688,0.20717837290088412,0.21428571428571427
2023-08-12,2.0,2.0,0,3.4170021050993635,3.3728428697066026,3.264557562925258,3.298083881050114,3.007358610904647,0.09587470396890112,0.17803740386902875,0.20310052752025076,0.21428571428571427
2023-08-13,2.0,2.0,0,3.2286675082324225,3.208312635078544,3.23080537635821,3.251803450839631,2.9551963363201805,0.09042204378523959,0.1881930391027679,0.20450717280542455,0.21428571428571427
2023-08-14,2.0,1.0,0,3.080713435156288,3.398295935904291,3.1531311410475182,3.1813340643108763,2.8581188426304798,0.08071173550077443,0.2522094690517534,0.2124037390265738,0.21428571428571427
2023-08-15,2.0,4.0,0,3.5608776095394914,2.8844622572728,3.418213083927057,3.4359738987112713,3.0018116715888916,0.09528718287041359,0.2959492970163342,0.21714420029027282,0.21428571428571427
2023-08-16,2.0,1.0,0,3.7223468377212585,2.2990346722775716,3.850446547761426,3.806503721348987,3.4215317462944115,0.14458054593390748,0.26200439821475724,0.21350103629601463,0.21428571428571427
2023-08-17,2.0,7.0,1,2.628226555218718,1.8057662844538223,2.238795426671503,2.4516400937483076,1.6652654098499564,0.009576031710570303,0.2507722840595655,0.2122407426266342,0.21428571428571427
2023-08-18,2.0,4.0,0,3.200609100677265,3.050840142991792,3.081515269901722,3.0899977896125277,2.622369203517926,0.059581064671170914,0.2844926423275186,0.21593959390624082,0.21428571428571427
2023-08-19,2.0,5.0,0,4.866655978708344,4.130968135506699,4.693787026986848,4.6702371688167235,4.089999541543647,0.23929613804484443,0.3770267684549381,0.22515750000925466,0.21428571428571427
2023-08-20,2.0,3.0,0,4.579376086565074,4.390071773766075,5.52377941170481,5.362791796004524,4.633482096369439,0.3247162821452313,0.3942230837298735,0.22677832391299385,0.21428571428571427
2023-08-21,2.0,4.0,0,2.659844403992726,3.969897638579254,3.7933564345873574,3.8601827778534306,2.8320224607902276,0.0782001808881228,0.4434023753609398,0.23133701840314408,0.21428571428571427
2023-08-22,2.0,2.0,0,3.0349675723779725,3.8212809533635177,4.129243070757318,4.0725124863496776,3.2565210689109865,0.1240778810294505,0.32126767188110295,0.21973130713191916,0.21428571428571427
2023-08-23,2.0,5.0,0,3.3683634517224044,3.3764601516764987,2.571000767135298,2.7809570949152653,1.8810866190277327,0.016180271246921715,0.26138116021545044,0.21343189908922552,0.21428571428571427
2023-08-24,2.0,1.0,0,3.597259962092213,4.200260255465097,3.627140020239302,3.7572120272524723,2.898229851474708,0.08465411486555287,0.29815500010867874,0.21737351297196628,0.21428571428571427
2023-08-25,2.0,5.0,0,2.931160387184377,3.4887533703050537,3.438670998924853,3.4656776720214593,2.928814488681899,0.08772638016345483,0.26295926228100575,0.21360678769684627,0.21428571428571427
2023-08-26,2.0,5.0,0,2.571255391044028,2.461540755723366,2.860395727122862,2.9162331570503146,2.363744250146427,0.04050916419729653,0.24297500839136002,0.2113469828052956,0.21428571428571427
2023-08-27,2.0,2.0,0,2.8632832333847515,2.559431915919827,2.908496949555883,3.000621863778574,2.3182998991240606,0.03760407820863091,0.23571394506960983,0.21049956441272263,0.21428571428571427
2023-08-28,2.0,2.0,0,2.9426156161765977,3.4372711632871185,4.393716581021774,4.242417582447512,3.683036638813791,0.17966768197157573,0.25523677255210975,0.21274537238927024,0.21428571428571427
2023-08-29,2.0,5.0,0,3.1556968248613213,3.158589905103107,3.023265328076887,3.015587741683591,2.387731263154761,0.04209605499896591,0.2816111143785885,0.21563285438080182,0.21428571428571427
2023-08-30,2.0,3.0,0,3.900058117968611,4.135686333635734,3.550390513450656,3.653190228912711,2.788879375086093,0.07414115201264684,0.3009527891654344,0.21766323225253162,0.21428571428571427
2023-08-31,2.0,9.0,1,3.741153534425478,3.65509362272574,3.211126276701717,3.21678018846605,2.906650766932815,0.08549431864670394,0.2804374390168027,0.21550746151166011,0.21428571428571427
2023-09-01,2.0,2.0,0,3.3394397552886237,3.5806697145256465,3.55590411219161,3.543563645908499,3.2084026635989584,0.1183633669232623,0.27692025909586215,0.21513007960616348,0.21428571428571427
2023-09-02,2.0,3.0,0,3.8418132368663347,4.374215732816882,3.6016032128052795,3.6735204899910383,3.2041797646044525,0.11786778630339129,0.2460870580370693,0.21170565004260467,0.21428571428571427
2023-09-03,2.0,4.0,0,3.9857204586076334,5.544584735810883,3.4052517824468924,3.435252648135582,3.1608400221316617,0.11283782373436987,0.3177411801152237,0.2193765201182988,0.21428571428571427
2023-09-04,2.0,2.0,0,2.1152240298040517,1.8805234371640176,2.334289946950227,2.438433022242556,2.108432303277592,0.025881282141019955,0.15927758690276275,0.20034779519372958,0.21428571428571427
2023-09-05,2.0,5.0,0,3.5267692830004287,2.138143922022407,3.9451848949330937,4.025775565746852,3.638821354585184,0.17353203969503833,0.26557446578911725,0.21389535904400955,0.21428571428571427
2023-09-06,2.0,4.0,0,3.5250705936314572,3.8231166466700692,2.933987901614841,3.0949412472696705,2.5182285494974685,0.05138055696552018,0.21798958229508877,0.20836279020325557,0.21428571428571427
2023-09-07,2.0,5.0,0,4.019713657773082,2.910147273900611,3.28649645884269,3.321379850660678,3.104709950213183,0.10647820726520515,0.293975257452703,0.21693828003424923,0.21428571428571427
2023-09-08,2.0,2.0,0,3.5215694466468466,3.567529279011136,2.607071152648262,2.6000662566651176,2.5056899017255976,0.05044057446834377,0.23404974583882526,0.2103031725856973,0.21428571428571427
2023-09-09,2.0,1.0,0,3.5439034407244674,3.2472407736544486,4.033969955759287,3.9445305609857826,3.6817773052039393,0.1794918654165793,0.2817702384517805,0.2156498344064703,0.21428571428571427
2023-09-10,2.0,3.0,0,2.7535621124273337,3.634591139056449,4.408495370299552,4.243210313345526,4.054403715633336,0.23388668968818016,0.3685032775691635,0.2243466321750146,0.21428571428571427
2023-09-11,2.0,4.0,0,2.9947599836143626,2.786858142669045,3.2289911407808587,3.3116530061646205,3.014980108730956,0.09668491993648322,0.3564263600357515,0.22318773812002396,0.21428571428571427
2023-09-12,2.0,1.0,0,3.458746077236095,3.4280552293681223,2.225492414681251,2.3256821213047782,1.9924559607966268,0.020558898470701203,0.3089317977889895,0.2184827086371944,0.21428571428571427
2023-09-13,2.0,1.0,0,3.8075939413133426,3.833708964118825,2.8762578195834343,2.970022590228443,2.737370534033492,0.06944840374800779,0.3810811691519128,0.22554136353366594,0.21428571428571427
2023-09-14,2.0,6.0,1,3.8231178903210763,4.361794003067434,3.5962777336287504,3.5934206639941344,3.3111118400104607,0.13070858402247024,0.30897268118909127,0.21848688257473683,0.21428571428571427
2023-09-15,2.0,4.0,0,3.378154216892567,3.307791222398137,2.750723569812967,2.8472704830170796,2.53294505896149,0.05249680498294332,0.38220187385583626,0.22564727229157275,0.21428571428571427
2023-09-16,2.0,5.0,0,3.3015371787522025,2.7659470784270956,2.4932489111244864,2.585481169594641,2.3164535074270423,0.037488841207332306,0.35010913588404285,0.2225763626644933,0.21428571428571427
2023-09-19,2.0,2.0,0,4.565110566543095,5.161114760640499,3.8945273593090213,3.9637874395649857,3.9339266849969095,0.2158251579300162,0.26136002149556464,0.213429552543689,0.21428571428571427
2023-09-20,2.0,3.0,0,2.7364843259163,1.794847229112739,3.393402533358895,3.3753844870187644,3.428287550936192,0.14544856203929332,0.23365932426697672,0.21025697835166265,0.21428571428571427
2023-09-21,2.0,5.0,0,3.460705984639446,2.998219428644427,3.578210142869466,3.6839801443546274,3.417419689251034,0.144053274230658,0.2901316112737464,0.2165354095985479,0.21428571428571427
2023-09-22,2.0,2.0,0,3.347806553796435,2.519477016608849,2.8641343874062644,2.9393024582184997,2.653943504096141,0.06220574132596239,0.34064399484427055,0.22165295156440865,0.21428571428571427
2023-09-23,2.0,2.0,0,3.1034606220387397,2.955571074987796,2.7667057991868464,2.895456307016463,2.5860793731190936,0.05664380361203117,0.2488270232647256,0.21201927676695606,0.21428571428571427
2023-09-26,2.0,7.0,1,2.946136614347406,3.5312324358508658,3.025260488852403,3.061419552125321,2.841563848702341,0.07911355473448817,0.2110800825909767,0.20750065670972975,0.21428571428571427
2023-09-27,2.0,12.0,1,2.9894738603963913,2.61696021989318,2.6891060842262635,2.8061899686124008,2.548830446272042,0.053717462201232226,0.23110556123609138,0.20995367185309682,0.21428571428571427
2023-09-28,2.0,2.0,0,3.2683615478797097,3.9904152310171233,3.400753883869408,3.568072038436178,3.0821862252463754,0.10397627501760955,0.31447723875964073,0.21904663871702448,0.21428571428571427
2023-09-29,2.0,1.0,0,3.731459378683034,4.796815275896576,3.178616466935307,3.338604462167562,2.805182518065734,0.0756613020102127,0.3007082206902795,0.21763795694417695,0.21428571428571427
2023-09-30,2.0,2.0,0,2.0977647705084568,1.7976967797046997,2.8709159912269153,2.994373500633302,2.4392243217012637,0.045628000570816195,0.19948749238258878,0.20601262839465004,0.21428571428571427
2023-10-01,2.0,4.0,0,3.5065291056346757,4.35425714824099,2.4587947603347997,2.616964457530327,2.1309335642688123,0.02700731076289663,0.22844881531963623,0.20963598090975036,0.21428571428571427
2023-10-02,2.0,2.0,0,2.652411889604914,3.118042042843821,2.4238690330696278,2.5155633714622914,2.1734633513285164,0.029220320798448718,0.14018407652783024,0.1972946524975971,0.16666666666666666
2023-10-03,2.0,4.0,0,3.1197042272241027,3.0748123997772083,2.6832528400881057,2.785547942515588,2.3018684474149635,0.03658620862876959,0.16806520685273377,0.2016642333542725,0.21428571428571427
2023-10-04,2.0,4.0,0,3.037452986887588,3.1287308465205346,2.8366808741743683,2.917343221032509,2.4854271297934125,0.04894307899965332,0.16381025619342732,0.20103310701588475,0.21428571428571427
2023-10-05,2.0,6.0,1,2.7584169292344605,3.212713841256169,2.5703551564188034,2.6748643847449625,2.245421075221642,0.03322027881013276,0.16601974995490804,0.20136226873133584,0.21428571428571427
2023-10-06,2.0,4.0,0,2.9305638948354,2.6470956005657946,2.7608882690451586,2.8803604129096967,2.3921195155676815,0.042390375820224965,0.17302044966459187,0.20238516870979778,0.21428571428571427
2023-10-07,2.0,1.0,0,3.330452797227212,3.1635419236515534,2.8831424945488258,3.005225256980144,2.43094379926109,0.0450484719479168,0.22990020851370802,0.20980981252852687,0.21428571428571427
2023-10-08,2.0,1.0,0,3.757750427571832,4.3132742890977305,3.269931680957251,3.339602912855808,2.9027214541839403,0.08510172899231637,0.29149075442550254,0.21667816231081025,0.21428571428571427
2023-10-09,2.0,4.0,0,3.4684057201727865,3.713987625344096,3.272121075278421,3.3413660593451295,2.8869299664152317,0.0835334785298135,0.3001596668918601,0.21758123085521988,0.21428571428571427
2023-10-10,2.0,1.0,0,4.276308076146555,4.3601868119364005,3.2919812805505058,3.3362852722192984,2.9513581683285754,0.09002725537553757,0.385908010904901,0.2259969239235497,0.21428571428571427
2023-10-11,2.0,4.0,0,3.321461938511604,2.1674952525152658,3.3377790944216246,3.374870606807655,3.375254763089926,0.1386936470348732,0.3009150948164082,0.21765933729643078,0.21428571428571427
2023-10-16,2.0,3.0,0,3.9050286299823513,3.9124343599845237,4.032347030392454,4.0125183342775435,3.9670666246936563,0.22075318045188486,0.4049451919919591,0.22778030989052478,0.21428571428571427
2023-10-17,2.0,1.0,0,3.5562394431044937,3.991403105116311,3.9188066385201856,3.920557891742563,3.860989632977158,0.20509576031231738,0.3595749799872953,0.22349108547934016,0.21428571428571427
2023-10-18,2.0,1.0,0,3.683158308992413,2.722934821408543,3.797712479971692,3.8872333275999447,3.65139138497014,0.1752684700893686,0.2836247289865498,0.21584736959699732,0.21428571428571427
2023-10-19,2.0,7.0,1,3.662091616697631,2.74585637599452,3.702716425593198,3.6558107949783776,3.6591367691386005,0.17634156088617148,0.31599977527992507,0.21920070265627484,0.21428571428571427
2023-10-20,2.0,6.0,1,3.4119579856535656,3.0689554923299323,3.8582407151984937,3.8250053792980205,3.8124720053412005,0.1980529152663485,0.2920356555225122,0.21673530297254082,0.21428571428571427
2023-10-21,2.0,2.0,0,3.8024589676584206,2.3772180264167755,3.5964209012777735,3.6267756996574265,3.646105788278987,0.1745375439182164,0.28353204558518785,0.2158375127041589,0.21428571428571427
2023-10-22,2.0,2.0,0,3.900516474058687,3.7651209101628336,3.882331132934695,3.9089219577967405,3.891233583323936,0.20952474022967552,0.31977090943405545,0.21958092674981194,0.21428571428571427
2023-10-23,2.0,4.0,0,4.68460466013893,5.112153453790182,3.788373526094017,3.7993780463334312,3.9187118795986744,0.2135734927080341,0.41575533952213456,0.22878509451506282,0.21428571428571427
2023-10-24,2.0,2.0,0,4.172456402794926,3.4086741256091457,4.299617633383431,4.25559246662601,4.418118840211603,0.2903818718108816,0.3733833340143237,0.22481155264892258,0.21428571428571427
2023-10-25,2.0,2.0,0,4.23508124638408,3.900453048387874,4.2019896619801065,4.154269816976349,4.258095331710492,0.26522453197466583,0.4344769569297614,0.23051533004196006,0.21428571428571427
2023-10-26,2.0,7.0,1,4.44774164949748,3.8562810208343716,4.029583700142643,4.049162670567968,4.017030725172323,0.22824164375983105,0.4381477670019803,0.23085346525446612,0.21428571428571427
2023-10-27,2.0,6.0,1,4.661715944359923,3.99633183184242,3.6194498474631547,3.6894638341596915,3.814364616763982,0.19832617110205547,0.46176136101306314,0.23302359552423146,0.21428571428571427
2023-10-28,2.0,4.0,0,6.085562695191807,8.079444070290455,6.377348060770886,6.085964745973419,6.977459110145012,0.6655674228728528,0.49270920390858713,0.23586664724003836,0.2754895569964194
2023-10-29,2.0,2.0,0,3.64366395719465,3.6209827876400418,4.478385013855022,4.28170054055998,5.509173561847272,0.46390280020939223,0.2914137077442219,0.2166700786769297,0.21428571428571427
2023-10-30,2.0,6.0,1,4.118577644601559,2.979281521841156,3.5011036192205034,3.5450346958294503,3.921272126341633,0.21395190214208046,0.2863524802660196,0.21613674707175176,0.21428571428571427
2023-10-31,2.0,2.0,0,2.8561092289365457,1.5210425325077344,3.7184031373893065,3.7912232815047515,4.056668342634839,0.23422990578743197,0.21123522618662138,0.20752020955718883,0.21428571428571427
2023-11-01,2.0,6.0,1,3.3035950984836195,3.857482843878004,4.0792630357396344,4.03536686150936,4.544242193846104,0.3104407031746199,0.23414100850836475,0.21031396403402652,0.21428571428571427
2023-11-02,2.0,3.0,0,3.263387492680731,3.4208739181699745,4.291510957775263,4.228650285994467,4.569167346291059,0.31442235932491186,0.2326734597226971,0.21014012585324077,0.21428571428571427
2023-11-03,2.0,3.0,0,3.48863494229067,4.446060776340102,4.572094618238624,4.475184109295693,4.92968881304031,0.37228479186271657,0.2903887653281789,0.2165624438514118,0.21428571428571427
2023-11-04,2.0,6.0,1,3.0319181254669587,2.6486613648435084,3.9366017075659636,3.8488698736194196,4.173287477331654,0.2520691177578294,0.2799016377103724,0.21545012890926468,0.21428571428571427
2023-11-05,2.0,1.0,0,3.5740808677727243,4.144504591235446,3.6244813521092603,3.6565625537264097,3.7596466495780745,0.19047611328803593,0.29435209910044047,0.2169776410461561,0.21428571428571427
2023-11-06,2.0,3.0,0,3.6490261461484725,2.6073722214766577,4.190814433723695,4.122813019125535,4.508246327874328,0.3046996826986244,0.21525769274631237,0.20802401069662024,0.21428571428571427
2023-11-07,2.0,6.0,1,3.928663357711873,4.625216815648444,4.295935299906628,4.310855507017915,4.397594478361618,0.28713452508272913,0.28454820355674426,0.21594549302256008,0.21428571428571427
2023-11-08,2.0,5.0,0,3.4746989190164155,4.698752306921313,4.674434634626147,4.545042673654523,4.963881450396965,0.3777706585103463,0.3290248351386154,0.22050604489418843,0.21428571428571427
2023-11-09,2.0,3.0,0,3.158682315578978,4.0481033700467135,4.3524590739476885,4.318326383718772,4.510488562889389,0.30505696021014334,0.24779296115571717,0.21190114782320507,0.21428571428571427
2023-11-10,2.0,5.0,0,3.043369150575814,2.7396071492688785,3.5243266697489033,3.6166695874065153,3.652877337966084,0.17547415789150225,0.18738693881575302,0.20439743739990524,0.21428571428571427
2023-11-11,2.0,5.0,0,4.384461304948741,5.848164318309888,3.957140918290232,4.1586807748632575,4.095406174734454,0.24012047397377242,0.45692877081164723,0.232579927948222,0.21428571428571427
2023-11-12,2.0,2.0,0,3.485504720985502,3.183350147237352,3.9913835397252124,4.000390028941815,4.2537889299030365,0.26455322845414164,0.2645203122344453,0.2137792256746823,0.21428571428571427
2023-11-13,2.0,5.0,0,2.3023961083384625,1.1507946580853816,3.482452389941223,3.536112795354348,3.5569944905454527,0.1623871518248108,0.24196570399585657,0.21123008720972755,0.21428571428571427
2023-11-14,2.0,6.0,1,2.7674394146960792,2.37031270179185,3.7046880976488596,3.752002252339526,3.82917584351813,0.20046880841697698,0.33033464714243815,0.22063612161136423,0.21428571428571427
2023-11-15,2.0,1.0,0,3.1489582112367627,3.1966494789721587,3.8188153830495724,3.814849598266144,4.226657759761776,0.2603317190765175,0.3240104763883347,0.2200061158433629,0.21428571428571427
2023-11-16,2.0,3.0,0,2.5428106222765803,2.104190665759169,3.8192047436791303,3.852003212591497,3.9040304628359173,0.21140739309735884,0.2380460288437265,0.21077339122910754,0.21428571428571427
2023-11-17,2.0,3.0,0,3.696820646422273,4.199174355529963,3.771324623127694,3.8047162414505085,3.930014913152285,0.2152455873462113,0.42162651427962866,0.22932888975743607,0.21428571428571427
2023-11-18,2.0,5.0,0,2.839565800478415,2.5731326589559704,2.577403733760521,2.675867074584761,2.636556105582484,0.06075243826266008,0.29890675399478545,0.21745148433907444,0.21428571428571427
2023-11-19,2.0,6.0,1,2.7848317569743517,1.2242600271331832,3.2707291237745753,3.2639967293038166,3.384107453701262,0.13981175930180265,0.1946645088008057,0.205376894533524,0.21428571428571427
2023-11-22,2.0,3.0,0,3.3677886684429708,4.651522121613107,4.212258461515465,4.1920402910014705,4.2264174816207944,0.26029439432253043,0.3944763045603817,0.22680205716827173,0.21428571428571427
2023-11-23,2.0,1.0,0,2.9110785723079995,2.6222755288170108,4.284392243585859,4.255675686607552,4.311984746966356,0.27365231331310685,0.2799875286431693,0.21545932330232248,0.21428571428571427
2023-11-24,2.0,9.0,1,3.37537980076092,4.269726641338072,3.719231341182381,3.7250803699932313,3.635708686134614,0.17310303476455702,0.31717423567522796,0.21931932540507063,0.21428571428571427
2023-11-25,2.0,6.0,1,3.5135367730665044,3.2908312246070675,4.160926635743583,4.135880748656808,4.093657890393342,0.23985384109977073,0.24315112473157677,0.21136735125786887,0.21428571428571427
2023-11-26,2.0,5.0,0,3.6301412006556433,3.4160959549561922,3.7241960584826725,3.7313820224247025,3.674168052729995,0.1784308424974279,0.25287709570455374,0.21247927848775736,0.21428571428571427
2023-11-27,2.0,0.0,0,4.0550910202112185,3.05646142458775,3.7796684740967397,3.7936458728541105,3.614292254445111,0.17016197296484833,0.17474357720886302,0.20263247384737618,0.21428571428571427
2023-11-28,2.0,4.0,0,4.007359701339821,3.6388592401422133,3.506052274625924,3.5709475236840134,3.1714737254118077,0.11406242029645466,0.2537623887376102,0.21257927308945973,0.21428571428571427
2023-11-29,2.0,5.0,0,3.6567788926488993,4.244498989650497,4.155606679944059,4.161144368987314,3.9083163101598153,0.21203904821078953,0.390602351350708,0.22643857176773396,0.21428571428571427
2023-11-30,2.0,4.0,0,3.690890040291396,3.3777155427993764,4.192577727251305,4.227076381800321,3.829529085077034,0.20051999953850513,0.37429187384799967,0.22489790993660658,0.21428571428571427
2023-12-01,2.0,5.0,0,3.9478297112814063,2.838968075022016,3.8668952171424196,4.033822100494557,3.6137747327162586,0.1700911352411566,0.22046527678353578,0.20866751033808378,0.21428571428571427
2023-12-02,2.0,7.0,1,4.117023297521868,4.23394045249764,4.169786163204422,4.153177699580873,3.921445312242039,0.21397750648945774,0.3227450642485763,0.2198794522355413,0.21428571428571427
2023-12-03,2.0,2.0,0,3.0256282771849823,3.1531995758447136,4.465482880413005,4.493275493661126,4.259461283128888,0.26543753299682943,0.3329309022775471,0.22089334733645533,0.21428571428571427
2023-12-04,2.0,5.0,0,2.3809633730121487,1.9964369193774836,4.221915885321625,4.274472358270438,3.9494815926402524,0.21813425119867286,0.23890297827551993,0.21087361298766805,0.21428571428571427
2023-12-05,2.0,2.0,0,3.9179212861267847,2.8318024068887633,3.4388520911729157,3.5176817952889543,3.184897607804029,0.11561722481884186,0.23467591406715735,0.21037716402024967,0.21428571428571427
2023-12-06,2.0,4.0,0,3.234950670349071,2.741155382052883,3.9364318850322273,3.9152683363768737,3.757548657762559,0.1901772341309473,0.20520739649904646,0.20675364019569753,0.21428571428571427
2023-12-07,2.0,1.0,0,3.548690313671823,3.6255796914814926,4.4308764306072925,4.375249620125241,4.222089937959568,0.25962234358963,0.34338818954845174,0.22192162794389975,0.21428571428571427
2023-12-08,2.0,3.0,0,3.867662275504449,3.743901191189223,4.696571909419964,4.582805946192288,4.487814673688633,0.3014463237312153,0.392287507068747,0.22659679205964994,0.21428571428571427
2023-12-09,2.0,5.0,0,4.398008079502625,4.023670157130132,4.619972064734389,4.573800612853875,4.440842675519138,0.2939832971654375,0.3440688901895809,0.22198815010424597,0.21428571428571427
2023-12-10,2.0,1.0,0,4.934531796708525,3.30222338952731,5.027773514816343,4.917176030444811,4.935859935514023,0.3732752135625155,0.4886293032574995,0.2354912427192894,0.25523355792888436
2023-12-11,2.0,9.0,1,3.6506962732658748,2.186020238811977,4.149670943731738,4.251498214541822,3.872177472222843,0.20673073705360884,0.2648415527718512,0.21381464235120412,0.21428571428571427
2023-12-12,2.0,8.0,1,3.8250215297168104,3.1642665713199416,4.506010246500294,4.509521643196782,4.425124335548092,0.29149148547565523,0.3102170990275111,0.21861381163922255,0.21428571428571427
2023-12-13,2.0,1.0,0,3.687796835212049,4.2349371424058475,4.6244136086543035,4.5780689192155,4.692623094495303,0.3342018093687552,0.2764686747078156,0.21508144788776895,0.21428571428571427
2023-12-17,2.0,6.0,1,3.149143806891844,3.1100696174233384,3.863198368781752,3.9110779357867753,3.8659146647876725,0.20581500290747848,0.18600035061987277,0.20420792960433123,0.21428571428571427
2023-12-18,2.0,2.0,0,4.382691811403638,4.206669724073235,4.093791897061279,4.100859050903569,4.191508230411731,0.2548835507291309,0.40257852720324294,0.22755964104326232,0.21428571428571427
2023-12-19,2.0,2.0,0,3.593240132573321,3.8080030094134236,4.01859610815164,4.053141542348058,4.163706617770654,0.2505920076445874,0.3512551779579034,0.22268755727263057,0.21428571428571427
2023-12-20,2.0,4.0,0,3.8883469046311605,3.8043283294021517,3.7421004337238717,3.780105816300223,3.788729935768538,0.1946354783625725,0.18584468587880865,0.2041865948531718,0.21428571428571427
2023-12-21,2.0,3.0,0,3.7748152926551266,4.156280237035766,4.387288960428007,4.334296279713846,4.464227521881243,0.2976957493125666,0.31219504950024574,0.21881509417091594,0.21428571428571427
2023-12-22,2.0,4.0,0,4.134944784396913,5.539857058533237,4.997066852449494,4.85594431575047,5.040953536757819,0.39011586049557767,0.4329917496481607,0.2303784334903818,0.21428571428571427
2023-12-23,2.0,5.0,0,4.308817809871149,5.036896185797068,4.788902971683966,4.7145580118313015,4.769548893399483,0.34655716802045133,0.3929693281142249,0.22666076216237474,0.21428571428571427
2023-12-24,2.0,2.0,0,5.377355718399282,4.752406173789442,4.257024815043789,4.3294845774236626,4.0705616154230935,0.23633831460732646,0.4396418754318351,0.2309910129859922,0.21428571428571427
2023-12-25,2.0,6.0,1,5.267264437715423,5.093412750207343,4.630401267485718,4.636814112737298,4.529660608320119,0.3081137039735188,0.5339220646654106,0.2396854822745613,0.27586206896551724
2023-12-26,2.0,2.0,0,4.484459035545267,3.7585284567060873,4.169936768767875,4.114256829986235,4.260093518218345,0.26553613252912406,0.41924074082161744,0.22910806381029283,0.21428571428571427
2023-12-27,2.0,2.0,0,4.5104420830436265,4.9012814695307405,3.8905483308646374,3.913155920079066,3.7855743134758564,0.19418272983939933,0.27163716589097353,0.21455852766792186,0.21428571428571427
2023-12-28,2.0,3.0,0,4.170995555348479,3.5043367192527266,3.7551896607628317,3.760383812297302,3.7204189397595138,0.1849143167391732,0.19691859833789638,0.2056752944780509,0.21428571428571427
2023-12-29,2.0,8.0,1,4.115183700147862,3.508404355952931,4.3425259616185725,4.261293026296899,4.434813982492709,0.2930272280912194,0.3053398371675866,0.21811501293874433,0.21428571428571427
2023-12-30,2.0,4.0,0,4.73541879838996,5.091562244021437,4.663171519508018,4.661978892119763,4.619958374830651,0.3225496223120974,0.4129922059126763,0.228528727603474,0.21428571428571427
2023-12-31,2.0,6.0,1,3.3617802786251394,3.093573772733224,3.7576804279840204,3.7202893487762974,3.649302085209086,0.17497941499270744,0.29247859995693926,0.21678171389848802,0.21428571428571427
2024-01-01,2.0,4.0,0,3.577900143108875,3.271629816660347,4.212033487739804,4.197170727085085,4.217706483247841,0.25894197711316863,0.2761131388005685,0.21504313083915166,0.21428571428571427
2024-01-02,2.0,4.0,0,4.679670825511034,4.910948897606549,4.835888435204248,4.794153811796034,4.7677252457790855,0.3462641309327607,0.4531809413627365,0.23223574739071087,0.21428571428571427
2024-01-03,2.0,3.0,0,4.8731568203477345,4.6118539999343655,4.637970942139083,4.602137396899542,4.518670650220899,0.3063610872447656,0.44582358202290395,0.23155966789640145,0.21428571428571427
2024-01-04,2.0,3.0,0,4.328434453346002,4.269303307491827,4.229833839830353,4.194907186593206,4.068823480851561,0.23607427693164537,0.38610021318414917,0.2260150330865921,0.21428571428571427
2024-01-07,2.0,1.0,0,4.74649918917174,4.569749208401464,4.199260379325566,4.257083180045856,4.023021510541534,0.22914407566791592,0.4469506772464723,0.2316632831270639,0.21428571428571427
2024-01-08,2.0,8.0,1,5.363264154691048,5.41244687775194,4.675844703851264,4.6320375769962245,4.757471926981487,0.34461663315368757,0.5614965010847053,0.24228523046039901,0.27586206896551724
2024-01-09,2.0,5.0,0,5.449127650017987,4.525051951273419,5.190264434211135,5.1811752003178135,5.231020964081581,0.42037482877891463,0.6166964841578718,0.24767592460719995,0.45454545454545453
2024-01-10,2.0,8.0,1,5.469801761533256,3.8970435925041316,4.710479535393534,4.763574537256766,4.61474981555629,0.32171542649724955,0.5270322996340805,0.23904255296255827,0.27586206896551724
2024-01-11,2.0,5.0,0,4.945896066842863,4.451906791751226,4.309748443919373,4.369988432732367,4.119656024153153,0.24382625532412952,0.5791101224440552,0.24397383474339,0.27586206896551724
2024-01-12,2.0,2.0,0,4.965556377739153,4.981243246983588,5.077470294713289,4.990932653621814,5.251636268052585,0.4236358331936382,0.5177222392091629,0.23817712514786904,0.27586206896551724
2024-01-13,2.0,3.0,0,4.992625301689015,4.881465029012117,4.860270345188872,4.860047855308411,4.854294382819222,0.36017598981099336,0.5114908300689875,0.23759975528723298,0.27586206896551724
2024-01-14,2.0,5.0,0,5.870575321905344,5.880211265891181,5.370183761553778,5.25442372850002,5.567468087719682,0.47287524695110517,0.6360201616046792,0.24964547148487226,0.45454545454545453
2024-01-15,2.0,4.0,0,4.618621652057751,6.064902907058206,4.915507245260551,4.896089877434219,4.921267345680569,0.3709329972333574,0.5656863896601384,0.24268468123041162,0.27586206896551724
2024-01-16,2.0,5.0,0,4.802061616794507,4.774267062938091,4.96984805955495,4.915773247071026,4.920564823745469,0.37082021960125133,0.6080033610867739,0.2468058311313737,0.45454545454545453
2024-01-17,2.0,6.0,1,4.344795595466601,4.566338570932526,4.984731594521828,4.906988165711713,5.163148489982861,0.40960659948360306,0.4926431464042546,0.23586056663406557,0.2751615929451853
2024-01-18,2.0,5.0,0,4.360600573994722,4.332122979095813,5.143228940427565,5.1991718308843735,5.077105726385218,0.3958943105468992,0.4838534377276633,0.23505214537255925,0.25
2024-01-19,2.0,6.0,1,4.6951277067353345,6.012021618985597,5.9487216301198,5.796110782769032,6.147075961449215,0.5583001021004377,0.6438680438448379,0.25046084329849677,0.45454545454545453
2024-01-20,2.0,7.0,1,4.569144087082649,4.083201170367501,5.190203723239976,5.137194056723402,5.349633274606397,0.43906744999665087,0.5542650612128988,0.2415987862318717,0.27586206896551724
2024-01-21,2.0,4.0,0,5.140966329090802,4.547184891165806,4.34235174743857,4.377619022534619,4.383546429842588,0.284915017503728,0.5527619029997185,0.24145654850388387,0.27586206896551724
2024-01-22,2.0,4.0,0,3.7020024989151246,2.6133021067982147,4.2878249427079975,4.303092985118114,4.363051941236248,0.2816818430315105,0.3787604191849776,0.2253217781892202,0.21428571428571427
2024-01-23,2.0,5.0,0,4.099754887913977,3.406179578631981,3.6769931389074806,3.716120203541099,3.7845276510114183,0.1940326384265627,0.4013547434695085,0.22744542883945815,0.21428571428571427
2024-01-24,2.0,3.0,0,4.597574737882538,3.4994974825151295,4.868371926187898,4.869181085142247,4.744295735791789,0.34249972993823186,0.4528528655735213,0.23220561296723918,0.21428571428571427
2024-01-25,2.0,2.0,0,3.7081040333692328,3.4747155776208634,3.871720288099187,3.987193080040338,3.8698882700950965,0.20639586928037354,0.46337877815830864,0.2331720662869174,0.21428571428571427
2024-01-26,2.0,4.0,0,3.8311261391278837,2.7155843296534408,4.100255440112782,4.117043929704447,4.06699214418453,0.23579616191126546,0.4131089445730309,0.22853956483372848,0.21428571428571427
2024-01-27,2.0,4.0,0,4.527503329515297,3.40427255919173,4.907139488689227,4.812586360965167,5.0943927795151085,0.39865412239252934,0.4172731631477307,0.2289257958786837,0.21428571428571427
2024-01-28,2.0,1.0,0,4.017662056442065,2.6586898330499396,4.312532894327283,4.337876903183315,4.301410527382881,0.2719947591243396,0.45571046907190427,0.23246805771174475,0.21428571428571427
2024-01-29,2.0,0.0,0,4.157066375440169,2.9637269191952575,4.659694248037644,4.690825965971411,4.645202580517613,0.32659483421654933,0.45001938592581825,0.23194530633692284,0.21428571428571427
2024-01-30,2.0,3.0,0,5.254798729639709,4.897400534024836,5.513502333514528,5.440843142199379,5.731365902441089,0.49776690212278474,0.5855164988160162,0.24459456838421312,0.27586206896551724
2024-01-31,2.0,2.0,0,5.716895203163263,6.57545697887643,6.752075211832055,6.615323414085745,7.007149503803934,0.6690337803138278,0.6681173582863535,0.2530456287249139,0.45454545454545453
2024-02-01,2.0,4.0,0,5.361021618554718,5.567418897417098,6.580180506594233,6.48650492153313,6.6689289493429555,0.6280072773655774,0.6201842576113413,0.24802766760640393,0.45454545454545453
2024-02-02,2.0,5.0,0,4.747846429711344,3.915668930985474,6.26040647438219,6.093236405134201,6.388143022072129,0.5914328356572325,0.5583267316377263,0.24198388934449996,0.27586206896551724
2024-02-03,2.0,3.0,0,4.502437358525275,3.8001785524456797,6.110122237316584,6.009969456016088,6.1838999986716665,0.5634605003077204,0.4884480092434395,0.23547456802019623,0.2543334645948054
2024-02-04,2.0,3.0,0,5.012465016161879,4.458286328362273,5.747882428991762,5.585060884128989,6.165692717593089,0.5609133568277462,0.646967944223584,0.2507855963536443,0.45454545454545453
2024-02-05,2.0,6.0,1,5.52155778296223,5.308291275273306,5.021099608280588,4.9355354212522355,5.1771879610298726,0.41183781372585626,0.6251901091839858,0.24853530136385665,0.45454545454545453
2024-02-06,2.0,10.0,1,4.758698751799848,4.2789340335210655,4.991569229039948,4.907015856493308,5.122763934601739,0.40317840451874704,0.5012870664391152,0.2366570397912257,0.27586206896551724
2024-02-07,2.0,4.0,0,4.722502104850651,4.732789750010271,5.804579161287918,5.737563025600428,5.785200050153607,0.5058262435486246,0.5166295328649987,0.23807577913924516,0.27586206896551724
2024-02-08,2.0,8.0,1,5.7472924043523275,5.356760155151543,5.550843536827009,5.392784535401813,5.9418966447618615,0.5289260839980571,0.6802297141657243,0.2543785195278843,0.45454545454545453
2024-02-09,2.0,6.0,1,4.961353063048198,4.204253374585914,4.836013076616487,4.9253495686546955,4.927414535107011,0.37191975315451103,0.4855067235318421,0.23520411233993072,0.25
2024-02-10,2.0,1.0,0,4.254942305909448,3.1555256803303657,4.91851064873561,4.801083600033161,5.2890237386429035,0.42953736103162093,0.4677997974472167,0.23357787751312922,0.21428571428571427
2024-02-11,2.0,1.0,0,4.74467337798102,3.597619285333101,5.326347493326376,5.201466952873924,5.651529517375132,0.4857063024178981,0.4920652573192229,0.23580737542233457,0.2722924738737637
2024-02-12,2.0,1.0,0,4.6723302197691465,3.9105713794566856,5.669670244810316,5.589519018843828,5.807132192011584,0.5090920876106265,0.5870529180625157,0.24474400474481628,0.27586206896551724
2024-02-13,2.0,3.0,0,4.166381336135999,2.998256435072159,5.64710793568002,5.523706961020263,6.029829165196103,0.5416408953100046,0.5152704929170856,0.23794979313164505,0.27586206896551724
2024-02-14,2.0,2.0,0,4.408583818116592,3.243700045213746,4.785595627098705,4.69602462441244,5.097850562756931,0.3992058712347136,0.5465975613060587,0.24087476254472695,0.27586206896551724
2024-02-15,2.0,5.0,0,4.3569309288146405,3.96378267262723,3.989028761928751,3.941775807602655,4.30911686453832,0.27320258133177977,0.4335551607643458,0.23043037120898283,0.21428571428571427
2024-02-16,2.0,5.0,0,3.502851394005546,2.6348813654300662,4.806385725604061,4.643991165827089,5.182734518105602,0.4127187714782517,0.4203807335392647,0.22921360522747938,0.21428571428571427
2024-02-17,2.0,1.0,0,4.663889947520193,5.3299875172317766,5.990778792577501,5.854442097270588,6.077787396406482,0.5484965918274408,0.5538136206906336,0.24155605251102993,0.27586206896551724
2024-02-18,2.0,3.0,0,5.066101207662197,4.931447196111686,6.79085884229016,6.478639346344842,7.578820686148319,0.7306820920173895,0.5814531453882447,0.24420042276012788,0.27586206896551724
2024-02-19,2.0,3.0,0,4.405848506634372,3.8550066330290447,5.187391856513646,5.039953421234842,5.601913941000002,0.47814881613887245,0.5955075340815631,0.2455704758224002,0.27586206896551724
2024-02-20,2.0,3.0,0,3.4404838796618646,3.091202036393111,4.587431311579614,4.508879509338286,4.85138439177006,0.3597084014202251,0.388449315488863,0.22623617847054875,0.21428571428571427
2024-02-21,2.0,3.0,0,3.192473895149381,3.476921156204383,4.258341273025771,4.191005375815129,4.565538294208555,0.3138423407692638,0.4120538851285659,0.228441600271314,0.21428571428571427
2024-02-22,2.0,3.0,0,3.2826037415322626,2.580103873894404,4.49745015851194,4.4325069761594325,4.735634695640962,0.34110841393252,0.3390837166403844,0.22149982755641479,0.21428571428571427
2024-02-23,2.0,1.0,0,4.912634228287179,4.637608071595398,5.43890270415269,5.27453634978294,5.922070072474188,0.5260339734472164,0.4797652907131914,0.23467651622676639,0.25
2024-02-24,2.0,4.0,0,4.121701712795508,3.9523122735793947,5.204882844900753,5.120390953891207,5.716768337997087,0.49557121962317296,0.4958052310063308,0.23615173602711473,0.27586206896551724
2024-02-25,2.0,4.0,0,4.948207813719289,3.7466424925740043,4.851323377425392,4.8563968925568775,5.074896454419365,0.3955414489301241,0.4974435124402947,0.2363026753750311,0.27586206896551724
2024-02-26,2.0,4.0,0,5.4097001627305525,5.338620442591987,5.753273263292533,5.625290289493813,6.234551332502591,0.5705011008537468,0.578028308099174,0.24386938000584837,0.27586206896551724
2024-02-27,2.0,1.0,0,4.9953199092065415,5.758361755302205,5.305161160678591,5.238372424490564,5.63426112402488,0.4830812314179102,0.5345641147769388,0.23974551426097687,0.27586206896551724
2024-02-28,2.0,6.0,1,5.0889652682694955,5.435802854147803,5.602267405298994,5.55704414988107,5.661291670912262,0.4871877747705022,0.4220912999311799,0.22937188771505834,0.21428571428571427
2024-02-29,2.0,3.0,0,4.891477524274775,4.520700179757767,5.348759393249138,5.250116346927391,5.543348001871369,0.46916991626162613,0.5965646145689721,0.24567432177328935,0.32121043052191933
2024-03-01,2.0,6.0,1,5.357745565229226,5.151585066585771,5.552236962847704,5.457378537800166,5.81670236095408,0.5105139049347979,0.7342968242111274,0.26076688407114235,0.45454545454545453
2024-03-04,2.0,7.0,1,3.475189037987858,3.4170543170431245,4.959278460361274,4.919766977096513,5.286557429319822,0.4291485762596513,0.49674982151691766,0.23623875640715603,0.27586206896551724
2024-03-05,2.0,2.0,0,5.087301857049638,3.609024689874864,5.1671349772537045,5.163405063949727,5.3321867164720915,0.43632910640237976,0.5207811512465572,0.23846107669775518,0.27586206896551724
2024-03-06,2.0,4.0,0,4.985716822989479,4.683878972269075,4.916488434735278,4.923139665233444,4.9825117682888065,0.38075763943132346,0.6089337931268575,0.24689852199270745,0.45454545454545453
2024-03-07,2.0,7.0,1,4.160138021500218,3.963389003139664,4.345269814117261,4.402670352052167,4.5219340696572266,0.306881407086856,0.44562241842171424,0.23154117273375857,0.21428571428571427
2024-03-08,2.0,7.0,1,5.553124194525076,5.456796526484952,4.208613129863381,4.178476006578213,4.491021545614571,0.3019566876351679,0.5179132609414469,0.23819484660765083,0.27586206896551724
2024-03-09,2.0,4.0,0,3.7657622555334136,3.7010446413663054,4.465929888719712,4.382705757322441,4.753444864063144,0.3439696089482986,0.38639115669535207,0.2260424411711234,0.21428571428571427
2024-03-10,2.0,1.0,0,3.8204689379239465,5.738526404808571,4.362568024655584,4.305086152810251,4.713072074711166,0.3374847557330368,0.4267091276631584,0.22979871601330434,0.21428571428571427
2024-03-13,2.0,2.0,0,4.209360715182124,3.925000147579838,4.354582484142269,4.331510206822452,4.502157755656511,0.30372976911685223,0.3453290146843265,0.22211116980553985,0.21428571428571427
2024-03-14,2.0,4.0,0,4.753057983660888,3.5126916149405454,4.957155493199885,5.04508326812021,4.856633812507167,0.3605518902746227,0.4749849828582641,0.23423749881245595,0.21428571428571427
2024-03-15,2.0,11.0,1,3.6522426120802343,4.211663502037455,4.686387276964732,4.666318191674068,4.86747026426809,0.36229299200756526,0.35958235738989347,0.22349179520517726,0.21428571428571427
2024-03-16,2.0,2.0,0,4.323806294763281,4.657604151783856,4.968236146565812,4.84124022569516,5.299538898700745,0.431194110068913,0.47903132944612437,0.23460909723435414,0.25
2024-03-17,2.0,8.0,1,4.727114137623422,4.6054783493398395,4.7433208558870446,4.69510294852263,4.830194996651194,0.3563033423023446,0.5360704111568431,0.23988643649499838,0.27586206896551724
2024-03-18,3.0,5.0,0,4.329444985764778,4.315781218751614,4.3184847937630915,4.287073974337068,4.459772242929166,0.29902426109841,0.4894144888261196,0.22596971040776476,0.22388059701492538
2024-03-19,3.0,3.0,0,4.14673504031019,3.4465878352760684,4.017581798168609,4.025493149159799,3.9525327815078413,0.2221768342738146,0.3766731793608916,0.21663969941536393,0.20306513409961685
2024-03-20,3.0,3.0,0,5.1619372651675555,4.311975068509209,4.692665841987856,4.498426180457464,4.9631991128020525,0.3774557636029747,0.49172666944185245,0.22615969749622028,0.22388059701492538
2024-03-21,3.0,3.0,0,4.31447169816381,3.6671199815450857,4.1547629764041325,4.229598259479826,4.150679248419084,0.2516713798839908,0.40329049913421455,0.21887723269073928,0.20306513409961685
2024-03-22,3.0,4.0,0,3.3371115000608027,2.368861814687109,4.040459490779622,4.094710216243607,4.037157601276651,0.23466797460301334,0.2950311994377063,0.20941161034953534,0.20306513409961685
2024-03-23,3.0,2.0,0,5.334379821457501,4.91692108421758,4.292121861918304,4.206491752749514,4.46175855887346,0.29933211405592547,0.3180187133800699,0.21152144834426584,0.20306513409961685
2024-03-24,3.0,1.0,0,2.8679811380593163,2.204113654667195,4.084423909827524,4.071690103493295,4.218459406690694,0.26193960583367154,0.2393632897982791,0.20392559577412026,0.20238095238095238
2024-03-25,3.0,4.0,0,4.536504517914266,4.433119495222611,4.523968355901128,4.491124025716489,4.5662048962997765,0.315559360652389,0.39364462808300615,0.21807074385850164,0.20306513409961685
2024-03-26,3.0,5.0,0,4.650872195128037,3.785360332563518,4.755853551072879,4.767594617153197,4.7299975357592325,0.3411033471361629,0.36179509065709214,0.21536986501801725,0.20306513409961685
2024-03-27,3.0,4.0,0,3.9753659960867846,3.815604510840746,4.126835601003757,4.126227369124897,4.160524669470867,0.25315790943648836,0.37109795269557794,0.2161656961066584,0.20306513409961685
2024-03-28,3.0,4.0,0,4.190228386647137,4.610891517223708,4.565557935046916,4.513710820448897,4.666329234272975,0.33116646058921656,0.34838281386252956,0.21421041157107656,0.20306513409961685
2024-03-29,3.0,3.0,0,3.513878759084022,3.097329152068464,4.69308703322991,4.648774644208619,4.791959938238869,0.35077500921020915,0.3237048491102657,0.21203269103121924,0.20306513409961685
2024-03-30,3.0,1.0,0,3.62613370991215,3.109356493038125,4.490884227137228,4.538361626436407,4.459783540345714,0.29902601195865314,0.4415571971221788,0.22204252568397057,0.20306513409961685
2024-03-31,3.0,3.0,0,3.4923267778497755,3.6568272467383838,4.218639415641173,4.314073556380148,4.101835636306845,0.244323585136481,0.45143338266352373,0.22285381072426272,0.20306513409961685
2024-04-01,3.0,3.0,0,3.8651516538585557,3.123374210358506,4.046084052891674,4.079548116799913,4.150261120325666,0.2516082871804225,0.31087600607412,0.21087356829547235,0.20306513409961685
2024-04-02,3.0,3.0,0,3.399103762423306,3.033080484689443,4.048177718234278,4.033920642849261,3.9671232390431803,0.22431816450360575,0.3599562351217818,0.21521178051866596,0.20306513409961685
2024-04-03,3.0,6.0,1,3.6859494206442553,3.769056361268089,4.117948581675478,4.186932898302055,4.257080443388205,0.2678240915316252,0.30192315124815067,0.2100519229275664,0.20306513409961685
2024-04-04,3.0,3.0,0,3.4438302480530756,3.476959045075558,3.801625993961892,3.7876052828757856,3.8737091280983162,0.21070427296537259,0.25082985027141613,0.2051091167945536,0.20306513409961685
2024-04-05,3.0,3.0,0,3.5845508601732963,3.330886806121366,4.0129901699416575,3.9347630077368763,4.313906838153408,0.2765219191658142,0.25054706141279115,0.20508031065186016,0.20306513409961685
2024-04-06,3.0,6.0,1,4.124074976674072,3.292248688246732,4.048412118476523,4.03658630447008,4.249025828945361,0.2665949709256145,0.22278476779228376,0.20215295072593314,0.20238095238095238
2024-04-07,3.0,2.0,0,3.9285663046929176,3.5744592453740824,3.878792628009738,3.926450348071601,3.8129853469100192,0.20198404475360346,0.24273326226275366,0.20427680564896628,0.20238095238095238
2024-04-08,3.0,3.0,0,3.757589289251694,3.3526668618426747,4.381617771770607,4.3374665767187395,4.469807426371145,0.300579909642637,0.20761404464186126,0.20045731180252746,0.20238095238095238
2024-04-09,3.0,4.0,0,3.2130905430254777,2.6892942705928315,3.434227244233666,3.458308031956251,3.453592696791138,0.15291959877026162,0.22681281202597467,0.20259087121698457,0.20238095238095238
2024-04-10,3.0,3.0,0,2.721973068387013,2.7714981342194744,3.27556747202684,3.240919689970321,3.27242174196201,0.13017764416858707,0.21700157961599725,0.20151548218632248,0.20238095238095238
2024-04-11,3.0,3.0,0,3.439195162959081,3.4243613334513388,3.7827958993476427,3.7575093865920968,3.8748348489919913,0.21086693302986373,0.23162512565996093,0.20310782115009118,0.20238095238095238
2024-04-12,3.0,4.0,0,2.5881062327260524,2.577999365669356,3.5621655142206015,3.4721182436155646,3.664926826694911,0.18120500084085872,0.18375675115922793,0.1976182965178391,0.20238095238095238
2024-04-13,3.0,2.0,0,2.5079469026199486,2.797866874872211,3.360056562137883,3.3527447560711656,3.4135077638364106,0.14776011537379455,0.15085544413107665,0.19324819484240868,0.20238095238095238
2024-04-14,3.0,1.0,0,2.327671809595552,2.637012768088003,3.67423786130184,3.536488591120596,3.7694189560881632,0.19579586622912887,0.2112229795548912,0.2008676783541087,0.20238095238095238
2024-04-15,3.0,3.0,0,2.514984577098398,1.9580335566027312,3.675528514067028,3.645251654304131,3.8094029435029593,0.20147299596489246,0.13371956179837685,0.1906892902370973,0.20238095238095238
2024-04-16,3.0,2.0,0,3.5949029501030325,2.902471495379851,4.779157435702674,4.624450769375364,5.03680488646771,0.38887916856432864,0.2245112333698415,0.20234124464394423,0.20238095238095238
2024-04-17,3.0,3.0,0,3.200171457221207,2.4217456257105914,4.398599222897146,4.247591385162562,4.4899210206458315,0.3037002708686727,0.2162144647304039,0.20142789534285796,0.20238095238095238
2024-04-18,3.0,7.0,1,3.30178757970894,3.760429265190846,3.506171799332409,3.5034628580942155,3.5967895270399985,0.17189656080833596,0.18260832705967492,0.19747549463791808,0.20238095238095238
2024-04-19,3.0,7.0,1,3.4641256363322084,3.170199350322491,3.5325310023117176,3.5350161261542468,3.5837538035732157,0.17013539189951624,0.2635458839281435,0.20638594489323003,0.20306513409961685
2024-04-20,3.0,1.0,0,3.6654802437943426,3.3673961177858946,3.4798499545858945,3.533374485273609,3.4625552554830654,0.15408267378721177,0.2406975020682309,0.20406499128789116,0.20238095238095238
2024-04-21,3.0,4.0,0,3.64857641041782,3.76769444936966,3.7098118055721523,3.713874773388828,3.6071037920408586,0.1732946120947915,0.34587970847843896,0.21399229103706943,0.20306513409961685
2024-04-22,3.0,4.0,0,3.7197789858736208,2.2405542933780427,3.698338325728026,3.6269163294737172,3.6773127784910864,0.18291508764598632,0.308755880997123,0.21067998568253074,0.20306513409961685
2024-04-23,3.0,3.0,0,3.1330529132754323,3.7263376697937014,3.64456871436579,3.6876964257869926,3.637259249515526,0.17740477463493654,0.271489227543956,0.20716635670386563,0.20306513409961685
2024-04-24,3.0,5.0,0,3.343879100018403,3.2610224715743716,3.7379912948999143,3.6944206236133947,4.151848729113435,0.2518478636510214,0.27946887248383295,0.20793817424146535,0.20306513409961685
2024-04-25,3.0,3.0,0,4.25359952724341,4.4049672776007505,3.8149240277662972,3.808836327811011,3.935226163600764,0.2196438548453578,0.31167464639815007,0.21094633528269188,0.20306513409961685
2024-04-26,3.0,4.0,0,3.7126950051336998,4.303775678509442,3.4065625949230283,3.507014804540177,3.4018338971091957,0.14627074813188914,0.29292680908677066,0.20921466558305485,0.20306513409961685
2024-04-27,3.0,4.0,0,3.6556320457697846,4.2615327071405416,3.465324303895327,3.494044507248847,3.5598552047003045,0.16692356823308285,0.25105636776487705,0.20513217746717813,0.20306513409961685
2024-04-28,3.0,8.0,1,3.4850209685046827,3.1089649104941164,3.1310970428339635,3.14125894944649,3.2254572043574274,0.12453498734763169,0.22197890476285054,0.2020647495125193,0.20238095238095238
2024-04-29,3.0,8.0,1,4.539754488573067,5.47540482114785,4.641264345857285,4.631546709237643,4.689183884641269,0.3347328817599508,0.3875798780735236,0.2175612625238805,0.20306513409961685
2024-04-30,3.0,2.0,0,4.0801043258736795,4.103460804838989,4.348967089856849,4.416036726293028,4.028193928531491,0.2333369537566917,0.2881442941606872,0.20876448140647264,0.20306513409961685
2024-05-01,3.0,5.0,0,3.357760948310183,3.646174952729362,3.4355498228323245,3.4572021777172535,3.392340990277734,0.1450640947873571,0.32931262968781433,0.21253319453126512,0.20306513409961685
2024-05-02,3.0,2.0,0,3.1449726936802027,3.4830217449115484,3.327861676819617,3.3420884895153273,3.2265924241147044,0.12467009247320096,0.23552129636218577,0.203521589589107,0.20238095238095238
2024-05-03,3.0,6.0,1,3.1047673877121675,2.7074871176781756,4.206704782744103,4.126261947500591,4.231479719744854,0.26392086352978705,0.22013856126973735,0.2018625714382339,0.20238095238095238
2024-05-04,3.0,5.0,0,3.916768595804975,3.1234155631749556,3.9421780669425237,3.973686591976864,3.760169303909444,0.1944897015719254,0.3422266959276517,0.21367291775607608,0.20306513409961685
2024-05-05,3.0,6.0,1,3.515033972298768,3.1679046882534987,3.5871081516687187,3.640527222560046,3.473335300123839,0.15548611861874362,0.2535918895797964,0.20538950034077286,0.20306513409961685
2024-05-06,3.0,1.0,0,3.0264843036084734,3.7991746162717095,4.287613503169369,4.413100220193826,4.20976993866835,0.26061886819016983,0.2931483144178768,0.20923542813967877,0.20306513409961685
2024-05-07,3.0,2.0,0,3.9093153562146505,2.4205086938243325,3.6271474206322134,3.529874463841432,3.511745241444798,0.1605261305731531,0.2864002189737118,0.2085993861991622,0.20306513409961685
2024-05-08,3.0,2.0,0,2.3157270273217945,2.307592632138583,3.6906596009975585,3.683280844880616,3.637140393471542,0.17738850901019454,0.2092015163221225,0.20063838425180938,0.20238095238095238
2024-05-09,3.0,3.0,0,2.8620289995318724,2.8854228424352186,3.602673027888286,3.5664872673487715,3.781083263452538,0.19744687983367412,0.20221516838785195,0.19983466177135084,0.20238095238095238
2024-05-10,3.0,1.0,0,2.7753675227919468,2.31440875971866,3.033430543704825,3.0073038399113705,3.151342193789775,0.11585584241945393,0.2227366263571382,0.2021476872710636,0.20238095238095238
2024-05-11,3.0,4.0,0,3.1333178104804635,2.5459964599455134,3.520874747460511,3.462322013832545,3.452616859983528,0.15279317083499436,0.13781212283662764,0.1913219099620635,0.20238095238095238
2024-05-12,3.0,8.0,1,2.7852799469962655,2.685247035289613,3.205839163102298,3.1603335065857556,3.110611504615718,0.11120737716006647,0.11564279758854362,0.1877025810493984,0.14814814814814814
2024-05-13,3.0,5.0,0,2.800927994154478,2.692555917849929,3.208325394682431,3.2023511298418383,3.3200955097746743,0.13601508835297907,0.1713082046694664,0.1960359131552595,0.20238095238095238
2024-05-14,3.0,3.0,0,3.027818410199491,3.2344900190604617,3.039294973118294,3.028731944188504,3.048158703001965,0.10425216706332446,0.1967738349995541,0.1991959416444019,0.20238095238095238
2024-05-17,3.0,4.0,0,2.718909947555504,2.5373756798441067,3.485645902072067,3.4252314603044214,3.680980899831952,0.18342256689820252,0.1818219340516875,0.19737735227602876,0.20238095238095238
2024-05-18,3.0,7.0,1,2.4893240883418484,2.0098030313418884,3.0356897796905082,2.9786998481611677,2.9679255182835096,0.09563210717007552,0.19086585265995673,0.19848895261147267,0.20238095238095238
2024-05-19,3.0,3.0,0,3.147343785239656,3.225949610293706,3.1476378667606006,3.131953615665808,3.14312875153664,0.11491144122813957,0.24039160825252204,0.20403307271616553,0.20238095238095238
2024-05-20,3.0,6.0,1,3.117612732152275,2.9018434113122793,3.1330483971480967,3.1715155955528527,3.1012425381931745,0.11015056667165747,0.1974926229118249,0.19928098177176767,0.20238095238095238
2024-05-21,3.0,3.0,0,2.722411526895715,2.646256119629169,3.064224760038627,3.1139896167009713,3.113736176228039,0.11156087850842968,0.2318538991210853,0.2031322325354096,0.20238095238095238
2024-05-22,3.0,3.0,0,1.6404220923150643,1.777322885441344,2.72749940167429,2.660127362634552,2.7525559286169603,0.07433489057645201,0.1364153106574768,0.19110761543489535,0.20238095238095238
2024-05-23,3.0,4.0,0,2.8948464302974686,2.362319686457784,2.989598568471139,2.934138675061163,2.963336360039914,0.09515001761056532,0.1911806598701206,0.19852699338286114,0.20238095238095238
2024-05-24,3.0,7.0,1,3.238008833830653,3.7003628453373563,3.1769073198926088,3.1400248638244084,3.0492618021824387,0.10437317587391276,0.3002883571527173,0.20990067361441675,0.20306513409961685
2024-05-25,3.0,4.0,0,2.7327276144178008,2.7159430883258664,3.1018434914630943,3.1611100724068053,3.0389144601766698,0.10324071457914044,0.26435369218424787,0.20646588802660637,0.20306513409961685
2024-05-26,3.0,7.0,1,3.1593363749738397,2.2771266832950943,3.1670524904919684,3.197528223451699,3.0637195233616827,0.10596533710785747,0.1643760698051679,0.19511934568500408,0.20238095238095238
2024-05-27,3.0,6.0,1,3.031326093924641,2.374297403606513,3.193234429391501,3.066301651423035,3.067153384573125,0.10634517061291075,0.24161813728830606,0.2041609107785393,0.20238095238095238
2024-05-28,3.0,4.0,0,2.004079960311367,1.4669767701497447,3.2204043267631786,3.182459118346865,3.257535030683441,0.12837729716180452,0.1949495649618178,0.19897917611025462,0.20238095238095238
2024-05-29,3.0,8.0,1,2.7168266570045123,3.027546150114911,3.391010066228076,3.386035534457903,3.245539035747796,0.12693444588937094,0.22618485658029808,0.20252291979832782,0.20238095238095238
2024-05-30,3.0,2.0,0,2.13212532188848,2.0290199258286403,3.1835316640084432,3.0850084667667677,3.2527433419250316,0.1278001142286653,0.20545074349831383,0.20020910455860344,0.20238095238095238
2024-05-31,3.0,9.0,1,1.9069927174107708,1.6551749442079071,2.9714104869398597,2.952773889712001,2.8790259816630352,0.08650912386875076,0.13879718638804797,0.19147204961261527,0.20238095238095238
2024-06-01,3.0,1.0,0,2.9915033023793893,3.4918925557142835,2.826564642079697,2.917022262884352,2.6637508906308844,0.06636822223069626,0.2810452013026246,0.20808927722913093,0.20306513409961685
2024-06-02,3.0,2.0,0,2.946282053793982,3.2705867935425386,3.031899384704644,3.041884208122485,2.9199203557428954,0.0906488982719262,0.28931313564753625,0.20887484538980294,0.20306513409961685
2024-06-03,3.0,7.0,1,3.2588134387860435,3.046650297533058,3.0106594431353986,3.103651200293827,2.962913711387332,0.09510567885653655,0.2066369465447082,0.20034541357822136,0.20238095238095238
2024-06-04,3.0,4.0,0,2.938001272464619,2.661070228562242,3.0668278525754284,3.136308197216922,2.8593392894238425,0.08455122229551004,0.27780916107047904,0.20777860138025622,0.20306513409961685
2024-06-05,3.0,8.0,1,4.279030769067513,4.390124082759865,4.919389969034433,4.8123977008983925,4.827039877361018,0.35624856172494174,0.41060213233172355,0.21948578217131784,0.20306513409961685
2024-06-06,3.0,6.0,1,3.514172739250415,2.742137356549068,4.332102440229854,4.361091298378538,4.503344672468521,0.3057844281230982,0.2544114312156134,0.20547236017605802,0.20306513409961685
2024-06-07,3.0,7.0,1,3.7928250062840356,2.668453312080647,3.545389042066684,3.536166751538271,3.597530709202706,0.1719968908631895,0.3605938622603784,0.21526662687255158,0.20306513409961685
2024-06-08,3.0,4.0,0,4.465404751678751,4.6654694882357735,3.9663035572453214,3.9104313542129154,3.9697389874181757,0.2247026179727922,0.37049732911696587,0.21611450451609893,0.20306513409961685
2024-06-09,3.0,2.0,0,2.6807556102624175,2.8400872691792727,4.416545319959688,4.44443775402029,4.612528562718897,0.322775779481616,0.234774845322315,0.2034426391987187,0.20238095238095238
2024-06-10,3.0,6.0,1,5.288649832279314,5.0973867247176825,5.200610201780655,5.165450704858649,5.087288024870222,0.39669086776109197,0.3286711784601735,0.21247612334440927,0.20306513409961685
2024-06-11,3.0,16.0,1,5.484231804468232,4.10111735791811,5.695345271487962,5.777945546837754,5.886536472059845,0.515753279613867,0.31396521056697624,0.21115457527191278,0.20306513409961685
2024-06-12,3.0,20.0,1,5.10336363153282,5.69526792583014,6.8464740338930685,6.35821155740082,7.875057195070812,0.7462232913822777,0.31991101282590356,0.21169201750385272,0.20306513409961685
2024-06-13,3.0,15.0,1,3.413488123898091,3.383924344270186,6.023148376782233,5.974103412705422,6.13952606640923,0.5508554871934663,0.2884592684048661,0.20879424372279926,0.20306513409961685
2024-06-14,3.0,5.0,0,3.4649282170682962,3.7137607911270587,4.187127316326369,4.465153447989785,4.067565878350542,0.23919650832217978,0.2436997918251782,0.20437700404599113,0.20306513409961685
2024-06-15,3.0,5.0,0,4.405051334799581,4.056880588677256,3.397750363835958,3.5056397434912054,3.3295563339492955,0.13718636157218803,0.29262447005225417,0.20918631376759128,0.20306513409961685
2024-06-16,3.0,3.0,0,3.950827393301724,3.5463088468213115,3.6338972198086505,3.7519495719413203,3.6127795178625224,0.17406563385077334,0.28710420285081834,0.20866608620710567,0.20306513409961685
2024-06-17,3.0,5.0,0,4.426024845520028,4.891863041210704,4.9481046236930615,4.986511124972956,5.029793564027013,0.3877926517778321,0.28533391897569016,0.20849820074003886,0.20306513409961685
2024-06-18,3.0,8.0,1,4.204574284622846,4.806820681876489,4.199404433797707,4.253067355164596,4.1787366844924145,0.2559122648078165,0.280088327977683,0.20799760598708816,0.20306513409961685
2024-06-19,3.0,6.0,1,3.9797332972698283,3.75561375160828,3.6933356974635045,3.893300376733844,3.661341719947629,0.18071102920188362,0.29280962849328884,0.20920367868426426,0.20306513409961685
2024-06-20,3.0,6.0,1,4.790526402862942,5.092855454052273,5.32152474648694,5.252655913176473,5.566558580888202,0.46937075774871573,0.3423465151881892,0.2136834134271928,0.20306513409961685
2024-06-21,3.0,15.0,1,5.318903460025712,5.009190306825186,5.470710550079567,5.426845962041079,5.399265370871511,0.44436793007298625,0.3518917556237987,0.21451522916277319,0.20306513409961685
2024-06-22,3.0,2.0,0,4.564073267623061,5.480515233107918,4.841836614284245,5.004116691159005,4.875636966705425,0.3638261356333945,0.3324220294408803,0.21280920610382228,0.20306513409961685
2024-06-23,3.0,6.0,1,3.8677331290993426,3.502675271062455,4.028483972245098,4.1327816123218515,4.188646563120795,0.25741345630095924,0.33559057500929884,0.2130894048500887,0.20306513409961685
2024-06-24,3.0,4.0,0,3.555628294809238,4.041934336278035,3.4460055156357083,3.4596371342700616,3.7258247996449407,0.18966407609222483,0.2587008014268026,0.20590360153007276,0.20306513409961685
2024-06-25,3.0,3.0,0,4.174728773696361,4.378372652819483,3.9528752986798246,4.022404211358605,4.352616103254692,0.28247093323614275,0.26602154556468055,0.20663052254599484,0.20306513409961685
2024-06-26,3.0,6.0,1,5.525880313137,5.23277969465639,4.533144919791175,4.824866764058158,4.950940013455081,0.37554986318160427,0.3630909438390331,0.21548110947005714,0.20306513409961685
2024-06-27,3.0,3.0,0,4.507267790639136,3.847665424334856,4.671143194296649,4.651340787348024,5.481736777740506,0.45675114449043763,0.24203400707300074,0.20420416885776066,0.20238095238095238
2024-06-28,3.0,2.0,0,3.478019696264033,4.704447318453953,4.074073932262865,3.9395688188668503,4.690330811754042,0.3349118792332746,0.3243267966545193,0.21208837798938204,0.20306513409961685
2024-06-29,3.0,8.0,1,4.049646751108907,4.020383475955786,4.387775560281357,4.222345659252427,4.960939231971401,0.37710448840354055,0.37961760546324747,0.21688920757990537,0.20306513409961685
2024-06-30,3.0,3.0,0,1.9021090184166791,2.0665607431653785,3.5399638106887505,3.3360424582762835,4.188216914601633,0.2573483362869768,0.2532410878268307,0.20535398606825914,0.20306513409961685
2024-07-01,3.0,3.0,0,3.9578602691534224,3.7175612950630206,4.208255472083954,4.176674367511723,4.85529685258206,0.3606554482559351,0.39702042279710903,0.21835350280700908,0.20306513409961685
2024-07-02,3.0,3.0,0,2.65554422012111,3.4711305490329587,3.9532718891080183,3.887414675262723,4.618621342997483,0.3237255643227534,0.32164329806488756,0.21184778304806168,0.20306513409961685
2024-07-03,3.0,5.0,0,3.188890832104215,3.77628118139262,3.7428746196871354,3.5798410642756817,4.4134147066090526,0.29184916949771966,0.34907701457774887,0.21427080308057145,0.20306513409961685
2024-07-04,3.0,4.0,0,3.9894201928979975,3.7532423790011604,3.990514155731106,3.8919857835823177,4.811447875738144,0.3538160219507624,0.39845070823824996,0.2184731348116114,0.20306513409961685
2024-07-05,3.0,4.0,0,3.8271059847267432,3.332143923156334,3.8578518188113473,3.7288274316352337,4.683180014772751,0.3337959064737933,0.3801934178813152,0.21693793727919505,0.20306513409961685
2024-07-06,3.0,4.0,0,2.746078801512362,2.3497365168888096,3.629854603092947,3.446596132480448,4.192521815525967,0.2580009539665076,0.2821050498393245,0.20819062684509262,0.20306513409961685
2024-07-07,3.0,2.0,0,2.9373342668953493,3.229333523445469,3.302313480564253,3.1235173144100257,3.8595110031125963,0.20865579561614617,0.25103480657114496,0.2051299829373228,0.20306513409961685
2024-07-08,3.0,6.0,1,2.8059751405571642,2.905988869754228,3.201907496212416,2.9941840949404126,3.5960576459258085,0.17179751018622794,0.2404702051667569,0.2040412762257442,0.20238095238095238
2024-07-09,3.0,8.0,1,2.496138119152036,2.898840203154787,3.330891987719089,3.1180418292810925,3.822678959590857,0.20336882901793116,0.2702941248901989,0.2070497351856418,0.20306513409961685
2024-07-10,3.0,6.0,1,3.274332494543888,3.6600585514568396,3.0827381755506535,2.9939763750309734,3.2877841842662976,0.1320468117048887,0.3398344032812697,0.21346307012061738,0.20306513409961685
2024-07-11,3.0,5.0,0,3.052997816910618,2.3263851116685803,3.487430123663168,3.316668639967159,3.5907551911789,0.17108049828585117,0.3020598915520942,0.21006455648264175,0.20306513409961685
2024-07-12,3.0,2.0,0,2.8597682632826853,3.907949644397274,3.459458881697093,3.305566691636626,3.555092537403862,0.16628615021301701,0.27485116924659425,0.2074929685931085,0.20306513409961685
2024-07-13,3.0,4.0,0,3.996270730334982,4.205685101460893,3.371984257250016,3.355887668833487,3.4937099910454776,0.15815200221306033,0.31421122735803925,0.21117690090387542,0.20306513409961685
2024-07-14,3.0,6.0,1,3.501924250872762,3.5367140269526187,3.339537674519994,3.2784936764610553,3.362403994692676,0.14128532630784252,0.2416684501610094,0.20416614657220392,0.20238095238095238
2024-07-15,3.0,6.0,1,3.0614988928490217,2.708701972334913,2.923602840400389,2.888263103008228,2.916124886760369,0.09026057495974131,0.2939218298551087,0.20930787272990917,0.20306513409961685
2024-07-16,3.0,3.0,0,2.9327987853550805,2.6435622379773784,3.7678963872681615,3.6233012775117586,3.6720314247724315,0.1821852480226499,0.29485480623782184,0.20939512842836472,0.20306513409961685
2024-07-17,3.0,10.0,1,2.426290683760956,2.1938361873746337,3.0493896338604487,2.966188980099308,3.1416500146816877,0.11474178755065018,0.25788068796268504,0.20582146159462653,0.20306513409961685
2024-07-18,3.0,3.0,0,3.481494449747256,2.7451502992426153,3.4666059526609727,3.47993013285428,3.4688119244375963,0.15489662635462983,0.3151254889923489,0.21125980099218009,0.20306513409961685
2024-07-19,3.0,8.0,1,3.7533611699738336,4.0520464830406855,3.786906092939423,3.783405777200412,3.594065159804781,0.17152795582531638,0.42497995786118936,0.22067666927241542,0.20306513409961685
2024-07-20,3.0,4.0,0,2.131162715409259,2.192775411417532,3.2873002508185007,3.2390580390477473,3.20825474684051,0.12249559600999554,0.2607917520140448,0.20611237028173826,0.20306513409961685
2024-07-21,3.0,4.0,0,2.8856015662564,2.532793207119259,3.382107038795063,3.310448992040869,3.610989901509115,0.1738223925985849,0.2328663555911456,0.20324009204539184,0.20238095238095238
2024-07-22,3.0,8.0,1,2.9556851992752065,2.4756792608241067,3.4232371807710376,3.330701572483095,3.351312853148375,0.1398957189371501,0.22075178183072666,0.20193005640873773,0.20238095238095238
2024-07-23,3.0,2.0,0,3.7013253701546827,3.3698810006182036,3.3476833322651975,3.3133996176438254,3.6475869293452203,0.17882009130601362,0.30955124830784714,0.21075267877319737,0.20306513409961685
2024-07-24,3.0,1.0,0,3.675270801416975,4.577229012621029,3.1842205102787133,3.19561243193694,3.1805510012618723,0.1192427411155993,0.20009346361573901,0.1995869799382507,0.20238095238095238
2024-07-25,3.0,2.0,0,2.7033277310013712,2.880507154668285,2.9730982602655898,2.950095708655544,2.9833254221573453,0.09725860755478752,0.16712670192881846,0.19548627193597493,0.20238095238095238
2024-07-26,3.0,3.0,0,2.664163383155423,2.3968948484018586,3.040666416244326,3.040908123430361,3.0520942579546664,0.10468419927352172,0.2267081333601719,0.20257955194504654,0.20238095238095238
2024-07-27,3.0,5.0,0,3.601575865892272,3.4554159087792793,3.4774847652005847,3.429697028807881,3.3854523620264825,0.14419099845477276,0.3283154572389101,0.21244445445440524,0.20306513409961685
2024-07-28,3.0,3.0,0,3.2421835495175158,3.6392489476233822,3.7880788517207065,3.72571743793617,4.142693860688111,0.25046699637617176,0.3776917183657269,0.21672607230581842,0.20306513409961685
2024-07-29,3.0,6.0,1,3.3457077835418585,2.987054143052332,3.7143108649628176,3.707909629204967,3.500911027566978,0.15909833060508813,0.3577797013534079,0.21502431771986066,0.20306513409961685
2024-07-30,3.0,5.0,0,2.68481507405922,1.9753340092407854,3.1627674333366276,3.268742636691998,3.157667740117759,0.11658556831883134,0.20835015218036573,0.2005413858866579,0.20238095238095238
2024-07-31,3.0,15.0,1,4.993798599192455,4.947695044023898,4.712986356862039,4.674809201777339,4.783002569202328,0.34937705229032734,0.3920765272054097,0.21793920089443938,0.20306513409961685
2024-08-01,3.0,22.0,1,4.51303816128855,4.679092961424006,8.072794542789078,7.510450243860395,8.852990277297645,0.821466230960678,0.4198027318617739,0.22024863916045206,0.20306513409961685
2024-08-02,3.0,14.0,1,3.6479835196776964,3.4752431147097096,5.250156757798302,5.287415312706542,5.599995374575632,0.47431080719024205,0.3206665935186962,0.21176000294410072,0.20306513409961685
2024-08-03,3.0,8.0,1,3.847780169602105,4.071193726990917,3.7683607840754894,3.908529461751493,3.930470059337185,0.21894910576346915,0.3637072886281883,0.21553397512689612,0.20306513409961685
2024-08-04,3.0,12.0,1,5.148879508306189,5.912635989650024,4.132325834668371,4.278609319919424,4.30255121450122,0.2747803126359936,0.44908412151704974,0.2226609472358877,0.20306513409961685
2024-08-05,3.0,9.0,1,5.212186529046257,5.3173282658822565,3.8534220735090137,3.808598140179023,4.030292311124513,0.2336483819223371,0.3876503127799695,0.21756719105933445,0.20306513409961685
2024-08-06,3.0,9.0,1,3.5660547377931553,3.444089369739771,3.9813357294145177,4.086238652412203,4.296554942550015,0.2738613537623278,0.34481389318945993,0.21389923996983223,0.20306513409961685
2024-08-09,3.0,8.0,1,3.25875154256927,3.8745822581275484,4.067161423921003,3.9964992131637747,4.268357056267209,0.2695464886093717,0.24193773733012156,0.20419415893929882,0.20238095238095238
2024-08-10,3.0,7.0,1,3.0512928636579795,2.822424470387334,4.760311578908947,4.753060603334738,4.881976838815815,0.3648141192289627,0.34804088861070814,0.21418065000520745,0.20306513409961685
2024-08-11,3.0,7.0,1,3.6461928800470056,6.593477988158202,4.932998766490295,4.88607516786914,4.948805313681068,0.37521789905852154,0.4182767214928828,0.22012231515174752,0.20306513409961685
2024-08-12,3.0,5.0,0,3.327863093575365,4.586894219856034,4.510968287424453,4.568356371267595,4.591400282488242,0.31948323079989777,0.3401132748460518,0.21348756116516304,0.20306513409961685
2024-08-13,3.0,5.0,0,3.1660181704750743,4.139443574902698,4.335189069866024,4.317356747130458,4.398548127378381,0.2895524108940039,0.3167591773271552,0.2114076713637989,0.20306513409961685
2024-08-14,3.0,8.0,1,2.909480810751409,3.0561425637773945,4.695521691937112,4.789813719813144,4.8318007851357985,0.3569912100038061,0.26134136438686684,0.2061670914692352,0.20306513409961685
2024-08-15,3.0,2.0,0,3.5248776647551936,2.752551098648878,5.105352947309832,5.333784282129213,5.5466368093707885,0.46641797361751003,0.35516032424051575,0.21479819964542204,0.20306513409961685
2024-08-16,3.0,3.0,0,3.669119226110537,4.125923972025758,3.974178458645305,3.9095875788986683,4.278625386055755,0.2711164723398903,0.3475153177677908,0.21413488298960656,0.20306513409961685
2024-08-17,3.0,5.0,0,2.9761602602991553,2.889989959572049,3.9418797788289925,3.8198449477009366,4.036942268875207,0.23463597868073247,0.31740545962039596,0.21146607620727118,0.20306513409961685
2024-08-18,3.0,8.0,1,3.4271644586323955,3.4660258424605295,3.7260436215874018,3.690126420925068,3.983549400805395,0.22673520517714796,0.36115042884081383,0.21531447441284995,0.20306513409961685
2024-08-19,3.0,2.0,0,3.6620132373227854,3.5716300108539834,3.4552533820310787,3.4251713808489104,3.7571879201833545,0.19406927715596228,0.2877829097301059,0.20873031371833717,0.20306513409961685
2024-08-20,3.0,3.0,0,3.4182246386729287,4.032257920720395,3.4581537681522634,3.4292369060928873,3.676787532183792,0.1828424591055124,0.2903483282774559,0.20897240518031715,0.20306513409961685
2024-08-21,3.0,2.0,0,3.402460198419261,3.8327224270327243,3.6231061739973818,3.5814555126871674,3.824212094896473,0.20358810341720843,0.35472089619941827,0.21476020992286302,0.20306513409961685
2024-08-22,3.0,6.0,1,3.4230344451682306,3.7097950372387563,3.3989189213016884,3.380802165575631,3.574956806416991,0.16895056132200895,0.3381300506712743,0.21331322226981478,0.20306513409961685
2024-08-23,3.0,5.0,0,2.9684536043127983,3.0629745385457388,3.3849387691429205,3.3621766436738523,3.5743208709547214,0.16886502533224348,0.25163356699687095,0.20519088562363139,0.20306513409961685
2024-08-24,3.0,2.0,0,3.132241593100279,3.5248941421639666,3.7290259269026556,3.65317917124382,3.811129463071823,0.2017192446098845,0.3668198775870479,0.21580051252187304,0.20306513409961685
2024-08-25,3.0,5.0,0,2.503263789695186,2.38600527049936,3.496585120332866,3.374736243894868,3.9688109293556155,0.22456619593328353,0.22839167461561327,0.20276121059708263,0.20238095238095238
2024-08-26,3.0,8.0,1,3.894887474039107,3.4184398260908213,3.8651960118851294,3.7877190139533803,4.196347876543203,0.25858124355702533,0.3539705676273416,0.21469530427482475,0.20306513409961685
2024-08-27,3.0,4.0,0,2.9191659633289078,4.1898241068312405,3.653098043410022,3.545012119290156,4.0785189654873,0.2408325491800361,0.2461326036773203,0.20462818452158427,0.20306513409961685
2024-08-28,3.0,4.0,0,3.1675764405018456,4.368003627448686,3.521691343221849,3.3842698648802467,3.8190699851629777,0.20285293814665892,0.24481562864549608,0.2044923917120241,0.20306513409961685
2024-08-29,3.0,6.0,1,3.2484444462739686,3.5381440857448996,3.2343543795722653,3.2167208207683817,3.426645735254625,0.14944345585825233,0.255135638140479,0.2055454555146135,0.20306513409961685
2024-08-30,3.0,4.0,0,3.2191154547647436,4.041916556826635,3.344933080387343,3.2947141569874208,3.5130940398805324,0.1607042194865114,0.2608327146426871,0.20611645085378288,0.20306513409961685
2024-08-31,3.0,7.0,1,3.091107479843177,4.0310769518225795,3.586194053041887,3.456308046854282,3.6707326561693336,0.18200591911134634,0.2018053548030173,0.1997869553241958,0.20238095238095238
2024-09-01,3.0,3.0,0,3.3194971013504846,2.594498222413755,3.2052686454800132,3.2199793648181734,3.1286165705276336,0.11325144556778942,0.21905594767822564,0.20174314083268516,0.20238095238095238
2024-09-02,3.0,4.0,0,3.887479918433437,3.163993470118029,3.5944183722249616,3.6430766654565803,3.4985229078043067,0.15878425739866314,0.2648009210357857,0.2065100896537419,0.20306513409961685
2024-09-03,3.0,4.0,0,3.151833511444775,2.827850347565885,3.2822426974587398,3.2768386920490613,3.384575511030857,0.14408001530411058,0.23619456388912938,0.2035926706556252,0.20238095238095238
2024-09-04,3.0,10.0,1,3.152306342879995,2.332723197947834,3.713308682434767,3.7047470548899244,3.5852208436374573,0.17033327029683457,0.2631561504319359,0.2063473276483152,0.20306513409961685
2024-09-05,3.0,4.0,0,3.0400715553623843,2.5396298978220484,3.4479616178090153,3.4407700884621284,3.557743817716149,0.16664087818363343,0.2253615934140866,0.2024336572875051,0.20238095238095238
2024-09-06,3.0,7.0,1,3.351826798413054,2.9555390158861723,3.3027040351035715,3.2946973175829823,3.2343611018245486,0.1255963868800039,0.17797525383914858,0.19689300090321749,0.20238095238095238
2024-09-07,3.0,4.0,0,3.4443701441166215,2.90971534654442,3.266518511686107,3.2623366021750146,3.3097302450262482,0.1347366832842203,0.2234283292302747,0.20222324537274577,0.20238095238095238
2024-09-08,3.0,1.0,0,3.5497566272514196,2.5403005335543667,3.27957614388556,3.2447806777150863,3.40177178490265,0.14626283993246236,0.2550131938141631,0.20553310526239843,0.20306513409961685
2024-09-09,3.0,5.0,0,3.889483881776868,2.8947219900875045,3.118670790392452,3.0872133952444476,3.1821373143030858,0.11942794177202491,0.24514952356864747,0.20452685971035342,0.20306513409961685
2024-09-10,3.0,5.0,0,3.177431462059191,3.4189149179842855,2.9580861267722263,2.9994909222713906,2.8351310912298233,0.08217512869719804,0.16027843703159825,0.19456446495331764,0.20238095238095238
2024-09-11,3.0,3.0,0,3.3357528568974724,3.304645819432133,3.269618350218778,3.222117014629274,3.2058377553340374,0.12221025040733739,0.3266575867017767,0.21229667202077301,0.20306513409961685
2024-09-12,3.0,1.0,0,3.3694853859718896,2.491487035758736,3.308961628047128,3.2982239321793014,3.169493291198797,0.11795535778327947,0.2902701305889583,0.20896504160816481,0.20306513409961685
2024-09-13,3.0,7.0,1,3.5538915592040254,2.7822195465181565,3.312556437089694,3.27100834065353,3.332800395463489,0.1375889500461347,0.2841761200429507,0.20838811607604096,0.20306513409961685
2024-09-14,3.0,5.0,0,3.076707226413767,3.0398624226260016,3.562482706902285,3.505937539671739,3.564668807982319,0.16756870497357682,0.3025891081798996,0.2101134259825011,0.20306513409961685
2024-09-15,3.0,3.0,0,3.6516822960322384,2.3986420172202934,3.8839539787749504,3.8897597221091913,3.8156515502168173,0.2023646444829947,0.3056465985068927,0.2103949865848117,0.20306513409961685
2024-09-16,3.0,7.0,1,4.221685831439025,3.8733690950803714,3.7477691563982285,3.8032575472162025,3.5733627723976267,0.16873618654708983,0.39838480332820575,0.21846762455570887,0.20306513409961685
2024-09-17,3.0,1.0,0,2.817856146616701,1.8572802781667381,3.2104253223244728,3.2019771310597314,3.2237496283084686,0.1243318861700088,0.25336235417649566,0.20536626592160748,0.20306513409961685
2024-09-18,3.0,1.0,0,4.687758221995467,3.2490739066658185,3.583676113350589,3.5817473091460403,3.465259590765214,0.15443428712339854,0.34714487345377704,0.21410260932616973,0.20306513409961685
2024-09-19,3.0,5.0,0,5.398767500353686,4.656282261514933,4.143780083766729,4.055004601314711,4.137922547267346,0.24974793642829338,0.37133474630092217,0.21618587126946112,0.20306513409961685
2024-09-20,3.0,2.0,0,3.131108189854387,2.748580294176511,3.0957793643412796,3.1512303034113365,2.9155474410673867,0.09020156842068847,0.29313289609821974,0.2092339831689887,0.20306513409961685
2024-09-21,3.0,6.0,1,3.203727640122693,2.821680191498529,3.456909817057809,3.5212321383568046,3.2154784597116803,0.12335017184242829,0.20520882648321007,0.20018124239261242,0.20238095238095238
2024-09-22,3.0,3.0,0,3.3715404374548377,3.7778613722159653,3.429037230020449,3.49765316732099,3.3167525243781215,0.13560222510261719,0.3449917830800949,0.21391477805196518,0.20306513409961685
2024-09-23,3.0,3.0,0,3.1810416584109773,3.170821194946718,3.345505390255717,3.3921736914526224,3.275603717715086,0.1305638613220737,0.2548128847527024,0.20551289401852496,0.20306513409961685
2024-09-24,3.0,2.0,0,3.1457779481909984,3.826098410844213,2.9438391318836197,3.001425859304593,2.879009539932419,0.08650747915231306,0.2508808329093025,0.20511430813494413,0.20306513409961685
2024-09-25,3.0,6.0,1,3.176049076687919,3.549092319216174,2.986967532437506,3.0624137700586918,2.862860361693132,0.08489972225389365,0.2893892036746374,0.20888202016627808,0.20306513409961685
2024-09-26,3.0,1.0,0,3.4137077001168956,2.961613763244656,3.4917676602277004,3.502821991721391,3.5336096115798794,0.1634220828807909,0.3367852999519817,0.21319478437248507,0.20306513409961685
2024-09-27,3.0,4.0,0,2.798143828232355,2.667854353944005,2.992834792823743,3.0706036000892993,2.818692638412345,0.0805815811917068,0.24001950096136745,0.20399421264375492,0.20238095238095238
2024-09-28,3.0,2.0,0,2.6462530424407715,2.4980017760021527,2.8702242099149764,2.9145530507410964,2.7216834326503263,0.07151016537966415,0.18636699884197583,0.19794060416952414,0.20238095238095238
2024-09-29,3.0,4.0,0,2.106203496113354,2.1382628338340437,3.297443591368697,3.3793200581994696,3.1800936907293313,0.11918937449215843,0.18559003576941457,0.19784499174450879,0.20238095238095238
2024-10-02,3.0,1.0,0,3.4657220723173383,2.637052405641374,3.463553040978665,3.52017394171347,3.295978830222029,0.13304851515345634,0.31053988584365266,0.2108429180226668,0.20306513409961685
2024-10-03,3.0,3.0,0,2.834775891538445,3.158680781340893,3.391165539088922,3.4085093137893048,3.425765081890454,0.14933038324190132,0.3132490919750461,0.2110895444128211,0.20306513409961685
2024-10-04,3.0,3.0,0,3.0825058329117083,3.7919212526315684,3.2516467108528646,3.2826471086174873,3.2459240338776296,0.12698064245284726,0.24856225452268618,0.20487760173608496,0.20306513409961685
2024-10-05,3.0,3.0,0,3.4575712148931084,3.638461271077527,3.622251214732145,3.6784855410567485,3.621878790424593,0.1753042323989323,0.21571077974567557,0.20137174117918538,0.20238095238095238
2024-10-06,3.0,4.0,0,3.5115742944243893,3.6071641375559174,3.321312444659469,3.335265256369253,3.2716181896550434,0.13008018954127135,0.27169140807860304,0.20718605894368078,0.20306513409961685
2024-10-07,3.0,5.0,0,3.6904675511198057,3.506341929767291,3.4709324282720266,3.4729992430176275,3.4365727632418808,0.15072038491242007,0.2409055074341637,0.20408668195873383,0.20238095238095238
2024-10-08,3.0,2.0,0,2.883935419078085,2.034723022199411,3.5547928743159627,3.577586233594815,3.443355958260765,0.15159537430327247,0.16000370902924746,0.19452689798627718,0.20238095238095238
2024-10-09,3.0,2.0,0,3.1591922684511506,2.73881014457906,3.5128718730101687,3.511766371091406,3.447756266501892,0.15216404703603856,0.1671597455842682,0.19549065352944583,0.20238095238095238
2024-10-10,3.0,1.0,0,3.3990450675268176,3.469001512955712,3.746757789723897,3.7576225128573273,3.7428220641903174,0.19204748168119823,0.26143446277668164,0.2061763543401199,0.20306513409961685
2024-10-11,3.0,4.0,0,4.10001958200744,3.454629092841847,3.8277164182813186,3.798343570424636,3.88004665336409,0.21162046999525724,0.29943315608988286,0.20982139621952,0.20306513409961685
2024-10-12,3.0,4.0,0,3.1631646484381806,3.0305573012893654,3.5154958276621273,3.5288878386849762,3.498066090561695,0.1587242059214346,0.26394160740071,0.2064251236236798,0.20306513409961685
2024-10-13,3.0,4.0,0,3.8200978059026207,3.9872090205659854,3.8862986803966932,3.89653774513832,3.9791353976737565,0.2260850560090622,0.3571929367623104,0.21497371445682534,0.20306513409961685
2024-10-14,3.0,2.0,0,3.1412388748923203,2.730052008489792,4.166576737709494,4.17434848957597,4.254238271697192,0.26739027068197924,0.23922934264966808,0.20391157584141328,0.20238095238095238
2024-10-15,3.0,4.0,0,3.006557349922076,2.6275552688492896,3.5534761449225236,3.52399918448655,3.505412249681126,0.1596909456849067,0.17699814011161838,0.19676881072787347,0.20238095238095238
2024-10-16,3.0,2.0,0,3.1838139954545723,2.743361218993985,3.5914444311310048,3.6571896205222605,3.417573312145328,0.14828021616081008,0.2809511746293803,0.20808027632254766,0.20306513409961685
2024-10-19,3.0,4.0,0,3.1746435914899354,3.313353472891939,3.141961422515831,3.1558694499897784,3.007633798348395,0.09985325384042291,0.19154699076476267,0.19857120691105548,0.20238095238095238
2024-10-20,3.0,5.0,0,4.016997981999841,2.465469179182426,4.450910883840726,4.30246881000528,4.480483842256151,0.30223583416464933,0.29215101981015557,0.20914188716436496,0.20306513409961685
2024-10-21,3.0,1.0,0,3.696524463456055,3.4911223172425707,4.152273351684122,4.0467114599987495,4.311329472019109,0.2761264823236199,0.29939637328228214,0.2098179840326121,0.20306513409961685
2024-10-22,3.0,1.0,0,3.192959255446538,2.7308120985931894,3.7491532996823267,3.6294470473488554,3.75630553875696,0.19394490161194833,0.22398477124413577,0.2022839226715841,0.20238095238095238
2024-10-23,3.0,3.0,0,3.1048205523422214,2.6459959745824,3.474228750341139,3.4582066485227814,3.4358382445033038,0.15062575601357708,0.20426281521733083,0.2000720813874298,0.20238095238095238
2024-10-24,3.0,4.0,0,2.6510689930081215,2.1472677740978092,3.5638583795686873,3.5126568121621182,3.5980285734666824,0.17206429587710717,0.2525577527598521,0.20528472658993815,0.20306513409961685
2024-10-25,3.0,2.0,0,3.1417658100257695,2.860441467792674,4.415616241707619,4.345044962533125,4.765284221267846,0.3466115223373615,0.3085753477344221,0.21066347388199816,0.20306513409961685
2024-10-26,3.0,2.0,0,4.458904609603051,3.3556951785560116,4.919663994176105,4.781465366163,4.792499837774757,0.3508592666302481,0.40372698020405806,0.21891362452707888,0.20306513409961685
2024-10-27,3.0,0.0,0,4.177815616838411,4.023799684131075,3.7906907108071595,3.7294316952211974,3.832766703995301,0.20481289632610086,0.43226283343418503,0.22127751158992326,0.20306513409961685
2024-10-28,3.0,2.0,0,3.1642083841704256,2.9554464262896225,3.847431872366471,3.8318496707172414,3.937112524614765,0.2199195677849004,0.2193995480560752,0.20178108591062677,0.20238095238095238
2024-10-29,3.0,3.0,0,4.701420150686497,3.118438441348724,3.5477254814096506,3.770125890085671,3.4913269717988427,0.15783930834570725,0.3231568319018021,0.21198358615785387,0.20306513409961685
2024-10-30,3.0,3.0,0,4.462201552397218,5.498498071657489,3.706774540568003,3.72867761701857,3.7216468007785837,0.18907969144002804,0.3610591646374376,0.21530663018146445,0.20306513409961685
2024-10-31,3.0,2.0,0,3.3927981830356515,3.465319922156123,3.4312023194410575,3.4362207557084106,3.265507335556914,0.12934009472832456,0.2005130229623995,0.19963609518786626,0.20238095238095238
2024-11-01,3.0,6.0,1,3.7127550061499344,3.456294672153369,3.6575372356312887,3.707527797024737,3.5118748942598366,0.16054324609153034,0.20682810728540332,0.20036733252061129,0.20238095238095238
2024-11-02,3.0,4.0,0,3.417374768089958,3.0313867346599164,3.6373001734670476,3.5730961297249033,3.7400211082848696,0.19165406876611055,0.27242294745845463,0.20725728142085934,0.20306513409961685
2024-11-03,3.0,3.0,0,4.098378522603462,3.9235564801481795,3.5347176983438318,3.560801814680877,3.4698519729765054,0.15503209046686758,0.3009401823914587,0.20996102621546858,0.20306513409961685
2024-11-04,3.0,4.0,0,3.203189229897327,3.948725905362699,3.243214775171451,3.293785918830606,3.13506324281869,0.1139874893656867,0.2408995023070509,0.204086055903059,0.20238095238095238
2024-11-05,3.0,6.0,1,3.7158389467478714,3.789272693871511,3.542745070832877,3.568223699240207,3.4487729707694315,0.15229555889427143,0.3122889286093519,0.21100224782518484,0.20306513409961685
2024-11-06,3.0,5.0,0,4.271906051146536,4.261231106234168,4.234664525485334,4.183548640724007,4.340406982320258,0.280592611690017,0.414699127228498,0.219825851721302,0.20306513409961685
2024-11-07,3.0,1.0,0,3.926314249008069,4.7671845580741765,3.625822465714939,3.68106815902616,3.385035925180752,0.1441382856713077,0.4281519260939295,0.22093852926806115,0.20306513409961685
2024-11-08,3.0,4.0,0,4.070393337691466,3.7918520568725174,3.972483656885185,3.9561727769294044,3.9659480475616506,0.22414549408799472,0.3241556240035465,0.2120730562854601,0.20306513409961685
2024-11-09,3.0,5.0,0,3.29198775940359,3.421297537325592,3.122271953723609,3.172657310335722,2.947620212346524,0.0935081517890087,0.1399732487865794,0.19165025110765946,0.20238095238095238
2024-11-10,3.0,2.0,0,3.6156606112781957,3.11131306926927,3.227784198447615,3.282758755339206,3.103833779734113,0.11044238696974107,0.22790066137642398,0.20270831423254804,0.20238095238095238
2024-11-11,3.0,3.0,0,3.5248981723769033,4.1811682666363685,3.853024657436522,3.8730506969734706,3.7306003617771033,0.1903327548775393,0.3797093282747248,0.21689697126028523,0.20306513409961685
2024-11-12,3.0,11.0,1,4.1531296584007755,3.9463976573051354,4.209838288892581,4.216975609143465,4.1256221293891135,0.24789618647918796,0.3468296020753575,0.2140751324971228,0.20306513409961685
2024-11-13,3.0,3.0,0,4.487710427359481,4.0862921772657845,4.38671967759447,4.362609668440512,4.145079025841826,0.25082661151002456,0.4197452924360048,0.22024388566522823,0.20306513409961685
2024-11-14,3.0,4.0,0,4.012959346613508,3.081236234356813,3.7323692421964942,3.762868556368421,3.432340291997081,0.15017543174536285,0.29818340140459876,0.2097053496425705,0.20306513409961685
2024-11-15,3.0,6.0,1,3.7381909693176203,4.138933158549103,3.567271118259452,3.645101639744385,3.464798205473467,0.1543742766170779,0.2951162247275821,0.20941955328116718,0.20306513409961685
2024-11-16,3.0,7.0,1,3.627242149313337,3.0875959793815078,3.7044170978939355,3.781400470592743,3.562294077706979,0.16725032188182148,0.3277164122687821,0.21239109123280062,0.20306513409961685
2024-11-17,3.0,0.0,0,4.063547889544352,3.818624129266441,3.990859164387009,4.079450073150961,3.8726352778139623,0.21054914102784708,0.318986003242693,0.21160869310992764,0.20306513409961685
2024-11-18,3.0,3.0,0,3.2804517994379894,3.8362539889983704,3.532771449581726,3.5986061744519846,3.3021596881115607,0.13380618251549564,0.2394052546608663,0.20392998717873892,0.20238095238095238
2024-11-21,3.0,3.0,0,3.751953611442678,3.495416522767411,3.564236232424066,3.58741407784973,3.461608602699722,0.1539596648158962,0.31523297103326825,0.21126953987743857,0.20306513409961685
2024-11-22,3.0,7.0,1,3.3702792013773673,3.485340319443061,3.409569038318656,3.4674085312722216,3.2874742842417386,0.13200899319580475,0.26886227341576563,0.20690964685039112,0.20306513409961685
2024-11-23,4.0,2.0,0,3.568940692975241,2.8815659971097003,3.1946458279330385,3.2945599829613497,3.1195943982355954,0.11225833404811471,0.3594159553291901,0.24590931268631783,0.25401069518716585
2024-11-24,4.0,3.0,0,3.6376131238585465,3.057701252868888,3.459383575120405,3.583334076357948,3.400441764314008,0.1461276961021998,0.3680840441408472,0.24690808768498765,0.25401069518716585
2024-11-25,4.0,9.0,1,3.015325518606379,2.457738782752553,3.3383819585744323,3.5102338871964713,3.212462041152157,0.12302684568134403,0.28229275546034427,0.236573014025535,0.25401069518716585
2024-11-26,4.0,7.0,1,3.686103848404957,3.4819130568934242,3.1791899770928245,3.317682035575402,3.083414193726193,0.10818557400890212,0.3399243255376744,0.2436334544078703,0.25401069518716585
2024-11-27,4.0,6.0,1,3.128309289723659,3.3567987442616283,3.5551797956196647,3.675965154550213,3.461953660325,0.154038520731611,0.4162389015114539,0.2523472580899641,0.25401069518716585
2024-11-28,4.0,4.0,0,3.554341113599448,3.3516558191474712,3.8020028926902403,3.916205566239142,3.6984514337230063,0.1858784142392424,0.5071655020868501,0.26241686360188504,0.25401069518716585
2024-11-29,4.0,3.0,0,3.641196939376827,3.0403929011237962,3.775108970281408,3.922149921600965,3.6376756297836654,0.17749475522086158,0.3829584199588549,0.24860586460886078,0.25401069518716585
2024-11-30,4.0,4.0,0,2.9431599452571255,2.038806802656382,3.7833946105542036,3.857489674348466,3.6703426408943205,0.1819847748372704,0.3056229056495402,0.23950200053466378,0.25401069518716585
2024-12-01,4.0,4.0,0,4.24025685710076,3.6803419220995814,3.695970707719476,3.806832751496237,3.5809374231125988,0.16978917453120526,0.4243599449152577,0.25325140931868473,0.25401069518716585
2024-12-02,4.0,9.0,1,3.5004968549657063,2.773740925555573,3.8742827061617713,3.9610760240380585,3.78853491779071,0.19853519081698268,0.5026163694495749,0.2619113484371838,0.25401069518716585
2024-12-03,4.0,1.0,0,3.384396155334122,3.3188255142077003,3.959261535502114,4.054655322657368,3.8725252948847206,0.21056336454861915,0.494034351150445,0.26095946095486205,0.25401069518716585
2024-12-04,4.0,2.0,0,4.054049803787163,3.1556692764672363,3.525051517462053,3.604070238342026,3.43823008547346,0.15096807336368695,0.3811248934476836,0.248397586596356,0.25401069518716585
2024-12-05,4.0,3.0,0,4.928261233606481,4.23827648028664,3.6240802119291424,3.6898269726224306,3.577739862740461,0.1693585319910937,0.4714502128509151,0.2584619214995973,0.25401069518716585
2024-12-06,4.0,4.0,0,4.040612398161894,4.464340644913147,3.5652394249691435,3.6794089286602767,3.535070823857365,0.16365002063483522,0.4169974472763527,0.25243182600709996,0.25401069518716585
2024-12-07,4.0,4.0,0,4.528662742537162,5.363728096733814,4.185627659616647,4.177928923802101,4.209827423622116,0.26065070031079923,0.5303239798019894,0.2650038870826596,0.25862068965517243
2024-12-08,4.0,7.0,1,3.890019706157183,3.6175551958674546,4.09666166308993,4.12730218638254,4.020080989450069,0.232161264994953,0.4359310364903389,0.2545356196296964,0.25401069518716585
2024-12-09,4.0,2.0,0,3.8913036683580042,4.289192149919005,4.2838115263036665,4.29864653435975,4.254257043021799,0.2674150784222037,0.4587145795395608,0.25705537689032343,0.25401069518716585
2024-12-10,4.0,3.0,0,3.9592686309531846,4.344844084780567,4.35582473124626,4.356018443681553,4.338657760431606,0.2803432573671318,0.40809197965919575,0.25143729286054717,0.25401069518716585
2024-12-11,4.0,5.0,0,4.246768777087211,4.543303979758018,4.6972163292009474,4.670398950457094,4.6975760417779,0.3360505899528089,0.5166143529381737,0.2634693781548248,0.25862068965517243
2024-12-12,4.0,4.0,0,4.031842681709773,4.206114767567815,4.720636579842831,4.671386402197762,4.732830503678671,0.3415522224139396,0.48164901133872495,0.25958884348612066,0.25401069518716585
2024-12-13,4.0,7.0,1,4.0027967392852055,4.31440376251596,4.489363464920237,4.4760382018009555,4.473252653112527,0.3011297161684422,0.47448461060519387,0.25879710809346373,0.25401069518716585
2024-12-14,4.0,9.0,1,4.9936618003693685,5.982542858171545,4.71708822159192,4.727338528500101,4.709013579593791,0.33783537954277815,0.6156078651359337,0.2748943260122565,0.25862068965517243
2024-12-15,4.0,3.0,0,3.8373711984916614,4.006435283831631,4.005239527794874,4.042651832389349,3.973390686670288,0.22526796890688366,0.3893996860133587,0.24933552630803169,0.25401069518716585
2024-12-16,4.0,6.0,1,3.7222573692011016,4.093232728875071,3.906889470970631,3.8954749528255426,3.9443981062233138,0.22101418824704955,0.42135431970101467,0.2529170879582474,0.25401069518716585
2024-12-17,4.0,3.0,0,3.805710433762073,5.040616538961163,4.239920930730696,4.243769396211887,4.26396492639607,0.2688970954320537,0.3985871229150008,0.2503712461999437,0.25401069518716585
2024-12-18,4.0,4.0,0,4.303317152489404,4.337226513739115,4.807781908213767,4.787664985059082,4.810102264125372,0.3536098420210977,0.5546658155423636,0.26775677770144374,0.25862068965517243
2024-12-19,4.0,4.0,0,5.01729917548276,5.901939152594796,4.814760967808844,4.821876639029722,4.767444546239249,0.3469541010368096,0.6642348519529885,0.28098310107189106,0.43478260869565216
2024-12-20,4.0,10.0,1,4.132404514497794,4.240436655089103,4.699559408666136,4.6926368356224595,4.666371568610449,0.33118211137968623,0.5390045422050733,0.26598096150724554,0.25862068965517243
2024-12-21,4.0,8.0,1,4.499421148644364,4.582859901930363,4.332916942256467,4.3490874649332865,4.366111285776955,0.2845679377648522,0.5004162376313173,0.26166711020214173,0.25401069518716585
2024-12-22,4.0,3.0,0,5.310182395197632,5.7088665104087735,4.56217265644876,4.590432502085475,4.568554175232438,0.31593753433060573,0.6392126321646425,0.2777948425026931,0.43478260869565216
2024-12-23,4.0,8.0,1,4.579512867184501,3.860464912499767,4.9180438920844605,4.858848871865575,4.920102803763586,0.3707516226990556,0.4626110363600192,0.25748572251543533,0.25401069518716585
2024-12-24,4.0,10.0,1,3.6789306884312896,3.215731798812055,4.7486592492821424,4.758060841488318,4.758800207447134,0.34560510847261666,0.5096825106299159,0.2626968835195422,0.25401069518716585
2024-12-25,4.0,5.0,0,4.4145504916875975,4.564790069070461,4.911198318663327,4.862932840768998,4.915843504914882,0.3700887388024146,0.46488714634894485,0.25773708901124437,0.25401069518716585
2024-12-26,4.0,5.0,0,3.9351062972296447,4.562123132316195,3.6788183450141902,3.7337441792213037,3.6962312450577857,0.18556987871087033,0.38524168403768044,0.24886486545263148,0.25401069518716585
2024-12-27,4.0,5.0,0,3.820791441148864,4.715759559886931,3.7555478221722036,3.756267198811367,3.8389236014056616,0.2057263652273498,0.4142653166539931,0.2521271089301854,0.25401069518716585
2024-12-28,4.0,1.0,0,4.45094236460007,6.485409563819042,3.7302393957339923,3.74295254602782,3.803677740861848,0.20068820677474353,0.47670784379182185,0.2590427374391371,0.25401069518716585
2024-12-29,4.0,5.0,0,4.086042246968397,4.218156103050616,3.838426594546971,3.864753089318952,3.9228680717142193,0.21786914034585572,0.26662083296939526,0.23453747147076512,0.20875420875420875
2024-12-30,4.0,5.0,0,5.9659818169830885,5.554136541121247,4.6069210774133955,4.650820212652681,4.667093320913204,0.33129469935193373,0.5215547175303376,0.2640212478732465,0.25862068965517243
2024-12-31,4.0,7.0,1,5.330082088795821,5.072612304326571,4.483064434264568,4.504091777571059,4.466683738216232,0.30011134275262946,0.6611347768779592,0.28058091271791813,0.43478260869565216
2025-01-01,4.0,5.0,0,4.943690584393306,3.926353790063754,4.784801276837641,4.779606070224845,4.805055672721994,0.3528225835718802,0.6656043554212799,0.2811614690168764,0.43478260869565216
2025-01-02,4.0,6.0,1,5.042754295843009,3.797960738669657,4.678257262519812,4.6676545844701876,4.687653305488814,0.3345022982960309,0.5321891049351151,0.2652134353830058,0.25862068965517243
2025-01-03,4.0,6.0,1,4.638807734326293,4.362036397546547,4.283464920833903,4.314513058546971,4.2800791687751305,0.2713601180830031,0.48820499016478874,0.2603139786672142,0.25401069518716585
2025-01-04,4.0,3.0,0,4.809997498801843,5.474938240439602,4.0082059670546855,4.003181247010831,4.0647395991191315,0.23880127298429876,0.4927147220232277,0.26081327046388325,0.25401069518716585
2025-01-05,4.0,5.0,0,3.9228497910772226,4.717906495763637,3.7543659116960306,3.795661084175399,3.8526679275274565,0.20770095957184562,0.3984587931843151,0.25035681689621764,0.25401069518716585
2025-01-06,4.0,9.0,1,3.552188907642541,2.3394110796679404,3.3383280687760633,3.416742823693522,3.407957939299877,0.14708545429230352,0.3037471012661082,0.23927048114004193,0.25401069518716585
2025-01-07,4.0,5.0,0,3.2527584434785872,2.766878794709933,4.057985514723559,4.0611186397883285,4.160061750097401,0.2531123078299562,0.2811598925417356,0.23642784656263222,0.25401069518716585
2025-01-08,4.0,3.0,0,3.1157771773433307,3.5551887412321133,4.5771525786067615,4.5607329873374365,4.6696813506014045,0.3316984211258483,0.38734381433126125,0.24910297197261874,0.25401069518716585
2025-01-09,4.0,4.0,0,3.870074577618837,3.8462493643303604,4.647824496711663,4.626077743184282,4.675883675279397,0.3326660091331685,0.41167313133802913,0.2518376821347336,0.25401069518716585
2025-01-10,4.0,3.0,0,3.1891283539041275,2.509276868175326,4.5842255859344485,4.620954040292884,4.589005495966816,0.31912188581849776,0.4020606198192221,0.25076142599470486,0.25401069518716585
2025-01-11,4.0,7.0,1,4.1171002554772596,3.87935198111621,5.09315650551168,5.062577527072797,5.148086568913778,0.4060593044554863,0.42137093274268195,0.2529189368131282,0.25401069518716585
2025-01-12,4.0,7.0,1,3.2251498030094297,2.854080750449082,4.963734736614736,4.934491964464109,4.979915953238245,0.38005044734928173,0.3886299600565996,0.24924849270804592,0.25401069518716585
2025-01-13,4.0,4.0,0,3.8633600699833233,2.942992144084572,4.756332914480534,4.725918572041537,4.782335559776857,0.34927776848866654,0.4629468508543858,0.2575228093156372,0.25401069518716585
2025-01-14,4.0,8.0,1,3.552536888263063,2.3952497382565032,4.333495876796465,4.389781208630282,4.3147329174126865,0.2766689695030385,0.4569007590192037,0.25685502248298747,0.25401069518716585
2025-01-15,4.0,1.0,0,3.412401471012852,2.7458612784406413,3.6168323781233043,3.6946955931536696,3.629585521555421,0.17638873512516798,0.2970440168484149,0.23843773879994895,0.25401069518716585
2025-01-16,4.0,4.0,0,3.950628896341592,3.22687227221842,4.1124579705621,4.163915069302908,4.185091886740757,0.2568985042327773,0.30425533847399594,0.23933327386260542,0.25401069518716585
2025-01-17,4.0,6.0,1,4.165113040173379,3.8393429410330526,4.907860605273323,4.8325112494952345,4.976938961709131,0.3795881155200368,0.49484701608410736,0.2610495108492118,0.25401069518716585
2025-01-18,4.0,5.0,0,4.117852656809457,3.8792961480296517,5.0387841370662985,4.9568574872521145,5.079082373620054,0.39541572257220764,0.4859287509629307,0.2600621262564659,0.25401069518716585
2025-01-19,4.0,5.0,0,4.525035518448903,3.584267592345227,4.603659199019813,4.609024317828994,4.650571009492572,0.3287176236571645,0.4342866756346815,0.2543533660668464,0.25401069518716585
2025-01-20,4.0,6.0,1,4.611345480268916,4.258014843113969,4.873715110653674,4.828245960130471,4.9590228038427,0.3768045741334265,0.4728220221856564,0.2586134470686569,0.25401069518716585
2025-01-21,4.0,5.0,0,4.107327957974007,4.5795707006463795,4.4909782917255034,4.4604119821745964,4.52293669209394,0.3088424287741884,0.46355895713630607,0.2575904087742704,0.25401069518716585
2025-01-22,4.0,3.0,0,3.9114957273613546,3.3152035564986146,4.098369644093311,4.122749190242906,4.137358077029293,0.24968776971941634,0.3751382956678285,0.2477156415008056,0.25401069518716585
2025-01-23,4.0,2.0,0,3.6408802767804005,3.415416023031877,3.898157528018086,3.9439801785062505,3.9276308594687848,0.21856383828592935,0.3911501542779707,0.24953329759339,0.25401069518716585
2025-01-24,4.0,2.0,0,3.98855791640829,3.343381754704345,4.574643706326681,4.553563379379239,4.690233764348019,0.3349049273087512,0.48082540079075486,0.2594977952313087,0.25401069518716585
2025-01-25,4.0,10.0,1,4.608974360209438,5.682779882681791,5.034930909836738,4.972822933822506,5.087690208833985,0.3967458137487381,0.6599797956651062,0.2804316209127459,0.43478260869565216
2025-01-26,4.0,3.0,0,4.405396236252124,4.463062864424876,4.519935773233425,4.473173418784109,4.558535007778481,0.3143782377816379,0.593837979164813,0.272294554939104,0.25862068965517243
2025-01-27,4.0,3.0,0,4.422244617475567,3.5322010288843444,4.491688383733961,4.571974763959451,4.455764379465766,0.2984192892639529,0.5157166874228767,0.26336922493513126,0.25862068965517243
2025-01-28,4.0,6.0,1,4.464697987462967,4.218564676724376,5.049494886784515,4.990395146954406,5.122542070081801,0.4021243896898249,0.640002896700405,0.27789362588146166,0.43478260869565216
2025-01-29,4.0,3.0,0,4.636547393559458,4.761134220955945,4.677452761728667,4.64379245690589,4.695500840303965,0.3357267762998526,0.5612947927520507,0.26851421335511605,0.25862068965517243
2025-01-30,4.0,4.0,0,3.5556083401003002,3.6259240192707973,4.15244478602887,4.15601150052125,4.21943272084904,0.2621104718546029,0.41042624299221886,0.25169834726911083,0.25401069518716585
2025-01-31,4.0,2.0,0,4.119820447613537,4.991756179185595,4.6412458335535955,4.573698457343141,4.7653075126131474,0.346620611073738,0.46123337082987,0.25733357235476956,0.25401069518716585
2025-02-01,4.0,7.0,1,4.970727835831321,3.988410387267478,4.489385758264018,4.520025545515962,4.475280844968015,0.3014442132114537,0.6029801962722403,0.27337844774277154,0.25862068965517243
2025-02-02,4.0,6.0,1,5.849124604933304,5.490566902318055,4.729421642972338,4.747007951533428,4.76166053776974,0.3460514829525583,0.5940557355911608,0.2723202480129106,0.25862068965517243
2025-02-03,4.0,5.0,0,3.9218372980235774,3.1073172082889577,4.3176750049630535,4.379002141542882,4.268575042136438,0.2696013618002329,0.49186133784744634,0.26071875365341973,0.25401069518716585
2025-02-04,4.0,4.0,0,3.6108575347257723,2.3611383206364303,4.387388885751016,4.43204413408372,4.3850313002581025,0.28748437653050984,0.45733216745293587,0.2569026777855371,0.25401069518716585
2025-02-05,4.0,7.0,1,3.7255427696553456,3.006002120960473,4.052086345764748,4.134816549915372,4.016586912423844,0.23164363493739143,0.32057693305588386,0.24132567262939766,0.25401069518716585
2025-02-08,4.0,9.0,1,4.727099420849017,5.532080014720741,5.33549607445761,5.26429430662622,5.408106454479637,0.44567979213844827,0.46120605570717893,0.25733055559789003,0.25401069518716585
2025-02-09,4.0,11.0,1,3.9462204069450775,4.406483040065116,5.506819069731054,5.480891636969609,5.5255073775113805,0.4632528798973218,0.413532586085041,0.25204532907259247,0.25401069518716585
2025-02-10,4.0,1.0,0,4.673225051810585,4.071911791874695,5.175403280824388,5.203729276540503,5.036755870507475,0.38886645036777895,0.49748945642026626,0.26134243523794215,0.25401069518716585
2025-02-11,4.0,4.0,0,4.79346339519294,5.846114341122068,4.964818273651412,4.933430046354038,4.967788040504864,0.3781666224976225,0.602775205046039,0.27335402410389625,0.25862068965517243
2025-02-12,4.0,2.0,0,4.331239929195221,4.462836994512355,4.726524143706959,4.750929709629701,4.701717014171372,0.3366967600071595,0.5560051837725901,0.2679095184415257,0.25862068965517243
2025-02-13,4.0,5.0,0,4.193069341084818,2.9259097750624696,4.486973566721519,4.503841766566547,4.474394000924745,0.3013066928038714,0.5145055653673549,0.2632341557041305,0.25862068965517243
2025-02-14,4.0,9.0,1,4.922962459965063,5.013838952830376,4.988299630377271,4.91500636944062,5.0906185229607175,0.397198152794933,0.6264150967903596,0.27621073251057787,0.25862068965517243
2025-02-15,4.0,6.0,1,3.5766771210419845,3.645530632090252,4.704971457273619,4.586091811286504,4.787992587232246,0.3501604539629479,0.42215718204845215,0.2530064256440798,0.25401069518716585
2025-02-16,4.0,6.0,1,3.5236409390109955,3.9530712366718466,4.740209191828933,4.681764900155048,4.810917294598206,0.3537369806341875,0.48373342488358745,0.25981931513747686,0.25401069518716585
2025-02-17,4.0,3.0,0,3.830097981638909,3.3107201114387363,4.760786672242179,4.687461204159719,4.841289393073607,0.35847374460639897,0.5258301708956242,0.26449981787982807,0.25862068965517243
2025-02-18,4.0,4.0,0,3.094463705522272,2.722352703002168,5.026958517734831,4.952516808338994,5.124037388973647,0.40235490556530673,0.3630696333849335,0.24633121855094586,0.25401069518716585
2025-02-19,4.0,3.0,0,3.383732518331384,3.702983069823848,4.051655270529152,4.0448176451680915,4.123180613769301,0.24755417972283206,0.3206059041828768,0.24132916975850105,0.25401069518716585
2025-02-20,4.0,3.0,0,3.591334792088932,3.1570408367307587,3.8652192360719146,3.9186577584259923,3.887633288565058,0.2127485827319655,0.22420214288728102,0.2286722943971874,0.20875420875420875
2025-02-21,4.0,2.0,0,4.665071753197449,4.215750757061472,4.3701503405019,4.388023586881601,4.453946873666631,0.2981377454200204,0.40592974938908355,0.25119522501495245,0.25401069518716585
2025-02-22,4.0,4.0,0,4.02736875034089,4.3258103150148655,4.367531722640356,4.392050492253199,4.42854007934035,0.2942050425413731,0.38052902312721526,0.24832984177255113,0.25401069518716585
2025-02-23,4.0,1.0,0,3.725771192883972,3.1666218942262887,4.488425219713704,4.408098784802628,4.617503359174425,0.3235620332242412,0.39792532465854846,0.2502968231702481,0.25401069518716585
2025-02-24,4.0,4.0,0,3.0864682179375675,3.4725973481390575,4.241283162031541,4.287082937518591,4.2470256160404185,0.26631202677108945,0.29377812029240785,0.23802882132516182,0.25401069518716585
2025-02-25,4.0,6.0,1,4.077393881373971,4.049384085901523,4.7115736210774335,4.679865903024213,4.788613387938053,0.35025731708230484,0.4403587085338983,0.2550260249976891,0.25401069518716585
2025-02-26,4.0,5.0,0,4.221689965821677,3.9637932516672483,4.866037150706741,4.812176903846095,4.916390143047976,0.3701738180556288,0.41885248452344415,0.25263853371784684,0.25401069518716585
2025-02-27,4.0,11.0,1,3.503971998543544,4.212869624536934,4.17840226440672,4.177481920226837,4.209849999180061,0.2606541294928929,0.43540269078698557,0.2544770680195197,0.25401069518716585
2025-02-28,4.0,6.0,1,3.7332834937984805,4.275474426846678,3.962481857575607,3.984776814776383,4.016475373239137,0.23162711557675342,0.3589274326496758,0.24585279634417945,0.25401069518716585
2025-03-01,4.0,2.0,0,3.8202116658952674,3.0119793537056725,3.4395580431069197,3.451230433555626,3.5202227345996224,0.1616804765693983,0.28320896487623404,0.23669020553013345,0.25401069518716585
2025-03-02,4.0,6.0,1,3.680591800184521,3.731331037477576,3.8465058427062195,3.8393279146051302,3.9716078367615455,0.2250057869225664,0.24116144347781315,0.23108801407226998,0.20875420875420875
2025-03-03,4.0,5.0,0,5.559195973108479,5.3278214401439,3.750480796484085,3.7869189414308164,3.849833090950141,0.2072932416417368,0.3894346517784955,0.2493394789166637,0.25401069518716585
2025-03-04,4.0,5.0,0,4.096160137732857,4.210525743084802,3.986068378511488,3.986413711688687,4.099711327838687,0.24403080968565552,0.338253242716348,0.24343618478616622,0.25401069518716585
2025-03-05,4.0,6.0,1,5.056321574535439,3.893913268216266,3.726633564144777,3.7639202417931887,3.8029519059419106,0.20058484650656788,0.3443696528950616,0.24415647611717672,0.25401069518716585
2025-03-06,4.0,8.0,1,4.579253235681007,4.471447263666061,4.334138409679166,4.334407459423191,4.381069357696912,0.2868733402387896,0.39937706698893505,0.2504600447235484,0.25401069518716585
2025-03-07,4.0,2.0,0,4.554536304987649,4.891626631225813,5.537531726614891,5.434765404705239,5.539323595472719,0.46530593647270835,0.37563716858473384,0.24777258399215457,0.25401069518716585
2025-03-08,4.0,3.0,0,3.1884845583967554,3.5232278380986553,4.627724703404466,4.542803376936041,4.72555163561553,0.34041626415982873,0.3313374137789997,0.24261579046201015,0.25401069518716585
2025-03-09,4.0,6.0,1,3.4353349881686848,3.075200826280644,5.020779599656402,4.882927482990921,5.149295113861973,0.40624531068401326,0.3369659631516889,0.24328397198960133,0.25401069518716585
2025-03-10,4.0,11.0,1,3.184105317625429,3.3142524912707434,4.979711050827212,4.835464103954438,5.026871241596331,0.3873349598714056,0.34861318884844117,0.24465347491228304,0.25401069518716585
2025-03-11,4.0,4.0,0,3.4851398339268194,2.1949849348630104,4.24443686784056,4.275404359628053,4.275814915109905,0.270707978626587,0.28853658232782814,0.23736795895818602,0.25401069518716585
2025-03-12,4.0,8.0,1,2.209864901029022,1.5881677159481322,4.009833810489954,4.139763551687561,4.001205447431651,0.22936830343107822,0.2489310122487678,0.2321614664594889,0.20875420875420875
2025-03-13,4.0,4.0,0,3.0716132325063272,2.0199648277822457,4.560372677539242,4.563956974407227,4.445839185357157,0.2968821495244986,0.2859238460210347,0.2370363588794837,0.25401069518716585
2025-03-14,4.0,6.0,1,3.362842280082117,3.4127168903531984,4.009511281443186,4.0162947103664015,3.9080142780259,0.21570641904935053,0.31994329639071983,0.24124915264245206,0.25401069518716585
2025-03-15,4.0,1.0,0,3.0023966249940592,3.12330507203879,4.011520248847236,3.991131149417439,4.08544655621079,0.2418946610135594,0.2674042251395236,0.23464068148728728,0.20875420875420875
2025-03-16,4.0,2.0,0,2.90684932105162,3.0521847814156446,4.136720948269443,4.125088046359121,4.141667255427933,0.25033701792569235,0.33111769700574145,0.24258961791919384,0.25401069518716585
2025-03-17,4.0,5.0,0,3.1807898990871086,2.8478607228544837,4.6946186056160855,4.62319682249375,4.743156496152328,0.3431637333139197,0.40013455463423875,0.2505451591956267,0.25401069518716585
2025-03-18,4.0,8.0,1,2.943989505527658,2.3697405951550983,4.554095263795129,4.558559111056546,4.523448644181775,0.3089219884239885,0.4311502840177991,0.2540055331904244,0.25401069518716585
2025-03-19,4.0,7.0,1,3.4605676962660876,3.044818047466442,4.776683111102589,4.765911873960348,4.697895214606495,0.3361003939981317,0.37209891687846736,0.24736825056732933,0.25401069518716585
2025-03-20,4.0,5.0,0,3.315561393395056,4.663070581916227,4.533935111133145,4.5129622013055934,4.516393757137601,0.30782577285040813,0.394770179837138,0.24994162949107032,0.25401069518716585
2025-03-21,4.0,4.0,0,4.0628684431708795,5.476112218337554,4.431288996045895,4.490157438345993,4.294428927837256,0.27355650183079844,0.45538824141849993,0.2566879318567684,0.25401069518716585
2025-03-22,4.0,3.0,0,3.67210330461503,2.3875412858258307,4.522227038550508,4.547636067080861,4.402189429608365,0.2901325000359689,0.39953736922714966,0.2504780598429563,0.25401069518716585
2025-03-23,4.0,11.0,1,4.777297703404187,5.199147076625693,4.973850998024635,5.047684839650087,4.966936021123722,0.37803424521551354,0.5410037576640988,0.2662066724603774,0.25862068965517243
2025-03-24,4.0,16.0,1,3.7420134609316387,3.3610113609825176,4.098921514992226,4.283755042718544,3.9423180962121855,0.22070982433559863,0.40849914448732894,0.25148284858309744,0.25401069518716585
2025-03-25,4.0,9.0,1,3.5366434606364168,4.104171671851147,3.9508866820595503,4.080395175679428,3.800926426783684,0.20029649955886092,0.3963547633486409,0.2501200949661683,0.25401069518716585
2025-03-26,4.0,7.0,1,3.1179618362762023,2.7750788235932395,3.9639616106134725,4.014089690774139,3.8692696629387666,0.21009330507467042,0.3110739490747262,0.24017119043330987,0.25401069518716585
2025-03-29,4.0,7.0,1,3.229360043157274,3.0809771221976594,4.759489804131944,4.760622941071659,4.718184121762054,0.3392664904755828,0.3462801163823795,0.24438049723101693,0.25401069518716585
2025-03-30,4.0,5.0,0,3.106628328248564,2.900539286016723,4.017045448826884,4.043091178418846,3.892529109326516,0.2134580674488786,0.2940085294884719,0.23805774104982708,0.25401069518716585
2025-03-31,4.0,2.0,0,3.181685009795177,3.6279596763809607,4.481255302958469,4.4238507254431445,4.377767805556945,0.2863642815635574,0.3381651483642741,0.2434257751759892,0.25401069518716585
2025-04-01,4.0,3.0,0,3.2937083616165177,2.745265609715222,4.466514522249343,4.40375931874386,4.388623014396088,0.28803845699740294,0.2973064715696498,0.23847050784433269,0.25401069518716585
2025-04-02,4.0,2.0,0,3.1275276475679172,3.1001144521068245,3.8588115281569673,3.9110596391404373,3.715787771823442,0.18829338722734756,0.2610482651129272,0.23379856472013802,0.20875420875420875
2025-04-03,4.0,4.0,0,2.9277129211260764,2.0943144460227145,4.2364389502193145,4.260236003091661,4.192203055696553,0.25797616280303787,0.26530824995077956,0.23436417901369969,0.20875420875420875
2025-04-04,4.0,2.0,0,4.143613284914235,3.1362006326882828,5.438853673883488,5.388692406852574,5.429587643645662,0.44891162903955806,0.3556328069863325,0.2454709842179002,0.25401069518716585
2025-04-05,4.0,6.0,1,3.314699101035427,2.351995070398128,4.214973837819168,4.199062787238154,4.047088391173588,0.23617157722486612,0.28927415160640896,0.23746130245536032,0.25401069518716585
2025-04-06,4.0,5.0,0,3.307490424561764,3.003130223900529,4.174286857961095,4.152540947169126,4.07497834417684,0.24032970503892825,0.2764865954997863,0.23582584861079492,0.25401069518716585
2025-04-07,4.0,4.0,0,3.1650847632311274,2.8889203361735762,4.324521782717472,4.261687346782345,4.442393265488841,0.29634866838636653,0.328258011762742,0.2422483432716059,0.25401069518716585
2025-04-08,4.0,4.0,0,2.818303190754926,3.0943553157754846,4.198052448998917,4.148237629633199,4.260675651128132,0.268394796109386,0.33755142650912584,0.2433532266667178,0.25401069518716585
2025-04-09,4.0,4.0,0,3.025078646115232,3.527082140875945,4.082675687051642,4.081210736411317,4.151393038536632,0.2518036341124547,0.32723561269265083,0.24212604210287428,0.25401069518716585
2025-04-10,4.0,3.0,0,3.078785547021825,3.4917143739472802,4.584116962786336,4.579448813058642,4.562666669801055,0.31502119277124974,0.34927098830158565,0.24473032289937216,0.25401069518716585
2025-04-11,4.0,4.0,0,2.8737397275873917,3.1505037024614913,3.7716002187599247,3.7969052431590824,3.7025578196834217,0.1864495155986565,0.27425326446955206,0.2355363213349195,0.25401069518716585
2025-04-12,4.0,4.0,0,3.062446878948222,3.2392504464369742,3.888257749023282,3.902794278011978,3.8210048845722144,0.20316036578586177,0.3010026057613343,0.23893056415462705,0.25401069518716585
2025-04-13,4.0,6.0,1,2.625257111091412,2.885377471238676,3.834722874800929,3.800983718341097,3.774492446219634,0.19654498281066743,0.23240175156792836,0.22985337737165717,0.20875420875420875
2025-04-14,4.0,1.0,0,3.122280812908002,3.403292283935754,3.989414295075299,3.9836029828107806,3.949107922516254,0.2217037742310645,0.2430466491796102,0.23135028084957246,0.20875420875420875
2025-04-15,4.0,2.0,0,2.579697423157114,2.8174247499577096,4.1008191148813005,4.0648724352752685,4.129841890137764,0.24855616975380265,0.195847043577012,0.22436710291283554,0.20875420875420875
2025-04-16,4.0,4.0,0,3.855136134152586,3.6512319437073697,3.7254640024216306,3.7248854027824696,3.7648841345749613,0.19518679661613672,0.21072487758488212,0.22667197450456153,0.20875420875420875
2025-04-17,4.0,7.0,1,3.3482846514682203,3.2252659856895516,3.75341210504673,3.7380413223152167,3.665651822710173,0.1813376902127989,0.29307892792786083,0.237940996048597,0.25401069518716585
2025-04-18,4.0,3.0,0,2.9486458463088248,3.5776401631822723,3.93499800740886,3.9562153977155234,3.8506762684671183,0.20741448671858634,0.3123468839417291,0.24032671000688638,0.25401069518716585
2025-04-19,4.0,1.0,0,2.6409879315058244,2.7091087178299675,3.943952760327421,3.8893275507849268,3.9507515940288305,0.22194456433947604,0.31195301982426327,0.2402786197893253,0.25401069518716585
2025-04-20,4.0,3.0,0,2.2762399308324905,2.205737302221399,3.5203055700088974,3.518998862393441,3.509315849786684,0.16023939388249103,0.3035537884852224,0.2392465847654578,0.25401069518716585
2025-04-21,4.0,4.0,0,3.9269778585874677,4.390288382548678,3.3719299366670126,3.5151426097500718,3.3586035424063048,0.14084270968756438,0.3391351670107822,0.24354034053112908,0.25401069518716585
2025-04-22,4.0,6.0,1,3.3239796733337115,4.134030482144346,5.124474219951502,5.0638590543176365,5.139242231202656,0.4046976340387077,0.32236585518879096,0.241541368143269,0.25401069518716585
2025-04-23,4.0,3.0,0,3.9432134498329305,4.147205961394569,4.062754623944285,4.104029155607603,3.927114778968362,0.21848853435081023,0.2890647539374423,0.2374348138220321,0.25401069518716585
2025-04-24,4.0,4.0,0,2.1400397715475465,1.883040086522293,3.542347889152203,3.739634549229336,3.362334800333633,0.1413108170238831,0.3132314741629908,0.24043462065898577,0.25401069518716585
2025-04-25,4.0,9.0,1,2.8669932336922,4.022627515165237,3.497139166544174,3.5616099076295633,3.3914454294803904,0.1449846311306884,0.2811128726545517,0.23642181498324608,0.25401069518716585
2025-04-26,4.0,3.0,0,2.9145496603881975,3.273171906969,3.851472530484406,3.8572781073051914,3.793286299606714,0.19920998459726186,0.21910576715274735,0.2279249017311122,0.20875420875420875
2025-04-27,4.0,5.0,0,2.917041615406329,3.0624098273140996,4.195171270861267,4.152610342944387,4.209763732512302,0.2606410258034565,0.24033168333719845,0.230972202464662,0.20875420875420875
2025-04-28,4.0,2.0,0,2.973634180492219,3.109831901377417,3.5744636195967665,3.5452358409021056,3.527207973889992,0.16260593866961456,0.23999114660474002,0.23092460563527523,0.20875420875420875
2025-04-29,4.0,2.0,0,2.961855046242013,2.448143382021324,3.725656026264094,3.6998963859645992,3.660885992995256,0.18068105561205605,0.23057707486323997,0.22959274623022316,0.20875420875420875
2025-04-30,4.0,7.0,1,4.049956078553394,4.071646782247642,3.718515068081294,3.719748725771029,3.715698722208226,0.18828095652712892,0.35248529427435643,0.2451051142037212,0.25401069518716585
2025-05-01,4.0,4.0,0,3.4080108902063255,3.680379689934338,3.7112751677076035,3.7716506029921826,3.4661028451233933,0.15457799916127996,0.28073663717192693,0.23637353423071786,0.25401069518716585
2025-05-02,4.0,2.0,0,3.0507837146081602,2.927490442056647,3.4838221829609535,3.475555688288674,3.444546364627627,0.15178320636305023,0.2947195376275524,0.23814691493722256,0.25401069518716585
2025-05-03,4.0,4.0,0,3.5364387881129646,4.054944174510833,3.303406713490435,3.364828509686089,3.2344715739146874,0.12564351242538335,0.27681424238948393,0.23586822318845527,0.25401069518716585
2025-05-04,4.0,5.0,0,3.333913300354829,3.2279574822828336,3.5335546440448082,3.555719886175506,3.4282294061596716,0.14968098835982926,0.28699320404102757,0.23717225757135887,0.25401069518716585
2025-05-05,4.0,4.0,0,3.0069801048887195,3.435298296561562,3.6397056794022458,3.642918987367803,3.5802491240295655,0.16969644229971526,0.2825149416512884,0.23660145112053632,0.25401069518716585
2025-05-06,4.0,4.0,0,4.042900126617159,3.535875191000495,3.7232937920755127,3.7999631588908063,3.663543741509817,0.18104714002888533,0.3623441577871433,0.2462475530631153,0.25401069518716585
2025-05-07,4.0,3.0,0,3.5275226382519085,3.606755388930535,4.389641167369724,4.432252544028604,4.246421785307504,0.2662199564312902,0.3028124083865477,0.2391548744590566,0.25401069518716585
2025-05-08,4.0,8.0,1,2.575406562790209,2.5944953029172275,3.758926536843968,3.835177874427869,3.5993601441253786,0.17227792249529983,0.2500735281234276,0.23231769811441488,0.20875420875420875
2025-05-09,4.0,7.0,1,2.5606629132211207,2.4812345417525536,3.604475958691078,3.662836890408637,3.51443897658287,0.16091568983316004,0.18878268334236586,0.22323246133402708,0.20875420875420875
2025-05-10,4.0,4.0,0,2.6436340164362253,2.8303738958501996,3.5870392433516423,3.5954761883213258,3.5416771683114963,0.16452916507303925,0.19041855197464752,0.22349768487337063,0.20875420875420875
2025-05-11,4.0,5.0,0,2.7405037732768402,2.3639464674627066,3.3803280667627584,3.4266467698912955,3.3662843580158235,0.14180700465480187,0.24204909691002488,0.23121165023978646,0.20875420875420875
2025-05-12,4.0,5.0,0,2.4025189676971213,2.554563606283733,3.2427118689428744,3.3128967408234318,3.2640299207094956,0.12919546811161386,0.17236060359842337,0.22047943389800823,0.20875420875420875
2025-05-13,4.0,4.0,0,3.3112672444435445,3.473345605851751,3.1111687401531776,3.114693416345851,3.171638434358901,0.11823824539937013,0.2484107831090067,0.23209019407511525,0.20875420875420875
2025-05-14,4.0,4.0,0,2.2359468608319917,2.1473480602878543,2.928940946009789,3.054721104529712,2.789713439747743,0.07784143736431434,0.2094584503424024,0.22647993287236626,0.20875420875420875
2025-05-15,4.0,2.0,0,2.614623269620533,2.6280309168721665,3.0296215168431337,3.0311102866411224,3.0390479331677036,0.10328792651356387,0.2609770506439458,0.23378906706309832,0.20875420875420875
2025-05-16,4.0,2.0,0,2.8019732161501896,2.7121951308661063,3.1296398800241714,3.2385497162844596,3.0952894857159214,0.10951462988420585,0.338486254359778,0.2434637135203927,0.25401069518716585
2025-05-17,4.0,4.0,0,4.771458994656682,4.4385489900576065,4.581588947648479,4.67289064399229,4.344588019432249,0.28125508824161666,0.4176729052691539,0.25250710963921136,0.25401069518716585
2025-05-18,4.0,4.0,0,2.9366415660196195,3.5295326431315064,3.7348913850240866,3.7869599421409017,3.6607485357612575,0.18066212876173968,0.3177382710582572,0.24098236751664048,0.25401069518716585
2025-05-19,4.0,5.0,0,2.6159673157119974,2.611243701539248,3.773416572438045,3.785904217247118,3.744465705122668,0.19231035641339736,0.26218118995143774,0.23394947078708273,0.20875420875420875
2025-05-20,4.0,2.0,0,3.5864126509354177,3.6135347052546374,3.1391609938378022,3.2397627058652487,3.0093986343813377,0.10007527721507328,0.2877687608869566,0.23727066298153204,0.25401069518716585
2025-05-21,4.0,6.0,1,2.8598616856177768,2.3043682007172603,4.285038803315595,4.336593939202689,4.171616349545423,0.25485875050112106,0.3402718624937956,0.24367443512653533,0.25401069518716585
2025-05-22,4.0,2.0,0,3.3817252258172026,2.723488265160947,3.0381982498876425,3.162144902484285,2.988163845943998,0.0978045389938896,0.2731161552142856,0.23538843928344827,0.25401069518716585
2025-05-23,4.0,3.0,0,2.5453308305824427,2.701023326511976,3.1445554619310103,3.243173215466957,3.0785962602904786,0.10764853072859328,0.39238015460500075,0.24967213838806426,0.25401069518716585
2025-05-24,4.0,1.0,0,2.247549800717735,2.1259383214737304,3.442642833000795,3.3721390395107105,3.5117042336617676,0.16055454765571114,0.23483842837266627,0.2301995306068415,0.20875420875420875
2025-05-25,4.0,2.0,0,3.132745858086157,3.2818874521042503,5.1111700543739484,4.997747975187249,5.198763796724197,0.41384591491808725,0.35943653601327574,0.24591169308108152,0.25401069518716585
2025-05-26,4.0,6.0,1,2.6467563112096197,3.047979877715363,3.7049465527391128,3.7452094521833996,3.5915297464887006,0.1712185276475779,0.25445926687497644,0.2329137236211555,0.20875420875420875
2025-05-27,4.0,7.0,1,2.9102081247394525,3.3359061453013275,3.6468596550626486,3.6686756627520127,3.57782173743294,0.1693695538475792,0.26127890797150244,0.2338293152002835,0.20875420875420875
2025-05-28,4.0,3.0,0,3.182421071162805,3.1316862850018796,3.8194516772787717,3.789721586814814,3.8012015289953625,0.20033565571125322,0.26212050223385525,0.23394139612468,0.20875420875420875
2025-05-29,4.0,5.0,0,2.89607645441274,3.9088004469200937,3.861952141363768,3.8611409282054394,3.7769900897851536,0.19689851625361338,0.2678647408591301,0.2347012783707672,0.25401069518716585
2025-05-30,4.0,4.0,0,3.6401185065828248,3.8054233983197236,3.929356366200936,3.967377697821438,3.796007749568936,0.19959680059723975,0.33212214957804514,0.2427092120641481,0.25401069518716585
2025-05-31,4.0,7.0,1,3.455372363487281,3.2664085260655407,3.5419852476632436,3.6227981774786926,3.402470230709411,0.14638592907510367,0.2721386230153949,0.23526105443809553,0.25401069518716585
2025-06-01,4.0,4.0,0,2.1127939837108363,2.3274233739953702,3.222970179796896,3.2776716086531428,3.0250865561051024,0.10176906202932141,0.2476698040642912,0.23198853219716875,0.20875420875420875
2025-06-02,4.0,2.0,0,1.982486553347618,1.944940028723248,3.4165727640942434,3.4613989076131175,3.297605549597773,0.13328186066842196,0.29447822737384327,0.2381166615560201,0.25401069518716585
2025-06-03,4.0,5.0,0,2.9448593335634445,2.783405716231321,3.402077416301672,3.5572233771104957,3.326610092397579,0.13685531779238216,0.3193908972692574,0.24118239118961168,0.25401069518716585
2025-06-04,4.0,4.0,0,3.2388267888309104,4.174300493142741,4.293225192614318,4.346369371469931,4.195559829022583,0.2584851612995722,0.3371717679399437,0.24330832192105215,0.25401069518716585
2025-06-05,4.0,2.0,0,3.344033963396228,4.037568137229342,3.9174625116846373,3.943796485278254,3.9017913305935976,0.21480210533400726,0.38697142568495335,0.24906081564928748,0.25401069518716585
2025-06-06,4.0,4.0,0,3.779581154578712,4.4087041828326425,3.3879471579815275,3.41762170560795,3.359620032695972,0.14097017095200673,0.32045266647517096,0.24131067080393262,0.25401069518716585
2025-06-07,4.0,2.0,0,3.644475532490034,4.048976135782412,3.649484097537195,3.7206185856171547,3.4806325119053843,0.15647287408801375,0.37780729329295926,0.24802004034781153,0.25401069518716585
2025-06-08,4.0,7.0,1,2.946321587605924,3.7162946545066746,3.595968679397816,3.636915628967469,3.5499944762869706,0.16563846092197768,0.3541515099638247,0.24529893392371593,0.25401069518716585
2025-06-09,4.0,7.0,1,4.146926244895405,4.385329443604061,3.547964625603251,3.5441950928538506,3.5318834063874363,0.163226475396662,0.427231947795824,0.2535705583638327,0.25401069518716585
2025-06-10,4.0,5.0,0,2.894988950894624,3.2172401225980973,3.34843054649328,3.3232269735027407,3.298741304407001,0.1334210384132261,0.38893127731064603,0.24928256795515327,0.25401069518716585
2025-06-11,4.0,7.0,1,4.077949935114642,2.7282429751249135,4.635707327242519,4.659355549691741,4.468566513230172,0.3004031930095607,0.4585366309651115,0.25703572162443805,0.25401069518716585
2025-06-12,4.0,5.0,0,3.2345355498155004,3.0630060731480393,4.009848034657154,4.043086273457441,3.7923278188172165,0.1990738043943644,0.3354668707062832,0.2431064343116595,0.25401069518716585
2025-06-13,4.0,4.0,0,3.3141695994037565,4.115648306264531,3.8472705814710384,3.904203058122834,3.75186267063437,0.19335084706154854,0.31189193559064576,0.240271159114836,0.25401069518716585
2025-06-14,4.0,16.0,1,6.389115892988822,8.910517250651518,6.2838275810823285,6.184438511156733,6.064826634981425,0.5405985531619628,0.5364707680036576,0.2656952767356625,0.25862068965517243
2025-06-15,4.0,19.0,1,8.698355537451228,12.975733492012722,6.801596607325391,6.6526438315427425,6.316353535028855,0.5744133705120503,0.5089264586421068,0.2626127466202201,0.25401069518716585
2025-06-16,4.0,6.0,1,2.438073027545977,1.9389849273285062,4.762658408369751,4.660505928029275,4.670589909030676,0.3318401555027326,0.2569195297265522,0.2332455721324982,0.20875420875420875
2025-06-17,4.0,5.0,0,3.522198497081246,3.3783335635258736,4.411893557498535,4.3949054998787975,4.2997844341220315,0.2743769366231563,0.30259956895585893,0.23912852677869215,0.25401069518716585
2025-06-18,4.0,3.0,0,3.7452831600329306,4.156775413272026,3.913127742115171,3.8109435021280316,3.877289439430748,0.21125176409517413,0.34777232329086105,0.2445551656220265,0.25401069518716585
2025-06-19,4.0,8.0,1,3.602384541139285,4.18037942811522,4.06167512620998,4.068373871844866,4.052886202573681,0.23703459780581107,0.3741943782488583,0.24760784171586908,0.25401069518716585
2025-06-20,4.0,7.0,1,3.275920086365331,2.6841016869580536,3.840708646239362,3.8906458856161916,3.828520929378415,0.20423552299182626,0.2557938071615773,0.23309395014392287,0.20875420875420875
2025-06-21,4.0,4.0,0,3.471113752822033,2.4839231672644253,4.639612688689232,4.553239480458995,4.448939159231358,0.2973621604665559,0.25625055790278833,0.2331555135988695,0.20875420875420875
2025-06-22,4.0,3.0,0,3.678211349155836,3.610017869075037,3.639553257126739,3.6766976547928207,3.4001964507785676,0.146096478974268,0.3197062185237049,0.24122050600430994,0.25401069518716585
2025-06-23,4.0,4.0,0,3.682293731350323,3.0485493852578096,4.140342764997524,4.053441615903425,4.0130282196946245,0.231116720744556,0.2766790680048261,0.23585074420044416,0.25401069518716585
2025-06-24,4.0,3.0,0,3.038535561499038,2.5051191195315345,3.5017334087713006,3.4708409251323302,3.441422486823439,0.15137984644474006,0.26704171920047665,0.23459294222266208,0.20875420875420875
2025-06-25,4.0,5.0,0,4.1627719317487895,3.9814398382058283,3.8526949433834186,3.8827140150216555,3.789794311195506,0.19871398242855215,0.4238137733872274,0.25319068295090325,0.25401069518716585
2025-06-26,4.0,4.0,0,3.738598447991812,3.9129163633507944,4.157910393483512,4.147783230937001,4.1696929894962524,0.25456787588590224,0.364354625930307,0.24647928118392357,0.25401069518716585
2025-06-27,4.0,4.0,0,2.8658454756808682,2.106419966228276,3.808670538455154,3.8270022776001413,3.7140970593194758,0.18805742120600735,0.3680003365116983,0.24689847764694323,0.25401069518716585
2025-06-28,4.0,3.0,0,3.633986594864913,4.7972271266076225,3.535287620544623,3.5075104588216632,3.4063133678352564,0.14687567866138093,0.39916149176360377,0.2504358154434465,0.25401069518716585
2025-06-29,4.0,6.0,1,3.5200686149088414,4.267875628609575,4.1072158973220665,4.099634155477653,4.02113196867158,0.2323170169708784,0.3991340125094533,0.2504327267473284,0.25401069518716585
2025-06-30,4.0,3.0,0,2.7191510295729895,2.3889016842176947,3.844630851058378,3.900819605520571,3.737872993658683,0.19138449917537623,0.4221965705608834,0.25301080791538644,0.25401069518716585
2025-07-01,4.0,5.0,0,2.915747230431375,3.352017536746829,3.947465287032266,3.958905999110145,3.8332589273064492,0.20491414639207528,0.4203382999090992,0.2528039949245081,0.25401069518716585
2025-07-02,4.0,6.0,1,2.8432700923884155,2.2350356379649714,4.580698919225083,4.521304902711112,4.628808160625862,0.32532420097911763,0.4043909916141267,0.2510228029488525,0.25401069518716585
2025-07-03,4.0,5.0,0,2.9868921938149393,3.355325955955069,4.277676099549927,4.17167922311526,4.259178793666922,0.26816626597566096,0.34160542602250843,0.24383154149626407,0.25401069518716585
2025-07-04,4.0,7.0,1,3.2533529681493354,4.0307593083068545,4.257113875152342,4.248016209507585,4.256859436956402,0.26781222712938063,0.4414335419445493,0.2551450047063204,0.25401069518716585
2025-07-05,4.0,3.0,0,4.154501253668705,4.001887870902288,4.637118922844874,4.7355655559058984,4.521714927482333,0.3086525676954955,0.39644129155138025,0.2501298356539486,0.25401069518716585
2025-07-06,4.0,4.0,0,5.646011630839145,4.7142718438372215,7.822260294208616,7.531242020789929,7.55595450853409,0.716371704577101,0.4425697037030158,0.25527074684597645,0.25401069518716585
2025-07-07,4.0,3.0,0,4.246006540495137,3.7886508409847313,4.533363065294587,4.473275421113166,4.256966642728192,0.26782858983910246,0.39790637508292387,0.2502946917815941,0.25401069518716585
2025-07-08,4.0,3.0,0,2.5413268557486655,2.5542812081422257,4.041998325290654,3.973973623361172,3.9345670961178847,0.2195766127948266,0.31684970083140507,0.24087463782944926,0.25401069518716585
2025-07-11,4.0,7.0,1,3.236872590079467,3.0001896478538947,4.634917178213585,4.622913908010475,4.508053869314247,0.3065303033146252,0.3594168453487636,0.24590941562831836,0.25401069518716585
2025-07-12,4.0,5.0,0,3.470879492878641,3.8174503914561964,4.297724989981904,4.20426074790692,4.117741882573207,0.24673671882095816,0.38985063737545467,0.24938649622514794,0.25401069518716585
2025-07-13,4.0,5.0,0,3.208619636012749,4.416672729366653,3.3476501472735984,3.330899921897605,3.084427058102362,0.10829863508138579,0.4395998714190526,0.2549420095754614,0.25401069518716585
2025-07-14,4.0,3.0,0,3.1464113415378456,3.5828407598400385,4.169633004636661,4.15095172025734,3.9208487127995766,0.21757477735319924,0.3497085859341152,0.24478141749999852,0.25401069518716585
2025-07-15,4.0,4.0,0,3.7856247952257087,4.874489817631301,4.606869974696669,4.5758844677337915,4.409470079405118,0.2912570684393023,0.395395487888292,0.2500120748876673,0.25401069518716585
2025-07-16,4.0,5.0,0,3.355359961995907,3.8005601165109097,4.522623006030327,4.387410665244556,4.580266598624532,0.31776097210411497,0.35525822583392463,0.2454275000094496,0.25401069518716585
2025-07-17,4.0,2.0,0,2.845308061459927,3.013750350284831,4.287773650348092,4.1828273401050815,4.3610800437537325,0.2837930568731597,0.2852821655927356,0.2369546908825031,0.25401069518716585
2025-07-20,4.0,3.0,0,3.286747513935204,4.072747823319484,4.123799396478897,4.137120269152334,4.182184679193649,0.256458182072897,0.29515132417888224,0.238201019210307,0.25401069518716585
2025-07-21,4.0,6.0,1,3.3414930297304,2.854474976068886,3.510221857655874,3.5894333855626237,3.5341744930029875,0.16353087479179307,0.35413517571486386,0.24529703537574526,0.25401069518716585
2025-07-22,4.0,2.0,0,2.5209889367983473,2.800644954520057,4.175209031160137,4.123373714397247,4.256742102330318,0.2677943186569669,0.26673483057374453,0.23455250039735065,0.20875420875420875
2025-07-23,4.0,7.0,1,3.3067171631674084,4.434611167900268,3.614773566957932,3.648309713534244,3.683438846777969,0.18379544993899083,0.3570500099982935,0.24563536572143496,0.25401069518716585
2025-07-24,4.0,9.0,1,3.3817141079357196,3.939779975606338,4.355925355350073,4.353137268789044,4.390966358315197,0.2884000286707613,0.37210572436690614,0.24736902955528844,0.25401069518716585
2025-07-25,4.0,7.0,1,4.351535363555161,3.413538476559862,6.071739341869616,5.8289436062519275,6.139642322820908,0.5508196508809223,0.34824089530209185,0.24460995878100236,0.25401069518716585
2025-07-26,4.0,5.0,0,2.702104825427133,2.6163940393568605,3.8823934263440654,3.8335100930243127,3.9354821011854773,0.21971030777164605,0.2634366199814128,0.2341162831043326,0.20875420875420875
2025-07-27,4.0,2.0,0,2.537069490893953,1.6852865787708706,5.34423517753698,5.133034219769554,5.4689411107172194,0.4548136265271015,0.24368040933950816,0.23143818444986156,0.20875420875420875
2025-07-28,4.0,5.0,0,2.8277123409680778,2.372223104196145,5.001067461965854,4.900213579847837,5.045018706131947,0.3901460983853642,0.23911912397800908,0.23080254325413818,0.20875420875420875
2025-07-29,5.0,4.0,0,3.8062686418688436,3.9601393697449683,4.33672749520558,4.285106172798014,4.287941935632294,0.27207360742174747,0.28679882368357834,0.25344517317985,0.2434782608695652
2025-07-30,5.0,5.0,0,3.885186451823784,2.920470245161361,5.507369382907005,5.501426167912445,5.728081688845507,0.4938041527561258,0.4001670082359906,0.28889083686696154,0.2782608695652174
2025-07-31,5.0,5.0,0,7.925912673056615,8.766167944654919,8.410772819094468,7.875944510107549,8.120774267800268,0.7696657532160777,0.543170018166155,0.33274106416088167,0.3333333333333333
2025-08-01,5.0,4.0,0,7.522525442454453,5.793698246099431,7.189481811576214,6.827343364986855,7.275043730318147,0.6899884556974705,0.4822748992404174,0.31380921736954437,0.3333333333333333
2025-08-02,5.0,4.0,0,4.297681893833892,3.9813401801075536,5.1231137298981295,5.031160308530464,5.1127842591150925,0.4008086024170853,0.3587401857000331,0.27623300629564435,0.2782608695652174
2025-08-03,5.0,4.0,0,3.7596059180084467,3.656737153961015,4.303993494291329,4.257723725119202,4.2854101201689465,0.27168450079783424,0.34317113585106773,0.27141207477240903,0.2782608695652174
2025-08-04,5.0,4.0,0,3.506091292942132,3.6621122253109095,4.553541911862972,4.471567019408081,4.696990199657427,0.3357725773683608,0.2830663470231526,0.25221773314308865,0.2434782608695652
2025-08-05,5.0,3.0,0,3.2684214312168116,2.631145610622931,4.17110530194415,4.182818087346661,4.205091845884285,0.2593913651128169,0.288833477503426,0.2541118964271676,0.2434782608695652
2025-08-06,5.0,3.0,0,3.615378840149604,2.808549381848037,3.759567575948432,3.7715053472145863,3.701127287659294,0.18549901099648236,0.2810298849884889,0.2515455859200085,0.2434782608695652
2025-08-07,5.0,1.0,0,2.877141970452912,3.411374143465536,3.547373811463324,3.507648333694839,3.567791601816552,0.1672438262084387,0.21239362657032435,0.22757707257903842,0.2265193370165746
2025-08-08,5.0,6.0,1,4.140639835895351,4.047557870147047,3.7509040210596662,3.7449320654413216,3.839688344983458,0.20512520912205684,0.38909193698984323,0.2855245461442357,0.2782608695652174
2025-08-09,5.0,3.0,0,3.4626324744412362,3.919209031087209,3.194206249187488,3.2649365493025027,3.1891531324532916,0.11950125717901372,0.39432154657417695,0.2871152634861545,0.2782608695652174
2025-08-12,5.0,7.0,1,2.7992973889518593,2.774648618852474,2.9411641531303583,3.043046591296681,2.8113894520658325,0.07921747359818615,0.2867277800724595,0.2534218633627442,0.2434782608695652
2025-08-13,5.0,1.0,0,2.953570654200608,3.4873989781057255,3.4441462316143143,3.515922744930365,3.443433502228845,0.1508495719749721,0.31666817300565653,0.26308261207153555,0.2434782608695652
2025-08-14,5.0,3.0,0,3.6077046893361033,3.2237111559593323,4.114912439997879,4.157956966192739,4.158750278254646,0.2523475693666465,0.40874782182710123,0.2914935026446049,0.2782608695652174
2025-08-15,5.0,4.0,0,3.5188183720028805,3.8939125675885267,3.4730578269042853,3.609431909352419,3.3455647928478816,0.1384200903473211,0.4084228415356822,0.29139499946631475,0.2782608695652174
2025-08-16,5.0,2.0,0,3.9477047446241436,4.028747615326776,3.696283443546317,3.8149506026346356,3.5898305973173943,0.1702149314143635,0.40815944709109453,0.291315159855247,0.2782608695652174
2025-08-17,5.0,0.0,0,3.361817695048189,3.848893095089678,3.434740529825646,3.5339473790009537,3.4247112027574507,0.14843843168906798,0.3388016436514875,0.2700504174236636,0.2782608695652174
2025-08-18,5.0,2.0,0,2.8961165983900217,3.381735297138455,2.9831782399897198,3.0858429508647527,2.931449247844158,0.09113645957622878,0.30723990353688807,0.2600731466362589,0.2434782608695652
2025-08-19,5.0,4.0,0,3.68455978917881,5.123469974502188,3.8764436698847717,3.9873219929663795,3.7458132026299786,0.19175986799648947,0.42276206867751553,0.29573796949907577,0.3333333333333333
2025-08-20,5.0,2.0,0,2.9569660325958167,3.225655437273898,3.3809206038892374,3.4062860785518705,3.1704029679321084,0.11731601501179234,0.25824509341685037,0.24389530339433377,0.2434782608695652
2025-08-21,5.0,5.0,0,3.7542815592160426,2.7259122488871004,4.438032582197875,4.532638118972137,4.345520110315537,0.28094628202962096,0.34831090788080954,0.27300867942735224,0.2782608695652174
2025-08-22,5.0,6.0,1,3.434969152045343,2.7984501013413663,3.7664245357363355,3.791360341529448,3.6651227483216244,0.18050498969874745,0.30953645693570647,0.260808740968244,0.2434782608695652
2025-08-23,5.0,4.0,0,3.771264169619696,2.875391501572136,3.5959522065008787,3.6985443489642464,3.633451949154177,0.17615076014592942,0.32407148873328817,0.26542739916753966,0.2782608695652174
2025-08-24,5.0,4.0,0,3.1412871803370983,3.0680680007049235,3.136324513081589,3.2469128311418824,3.0978344759457044,0.10903328877394543,0.2618908366597466,0.24513662184332527,0.2434782608695652
2025-08-25,5.0,3.0,0,3.102495702258551,3.570595139922009,3.7290878331954413,3.7837150118524185,3.705661078953261,0.18613111064389606,0.28882891241913594,0.2541104023659575,0.2434782608695652
2025-08-26,5.0,2.0,0,3.231303723653893,3.180918118299079,3.7809252865011502,3.7385377069013357,3.819790586651789,0.20226926351761468,0.25315188209820266,0.24214911159645763,0.2265193370165746
2025-08-27,5.0,3.0,0,2.822119299388175,2.7133946493055374,3.1461181316811695,3.2338861040633446,3.0716561737301102,0.1061149523826209,0.24256081895588769,0.23847011082216213,0.2265193370165746
2025-08-28,5.0,3.0,0,4.118160159649659,3.390945008042139,2.9214753842126924,3.0217665365545643,2.8197032626612817,0.08001505240821223,0.3354155387342291,0.26899230997039647,0.2782608695652174
2025-08-29,5.0,1.0,0,2.7813501054651426,2.8939741758606976,3.2785253245632076,3.3795750286290316,3.204679544992406,0.12132455570117305,0.3188658569931561,0.2637802726051574,0.2434782608695652
2025-08-30,5.0,3.0,0,2.8337780026381676,3.0717902698604473,3.110762364920782,3.166634906023934,3.0945766187275927,0.10866807058591894,0.25758970944189985,0.24367140451892016,0.2434782608695652
2025-08-31,5.0,5.0,0,3.1724117016527873,3.118894119769934,3.0617190531246044,3.1474848152176707,3.0398845012461533,0.10262367965767591,0.2872255586670467,0.25358514458622156,0.2434782608695652
2025-09-01,5.0,2.0,0,3.074076042687027,3.175368593323299,2.93928595152563,3.0147509243217225,2.911861727940044,0.08913364059294816,0.28322478276771235,0.2522699525046092,0.2434782608695652
2025-09-02,5.0,5.0,0,3.2899860709306004,3.3561228066436493,2.8383864769557188,2.9699567238062086,2.7684759909037107,0.07516740859791894,0.30073389834814407,0.257979814226944,0.2434782608695652
2025-09-03,5.0,3.0,0,3.0432859361869276,3.483005548688494,3.3399716411437526,3.3687253774718875,3.2928037238034826,0.13190401863190832,0.34267469483030316,0.27125757530751526,0.2782608695652174
2025-09-04,5.0,4.0,0,2.9515275829218512,3.1153125921732685,3.29967262774552,3.355914263791386,3.2968526145029924,0.13239932653556236,0.3220013310087424,0.26477326856277317,0.2782608695652174
2025-09-05,5.0,2.0,0,3.2773377931074696,3.154589514803189,3.4910173833970046,3.5588762822701367,3.480651046702991,0.15568796123754547,0.39905213308382764,0.28855237150947327,0.2782608695652174
2025-09-06,5.0,3.0,0,3.1381301597175173,3.1737201538502484,3.1397383523891618,3.235528638878147,3.0890858397996843,0.10805383874787237,0.3191165634538825,0.2638597721074431,0.2434782608695652
2025-09-09,5.0,5.0,0,3.596183523233115,4.696135741141014,4.728110367449892,4.72922756018686,4.599311440022839,0.32046107864533696,0.4069988473573959,0.29096332359635135,0.2782608695652174
2025-09-10,5.0,5.0,0,2.711152205535176,2.5809845298620897,3.6394064828005903,3.643982846871199,3.4982006821566767,0.1579900066132776,0.2723880798609154,0.24867310072720517,0.2434782608695652
2025-09-11,5.0,3.0,0,2.8930061808990994,2.7986824131093857,3.1360054620251225,3.1592372924729673,3.0476579653959965,0.10347270954259119,0.25276016675795643,0.2420142145935109,0.2265193370165746
2025-09-14,5.0,6.0,1,3.5702232891420103,3.1177111806073987,3.043072238316466,3.103358704451711,3.0797557037054792,0.10701388179185553,0.27716833641868666,0.25026615216564185,0.2434782608695652
2025-09-15,5.0,6.0,1,3.0135125393471873,2.88969315359377,3.460720773400262,3.5066607517712303,3.3999912134090216,0.14527875367480508,0.2553502624123395,0.24290457743394997,0.2434782608695652
2025-09-16,5.0,10.0,1,3.0538201261195494,2.819698976270977,3.32169598355722,3.321227485868669,3.292356329587551,0.13184933697471507,0.24011263409410508,0.2376099196958664,0.2265193370165746
2025-09-17,5.0,0.0,0,3.021679300263511,3.5000241273108483,2.987091548185779,3.0688295790075726,2.994541813502831,0.0977387663859227,0.3282066784378949,0.2667306394759958,0.2782608695652174
2025-09-18,5.0,4.0,0,4.285431961601637,4.121888306821004,3.5160250869131997,3.5952543819216642,3.4303224495232043,0.14915944972657635,0.33071194919303415,0.2675180684601612,0.2782608695652174
2025-09-19,5.0,3.0,0,3.3904850226984804,3.5392639232310104,4.326716583447172,4.262615246904186,4.223722775292928,0.26223375133823107,0.37533316749004136,0.28132691377674734,0.2782608695652174
2025-09-20,5.0,4.0,0,3.350791212476069,3.50627608846487,4.893772882771597,4.798378173392989,4.8920115613209925,0.3663613590935432,0.3639793573447737,0.2778457525848642,0.2782608695652174
2025-09-21,5.0,2.0,0,3.8331999182099348,4.054076700046031,3.8901023090679603,3.911602317646901,3.818482746286259,0.20208196978096704,0.3499691702251259,0.2735226826639834,0.2782608695652174
2025-09-22,5.0,3.0,0,3.1007281049710667,3.794747251468545,3.5979259741071044,3.6525528466303236,3.520648786609208,0.1609533998354465,0.29291918441744097,0.25544581275276546,0.2434782608695652
2025-09-23,5.0,5.0,0,3.023310294812439,3.279454297739304,3.5576197394846774,3.6296595496363935,3.525510620071907,0.1615979607861887,0.28127351722190874,0.25162609104644723,0.2434782608695652
2025-09-26,5.0,3.0,0,3.5237069367052993,3.260984283941517,3.8680782197180785,3.8655495002272566,3.7053992869968666,0.18609459225642164,0.3276446408964542,0.26655376872079817,0.2782608695652174
2025-09-27,5.0,7.0,1,3.813318658783455,3.191820576927921,3.496756175387037,3.5463980949426146,3.387674978332877,0.14371478690463715,0.29354898777751887,0.25565086434579964,0.2434782608695652
2025-09-28,5.0,1.0,0,3.22890028415166,2.9018621270047587,3.0292570093590157,3.0893149602699657,2.950463900479887,0.09310208400254422,0.2561663612358264,0.24318434276622594,0.2434782608695652
2025-09-29,5.0,1.0,0,3.6837205432724938,3.729610040984501,3.736299887682637,3.8165372753071907,3.7030555489600685,0.18576776112638227,0.431013506238253,0.29823557817738866,0.3333333333333333
2025-09-30,5.0,1.0,0,3.2978852972054025,3.051036842368721,4.112301424849688,4.1386102159682805,4.057439092095963,0.23709300531235647,0.3146162075305019,0.26242993932018704,0.2434782608695652
2025-10-01,5.0,6.0,1,3.3267034845953476,3.7978541690569396,3.9894033040569075,3.9886038893066744,3.9808218805841125,0.2257060700687864,0.350987867419672,0.27383818343217686,0.2782608695652174
2025-10-02,5.0,3.0,0,3.2781754022892913,3.576527704322657,3.737741945351097,3.7629367785119547,3.6788726674252286,0.18240673627848114,0.2813483589220128,0.25165081642858067,0.2434782608695652
2025-10-03,5.0,2.0,0,3.150324849658726,3.38610108241351,3.641804334449644,3.7337867452743425,3.6042678058792235,0.17217146439878256,0.3024702312181826,0.25853988606360895,0.2434782608695652
2025-10-04,5.0,3.0,0,3.76321652450943,5.132313680118812,5.079768589598648,5.060339757594666,4.8897652361680155,0.3660094645551512,0.352670151200848,0.27435878015323356,0.2782608695652174
2025-10-05,5.0,4.0,0,3.8091882079643633,3.6352379292309966,3.790864195120966,3.837388813879695,3.6716452332137917,0.1814062660346548,0.34064356517048383,0.270624914677548,0.2782608695652174
2025-10-06,5.0,1.0,0,3.194515471132124,4.079115649645459,3.928817708070958,3.973649029528213,3.842629851469107,0.20554841898728773,0.3077001506949072,0.2602207011619992,0.2434782608695652
2025-10-07,5.0,1.0,0,3.253493918251878,3.3155809495456103,4.271654911417294,4.271208194061941,4.163568430026652,0.25307810588554264,0.3453019685743343,0.2720746390008392,0.2782608695652174
2025-10-08,5.0,6.0,1,3.51780385516053,3.725559066103988,4.185174532466153,4.180097722084521,4.16073838536122,0.2526489572826733,0.3497719960053668,0.273461593159052,0.2782608695652174
2025-10-09,5.0,2.0,0,3.6956347553763758,4.046367023580251,4.144491893075649,4.259581323322275,4.084647934899361,0.24116900092491764,0.35114683144480624,0.2738873986101384,0.2782608695652174
2025-10-10,5.0,2.0,0,3.856044966128929,4.087824395146682,4.265573031059134,4.337776981319055,4.199275442740813,0.25850520311286945,0.3305935149133965,0.26748087871203674,0.2782608695652174
2025-10-11,5.0,3.0,0,3.692890974317544,3.699715603932494,3.744175047783915,3.8170876710248147,3.657233081183047,0.17941685206265537,0.3475668467146474,0.27277787346534216,0.2782608695652174
2025-10-12,5.0,2.0,0,3.8363831321462842,4.785950624063775,4.1204594481569865,4.112557962240484,4.0092193801329365,0.22991032982664839,0.35526223548870384,0.27515991658180083,0.2782608695652174
2025-10-13,5.0,5.0,0,3.690085303167905,4.987264328832642,4.439543191406071,4.422964719571661,4.339577394410048,0.2800285155079476,0.39758571713345525,0.28810705686044746,0.2782608695652174
2025-10-14,5.0,2.0,0,3.456948145116212,4.049617026715745,3.997513524439031,4.056809313528828,3.905283037946632,0.21462250269284597,0.3483197858787252,0.27301143270831346,0.2782608695652174
2025-10-15,5.0,3.0,0,3.214756411986264,3.7246503608510286,3.730776387861615,3.763095322155323,3.559872030887794,0.16618085059161575,0.28546519385490143,0.25300726027931475,0.2434782608695652
2025-10-16,5.0,4.0,0,3.2889326618433956,3.9906878974381534,3.996773712574808,4.028308607097521,3.9310358062493678,0.2183842008561125,0.3164074303502434,0.26299974585098074,0.2434782608695652
2025-10-17,5.0,6.0,1,3.784418872246403,4.038116271242276,4.243145517143529,4.230788194289844,4.18882560774713,0.2569145852116183,0.3987333704003163,0.2884555833547783,0.2782608695652174
2025-10-18,5.0,3.0,0,2.8942410084953814,3.0364780722594946,3.742242380821944,3.8216714551262356,3.714672228778777,0.18738955719748404,0.3051369941471546,0.2593980775285435,0.2434782608695652
2025-10-19,5.0,5.0,0,4.2566915694584,3.108117699890951,4.112210530144191,4.172930546114955,4.045365315038713,0.23528952862771935,0.418562649271663,0.2944666243605631,0.2782608695652174
2025-10-20,5.0,1.0,0,3.8863050562489128,3.973851626783036,3.792800564510404,3.8283916326029535,3.8135924102121104,0.20138209838646406,0.3099940705509334,0.2609551156038382,0.2434782608695652
2025-10-21,5.0,3.0,0,3.983868534980509,4.068317881606107,3.7154166541713893,3.7834250376455953,3.6875524755221307,0.1836107144615118,0.36703420828285344,0.2787841612207447,0.2782608695652174
2025-10-22,5.0,9.0,1,3.5263854873069467,3.410411569108734,4.1834852450631645,4.241442446029513,4.152770602598806,0.2514415240421757,0.3522052756316936,0.2742149727002314,0.2782608695652174
2025-10-23,5.0,1.0,0,3.717416978928112,4.5054508912318045,4.574483367362656,4.596410518154738,4.590699619740979,0.3191127564263038,0.4698383190896781,0.31001352711489205,0.3333333333333333
2025-10-24,5.0,6.0,1,3.4474872642931693,3.297124930062277,4.286191522925062,4.339091392383935,4.236384678985764,0.2641687595623403,0.48670011945918984,0.31516400775637654,0.3333333333333333
2025-10-25,5.0,2.0,0,3.794260280307321,3.9640872627011543,4.62362429343051,4.61139339432611,4.590316376018535,0.31905276119962717,0.5049747771424368,0.3207875712679868,0.3333333333333333
2025-10-26,5.0,3.0,0,3.1615424554185982,3.052949288775494,4.588164525725074,4.546071076154274,4.654934465544385,0.3291768069339611,0.35005978713553254,0.27355075557248376,0.2782608695652174
2025-10-27,5.0,3.0,0,3.1343416664862485,3.4576284387680087,4.488689944323886,4.573340357389447,4.365477627342617,0.2840315917957047,0.4342514527483274,0.29921571444528416,0.3333333333333333
2025-10-28,5.0,2.0,0,3.5746261170460762,3.239207422831793,5.219057908616575,5.20279645897326,5.312276237616679,0.43156281795058854,0.5313034685471313,0.3289928725250713,0.3333333333333333
2025-10-29,5.0,2.0,0,3.5408278965088615,3.405524097427239,5.668571068394896,5.5886498288528905,5.668910057344488,0.485134328628049,0.4800546886214375,0.3131303805551754,0.3333333333333333
2025-10-30,5.0,4.0,0,4.467427287593689,4.431240015567928,4.7707221974509455,4.767957180960201,4.68868882841838,0.33447035616294174,0.43748563461153944,0.3001948520750316,0.3333333333333333
2025-11-02,5.0,4.0,0,3.4607078533424964,3.7165191310864416,4.710305844488683,4.713496509549804,4.710157491090597,0.3378383181849223,0.3717683174667606,0.28023578604485766,0.2782608695652174
2025-11-03,5.0,6.0,1,3.507059528651446,3.4002596829487377,4.108082282807513,4.139642790931751,4.071993292001534,0.23927128374252354,0.3313610129548479,0.2677218208416354,0.2782608695652174
2025-11-04,5.0,4.0,0,3.3067806197096177,5.20240581796537,3.502082917209604,3.5485079675590576,3.517196658185538,0.16049632203032424,0.38359998918896543,0.2838513984494795,0.2782608695652174
2025-11-05,5.0,3.0,0,3.4267955001383363,3.284024498057027,4.125020074597601,4.133207503877182,4.1297674880679685,0.2479624341888435,0.37057650735583997,0.27987062913212873,0.2782608695652174
2025-11-06,5.0,7.0,1,2.952528644154709,3.5463288360373992,3.7873102771365517,3.833190526679695,3.7961551744778452,0.19889263899174875,0.37075077533984635,0.27992403469896826,0.2782608695652174
2025-11-07,5.0,8.0,1,3.4914434906873435,4.525753500344152,3.6967031579787006,3.78182458895112,3.6605167652688597,0.1798694611447804,0.3802811909719297,0.28283883815507793,0.2782608695652174
2025-11-08,5.0,4.0,0,3.1647785507447264,3.010203567710714,4.063700640154067,4.082217208953004,4.064428670208138,0.23813853167272073,0.3563878033130571,0.2755074267535121,0.2782608695652174
2025-11-09,5.0,3.0,0,3.7250885059840817,4.490588204512662,3.753467992129922,3.8028119332398442,3.77163851379178,0.19540871134984142,0.41382562215632873,0.29303206390529307,0.2782608695652174
2025-11-10,5.0,0.0,0,4.409566232789287,3.6158878057937462,3.799340972725639,3.869430955727574,3.818285504169294,0.20205372760561952,0.4304890908266971,0.2980768442692031,0.3333333333333333
2025-11-11,5.0,3.0,0,3.8325201618935023,3.294334133037845,3.945531648120073,3.978484792546347,3.934304517454839,0.2188629385463736,0.3179951501618396,0.2635040306547265,0.2434782608695652
2025-11-12,5.0,5.0,0,3.7616993581801066,4.082232597481867,4.2899717081327555,4.2759179563725604,4.349602449200866,0.2815769939654867,0.40400876767291194,0.2900565770873453,0.2782608695652174
2025-11-13,5.0,4.0,0,4.01971687064005,3.920888400380955,4.616624088325424,4.570153285904607,4.643879874486258,0.3274437921078101,0.4771490039003218,0.31224279900161517,0.3333333333333333
2025-11-14,5.0,9.0,1,4.485228691674438,5.127283963966622,4.501605545040482,4.464553468573319,4.546078595783839,0.3121325622831714,0.47095162987276723,0.3103526774945105,0.3333333333333333
2025-11-15,5.0,5.0,0,4.144900309813037,4.181402194868661,4.3609538228475575,4.3655517111533335,4.387539023213706,0.28744757271573673,0.4618694496406766,0.3075890659874753,0.3333333333333333
2025-11-16,5.0,5.0,0,4.3763361585267,4.157351876180405,4.343261659013648,4.350887821650099,4.400713759604527,0.28949012294877646,0.4745929444590803,0.3114627644528491,0.3333333333333333
2025-11-17,5.0,3.0,0,4.086957755899744,3.719952990971017,4.6182404795091925,4.626158118345042,4.5684974585407545,0.3156382825150337,0.46422390660433793,0.30830485327007073,0.3333333333333333
2025-11-18,5.0,4.0,0,4.102446909593776,3.852600044811052,4.479284675996826,4.549537085629734,4.386864062394416,0.2873429807293013,0.5053671187528167,0.32090887547449315,0.3333333333333333
2025-11-19,5.0,5.0,0,4.659454044233135,4.675743090166738,4.533062420594502,4.512769317791013,4.623475537200021,0.3242460468929013,0.4929459668037985,0.31708050441270763,0.3333333333333333
2025-11-20,5.0,4.0,0,3.93983323329789,3.6880395992896617,4.023579444712667,4.105362976804455,3.9693140472794695,0.22400800553012631,0.5026545614073095,0.3200707356223954,0.3333333333333333
2025-11-21,5.0,6.0,1,5.419046738024582,6.695914935546518,4.113292943670255,4.251555884045204,4.138630841884816,0.24930175564970836,0.5574280261610514,0.33729386289795404,0.3333333333333333
2025-11-24,5.0,4.0,0,3.7235379613241353,3.5799306130543775,3.329245741140386,3.38183949140555,3.3586050695361225,0.14005091161121655,0.31978035487250356,0.2640701757469958,0.24582322186705183
2025-11-25,5.0,3.0,0,3.922229972406318,3.8686081386808087,3.282087367227032,3.367063542951279,3.29392285673876,0.13204084451194367,0.3348876163651987,0.2688271053241752,0.2782608695652174
2025-11-26,5.0,2.0,0,4.0042381641283775,3.6007177751387047,3.375545134731168,3.4444302801407307,3.372068852406161,0.14174300039752996,0.32973590925824375,0.26721147693141756,0.2782608695652174
2025-11-27,5.0,6.0,1,3.4927659422636648,3.0182593829343074,3.417605430946165,3.5029740845830717,3.3885715235020344,0.14382840121219986,0.3437152446905636,0.2715813499425143,0.2782608695652174
2025-11-28,5.0,3.0,0,4.398337994073615,3.7858852035556376,3.8610522291529596,3.9525986798146606,3.877441281021067,0.21057627549414723,0.4396386467133065,0.30084678383224756,0.3333333333333333
2025-11-29,5.0,3.0,0,3.976254728468766,3.5432790140088524,3.7903184298181785,3.852285202121983,3.70314352534818,0.18578002586531053,0.4277432973674534,0.2972457433792201,0.3333333333333333
2025-11-30,5.0,4.0,0,4.339089981164608,3.8981669216344015,4.115151645717964,4.185967352801771,4.090144412334144,0.24199432874852989,0.40704994551316775,0.29097881533903586,0.2782608695652174
2025-12-03,5.0,8.0,1,4.38469573861571,4.027026696704755,4.176532853195403,4.208195752696471,4.1890754446815075,0.25695259172460994,0.4387244033146014,0.3005699380229875,0.3333333333333333
2025-12-04,5.0,5.0,0,4.5487441671394935,3.6242091259857245,4.3578443501459265,4.389851955786411,4.371362659829668,0.28494228505023467,0.40924858765854777,0.2916452783699989,0.2782608695652174
2025-12-05,5.0,7.0,1,4.146320352265654,3.784390336717122,4.545023313208166,4.595706174929824,4.450451017852622,0.29721709981756045,0.46649012340353274,0.30899422644694285,0.3333333333333333
2025-12-06,5.0,5.0,0,4.77504074433528,4.207750719782284,4.4681771324090995,4.542272795449515,4.403501824414551,0.2899226095845104,0.4857302493473887,0.3148668718898402,0.3333333333333333
2025-12-07,5.0,3.0,0,3.793611084875186,2.9178599099386333,3.6996918477322214,3.7427861205450994,3.6628257354224663,0.1801879542828406,0.39607206112116927,0.28764724054418905,0.2782608695652174
2025-12-08,5.0,3.0,0,3.5981404538903754,3.4617441610541806,3.5013583048632193,3.5710066989449096,3.5418704360718083,0.16377396918918802,0.3711623158618547,0.28005013780438986,0.2782608695652174
2025-12-09,5.0,5.0,0,3.5947380079936773,3.656623056550213,3.2915833224321323,3.391812981588972,3.2248176413847127,0.12370780727917073,0.32121254034506286,0.26452371828566834,0.2782608695652174
2025-12-10,5.0,5.0,0,3.28688426039649,3.5298220450013966,3.3468787266085545,3.3972516745402213,3.368137427666242,0.1412480429273173,0.3373363286600042,0.2695928473226321,0.2782608695652174
2025-12-11,5.0,1.0,0,4.207787857298585,4.832833623156924,3.398020700503187,3.4780319211125397,3.43129984501084,0.14928518281626493,0.3527445341741434,0.27438178657274137,0.2782608695652174
2025-12-12,5.0,8.0,1,3.869240745809895,3.726480255241413,3.745628755531188,3.787362157201828,3.77293447354587,0.1955923906738468,0.4174740257300703,0.29413699663437654,0.2782608695652174
2025-12-13,5.0,5.0,0,4.239314584641794,4.113260224058469,3.697497406811519,3.7933076047032537,3.6153025588586125,0.1736722811046089,0.3960633888434863,0.2876446056197347,0.2782608695652174
2025-12-14,5.0,6.0,1,4.83110279936238,4.420324130927465,4.020184461850913,4.093709054239904,3.994548572200947,0.22773585328462753,0.5164152507274477,0.3243360288125602,0.3333333333333333
2025-12-15,5.0,1.0,0,4.441905530467033,3.8179937892404747,4.563561090642167,4.606382146242121,4.433084109246687,0.29451632073109096,0.5359343699083655,0.3304514771549814,0.3333333333333333
2025-12-16,5.0,9.0,1,4.544021812704136,4.704307980265163,5.158225680260701,5.117973998659289,5.147614622642129,0.40620912101409745,0.520100696847632,0.32548443266517507,0.3333333333333333
2025-12-17,5.0,4.0,0,4.576000998892775,3.7105743776547198,4.874011501120346,4.8548174237287265,4.838772643475056,0.3580168403225412,0.4994793642438085,0.31909117848638996,0.3333333333333333
2025-12-18,5.0,1.0,0,4.766099383925051,4.463470653270839,4.5264443825764475,4.557042363258188,4.5179608777367894,0.3077400024838664,0.4517351380298809,0.30451239950799447,0.3333333333333333
2025-12-19,5.0,3.0,0,4.245412525793122,3.966183928612946,4.33562304333848,4.381055914844017,4.322134848292981,0.27733735698501083,0.4219822637825806,0.2955019097387728,0.3333333333333333
2025-12-20,5.0,4.0,0,4.94219147826489,4.740221516758116,4.595687303275933,4.583232325697993,4.517119819400134,0.3076086923545229,0.4697871684876717,0.3099979477255019,0.3333333333333333
2025-12-21,5.0,5.0,0,3.8187973822727432,3.6405515858719335,3.8339237982341716,3.878794451207043,3.8418721702064427,0.2054393827179104,0.30612853921221683,0.25971656096039025,0.2434782608695652
2025-12-22,5.0,3.0,0,3.800140432257864,4.4986109161557915,3.7997106072928126,3.877575466379114,3.7915439645507796,0.19823590416306144,0.3740206776310809,0.2809253751667471,0.2782608695652174
2025-12-23,5.0,9.0,1,4.182395280677573,4.627117315302721,4.070549179352527,4.122360625761808,4.043274926463072,0.23497761772382983,0.3807791325881813,0.28299083487701726,0.2782608695652174
2025-12-24,5.0,5.0,0,3.8703165144300433,3.853477172602552,4.4178422558518005,4.431241820998537,4.416012302177317,0.2918642379672595,0.4080775056339466,0.29129032128939514,0.2782608695652174
2025-12-25,5.0,1.0,0,4.216442869104568,4.851664836238475,4.92795024463707,4.92182093768596,4.876844898419128,0.3639850950066235,0.42019738943688556,0.29496156605857904,0.2782608695652174
2025-12-26,5.0,9.0,1,3.796035475631215,4.49394822354236,4.6422506019870795,4.692705331995829,4.597195700774937,0.32012979387010987,0.4755597866816529,0.3117577364898817,0.3333333333333333
2025-12-27,5.0,8.0,1,4.2395735699535635,5.567622391217633,4.597605468175449,4.560790890113248,4.52384588698887,0.3086589338521609,0.487913642324517,0.3155359607790158,0.3333333333333333
2025-12-28,5.0,4.0,0,3.796456216407542,4.875687511116363,4.612353336094615,4.6233980160614925,4.52405063689138,0.30869090931195553,0.4134951813916921,0.2929319693550786,0.2782608695652174
2025-12-29,5.0,5.0,0,3.9031987397886243,6.212655549609446,4.807624331016683,4.800198026337049,4.752505062937622,0.3444830344534727,0.5245088168997473,0.3268616924989019,0.3333333333333333
2025-12-30,5.0,2.0,0,5.185275478455058,8.46626921575506,5.154052018457704,5.092397189411516,5.184507958169515,0.41191641926971634,0.5976661436105777,0.3504987443560149,0.3333333333333333
2025-12-31,5.0,2.0,0,5.70863819470569,7.615084296944369,5.008301168810895,5.008368647563824,4.925841937138328,0.3716585398776531,0.6001755998630675,0.35134271312530374,0.3333333333333333
2026-01-01,5.0,8.0,1,4.0648496589281775,5.522320676469669,4.504256494848976,4.55070435436992,4.402900656786617,0.2898293491055279,0.4592470361404805,0.30679229557062837,0.3333333333333333
2026-01-04,5.0,4.0,0,3.3242284004574487,3.2879512415572183,3.4242280862047614,3.5143939574880725,3.412382425158044,0.14685916090075862,0.30443994338469976,0.259173990232486,0.2434782608695652
2026-01-05,5.0,5.0,0,3.283208025475355,3.949607580780131,3.669928259905932,3.78633536225171,3.5785932723219966,0.16869763622407596,0.3271041967698069,0.26638361708129366,0.2782608695652174
2026-01-06,5.0,3.0,0,4.318481656793629,4.078868107480882,3.5253809509107397,3.655358307545145,3.490855571870846,0.15702494157192023,0.37604908735924203,0.28154585022366113,0.2782608695652174
2026-01-07,5.0,2.0,0,4.827854894308307,3.9209589462604457,4.251116671737784,4.358366390792672,4.17097989865069,0.2542026832450026,0.460019144192817,0.3070268356132903,0.3333333333333333
2026-01-08,5.0,2.0,0,3.2733059091245553,3.772411824177933,4.230755865660858,4.291511300053164,4.205114548231955,0.2593948250812117,0.39234449244266417,0.28651415794767937,0.2782608695652174
2026-01-09,5.0,4.0,0,4.714696418122966,3.761052020683315,4.2861604396110575,4.355024569451162,4.242704792475377,0.2651355728199486,0.38458317692528704,0.2841511467708736,0.2782608695652174
2026-01-10,5.0,3.0,0,5.177458732133498,5.188422224255781,4.812057719299305,4.8331099326607525,4.761529747555814,0.3458991554270778,0.5566085108108295,0.33703060182917216,0.3333333333333333
2026-01-11,5.0,3.0,0,4.390944194461538,4.689603609970208,4.811635015471612,4.878690669758357,4.725493730731651,0.3402445834473131,0.4567591579036801,0.30603683364395723,0.3333333333333333
2026-01-12,5.0,2.0,0,4.478743697140654,7.064174425681424,4.698600600918644,4.772061356787771,4.589450127219073,0.31891715604649684,0.6111191163554264,0.35505549644013734,0.3333333333333333
2026-01-13,5.0,2.0,0,5.956047765861009,9.536436414479324,5.574981496443854,5.51276517297476,5.656310408316821,0.4832793937327862,0.7310897596205617,0.4007178115536873,0.5333333333333333
2026-01-14,5.0,4.0,0,4.291551009288873,5.53534807468909,5.134375863592663,5.116195288274011,5.007656002904969,0.38444523954060156,0.5891610779888651,0.3476577650250454,0.3333333333333333
2026-01-15,5.0,5.0,0,4.873834118790075,5.811799612267785,4.698859802677741,4.824071313699027,4.549847501482822,0.31272171811860605,0.5903352391161095,0.3480482376290438,0.3333333333333333
2026-01-16,5.0,6.0,1,5.1686686101446515,7.787915165440667,5.599870838248323,5.543699411894028,5.632817106263373,0.4798125907275134,0.6948385457678112,0.38571333242706207,0.5333333333333333
2026-01-17,5.0,10.0,1,4.899994538444191,7.136483161776966,5.484264383394306,5.503479600344039,5.324551355483326,0.4334395455202675,0.6447219059102626,0.3668273796188908,0.3888888888888889
2026-01-18,5.0,10.0,1,5.950139215844586,9.046199478336684,5.627752477124566,5.674531882776148,5.828219529501819,0.5083142520270778,0.6052328032500107,0.3530517972278913,0.3333333333333333
2026-01-19,5.0,4.0,0,4.704841062737959,9.2082697927172,5.480153983824115,5.4549712556852255,5.408126794758574,0.44616127135935396,0.5343251049603552,0.3299440236205782,0.3333333333333333
2026-01-20,5.0,7.0,1,4.527773422949138,4.25336555687452,3.9686129917253026,3.990624686084993,3.93502702821079,0.21896879631338526,0.4543251037959129,0.3052980905897351,0.3333333333333333
2026-01-21,5.0,9.0,1,3.9265044052046005,3.377178323099612,4.366781268554809,4.377167379883036,4.432457918842455,0.2944189927717577,0.3072806228503124,0.2600862039508823,0.2434782608695652
2026-01-22,5.0,8.0,1,4.862443672522828,3.1116445454996056,4.965975264922361,4.942198582977091,5.103262078587714,0.3993302067192502,0.43102182056643296,0.2982380948325465,0.3333333333333333
2026-01-23,5.0,3.0,0,3.9376876793310314,3.3844475655695403,4.504160425739111,4.508930103525213,4.4985956350240555,0.3047178767613887,0.4930885729236196,0.31712432483339875,0.3333333333333333
2026-01-26,5.0,4.0,0,3.756049678195172,3.1079785440135703,4.708656368708396,4.733504866504793,4.704141507358002,0.3368944759925564,0.3328109727620802,0.2681766177933419,0.2782608695652174
2026-01-27,5.0,3.0,0,4.460974162040845,4.755239736288331,4.4270355812159075,4.473525929544286,4.420413869707555,0.2925477407711241,0.44935470635353164,0.3037905788023046,0.3333333333333333
2026-01-28,5.0,4.0,0,4.041685047334188,2.380063789168781,4.398361184665687,4.4282824850883715,4.473555162514839,0.30081426796061217,0.24506570214405385,0.23934632519397617,0.2265193370165746
2026-01-29,5.0,5.0,0,5.106466048593256,5.340667418300443,4.5609454912462155,4.59034572285506,4.53025161454059,0.309659437490479,0.5339604855897917,0.329829133926203,0.3333333333333333
2026-01-30,5.0,6.0,1,4.198299834827414,6.041710431296297,4.845199698029785,4.749551315191044,5.05725157149675,0.39217570191791074,0.4204638561654503,0.29504223807654556,0.2866490685585578
2026-01-31,5.0,6.0,1,4.316798796086326,4.2507675256427495,4.385313990840387,4.395841846317607,4.4433120083250905,0.29610655376033995,0.38462846118835464,0.2841649504140975,0.2782608695652174
2026-02-01,5.0,7.0,1,5.035279390053441,3.850313448021133,4.0915233031200735,4.108920320544107,4.1182493042523465,0.24622426116580168,0.44186470189994026,0.30152095639662774,0.3333333333333333
2026-02-02,5.0,4.0,0,4.4555312707900265,4.12069823900096,4.053004920912807,4.143038449258443,4.062019481670132,0.2377780347610539,0.42933597199507967,0.29772781437929724,0.3333333333333333
2026-02-03,5.0,1.0,0,5.110177667440723,5.653285128130765,4.571905997264371,4.539278935101933,4.645474569536433,0.32769376821436486,0.47284020291438195,0.3109282643139749,0.3333333333333333
2026-02-04,5.0,2.0,0,4.113133029377797,4.003526076467949,4.075460652413652,4.064077529345881,4.052371795057506,0.23633569839933027,0.29923298708964635,0.25749483460519496,0.2434782608695652
2026-02-05,5.0,2.0,0,3.4451401241524575,3.45215439666835,3.7438108936612084,3.8284364715442645,3.7522056811028603,0.19266101392745488,0.27709228355215443,0.25024088801359984,0.2434782608695652
2026-02-06,5.0,9.0,1,3.665696820703579,3.047391035038219,4.329765699081554,4.337372356339405,4.424213192715387,0.29313787836907507,0.3977237267917928,0.2881489732403448,0.2782608695652174
2026-02-07,5.0,3.0,0,3.323940980995537,3.018899460797907,4.828886858929166,4.784305560126856,4.851072783990985,0.359945472105839,0.376637673742389,0.2817258001035983,0.2782608695652174
2026-02-08,5.0,7.0,1,4.315985172985648,3.80917521552937,4.5492811357382985,4.600642821974097,4.56373953662791,0.3148940333449282,0.42338012176977924,0.2959250591446429,0.3333333333333333
2026-02-09,5.0,5.0,0,4.7346697431146385,3.625817373909578,4.174288178626131,4.201698431277869,4.24953734249685,0.26618148568577576,0.4097570042031573,0.2917993620910667,0.2782608695652174
2026-02-10,5.0,5.0,0,4.046652654449382,3.48100619992839,4.1786873885442235,4.213866021506669,4.203055706289866,0.2590810815903117,0.37156615564941825,0.28017385930137817,0.2782608695652174
2026-02-11,5.0,5.0,0,3.826048998813293,3.3445843814078224,4.027876151889222,4.1032043369508475,4.005239556541722,0.2293199354149443,0.40715654637962934,0.291011133783526,0.2782608695652174
2026-02-12,5.0,6.0,1,4.696922384925296,5.437687926147572,4.41204355648135,4.401231656767529,4.440080742918708,0.29560405104783105,0.4613620726190321,0.30743487084091503,0.3333333333333333
2026-02-13,5.0,5.0,0,3.7960899532333374,3.335001287028383,4.55053065368346,4.560690204724379,4.549716150244608,0.3127011838580998,0.44397113882680694,0.302159038971189,0.3333333333333333
2026-02-14,5.0,3.0,0,4.091964482339444,4.919069968837207,4.1722294030330485,4.24075743225008,4.1179215422441295,0.24617483836182638,0.46144356890126587,0.30745963681995464,0.3333333333333333
2026-02-15,5.0,4.0,0,3.9471270882281724,3.932388263536717,4.179991778022474,4.226355644120071,4.137053358278968,0.24906327361855682,0.452926399846354,0.3048737349869792,0.3333333333333333
2026-02-16,5.0,2.0,0,3.586250039898816,3.9264901416428466,4.397331437993078,4.375025434684234,4.403101639386036,0.2898605275634433,0.45563954678454904,0.30569698404269785,0.3333333333333333
2026-02-17,5.0,6.0,1,4.227712596228524,3.7017758010458843,4.2051440642819955,4.249012364230211,4.190528247989636,0.25717362162660173,0.427608342407384,0.29720489521723076,0.3333333333333333
2026-02-18,5.0,2.0,0,4.082885284449398,3.092473169888729,4.099014286727316,4.1492003968780455,4.07998020854279,0.2404686188056305,0.37507252264274754,0.28124719002135595,0.2782608695652174
2026-02-19,5.0,3.0,0,4.116745739694982,2.9575908701204283,4.472201945023434,4.451908850377191,4.448820609358093,0.29696343229106453,0.38236915194355264,0.2834760083279569,0.2782608695652174
2026-02-20,5.0,8.0,1,3.1836761984343243,2.5133480194554823,3.7814691342174744,3.8457524105652663,3.7006092378864457,0.18542683024160173,0.31259818843780385,0.2617868378100522,0.2434782608695652
2026-02-21,5.0,8.0,1,3.9791727928144636,4.033229519681676,3.5947861639460386,3.665570068244186,3.510149103907332,0.15956472213292341,0.3475357766730394,0.27276823325482996,0.2782608695652174
2026-02-22,5.0,3.0,0,4.168720941922848,5.3375610065336,4.134120066227766,4.1823902840712135,4.091725165237683,0.24223180599011607,0.3900170621602526,0.2858061141588899,0.2782608695652174
2026-02-23,5.0,6.0,1,4.0091241008939535,3.656099358698454,4.592016808671365,4.596399920731188,4.588830430961701,0.31882014911925816,0.38907326982290485,0.2855188638878788,0.2782608695652174
2026-02-24,5.0,3.0,0,4.006944007845709,5.235650329272567,4.2935080321722285,4.354202687158296,4.195888931033984,0.2579895178024222,0.42865899450424616,0.29752290642014423,0.3333333333333333
2026-02-25,5.0,4.0,0,2.986183279803176,3.2347711954745884,3.7395743204191576,3.834057001255122,3.582413372762009,0.16921288443828092,0.3441546843808052,0.27171801709986654,0.2782608695652174
2026-02-26,5.0,7.0,1,3.179860838601788,3.2994913310030554,4.108478173815551,4.255618857147049,3.966255003506138,0.22355718327073024,0.43050580630862917,0.29808190381027055,0.3333333333333333
2026-02-27,5.0,8.0,1,3.3250437448599284,3.219946129207506,3.6713101853967007,3.7673927365606343,3.6017011890641313,0.17182304992383685,0.39136509803196917,0.2862162650611246,0.2782608695652174
2026-02-28,5.0,4.0,0,4.191441602894826,5.7431783117084665,3.6674448150974293,3.7449169292356257,3.620234721089106,0.17434459038355657,0.44506455472362627,0.3024903163122275,0.3333333333333333
2026-03-01,5.0,5.0,0,4.288190786762087,5.798882815364061,3.8470554807321613,3.9009006989466384,3.788844672856703,0.197851779461022,0.42117699742818693,0.29525813367327297,0.3333333333333333
2026-03-02,5.0,1.0,0,3.7409260571734055,4.760052407656326,3.850956449139239,3.897217459070635,3.797690123375545,0.1991113972345637,0.3589824975278208,0.2763076933231912,0.2782608695652174
2026-03-03,5.0,2.0,0,3.1590519512560364,3.0843165278097815,3.880222575222803,3.9453338788609136,3.888104270324889,0.2121233452058276,0.3464814622041972,0.27244099432832486,0.2782608695652174
2026-03-04,5.0,4.0,0,3.85341448297986,4.588399934648216,4.749863097875116,4.760922303477732,4.701589753703162,0.33649414796011223,0.5265283441860568,0.32749405436966056,0.3333333333333333
2026-03-05,5.0,6.0,1,3.660681171513779,2.6413284364624414,4.413030563710989,4.455229101497068,4.331450883743262,0.27877421371810185,0.3740007226160196,0.28091926853503635,0.2782608695652174
2026-03-06,5.0,5.0,0,2.9206757122271685,3.0794769180403083,3.8018776526707545,3.806892851596959,3.7596971529838363,0.19371880316907025,0.36480325030114,0.2780989778670387,0.2782608695652174
2026-03-07,5.0,6.0,1,3.3926992898649795,3.8789849442299,3.398355749962329,3.4730580253356393,3.3746875302763764,0.1420730815951728,0.3165304110313236,0.26303883262564715,0.2434782608695652
2026-03-08,5.0,5.0,0,3.937609268072494,3.556584899842405,3.9375052266134314,3.996860360536416,3.871233154795255,0.20967704658297454,0.3413953147784,0.2708591740686003,0.2782608695652174
2026-03-09,5.0,9.0,1,3.8752791467207635,4.647580792092023,4.008337133646129,4.063971504072498,3.9857975683913773,0.22644129376161914,0.3942011121421146,0.2870786552505375,0.2782608695652174
2026-03-10,5.0,4.0,0,4.361933054545144,3.6583119958629022,3.78953635688459,3.852715494593628,3.744385540279611,0.1915587963059992,0.4253707191652193,0.2965276043447937,0.3333333333333333
2026-03-11,5.0,4.0,0,4.1530968352747335,3.794027371106276,4.1698238119494455,4.242296265432027,4.133815490827594,0.24857392841324463,0.40929789828435453,0.29166022321298846,0.2782608695652174
2026-03-12,5.0,2.0,0,3.9930599538829794,4.620688192464831,4.258454811425608,4.345501098558367,4.075746516811276,0.23983376609249166,0.44511749557532343,0.30250635715291424,0.3333333333333333
2026-03-13,5.0,5.0,0,4.592605709048133,3.7579176736536817,4.90459035249315,4.938790492215025,4.882843482268106,0.36492503167898815,0.4986298979526218,0.3188293870859009,0.3333333333333333
2026-03-14,5.0,3.0,0,3.6095126559110167,4.131111170044004,4.800145136009336,4.757773486927442,4.7848460917798095,0.3495577190471444,0.35650813897513645,0.2755445664611319,0.2782608695652174
2026-03-15,5.0,12.0,1,3.3895051431958385,6.904851377284654,6.6976445353126595,6.423426910667771,6.710070378476004,0.6257519640902125,0.4446882491324146,0.30237630038212404,0.3333333333333333
2026-03-18,5.0,4.0,0,3.7415873707716836,3.8063657247214477,4.891175314178922,4.852846291326027,4.91237195045815,0.36954998125729993,0.3846293628923908,0.2841652252713139,0.2782608695652174
2026-03-19,5.0,3.0,0,4.1739032867521875,4.625852833199011,4.9782241784334245,4.935686990998991,4.788826793556894,0.3501822901110253,0.38146664219600496,0.28320065273176065,0.2782608695652174
2026-03-22,5.0,5.0,0,4.043260048527008,3.4257224490422726,4.638244709080233,4.5226894522680885,4.428133553453801,0.2937469650634592,0.35062627421947645,0.2737262167504975,0.2782608695652174
2026-03-23,5.0,3.0,0,3.8460904019885453,4.657268121078662,4.605934750903172,4.554508433539011,4.594818677884175,0.3197576208599569,0.32520043232955104,0.2657836394391967,0.2782608695652174
2026-03-24,5.0,5.0,0,3.8351269143433515,3.505740856687197,4.759183963453733,4.857045775909156,4.5905549609868945,0.31909011061354176,0.35273048123858347,0.27437744012125787,0.2782608695652174
2026-03-25,5.0,4.0,0,3.7579680999766243,4.08342168733604,4.969761731773219,4.87480699972855,5.020281984815831,0.38641492011852946,0.3407612315895333,0.2706615898032101,0.2782608695652174
2026-03-26,5.0,3.0,0,3.867170734580909,3.5522238464800817,4.521944069197733,4.415491618681318,4.498107334589828,0.30464170823653647,0.2897765037197014,0.25442035422287984,0.2434782608695652
2026-03-27,5.0,2.0,0,3.5276879657244455,3.3112148420343415,4.122155910530498,4.134003405750849,4.10697940430003,0.24452613421086153,0.3104337110476001,0.26109567920610743,0.2434782608695652
2026-03-28,5.0,3.0,0,3.860631415558792,3.2621974881160667,4.062417633438985,4.017957035316179,4.126945610358911,0.24753634993794246,0.3227782126353928,0.2650188845275487,0.2782608695652174
2026-03-29,5.0,2.0,0,3.944090030932864,3.7668326587434477,4.310750714214819,4.314982395279688,4.457253092560303,0.2982756586076561,0.36280187816447346,0.2774836723633952,0.2782608695652174
2026-03-30,5.0,1.0,0,3.8643872214952064,4.394736802739204,3.7105301290363264,3.7475470690700527,3.7987645831494548,0.19926457144750126,0.3684576429763983,0.2792209574112701,0.2782608695652174
2026-03-31,5.0,2.0,0,3.5296524300629386,3.8786447743476873,3.929417364823989,3.9761081519721424,3.9273582716156064,0.21784592744405953,0.3410982484680779,0.2707666171314602,0.2782608695652174
2026-04-01,5.0,3.0,0,3.4538003321503954,4.073276432480719,4.346784911710859,4.406201408255986,4.303946630621486,0.27453541504792023,0.34323495023688066,0.2714319309653399,0.2782608695652174
2026-04-02,5.0,6.0,1,2.7199869143041,2.507899615437,4.553866716503084,4.561735717152709,4.561046101500139,0.31447277241264565,0.30916038320498385,0.26068839853785897,0.2434782608695652
2026-04-03,5.0,2.0,0,3.1712908971992455,3.1577234163184045,5.141918469983868,5.016078236256822,5.368924360338382,0.440206411609243,0.36143833922716806,0.27706410897485884,0.2782608695652174
2026-04-04,5.0,2.0,0,3.360468468441868,3.714284790424662,4.380419916739532,4.4449420112686155,4.309854472321596,0.27544504406272496,0.3627885921261319,0.27747958562732794,0.2782608695652174
2026-04-05,5.0,5.0,0,3.2537252708954973,3.2020097474752904,4.000181260034932,4.078201801584409,3.9521482593838626,0.22148131638008742,0.3185805292909535,0.26368977289618023,0.2434782608695652
2026-04-06,5.0,4.0,0,3.5266988729464166,3.306370351688177,4.50087655902841,4.513363937053146,4.527030544375148,0.30915630821504375,0.3468706480648822,0.27256181579808475,0.2782608695652174
2026-04-07,5.0,2.0,0,4.16219283347873,3.7351309285315764,4.497911320714661,4.521379038385729,4.470484415389392,0.3003359096837207,0.36509505649838886,0.27818864066730736,0.2782608695652174
2026-04-08,5.0,8.0,1,3.384814696000595,3.333007609755268,4.180838756242129,4.198683602059771,4.107448288058085,0.24459673321870432,0.32398069452610223,0.26539873414584086,0.2782608695652174
2026-04-09,5.0,3.0,0,3.215220667244717,2.9971910194974805,3.8885504684151355,3.8683919689871034,3.9704047166735217,0.2241687987439702,0.3578655180674769,0.2759633288867248,0.2782608695652174
2026-04-10,5.0,3.0,0,2.823341569319335,2.861591557638638,3.4792605924288234,3.5496712300073794,3.524725800994202,0.16149384715444792,0.3116524742895481,0.2614850315388778,0.2434782608695652
2026-04-11,5.0,3.0,0,2.5702524459298797,2.3696614154734905,3.5868792661656643,3.648150055051717,3.5829411209751774,0.16928411099143653,0.30145830883865904,0.2582136067317409,0.2434782608695652
2026-04-12,5.0,5.0,0,2.63619935787328,2.5134443123187276,3.8396492882489865,3.8644327287763223,3.884750135366138,0.21163635329755032,0.25687324029221215,0.24342637091438374,0.2434782608695652
2026-04-13,5.0,7.0,1,3.429788143124981,3.7405726741812706,3.910461992272704,3.959817614210964,3.8752195404434535,0.21025433582090505,0.39301195609543965,0.28671712896908663,0.2782608695652174
2026-04-14,5.0,3.0,0,3.512437299246423,3.998195113510619,3.9493473761074425,4.000490473308188,3.9562857052834564,0.2220896286875145,0.39487114386840644,0.2872823094989139,0.2782608695652174
2026-04-15,5.0,8.0,1,3.741062154499927,4.3754650915716065,4.203104794427904,4.15988675189503,4.346593576444406,0.28111211016769866,0.42028661911036524,0.2949885802166899,0.2782608695652174
2026-04-16,5.0,3.0,0,3.572444596986993,3.590756492851945,3.930202468792017,3.965441973482094,3.8934012949366625,0.21289307403629898,0.3596222144005851,0.2765048247701492,0.2782608695652174
