row;FECHA_DIA;EVENTOS;fold;d3_base;d3_wx2_top;d3_wx2_hydro;d3_wx2_cloud;d3_wx2_wind_pressure;d3_wx2_all;d3_history_wx2_top;d3_history_wx2_all;d2_base;d2_wx2_top;d2_wx2_hydro;d2_wx2_cloud;d2_wx2_wind_pressure;d2_wx2_all;d2_history_wx2_top;d2_history_wx2_all
724;2024-03-18;7.0;1;6.6091485;6.4529104;6.558646;6.4234033;6.3734803;6.492347;6.9788857;6.856138;6.8183928;6.7125874;6.3696847;6.83766;6.5410457;7.127717;7.032621;7.2610927
725;2024-03-19;4.0;1;6.9423275;6.68613;6.654118;6.6850905;6.74839;6.0841384;5.700242;5.9087234;6.7587523;6.5881877;6.265685;6.354697;6.750461;6.408705;5.9405;5.8044586
726;2024-03-20;4.0;1;6.488342;6.4234796;5.9488935;6.2963357;6.248017;6.05031;5.7560854;5.578177;6.472096;6.160541;6.016654;5.9352117;6.09899;5.9434805;5.489627;5.5405774
727;2024-03-21;3.0;1;4.760658;5.094857;5.2146955;4.9507904;4.846956;5.263691;4.818637;5.3553715;5.300841;5.356175;5.2629275;5.0469804;5.100945;5.1689296;4.9917827;5.081283
728;2024-03-22;4.0;1;4.2527003;4.7928777;5.2002773;5.083621;4.3725877;5.1399074;4.618863;4.4606466;4.390569;4.4954686;4.8163047;4.7447586;4.512696;5.032781;4.386209;4.383699
729;2024-03-23;3.0;1;6.9772563;6.1607533;6.8419757;6.3304014;6.7209125;6.273539;5.121684;5.8240604;6.419497;6.0822625;6.2500935;6.2863393;6.3731775;5.9527206;5.575774;5.7741723
730;2024-03-24;1.0;1;4.0074716;4.349362;4.4473996;4.3059993;4.46723;4.6733184;3.666164;4.099383;4.283188;4.365464;4.521445;4.3967695;4.3235545;4.6049747;4.3709517;4.0773506
731;2024-03-25;4.0;1;5.921287;5.7772593;5.8824596;6.0726204;5.729016;5.7664356;5.2166443;5.426474;5.5738053;5.6630483;5.520585;5.7164087;5.7867208;5.6940026;4.9578547;4.999804
732;2024-03-26;5.0;1;7.0112343;6.6258664;6.8495336;6.636702;6.4527884;6.57969;5.7387934;5.809708;6.6355605;5.9594054;6.539539;6.6918097;6.5955305;6.140309;5.7263584;5.6631
733;2024-03-27;4.0;1;6.018301;5.8083124;5.692075;6.06543;6.056277;5.4048967;4.918929;4.8192644;5.791177;5.7818136;5.7212086;6.1409616;6.118469;5.6904726;5.14626;5.194684
734;2024-03-28;4.0;1;6.803862;6.441635;6.097181;6.795733;6.479392;6.909141;5.830546;6.5948205;6.2215705;6.6252723;6.43017;6.823489;6.5446205;6.738431;5.816835;6.1496167
735;2024-03-29;3.0;1;6.0952706;6.042992;5.6824083;6.3288126;6.133611;5.7582536;5.2625756;4.958811;5.842835;5.7519197;5.4676642;5.86005;6.0937166;5.620371;5.3551345;5.512912
736;2024-03-30;1.0;1;5.8895364;6.1396856;5.845734;5.8287187;6.956954;6.330662;5.7465124;6.6829696;6.232306;5.938899;5.842346;6.0973153;6.8972363;6.24424;5.5328083;6.141097
737;2024-03-31;3.0;1;5.8578806;6.187732;5.9188685;5.565737;5.56829;5.6222215;5.6965785;5.3428583;5.1513186;5.2461905;5.3699107;5.2731485;4.929234;4.859694;5.037366;4.785831
738;2024-04-01;4.0;1;6.143358;6.1789365;6.3993497;5.6286817;6.013053;6.0059996;5.9984355;6.0929174;5.738937;5.7710395;5.9165554;5.6884947;5.7975407;5.6939383;5.7237253;5.534552
739;2024-04-02;5.0;1;6.07315;5.8574624;6.0252748;5.636765;5.746838;5.169549;5.6774216;4.6458187;5.8365817;5.759241;5.927181;5.320017;5.53737;5.310332;5.283939;4.9016366
740;2024-04-03;6.0;1;5.8144965;5.8097143;5.598415;5.595766;5.7135158;5.7928905;5.3582287;5.629629;5.943592;5.67445;5.920121;6.100943;5.7214384;5.5614195;5.1986647;5.1207256
741;2024-04-04;3.0;1;5.542271;5.6829605;5.5421276;5.477942;5.510714;5.3421082;5.0239034;5.005384;5.392634;5.465145;5.8600907;5.5895586;5.3951387;5.396109;5.1701603;4.9011836
742;2024-04-05;7.0;1;5.991107;5.970734;5.809559;5.748779;5.795672;5.681629;5.931365;5.3390017;5.6953745;5.669995;5.687813;5.726502;5.39981;5.5996637;5.5765166;5.432911
743;2024-04-06;8.0;1;6.1014056;5.969218;5.9313498;5.6977673;5.4384303;5.6298614;5.8628774;5.495158;5.8718076;5.8533216;6.178436;5.9430103;5.869121;5.7881;5.611453;5.2637315
744;2024-04-07;3.0;1;4.3691363;4.322128;3.9950767;4.495897;4.524911;4.4268594;3.9278817;3.6964493;4.558557;4.4613924;4.480293;4.621103;4.740451;4.723357;4.013028;4.213612
745;2024-04-08;4.0;1;5.22665;4.7364497;4.6886253;5.008056;5.0838914;5.193832;4.629485;4.667231;5.2920775;4.862838;5.125257;5.398312;5.20794;5.169288;4.8497615;4.893473
746;2024-04-09;4.0;1;4.1428814;4.140011;4.247331;3.8244011;4.0364227;3.956342;3.9816127;3.6234696;4.1160474;4.004843;4.093369;3.8764095;3.9232361;4.001972;3.9595435;4.128518
747;2024-04-10;3.0;1;4.300034;4.347557;4.2951546;4.4434376;4.537617;4.7446847;4.1740913;4.408555;4.315634;4.3118176;4.3562803;4.3058586;4.399325;4.3560805;4.146774;4.421243
748;2024-04-11;4.0;1;4.872168;4.9618106;4.7572784;4.981616;5.1562295;5.0117526;4.5261626;4.743158;4.9667687;5.1485553;4.8093143;4.745045;4.9779024;4.832995;4.6216116;4.7860203
749;2024-04-12;4.0;1;4.780567;5.199844;4.89562;5.2536106;5.1807785;5.1770577;4.4753137;4.5179186;4.6927013;4.6155515;4.918245;4.8142548;4.834094;4.8772154;4.6573105;4.550912
750;2024-04-13;2.0;1;4.8423033;4.6262503;4.306492;4.829016;5.0039597;4.76259;4.3279734;4.4789743;4.6779375;4.625167;4.4519954;4.5006237;4.456365;4.7119265;4.405109;4.56483
751;2024-04-14;2.0;1;4.768505;4.638517;4.329197;4.48488;4.679893;4.505329;4.4793286;4.2259116;4.7416644;4.835873;4.966845;4.5783663;4.766543;4.712061;4.111264;4.364456
752;2024-04-15;3.0;1;4.4487615;4.3989606;4.745682;4.34799;4.443418;4.6162515;4.1473303;4.577175;4.5234;4.388681;4.7148957;4.469289;4.613511;4.751929;4.391164;4.553764
753;2024-04-16;2.0;1;5.090471;5.185872;5.0821323;4.777328;5.255288;5.0095954;4.7053847;4.794929;5.320209;5.1659603;5.322693;5.0745597;5.084003;5.282337;5.0895066;5.018695
754;2024-04-17;7.0;1;6.154022;5.8796496;6.084044;5.7590065;5.9246817;5.9527416;5.050633;5.740299;5.6507387;5.543805;5.870178;5.315122;5.558787;5.8752537;5.0941377;5.353224
755;2024-04-18;10.0;1;4.4629116;4.5076947;4.239916;3.7725663;4.536995;3.8959827;3.8697248;3.5997064;4.6976047;4.717435;4.8517528;4.0833535;4.6451187;4.0786324;3.9035296;3.778048
756;2024-04-19;9.0;1;4.1308255;4.6573873;4.3238707;4.3139954;4.5439925;4.5225973;4.3366466;4.2287307;4.272481;4.4253325;4.4633503;3.9526188;4.2487726;4.5914125;4.5723815;4.599492
757;2024-04-20;4.0;1;4.037166;3.901544;3.863663;3.6855733;4.0218663;3.9245658;3.826067;3.9551678;4.4628744;4.10772;4.334192;4.190377;4.260599;4.3854866;4.0138984;4.0111775
758;2024-04-21;5.0;1;5.282034;5.2870116;4.916217;4.874805;5.541516;5.651003;5.1498084;5.4629016;4.7545156;4.7394886;4.931156;4.869956;4.9502306;5.1741986;5.2792883;5.4393983
759;2024-04-22;4.0;1;5.4021635;5.3370314;5.568175;5.411634;5.565818;5.412853;5.1725426;5.069151;5.196172;5.4834023;5.2910666;5.1952577;5.0813375;5.620408;5.1332326;5.092505
760;2024-04-23;3.0;1;4.4447927;4.3141117;4.300792;4.8900166;4.3653784;4.729922;4.0647507;4.3093724;4.352429;4.4925876;4.5668073;5.0933943;4.3510056;4.787688;3.8745186;4.2691326
761;2024-04-24;5.0;1;4.335847;4.2831044;4.3016977;4.443415;4.152384;4.2733984;4.164715;4.148009;4.2538085;4.2414064;4.2187214;4.213164;4.1163836;4.411167;3.8508637;4.124587
762;2024-04-25;3.0;1;4.0743976;4.267208;4.124164;4.1092553;4.247179;4.2960367;3.90618;3.9128413;4.094015;4.299331;4.192768;4.3914647;4.1407404;4.5081706;3.9968326;4.384433
763;2024-04-26;4.0;1;5.5628514;5.5877867;5.5769606;5.5814147;5.459202;5.601488;5.235327;5.3792415;5.3460364;5.65427;5.317335;5.374383;5.377677;5.507405;4.858613;4.9861875
764;2024-04-27;4.0;1;5.255088;5.326886;5.179646;5.1798635;4.991601;5.5049257;4.988991;5.226125;5.0890613;4.8468714;5.0709248;5.4120274;4.984657;5.327706;4.735603;5.032628
765;2024-04-28;8.0;1;4.2001057;4.1830263;4.5441756;4.118715;3.9813037;4.4867725;4.4661446;4.495599;4.226686;4.1166725;4.5890713;4.36871;4.2277007;4.1617556;4.3443713;4.3860292
766;2024-04-29;8.0;1;7.3878684;7.7873316;7.078454;6.8990192;7.1284213;6.8254476;6.601266;6.103239;7.3523917;7.3284264;7.3534036;7.2813797;7.1189423;6.8057656;7.019364;6.6697316
767;2024-04-30;3.0;1;6.05855;5.876608;5.9811664;5.6618977;5.844569;5.636417;5.90804;5.714816;5.555336;5.5215387;5.4416847;5.3932786;5.6063013;5.6879144;5.8927355;5.845426
768;2024-05-01;7.0;1;4.27868;4.27898;4.2935824;4.1092477;4.309396;3.762512;4.4231734;4.3522487;4.3517337;4.1851153;4.248178;4.326304;4.2830915;4.119103;4.698853;4.540486
769;2024-05-02;2.0;1;3.6160676;3.953921;3.7862651;4.3891845;3.8937824;4.0503645;3.8756049;4.004137;3.584615;3.8105862;3.852658;3.8733509;3.7450764;4.0787063;3.8859491;4.2248297
770;2024-05-03;7.0;1;4.0178137;3.941804;4.0929427;4.085231;3.9723601;4.2692876;4.156065;4.182778;4.272468;4.3097224;4.3516526;4.329668;4.111234;4.188341;4.1439624;3.9864967
771;2024-05-04;7.0;1;4.681208;4.701358;4.8168774;4.6432414;4.7686033;4.725622;4.729323;4.68412;4.659415;4.554102;4.4957643;4.470529;4.503438;4.5875835;4.6868696;4.3442574
772;2024-05-05;6.0;1;4.0771933;4.4243913;4.33323;4.394653;4.0334444;4.1520214;4.1460676;3.9339743;4.524927;3.9443393;4.19462;4.150979;4.100986;4.0611515;4.2192607;3.9874327
773;2024-05-06;2.0;1;5.5240335;4.911094;5.3888984;5.257993;5.4646955;6.032131;5.041104;5.7097034;5.2530346;5.2489395;5.4393005;5.171998;5.31843;5.742005;5.172811;5.532647
774;2024-05-07;2.0;1;4.3557653;4.4634233;4.403449;4.1707716;4.52022;4.4687476;3.5851412;4.176682;4.176115;4.41989;4.100948;4.202333;4.2472076;4.31566;3.9221416;3.9635177
775;2024-05-08;2.0;1;4.058338;4.0011516;3.7509792;3.5900578;3.5311925;3.6195312;3.583177;3.2858694;3.747992;3.4605846;3.4538403;3.753185;3.408592;3.458614;3.127743;2.9753764
776;2024-05-09;3.0;1;4.10779;4.056958;3.9990013;3.9575806;3.9230642;4.1057687;3.9177737;3.7226286;4.0586;4.250582;4.160411;4.036836;4.1198964;4.0160675;3.9003997;3.8920834
777;2024-05-10;1.0;1;3.8566184;3.8740332;4.2050095;4.2598953;3.8915076;4.0145607;3.9752078;4.0817394;4.268493;4.050724;4.23701;4.460939;4.038782;4.007935;3.8967183;4.017373
778;2024-05-11;5.0;1;4.2885747;3.924187;4.364081;4.3096194;3.9901388;3.8613012;3.8280327;3.8914464;4.039723;3.974316;4.2341523;4.4139295;3.936068;4.0042315;3.7959857;3.762811
779;2024-05-12;10.0;1;3.162472;3.255737;3.1820865;3.1487007;3.3472893;3.3805146;3.2768357;3.4888678;3.3208284;3.3942351;3.2182052;3.3000786;3.4334633;3.3799927;3.4120924;3.4712026
780;2024-05-13;6.0;1;4.622291;4.639845;4.690679;4.8516;4.500327;4.8260226;4.6276717;4.7593236;5.0013885;4.751653;4.959835;4.809262;4.6872783;4.8284883;4.906435;4.569129
781;2024-05-14;4.0;1;3.6999986;3.584037;3.5234249;4.1464963;3.5799806;3.6872623;3.5444767;3.7236187;3.8781333;3.9244285;4.13671;4.08064;3.6534088;4.0796275;3.6711214;3.8293352
782;2024-05-17;5.0;1;4.393537;4.3749046;4.345588;4.948371;4.316914;4.4643664;4.2562566;4.6498156;4.4457808;4.4761925;4.524292;4.7830586;4.2561526;4.66334;4.324685;4.361219
783;2024-05-18;10.0;1;3.6741326;4.194581;3.956507;4.0157843;3.8998475;3.8044772;3.637762;3.9623232;3.7726371;4.2544713;4.012101;3.902699;3.657007;4.007724;3.6686118;3.7911375
784;2024-05-19;3.0;1;4.4984536;4.3474565;4.508186;4.775065;5.0720415;4.766554;4.1830454;4.2776523;4.4113617;4.826142;4.640188;4.5444236;4.5802073;4.7880473;4.290569;4.2228823
785;2024-05-20;7.0;1;3.483578;3.6612165;3.5688736;3.7788334;3.8573053;3.7566593;3.7640493;3.6476693;3.414409;3.3802168;3.5415785;3.5660021;3.5315955;3.6046371;3.7335076;3.7373707
786;2024-05-21;3.0;1;3.7656767;3.3481936;3.4974015;3.960954;3.579699;3.9756274;3.561632;3.7107804;3.749121;3.5635483;3.5846403;3.6686275;3.5673597;3.749222;3.4118292;3.4914904
787;2024-05-22;3.0;1;3.1177254;3.3442163;3.1074617;2.693066;3.0555825;2.8802867;2.9815803;2.4613028;3.1814082;3.3232477;3.295891;2.5989168;3.1693559;2.804483;2.9145787;2.7045715
788;2024-05-23;4.0;1;3.8100455;3.8720813;3.9614842;3.7050633;3.5420723;3.939402;3.0303214;3.5328324;3.882481;4.10122;3.9686897;3.83653;3.59724;3.8293679;3.6575816;3.524714
789;2024-05-24;10.0;1;5.378913;4.6297884;5.0345054;4.679915;4.8538647;4.5614667;4.1537123;3.6850998;5.0788717;4.8511667;4.9186273;4.610123;4.7731915;4.0263896;4.55883;3.909111
790;2024-05-25;4.0;1;3.804609;3.9909134;4.045955;4.32627;3.8676682;4.11891;3.6291354;3.3850265;4.16718;4.1697936;4.165218;3.8088782;3.8558347;4.059519;3.691211;3.5735915
791;2024-05-26;9.0;1;3.7050784;3.5971532;3.6251948;3.7365282;3.6555974;3.4827685;3.564889;3.4716454;3.794252;3.7187274;3.9326386;3.65771;3.6717186;3.7458544;3.681801;3.6579788
792;2024-05-27;6.0;1;4.0423665;4.108814;4.0044494;4.144257;3.9531364;4.61844;3.972363;4.1247716;4.3191085;4.094955;4.243088;4.63079;4.1522436;4.2060533;4.2540016;4.433598
793;2024-05-28;4.0;1;1.8938224;2.1406653;2.0753467;2.1875174;2.1970773;2.18502;2.2682712;2.5427918;2.4666634;2.348453;2.4942467;2.3916018;2.5543833;2.4574335;2.5346932;2.6505923
794;2024-05-29;10.0;1;3.6159859;3.5354846;3.753515;3.6227384;3.4620347;3.3693695;3.277705;3.4142828;3.930977;3.5157452;3.8838544;3.855243;3.5691113;3.4448206;3.4596045;3.412992
795;2024-05-30;2.0;1;3.7872643;3.7345388;3.3350832;3.3019435;3.6152918;3.2190382;4.0111856;3.9125228;2.978713;3.3325262;3.461019;2.7788966;3.1437547;3.4753506;3.9153678;3.7647452
796;2024-05-31;11.0;1;2.822266;3.0519478;3.133822;2.7622385;2.7418048;2.8483357;3.2031016;3.3883018;2.9795098;3.3096864;3.0332754;2.8395379;2.988224;3.0744367;3.4771934;3.6492937
797;2024-06-01;3.0;1;3.8751612;4.063026;4.1057143;4.090418;4.2336473;4.033602;4.2365785;4.348213;4.4586153;4.225622;4.133418;4.2583146;3.9506795;4.1051145;4.62923;4.4750147
798;2024-06-02;2.0;1;3.4651072;3.8883913;3.6094635;3.7817488;3.7862504;3.9506378;3.6498919;3.7968066;3.8539028;3.9014878;3.961448;3.7479596;3.7691333;3.787949;4.4066677;4.1745095
799;2024-06-03;11.0;1;4.8289847;4.748179;4.984088;4.7545047;4.6441164;4.6632795;4.859774;4.9577904;4.9605556;4.73986;4.7686114;4.725702;4.5900903;4.8412127;5.197797;4.9883432
800;2024-06-04;5.0;1;4.7201962;4.8954053;4.9879646;4.5166883;4.594443;4.7374067;4.867658;4.436565;4.988088;4.7503324;4.79465;4.374639;4.529578;4.686534;5.2273316;4.7249484
801;2024-06-05;9.0;1;5.283443;5.4646993;5.4306703;5.676492;5.6551967;5.360807;5.6282682;5.664917;5.764301;5.62439;5.860295;5.7196975;5.7050085;5.702507;5.909633;5.932745
802;2024-06-06;6.0;1;3.7549386;4.020459;4.02938;3.79912;4.262507;4.1071234;4.3029428;4.3911753;3.7856202;3.902232;3.7379963;3.7807903;3.9142659;4.182632;4.2187085;4.432658
803;2024-06-07;7.0;1;3.6529517;3.3258982;3.4395912;3.7242515;3.3766518;3.5952387;4.1475935;3.9909146;3.1837292;3.513046;3.3726468;3.482475;3.3016012;3.8396802;3.9031904;4.183538
804;2024-06-08;4.0;1;4.866973;4.675977;4.450963;3.9925413;5.347744;5.54547;5.066223;5.8129725;5.2950845;4.887234;5.1288357;4.943758;5.560831;5.388307;5.5703473;5.975212
805;2024-06-09;2.0;1;3.7541997;4.0833077;3.7967849;4.008797;4.3504715;3.7797413;4.4475913;4.6877966;3.8351846;3.634815;3.717542;3.7970185;3.8456707;3.9126744;4.537402;4.6147614
806;2024-06-10;8.0;1;7.036097;6.4040313;6.6939006;6.752498;7.35591;7.138391;6.3274093;6.801624;6.9177995;6.8762355;7.0751395;7.074783;7.234286;7.3217754;7.34129;7.8645563
807;2024-06-11;20.0;1;7.538676;7.0482607;7.204504;6.5553756;7.829216;6.5283356;6.571916;5.83742;7.002102;7.1890335;7.12466;6.7980967;7.440739;6.652902;7.321597;6.9059477
808;2024-06-12;20.0;1;8.896055;7.992373;8.051748;8.294238;9.4301405;9.8721285;7.9516306;9.117283;8.735979;8.56921;8.492483;8.582132;9.185982;8.915214;9.268903;9.5619
809;2024-06-13;20.0;1;7.880301;7.5920286;7.248169;8.055077;7.6670966;7.442564;8.106182;7.7537994;8.302829;7.528048;7.6147327;8.58421;7.930624;7.4492164;8.064923;7.897859
810;2024-06-14;5.0;1;5.8756585;5.465086;5.5823183;5.442471;6.4759235;5.5983133;7.2050333;6.4614134;5.576119;5.5932403;5.1802063;5.887944;5.7011876;5.230495;7.1754084;7.0620055
811;2024-06-15;6.0;1;7.070839;7.0204062;7.3364573;7.083303;6.935853;6.766561;8.043829;7.109294;7.4895415;7.007786;6.797357;7.8238554;7.509658;6.7124386;7.359784;7.0318565
812;2024-06-16;3.0;1;6.6090693;6.0755234;6.0832224;6.3331337;6.093116;6.744215;7.4790983;6.621732;6.2975683;6.0055256;6.0852947;6.5044394;6.1044526;6.696903;7.6723886;7.0150943
813;2024-06-17;5.0;1;6.2360845;5.673014;5.8085594;5.721817;5.3390036;5.4871736;6.676034;5.3830757;5.80693;5.338672;5.756247;5.677793;4.9945;5.2892694;6.4379444;5.917084
814;2024-06-18;8.0;1;6.1204925;5.6555033;5.410048;5.771015;5.534003;5.631107;6.097704;5.4014506;5.508754;5.225905;5.30257;5.6509633;4.9710774;5.1924624;5.94213;5.5117097
815;2024-06-19;6.0;1;5.251117;5.038404;4.9194427;5.5758305;4.886313;5.202164;6.1615124;5.602282;4.985021;4.8815265;4.9437466;5.3708596;4.8791666;5.3011246;6.171231;5.243031
816;2024-06-20;6.0;1;8.093669;7.2988286;7.6675024;7.214811;7.841828;8.110606;8.457138;7.8105755;7.9363923;7.689633;7.701575;7.8046985;7.5109653;7.0779414;8.6910715;8.229719
817;2024-06-21;18.0;1;8.316716;7.705851;7.7661023;7.7343125;6.9514775;7.3161426;8.650985;6.6501026;8.365381;8.224694;8.310665;8.667781;7.7439814;7.641577;8.670318;7.8827267
818;2024-06-22;3.0;1;6.780952;6.256748;6.3413763;6.701749;6.94511;6.4204254;7.259564;7.3216724;6.4132867;6.3521104;6.2228518;6.7052794;6.2873125;6.272399;7.8344927;6.9973826
819;2024-06-23;7.0;1;7.0858693;7.0235167;6.428277;7.018236;6.638754;7.2625904;8.068527;6.8799973;6.6439176;6.8133135;7.2504873;7.7323737;6.866154;7.606352;7.4775176;7.1189303
820;2024-06-24;6.0;1;6.8198905;6.1883893;6.2235613;6.498843;5.7368946;5.8914504;6.9306626;6.5960584;6.5104136;6.304762;6.279687;7.2198462;5.9048657;6.4732943;7.029129;6.819219
821;2024-06-25;3.0;1;5.578827;5.4191527;5.6501245;5.4449573;4.4189014;5.34145;6.5657887;5.737626;5.340194;5.5262976;5.6398106;5.7951818;4.8963575;5.3320885;6.0878696;5.6690617
822;2024-06-26;10.0;1;5.8783355;6.0800014;6.19419;5.9418654;5.5181427;6.1927147;7.3303666;6.279685;6.151683;6.7349315;6.5043106;6.703543;6.116938;6.4426694;7.094295;6.389626
823;2024-06-27;3.0;1;5.9978375;5.549454;5.328798;6.2766733;5.614635;5.720576;6.78803;6.6337814;5.737814;5.6461654;5.7491775;6.1692414;5.452246;6.0275984;6.723032;6.3863564
824;2024-06-28;2.0;1;5.599617;6.281429;5.771324;6.7044954;5.52244;6.585108;6.926097;5.4581275;6.2370925;6.0864964;5.862287;6.583591;5.595409;6.030012;6.721655;5.8424506
825;2024-06-29;10.0;1;6.250537;6.7842298;6.6669593;6.4683337;5.9151797;6.0213165;7.566411;6.332721;7.325694;6.697032;6.9201326;7.589355;6.31897;6.8901973;7.0425816;5.9521494
826;2024-06-30;3.0;1;4.5838914;4.970817;4.768633;4.7647533;4.083022;4.2960677;5.635403;5.0603547;4.3787584;4.5579824;4.8216968;5.116306;4.1433883;4.538109;5.0895886;5.116523
827;2024-07-01;4.0;1;5.6953793;5.2125335;5.786629;6.0893908;5.4706945;6.0679927;6.419418;6.016534;5.655533;5.6436687;5.54391;6.2329555;5.323193;5.7380486;6.1511183;6.041103
828;2024-07-02;5.0;1;4.562953;4.5262012;4.4607377;4.289599;4.295655;4.4225707;5.7745476;4.816063;4.283282;4.375562;4.491147;4.656155;4.11781;4.1969004;5.6717744;5.219198
829;2024-07-03;8.0;1;5.697822;5.681798;5.531882;5.584044;5.356893;5.458429;6.0211134;4.3661575;5.3993306;5.3898816;5.5244565;5.570662;4.9613633;5.10974;5.2368345;4.9487658
830;2024-07-04;4.0;1;5.0742736;4.5769596;4.1913586;5.412927;4.371996;4.7142043;5.835176;4.459663;4.4960318;4.805137;4.7333345;5.2441716;4.424874;5.263556;5.5612936;5.0631595
831;2024-07-05;4.0;1;4.877105;5.438571;5.339236;5.2383823;5.466515;5.406617;6.4558845;5.765034;4.6852827;5.1135025;5.034678;5.316273;5.263271;5.9477067;6.2967925;6.3749332
832;2024-07-06;4.0;1;3.8878064;3.8714314;3.8476043;4.385239;3.1756635;4.078314;4.6936765;3.894789;3.7094557;3.8486972;4.1504188;4.3358784;3.0110846;4.015791;4.1296396;3.991793
833;2024-07-07;2.0;1;3.664295;3.8799334;3.6483896;3.727703;3.0252683;4.115429;4.3050947;3.598385;3.9171364;4.1492157;4.384025;4.3903646;3.5698714;4.078053;4.530604;4.1161504
834;2024-07-08;7.0;1;4.183225;4.1021504;4.1129494;4.289328;3.8430486;4.746538;4.683507;4.2521906;4.455543;4.4825315;4.741921;4.9465995;3.8791323;4.656204;4.609335;4.570384
835;2024-07-09;11.0;1;4.329071;4.094565;4.1291103;4.3588247;3.8055518;4.5492826;4.8410087;4.6416216;4.2840123;4.2067947;4.471942;4.9385567;3.9059093;4.4980035;4.6995053;4.8167567
836;2024-07-10;7.0;1;5.5515313;4.778271;4.98206;5.2602067;4.251237;5.6086392;6.254705;5.4514537;5.530223;5.058745;5.480315;5.7577577;4.624751;5.452247;6.054227;5.556564
837;2024-07-11;6.0;1;4.779547;4.6986694;4.701459;4.86148;4.039258;5.207365;4.9442863;4.327172;4.109915;4.0512815;4.610884;4.937624;3.823432;4.5749707;4.639793;4.5200443
838;2024-07-12;3.0;1;5.113158;4.853449;4.9414034;5.2998643;4.5233502;5.3776774;5.5990796;4.804498;4.9428906;4.7008586;5.203458;5.6752095;4.334787;5.1722107;5.179732;5.0913987
839;2024-07-13;5.0;1;5.826057;5.238046;5.5092225;5.8548226;5.1121635;5.590822;6.0292954;5.2187724;5.2444596;5.0032988;5.30814;5.6834064;4.9364896;5.075857;5.553589;5.3893833
840;2024-07-14;6.0;1;4.202788;3.967604;3.7885783;4.0635495;3.8158295;4.0218654;4.098132;3.9013858;4.1209283;3.8583782;3.8696895;4.056333;3.79774;4.175645;3.9962537;4.1811304
841;2024-07-15;6.0;1;3.0098813;3.6828656;3.4268086;3.421023;3.4362454;3.817843;3.8003266;3.7732422;2.783723;3.4041166;3.3186185;2.663181;3.0215316;3.4121869;3.6681702;3.5856705
842;2024-07-16;4.0;1;4.2296567;4.7249565;4.537251;4.4628315;4.352904;4.4066844;4.080215;3.861918;4.096974;4.3303328;4.2722597;4.19407;4.0133777;3.9471781;3.923288;3.7799673
843;2024-07-17;12.0;1;3.9495518;3.9697948;3.9895682;4.0511994;3.8564253;3.4350817;3.9742053;4.0176845;3.8871925;3.8584359;3.9634101;3.641348;3.6620681;3.777153;4.343115;3.9829826
844;2024-07-18;3.0;2;4.7598915;4.886741;4.9923205;4.9071846;5.243991;5.081363;5.1764092;4.818757;5.365384;5.4686875;5.4785047;5.4513416;5.731144;5.542296;5.138221;4.708224
845;2024-07-19;9.0;2;5.601449;5.682829;5.919806;5.9507213;6.1738462;6.747344;5.8910766;6.7545404;5.7808633;5.9080014;5.649804;6.0618343;5.9982595;6.2609987;5.9548335;6.4702406
846;2024-07-20;4.0;2;3.8245087;4.0280704;4.133464;3.9408686;4.2261024;4.3975244;4.106504;3.6923423;4.381614;4.368092;4.0691476;4.469537;4.302424;4.494482;4.130519;4.165949
847;2024-07-21;4.0;2;4.498515;4.74358;4.9093647;4.748078;4.966622;4.7309723;4.475652;4.6726165;4.781415;4.9747553;4.8397427;4.7095995;4.7843843;4.5089445;4.602619;4.4040136
848;2024-07-22;11.0;2;5.44952;5.5406694;5.0761366;5.5698285;5.3323226;5.320395;5.416445;5.5387115;5.438623;5.1589265;5.320575;5.395198;4.9826484;5.249488;5.308922;5.615636
849;2024-07-23;2.0;2;4.927094;5.1779795;5.133693;5.4083533;5.332393;5.3314533;5.071042;5.409808;4.921713;5.3085346;5.110182;5.0977044;4.8832054;5.2592263;5.3432026;5.45342
850;2024-07-24;1.0;2;5.691178;5.857681;6.1178455;5.7444763;5.414218;5.252502;7.1785946;6.456946;5.1399937;5.3971605;5.6539016;5.5220737;4.9598413;5.2152634;6.6447783;6.672695
851;2024-07-25;2.0;2;6.118883;5.7138853;6.2543907;5.7063537;6.049806;5.535476;5.8108296;6.0695443;5.581393;5.367215;5.632675;5.684332;5.365443;5.500035;5.9522176;5.999895
852;2024-07-26;4.0;2;4.269605;4.282534;4.10727;4.002515;4.5875773;4.360664;4.4599237;4.6054783;3.7151115;4.253263;4.195911;3.8753312;4.2353024;4.1879044;4.1445513;4.3660254
853;2024-07-27;6.0;2;4.442016;4.6971893;4.5133257;4.3977876;4.1176925;4.351562;3.4652815;3.527003;3.663959;4.0847797;4.004181;3.6752648;3.4352777;3.6965501;3.543108;3.486099
854;2024-07-28;3.0;2;4.857363;4.648068;4.6808543;4.298561;4.8970737;4.5887427;4.180356;4.203548;3.9255388;4.144706;4.0471544;4.0895777;4.346403;3.8269398;4.1114492;3.945339
855;2024-07-29;6.0;2;3.24612;3.3554401;2.9652708;3.3365788;3.0965583;3.267006;3.523088;4.138584;3.007004;2.9771779;2.7282305;2.7423987;2.502988;3.0128937;3.7130456;3.8621807
856;2024-07-30;8.0;2;3.6939328;3.8749132;3.674995;3.7195275;4.021844;3.3517604;3.82596;3.80404;3.5438168;3.4902372;3.355401;3.195852;3.5375078;3.3672252;3.5560415;3.8128085
857;2024-07-31;16.0;2;8.066942;8.185032;7.8465075;6.986438;8.093444;7.84169;8.093176;7.6117754;7.8341556;8.228093;7.995908;7.252407;8.172455;7.1498337;7.818061;8.164378
858;2024-08-01;23.0;2;13.270958;13.708616;13.021939;13.203697;13.829077;12.668584;13.518153;13.441781;13.135203;13.868593;13.815073;13.6048975;13.875686;13.359683;13.566728;14.216094
859;2024-08-02;17.0;2;7.8361936;7.9090595;7.89729;8.049523;8.301259;8.185549;7.7509646;8.425394;7.944577;7.827275;7.877443;8.044511;8.166446;7.9069533;8.450298;8.258122
860;2024-08-03;8.0;2;5.060465;5.4188986;5.0040355;5.486208;5.093698;5.5434313;4.909957;5.5308013;5.17888;5.248995;5.0034137;5.2730746;5.1568522;5.28416;5.1411796;5.266745
861;2024-08-04;12.0;2;6.990723;7.040327;7.2818356;7.2577214;6.918399;7.022451;6.8025565;7.71381;7.339328;7.493966;7.644783;7.573281;8.047308;7.933075;7.75336;8.466629
862;2024-08-05;10.0;2;7.3093576;7.0234427;7.138991;7.4375763;6.7002177;6.10712;6.857191;6.9791784;6.739653;6.735607;6.905105;6.9884105;6.8269167;6.717847;7.180295;6.9600434
863;2024-08-06;10.0;2;4.381487;4.084213;4.011079;4.2225485;4.3920865;4.226536;4.508251;4.486848;3.77993;3.8304698;3.6665404;4.2192636;3.88053;3.946516;4.3633666;4.123849
864;2024-08-09;9.0;2;6.1472354;6.226167;6.1514;6.125818;5.978708;5.7141147;5.6519866;5.896085;5.5166845;4.9584236;4.9816523;5.1248817;5.008306;5.571374;5.776799;6.2060657
865;2024-08-10;9.0;2;5.9830203;5.961846;6.15676;5.239536;6.077081;5.968386;5.6101756;5.685668;5.7796803;5.2510386;5.4005923;5.4392824;5.430765;5.413475;5.7405033;5.7818055
866;2024-08-11;7.0;2;4.520269;4.9934363;5.1407356;4.703888;5.10347;5.25922;4.69259;5.2110157;4.7288623;4.8066664;4.5679216;4.8622684;5.167423;4.9710317;5.079564;5.5569763
867;2024-08-12;6.0;2;4.3649073;4.1604657;4.6774807;4.6731696;4.33768;4.4806585;4.31476;4.350413;4.1237397;4.2342935;4.2419705;4.3760014;4.1443667;4.279071;4.3894334;4.3175087
868;2024-08-13;6.0;2;4.5114107;4.3456235;4.474667;4.484943;4.4057736;4.346994;4.5478644;4.3455095;4.3570366;4.6645722;4.5084715;4.349661;4.576108;4.393325;4.422152;4.3525777
869;2024-08-14;8.0;2;4.4722257;4.121226;4.4053364;4.318602;4.279234;4.29113;5.0524893;4.8735456;4.514069;4.481064;4.357517;4.3450627;4.548962;4.528493;4.9109106;4.9535785
870;2024-08-15;2.0;2;4.51228;4.309638;4.6742578;4.360454;4.232189;4.248798;4.9009347;4.4506817;4.4692826;4.7267227;4.7834873;4.5807195;4.6457515;4.639891;4.742193;4.6904163
871;2024-08-16;3.0;2;4.8415656;5.0411887;5.214812;5.0744143;5.0044003;4.6261926;5.276124;5.314487;5.081585;4.943102;5.1853986;5.1284003;5.2012844;5.1309967;5.56195;5.4666233
872;2024-08-17;6.0;2;5.218165;5.1994333;5.211846;4.994109;5.631512;5.5388985;5.601104;5.5823383;4.745233;4.998891;4.83583;4.7754607;5.356221;5.2750497;5.5998163;5.922738
873;2024-08-18;9.0;2;4.915047;4.9146905;5.0916624;4.9226656;5.219074;4.835949;5.6040754;5.323486;4.9624596;5.1275606;4.9997506;4.998888;5.108676;4.8970547;5.3632684;5.2273264
874;2024-08-19;2.0;2;5.6074085;4.735802;5.2703514;5.507952;5.7455497;4.659391;4.436305;4.5457053;5.718558;5.1704087;5.0772305;5.491588;5.5478606;4.841965;5.067501;4.8168993
875;2024-08-20;3.0;2;5.057788;4.7159452;5.043336;5.178791;5.082777;4.760409;5.221784;4.7822933;4.9833765;4.863953;4.8209696;5.0670815;5.150944;4.479344;5.1329484;4.8929205
876;2024-08-21;2.0;2;5.136118;5.1683774;5.0454984;5.281543;5.110208;4.466511;5.0129704;4.970848;5.038629;4.7148113;4.5177665;4.936214;5.0378485;4.5221033;5.017712;5.300989
877;2024-08-22;7.0;2;4.814376;4.92029;4.7871842;4.8188977;4.7770205;4.0060105;4.5629597;4.370647;4.5495257;4.3297286;4.263885;4.5125084;4.435715;3.9785123;4.427442;4.437624
878;2024-08-23;6.0;2;5.040519;4.8558106;4.6976037;4.640738;4.9615197;4.5553145;5.490503;4.749825;4.9770226;4.5776;4.5137463;4.8001795;4.571659;4.220731;5.5223475;5.0331097
879;2024-08-24;4.0;2;3.6377194;4.039298;3.8543782;3.533712;3.4469023;3.840155;4.4085784;3.7691917;3.3483958;3.7067206;3.6962895;3.2235904;3.2244418;3.5559623;4.3791866;4.0289745
880;2024-08-25;6.0;2;3.773611;3.682577;3.751369;3.860326;3.4290154;3.6569064;4.301222;4.3220243;3.8625493;3.9547527;4.128248;4.0215554;3.8266106;3.8538246;4.4277678;4.2462206
881;2024-08-26;11.0;2;5.318095;5.3319654;5.3989334;4.776336;5.469291;5.078397;5.593698;5.50214;5.13238;5.041174;5.159259;4.9366117;4.9305587;4.8329253;5.6356254;5.229189
882;2024-08-27;4.0;2;5.018511;5.0947375;5.0634856;5.273745;4.968079;4.879837;4.746958;4.952227;5.1671157;5.411962;5.132407;5.139361;5.217395;5.1305647;4.955031;4.9564276
883;2024-08-28;4.0;2;5.0307007;4.905528;4.9152236;5.082273;5.135638;4.8066792;5.212071;5.3592253;5.0870214;5.118601;5.051826;4.9798427;5.0222106;5.0291595;5.30886;5.1244736
884;2024-08-29;8.0;2;5.010529;4.759077;5.1778345;5.11655;4.8964567;4.8639426;5.654498;5.5636463;5.298257;5.0966525;5.4006863;5.28824;5.0981193;5.101019;5.2925267;5.523262
885;2024-08-30;4.0;2;4.7432437;4.6697464;4.884783;4.689198;4.4846034;4.407859;5.1173406;5.071015;4.6086426;4.648339;4.67363;4.4617267;4.5430055;4.4830704;4.961036;5.0061173
886;2024-08-31;9.0;2;4.7497835;4.5676785;4.644592;4.558655;4.6045284;4.587139;5.084447;5.1342807;4.803581;4.6968417;4.8473716;4.7050986;4.7249327;4.8368216;5.1728005;5.081757
887;2024-09-01;4.0;2;3.955252;3.6373978;3.9429684;4.0001254;3.5858052;3.9715242;3.806698;4.170049;3.8448973;4.054178;4.06061;4.124312;3.8784227;4.0648375;4.0531616;4.233897
888;2024-09-02;5.0;2;4.499001;4.456298;4.831669;4.6560016;4.743456;4.8961143;4.2566476;4.9384484;4.2338333;4.266451;4.288379;4.3124766;4.221356;4.4067736;4.28116;4.2387877
889;2024-09-03;6.0;2;4.505524;4.4506197;4.4616337;4.8932543;4.112228;4.2507796;4.285805;4.2463126;4.617572;4.7738676;4.6881957;4.671172;4.255666;4.5891905;4.538696;4.412104
890;2024-09-04;11.0;2;4.0458736;4.353452;4.118916;3.9173195;4.1208477;4.3632417;4.6453986;5.137269;4.0040584;4.24893;4.327892;4.1340723;4.2206297;4.675571;4.778536;5.227743
891;2024-09-05;4.0;2;5.152548;5.144963;5.464663;5.4765744;5.075915;4.9769526;5.5792103;5.138621;5.323711;5.562035;5.5348682;5.3763533;5.4561906;5.073155;5.8064284;5.4805927
892;2024-09-06;9.0;2;4.5015407;4.834164;4.692604;4.859967;4.5953455;4.8374844;5.5367246;5.859461;4.609573;4.7433605;4.921194;5.026114;4.836195;4.818731;5.6681776;5.6418657
893;2024-09-07;4.0;2;4.1405196;4.0440683;4.2415886;4.3302574;4.138755;4.513227;4.6143236;4.414182;4.250675;4.318575;4.3399754;4.5182257;4.309505;4.553934;4.660235;4.638124
894;2024-09-08;1.0;2;3.8805823;4.023138;3.9350016;4.1105704;4.4256244;4.4446516;4.613451;4.936855;3.8486054;4.01414;4.0450616;4.0989776;4.0423713;4.341602;4.8361998;4.617194
895;2024-09-09;6.0;2;5.2591586;5.0035496;5.381018;5.1364064;4.8533916;4.9597335;5.1104355;5.3566084;5.1280046;4.9460773;5.178566;5.2501435;4.9121;4.86568;5.2348466;5.237308
896;2024-09-10;5.0;2;4.522923;4.4609547;4.2702765;4.449709;4.3595934;4.4580965;4.3251157;4.477139;4.2755117;4.372577;4.3192406;4.3718;4.4114556;4.3378787;4.558636;4.5816317
897;2024-09-11;3.0;2;4.0321608;4.107341;4.2620497;4.204455;4.5017667;4.5903187;4.931316;5.3032956;3.9177892;4.023419;4.0063562;4.02097;4.454936;4.332984;4.917822;5.0561604
898;2024-09-12;2.0;2;4.5710974;4.6253743;4.7095685;5.0848403;4.5785627;4.561613;4.735102;4.4370384;4.6089983;5.04838;4.923662;4.7862186;4.6960683;4.668971;4.8007317;4.7801204
899;2024-09-13;7.0;2;4.8654017;4.6168704;4.7962766;4.684729;4.4957533;4.534432;4.629622;4.90331;4.6597137;4.7714353;4.8976874;4.8243704;4.3456106;4.4531555;4.7646065;4.684512
900;2024-09-14;10.0;2;4.427913;4.2822275;4.1082397;4.2580023;4.5616655;4.3977213;4.1347938;4.482121;3.958608;4.224117;4.1524515;4.0474186;4.4073315;4.6091905;4.264979;4.5286784
901;2024-09-15;4.0;2;3.9931178;4.5182524;3.9113884;4.7981315;4.8324604;4.0151796;4.505107;4.6798606;4.193737;4.607461;4.783971;4.741468;5.105758;4.8818846;4.440392;4.4696493
902;2024-09-16;8.0;2;4.553021;3.976574;4.300998;4.62539;4.053553;4.903234;4.621071;4.6970954;4.597469;4.1829233;4.5435705;4.496627;3.7795932;4.131897;4.3110013;4.650753
903;2024-09-17;1.0;2;3.8866723;3.128179;3.5571897;3.8065605;3.3981283;3.4862015;4.0464373;4.070951;3.907018;3.469903;3.6111243;3.8795881;3.4425592;3.5070531;3.6051114;3.5950694
904;2024-09-18;1.0;2;7.309953;7.3469415;7.282425;7.144591;7.578518;7.7943563;7.4180765;7.6464925;6.7435555;6.6902223;6.5813727;6.9363856;6.8869953;6.8179913;7.3937917;7.75668
905;2024-09-19;6.0;2;6.4107566;6.6187544;6.792351;6.905372;5.5058274;5.918142;5.7951465;5.736682;5.6955514;5.733067;5.8191557;5.8509483;5.5568457;5.708574;6.0092907;5.895605
906;2024-09-20;2.0;2;4.588606;4.284476;4.206526;4.2565107;4.535227;4.063196;4.6810603;4.713685;4.13176;4.314856;4.1282825;4.035549;4.2072973;4.049188;4.9570036;4.6242633
907;2024-09-21;6.0;2;4.1667175;3.7698917;3.8614259;3.7667863;3.7893646;3.9557269;4.117373;3.9707208;3.8034914;3.8528101;3.9063864;3.7763016;3.563488;3.7493534;4.2880883;4.5527277
908;2024-09-22;3.0;2;4.2295923;4.026202;3.8136883;4.1152267;3.96818;4.0887194;4.1942673;4.2656035;3.5317962;3.6468024;3.5188253;3.7237425;3.6211734;3.6881719;3.9223254;4.128069
909;2024-09-23;3.0;2;4.24804;4.3304234;4.1612415;4.374294;4.2791977;4.1462326;4.771772;4.6435885;4.1137986;4.3490524;4.1786523;4.263587;4.067614;4.2151546;5.0838113;5.0850935
910;2024-09-24;2.0;2;3.841588;4.095509;3.8491697;3.915395;3.812347;3.9590778;4.0683823;4.065945;3.7798848;3.9029875;3.840197;4.0763535;3.8097782;3.9954114;4.3993454;4.4822965
911;2024-09-25;6.0;2;3.7564034;3.968766;4.051934;3.7308109;3.8176336;3.7438698;4.448615;4.359402;3.3996916;3.727829;3.7573388;3.5037594;3.6918993;4.021871;4.406707;4.3308825
912;2024-09-26;1.0;2;4.8193674;5.4824576;5.041935;5.095817;4.5820603;4.7498236;5.6201715;5.8668847;4.9412193;4.867706;4.999948;4.692778;4.7720933;5.02101;5.628891;5.634455
913;2024-09-27;4.0;2;4.4378963;4.575022;4.545961;4.4926276;4.4215107;4.181583;5.3426867;5.1452265;4.012254;4.359435;4.034932;4.3453445;4.4543033;4.39284;5.2807117;5.226148
914;2024-09-28;3.0;2;3.2093692;3.1125762;3.1867208;3.2113256;3.0923126;2.9733691;4.7413774;4.304307;3.1393836;3.0336702;2.9536943;2.8883858;3.1773868;2.9727476;4.3258758;3.995279
915;2024-09-29;4.0;2;3.069568;3.2683;2.926655;2.7659466;2.869409;2.7570052;3.9699805;3.7839458;2.9425886;3.3267357;2.9633195;2.969884;3.2607586;3.065937;4.1444907;3.6081765
916;2024-10-02;1.0;2;4.3271084;4.635729;4.4628386;4.8115587;3.7742558;4.4250994;4.912339;5.2994204;4.027186;4.3689013;4.3244023;4.3169622;4.097701;4.2933035;4.576062;4.8621397
917;2024-10-03;4.0;2;3.909491;4.3498464;3.657933;4.0107613;3.9590416;3.866478;4.7173214;4.709153;3.8351583;3.7962947;3.6673775;3.6591349;3.9144287;4.0271354;4.1144595;4.0811553
918;2024-10-04;5.0;2;3.8151255;4.025495;3.7117462;3.843402;3.8801644;3.7093575;4.835877;4.669352;3.9589076;3.9372385;4.1294684;3.9139419;4.0959334;4.006508;4.6564155;4.5022106
919;2024-10-05;5.0;2;3.2754717;3.24486;3.18588;3.2163908;3.4129019;3.2691128;3.8335946;3.593266;3.2474031;3.0141559;3.0528812;3.064381;3.205737;3.3216138;3.8672957;3.7103975
920;2024-10-06;4.0;2;2.9129953;3.1989682;2.8491142;2.8182867;3.2609766;3.2883353;3.5513527;3.4503286;3.2158148;3.1678915;3.0457542;3.1499894;3.063571;3.2374566;3.5206172;3.3994749
921;2024-10-07;5.0;2;2.489172;2.9651785;2.7203352;2.671928;2.8431203;2.9957104;3.3298926;3.1192753;2.700283;2.852808;2.6984482;2.6001115;2.7851782;3.1529722;3.0856428;3.12948
922;2024-10-08;2.0;2;2.9356158;2.7169964;2.8949914;3.0554361;2.9844797;3.0530999;3.7628956;3.502242;2.9569669;2.7443645;2.9528372;3.0693433;2.6772172;2.9679756;3.7366054;3.5186782
923;2024-10-09;2.0;2;2.4667196;2.190549;2.2556574;2.2353911;2.682862;2.535307;3.167077;2.979298;2.543334;2.644867;2.575077;2.620737;2.6697223;2.7047915;2.9317777;2.863096
924;2024-10-10;1.0;2;3.9369142;3.7279835;3.7312264;3.7258286;4.2938685;4.154095;4.9804144;4.426158;4.1925144;4.2376366;4.0462255;4.068589;4.04591;3.961057;4.3459496;4.0690618
925;2024-10-11;4.0;2;4.082043;3.7855923;3.8835368;3.8205128;4.2989445;4.083618;4.695799;4.5725822;4.0970597;4.06767;3.9866877;4.1432724;4.055935;4.1327453;4.661774;4.366351
926;2024-10-12;5.0;2;3.6979692;3.7235537;3.4490578;3.242805;3.4711573;3.3055894;3.8179884;3.7091663;3.2679772;3.3774936;3.4054408;3.3328438;3.324172;3.2443109;3.651895;3.6068637
927;2024-10-13;6.0;2;3.659109;3.940954;3.7177968;3.7793941;4.0394545;3.5551116;3.8460279;3.5684495;3.6727996;3.511776;3.6114593;3.5630975;3.7485292;3.5111847;3.596279;3.69213
928;2024-10-14;2.0;2;3.5062103;3.6679487;3.4843693;3.245003;3.6409764;3.5419888;3.9764268;3.6000557;3.4142466;3.5045125;3.4740646;3.4964867;3.5214818;3.3940582;3.5052152;3.5652108
929;2024-10-15;5.0;2;3.597235;3.5843523;3.5014951;3.3763595;3.4688864;3.3116002;4.199736;3.6071503;3.2998664;3.383143;3.3050942;3.2077594;3.4306633;2.9576182;3.4588375;3.1187613
930;2024-10-16;2.0;2;4.052904;4.0074463;4.030586;4.071584;3.963422;3.9361398;4.1808486;4.468673;4.3605595;3.9670706;4.088706;4.24328;4.074964;4.07132;4.31945;4.489389
931;2024-10-19;5.0;2;3.6571176;3.635364;3.5992959;3.5578787;3.6281385;3.759225;3.5057871;3.5650063;3.3956044;3.5586586;3.4982994;3.4784298;3.3892598;3.6946726;3.4783366;3.4156473
932;2024-10-20;6.0;2;4.115161;3.6700869;3.863224;3.7869422;3.9244957;4.134679;3.8567607;3.9090211;4.3004994;4.245795;4.018701;4.2084174;4.3419685;4.079808;3.7999966;3.9154062
933;2024-10-21;1.0;2;4.312417;4.4781146;4.297592;4.450871;4.266505;4.254567;4.6084623;4.5612564;4.2534;4.33277;4.336212;4.532215;4.224939;4.362627;4.676469;4.52668
934;2024-10-22;1.0;2;3.3325753;3.0934665;3.5432844;3.272734;3.152057;3.0686057;3.3935947;3.1084788;3.1589074;3.0688944;3.1802118;3.2025557;2.7908409;2.6089485;3.2665956;3.073475
935;2024-10-23;3.0;2;3.9104111;3.9893;4.0859222;4.173952;3.9452019;4.028729;4.0703883;4.238598;3.8796473;3.9737918;3.9243474;4.0878644;4.041294;3.8870273;4.107103;4.008724
936;2024-10-24;4.0;2;3.144096;3.210321;3.166935;3.0132399;3.0095193;2.9511983;3.269116;3.118564;2.9338045;3.153643;3.0084307;3.053225;3.0485141;2.938142;3.1319494;3.210663
937;2024-10-25;2.0;2;4.6274467;4.807661;4.7771525;4.576155;4.5019674;4.625854;5.4753385;5.2832055;4.9024663;5.3215413;5.420737;5.1153445;5.106495;5.012525;5.8459506;5.4820747
938;2024-10-26;2.0;2;3.6989968;4.002691;3.9750047;3.4990373;3.3444457;4.1235867;4.3085513;3.6365368;3.2655087;4.1751943;3.8310778;3.345682;3.5756495;3.9941225;3.801143;3.9879596
939;2024-10-27;0.0;2;3.8390176;3.9903073;3.8853765;3.721743;3.867585;4.0393767;4.278104;4.160815;3.9866114;4.1102552;3.9061966;4.0063443;4.0597553;4.1092796;4.215666;4.153227
940;2024-10-28;2.0;2;3.1616051;3.315014;3.1096978;3.4020119;3.3363507;3.1283953;3.7956944;3.5969944;3.0881617;2.9168372;2.918732;3.1116302;3.0442355;2.812115;3.5845907;3.4024253
941;2024-10-29;4.0;2;4.4393263;4.258045;4.364354;4.1248136;4.543788;4.2890716;4.3981333;3.871187;4.180246;3.961075;4.0575843;4.157884;4.4041176;4.2922935;4.0596204;4.1202507
942;2024-10-30;3.0;2;4.5681553;3.976172;3.9979022;4.073254;3.9151669;3.9323032;4.709862;4.553581;4.335447;4.21075;4.269357;4.1770186;3.9049163;4.10069;4.5697947;4.482556
943;2024-10-31;2.0;2;3.2747362;3.2201943;3.1895576;3.4260433;3.6180449;3.3799043;3.4233027;3.3618834;3.257433;3.4076705;3.3547697;3.3340738;3.313813;3.4093888;3.2465744;3.2456896
944;2024-11-01;8.0;2;4.392764;4.221788;4.4686365;4.485609;4.445985;4.480749;5.300477;5.417199;4.424275;4.275649;4.4469695;4.3967924;4.435456;4.229481;5.2815156;5.220858
945;2024-11-02;6.0;2;4.35768;4.485139;4.290386;4.089973;4.467767;4.563859;4.162212;4.054112;4.1913424;4.3607755;4.264387;4.229354;4.443913;4.3610826;4.088913;4.0521297
946;2024-11-03;3.0;2;3.4960158;3.410291;3.552544;3.3638835;3.5391593;3.4132805;3.8675268;3.7411995;3.3991375;3.241934;3.42838;3.480771;3.425583;3.1814265;3.8524158;3.6162086
947;2024-11-04;4.0;2;4.427848;4.3076158;4.4750524;4.2704573;4.167745;4.168351;3.984476;4.0905704;4.1908774;4.209998;4.2676606;4.2101083;4.149454;4.205511;4.023732;3.9019835
948;2024-11-05;6.0;2;3.7380362;3.6275785;3.7137651;3.5800602;3.7639172;3.5385783;4.2075996;3.8935952;3.6080945;3.6671176;3.5499365;3.5586054;3.561245;3.5414312;4.1198916;4.0143847
949;2024-11-06;5.0;2;4.5165668;4.3705525;4.3901615;4.29526;4.363398;4.412909;4.4133863;4.7617598;4.5877204;4.492803;4.516395;4.3905845;4.512157;4.462656;4.5892096;4.4880047
950;2024-11-07;1.0;2;4.3130536;4.3910036;4.3446875;4.3018646;4.3875184;4.3171782;4.294473;4.227626;4.3272023;4.4529266;4.315581;4.2135477;4.310262;4.391072;4.1919794;4.017509
951;2024-11-08;5.0;2;4.80949;4.7916956;4.984008;4.8416104;5.0345793;4.4197893;5.1325603;5.328784;4.905319;4.8432956;4.819811;4.849615;4.673716;4.3575735;5.1476884;4.710187
952;2024-11-09;5.0;2;3.4198368;3.2884936;3.1358638;3.4625275;3.7511492;3.4553587;3.3439043;3.3343394;3.2702465;3.5249753;3.2862995;3.2838423;3.5234873;3.4089396;3.4226837;3.5372837
953;2024-11-10;2.0;2;3.7434783;3.5173225;3.6501038;3.4305959;3.6681657;3.758132;3.8715312;3.6383169;3.8422856;3.7869983;3.5870543;3.663607;3.9170907;3.6064875;3.668892;3.7617283
954;2024-11-11;3.0;2;3.5487301;4.1025715;4.0082273;3.7219794;3.904748;3.8187041;3.8741322;3.8251913;3.882119;4.2357855;4.209856;4.094605;4.0178638;4.2154245;4.118853;3.9884953
955;2024-11-12;12.0;2;4.809112;5.180389;5.263418;5.054222;4.8409233;5.3345613;5.6055946;5.765196;5.0864944;5.4297643;5.3455625;4.985492;5.032757;5.2178907;5.527767;5.5003014
956;2024-11-13;3.0;2;5.5290174;5.624473;5.3342834;4.983999;5.199392;5.9089165;6.743443;6.216592;5.1134257;5.5522504;5.332133;5.015759;5.229532;5.666899;6.2652416;6.5831957
957;2024-11-14;4.0;2;4.4856625;4.293064;4.6544414;4.4948936;4.583942;4.901793;4.8475175;4.9199524;4.6224246;4.5241995;4.609814;4.6141043;4.6619124;4.6107416;4.8329196;4.8474884
958;2024-11-15;6.0;2;4.9280086;4.561845;4.890454;4.6234865;4.9452953;5.016834;5.847351;5.691079;5.075007;4.894148;4.9313583;5.0015335;5.042629;4.821829;5.3415103;5.5457654
959;2024-11-16;10.0;2;4.183239;3.833037;3.7477272;3.7295485;4.100625;3.8600326;3.877729;4.2135925;4.4134684;4.192128;4.375904;4.2671394;4.222377;4.1837726;4.469598;4.4750237
960;2024-11-17;0.0;2;4.106924;3.6917756;4.112747;4.29533;3.8753922;4.6530824;3.6325822;3.9756026;4.434103;4.507173;4.5679407;4.797056;4.179274;4.8086576;3.721316;4.113988
961;2024-11-18;3.0;2;3.9871244;4.321883;4.017836;4.2340484;4.3822446;4.322714;4.41701;4.927671;4.2243433;4.07669;4.0226536;4.1501384;4.241852;4.2857113;4.93701;4.9775543
962;2024-11-21;3.0;2;5.0722556;5.0310507;4.9537573;5.11264;5.096446;4.7810216;4.7449045;4.8875957;4.8315563;4.965588;4.966193;4.8304415;4.9177756;4.777941;5.1197224;4.927453
963;2024-11-22;7.0;2;4.56133;4.3712096;4.5749063;4.4745364;4.248894;3.9404523;4.2597494;4.1994944;4.40895;4.319057;4.50694;4.387198;4.1699204;3.9756331;4.057716;4.003614
964;2024-11-23;2.0;3;4.3633857;4.2628136;4.4157906;4.599286;4.401035;4.2301764;3.9729035;3.8169513;4.147112;4.280756;4.282896;4.22642;4.201077;4.18606;3.9127326;3.9396737
965;2024-11-24;5.0;3;4.07894;3.8673239;3.9602773;3.8145523;4.0454216;3.933866;3.8366566;4.089419;3.992566;4.0569034;4.067279;4.056782;3.970212;3.883833;3.9246278;4.012538
966;2024-11-25;10.0;3;4.6976967;4.573966;4.6109324;4.490139;4.559996;4.5203805;4.1471434;4.304294;4.6749477;4.712991;4.616448;4.502112;4.715237;4.7448845;4.510499;4.4050384
967;2024-11-26;7.0;3;4.789108;4.6750164;4.6987777;4.9114213;5.0990806;4.7088723;4.68541;4.770693;4.877349;4.6649413;4.7662725;4.763473;4.6704416;4.570383;4.854252;5.0315638
968;2024-11-27;6.0;3;5.1327395;4.8165355;4.864588;5.5674105;4.9585767;5.4440064;3.8973875;4.1073675;4.833366;4.7984776;4.9046574;5.6829624;4.844329;5.4899144;4.214893;4.6080346
969;2024-11-28;4.0;3;5.399907;5.1607823;5.0164175;5.475974;4.940656;5.2923374;4.359793;4.8045073;5.3950057;5.116542;5.120648;5.185904;4.9662423;5.117458;4.374361;4.5494704
970;2024-11-29;5.0;3;4.848558;4.6691117;4.9743114;4.5846124;5.3513956;5.5288305;4.7476172;4.618668;5.1418843;5.118572;5.1932945;4.8170667;5.2630053;5.2805576;4.768757;5.0591807
971;2024-11-30;7.0;3;4.5751195;4.180209;4.1749682;4.168184;4.6708446;4.6691966;4.263202;4.093298;4.317767;4.349186;4.375091;4.2557716;4.80292;4.7435164;4.3921356;4.7179136
972;2024-12-01;6.0;3;4.3849797;4.991664;4.8408785;4.978888;4.601979;4.556889;4.4282804;4.3002176;4.5907273;4.547539;4.8189816;4.6287255;4.6007433;4.5857735;4.697522;4.330338
973;2024-12-02;10.0;3;4.257327;4.1626077;4.118693;4.561465;3.7864866;4.9803357;4.0991664;4.807502;4.1991706;4.091789;4.3568745;4.402678;4.040328;4.5015;4.0716615;4.3577538
974;2024-12-03;1.0;3;4.400754;4.138515;4.137689;3.8068883;4.2323546;4.113202;3.8557727;4.2424135;4.3237;4.143969;4.3385777;3.897186;4.1008496;4.152732;4.0855756;4.138626
975;2024-12-04;2.0;3;4.6040306;4.6284375;4.6315947;4.607936;5.085092;5.3277683;4.834014;5.020852;4.6125417;4.81489;4.8360987;4.800462;5.2127147;5.35568;4.7264066;5.3592286
976;2024-12-05;3.0;3;5.216801;5.0972686;5.219318;5.151284;5.2067056;5.334292;5.0182376;5.119519;5.274722;5.132752;5.3812075;5.2863507;5.2245235;5.3960195;5.1072416;5.0361023
977;2024-12-06;4.0;3;6.5230303;6.3640127;6.146405;6.1179585;6.249737;5.76072;5.9552035;5.934932;6.1933713;6.1834345;6.344642;6.198947;6.2510266;5.812795;6.1545525;5.802604
978;2024-12-07;5.0;3;5.6023517;5.415079;5.6643953;4.7000523;4.9725823;4.903071;4.704813;4.0829864;5.653083;5.722912;5.740171;5.3684115;5.503405;5.211927;4.8730483;4.4723563
979;2024-12-08;8.0;3;4.7868204;5.0136447;4.6621284;4.120611;4.870345;4.420937;4.409375;4.042378;4.760342;4.647035;4.8152833;4.4299445;4.6921473;4.474316;4.295775;3.8609843
980;2024-12-09;3.0;3;5.8651705;5.4196086;4.986422;4.561747;5.528657;4.4805245;5.0736327;4.8908873;5.6351333;5.5020404;5.5643315;4.8279433;5.6601987;4.910873;5.3158226;4.819501
981;2024-12-10;4.0;3;5.603213;5.5716114;5.383251;4.894021;5.8640947;4.740908;5.229867;4.5977254;5.521324;5.2656617;5.3092155;4.5177674;5.4838395;4.6907253;4.7832446;4.366299
982;2024-12-11;7.0;3;5.8960614;6.1035576;5.6631947;4.828233;5.7465134;5.4786754;6.1281085;5.5311756;6.041739;5.793441;5.8685026;4.6154256;5.7451277;5.2478776;5.6570497;5.0115633
983;2024-12-12;5.0;3;5.0020266;5.298703;4.724147;4.191242;5.286871;4.5853004;5.019658;5.2925534;5.084075;5.1551094;5.0510225;4.605293;5.288204;5.230337;5.32796;5.2234306
984;2024-12-13;9.0;3;5.774195;5.944513;5.7291956;5.4921293;5.74148;5.517753;5.358516;5.050466;5.77476;5.8594775;5.9090967;5.3917828;5.950829;5.4749794;5.5761046;4.984256
985;2024-12-14;11.0;3;6.214693;6.534363;6.6595144;5.9498835;6.822053;6.0325217;7.030559;6.7722816;6.5546665;6.948473;6.8949704;5.7657013;6.573556;6.345561;6.736045;6.6297545
986;2024-12-15;3.0;3;4.3550057;4.713618;4.769559;4.5310836;4.7249937;4.8301663;4.2116737;4.8103113;4.497522;4.261933;4.2955656;4.031566;4.5100503;4.6265078;4.1100445;4.6169
987;2024-12-16;6.0;3;4.6989055;4.599077;4.612113;4.801448;4.9736023;4.9710546;4.674534;5.103954;5.072141;4.9211893;5.084246;5.066641;5.115704;5.1820383;4.9208665;5.2035275
988;2024-12-17;3.0;3;5.2735353;5.0175195;4.6615725;5.0948234;4.9905987;5.3909054;5.113254;5.493755;5.490533;5.003659;5.0313144;5.418082;5.508328;5.4204698;5.1494336;5.4976816
989;2024-12-18;4.0;3;5.1085362;5.3066516;4.975234;4.9378605;4.929305;5.037909;5.456293;5.551925;5.087906;5.149036;5.083857;4.924459;5.1035743;5.2441816;5.577739;5.476654
990;2024-12-19;5.0;3;6.0976877;6.208776;5.9880285;5.56123;6.0020695;5.5702686;5.8723073;5.57009;6.122877;6.148657;6.301899;5.682202;5.971006;5.794803;5.967562;5.8004208
991;2024-12-20;11.0;3;5.973728;6.0979457;5.8274055;5.714706;5.665238;5.5454392;5.775022;5.55544;6.1357036;6.2553577;6.378669;6.392663;6.3383536;5.9671826;5.984255;5.8154
992;2024-12-21;8.0;3;5.9761353;6.554626;7.039019;5.771489;6.038986;6.132649;6.062571;6.224699;6.224033;6.8414407;6.5379004;6.216168;6.6161127;6.240456;5.6601496;5.7654724
993;2024-12-22;4.0;3;7.2751904;7.642551;7.4416275;7.293964;7.620561;6.711165;6.80089;6.7515903;6.6502833;6.762315;6.564207;6.469308;6.3961143;6.2749557;6.030052;6.082503
994;2024-12-23;9.0;3;6.097856;6.5599713;6.2025027;6.5170803;5.938382;6.107179;5.352356;5.437694;6.1753297;6.2619166;6.083766;6.0846677;6.290875;6.2011895;5.288141;5.2078934
995;2024-12-24;11.0;3;6.60065;6.635278;6.4011335;6.6125073;6.7602763;5.7751164;5.9186597;5.804063;6.348414;6.5889254;6.464847;6.228547;6.511311;5.6731443;5.678746;5.354392
996;2024-12-25;5.0;3;5.4641566;5.552788;5.3187227;5.855133;4.9435787;5.7257094;5.5978317;5.283066;5.617063;5.411127;5.677336;5.393885;5.234364;5.0717697;5.28315;5.550748
997;2024-12-26;5.0;3;5.919423;5.3771224;5.765966;5.8385196;5.8229766;5.41933;5.0251937;4.946678;5.516599;5.310744;5.4668546;5.4800997;5.485205;5.113124;4.717512;4.965002
998;2024-12-27;5.0;3;5.899054;5.1553593;5.5930824;5.6157017;5.573147;5.403289;4.743369;4.5962205;5.489885;5.0221853;5.088704;5.2626424;5.2773743;4.947338;4.606497;4.7630634
999;2024-12-28;1.0;3;6.028483;5.379011;5.5544596;5.659372;5.9533014;5.561146;5.5560007;5.141524;5.3877544;5.5091677;5.4805403;5.7157254;5.707459;5.0876184;5.162436;5.2603936
1000;2024-12-29;6.0;3;4.4820533;4.476468;4.600738;4.704741;4.321106;4.3454514;4.710274;5.1622477;4.889982;5.067471;4.9225583;5.1132865;4.882917;4.8060713;5.2921987;5.3155913
1001;2024-12-30;9.0;3;6.4588656;6.387563;6.4091816;6.434785;6.3362856;6.6256957;6.7298336;6.7858067;6.439659;6.767624;6.5988307;6.6239324;6.692291;6.9120207;6.839006;7.211692
1002;2024-12-31;8.0;3;6.594966;6.592162;6.439236;6.5830255;6.3311796;6.7348924;6.3324122;7.056767;6.8950377;7.0324054;7.2022796;7.146453;7.0072846;7.131654;6.549573;7.010298
1003;2025-01-01;7.0;3;6.9162955;7.1909804;7.3266854;7.5578775;7.1171412;6.7712517;6.6467223;6.009904;6.846605;6.95141;7.021971;6.566038;6.5603466;6.3587103;6.074521;5.913635
1004;2025-01-02;8.0;3;7.137895;7.8663783;7.7452927;7.713455;7.582259;7.502718;7.5064406;6.779678;6.572325;6.79108;6.9854426;6.5001984;6.647587;6.79278;6.8992457;7.080612
1005;2025-01-03;7.0;3;6.130977;5.8695974;5.822135;5.635912;5.6762342;5.8808975;5.993033;5.509735;5.8743873;5.7354937;5.9406667;5.982367;6.069669;5.2747116;5.6674643;5.553127
1006;2025-01-04;3.0;3;6.3038564;5.807655;5.895424;5.899411;6.044015;5.334058;5.7513137;5.2340045;5.803713;5.7445574;5.6039505;5.877965;6.0615487;5.1180387;5.5105467;5.181222
1007;2025-01-05;7.0;3;4.7896137;4.916887;4.775507;5.1810966;4.995413;4.567266;4.6907754;4.7417192;4.7040877;4.773235;4.628326;5.258477;5.309421;4.558425;4.7990294;4.5476255
1008;2025-01-06;11.0;3;4.3873534;4.44893;4.5452633;5.099319;4.116558;4.880182;4.6022534;5.2587624;4.437054;4.4727254;4.40336;4.328963;4.6463294;4.613811;4.7355347;5.034937
1009;2025-01-07;5.0;3;4.5177383;4.121699;4.537554;4.7689486;4.3828635;4.5364213;5.0576973;5.266562;4.7490807;4.6929936;4.569749;4.482382;4.685614;4.434418;4.7694592;5.219134
1010;2025-01-08;5.0;3;5.3195395;5.271224;5.3486567;5.9586883;4.7849145;5.6451893;5.48577;5.920095;5.230535;4.9887333;5.016615;5.4470186;5.3125257;5.541145;5.6526794;5.349195
1011;2025-01-09;4.0;3;5.8138113;6.048001;6.200088;6.1937027;5.427138;5.6863375;6.013166;6.799786;5.7847066;5.510931;5.602753;5.5677104;5.5341225;5.895206;6.3476596;6.0350533
1012;2025-01-10;3.0;3;6.8602324;7.1107883;7.016335;7.0844026;7.1834555;6.6567802;6.5711613;6.8646016;6.5885763;6.8284044;6.9829555;6.5586925;7.287753;6.315922;6.710574;6.650069
1013;2025-01-11;8.0;3;6.1014214;6.011337;5.8931518;6.80292;6.478984;6.925592;5.832047;6.534514;5.3739643;5.386241;5.3973923;5.766723;5.840289;5.5345244;5.603864;5.5279207
1014;2025-01-12;7.0;3;5.192511;6.122547;5.739587;5.59545;5.4049697;5.730606;6.332476;6.3248878;5.3284364;5.6679835;5.351015;5.018777;5.4957256;5.841575;5.492388;5.9763618
1015;2025-01-13;4.0;3;6.026644;6.0173416;6.005886;6.043491;5.8046103;6.128734;6.865607;7.3053308;5.8305235;5.8716497;5.959062;5.792078;6.087405;6.0185795;6.7991953;6.9394517
1016;2025-01-14;10.0;3;5.411984;5.982209;5.424155;5.244913;5.641783;6.6495457;6.69979;6.363924;5.3013077;5.52374;5.5878806;5.2174263;5.8567314;6.022777;6.302874;6.702037
1017;2025-01-15;2.0;3;4.595311;4.8734736;4.8322787;4.8555145;4.6407022;4.957085;4.8690753;4.6852427;4.493996;4.336065;4.2405443;4.3323555;4.457597;4.178166;4.3930883;4.130411
1018;2025-01-16;5.0;3;6.5069933;6.5454655;6.29111;6.702558;6.375186;7.0826235;7.2847705;7.083747;7.380445;7.274553;7.285024;7.42124;7.438729;7.4715953;7.163796;7.4197454
1019;2025-01-17;7.0;3;6.901381;7.0188665;6.838043;7.5369034;6.7560515;7.362611;7.091381;7.321513;7.5213747;7.31548;7.391307;7.4941797;7.5028014;7.185444;7.4775686;7.44117
1020;2025-01-18;6.0;3;5.203436;5.246232;5.0890265;5.4715533;5.1988864;5.9029145;5.138085;5.510806;5.232095;5.2768025;5.499655;5.1362796;5.399279;5.676467;5.3541846;5.530317
1021;2025-01-19;5.0;3;6.2712846;6.4105096;6.4376917;6.5236373;6.4019475;5.914561;5.6557508;5.752225;6.464533;6.3599715;6.0427756;6.000438;6.2268486;5.4749265;5.301046;5.394745
1022;2025-01-20;6.0;3;5.9451365;6.065169;5.8463106;6.163102;5.8849916;6.52312;6.866832;6.794452;6.3228855;6.0356355;6.1254683;6.013505;6.588104;6.518386;6.9564967;7.5634704
1023;2025-01-21;6.0;3;5.317887;5.107768;5.1233916;5.059813;5.160243;5.5462794;5.4698706;5.7811294;5.524318;5.310277;5.321304;5.2685785;5.628279;5.3457947;5.8808804;5.777933
1024;2025-01-22;3.0;3;5.817747;5.917367;5.8569717;5.8822813;5.9431934;6.210805;5.9041076;6.37644;6.3172917;6.289031;6.141276;6.0204906;6.3332853;6.066783;6.074865;6.161391
1025;2025-01-23;3.0;3;5.512225;5.108136;5.2943735;5.3202395;5.3472567;5.401959;5.6238933;5.497908;5.668562;5.657303;5.673377;5.348848;5.6089373;5.242958;5.3540874;5.1742997
1026;2025-01-24;2.0;3;7.3956003;6.8629;6.8587523;7.206485;7.0943065;6.805741;6.4930177;6.490507;7.0151854;7.127489;6.8903003;6.912363;7.138163;6.857005;6.323544;6.599046
1027;2025-01-25;11.0;3;6.1634455;5.6581254;5.5217547;5.80513;6.160693;5.7300572;5.645633;6.04142;5.52082;5.583068;5.7053165;5.81713;5.825828;5.8135386;5.5513306;6.0491095
1028;2025-01-26;3.0;3;5.3268304;5.365237;5.2822957;5.1935816;5.238656;5.388382;5.6236897;5.8494153;5.734115;5.6899114;5.434929;5.6855245;5.8849707;5.826658;6.173061;6.421483
1029;2025-01-27;3.0;3;8.277009;7.7281623;7.151696;7.521008;7.690419;6.797837;7.163492;7.247344;8.113887;7.5660524;7.74397;8.39363;8.351113;7.505415;7.8502574;7.9169607
1030;2025-01-28;7.0;3;8.651556;7.903651;7.417366;8.174618;7.6943307;7.851185;7.649765;7.616729;8.050963;7.9326224;7.633933;8.259644;8.354196;8.384147;8.169093;8.555367
1031;2025-01-29;3.0;3;5.94791;5.741093;5.441119;5.3316784;5.882159;6.249935;5.740831;6.078525;5.443199;5.8099303;5.9473915;5.549807;6.0459685;6.2330284;5.7277045;6.604316
1032;2025-01-30;4.0;3;4.7564545;4.7275505;4.5565166;4.7548113;4.745843;4.940928;4.6169453;5.0742497;4.8081822;4.664788;4.5828304;4.6335015;4.80697;4.4701905;4.672372;4.6992135
1033;2025-01-31;2.0;3;5.6609697;5.5261726;5.3247933;5.219051;5.283813;5.673754;5.61535;5.997769;5.776654;5.7592816;5.5918474;5.7531447;5.898696;5.824325;5.9186807;5.9657845
1034;2025-02-01;9.0;3;6.2975435;5.66977;5.9066806;6.3097816;6.158086;5.855479;5.608698;5.9890037;5.546454;5.663386;5.6626277;5.712332;5.692676;5.500207;6.3149767;6.3156757
1035;2025-02-02;8.0;3;6.2268195;6.6601677;6.2115726;6.210665;5.371206;6.26729;6.336791;6.6782403;5.551717;6.001121;5.964277;5.9177094;5.4986534;5.8288207;5.957788;6.456437
1036;2025-02-03;5.0;3;5.5556283;6.065619;5.640945;5.5157294;4.999249;5.4368505;4.805135;4.737276;4.886373;5.1525545;5.19089;5.1242046;4.9489503;5.049778;4.561364;4.9752545
1037;2025-02-04;5.0;3;6.210379;6.734584;6.381769;6.120231;6.029471;6.563475;6.2994704;6.234244;5.7120094;5.860486;5.821229;5.789858;5.9772167;5.7286186;6.284003;6.3847094
1038;2025-02-05;10.0;3;3.9028673;4.6595297;4.3233523;3.9015315;3.7972443;4.3688483;4.1114984;3.947466;3.7256923;3.9553657;3.941435;3.4370155;3.896561;4.2373676;4.318578;4.0646315
1039;2025-02-08;10.0;3;7.1792483;7.052092;7.3254232;6.680626;6.320869;7.127694;8.294954;8.0340395;7.398251;7.9255075;7.6866727;7.548621;7.487338;7.5945797;7.2865186;7.630949
1040;2025-02-09;13.0;3;8.316521;7.6027102;7.926385;7.7616477;7.1809835;7.2947855;8.729027;8.716964;7.8546734;8.682182;8.042612;7.950679;7.8543572;7.825294;9.074039;9.087408
1041;2025-02-10;1.0;3;5.5684524;6.233831;6.1665716;5.356383;5.4780626;7.0676427;6.424016;6.688637;5.5977545;6.7033954;6.370407;5.6467066;5.639126;6.7583804;7.0112305;7.400733
1042;2025-02-11;4.0;3;8.369938;8.248679;8.079204;8.403391;7.6302314;8.367836;7.194777;6.90184;7.8542333;8.046057;8.20056;7.9212728;8.062898;7.484107;7.4445386;7.3870955
1043;2025-02-12;2.0;3;6.242684;6.2123504;6.3817015;6.028019;6.0619726;6.817653;6.404895;6.038283;6.476258;6.4203215;6.5337825;6.0062914;6.387728;6.2722406;6.6390324;6.9509892
1044;2025-02-13;5.0;3;5.0057034;5.2992926;5.1877646;5.688385;5.174849;5.5854344;6.118755;6.4417505;5.0730605;5.289539;5.4755454;5.1023026;5.1735783;5.401368;6.7387557;6.6112123
1045;2025-02-14;12.0;3;6.572956;6.989178;6.7725973;6.3974338;6.4981585;6.63074;7.032969;6.6390643;6.4784203;6.846328;6.8650484;6.481245;6.6628814;6.429679;7.295556;7.1795254
1046;2025-02-15;6.0;3;5.346105;5.595109;5.1589613;4.9150887;5.5605865;5.368161;5.8340397;5.7443175;5.532014;5.849928;5.9180183;5.5794106;5.6691747;5.6210017;5.563176;5.863244
1047;2025-02-16;6.0;3;5.7992983;6.1739397;6.0498624;6.481689;5.9643855;6.114182;5.954218;5.964689;5.4988103;5.9757533;6.060765;5.7498417;5.6815844;6.143828;5.9820457;5.830807
1048;2025-02-17;4.0;3;5.4771433;5.8313694;5.2886424;5.690067;5.296759;6.4075212;5.9897165;5.9458733;5.3157;5.5806727;5.8028517;5.227545;5.218444;6.2414145;5.8214765;6.3262453
1049;2025-02-18;4.0;3;5.9401255;5.5404534;5.7158217;5.498955;5.2276196;5.6095905;5.683767;6.235995;5.1336756;4.9943123;5.0074353;5.141369;5.2559047;5.1131277;5.860266;5.3366704
1050;2025-02-19;3.0;3;5.2194567;5.825805;5.9040737;4.9296126;5.201126;5.0327163;5.87573;5.542261;5.000696;5.382627;5.2362137;4.7984433;5.246793;5.2113934;5.593512;5.4444094
1051;2025-02-20;3.0;3;4.474238;4.6417108;4.44945;4.270528;4.477511;4.5536165;4.964543;5.191635;4.391975;4.7751613;4.669818;4.4485598;4.5942063;4.3929615;5.1654634;5.1758237
1052;2025-02-21;2.0;3;5.773443;5.5225163;5.471001;5.6328197;5.497541;5.5279517;5.768048;6.152189;5.4865446;5.4898624;5.4680457;5.718299;5.6943345;5.490848;5.667621;6.0489807
1053;2025-02-22;4.0;3;4.7147045;4.5960045;4.725677;4.414669;4.752325;4.261971;4.7309303;4.349987;4.7892866;4.460356;4.7054214;4.7853565;4.639839;4.5291104;4.499044;4.667233
1054;2025-02-23;2.0;3;4.599272;4.2855163;4.4018297;4.289646;4.2887197;3.8619008;4.270035;4.021523;4.240791;3.981987;3.9447672;3.8701599;3.9974637;3.8284304;3.8635473;4.172011
1055;2025-02-24;5.0;3;4.647423;3.7805817;3.908337;3.809809;4.213431;4.3908505;4.4076405;4.533305;4.6592736;4.511092;4.361723;4.357019;4.6329503;4.63856;4.6464186;4.5632687
1056;2025-02-25;7.0;3;6.2820396;5.290845;5.3430233;5.6371746;6.1926975;5.4410396;5.388277;5.205591;5.4103785;5.2276707;5.578115;5.7562413;5.7503133;5.4148974;5.2816067;5.3417726
1057;2025-02-26;7.0;3;4.8039913;4.340357;4.6386905;4.790329;5.3321805;5.093154;5.2035527;5.290896;4.7862635;4.372717;4.4504666;4.879585;5.047876;4.913751;5.426106;5.273671
1058;2025-02-27;11.0;3;4.5406528;4.3716474;4.548335;4.5505824;4.912491;4.8999567;4.687341;4.570079;4.579304;4.3763204;4.397948;4.30654;4.7771716;4.689393;4.7407184;4.643581
1059;2025-02-28;7.0;3;6.2591543;6.2604036;6.0187645;5.986315;6.0491395;6.074548;5.7323914;5.472042;5.701075;5.754256;5.730605;5.8815765;5.672443;5.795742;5.225912;5.278588
1060;2025-03-01;3.0;3;4.692777;4.76221;4.7107544;4.51252;4.8895245;4.845211;4.529495;4.0658407;4.1683683;4.2635107;4.1362643;4.4089637;4.2500405;4.278453;4.1957006;4.4159074
1061;2025-03-02;6.0;3;3.8279974;4.1040697;3.9315207;4.2314405;3.9596088;4.301932;4.0665965;4.2134347;4.210265;4.180357;4.1281404;4.235366;4.205025;4.256747;4.425081;4.3222265
1062;2025-03-03;5.0;3;5.5847692;5.5131345;5.631831;5.5846853;5.3117204;5.1557875;4.919166;5.1596212;5.281058;5.1821804;5.3153305;5.159698;4.9546857;5.118253;4.5100904;4.724961
1063;2025-03-04;6.0;3;4.5702724;4.5159516;4.3872356;4.533134;4.51682;4.876723;4.953335;4.684722;4.692681;4.6060033;4.684594;4.537393;4.6851177;4.7921405;5.016414;5.1499066
1064;2025-03-05;6.0;3;5.978634;6.167922;5.825582;5.793227;5.798423;5.660332;5.5459547;5.4190974;5.381827;5.6376123;5.6236014;5.2997465;5.206706;5.4838324;5.713687;5.6129556
1065;2025-03-06;12.0;3;6.2769275;6.0725536;6.07989;6.1548676;6.222947;5.8934298;5.852182;6.484134;6.0105367;6.2226796;6.102527;5.99983;5.9128885;6.1457663;5.8887243;6.0706706
1066;2025-03-07;2.0;3;5.2930083;5.6705174;5.655855;5.544521;5.5703526;5.4429913;5.053556;5.1235332;5.5657425;5.510794;5.4461837;5.6402574;5.538991;5.4392676;5.1576066;5.0560784
1067;2025-03-08;4.0;3;7.5527654;6.8868027;7.228128;7.132775;6.133409;6.6626363;6.408721;5.5486913;6.6651797;6.9020615;7.050564;7.187121;6.7737303;6.747844;6.085424;6.292486
1068;2025-03-09;6.0;3;7.0208845;6.0893607;6.6670837;6.260418;7.18122;7.446082;6.91178;6.820555;6.738819;6.603059;6.158181;6.5090427;6.8291283;7.195874;6.848238;7.7538843
1069;2025-03-10;17.0;3;4.923736;4.455753;4.323116;4.544238;4.723535;4.326381;4.1897273;4.460326;4.7236032;4.4572015;4.4955816;4.6387286;4.8571687;4.457464;5.1667085;4.7819214
1070;2025-03-11;4.0;3;6.448224;7.031645;6.849405;6.6840897;7.0860715;6.330659;6.7348514;6.485427;6.7079544;7.108976;6.4869957;6.9266562;6.779885;6.084108;6.2564096;6.4197946
1071;2025-03-12;9.0;3;4.8717227;5.051694;5.0422196;5.0569954;4.902062;5.187346;4.8931646;4.795987;4.4476256;4.9451594;4.587817;4.4326606;5.093483;5.379583;5.0732617;5.518158
1072;2025-03-13;4.0;3;6.6094866;6.3262544;6.4830194;7.202125;7.680693;8.064024;6.3365645;7.422219;7.0520606;7.0342817;6.7260795;6.7929983;7.614658;7.581911;6.8283606;7.099227
1073;2025-03-14;8.0;3;5.537148;6.0645595;6.217439;5.9361186;5.7220516;5.5227127;5.701876;5.226363;5.6304474;5.671659;5.6263466;5.4303026;5.6269183;5.74454;5.440726;5.1360226
1074;2025-03-15;1.0;3;4.983963;5.021556;5.0177016;5.1114125;5.0610185;4.9054713;4.4871225;4.465583;5.40257;5.099066;5.050646;5.0714703;5.2260957;5.0825267;4.557255;4.4022236
1075;2025-03-16;4.0;3;4.921153;4.858524;5.0629597;5.34457;4.906187;5.0623684;5.5488663;5.3647037;5.2282987;4.9988236;5.000364;4.87765;5.1454964;5.1600885;5.548528;4.9983125
1076;2025-03-17;6.0;3;5.344286;5.163532;5.3196545;5.6130123;5.3430963;5.4182;6.203295;6.4444304;5.355426;5.184097;5.288847;5.284134;5.485046;5.3252125;6.5194616;5.986281
1077;2025-03-18;10.0;3;5.25678;5.1376824;5.088488;5.411027;5.2395406;5.6669707;5.0596046;4.9217043;5.3786545;5.192196;5.186054;5.5317326;5.3625693;5.439528;5.2779756;5.310344
1078;2025-03-19;8.0;3;5.6187177;5.748649;5.7484956;5.1536613;5.7517633;5.6840034;4.914878;4.9344635;5.5382395;5.626699;5.461381;5.274158;5.662732;5.4975743;4.8051333;5.147583
1079;2025-03-20;5.0;3;5.9403157;5.9696445;5.8150163;5.815276;5.7886515;5.7205415;5.3590474;5.3306875;5.9585805;5.630557;5.713814;5.921207;6.000308;5.926952;5.142472;5.3981977
1080;2025-03-21;4.0;3;6.7178154;6.3356304;6.5257773;6.5215693;6.4444914;6.0490713;5.311371;5.1443715;6.6175494;6.2252073;5.9830956;6.173062;6.3399444;6.0175104;5.7274003;5.3414345
1081;2025-03-22;5.0;3;5.6782007;5.586371;5.687117;5.6771293;5.5592985;5.8657475;4.940623;5.431153;5.770883;5.6859922;5.644588;5.6583443;5.638733;5.858353;5.007023;5.229141
1082;2025-03-23;11.0;3;7.9343467;8.669507;8.270128;8.812566;7.894036;8.068754;8.079405;7.6522565;7.8214536;8.056041;8.118442;8.126231;7.971613;7.440239;7.720082;7.538442
1083;2025-03-24;16.0;3;7.047444;6.9359603;7.360847;7.3493667;6.7026615;6.9586368;6.574297;6.844966;7.275578;6.7179136;6.7432547;7.3171034;7.1174064;6.213049;6.6274753;6.846263
1084;2025-03-25;10.0;4;7.7887254;7.6189346;7.780641;7.7382455;7.659196;7.958498;6.809632;6.642332;7.3842573;7.1944504;6.903616;7.107897;7.4261084;6.9689107;6.89694;6.778133
1085;2025-03-26;11.0;4;7.3251677;7.3095818;7.1998925;7.2339187;7.3653903;7.0445514;6.509552;6.276474;7.4507065;7.2548575;7.0396485;7.02027;7.3445535;7.1287103;6.824093;6.79271
1086;2025-03-29;7.0;4;6.4599648;6.4128947;6.2081537;6.2887974;6.587142;6.4270635;7.5180225;7.1516;6.39935;6.3326426;6.0713177;6.503897;5.919474;6.5389285;6.468254;6.3992667
1087;2025-03-30;5.0;4;4.310994;4.637227;4.693507;4.6621394;4.0687795;5.1020517;4.331395;4.726653;4.672271;4.6571546;4.6490107;4.811082;4.5394096;4.5592647;4.296454;4.6373987
1088;2025-03-31;2.0;4;5.4985166;5.3651853;5.2611933;5.3823285;5.2628694;5.2588897;5.1708994;4.9418597;5.6135125;5.6865277;5.69292;5.8812475;5.4140153;5.665902;5.172771;5.164125
1089;2025-04-01;3.0;4;5.387798;5.44206;5.583701;5.4431753;5.3012466;5.5732594;5.1240163;4.973326;5.4708514;5.461605;5.6140747;5.4369583;5.4562893;5.3047876;4.9730315;5.1616497
1090;2025-04-02;2.0;4;4.9105926;5.008973;5.0865827;4.779901;4.64272;4.768951;5.6175685;5.2669225;5.086707;4.9707894;5.2069473;4.9710426;4.8622212;4.7842007;5.231584;5.1118793
1091;2025-04-03;5.0;4;4.874085;5.0027146;4.7939405;4.881537;4.9208145;4.995955;5.4723377;5.3109217;4.938493;5.1777625;5.2208843;4.9669065;5.0539713;5.0012546;5.4835734;5.3654532
1092;2025-04-04;2.0;4;5.943786;5.405319;5.5483894;6.023745;5.605368;5.7918043;6.0275;5.690404;6.150519;5.919486;6.0044327;6.2564044;6.221387;5.300868;6.057526;5.969078
1093;2025-04-05;9.0;4;4.998326;5.032559;4.919883;5.0714426;4.684849;4.6335993;5.1058455;4.7753124;4.9780326;4.9537883;4.955659;4.9949155;4.971664;4.870059;5.0123405;4.7790685
1094;2025-04-06;7.0;4;4.898719;4.6489215;4.8089943;4.7330136;4.6591516;4.800326;5.739163;5.560502;4.913246;4.955005;4.9673247;4.887696;4.8321238;4.9597783;5.4924545;5.3535924
1095;2025-04-07;5.0;4;4.7474356;4.372445;4.3369055;4.837278;4.9058123;4.4787874;5.247702;5.017376;4.7606816;4.460419;4.496795;4.762398;4.7686467;4.581936;5.0600476;5.132522
1096;2025-04-08;4.0;4;4.5342383;4.3713655;4.465334;4.5673103;4.701518;4.579202;5.3395443;5.186507;4.6545587;4.612363;4.4918375;4.6965013;4.791163;4.329624;5.2138715;5.162172
1097;2025-04-09;5.0;4;4.773214;4.896631;4.8884583;4.845055;4.8005896;4.6378965;5.09497;5.04473;5.0135446;4.8069677;5.032174;4.9262333;4.909015;4.742681;4.944722;5.0246463
1098;2025-04-10;3.0;4;4.9660454;4.909075;4.9932456;4.9003854;4.9662533;4.991678;5.392857;5.297394;5.0769978;4.9742723;5.0011454;4.95978;5.090932;4.992265;5.21077;5.022811
1099;2025-04-11;5.0;4;5.1968694;5.2375407;5.2692833;5.182879;5.4579663;5.158412;5.461227;5.4615746;5.305291;5.244005;5.333499;5.0888424;5.3150563;5.1742425;5.257268;5.3992567
1100;2025-04-12;4.0;4;4.7110257;4.5716133;4.5995812;4.4705563;4.7324615;4.446238;4.831667;4.705328;4.6718254;4.669758;4.61432;4.605703;4.519555;4.509917;4.8480973;4.812025
1101;2025-04-13;6.0;4;3.8528745;3.9641354;4.08295;3.8773482;4.118724;4.060034;4.739325;4.563583;4.231626;4.287654;4.256239;4.1783743;4.2847815;4.0914326;4.6002707;4.6189814
1102;2025-04-14;1.0;4;4.9236884;4.6960325;4.723808;4.630336;4.8142548;4.7143116;5.0149965;4.7743354;4.821309;4.679093;4.8080487;4.7482796;4.7680426;4.6561317;4.945837;4.8699045
1103;2025-04-15;2.0;4;4.50121;4.604645;4.641487;4.5040374;4.798701;4.579514;4.661738;4.4828715;4.71749;4.509741;4.782849;4.644946;4.614593;4.550343;4.6444664;4.6189218
1104;2025-04-16;6.0;4;4.880824;4.8302927;4.9065084;4.666913;4.7012067;4.7540264;4.5970435;4.266781;4.8253565;4.914659;4.9269233;4.8156667;4.94995;4.6363854;4.4420547;4.4617467
1105;2025-04-17;7.0;4;4.758284;4.754243;4.7309084;4.6552043;4.6429067;4.7406507;4.9606905;4.3765135;4.504169;4.7172647;4.66468;4.598699;4.558767;4.7291126;4.4879384;4.365646
1106;2025-04-18;3.0;4;5.312259;5.195189;5.353075;5.2987194;5.093693;5.1020103;5.3494086;4.975358;5.446681;5.405078;5.35369;5.184404;5.1932607;5.1137733;5.180854;5.173545
1107;2025-04-19;1.0;4;5.0628643;5.271973;5.09373;5.050616;5.048426;5.005851;4.82425;4.547274;5.0079894;4.955947;5.009699;4.90587;4.784517;4.914073;4.667798;4.6353874
1108;2025-04-20;3.0;4;3.9269676;3.7086189;3.847319;3.6326344;3.9920828;3.6144075;3.439948;3.4943352;3.841448;3.8412216;3.9090536;3.860642;4.0283346;3.7664368;3.6030614;3.584079
1109;2025-04-21;5.0;4;5.7332697;6.012592;5.682071;5.582522;5.720677;5.652954;4.859553;4.725715;5.838884;5.851483;5.8572435;5.7497034;6.0902576;5.5231323;5.058504;4.9937015
1110;2025-04-22;6.0;4;4.6472216;5.342281;5.0483756;4.865546;5.0715404;5.0289235;4.305076;4.2734675;4.905909;5.0520997;4.8889866;4.8189692;4.9326935;4.8571596;4.5757265;4.737921
1111;2025-04-23;3.0;4;4.560342;4.570866;5.0143194;4.2452044;3.7989821;4.58889;4.4729257;4.2774243;4.4477463;4.667602;5.029809;4.3301897;4.2890315;4.3226595;4.073574;4.043294
1112;2025-04-24;4.0;4;3.5051193;3.428249;3.5106773;3.4531226;3.517095;3.481649;4.009201;4.322821;3.6240275;3.4512532;3.350113;3.6151204;3.4301858;3.5803506;3.8449063;3.7259104
1113;2025-04-25;11.0;4;3.6466506;3.917045;3.4904501;3.628896;3.8029556;3.9211998;4.017506;4.282679;3.8225715;3.9040759;3.929221;3.9521441;3.838596;4.0300446;4.1075497;4.267422
1114;2025-04-26;3.0;4;3.763615;4.053153;3.9853053;4.001366;3.9915996;4.160187;4.980527;5.005235;4.0811934;4.2296424;4.202;4.1004252;3.9800396;3.9854758;4.863348;4.831873
1115;2025-04-27;7.0;4;4.11284;4.098112;3.919816;4.045469;4.165901;4.169944;4.8092036;4.850404;4.0198054;4.1986094;4.078294;4.102628;4.0503454;4.022182;4.7097473;4.527222
1116;2025-04-28;2.0;4;4.428876;4.6416783;4.6273384;4.5708017;4.5899115;4.5063467;4.420332;4.326203;4.5697274;4.6740704;4.728704;4.8841834;4.6263995;4.6300344;4.4678497;4.6484895
1117;2025-04-29;2.0;4;3.812113;3.8966389;3.9333916;3.916312;3.8288085;3.81363;3.962666;3.8097532;3.8714542;4.063885;3.9157455;3.895705;3.9310594;3.9498663;3.929833;3.896301
1118;2025-04-30;7.0;4;4.190095;4.271815;4.3700547;4.417994;4.4179854;4.2660084;4.4337544;4.6080546;4.443772;4.5317283;4.4075575;4.347995;4.4404907;4.2787833;4.722212;4.592423
1119;2025-05-01;5.0;4;4.708382;4.7162037;4.762058;4.673308;4.6776013;4.561835;5.0588613;4.744914;4.5454187;4.676893;4.691971;4.5429606;4.5882382;4.673688;4.9839387;4.7608447
1120;2025-05-02;3.0;4;4.6272717;4.7347097;4.6757183;4.6045823;4.54677;4.524858;4.623999;4.4927435;4.6733394;4.686222;4.5913405;4.5296893;4.577997;4.4734917;4.5139217;4.428306
1121;2025-05-03;5.0;4;4.4005027;4.1821437;4.339839;4.049259;4.0522366;4.1564894;4.169675;3.9906323;4.0887003;3.902663;4.279582;4.079329;4.05538;3.9278433;3.982396;3.9995196
1122;2025-05-04;6.0;4;3.9404662;4.2218943;4.116892;3.9574494;4.19158;4.092636;3.8323562;4.2446065;4.040842;3.9426174;4.0097632;3.8439448;4.203494;4.2280555;3.8312933;3.9633832
1123;2025-05-05;4.0;4;4.6836286;4.669896;4.673388;4.6335597;4.51744;4.4220905;4.407041;4.317752;4.5085363;4.61285;4.553513;4.3832026;4.23186;4.3009315;4.167449;4.044708
1124;2025-05-06;4.0;4;4.9327316;5.0647163;4.894262;4.7465124;4.8995876;4.5750337;4.6705093;4.594652;4.8239145;4.79598;4.8081064;4.645314;4.8340344;4.648862;4.7965508;4.5692234
1125;2025-05-07;3.0;4;5.0651703;5.258148;5.3538914;4.9553456;4.8054748;4.8929005;5.181447;4.9507356;5.0531697;5.2015767;5.215408;4.9904137;5.088619;5.061022;5.130724;4.8856735
1126;2025-05-08;9.0;4;3.6252568;3.7488432;3.5185983;3.303139;3.2700102;3.4767156;3.6954455;3.7325873;3.5535543;3.7006545;3.6394112;3.4282017;3.5150335;3.5058968;3.8050668;3.5118132
1127;2025-05-09;8.0;4;3.9316192;3.929672;3.9035602;4.0261126;3.9326818;4.0843215;4.2112293;4.229508;4.1441407;4.166473;4.2644973;4.134064;4.168501;4.2483644;4.499459;4.453336
1128;2025-05-10;4.0;4;3.7516506;3.459543;3.4210396;3.6561875;3.5799282;3.5536003;3.4238055;3.6797333;3.9229045;3.6701565;3.5832741;3.8875494;3.7635329;3.5078623;3.315881;3.4555025
1129;2025-05-11;5.0;4;4.1511245;4.25936;4.3887014;4.1833997;4.3006587;4.264454;4.611958;4.733895;4.2415047;4.400541;4.3746104;4.210197;4.369494;4.2983227;4.8050866;4.917221
1130;2025-05-12;5.0;4;3.4985442;3.648962;3.6972897;3.6722345;3.7680392;3.5953026;3.2929776;3.3490453;3.7885294;3.829597;3.7561235;3.6949296;3.6927714;3.7339585;3.677746;3.700474
1131;2025-05-13;5.0;4;4.410424;4.513247;4.4556866;4.3485823;4.4902263;4.334286;4.474092;4.393638;4.5166564;4.535955;4.5803533;4.3877764;4.5877857;4.351203;4.403284;4.324665
1132;2025-05-14;6.0;4;3.7263477;3.7340162;3.821593;3.6983278;3.6069262;3.469121;4.282536;4.0971985;3.8651845;3.8715734;3.8214326;3.7402012;3.7827353;3.778243;4.4742937;4.3149767
1133;2025-05-15;2.0;4;4.011947;4.084897;4.0371084;4.294284;4.140623;4.361242;4.6863747;4.739816;4.3092613;4.5126295;4.2278266;4.226858;4.362247;4.3350215;4.821338;4.8066926
1134;2025-05-16;3.0;4;4.8621287;4.904439;4.9024787;4.9618835;4.9364085;5.026504;4.865384;5.048706;4.8397646;4.83965;4.7973022;4.7599707;4.814296;4.963661;4.9427466;5.033473
1135;2025-05-17;4.0;4;5.511126;6.0281906;5.7817006;5.637812;5.636399;5.599037;6.006556;5.5025887;5.154394;5.8985834;5.6802983;5.4191537;5.335496;5.44483;5.4419;4.926377
1136;2025-05-18;5.0;4;4.999592;5.224423;5.153829;4.802809;5.0114098;4.9799075;4.9028955;5.000048;5.4212866;5.6641784;5.536297;5.447371;5.4582386;5.220745;5.1840305;4.999883
1137;2025-05-19;5.0;4;4.4898605;4.4442043;4.393822;4.1569567;4.173504;4.2871537;4.247602;4.2528944;4.3727803;4.3168764;4.356839;4.092001;4.180933;4.2818356;4.1465287;4.192234
1138;2025-05-20;3.0;4;5.0303783;4.714733;5.0993166;4.881113;4.466939;4.596401;4.628367;4.8725295;4.788185;4.645318;4.7868233;4.670301;4.371652;4.3833966;4.4533;4.607873
1139;2025-05-21;7.0;4;4.98164;4.6216636;4.8182287;5.003395;4.458984;4.6430254;4.975547;4.390485;4.8423223;4.8536663;4.9223795;4.6694393;4.7274704;4.7452006;4.9178967;4.893462
1140;2025-05-22;2.0;4;4.582463;4.6504736;4.5382247;4.660639;4.580625;4.639397;4.852652;4.7839665;4.6908646;4.6145105;4.5911007;4.705128;4.7110605;4.5389485;4.7934146;4.815785
1141;2025-05-23;5.0;4;5.6282625;5.8553;5.955115;5.5997515;5.4280014;5.637962;5.9060855;5.8454943;5.8504806;5.955205;5.972179;5.9243364;6.2218456;5.8495345;5.699954;5.5943737
1142;2025-05-24;1.0;4;4.1044555;4.466432;4.3117094;4.236064;4.0964417;4.340559;4.3467674;4.60324;4.525182;4.395904;4.4159946;4.4048834;4.4429154;4.3953447;4.430784;4.3617268
1143;2025-05-25;2.0;4;5.1768994;5.128311;5.2200546;5.157696;4.9152827;4.9285903;4.73139;4.4620743;4.7221866;4.878424;4.9324107;4.973102;5.0342712;5.029565;4.537789;4.325342
1144;2025-05-26;9.0;4;3.503996;3.3958602;3.4776173;3.4609256;3.3898466;3.532002;2.8637831;3.2039254;3.2535672;3.4005685;3.5472674;3.40226;3.5573516;3.4991055;3.0935874;3.3161638
1145;2025-05-27;7.0;4;3.9919033;4.52923;4.2583323;4.1391935;4.1243796;3.9826427;4.125036;4.167884;4.217427;4.2563415;4.2119384;4.103683;4.224995;4.281172;3.824783;3.8521597
1146;2025-05-28;3.0;4;4.463671;4.659519;4.777412;4.666603;4.1522164;4.9723573;4.6811314;4.7945275;4.379283;4.5100255;4.267017;4.42724;4.654382;4.4740596;4.4111924;4.3575654
1147;2025-05-29;6.0;4;5.16572;5.1483474;5.1965446;5.0182977;5.097651;5.0358233;4.8964562;4.6696935;5.0410438;5.141441;5.1005797;5.0407257;5.095118;5.056574;4.5912085;4.7069483
1148;2025-05-30;5.0;4;5.329875;5.3166223;5.3193016;5.3136554;5.5035577;5.185934;4.4834566;4.86457;5.452675;5.3730545;5.339973;5.30752;5.836907;5.352855;4.698347;4.9494987
1149;2025-05-31;9.0;4;5.4198685;5.382963;5.3136106;5.1667385;5.648707;5.453741;5.3129516;5.4587955;5.168855;5.0603256;5.187383;5.0470033;5.2627115;5.1668477;5.062419;5.536717
1150;2025-06-01;4.0;4;3.2909184;3.3696318;3.436478;3.4838903;3.3542747;3.50351;3.3700514;3.682515;3.7131994;3.7116237;3.6584585;3.6680791;3.671159;3.7452765;3.778872;3.8259318
1151;2025-06-02;2.0;4;4.0221777;3.8698983;4.3045096;4.383094;3.935194;4.021194;3.8243723;3.8525705;4.343566;4.150917;4.5417314;4.562684;4.2402773;4.094491;3.9941163;4.2096057
1152;2025-06-03;6.0;4;4.9168515;4.8896756;4.8993397;4.87192;4.8004537;4.834528;4.6361074;4.4571085;5.0028877;5.1201525;5.064941;5.0938554;5.2088075;4.996022;4.6080427;4.572059
1153;2025-06-04;4.0;4;5.1487207;4.8131986;5.0458145;5.0883822;5.0223227;5.101022;4.7086434;4.637782;4.8271475;4.8653927;4.6271486;4.756845;4.676325;4.9132905;4.4738803;4.8380446
1154;2025-06-05;2.0;4;4.6511455;4.864162;4.901893;4.90485;4.7577696;4.9040856;4.66032;4.6807175;4.9981737;5.024228;4.989166;5.0364246;4.971328;5.0534034;4.7832932;4.6814504
1155;2025-06-06;4.0;4;4.7916894;4.707778;4.869914;4.7604723;4.6665993;4.992814;4.2350225;4.532638;4.597144;4.6338506;4.644839;4.425183;4.598834;4.8257756;4.427702;4.53921
1156;2025-06-07;2.0;4;5.152788;4.752705;4.946307;4.7848306;4.8554544;4.58194;4.651833;4.231425;4.9337115;4.9000354;4.855614;4.8322973;4.7077055;4.561504;4.5586057;4.516898
1157;2025-06-08;7.0;4;4.5190773;4.4848757;4.5480194;4.8309298;4.5521965;4.4411087;4.539627;4.595524;4.444198;4.379967;4.3888597;4.3928413;4.4416957;4.531302;4.5808663;4.5907135
1158;2025-06-09;7.0;4;4.7805247;4.631798;4.769987;4.8668933;4.637682;4.7585835;4.526116;4.480965;4.7443824;4.7088037;4.7054048;4.6444;4.6579943;4.728719;4.509991;4.4791303
1159;2025-06-10;6.0;4;4.4799943;4.262123;4.1384444;4.5356402;4.448134;4.6092052;4.1253257;4.274626;4.004018;3.9961638;3.9322286;4.158146;3.866859;4.135112;3.9057562;4.0980396
1160;2025-06-11;12.0;4;6.3530765;6.5103188;6.10551;6.29226;6.782121;6.746451;6.480325;6.743506;6.6082516;6.495284;6.6576447;6.482742;6.80097;6.9192505;6.3682356;6.3380604
1161;2025-06-12;6.0;4;4.691288;4.7236414;4.651436;4.6215687;4.906588;4.9183187;5.352574;5.003472;4.425152;4.414799;4.4487743;4.344864;4.562669;4.5409803;4.791177;4.675257
1162;2025-06-13;4.0;4;5.8057404;5.2376904;5.3512583;5.5460696;5.5129642;5.439325;5.1216908;5.4286423;5.6762524;5.220668;5.2796803;5.5791306;5.475738;5.601695;5.555873;5.514815
1163;2025-06-14;16.0;4;8.366885;8.299951;8.2206135;8.517;8.727701;7.706123;7.357552;7.269624;7.9216137;7.6989517;8.0304575;8.227486;7.919907;7.814336;6.8981366;7.5180435
1164;2025-06-15;23.0;4;13.023963;13.485592;13.48098;12.877996;13.442814;14.020671;14.155662;13.449042;14.194323;14.0863285;14.482874;13.997228;14.180657;13.984673;13.99491;13.45597
1165;2025-06-16;7.0;4;7.656653;6.9689927;7.0473475;7.4461775;7.7972;6.750245;7.178022;7.071248;6.4970307;6.5155272;6.6030445;6.698554;6.8190227;6.419126;7.1305246;6.80473
1166;2025-06-17;6.0;4;8.195539;7.3894534;7.9930835;7.977767;8.037331;7.696175;8.316969;7.919907;7.4600577;6.568432;6.9126763;7.1352534;7.1583724;6.9058795;7.410881;7.153797
1167;2025-06-18;3.0;4;6.303991;5.9228344;6.136487;5.774818;6.100017;5.9834867;5.747121;5.8190074;6.1637287;6.1709194;5.8230906;6.2313757;5.894871;6.3098927;5.8969874;5.8463535
1168;2025-06-19;11.0;4;6.0705557;6.179189;6.092565;6.091408;6.1486073;5.8903346;5.2769117;4.9074183;6.048324;6.2327957;6.1364183;6.0049124;6.4435673;6.0025516;5.3385596;4.994024
1169;2025-06-20;10.0;4;6.2370267;6.3379016;6.600332;6.259191;6.494385;6.4176736;5.9848585;5.4191947;5.9757175;6.178604;6.042161;6.1849113;6.291683;6.02013;5.38041;5.574308
1170;2025-06-21;5.0;4;5.2183056;4.9910474;5.161165;5.2660604;4.971293;4.7216387;4.5102897;4.7957697;5.0568624;4.7436934;4.8250623;5.0462418;4.944268;4.787439;4.1315985;4.103353
1171;2025-06-22;3.0;4;4.0228043;4.8768935;4.495342;4.272194;4.8383613;4.7420073;4.5757318;4.54348;4.4112535;4.4282246;4.297164;4.0176044;4.454252;4.501768;4.0529246;4.2974586
1172;2025-06-23;4.0;4;5.0763974;4.9430227;4.9902945;4.992828;4.8315625;4.983101;4.642323;4.758777;4.9141994;5.233274;5.2262225;5.168923;4.9842844;5.3281107;4.4641247;4.7098947
1173;2025-06-24;5.0;4;3.9808254;3.748591;4.177296;4.0384297;3.7178197;4.1800117;3.9526727;3.8002012;4.189936;3.8655756;4.2530875;4.1029444;4.0540566;4.1853557;3.7263722;3.8317838
1174;2025-06-25;5.0;4;4.8427024;4.164471;4.4443693;4.9579053;4.9991174;4.219251;4.7370114;4.7200727;5.0283775;4.5528793;4.522514;4.9458885;5.057799;4.3795934;4.6003833;4.5702977
1175;2025-06-26;6.0;4;5.624126;5.8001957;5.704849;5.8914013;5.5900474;5.701181;5.662546;6.0076413;5.372841;5.006186;5.096753;5.1355844;5.323787;5.2543173;5.562589;5.707178
1176;2025-06-27;4.0;4;5.6117287;5.4343104;5.463201;5.649097;5.40037;5.275099;5.668199;5.332529;5.5260925;5.2653437;5.365661;5.5761256;5.4075084;5.3173337;5.2001424;5.380815
1177;2025-06-28;3.0;4;5.529286;5.289996;5.1601415;5.427532;5.290705;5.085663;5.556814;5.400494;4.89926;4.8777356;4.840592;5.1321254;5.118548;4.9994206;5.2720685;5.4815736
1178;2025-06-29;6.0;4;5.8094196;4.9234343;5.146681;6.2436967;5.507964;5.1223507;5.7764816;5.3008213;5.1129193;4.5273128;4.7864723;5.578695;5.131964;4.5410113;5.348745;5.135493
1179;2025-06-30;4.0;4;5.0299706;4.65425;5.4255695;4.7253275;4.846446;5.2643824;4.695318;4.812057;4.726648;4.7387595;4.8912606;4.656857;4.68387;5.049099;4.9381356;4.840407
1180;2025-07-01;6.0;4;4.9601493;5.003174;5.2458105;4.7689147;5.165067;5.127881;4.723926;4.8176126;4.68371;4.6862607;4.67663;4.71522;4.696408;4.739666;4.799381;4.7698417
1181;2025-07-02;6.0;4;4.991578;4.9232645;4.8092732;5.2386265;4.857012;4.9938393;5.2669816;5.261553;4.80764;4.9114237;4.9987826;5.0054417;4.995393;5.070166;4.7764077;4.8227754
1182;2025-07-03;5.0;4;5.2628045;5.1242623;5.1947303;5.0449505;5.7181025;5.627925;5.3747516;5.714034;5.0969725;5.234093;5.271031;5.3149204;5.514912;5.7699614;5.5134697;5.9312806
1183;2025-07-04;7.0;4;6.0954723;6.192353;5.8614807;6.0435452;6.0813427;6.135876;6.1252174;6.2119293;6.416196;6.6439514;6.463135;6.5756507;6.4983063;6.362147;6.6178427;6.6281896
1184;2025-07-05;3.0;4;6.1895537;6.3797874;6.179617;6.20908;6.1400795;6.0571766;6.2137094;6.056294;6.3299723;6.3656306;6.412242;6.04912;6.3642;6.102502;6.317204;6.2600007
1185;2025-07-06;4.0;4;7.2723765;7.393449;7.4628925;7.17079;7.642442;6.970023;8.0149975;7.2748513;7.240732;7.132454;7.2362566;7.2943873;7.0790844;6.856094;7.612773;7.827662
1186;2025-07-07;3.0;4;4.6717935;4.50134;4.450334;4.4190354;4.418872;4.2922482;4.3016343;4.2752323;4.4588737;4.430012;4.619734;4.5073576;4.2021227;4.3464828;4.551277;4.5030184
1187;2025-07-08;4.0;4;4.0747895;4.3315706;4.097838;4.3594217;4.1448565;4.0731373;4.008707;4.0965014;4.1355414;4.197723;4.212183;4.1506214;4.0758204;4.0875964;4.0037913;4.271021
1188;2025-07-11;9.0;4;5.3299394;5.625931;5.3718615;5.730796;5.461132;5.332701;5.9990625;5.729371;5.470338;5.6159673;5.793099;5.3939347;5.2921925;5.3038526;5.50292;5.550959
1189;2025-07-12;6.0;4;5.38473;5.4738526;5.3734217;5.5642705;5.507515;5.2581306;6.0080566;5.592488;5.433183;5.5571656;5.599799;5.310442;5.3676577;5.1680183;5.48528;5.385439
1190;2025-07-13;6.0;4;5.1603384;4.8306255;5.098837;4.9389787;4.9484186;4.8574276;5.0021152;5.233439;4.993633;4.7376714;4.9904275;4.9417;4.8494377;4.480458;4.9315643;5.079495
1191;2025-07-14;3.0;4;4.9642806;4.9351883;4.9880543;4.942126;4.7903576;4.8755465;5.265958;4.956271;5.0039096;4.845446;4.9398394;4.933339;4.8504033;4.6938686;5.195869;5.2186146
1192;2025-07-15;4.0;4;4.1704683;4.362992;4.4437575;4.329524;4.151565;4.1200724;4.978301;4.9700418;4.2163234;3.9000432;4.1951265;4.141066;4.0019603;4.050172;4.484604;4.790478
1193;2025-07-16;7.0;4;4.2659483;4.415264;4.5002193;4.5196576;4.3627663;4.4954734;5.148577;4.944485;4.2940063;4.3616576;4.3216457;4.315385;4.136744;4.423066;4.8549876;4.7913675
1194;2025-07-17;2.0;4;4.3996525;4.4240575;4.472452;4.269649;4.119083;4.769418;4.9682255;4.941483;4.544438;4.4915586;4.4819517;4.3458657;4.5463924;4.6683483;4.767539;4.8317175
1195;2025-07-20;5.0;4;3.9339674;4.2462196;4.143167;4.1484914;4.235408;3.956531;4.7483864;4.8987303;4.201527;4.373412;4.177496;4.1315575;4.2776065;4.266;4.777612;4.7174335
1196;2025-07-21;10.0;4;4.2845597;4.191158;3.9429715;4.1547966;4.1168103;4.226904;4.8706455;4.7074704;4.26979;4.3686047;4.420212;4.1747866;4.307756;4.191562;4.7146273;4.514564
1197;2025-07-22;2.0;4;3.7924278;4.0809484;4.0947423;3.7627425;3.8139212;3.7431917;4.4299192;3.995003;4.0907774;4.1129584;4.0671067;4.0917163;3.895899;3.9784791;4.2248816;4.2100587
1198;2025-07-23;7.0;4;4.670021;4.865849;4.7485657;4.6705623;4.7727437;4.747125;5.2570853;4.8278213;4.5479803;4.6647086;4.5898747;4.6308417;4.6512656;4.6799307;4.9377537;4.916706
1199;2025-07-24;9.0;4;5.2123737;5.26422;5.307084;4.7343826;5.1846156;4.834961;6.0276203;5.668325;4.853248;4.917044;4.82363;4.8597965;4.7929864;4.9228067;5.5766454;5.4606323
1200;2025-07-25;7.0;4;5.1823483;5.217351;4.977065;5.1727066;5.1235485;4.8721356;5.6987767;5.240345;5.2367344;5.1353827;5.0576487;5.06371;5.1599064;5.0853944;5.559935;5.3997054
1201;2025-07-26;6.0;4;3.3893712;3.3926299;3.3784595;3.389405;3.6338377;3.3536735;3.7907891;4.094457;3.3528392;3.39236;3.284243;3.228835;3.467619;3.2589574;3.8621368;3.8218844
1202;2025-07-27;3.0;4;2.6415992;2.6413326;2.5251644;2.5541074;2.6447358;2.4836183;3.135537;3.0546827;2.409278;2.6005056;2.5277886;2.491087;2.4690053;2.645569;3.0788274;3.0057538
1203;2025-07-28;7.0;4;3.9578843;3.8865736;3.6329582;3.4992383;3.8740983;3.5953162;4.9153633;5.0545025;3.6446836;3.7964246;3.9096727;3.7533445;3.901795;3.6758342;4.8744545;4.5530705
1204;2025-07-29;4.0;5;4.7883105;4.794031;4.7051897;4.6642394;4.5690546;4.912952;4.965055;4.716365;4.5739765;4.615122;4.5156198;4.5361595;4.6796684;4.802442;4.730353;5.029574
1205;2025-07-30;5.0;5;4.918602;4.775857;4.664023;4.9064426;4.3995976;4.997282;5.527832;5.8087664;5.4181576;5.099552;5.1872888;5.0552473;5.307693;5.269463;5.9591837;5.9674835
1206;2025-07-31;5.0;5;8.64029;8.317969;8.204857;8.116875;8.963644;8.165242;8.151798;8.3723135;7.997067;9.077344;8.822504;8.339117;8.540047;8.123952;8.650582;8.910978
1207;2025-08-01;4.0;5;9.234739;8.620405;8.246449;7.828399;9.001237;9.512966;10.697631;9.846271;9.279413;8.2007065;8.250602;7.799611;8.351433;9.402374;10.08161;9.409198
1208;2025-08-02;4.0;5;4.588541;4.491633;4.703865;4.266124;4.7730103;4.3497972;4.804808;4.523672;4.524983;4.535857;4.3852363;4.4052286;4.490222;4.571254;4.6218047;4.527938
1209;2025-08-03;4.0;5;4.375889;4.7464566;4.695865;4.4401073;4.656918;4.714838;4.8998556;4.6780825;4.3257627;4.1915555;4.2655544;4.3871984;4.2562714;4.2175555;4.4711404;4.5045013
1210;2025-08-04;4.0;5;4.2819314;4.553049;4.48997;4.3140287;4.054272;4.477822;4.762956;4.44057;4.12805;4.2911134;4.0481157;4.0428834;4.349153;4.2424273;4.729819;4.326623
1211;2025-08-05;3.0;5;4.3656893;4.756507;4.6276355;4.2512603;4.729295;4.4880395;4.7666345;4.6301847;4.8419633;4.782367;4.8279376;4.7059274;4.7993135;4.65371;4.79734;4.6444674
1212;2025-08-06;4.0;5;4.0312233;4.3086767;4.251678;4.0777154;4.0747185;3.8983393;4.7942095;4.617671;4.2069254;4.372204;4.247601;4.2082443;4.137698;4.413327;4.746029;4.6867166
1213;2025-08-07;1.0;5;3.7920887;3.9052732;3.865651;3.6075053;3.7729003;3.8361857;4.1706214;4.450803;3.5949428;3.942189;3.7201602;3.9123795;3.8204017;3.925492;4.298482;4.2998366
1214;2025-08-08;6.0;5;4.80655;4.2829537;4.6061773;4.500328;4.7173085;4.582925;4.87754;5.3299174;4.7230372;4.817802;4.74003;4.7905717;4.836591;5.146192;5.1723742;5.1966934
1215;2025-08-09;3.0;5;4.3584003;4.47002;4.219767;4.329712;4.556113;4.423613;4.6138296;4.2074127;4.470803;4.6068587;4.4779816;4.400231;4.3766103;4.308296;4.461109;4.3174133
1216;2025-08-12;7.0;5;3.3392694;3.0905535;3.3662913;3.282529;3.347313;3.4690332;3.6164944;3.5185866;3.6674182;3.5894141;3.648742;3.7873018;3.75493;3.55127;3.7910817;3.6260023
1217;2025-08-13;1.0;5;4.8562264;5.03685;4.9317737;4.662363;4.662399;4.7498813;5.1047416;5.008061;5.115127;4.993576;4.954061;5.1240788;5.143754;5.064455;5.040145;4.9438486
1218;2025-08-14;3.0;5;4.2430024;4.416045;4.296337;4.3010187;4.142249;3.9671197;4.3259544;3.9539526;4.3187504;4.340421;4.261986;4.2566175;4.137993;3.6636043;4.5042915;3.9843247
1219;2025-08-15;4.0;5;4.9379606;4.7245116;4.732146;4.8885946;4.992119;4.804171;4.926569;4.8725967;4.970571;4.986607;4.8799477;4.916832;5.054817;4.9726944;5.105274;5.1501427
1220;2025-08-16;2.0;5;4.801631;4.7275825;4.774925;4.7444344;4.904569;4.7298546;5.5087256;5.3528147;4.9215035;5.086282;4.9259267;4.7296696;4.9331145;4.878484;5.418633;5.342138
1221;2025-08-17;0.0;5;4.0573053;4.385673;4.3168745;4.199461;4.2494464;4.3163443;4.4873776;4.4712386;4.350879;4.6400113;4.4632173;4.5467577;4.459773;4.3382707;4.346763;4.422939
1222;2025-08-18;2.0;5;4.0863;3.8036544;4.051776;4.0590672;3.7762835;4.0693393;3.8859994;3.8739417;4.035514;4.124263;4.0702276;4.101586;3.9233038;4.113281;3.840292;3.933815
1223;2025-08-19;4.0;5;4.8347864;4.9032807;4.9467397;4.815702;4.770217;4.9762077;4.538308;4.3076987;5.022984;5.0847673;4.9409437;4.9803495;5.0050716;4.745678;4.742971;4.339951
1224;2025-08-20;2.0;5;3.4244514;3.8395011;3.6350908;3.6340115;3.2452571;3.513621;3.9751608;3.766919;3.3679779;3.4372718;3.3569975;3.4039955;3.4600322;3.3986251;3.8551366;3.7203093
1225;2025-08-21;5.0;5;4.1425753;4.010985;4.186931;4.09247;4.3878345;3.7425067;4.4523025;4.3915772;4.475546;4.094174;3.9533088;4.331222;4.4502864;3.7879853;4.1579957;4.154541
1226;2025-08-22;7.0;5;3.8054771;4.115245;3.8709955;4.0424685;3.9655812;3.78564;3.8417237;3.9332561;4.002989;3.8726368;3.4565763;3.9815342;4.148048;3.5491588;3.7116034;3.5205493
1227;2025-08-23;5.0;5;4.016425;3.559455;3.595399;3.68706;3.976444;3.7116377;3.7965093;3.6259327;3.9469683;3.5816877;3.2992504;3.6305258;4.045404;3.358684;3.6920183;3.3384156
1228;2025-08-24;4.0;5;3.6628196;3.5990367;3.83086;3.4077327;3.4803512;3.333618;3.3986676;3.1101608;3.7107027;3.4971719;3.6987507;3.3895001;3.2674708;3.356947;3.375742;3.2887821
1229;2025-08-25;4.0;5;4.1115656;4.358526;4.24194;4.2907677;4.2529645;4.116182;4.067724;4.123487;4.2934523;4.2652473;4.142712;4.1970563;4.231273;4.2242627;4.1523137;4.12516
1230;2025-08-26;3.0;5;4.179216;4.2831116;4.1454167;4.267289;4.094666;4.2725797;4.077718;4.5002303;4.0499587;4.1711583;4.1664386;4.0468254;4.041036;4.2628427;4.257925;4.346378
1231;2025-08-27;5.0;5;3.7759426;3.4723783;3.8681338;3.9707215;3.5398421;3.4938169;3.5189948;3.671618;3.9205048;3.728338;3.958955;4.0169983;3.6678054;3.774784;3.8424532;3.8837752
1232;2025-08-28;3.0;5;3.934045;4.159384;4.1169825;4.008003;4.226271;4.15717;4.080731;3.943648;4.0711255;4.230315;4.0854683;4.140991;4.11476;4.130652;4.1608396;4.0876145
1233;2025-08-29;1.0;5;4.2662325;4.4291563;4.2754765;4.101453;4.2101793;4.0788374;3.988552;4.1063833;4.12089;4.2177815;4.0491624;3.9586813;4.1750374;4.0903;4.035046;4.1377745
1234;2025-08-30;3.0;5;3.6415606;3.6296215;3.7269979;3.6499918;3.532439;3.5433052;3.6108036;3.8250887;3.6353028;3.6032243;3.6437743;3.5863326;3.621783;3.7011485;3.8756273;3.7904305
1235;2025-08-31;6.0;5;3.1749494;2.92577;3.1232674;3.0297449;2.8570554;3.0433893;3.192288;2.9902086;3.1911569;2.9438682;3.1763499;3.0909822;2.948374;3.0095973;3.1445293;3.1792483
1236;2025-09-01;2.0;5;3.8305542;3.6667511;3.6294806;3.6310382;3.671571;3.3113441;3.636714;3.5500326;3.9425032;3.7907326;3.9661486;3.932042;3.6073046;3.73874;3.8877554;3.9031565
1237;2025-09-02;6.0;5;3.986549;4.198038;4.188689;3.9329104;3.999662;3.862971;4.0873184;3.9828107;4.045678;3.8661134;3.9864004;3.9978876;4.025039;3.9921577;3.8906634;3.9569092
1238;2025-09-03;3.0;5;4.251205;4.321934;4.215099;4.1050982;3.869006;3.7494137;4.048615;3.969148;4.202546;4.152328;4.2148395;4.1492853;4.124678;3.8956118;4.0634317;4.084486
1239;2025-09-04;5.0;5;3.8585925;4.1244054;3.9885926;3.8019762;3.7713645;3.7007067;4.2321925;4.0416675;3.9472616;3.9263453;4.009713;3.987629;3.7236366;4.1043677;4.1574445;4.218801
1240;2025-09-05;2.0;5;4.2246547;4.271235;4.508239;4.025193;4.208992;4.352446;4.3185973;4.393607;4.322736;4.422704;4.6139727;4.511004;4.239893;4.487856;4.54;4.3405986
1241;2025-09-06;6.0;5;3.5837414;3.712846;3.704269;3.7369928;3.5744338;3.645011;3.4862728;3.653341;3.8268163;3.8186345;3.8452034;3.6215672;3.6862886;3.7778609;3.630167;3.5428696
1242;2025-09-09;6.0;5;3.9015908;3.972521;3.865628;4.1997075;3.7811594;3.6360054;4.0032673;3.7902002;4.394323;4.167565;4.2867646;4.121205;4.0389905;4.033731;3.852168;4.030433
1243;2025-09-10;8.0;5;3.5075324;3.826182;3.5168207;3.8962445;3.5620704;3.8709946;3.6709456;3.7003205;3.7511332;3.6318662;3.63456;4.038601;3.808355;4.2124867;3.6783094;3.9887562
1244;2025-09-11;3.0;5;3.386455;3.5594385;3.5618608;3.6066751;3.3219585;3.6603975;3.6151624;3.9723985;3.463579;3.599971;3.5461223;3.7822018;3.5530097;3.8531241;3.9080544;3.7951486
1245;2025-09-14;11.0;5;3.8765612;3.4615474;3.484897;3.7921126;3.6266413;3.6767325;3.7268887;4.129986;3.5267603;3.6409678;3.700792;3.8405552;3.608661;3.706932;3.9849424;3.9367392
1246;2025-09-15;7.0;5;4.3762956;4.232182;4.091426;4.183344;4.2844768;4.214183;3.7580402;4.132766;4.0119376;4.205374;4.285857;4.2779646;4.1269107;4.32306;3.8455386;4.0081086
1247;2025-09-16;11.0;5;4.0433974;4.2640843;3.971811;4.2806134;4.499187;4.371749;3.7481203;3.8425667;4.057684;4.100575;3.963308;4.1980004;4.081894;4.2671347;3.7697124;3.6959887
1248;2025-09-17;0.0;5;4.2429123;3.9930153;4.0869727;3.9521315;4.171583;3.9410744;4.2137504;4.078803;4.289315;4.494058;4.271663;4.090954;4.17024;4.1141253;4.302069;4.2539864
1249;2025-09-18;4.0;5;4.6374373;4.513195;4.1479692;4.0683126;4.2526464;4.130787;4.2814193;4.3783345;3.9122863;4.109986;3.950528;3.8891842;3.685745;3.6581373;4.1379848;3.9067938
1250;2025-09-19;3.0;5;4.611183;4.2117844;4.0447893;4.3421426;4.5616007;4.468378;4.102843;4.1008277;3.9495325;3.9865675;4.048741;4.1583257;4.0261;4.1656446;4.0762367;4.1169705
1251;2025-09-20;5.0;5;3.8376637;3.7854967;3.5282176;3.6453993;3.9143348;4.5123644;3.7195077;3.692981;3.4598632;3.4863343;3.5083957;3.2982647;3.6724582;3.892276;3.94938;3.9294178
1252;2025-09-21;2.0;5;3.3596358;3.224329;3.4487529;3.4564984;3.6913238;3.8460698;3.684342;3.8795278;3.4291425;3.4815629;3.4503717;3.6151214;3.5299819;3.768964;3.8095932;3.805431
1253;2025-09-22;5.0;5;2.9327593;3.1499202;3.092212;3.219198;3.081504;3.0476756;3.065345;3.2045996;3.0292964;2.9821494;2.8777554;2.8905444;2.7273052;3.0766149;3.157433;3.0605688
1254;2025-09-23;6.0;5;3.3516536;3.3735728;3.303463;3.3211796;3.1944249;3.4747295;3.8155308;3.427771;2.9628215;3.2204514;3.170239;3.06717;3.0807261;3.256457;3.490086;3.6495316
1255;2025-09-26;3.0;5;3.8006;4.182639;4.0737762;4.0657253;3.9793582;3.961865;4.4389033;4.3851595;3.9614542;3.8168545;3.8510742;3.821997;3.906865;3.9629292;4.1591897;4.0713754
1256;2025-09-27;7.0;5;4.441569;4.3719573;4.264141;4.3088055;4.326956;4.22901;4.378651;4.641948;4.3039274;4.205069;4.4184055;4.579201;4.344247;4.3825827;4.617738;4.45228
1257;2025-09-28;2.0;5;3.6101034;3.3149607;3.6800416;3.6846797;3.6968055;3.420912;3.2896664;3.5389068;3.4531655;2.8807054;3.2433536;3.3799374;3.102965;3.2557373;3.2052727;3.321845
1258;2025-09-29;1.0;5;4.0230055;4.237685;4.0306687;3.65087;4.4112687;4.029848;3.9890168;3.8552182;4.205987;4.162331;4.317503;4.267925;4.3623614;4.2400017;4.0737925;4.0850525
1259;2025-09-30;1.0;5;3.6875606;3.8088775;3.7769966;3.8716617;3.5381262;3.3900728;3.9642103;4.0281925;3.961346;3.859854;3.8725636;4.071216;3.6110978;3.922873;3.927289;4.1572976
1260;2025-10-01;7.0;5;4.1219125;4.533481;4.408886;4.3136554;4.054713;4.523474;3.9587631;4.244224;4.025362;4.2426643;4.168978;4.092494;3.911818;4.2495103;4.0558133;4.273927
1261;2025-10-02;3.0;5;3.4795325;3.2833357;3.187253;3.608369;3.5117307;3.5728614;3.5832415;3.6362476;3.340132;3.1499734;3.0943608;3.4721823;3.402278;3.472228;3.6408195;3.6113925
1262;2025-10-03;2.0;5;4.3414125;4.1367874;4.403553;4.3419123;4.5597534;4.2018204;4.186958;4.243223;4.8128476;4.4384108;4.473554;4.335075;4.3860326;4.69948;4.665821;4.1657944
1263;2025-10-04;3.0;5;3.5312428;3.7227485;3.5483086;3.7733328;4.203156;3.8750978;3.831907;3.695921;3.5239217;3.6388438;3.5141106;3.6289954;3.5743747;4.0091667;3.6729274;3.707909
1264;2025-10-05;5.0;5;3.9666533;3.7547543;3.4881697;3.5149446;3.7163305;3.5202978;3.8331661;3.0853732;3.6072223;3.5998704;3.5064175;3.693142;3.6528249;3.570554;3.5667284;3.2595887
1265;2025-10-06;1.0;5;3.8740413;4.147722;4.1176896;3.6330879;3.909641;3.6054943;4.271142;3.7681444;3.7084205;3.9805741;3.834566;3.6507063;3.5403693;3.5650423;3.9446933;3.8293867
1266;2025-10-07;1.0;5;3.8633347;3.7214134;3.581404;3.7418146;3.7375326;3.7570026;3.8833716;3.509284;3.2503774;3.4847972;3.3300686;3.5826724;3.2932413;3.5076618;3.5060973;3.387515
1267;2025-10-08;6.0;5;4.0541124;4.0268497;3.8523204;3.906228;4.21268;4.1252904;3.7535405;3.893075;3.7141817;3.8182244;3.695546;3.7191973;3.8874116;4.0030394;3.7746232;3.882199
1268;2025-10-09;2.0;5;4.4924045;4.4959707;4.4947767;4.25501;4.640011;4.558359;4.558119;4.528881;4.383981;4.5324326;4.372916;4.4223647;4.440155;4.446883;4.439703;4.3176765
1269;2025-10-10;2.0;5;5.0250397;4.6078744;4.8665047;4.354791;5.0196404;4.750335;4.223295;4.2032776;4.676153;4.7918577;4.6766043;4.502568;4.8010406;4.697061;4.432008;4.1361513
1270;2025-10-11;3.0;5;4.06981;4.019372;3.968238;4.0711455;3.9769008;3.9257774;4.1763496;3.8634086;3.747419;3.5416324;3.414649;3.8340669;4.0706925;3.964111;3.9444513;3.9579952
1271;2025-10-12;2.0;5;4.0156283;3.5766041;3.5328407;3.5808272;3.4729872;3.5195262;3.6222146;3.3768914;3.2920878;3.375872;3.409595;3.5935252;3.2932713;3.4971888;3.47565;3.4314497
1272;2025-10-13;5.0;5;4.240862;4.3251247;4.017386;3.8924394;4.2434855;4.369307;4.487192;4.7267966;4.097168;4.2708216;4.1971073;4.2302003;4.326232;4.2552023;4.386939;4.5288243
1273;2025-10-14;2.0;5;3.9232225;4.035385;3.7746296;3.9397256;4.068783;3.9316154;4.1705675;3.9952323;3.919006;4.0545344;3.9523556;3.8573768;3.9804356;4.1061945;4.1100416;3.8608463
1274;2025-10-15;4.0;5;3.8912084;3.8831625;3.5728507;3.6147783;3.9058337;3.8390756;3.7768764;3.602693;3.7541342;3.756158;3.622842;3.6315355;3.7724082;3.68513;3.6856384;3.6275458
1275;2025-10-16;6.0;5;4.1103797;4.3719068;3.951754;3.7695165;3.7695494;3.5286913;3.9848769;3.7427719;3.7438157;3.6382303;3.5255256;3.4852047;3.4065957;3.5971599;3.5856183;3.6465867
1276;2025-10-17;7.0;5;4.8387456;4.614393;4.5867395;4.6526756;4.678773;4.6859384;4.8093433;4.7305074;4.7561603;4.529451;4.5317965;4.5131493;4.5527697;4.466022;4.399946;4.3123674
1277;2025-10-18;3.0;5;3.8605542;4.1244817;3.9727645;3.8825028;4.077614;4.0696716;4.038559;4.196306;3.9145758;3.9181364;3.840737;3.815774;3.8919437;4.124806;3.8695061;3.836702
1278;2025-10-19;6.0;5;4.044471;4.0835547;3.9017465;3.8840718;4.0964475;3.9714084;3.8260553;3.654058;3.711929;3.9624527;3.849562;3.847981;3.8314483;3.9480894;3.8143644;3.8288295
1279;2025-10-20;1.0;5;3.9856806;4.1122813;4.18537;4.2341247;4.059885;4.312371;3.7495592;4.2715015;4.082088;4.0563326;4.1659117;4.191132;3.8529778;4.1742253;3.9206078;3.9855454
1280;2025-10-21;3.0;5;4.0040865;4.2163324;4.2486944;4.194114;4.25741;4.409194;4.0441103;4.2361965;4.0097833;4.1345873;4.0964665;4.094078;4.128999;4.327606;3.9861908;4.0787535
1281;2025-10-22;9.0;5;4.018595;4.2533407;4.1801744;4.4088836;4.16943;4.065399;4.1210694;4.165146;4.027427;4.0858483;4.0243745;4.2015953;3.9646533;4.1186147;4.065124;4.071342
1282;2025-10-23;1.0;5;4.274392;4.444766;4.3798437;4.4986005;4.4712915;4.652586;4.6699457;4.6503897;4.551352;4.6642823;4.664348;4.7628427;4.650391;4.762498;4.803798;4.9013534
1283;2025-10-24;6.0;5;5.452536;5.300408;5.7240562;5.4574437;5.335105;5.085422;5.39191;5.2896867;5.232684;5.2864227;5.285612;5.34532;5.1110625;5.42707;5.5410056;5.6343484
1284;2025-10-25;2.0;5;4.910312;5.021368;4.8946314;5.304353;4.761973;4.8178377;4.7546206;4.633408;4.854715;4.9734926;4.789399;4.8630342;4.7658844;5.1254787;4.68556;4.8129554
1285;2025-10-26;3.0;5;3.255199;3.2459388;3.2122533;3.1345155;3.1768787;3.28177;3.2426617;3.266139;3.3092701;3.3078544;3.3186605;3.3468177;3.2606053;3.4680462;3.3522017;3.4211268
1286;2025-10-27;3.0;5;3.8907795;4.3381166;4.3260126;4.1526303;4.27327;4.486396;4.0444727;4.1001635;3.9871278;4.0662265;4.138013;3.9524233;4.0990086;4.2820406;3.95963;4.052168
1287;2025-10-28;2.0;5;4.163176;4.2532945;4.50555;4.1947737;4.317434;4.424747;4.525228;4.40254;4.332546;4.4250712;4.540346;4.221064;4.1872735;4.697775;4.314003;4.713215
1288;2025-10-29;2.0;5;3.8081353;4.2725453;4.152347;4.1108346;4.247399;4.304712;4.144309;4.082748;3.9758015;4.1599097;4.118723;3.9776363;3.894508;4.0429993;4.0265603;4.061758
1289;2025-10-30;4.0;5;4.696546;5.151668;5.122588;4.8062935;4.8200006;4.8527513;4.7888527;4.537276;4.6725297;4.868878;4.7354517;4.6756825;4.670803;4.9788117;4.9843397;4.945263
1290;2025-11-02;4.0;5;3.3519003;3.5813825;3.5315113;3.4776938;3.2580078;3.5948646;3.5768876;3.5376852;3.3543322;3.6004076;3.486387;3.629253;3.507013;3.5033581;3.7732468;3.7457528
1291;2025-11-03;6.0;5;3.5335517;3.7316604;3.5605764;3.7029524;3.5402997;3.7663095;4.1509943;4.0223002;3.8310754;3.826929;3.7936645;3.8165119;3.8141122;3.783025;4.191674;4.0960317
1292;2025-11-04;4.0;5;4.048909;3.9252656;4.1662354;4.0870934;3.6758194;3.8960695;3.7073028;3.5912125;4.257528;3.966669;4.2456584;4.1333065;3.8115873;4.038443;3.8142622;3.9208412
1293;2025-11-05;3.0;5;4.1344075;4.209641;4.2017593;4.4561725;4.103635;4.4900575;4.1864886;4.199833;3.9857857;3.9777703;3.960665;4.3803844;4.0177326;4.3853045;3.9465146;4.259811
1294;2025-11-06;7.0;5;3.8931882;4.0278025;3.9488995;3.8922508;3.9684014;3.9960036;3.9614096;3.8735752;3.8740013;3.739534;3.714493;3.8598664;3.9319315;4.037593;3.8015754;3.9059203
1295;2025-11-07;9.0;5;4.849457;4.943573;4.925805;4.74764;4.7467613;4.8119373;4.676558;4.6957912;4.80503;4.682245;4.6607447;4.6683083;4.67977;4.678764;4.6339564;4.6382475
1296;2025-11-08;5.0;5;4.1013923;4.1964083;4.1486797;3.9881265;4.1384826;4.317883;4.292599;4.2857924;4.051273;4.0534053;4.0515947;4.180535;4.0089602;4.3096247;4.065962;4.3985977
1297;2025-11-09;4.0;5;4.109939;4.300623;4.380589;4.0313954;4.359247;4.1825285;4.320566;4.431701;4.1129856;4.165153;4.079414;3.9278114;4.1690254;4.1534605;4.423396;4.381762
1298;2025-11-10;0.0;5;4.481112;4.83761;4.8772674;4.825543;4.7000394;4.873686;4.609003;4.9913807;4.423763;4.4326086;4.3177676;4.4024796;4.32021;4.649029;4.6766005;4.7638907
1299;2025-11-11;3.0;5;4.116233;4.201446;4.251673;4.089605;4.212497;4.2247663;4.424795;4.3996496;4.248801;4.1058245;4.0960164;4.162449;4.204999;4.2400403;4.313626;4.4274406
1300;2025-11-12;6.0;5;5.6236773;5.392799;5.628765;5.7887635;5.4348288;5.411679;5.121371;5.154369;5.1955614;5.1042967;5.082882;5.45812;5.2583046;5.2327237;5.0181727;5.1451144
1301;2025-11-13;5.0;5;4.7662683;5.022952;5.0670595;4.9987097;4.769145;5.3441925;5.371914;5.493826;4.984734;5.133258;4.999973;4.9474516;4.985926;5.148607;5.305605;5.4672747
1302;2025-11-14;10.0;5;5.7590947;5.8772163;5.8824654;5.8861494;5.710717;6.0326185;6.124973;6.099341;5.7329793;5.7044168;5.6749797;5.6443744;5.6636357;5.997942;5.9514074;5.910816
1303;2025-11-15;5.0;5;5.692452;5.7105465;5.781553;5.607996;5.635479;5.4834743;6.039644;5.7475095;5.549024;5.685571;5.5478578;5.432789;5.501737;5.4521236;5.6757655;5.652074
1304;2025-11-16;5.0;5;5.9702387;5.457798;5.851279;6.0487003;5.4814796;5.683415;6.075925;5.8696632;5.4985666;5.4116592;5.3087897;5.47522;5.501018;5.379084;5.5081244;5.565202
1305;2025-11-17;3.0;5;5.3889327;5.349684;5.4393635;5.70032;5.1805043;5.327324;5.5122604;5.886825;5.3505726;5.3045287;5.1159396;5.455123;5.41766;5.189942;5.1070547;5.5222216
1306;2025-11-18;4.0;5;5.1654553;5.013973;5.1621614;5.332111;5.105051;5.5259304;5.510629;5.744622;5.178265;4.866024;4.9031296;5.367832;5.2240868;5.155044;5.230858;5.434924
1307;2025-11-19;5.0;5;5.692539;5.8566847;6.136105;6.0320687;5.498676;6.1826;5.9967985;5.9398565;5.521276;5.6156435;5.7117314;5.5712075;5.527832;5.6423726;5.669829;5.6140857
1308;2025-11-20;5.0;5;4.421803;4.465351;4.596038;4.717083;4.472618;4.902429;4.526987;4.7486067;4.699044;4.652182;4.7019415;4.699208;4.76458;4.789133;4.5741954;4.7276816
1309;2025-11-21;7.0;5;5.985814;6.3906612;6.208159;5.7317805;5.978091;6.606222;5.9715977;6.436221;5.9223137;6.0292397;6.0419536;5.8030787;5.800786;6.2679105;6.3130507;6.3661976
1310;2025-11-24;6.0;5;4.545063;4.506456;4.4248896;4.2523365;4.342245;4.330275;4.59506;4.672034;4.6262126;4.297361;4.448049;4.5785794;4.5580473;4.696483;4.698667;4.904338
1311;2025-11-25;3.0;5;4.5368643;4.3655744;4.237494;4.5732784;4.492537;4.067775;4.273243;4.213769;4.616451;4.3363953;4.381156;4.6945434;4.507078;4.401072;4.374792;4.2207265
1312;2025-11-26;3.0;5;3.9747155;4.0696406;4.000019;4.053818;3.9125984;4.1495514;4.2506857;4.29007;4.3990035;4.222956;4.391254;4.332338;4.115288;4.4366565;4.1746335;4.3615794
1313;2025-11-27;8.0;5;3.9310548;4.1038737;4.07796;4.002373;4.05771;4.007451;3.789055;3.926537;3.9731927;4.051857;4.0957603;4.161306;4.161024;4.2243667;4.044853;4.095774
1314;2025-11-28;3.0;5;5.2370253;5.235032;5.2714806;5.120517;5.4865856;5.307423;5.3347096;5.0304294;5.4096107;5.3489766;5.338718;5.1607003;5.3425236;5.3100705;5.2901874;5.1869555
1315;2025-11-29;3.0;5;4.5286083;4.2302094;4.250465;4.277296;4.364702;4.3956046;4.375168;4.1478453;4.4271774;4.163339;4.129189;4.290211;4.249551;4.2318997;4.074251;4.210196
1316;2025-11-30;6.0;5;4.1533117;4.326342;4.4595237;4.193697;4.357138;4.2449512;4.9402447;4.7804604;4.432629;4.32171;4.3508883;4.2813306;4.3583813;4.5474887;4.664682;4.8390145
1317;2025-12-03;10.0;5;5.8720217;5.953589;5.5493803;5.6965933;5.6828313;5.41132;5.777163;5.659186;5.4794555;5.4733987;5.3984427;5.3689537;5.4807763;5.119672;5.362161;5.436331
1318;2025-12-04;5.0;5;6.0295978;5.523384;5.53466;5.603535;5.856062;5.342299;5.5566363;5.5321817;5.861717;5.528709;5.4653583;5.6353393;6.0251217;5.4043837;5.4843497;5.4318175
1319;2025-12-05;9.0;5;6.54896;5.7895346;6.118542;6.003712;6.5584407;5.8566656;5.906752;5.615531;6.3034177;5.723043;5.6798005;5.907907;6.4743624;5.699431;5.8361044;5.544374
1320;2025-12-06;5.0;5;3.859607;3.4196017;3.560262;3.720287;3.7235281;4.034836;4.032999;4.359047;4.2231126;3.7334266;3.8376002;4.0066395;3.9515169;3.6911573;4.133835;3.9710274
1321;2025-12-07;4.0;5;3.741174;3.3644714;3.5168712;3.3061395;3.6197484;3.298392;3.9210548;3.259919;3.803023;3.5731382;3.6610253;3.315907;3.8324554;3.3653011;3.5684733;3.389234
1322;2025-12-08;3.0;5;4.4921064;4.5821466;4.4862576;4.425115;4.827804;4.183257;4.8802276;4.735845;4.5910707;4.490745;4.509358;4.4840083;4.6928635;4.585902;4.9005404;4.7198567
1323;2025-12-09;8.0;5;4.2246547;3.9890823;4.00264;4.089225;4.2668033;4.275827;4.2409177;4.0889816;4.36521;4.244586;4.2573333;4.326777;4.3099337;4.486078;4.410965;4.3261604
1324;2025-12-10;6.0;6;4.936666;5.151098;4.9053574;4.7749305;4.9331613;5.050845;4.986906;5.0160484;4.6197658;4.935127;4.837554;4.688614;4.8059244;4.970623;4.8899465;4.917174
1325;2025-12-11;1.0;6;5.37415;5.1499186;5.2402787;5.289935;5.4778566;5.2678533;5.534669;5.3213058;5.311382;5.2493725;5.1648903;5.0745883;5.4384413;4.9461956;5.257235;5.2631855
1326;2025-12-12;8.0;6;5.239403;4.9702287;5.0864787;4.9867597;5.109865;5.0809507;4.923359;4.915732;4.9096556;4.9083304;4.9786797;4.8098392;4.8247232;4.8416624;4.8380966;4.6595354
1327;2025-12-13;6.0;6;5.7121296;5.8799624;6.102679;5.6960664;5.8358636;5.9170017;5.6581917;6.0168676;5.7736;5.4952474;5.617896;5.528502;5.6531343;5.668768;5.9268966;5.8041863
1328;2025-12-14;6.0;6;5.125005;5.3990736;5.516511;4.9459534;5.383072;5.467215;5.211272;5.367388;5.4463925;5.3765182;5.3312793;5.077952;5.541845;5.3852386;5.559137;5.596694
1329;2025-12-15;1.0;6;5.4696093;5.2721224;5.336172;4.9675436;5.371124;5.16003;5.529989;5.1213207;5.3514905;5.608449;5.414261;5.1223683;5.181991;4.9664197;5.541435;5.4089727
1330;2025-12-16;10.0;6;5.244342;4.9196215;4.9123497;5.114148;4.9918175;4.3896165;4.3125987;4.238123;4.7156215;4.645347;4.6319404;4.334514;4.5625353;4.3131967;4.6544037;4.802325
1331;2025-12-17;5.0;6;5.587432;5.6632667;5.80497;5.8064313;6.19576;5.895294;5.912461;5.877601;6.1825056;6.1861877;6.204059;5.9484744;6.325724;6.235769;6.1376467;6.0664716
1332;2025-12-18;2.0;6;6.241268;6.133184;6.3544197;6.483462;6.2272677;6.261224;6.741309;6.1545258;6.5323706;6.2399683;6.414615;6.2384386;6.4944415;6.057903;6.372806;6.3339744
1333;2025-12-19;3.0;6;5.718254;5.5878453;5.8585744;5.756528;5.6462626;6.0519495;5.5709333;5.437517;5.8701563;5.7177725;5.755769;5.5346017;5.9040675;5.7968626;5.6266427;5.70358
1334;2025-12-20;4.0;6;4.979218;4.9726815;4.979971;4.9269633;5.0612407;4.9173937;5.2320275;5.053461;4.800872;4.761629;4.730546;4.8011675;4.626747;4.827673;4.95265;4.9074507
1335;2025-12-21;6.0;6;4.3591905;4.4016385;4.2858024;4.3023686;4.479362;4.35078;4.357023;4.610636;4.1940203;4.024983;4.1327386;4.2218266;4.2863646;4.2675996;4.237455;4.352625
1336;2025-12-22;4.0;6;3.842094;3.9571674;4.139789;3.7048945;4.1789904;3.9507613;3.8619304;3.8331792;3.6624346;3.7685523;3.677268;3.5613348;3.873944;3.8692307;3.8742747;4.06257
1337;2025-12-23;9.0;6;5.709861;5.2501307;5.462942;5.2949905;5.410942;5.517256;5.154017;5.3990245;5.292709;5.3020463;5.4577384;5.114218;5.3742723;5.3447337;5.682014;5.518318
1338;2025-12-24;8.0;6;5.3914957;5.8513927;5.836124;5.6101303;5.7581506;5.9855704;5.4642196;5.569846;5.608257;5.4689193;5.678356;5.3870406;5.6809936;5.626184;5.7279425;5.758957
1339;2025-12-25;1.0;6;5.675181;5.4474053;5.220778;5.621072;5.717302;5.6268377;5.4151936;5.2074037;5.550808;5.289097;5.318443;5.3518567;5.606005;5.2099175;5.4613338;5.5414515
1340;2025-12-26;11.0;6;5.9906096;6.072645;6.1740937;5.9106345;6.056892;5.904196;5.6310906;5.895438;5.96233;6.1011734;6.1256337;6.068531;6.1050315;6.240635;5.6489305;5.767896
1341;2025-12-27;8.0;6;6.2355;6.519524;6.5530934;6.3302016;6.554995;6.555398;6.1713567;6.271231;6.645246;6.7306533;6.6438236;6.722507;6.6108794;6.942529;6.3176093;6.496407
1342;2025-12-28;4.0;6;5.784718;5.5714073;5.9800386;5.9240103;5.821811;5.945848;5.9044337;6.1444945;5.9612155;5.7129493;5.6981845;6.1615405;6.024378;6.1724935;5.567421;5.895684
1343;2025-12-29;7.0;6;7.724853;7.6069856;8.112932;7.9033237;7.487494;7.782486;7.4293604;7.5466466;7.2877803;7.247083;7.2973104;7.387177;7.2469935;7.6849136;7.241224;7.462571
1344;2025-12-30;2.0;6;8.363479;8.544674;8.463258;8.552257;8.279988;8.856707;7.4535565;7.8570113;7.318203;7.570056;7.6532297;7.726256;7.3711233;7.8049097;7.3615894;7.5329323
1345;2025-12-31;2.0;6;8.054651;7.8582864;8.381616;8.53326;7.9076004;8.413029;7.773593;8.175949;7.7895255;7.856169;7.8112717;7.8031607;7.8908405;7.9064603;7.7514954;8.02876
1346;2026-01-01;10.0;6;7.986142;6.6601143;7.1367035;7.2776055;6.732783;6.896495;7.1390758;6.7240324;7.1513295;6.7920127;6.8906856;6.9904666;7.1961746;7.0896606;6.771184;6.5204873
1347;2026-01-04;6.0;6;4.986921;5.9930086;5.697262;5.1529603;5.376307;5.793974;6.329569;6.147653;5.270512;6.2394094;6.1925592;5.1525702;5.3226614;6.0130734;5.9558754;5.978099
1348;2026-01-05;6.0;6;4.8793683;4.8110023;4.9248495;4.800104;4.931994;4.534822;5.022826;4.777085;4.958835;5.028535;4.9247923;4.8993797;4.9876237;4.856554;4.7227645;4.75481
1349;2026-01-06;4.0;6;5.3410444;5.2468677;4.976546;5.115452;5.096765;4.8175955;4.703577;4.466548;5.3578677;5.2008767;5.2199273;5.151799;5.158145;4.999556;4.932635;4.8297343
1350;2026-01-07;2.0;6;5.494458;5.2295685;5.338939;5.704877;5.5021777;5.7237234;5.209963;5.621919;5.2485914;4.977038;4.8052697;4.931892;4.9494743;5.0139413;5.074026;5.1399674
1351;2026-01-08;3.0;6;4.4936085;4.519415;4.4937577;4.646944;4.251326;4.140503;4.624041;4.8843336;4.4522305;4.3982854;4.388843;4.62336;4.3765855;4.4371424;4.7811193;4.8966036
1352;2026-01-09;6.0;6;6.1078625;6.3915887;6.3240075;5.9425554;5.9529996;6.20075;5.8556414;5.8599477;5.9366364;6.2154393;6.2312727;5.9466524;6.026896;6.3294673;5.6885767;5.795553
1353;2026-01-10;3.0;6;6.047225;6.0415654;6.022715;6.143751;5.896378;6.043658;6.045542;5.989301;5.753337;5.739347;5.659682;5.768582;5.709165;5.8612857;5.7004104;5.7052603
1354;2026-01-11;3.0;6;5.5686965;6.0451336;5.7904053;6.1788335;5.6805477;6.3056045;5.8143864;6.143245;5.5654526;5.717598;5.6263547;5.691903;5.493825;5.909956;5.4404683;5.7302947
1355;2026-01-12;3.0;6;7.049885;6.736698;7.0165677;7.356766;6.8200836;6.557373;6.1450377;6.507295;7.363429;7.200088;7.2105446;7.380724;7.3111596;6.848747;6.5608096;6.872297
1356;2026-01-13;2.0;6;8.046822;7.4751973;7.7764153;7.924962;7.6743054;7.7024264;7.0408506;7.0501313;7.310096;7.569124;7.62665;7.4875803;7.3652134;7.3713217;6.7858896;7.108405
1357;2026-01-14;5.0;6;5.9210567;5.4741635;5.712943;5.6270733;5.8443856;5.816477;5.660286;5.7747083;5.7401404;5.5229197;5.7451963;5.8808684;5.646173;5.507958;5.485062;5.406577
1358;2026-01-15;8.0;6;6.420604;6.4470778;6.362294;6.3244796;6.535834;6.119348;6.034;5.6580114;6.259308;6.2191653;6.1744137;5.9352493;6.300279;6.016801;5.826775;5.675862
1359;2026-01-16;7.0;6;7.934783;7.781651;7.6286364;8.024088;7.7274437;7.6787796;6.4792223;6.556671;7.395903;7.5678935;7.463805;7.5786147;7.634226;7.494624;6.6530027;6.814414
1360;2026-01-17;11.0;6;6.999289;6.7881136;6.725949;7.190965;7.170887;6.811961;6.097655;6.4186606;6.6807866;6.475813;6.445811;6.95127;6.5754185;6.661221;6.3778734;6.1072445
1361;2026-01-18;10.0;6;10.213775;10.205583;9.822398;10.340578;9.977043;9.24727;8.636994;9.065046;10.208289;9.970563;9.650113;9.825945;10.195953;9.024092;9.027416;9.110608
1362;2026-01-19;4.0;6;9.64306;8.623618;8.916346;9.094274;8.266743;8.1887455;7.3324723;7.553426;8.28919;8.3653;8.343303;8.305694;8.386495;8.30437;7.6489396;7.8079433
1363;2026-01-20;8.0;6;5.414414;5.084794;4.9434795;5.1336985;5.276281;5.0073895;5.3666406;4.97803;5.23762;5.0461564;4.9695983;5.188053;5.1707406;5.098528;5.488714;5.1933923
1364;2026-01-21;13.0;6;5.1155863;5.300478;5.282624;5.081124;5.289181;5.260791;5.6020126;5.28655;5.6762357;5.8824177;5.8835335;5.6115193;5.750025;5.6728787;5.5726504;5.3909025
1365;2026-01-22;8.0;6;6.008876;5.717159;5.940465;5.977007;5.7494764;5.771519;5.949451;5.8173237;5.9393516;5.5538435;5.5731835;5.9540377;5.9710507;5.6047473;5.8892713;5.896711
1366;2026-01-23;3.0;6;6.303415;6.140545;6.171605;5.953856;6.5149856;5.803449;6.077256;5.9661684;6.1211305;5.860419;5.736139;5.9557953;6.2015195;5.723758;6.1912518;6.1367006
1367;2026-01-26;4.0;6;5.064642;5.485012;5.580499;4.88189;5.2401114;5.2369127;5.579308;5.49319;5.1864305;5.336821;5.3204026;5.0959406;5.10409;5.559359;5.47514;5.277124
1368;2026-01-27;3.0;6;5.3619127;5.33543;5.541379;5.0382314;5.008242;5.8877316;5.248922;5.055447;4.902473;5.3205266;5.2067285;4.948893;5.116455;5.47212;5.1513686;4.7191854
1369;2026-01-28;4.0;6;5.2148085;5.2668824;5.179166;5.190314;5.06793;5.272319;6.0982275;6.081906;5.659645;5.3490653;5.556233;5.696238;5.620684;5.691748;5.978256;6.7048016
1370;2026-01-29;6.0;6;7.252969;6.759768;7.111139;6.739411;6.610296;6.7570796;8.180775;7.4690356;6.6966662;6.6842785;6.656907;6.4788284;6.352524;6.245449;6.287085;6.2258267
1371;2026-01-30;9.0;6;6.7945795;6.0920672;6.5024657;6.536837;6.666997;6.34997;6.7587166;6.7541003;6.469481;5.9161487;5.9762425;6.4483867;6.653177;6.1303787;5.9772134;6.0282393
1372;2026-01-31;7.0;6;6.496997;6.438996;6.4180884;6.732715;6.7649565;6.8830686;6.484705;6.3666935;6.7633133;6.5420365;6.5355754;6.6728225;6.817379;6.838066;5.8851767;6.281732
1373;2026-02-01;10.0;6;5.2292976;5.138244;5.038129;5.0305753;4.953297;5.547624;5.5461736;5.336075;4.722407;4.902593;5.0681415;4.861563;4.948474;5.2626576;5.012181;5.2124095
1374;2026-02-02;6.0;6;5.4559026;5.071368;5.3491263;5.368775;5.192812;5.0970488;5.380969;5.1676292;5.555168;5.3643336;5.2893043;5.4143066;5.540393;5.0470686;5.2667236;5.112385
1375;2026-02-03;1.0;6;6.0424037;6.5365767;6.0681634;6.0251136;5.6371007;6.280521;5.9453073;5.8528137;6.1830454;6.310524;6.274537;5.872471;5.9910064;6.1193204;5.786348;5.6608043
1376;2026-02-04;2.0;6;5.4755974;5.0221725;5.330212;5.492819;5.356101;5.22572;5.7919903;4.9598274;5.2942576;5.1501727;5.4448566;5.1754894;5.103197;5.1739273;5.2679267;5.096076
1377;2026-02-05;2.0;6;4.2139287;3.5969212;3.6739132;4.112778;3.780546;3.748983;3.7130783;4.0310493;3.8361042;3.6299367;3.8805325;3.9340565;3.905649;3.906885;4.2646074;4.2373166
1378;2026-02-06;10.0;6;6.345277;6.5726104;6.606401;6.362524;6.0478005;6.5517554;6.0420327;5.6332383;6.39828;6.3278236;6.5460463;6.179586;6.291816;6.350453;5.6706276;5.7750797
1379;2026-02-07;3.0;6;5.6116905;4.9503546;5.273199;5.226537;5.347814;5.5450644;5.6747475;5.687012;5.221594;5.001375;5.048446;5.3252645;5.278038;5.3950768;5.5105896;5.3994064
1380;2026-02-08;7.0;6;5.829777;5.873166;6.032676;5.345356;5.531737;5.4133377;5.5881343;5.5801296;5.3654;5.654436;5.883426;5.3063116;5.449924;5.8891654;5.5906014;5.533964
1381;2026-02-09;7.0;6;6.4514346;6.511959;6.67377;6.3828287;6.4227567;6.9373264;6.096909;6.1337037;6.4805465;6.4335594;6.486338;6.3502493;6.3929243;6.426739;6.2521324;6.4192805
1382;2026-02-10;7.0;6;6.4432592;6.2068024;6.227405;6.2657704;6.3544893;6.2802362;5.977908;6.1477704;6.387555;6.275351;6.3378983;6.2681794;6.406145;6.2569795;6.4442997;6.235657
1383;2026-02-11;5.0;6;5.8771276;5.794789;5.803252;6.0068707;5.777908;6.1860795;5.574714;5.501254;6.1099396;6.071456;5.8660445;5.8919826;5.8951797;6.0270476;5.7943974;5.7357907
1384;2026-02-12;6.0;6;6.26919;6.2895594;6.2248526;5.9641776;6.1442366;6.3939486;5.8131337;5.5422125;6.103057;6.238638;6.20203;6.0252447;5.96584;6.0131636;5.99309;5.885113
1385;2026-02-13;7.0;6;5.676987;5.834389;6.0631742;5.6569605;5.8721704;6.503737;5.6424;5.905996;6.0686064;6.173334;6.246397;5.7908654;6.120094;6.558628;6.0656905;5.561597
1386;2026-02-14;3.0;6;6.213032;6.0865335;6.4673767;6.0905943;5.9586625;6.473848;5.423018;5.7881217;6.024055;6.0946665;6.1042995;5.913084;5.9043064;6.2173586;5.7449446;5.6958423
1387;2026-02-15;4.0;6;5.916244;5.913885;5.9619994;5.878678;5.887451;5.879806;5.5997343;5.8477774;5.849956;6.0134115;6.0107403;5.9196053;5.8738;6.1154017;6.016931;5.8939614
1388;2026-02-16;2.0;6;5.2020307;4.973335;5.4238367;5.4065065;5.0964713;5.257686;4.615697;5.2072;5.0440526;5.225306;5.2658296;5.164652;4.9620075;5.085718;5.01129;5.0314183
1389;2026-02-17;6.0;6;5.3324194;5.178041;5.442035;5.3971243;5.042871;5.1450725;5.06379;5.012256;5.157313;5.107123;5.315842;5.117111;4.843254;5.164913;4.7671194;4.598696
1390;2026-02-18;2.0;6;5.903266;5.5668836;5.77596;5.7460265;5.855344;6.037687;5.300248;5.2363563;5.7344656;5.821156;5.764475;5.767392;5.7623334;5.9463983;5.395367;5.4091144
1391;2026-02-19;3.0;6;5.561525;5.325473;5.5030804;5.591526;5.4410305;6.1043553;4.8212595;5.1817093;5.308503;5.426867;5.671603;5.4449944;5.4847565;5.938349;5.5693035;5.326918
1392;2026-02-20;9.0;6;6.411441;5.603821;5.5213966;6.270664;6.561691;5.5457597;5.740316;5.4220524;6.1542163;5.8774605;5.5823064;6.1624455;6.1121473;5.5919304;5.482547;4.9825573
1393;2026-02-21;10.0;6;4.930948;4.8082476;5.2428727;4.9904284;5.105158;5.113863;5.2459927;5.1478286;4.7421455;4.61913;4.6395407;4.590197;4.8481865;5.0532393;4.982964;4.7232723
1394;2026-02-22;3.0;6;6.827897;7.11507;7.345367;6.9668884;7.2255206;7.1250315;6.3910832;6.008372;6.7691956;6.663128;6.457344;6.4960113;6.7647266;6.9567842;6.318739;6.41995
1395;2026-02-23;9.0;6;6.399603;6.612723;6.8495603;6.4352846;6.3342533;6.770199;6.206967;5.9434996;6.3882914;6.4732037;6.3662934;6.2548475;6.38469;6.4415236;6.1721735;6.1254535
1396;2026-02-24;3.0;6;6.0071588;5.8948565;5.791469;6.5547495;6.4163904;6.0613074;5.965712;6.017808;6.4152794;5.9495273;5.7957044;6.1887927;6.1679063;5.769122;6.041231;6.0351505
1397;2026-02-25;4.0;6;5.0521603;5.0313463;5.327855;5.0403414;5.150921;4.9731874;5.3567524;5.375446;4.7216525;5.023608;4.913482;4.922244;4.966174;5.141105;5.4669933;5.493733
1398;2026-02-26;8.0;6;6.231133;6.103256;6.1724424;6.067743;5.990275;6.277671;5.972438;6.4872565;5.784571;5.9677544;5.8848104;5.8931556;5.953471;5.9371;6.058533;6.1079383
1399;2026-02-27;8.0;6;5.910146;5.6224504;5.6354566;5.5049977;5.589707;5.2595534;5.390013;5.5162196;5.6419396;5.5282493;5.506695;5.5527754;5.7125444;5.474738;5.4265757;5.552528
1400;2026-02-28;5.0;6;5.653765;5.7024508;5.775943;5.8596478;5.946952;6.202473;5.862428;5.696868;5.721605;6.021959;5.9160285;5.781137;5.6497064;6.036535;5.59763;5.613563
1401;2026-03-01;5.0;6;6.240542;6.375138;6.192609;6.116598;6.1502414;6.020156;6.3414545;5.753421;6.049259;6.1254992;6.1127415;5.9151707;6.080709;5.997527;5.232627;5.5324693
1402;2026-03-02;1.0;6;5.655059;5.7718897;5.680551;5.834477;5.368781;5.557816;5.551476;5.629464;5.4846015;5.501073;5.3901486;5.4829726;5.6233068;5.4406967;5.507974;5.4301705
1403;2026-03-03;2.0;6;5.1850123;4.9095917;5.0182633;4.957537;4.962799;5.108728;4.5835934;4.975466;5.2528567;5.138312;5.274234;5.24734;5.0744834;5.0484695;5.069664;4.870635
1404;2026-03-04;4.0;6;5.354309;5.252612;5.3988347;5.4763665;5.663725;5.8001003;4.754341;4.941355;5.299879;5.435398;5.3901653;5.271083;5.593959;5.7002625;5.2481985;5.1123047
1405;2026-03-05;8.0;6;5.352646;5.456196;5.6191998;5.3869014;5.2350545;5.6166306;4.9976435;5.156503;5.5414677;5.5925703;5.4706516;5.273039;5.435992;5.528481;4.99879;5.0690775
1406;2026-03-06;5.0;6;5.2257457;4.352735;4.986144;5.057208;5.166522;4.7819896;5.3203397;5.3333254;5.2970223;4.8549356;4.7937517;5.2973695;5.4585814;5.044511;4.947609;4.9605684
1407;2026-03-07;7.0;6;5.287505;5.382443;5.3796377;5.1679864;5.4231644;5.134138;5.26297;5.1016307;5.250584;5.3109603;5.2466407;5.2254624;5.180994;5.3601494;4.974082;4.8739448
1408;2026-03-08;5.0;6;4.5145106;4.6446757;4.5715804;4.5509434;4.469001;4.623647;4.649391;4.800988;4.5620823;4.7263007;4.7556915;4.7123046;4.5947237;4.8495035;4.9874115;4.7508683
1409;2026-03-09;10.0;6;5.092802;5.122498;5.411043;5.368538;4.9686646;5.5216265;4.801004;4.9882607;4.9663734;5.2708416;5.4327445;5.0047216;4.8210373;5.262425;4.7436843;4.819459
1410;2026-03-10;4.0;6;5.3759527;5.515648;5.5811267;5.3956056;5.2263093;5.467668;5.4057255;5.508418;5.6163335;5.6905355;5.5173736;5.532388;5.6867476;5.534115;5.1015453;5.4140134
1411;2026-03-11;4.0;6;5.419548;5.4421268;5.6117053;5.6463637;5.2881184;5.4203386;5.0206404;5.037957;5.2231307;5.2816334;5.205748;5.089533;5.308042;5.259525;4.859463;4.933657
1412;2026-03-12;2.0;6;6.702412;6.833269;7.1001744;6.2428727;6.7223525;6.9376655;6.8472023;6.2475142;6.6296883;6.5692034;6.5809197;6.0944867;6.5146685;6.564292;6.0373583;6.1468196
1413;2026-03-13;5.0;6;6.9957957;6.9200444;7.0863705;7.4922667;6.9430237;6.971577;7.1411743;6.9527054;6.909597;7.0728917;7.048084;6.822239;6.823819;6.72872;7.184843;6.928808
1414;2026-03-14;6.0;6;5.00572;4.7807913;5.113875;5.1594625;4.841329;4.539142;4.8199096;4.92836;4.9770665;4.7804503;5.0909057;5.0521126;4.9194;5.063396;4.6921544;4.952245
1415;2026-03-15;12.0;6;7.7876153;7.9947724;7.9492764;7.6517005;7.6751294;7.6720552;7.962628;7.40505;6.7870197;6.9910226;6.7794623;6.7246237;7.0830765;7.227368;7.1937246;6.7604833
1416;2026-03-18;4.0;6;4.887331;4.809451;4.9562798;4.9523787;5.0507407;4.840579;4.7457795;5.439614;5.006602;4.6420965;4.841918;4.814257;4.8490357;4.831967;5.128136;5.177074
1417;2026-03-19;3.0;6;4.973151;5.0875077;5.1603317;5.032889;5.5041633;5.227747;5.408913;5.7202334;5.0944443;4.7742105;4.735022;4.764282;5.032905;5.041898;5.4319415;5.2661085
1418;2026-03-22;5.0;6;4.6273174;4.0887103;4.3777094;4.7539887;4.19975;4.2250233;4.44224;4.7907257;4.2998786;4.480529;4.2297225;4.252689;4.4091873;4.3583164;4.3271728;4.3967705
1419;2026-03-23;4.0;6;4.951689;4.7590384;5.1572003;4.92453;5.211276;5.1834674;5.34146;5.906506;5.1963735;5.0717616;5.094471;5.0555897;4.984373;5.067227;5.546323;5.589717
1420;2026-03-24;7.0;6;6.783218;6.675971;7.1567216;6.909255;6.3090982;6.6339006;6.9600105;6.430909;6.1368937;6.222906;6.1535754;5.899123;5.7888665;5.4051886;6.614204;6.4279923
1421;2026-03-25;4.0;6;4.679521;4.755156;4.938464;4.8599296;4.8439198;4.795339;5.4353724;5.1400323;5.0543046;5.1177673;5.1876554;4.993273;4.7313256;4.893702;5.3686023;5.086184
1422;2026-03-26;3.0;6;4.8370852;4.630607;4.8539004;4.9070725;5.0287523;4.6612935;4.958911;5.0178237;4.873577;4.816416;4.794262;4.965101;4.7604933;4.645065;4.9280577;4.929682
1423;2026-03-27;2.0;6;5.0888596;5.0524654;5.152962;4.989297;5.155809;4.9817166;5.0046883;4.989916;4.708295;4.826821;4.7714467;4.824016;4.827593;4.9302583;4.6588554;4.8019814
1424;2026-03-28;3.0;6;4.6094403;4.202844;4.591124;4.475186;4.5382466;4.5156136;4.3762746;4.493735;4.5308456;4.417171;4.5153155;4.7278485;4.3501606;4.5086756;4.2734833;4.4320197
1425;2026-03-29;2.0;6;4.2179055;3.8512125;3.8625405;3.9743695;4.108283;3.8659494;4.046597;3.5142322;4.0650353;4.010132;3.9926505;4.3172145;4.012871;3.681583;4.0252028;3.4894943
1426;2026-03-30;1.0;6;4.8632817;4.4717407;4.5628963;4.3408847;4.742118;4.365484;4.2839427;4.3036013;4.785315;4.7462983;4.6880946;4.8877964;4.756978;4.6429324;4.5251136;4.4132643
1427;2026-03-31;2.0;6;4.197599;4.453667;4.4380994;4.1884465;4.133869;4.5383215;4.0121365;4.097002;3.910951;4.262911;4.1445584;4.3283563;4.134709;4.373442;4.1668696;4.1759543
1428;2026-04-01;4.0;6;4.3158145;4.1600027;4.384918;4.2114124;4.2789087;4.6301527;4.7227426;4.454175;4.0978894;4.171387;4.243618;4.4315414;4.236089;4.398705;4.279907;4.6261015
1429;2026-04-02;8.0;6;4.2364974;3.9973862;4.1470747;4.227753;3.9882054;4.0744543;4.5269027;4.496408;4.1665044;4.2685547;4.2935953;4.390745;4.116775;4.273808;4.389194;4.402687
1430;2026-04-03;3.0;6;4.91041;5.1035166;5.0410614;4.9687834;4.971143;5.004583;5.0590763;5.047399;4.875523;4.924555;4.9444394;5.0073404;4.8031487;5.0117135;4.8760853;4.746404
1431;2026-04-04;3.0;6;4.8472238;4.815384;4.777889;4.799858;4.930358;4.854813;4.649646;4.6177707;4.807149;4.802028;4.8406734;4.800003;4.8692193;4.947922;4.393212;4.450904
1432;2026-04-05;5.0;6;4.299296;4.4736557;4.358422;4.159216;4.3908496;4.473578;4.110487;4.1398873;4.299869;4.4498024;4.415484;4.4390054;4.387921;4.5309944;4.0886545;4.138518
1433;2026-04-06;4.0;6;4.4875026;4.690681;4.6676106;4.52451;4.5330286;4.494123;4.3719916;4.359887;4.440519;4.5261755;4.5485177;4.5069985;4.4226823;4.4210753;4.146824;4.2392697
1434;2026-04-07;3.0;6;4.957724;4.9977937;4.9934745;4.807087;4.921234;4.6869054;4.906253;4.9368;4.9656506;4.979766;5.0082283;4.902546;4.9182158;4.934941;4.855316;4.75452
1435;2026-04-08;9.0;6;4.137223;4.2798557;4.294393;4.260424;4.125178;4.1497483;3.9246647;4.015117;4.2497396;4.3959284;4.3600817;4.3063116;4.185106;4.312705;4.154468;4.1259
1436;2026-04-09;3.0;6;4.1766524;4.058472;4.299292;4.1056657;3.815796;4.1505604;4.298255;4.194366;4.0684347;4.056856;4.07796;4.1019673;3.8408053;4.0993023;4.234276;4.330023
1437;2026-04-10;3.0;6;4.174514;4.4341116;4.368875;4.1578636;4.3222747;4.363729;4.5891047;4.271572;3.969181;4.171468;4.085176;4.1899333;3.9545472;4.1550465;4.352494;4.2366633
1438;2026-04-11;3.0;6;3.65879;3.7156026;3.7634225;3.593773;3.7272797;3.6664824;3.729602;3.7967973;3.6579344;3.729876;3.7415726;3.7828076;3.6755571;3.8883965;3.700053;3.7214663
1439;2026-04-12;6.0;6;3.587742;3.637653;3.717876;3.5797715;3.5355308;3.532909;3.5370517;3.482013;3.628105;3.6660748;3.64808;3.6921353;3.6001334;3.6272583;3.5812058;3.5084999
1440;2026-04-13;8.0;6;4.4037313;4.4951057;4.4289813;4.426813;4.632016;4.6627226;4.3022685;4.6541047;4.3484645;4.435084;4.4119415;4.410545;4.429621;4.606602;4.3714013;4.590183
1441;2026-04-14;3.0;6;4.2685013;4.2347846;4.328984;4.055889;4.1412625;4.15181;4.693403;4.470303;4.283103;4.3655496;4.361136;4.29283;4.185427;4.247059;4.5172;4.4141445
1442;2026-04-15;11.0;6;4.585118;4.7142034;4.6331167;4.6218495;4.5301685;4.657916;4.5614076;4.4864645;4.541552;4.5747995;4.5595903;4.6717496;4.5029817;4.6053267;4.6062384;4.6096516
1443;2026-04-16;5.0;6;4.757823;4.735918;4.4297404;5.0540514;4.6324778;5.2098827;4.8179274;4.946341;4.6501603;4.5912924;4.6023664;5.021943;4.6729317;4.7780685;4.80061;4.8996277
