2026-04-17 02:05:23 [+] Total: 838 dias | Pendientes: 805
2026-04-17 02:05:30   [014/838] 2024-01-14  16 tweets
2026-04-17 02:05:37   [015/838] 2024-01-15  10 tweets
2026-04-17 02:05:43   [036/838] 2024-02-05  12 tweets
2026-04-17 02:05:49   [037/838] 2024-02-06  22 tweets
2026-04-17 02:05:55   [038/838] 2024-02-07  16 tweets
2026-04-17 02:06:01   [039/838] 2024-02-08  14 tweets
2026-04-17 02:06:07   [040/838] 2024-02-09  22 tweets
2026-04-17 02:06:07 [pausa 60s -- 798 dias pendientes]
2026-04-17 02:07:13   [041/838] 2024-02-10  6 tweets
2026-04-17 02:07:20   [042/838] 2024-02-11  2 tweets
2026-04-17 02:07:26   [043/838] 2024-02-12  1 tweets RATE_LIMIT?
2026-04-17 02:07:32   [044/838] 2024-02-13  0 tweets RATE_LIMIT?
2026-04-17 02:07:38   [probe] 0 tweets — RATE LIMIT CONFIRMADO
2026-04-17 02:07:38 [!] Revertidos: ['2024-02-12', '2024-02-13']
2026-04-17 02:07:38 [!] Actualiza cookies.json y vuelve a ejecutar para retomar.
2026-04-17 02:07:38 [+] Finalizado. Datos en: C:\Users\ptole\Desktop\Pitters-Git\emergency-oracle\scraper\scraped_data/
2026-04-17 02:12:25 [+] Total: 838 dias | Pendientes: 796
2026-04-17 02:12:31   [043/838] 2024-02-12  2 tweets
2026-04-17 02:12:43   [044/838] 2024-02-13  6 tweets
2026-04-17 02:13:01   [045/838] 2024-02-14  6 tweets
2026-04-17 02:13:13   [046/838] 2024-02-15  8 tweets
2026-04-17 02:13:30   [047/838] 2024-02-16  14 tweets
2026-04-17 02:13:46   [048/838] 2024-02-17  4 tweets
2026-04-17 02:14:01   [049/838] 2024-02-18  8 tweets
2026-04-17 02:14:12 [pausa 60s -- 789 dias pendientes]
2026-04-17 02:15:19   [050/838] 2024-02-19  8 tweets
2026-04-17 02:15:36   [051/838] 2024-02-20  4 tweets
2026-04-17 02:15:54   [052/838] 2024-02-21  8 tweets
2026-04-17 02:16:14   [053/838] 2024-02-22  6 tweets
2026-04-17 02:16:28   [054/838] 2024-02-23  2 tweets
2026-04-17 02:16:41   [055/838] 2024-02-24  8 tweets
2026-04-17 02:16:54   [056/838] 2024-02-25  4 tweets
2026-04-17 02:17:02 [pausa 60s -- 782 dias pendientes]
2026-04-17 02:18:08   [057/838] 2024-02-26  8 tweets
2026-04-17 02:18:26   [058/838] 2024-02-27  6 tweets
2026-04-17 02:18:45   [059/838] 2024-02-28  14 tweets
2026-04-17 02:19:02   [060/838] 2024-02-29  8 tweets
2026-04-17 02:19:23   [061/838] 2024-03-01  14 tweets
2026-04-17 02:19:40   [062/838] 2024-03-02  10 tweets
2026-04-17 02:19:55   [063/838] 2024-03-03  0 tweets
2026-04-17 02:20:05 [pausa 60s -- 775 dias pendientes]
2026-04-17 02:21:11   [064/838] 2024-03-04  20 tweets
2026-04-17 02:21:25   [065/838] 2024-03-05  4 tweets
2026-04-17 02:21:41   [066/838] 2024-03-06  6 tweets
2026-04-17 02:21:53   [067/838] 2024-03-07  16 tweets
2026-04-17 02:22:13   [068/838] 2024-03-08  12 tweets RATE_LIMIT?
2026-04-17 02:22:28   [069/838] 2024-03-09  0 tweets RATE_LIMIT?
2026-04-17 02:22:34   [probe] 0 tweets — RATE LIMIT CONFIRMADO
2026-04-17 02:22:34 [!] Revertidos y CSVs eliminados: ['2024-03-08', '2024-03-09']
2026-04-17 02:22:34 [!] Actualiza cookies.json y vuelve a ejecutar para retomar.
2026-04-17 02:22:34 [+] Finalizado. Datos en: C:\Users\ptole\Desktop\Pitters-Git\emergency-oracle\scraper\scraped_data/
2026-04-17 02:24:35 [+] Total: 838 dias | Pendientes: 771
2026-04-17 02:24:42   [068/838] 2024-03-08  0 tweets RATE_LIMIT?
2026-04-17 02:24:49   [probe] 0 tweets — RATE LIMIT CONFIRMADO
2026-04-17 02:24:49 [!] Revertidos y CSVs eliminados: ['2024-03-08']
2026-04-17 02:24:49 [!] Actualiza cookies.json y vuelve a ejecutar para retomar.
2026-04-17 02:24:49 [+] Finalizado. Datos en: C:\Users\ptole\Desktop\Pitters-Git\emergency-oracle\scraper\scraped_data/
2026-04-17 02:26:35 [+] Total: 838 dias | Pendientes: 771
2026-04-17 02:26:42   [068/838] 2024-03-08  0 tweets RATE_LIMIT?
2026-04-17 02:26:48   [probe] 0 tweets — RATE LIMIT CONFIRMADO
2026-04-17 02:26:48 [!] Revertidos y CSVs eliminados: ['2024-03-08']
2026-04-17 02:26:48 [!] Actualiza cookies.json y vuelve a ejecutar para retomar.
2026-04-17 02:26:49 [+] Finalizado. Datos en: C:\Users\ptole\Desktop\Pitters-Git\emergency-oracle\scraper\scraped_data/
2026-04-17 02:31:37 [+] Total: 838 dias | Pendientes: 771
2026-04-17 02:31:44   [068/838] 2024-03-08  24 tweets
2026-04-17 02:32:01   [069/838] 2024-03-09  8 tweets
2026-04-17 02:32:42   [070/838] 2024-03-10  4 tweets
2026-04-17 02:33:17   [071/838] 2024-03-11  14 tweets
2026-04-17 02:34:00   [072/838] 2024-03-12  0 tweets
2026-04-17 02:34:23   [073/838] 2024-03-13  6 tweets
2026-04-17 02:34:42   [074/838] 2024-03-14  6 tweets
2026-04-17 02:35:16   [075/838] 2024-03-15  16 tweets
2026-04-17 02:35:38   [076/838] 2024-03-16  24 tweets
2026-04-17 02:35:59   [077/838] 2024-03-17  34 tweets
2026-04-17 02:36:22   [078/838] 2024-03-18  10 tweets
2026-04-17 02:37:04   [079/838] 2024-03-19  18 tweets
2026-04-17 02:37:35   [080/838] 2024-03-20  6 tweets
2026-04-17 02:38:26   [081/838] 2024-03-21  8 tweets
2026-04-17 02:38:51   [082/838] 2024-03-22  6 tweets
2026-04-17 02:39:38   [083/838] 2024-03-23  8 tweets
2026-04-17 02:39:55   [084/838] 2024-03-24  2 tweets
2026-04-17 02:40:26   [085/838] 2024-03-25  8 tweets
2026-04-17 02:40:51   [086/838] 2024-03-26  10 tweets
2026-04-17 02:41:01 [+] Total: 838 dias | Pendientes: 752
2026-04-17 02:41:08   [087/838] 2024-03-27  4 tweets
2026-04-17 02:41:57   [088/838] 2024-03-28  10 tweets
2026-04-17 02:42:41   [089/838] 2024-03-29  6 tweets
2026-04-17 02:42:55   [090/838] 2024-03-30  0 tweets RATE_LIMIT?
2026-04-17 02:43:01   [probe] 0 tweets — RATE LIMIT CONFIRMADO
2026-04-17 02:43:01 [!] Revertidos y CSVs eliminados: ['2024-03-29', '2024-03-30']
2026-04-17 02:43:01 [!] Rate limit confirmado — esperando 1 minuto y reintentando...
2026-04-17 02:44:01 [+] Total: 838 dias | Pendientes: 750
2026-04-17 02:44:07   [089/838] 2024-03-29  6 tweets
2026-04-17 02:44:24   [090/838] 2024-03-30  4 tweets
2026-04-17 02:44:51   [091/838] 2024-03-31  6 tweets
2026-04-17 02:45:39   [092/838] 2024-04-01  6 tweets
2026-04-17 02:46:18   [093/838] 2024-04-02  12 tweets
2026-04-17 02:46:46   [094/838] 2024-04-03  12 tweets
2026-04-17 02:47:24   [095/838] 2024-04-04  6 tweets
2026-04-17 02:47:36   [096/838] 2024-04-05  16 tweets
2026-04-17 02:48:19   [097/838] 2024-04-06  16 tweets
2026-04-17 02:48:44   [098/838] 2024-04-07  8 tweets
2026-04-17 02:49:32   [099/838] 2024-04-08  4 tweets
2026-04-17 02:49:51   [100/838] 2024-04-09  10 tweets
2026-04-17 02:50:27   [101/838] 2024-04-10  8 tweets
2026-04-17 02:51:15   [102/838] 2024-04-11  8 tweets
2026-04-17 02:51:32   [103/838] 2024-04-12  8 tweets
2026-04-17 02:51:57   [104/838] 2024-04-13  2 tweets
2026-04-17 02:52:44   [105/838] 2024-04-14  6 tweets
2026-04-17 02:53:31   [106/838] 2024-04-15  6 tweets
2026-04-17 02:53:48   [107/838] 2024-04-16  4 tweets
2026-04-17 02:54:25   [108/838] 2024-04-17  14 tweets
2026-04-17 02:55:02   [109/838] 2024-04-18  16 tweets
2026-04-17 02:55:36   [110/838] 2024-04-19  16 tweets
2026-04-17 02:56:23   [111/838] 2024-04-20  6 tweets
2026-04-17 02:56:43   [112/838] 2024-04-21  14 tweets
2026-04-17 02:56:56   [113/838] 2024-04-22  12 tweets
2026-04-17 02:57:14   [114/838] 2024-04-23  0 tweets RATE_LIMIT?
2026-04-17 02:57:19   [probe] 0 tweets — RATE LIMIT CONFIRMADO
2026-04-17 02:57:19 [!] Revertidos y CSVs eliminados: ['2024-04-22', '2024-04-23']
2026-04-17 02:57:19 [!] Rate limit confirmado — esperando 1 minuto y reintentando...
2026-04-17 02:58:20 [+] Total: 838 dias | Pendientes: 726
2026-04-17 02:58:26   [113/838] 2024-04-22  0 tweets RATE_LIMIT?
2026-04-17 02:58:33   [probe] 0 tweets — RATE LIMIT CONFIRMADO
2026-04-17 02:58:33 [!] Revertidos y CSVs eliminados: ['2024-04-22']
2026-04-17 02:58:33 [!] Rate limit confirmado — esperando 1 minuto y reintentando...
2026-04-17 02:59:33 [+] Total: 838 dias | Pendientes: 726
2026-04-17 02:59:39   [113/838] 2024-04-22  12 tweets
2026-04-17 03:00:20   [114/838] 2024-04-23  6 tweets
2026-04-17 03:00:34   [115/838] 2024-04-24  10 tweets
2026-04-17 03:01:08   [116/838] 2024-04-25  6 tweets
2026-04-17 03:01:29   [117/838] 2024-04-26  4 tweets
2026-04-17 03:02:01   [118/838] 2024-04-27  12 tweets
2026-04-17 03:02:46   [119/838] 2024-04-28  12 tweets
2026-04-17 03:03:13   [120/838] 2024-04-29  20 tweets
2026-04-17 03:03:57   [121/838] 2024-04-30  6 tweets
2026-04-17 03:04:11   [122/838] 2024-05-01  10 tweets
2026-04-17 03:04:49   [123/838] 2024-05-02  8 tweets
2026-04-17 03:05:37   [124/838] 2024-05-03  6 tweets
2026-04-17 03:06:19   [125/838] 2024-05-04  22 tweets
2026-04-17 03:07:04   [126/838] 2024-05-05  10 tweets
2026-04-17 03:07:38   [127/838] 2024-05-06  6 tweets
2026-04-17 03:08:07   [128/838] 2024-05-07  4 tweets
2026-04-17 03:08:36   [129/838] 2024-05-08  2 tweets
2026-04-17 03:09:21   [130/838] 2024-05-09  6 tweets
2026-04-17 03:10:06   [131/838] 2024-05-10  4 tweets
2026-04-17 03:10:23   [132/838] 2024-05-11  10 tweets
2026-04-17 03:11:01   [133/838] 2024-05-12  12 tweets
2026-04-17 03:11:22   [134/838] 2024-05-13  18 tweets
2026-04-17 03:11:59   [135/838] 2024-05-14  6 tweets
2026-04-17 03:12:20   [136/838] 2024-05-15  20 tweets
2026-04-17 03:13:08   [137/838] 2024-05-16  8 tweets
2026-04-17 03:13:24   [138/838] 2024-05-17  0 tweets RATE_LIMIT?
2026-04-17 03:13:30   [probe] 0 tweets — RATE LIMIT CONFIRMADO
2026-04-17 03:13:30 [!] Revertidos y CSVs eliminados: ['2024-05-16', '2024-05-17']
2026-04-17 03:13:30 [!] Rate limit confirmado — esperando 1 minuto y reintentando...
2026-04-17 03:14:30 [+] Total: 838 dias | Pendientes: 702
2026-04-17 03:14:36   [137/838] 2024-05-16  0 tweets RATE_LIMIT?
2026-04-17 03:14:43   [probe] 30 tweets — mes vacio normal
2026-04-17 03:15:02   [138/838] 2024-05-17  12 tweets
2026-04-17 03:15:46   [139/838] 2024-05-18  14 tweets
2026-04-17 03:16:13   [140/838] 2024-05-19  12 tweets
2026-04-17 03:16:52   [141/838] 2024-05-20  10 tweets
2026-04-17 03:17:29   [142/838] 2024-05-21  10 tweets
2026-04-17 03:18:10   [143/838] 2024-05-22  4 tweets
2026-04-17 03:18:28   [144/838] 2024-05-23  10 tweets
2026-04-17 03:18:47   [145/838] 2024-05-24  12 tweets
2026-04-17 03:19:20   [146/838] 2024-05-25  16 tweets
2026-04-17 03:20:10   [147/838] 2024-05-26  6 tweets
2026-04-17 03:20:41   [148/838] 2024-05-27  20 tweets
2026-04-17 03:21:18   [149/838] 2024-05-28  8 tweets
2026-04-17 03:21:33   [150/838] 2024-05-29  18 tweets
2026-04-17 03:22:07   [151/838] 2024-05-30  10 tweets
2026-04-17 03:22:49   [152/838] 2024-05-31  14 tweets
2026-04-17 03:23:31   [153/838] 2024-06-01  8 tweets
2026-04-17 03:23:52   [154/838] 2024-06-02  10 tweets
2026-04-17 03:24:25   [155/838] 2024-06-03  10 tweets
2026-04-17 03:24:37   [156/838] 2024-06-04  26 tweets
2026-04-17 03:25:20   [157/838] 2024-06-05  16 tweets
2026-04-17 03:26:10   [158/838] 2024-06-06  8 tweets
2026-04-17 03:26:47   [159/838] 2024-06-07  18 tweets
2026-04-17 03:27:27   [160/838] 2024-06-08  10 tweets
2026-04-17 03:27:44   [161/838] 2024-06-09  2 tweets
2026-04-17 03:28:33   [162/838] 2024-06-10  0 tweets RATE_LIMIT?
2026-04-17 03:28:39   [probe] 0 tweets — RATE LIMIT CONFIRMADO
2026-04-17 03:28:39 [!] Revertidos y CSVs eliminados: ['2024-06-09', '2024-06-10']
2026-04-17 03:28:39 [!] Rate limit confirmado — esperando 1 minuto y reintentando...
2026-04-17 03:29:39 [+] Total: 838 dias | Pendientes: 678
2026-04-17 03:29:46   [161/838] 2024-06-09  2 tweets
2026-04-17 03:30:07   [162/838] 2024-06-10  18 tweets
2026-04-17 03:30:24   [163/838] 2024-06-11  40 tweets
2026-04-17 03:30:48   [164/838] 2024-06-12  40 tweets
2026-04-17 03:31:29   [165/838] 2024-06-13  40 tweets
2026-04-17 03:31:44   [166/838] 2024-06-14  10 tweets
2026-04-17 03:32:20   [167/838] 2024-06-15  12 tweets
2026-04-17 03:32:49   [168/838] 2024-06-16  6 tweets
2026-04-17 03:33:20   [169/838] 2024-06-17  10 tweets
2026-04-17 03:34:05   [170/838] 2024-06-18  8 tweets
2026-04-17 03:34:19   [171/838] 2024-06-19  18 tweets
2026-04-17 03:34:38   [172/838] 2024-06-20  10 tweets
2026-04-17 03:35:24   [173/838] 2024-06-21  36 tweets
2026-04-17 03:36:09   [174/838] 2024-06-22  6 tweets
2026-04-17 03:36:23   [175/838] 2024-06-23  10 tweets
2026-04-17 03:36:39   [176/838] 2024-06-24  20 tweets
2026-04-17 03:37:24   [177/838] 2024-06-25  6 tweets
2026-04-17 03:38:14   [178/838] 2024-06-26  8 tweets
2026-04-17 03:38:48   [179/838] 2024-06-27  22 tweets
2026-04-17 03:39:25   [180/838] 2024-06-28  4 tweets
2026-04-17 03:39:58   [181/838] 2024-06-29  20 tweets
2026-04-17 03:40:45   [182/838] 2024-06-30  8 tweets
2026-04-17 03:41:02   [183/838] 2024-07-01  6 tweets
2026-04-17 03:41:32   [184/838] 2024-07-02  6 tweets
2026-04-17 03:42:05   [185/838] 2024-07-03  14 tweets
2026-04-17 03:42:24   [186/838] 2024-07-04  0 tweets RATE_LIMIT?
2026-04-17 03:42:30   [probe] 0 tweets — RATE LIMIT CONFIRMADO
2026-04-17 03:42:30 [!] Revertidos y CSVs eliminados: ['2024-07-03', '2024-07-04']
2026-04-17 03:42:30 [!] Rate limit confirmado — esperando 1 minuto y reintentando...
2026-04-17 03:43:30 [+] Total: 838 dias | Pendientes: 654
2026-04-17 03:43:37   [185/838] 2024-07-03  0 tweets RATE_LIMIT?
2026-04-17 03:43:43   [probe] 0 tweets — RATE LIMIT CONFIRMADO
2026-04-17 03:43:43 [!] Revertidos y CSVs eliminados: ['2024-07-03']
2026-04-17 03:43:43 [!] Rate limit confirmado — esperando 1 minuto y reintentando...
2026-04-17 03:44:43 [+] Total: 838 dias | Pendientes: 654
2026-04-17 03:44:50   [185/838] 2024-07-03  14 tweets
2026-04-17 03:45:04   [186/838] 2024-07-04  16 tweets
2026-04-17 03:45:48   [187/838] 2024-07-05  6 tweets
2026-04-17 03:46:16   [188/838] 2024-07-06  10 tweets
2026-04-17 03:46:36   [189/838] 2024-07-07  4 tweets
2026-04-17 03:46:59   [190/838] 2024-07-08  10 tweets
2026-04-17 03:47:43   [191/838] 2024-07-09  22 tweets
2026-04-17 03:48:28   [192/838] 2024-07-10  20 tweets
2026-04-17 03:48:55   [193/838] 2024-07-11  8 tweets
2026-04-17 03:49:07   [194/838] 2024-07-12  18 tweets
2026-04-17 03:49:32   [195/838] 2024-07-13  10 tweets
2026-04-17 03:50:04   [196/838] 2024-07-14  10 tweets
2026-04-17 03:50:21   [197/838] 2024-07-15  10 tweets
2026-04-17 03:51:11   [198/838] 2024-07-16  14 tweets
2026-04-17 03:51:45   [199/838] 2024-07-17  26 tweets
2026-04-17 03:52:12   [200/838] 2024-07-18  8 tweets
2026-04-17 03:52:26   [201/838] 2024-07-19  28 tweets
2026-04-17 03:53:00   [202/838] 2024-07-20  8 tweets
2026-04-17 03:53:30   [203/838] 2024-07-21  6 tweets
2026-04-17 03:54:05   [204/838] 2024-07-22  18 tweets
2026-04-17 03:54:55   [205/838] 2024-07-23  12 tweets
2026-04-17 03:55:24   [206/838] 2024-07-24  4 tweets
2026-04-17 03:55:48   [207/838] 2024-07-25  2 tweets
2026-04-17 03:56:36   [208/838] 2024-07-26  4 tweets
2026-04-17 03:57:02   [209/838] 2024-07-27  5 tweets RATE_LIMIT?
2026-04-17 03:57:26   [210/838] 2024-07-28  0 tweets RATE_LIMIT?
2026-04-17 03:57:32   [probe] 0 tweets — RATE LIMIT CONFIRMADO
2026-04-17 03:57:32 [!] Revertidos y CSVs eliminados: ['2024-07-27', '2024-07-28']
2026-04-17 03:57:32 [!] Rate limit confirmado — esperando 1 minuto y reintentando...
2026-04-17 03:58:32 [+] Total: 838 dias | Pendientes: 630
2026-04-17 03:58:38   [209/838] 2024-07-27  0 tweets RATE_LIMIT?
2026-04-17 03:58:45   [probe] 0 tweets — RATE LIMIT CONFIRMADO
2026-04-17 03:58:45 [!] Revertidos y CSVs eliminados: ['2024-07-27']
2026-04-17 03:58:45 [!] Rate limit confirmado — esperando 1 minuto y reintentando...
2026-04-17 03:59:45 [+] Total: 838 dias | Pendientes: 630
2026-04-17 03:59:52   [209/838] 2024-07-27  10 tweets
2026-04-17 04:00:35   [210/838] 2024-07-28  14 tweets
2026-04-17 04:00:54   [211/838] 2024-07-29  10 tweets
2026-04-17 04:01:09   [212/838] 2024-07-30  10 tweets
2026-04-17 04:01:28   [213/838] 2024-07-31  40 tweets
2026-04-17 04:02:08   [214/838] 2024-08-01  40 tweets
2026-04-17 04:02:26   [215/838] 2024-08-02  40 tweets
2026-04-17 04:03:06   [216/838] 2024-08-03  10 tweets
2026-04-17 04:03:19   [217/838] 2024-08-04  24 tweets
2026-04-17 04:04:00   [218/838] 2024-08-05  18 tweets
2026-04-17 04:04:25   [219/838] 2024-08-06  22 tweets
2026-04-17 04:04:44   [220/838] 2024-08-07  15 tweets
2026-04-17 04:05:33   [221/838] 2024-08-08  0 tweets
2026-04-17 04:05:54   [222/838] 2024-08-09  22 tweets
2026-04-17 04:06:26   [223/838] 2024-08-10  12 tweets
2026-04-17 04:06:44   [224/838] 2024-08-11  12 tweets
2026-04-17 04:07:33   [225/838] 2024-08-12  14 tweets
2026-04-17 04:08:10   [226/838] 2024-08-13  14 tweets
2026-04-17 04:08:40   [227/838] 2024-08-14  16 tweets
2026-04-17 04:09:11   [228/838] 2024-08-15  6 tweets
2026-04-17 04:09:49   [229/838] 2024-08-16  8 tweets
2026-04-17 04:10:20   [230/838] 2024-08-17  8 tweets
2026-04-17 04:11:01   [231/838] 2024-08-18  16 tweets
2026-04-17 04:11:16   [232/838] 2024-08-19  10 tweets
2026-04-17 04:11:35   [233/838] 2024-08-20  2 tweets
2026-04-17 04:12:13   [234/838] 2024-08-21  0 tweets RATE_LIMIT?
2026-04-17 04:12:19   [probe] 0 tweets — RATE LIMIT CONFIRMADO
2026-04-17 04:12:19 [!] Revertidos y CSVs eliminados: ['2024-08-20', '2024-08-21']
2026-04-17 04:12:19 [!] Rate limit confirmado — esperando 1 minuto y reintentando...
2026-04-17 04:13:19 [+] Total: 838 dias | Pendientes: 606
2026-04-17 04:13:25   [233/838] 2024-08-20  0 tweets RATE_LIMIT?
2026-04-17 04:13:32   [probe] 0 tweets — RATE LIMIT CONFIRMADO
2026-04-17 04:13:32 [!] Revertidos y CSVs eliminados: ['2024-08-20']
2026-04-17 04:13:32 [!] Rate limit confirmado — esperando 1 minuto y reintentando...
2026-04-17 04:14:32 [+] Total: 838 dias | Pendientes: 606
2026-04-17 04:14:38   [233/838] 2024-08-20  0 tweets RATE_LIMIT?
2026-04-17 04:14:45   [probe] 0 tweets — RATE LIMIT CONFIRMADO
2026-04-17 04:14:45 [!] Revertidos y CSVs eliminados: ['2024-08-20']
2026-04-17 04:14:45 [!] Rate limit confirmado — esperando 1 minuto y reintentando...
2026-04-17 04:15:45 [+] Total: 838 dias | Pendientes: 606
2026-04-17 04:15:51   [233/838] 2024-08-20  2 tweets
2026-04-17 04:16:12   [234/838] 2024-08-21  6 tweets
2026-04-17 04:16:43   [235/838] 2024-08-22  10 tweets
2026-04-17 04:16:56   [236/838] 2024-08-23  18 tweets
2026-04-17 04:17:09   [237/838] 2024-08-24  8 tweets
2026-04-17 04:17:45   [238/838] 2024-08-25  8 tweets
2026-04-17 04:18:11   [239/838] 2024-08-26  14 tweets
2026-04-17 04:18:51   [240/838] 2024-08-27  20 tweets
2026-04-17 04:19:21   [241/838] 2024-08-28  10 tweets
2026-04-17 04:19:41   [242/838] 2024-08-29  14 tweets
2026-04-17 04:20:24   [243/838] 2024-08-30  10 tweets
2026-04-17 04:21:07   [244/838] 2024-08-31  10 tweets
2026-04-17 04:21:49   [245/838] 2024-09-01  12 tweets
2026-04-17 04:22:18   [246/838] 2024-09-02  12 tweets
2026-04-17 04:22:58   [247/838] 2024-09-03  14 tweets
2026-04-17 04:23:37   [248/838] 2024-09-04  16 tweets
2026-04-17 04:24:14   [249/838] 2024-09-05  12 tweets
2026-04-17 04:24:34   [250/838] 2024-09-06  10 tweets
2026-04-17 04:24:45   [251/838] 2024-09-07  18 tweets
2026-04-17 04:25:14   [252/838] 2024-09-08  2 tweets
2026-04-17 04:25:39   [253/838] 2024-09-09  8 tweets
2026-04-17 04:25:54   [254/838] 2024-09-10  10 tweets
2026-04-17 04:26:38   [255/838] 2024-09-11  6 tweets
2026-04-17 04:27:21   [256/838] 2024-09-12  4 tweets
2026-04-17 04:28:01   [257/838] 2024-09-13  18 tweets
2026-04-17 04:28:52   [258/838] 2024-09-14  0 tweets RATE_LIMIT?
2026-04-17 04:28:58   [probe] 0 tweets — RATE LIMIT CONFIRMADO
2026-04-17 04:28:58 [!] Revertidos y CSVs eliminados: ['2024-09-13', '2024-09-14']
2026-04-17 04:28:58 [!] Rate limit confirmado — esperando 1 minuto y reintentando...
2026-04-17 04:29:58 [+] Total: 838 dias | Pendientes: 582
2026-04-17 04:30:05   [257/838] 2024-09-13  0 tweets RATE_LIMIT?
2026-04-17 04:30:11   [probe] 0 tweets — RATE LIMIT CONFIRMADO
2026-04-17 04:30:11 [!] Revertidos y CSVs eliminados: ['2024-09-13']
2026-04-17 04:30:11 [!] Rate limit confirmado — esperando 1 minuto y reintentando...
2026-04-17 04:31:11 [+] Total: 838 dias | Pendientes: 582
2026-04-17 04:31:18   [257/838] 2024-09-13  18 tweets
2026-04-17 04:31:39   [258/838] 2024-09-14  20 tweets
2026-04-17 04:32:24   [259/838] 2024-09-15  6 tweets
2026-04-17 04:32:52   [260/838] 2024-09-16  18 tweets
2026-04-17 04:33:15   [261/838] 2024-09-17  2 tweets
2026-04-17 04:33:38   [262/838] 2024-09-18  2 tweets
2026-04-17 04:34:24   [263/838] 2024-09-19  14 tweets
2026-04-17 04:34:41   [264/838] 2024-09-20  4 tweets
2026-04-17 04:35:31   [265/838] 2024-09-21  10 tweets
2026-04-17 04:36:06   [266/838] 2024-09-22  6 tweets
2026-04-17 04:36:55   [267/838] 2024-09-23  8 tweets
2026-04-17 04:37:38   [268/838] 2024-09-24  4 tweets
2026-04-17 04:38:05   [269/838] 2024-09-25  10 tweets
2026-04-17 04:38:55   [270/838] 2024-09-26  4 tweets
2026-04-17 04:39:15   [271/838] 2024-09-27  6 tweets
2026-04-17 04:40:05   [272/838] 2024-09-28  4 tweets
2026-04-17 04:40:42   [273/838] 2024-09-29  10 tweets
2026-04-17 04:40:55   [274/838] 2024-09-30  10 tweets
2026-04-17 04:41:44   [275/838] 2024-10-01  0 tweets
2026-04-17 04:42:25   [276/838] 2024-10-02  2 tweets
2026-04-17 04:42:48   [277/838] 2024-10-03  10 tweets
2026-04-17 04:43:27   [278/838] 2024-10-04  8 tweets
2026-04-17 04:44:08   [279/838] 2024-10-05  12 tweets
2026-04-17 04:44:33   [280/838] 2024-10-06  8 tweets
2026-04-17 04:45:05   [281/838] 2024-10-07  10 tweets
2026-04-17 04:45:21   [282/838] 2024-10-08  2 tweets RATE_LIMIT?
2026-04-17 04:45:58   [283/838] 2024-10-09  0 tweets RATE_LIMIT?
2026-04-17 04:46:04   [probe] 0 tweets — RATE LIMIT CONFIRMADO
2026-04-17 04:46:04 [!] Revertidos y CSVs eliminados: ['2024-10-08', '2024-10-09']
2026-04-17 04:46:04 [!] Rate limit confirmado — esperando 1 minuto y reintentando...
2026-04-17 04:47:04 [+] Total: 838 dias | Pendientes: 557
2026-04-17 04:47:11   [282/838] 2024-10-08  4 tweets
2026-04-17 04:47:49   [283/838] 2024-10-09  4 tweets
2026-04-17 04:48:30   [284/838] 2024-10-10  2 tweets
2026-04-17 04:48:48   [285/838] 2024-10-11  6 tweets
2026-04-17 04:49:17   [286/838] 2024-10-12  10 tweets
2026-04-17 04:49:55   [287/838] 2024-10-13  14 tweets
2026-04-17 04:50:34   [288/838] 2024-10-14  4 tweets
2026-04-17 04:51:22   [289/838] 2024-10-15  6 tweets
2026-04-17 04:51:36   [290/838] 2024-10-16  12 tweets
2026-04-17 04:52:08   [291/838] 2024-10-17  2 tweets
2026-04-17 04:52:40   [292/838] 2024-10-18  0 tweets
2026-04-17 04:53:05   [293/838] 2024-10-19  12 tweets
2026-04-17 04:53:51   [294/838] 2024-10-20  14 tweets
2026-04-17 04:54:05   [295/838] 2024-10-21  6 tweets
2026-04-17 04:54:16   [296/838] 2024-10-22  2 tweets
2026-04-17 04:54:56   [297/838] 2024-10-23  4 tweets
2026-04-17 04:55:45   [298/838] 2024-10-24  10 tweets
2026-04-17 04:56:36   [299/838] 2024-10-25  2 tweets
2026-04-17 04:57:04   [300/838] 2024-10-26  10 tweets
2026-04-17 04:57:31   [301/838] 2024-10-27  2 tweets
2026-04-17 04:57:59   [302/838] 2024-10-28  4 tweets
2026-04-17 04:58:43   [303/838] 2024-10-29  6 tweets
2026-04-17 04:58:57   [304/838] 2024-10-30  6 tweets
2026-04-17 04:59:21   [305/838] 2024-10-31  6 tweets
2026-04-17 04:59:57   [306/838] 2024-11-01  10 tweets
2026-04-17 05:00:20   [307/838] 2024-11-02  8 tweets RATE_LIMIT?
2026-04-17 05:01:09   [308/838] 2024-11-03  0 tweets RATE_LIMIT?
2026-04-17 05:01:15   [probe] 0 tweets — RATE LIMIT CONFIRMADO
2026-04-17 05:01:15 [!] Revertidos y CSVs eliminados: ['2024-11-02', '2024-11-03']
2026-04-17 05:01:15 [!] Rate limit confirmado — esperando 1 minuto y reintentando...
2026-04-17 05:02:15 [+] Total: 838 dias | Pendientes: 532
2026-04-17 05:02:21   [307/838] 2024-11-02  16 tweets
2026-04-17 05:03:02   [308/838] 2024-11-03  6 tweets
2026-04-17 05:03:35   [309/838] 2024-11-04  10 tweets
2026-04-17 05:04:10   [310/838] 2024-11-05  10 tweets
2026-04-17 05:04:53   [311/838] 2024-11-06  10 tweets
2026-04-17 05:05:09   [312/838] 2024-11-07  4 tweets
2026-04-17 05:05:26   [313/838] 2024-11-08  6 tweets
2026-04-17 05:06:17   [314/838] 2024-11-09  12 tweets
2026-04-17 05:06:58   [315/838] 2024-11-10  6 tweets
2026-04-17 05:07:38   [316/838] 2024-11-11  4 tweets
2026-04-17 05:08:18   [317/838] 2024-11-12  24 tweets
2026-04-17 05:08:33   [318/838] 2024-11-13  8 tweets
2026-04-17 05:08:44   [319/838] 2024-11-14  6 tweets
2026-04-17 05:09:26   [320/838] 2024-11-15  10 tweets
2026-04-17 05:10:12   [321/838] 2024-11-16  20 tweets
2026-04-17 05:10:51   [322/838] 2024-11-17  4 tweets
2026-04-17 05:11:31   [323/838] 2024-11-18  6 tweets
2026-04-17 05:12:10   [324/838] 2024-11-19  6 tweets
2026-04-17 05:12:53   [325/838] 2024-11-20  0 tweets
2026-04-17 05:13:09   [326/838] 2024-11-21  6 tweets
2026-04-17 05:13:49   [327/838] 2024-11-22  10 tweets
2026-04-17 05:14:18   [328/838] 2024-11-23  8 tweets
2026-04-17 05:14:35   [329/838] 2024-11-24  10 tweets
2026-04-17 05:15:03   [330/838] 2024-11-25  18 tweets
2026-04-17 05:15:15   [331/838] 2024-11-26  16 tweets
2026-04-17 05:15:53   [332/838] 2024-11-27  4 tweets RATE_LIMIT?
2026-04-17 05:16:37   [333/838] 2024-11-28  0 tweets RATE_LIMIT?
2026-04-17 05:16:43   [probe] 0 tweets — RATE LIMIT CONFIRMADO
2026-04-17 05:16:43 [!] Revertidos y CSVs eliminados: ['2024-11-27', '2024-11-28']
2026-04-17 05:16:43 [!] Rate limit confirmado — esperando 1 minuto y reintentando...
2026-04-17 05:17:43 [+] Total: 838 dias | Pendientes: 507
2026-04-17 05:17:50   [332/838] 2024-11-27  8 tweets
2026-04-17 05:18:33   [333/838] 2024-11-28  12 tweets
2026-04-17 05:19:06   [334/838] 2024-11-29  10 tweets
2026-04-17 05:19:24   [335/838] 2024-11-30  12 tweets
2026-04-17 05:20:06   [336/838] 2024-12-01  8 tweets
2026-04-17 05:20:18   [337/838] 2024-12-02  24 tweets
2026-04-17 05:20:39   [338/838] 2024-12-03  12 tweets
2026-04-17 05:21:25   [339/838] 2024-12-04  4 tweets
2026-04-17 05:21:44   [340/838] 2024-12-05  6 tweets
2026-04-17 05:22:30   [341/838] 2024-12-06  8 tweets
2026-04-17 05:22:58   [342/838] 2024-12-07  8 tweets
2026-04-17 05:23:18   [343/838] 2024-12-08  12 tweets
2026-04-17 05:23:51   [344/838] 2024-12-09  10 tweets
2026-04-17 05:24:21   [345/838] 2024-12-10  10 tweets
2026-04-17 05:24:56   [346/838] 2024-12-11  14 tweets
2026-04-17 05:25:28   [347/838] 2024-12-12  8 tweets
2026-04-17 05:26:05   [348/838] 2024-12-13  16 tweets
2026-04-17 05:26:41   [349/838] 2024-12-14  22 tweets
2026-04-17 05:27:11   [350/838] 2024-12-15  5 tweets
2026-04-17 05:27:47   [351/838] 2024-12-16  8 tweets
2026-04-17 05:28:17   [352/838] 2024-12-17  8 tweets
2026-04-17 05:28:57   [353/838] 2024-12-18  10 tweets
2026-04-17 05:29:31   [354/838] 2024-12-19  6 tweets
2026-04-17 05:29:54   [355/838] 2024-12-20  22 tweets
2026-04-17 05:30:33   [356/838] 2024-12-21  18 tweets
2026-04-17 05:30:52   [357/838] 2024-12-22  0 tweets RATE_LIMIT?
2026-04-17 05:30:58   [probe] 0 tweets — RATE LIMIT CONFIRMADO
2026-04-17 05:30:58 [!] Revertidos y CSVs eliminados: ['2024-12-21', '2024-12-22']
2026-04-17 05:30:58 [!] Rate limit confirmado — esperando 1 minuto y reintentando...
2026-04-17 05:31:58 [+] Total: 838 dias | Pendientes: 483
2026-04-17 05:32:04   [356/838] 2024-12-21  0 tweets RATE_LIMIT?
2026-04-17 05:32:11   [probe] 0 tweets — RATE LIMIT CONFIRMADO
2026-04-17 05:32:11 [!] Revertidos y CSVs eliminados: ['2024-12-21']
2026-04-17 05:32:11 [!] Rate limit confirmado — esperando 1 minuto y reintentando...
2026-04-17 05:33:11 [+] Total: 838 dias | Pendientes: 483
2026-04-17 05:33:18   [356/838] 2024-12-21  18 tweets
2026-04-17 05:33:33   [357/838] 2024-12-22  10 tweets
2026-04-17 05:34:13   [358/838] 2024-12-23  18 tweets
2026-04-17 05:34:30   [359/838] 2024-12-24  18 tweets
2026-04-17 05:35:05   [360/838] 2024-12-25  12 tweets
2026-04-17 05:35:42   [361/838] 2024-12-26  8 tweets
2026-04-17 05:36:08   [362/838] 2024-12-27  12 tweets
2026-04-17 05:36:23   [363/838] 2024-12-28  2 tweets
2026-04-17 05:36:57   [364/838] 2024-12-29  12 tweets
2026-04-17 05:37:36   [365/838] 2024-12-30  28 tweets
2026-04-17 05:38:06   [366/838] 2024-12-31  22 tweets
2026-04-17 05:38:30   [367/838] 2025-01-01  14 tweets
2026-04-17 05:39:01   [368/838] 2025-01-02  6 tweets
2026-04-17 05:39:25   [369/838] 2025-01-03  22 tweets
2026-04-17 05:39:57   [370/838] 2025-01-04  6 tweets
2026-04-17 05:40:19   [371/838] 2025-01-05  16 tweets
2026-04-17 05:40:58   [372/838] 2025-01-06  14 tweets
2026-04-17 05:41:29   [373/838] 2025-01-07  14 tweets
2026-04-17 05:41:48   [374/838] 2025-01-08  14 tweets
2026-04-17 05:42:32   [375/838] 2025-01-09  6 tweets
2026-04-17 05:43:17   [376/838] 2025-01-10  8 tweets
2026-04-17 05:44:08   [377/838] 2025-01-11  18 tweets
2026-04-17 05:44:41   [378/838] 2025-01-12  8 tweets
2026-04-17 05:44:59   [379/838] 2025-01-13  12 tweets
2026-04-17 05:45:23   [380/838] 2025-01-14  18 tweets
2026-04-17 05:45:56   [381/838] 2025-01-15  0 tweets RATE_LIMIT?
2026-04-17 05:46:02   [probe] 0 tweets — RATE LIMIT CONFIRMADO
2026-04-17 05:46:02 [!] Revertidos y CSVs eliminados: ['2025-01-14', '2025-01-15']
2026-04-17 05:46:02 [!] Rate limit confirmado — esperando 1 minuto y reintentando...
2026-04-17 05:47:02 [+] Total: 838 dias | Pendientes: 459
2026-04-17 05:47:08   [380/838] 2025-01-14  0 tweets RATE_LIMIT?
2026-04-17 05:47:15   [probe] 0 tweets — RATE LIMIT CONFIRMADO
2026-04-17 05:47:15 [!] Revertidos y CSVs eliminados: ['2025-01-14']
2026-04-17 05:47:15 [!] Rate limit confirmado — esperando 1 minuto y reintentando...
2026-04-17 05:48:15 [+] Total: 838 dias | Pendientes: 459
2026-04-17 05:48:21   [380/838] 2025-01-14  18 tweets
2026-04-17 05:48:49   [381/838] 2025-01-15  8 tweets
2026-04-17 05:49:12   [382/838] 2025-01-16  10 tweets
2026-04-17 05:49:39   [383/838] 2025-01-17  10 tweets
2026-04-17 05:50:17   [384/838] 2025-01-18  16 tweets
2026-04-17 05:50:44   [385/838] 2025-01-19  6 tweets
2026-04-17 05:51:34   [386/838] 2025-01-20  14 tweets
2026-04-17 05:51:55   [387/838] 2025-01-21  18 tweets
2026-04-17 05:52:17   [388/838] 2025-01-22  8 tweets
2026-04-17 05:53:07   [389/838] 2025-01-23  4 tweets
2026-04-17 05:53:26   [390/838] 2025-01-24  6 tweets
2026-04-17 05:54:05   [391/838] 2025-01-25  20 tweets
2026-04-17 05:54:31   [392/838] 2025-01-26  8 tweets
2026-04-17 05:54:58   [393/838] 2025-01-27  6 tweets
2026-04-17 05:55:43   [394/838] 2025-01-28  14 tweets
2026-04-17 05:56:08   [395/838] 2025-01-29  8 tweets
2026-04-17 05:56:23   [396/838] 2025-01-30  8 tweets
2026-04-17 05:56:49   [397/838] 2025-01-31  4 tweets
2026-04-17 05:57:36   [398/838] 2025-02-01  14 tweets
2026-04-17 05:58:20   [399/838] 2025-02-02  20 tweets
2026-04-17 05:58:50   [400/838] 2025-02-03  10 tweets
2026-04-17 05:59:25   [401/838] 2025-02-04  8 tweets
2026-04-17 05:59:45   [402/838] 2025-02-05  22 tweets
2026-04-17 06:00:12   [403/838] 2025-02-06  2 tweets
2026-04-17 06:00:29   [404/838] 2025-02-07  18 tweets
2026-04-17 06:00:54   [405/838] 2025-02-08  0 tweets RATE_LIMIT?
2026-04-17 06:01:00   [probe] 0 tweets — RATE LIMIT CONFIRMADO
2026-04-17 06:01:00 [!] Revertidos y CSVs eliminados: ['2025-02-07', '2025-02-08']
2026-04-17 06:01:00 [!] Rate limit confirmado — esperando 1 minuto y reintentando...
2026-04-17 06:02:01 [+] Total: 838 dias | Pendientes: 435
2026-04-17 06:02:07   [404/838] 2025-02-07  0 tweets RATE_LIMIT?
2026-04-17 06:02:14   [probe] 0 tweets — RATE LIMIT CONFIRMADO
2026-04-17 06:02:14 [!] Revertidos y CSVs eliminados: ['2025-02-07']
2026-04-17 06:02:14 [!] Rate limit confirmado — esperando 1 minuto y reintentando...
2026-04-17 06:03:14 [+] Total: 838 dias | Pendientes: 435
2026-04-17 06:03:20   [404/838] 2025-02-07  0 tweets RATE_LIMIT?
2026-04-17 06:03:27   [probe] 30 tweets — mes vacio normal
2026-04-17 06:04:13   [405/838] 2025-02-08  18 tweets
2026-04-17 06:04:44   [406/838] 2025-02-09  38 tweets
2026-04-17 06:05:22   [407/838] 2025-02-10  2 tweets
2026-04-17 06:06:03   [408/838] 2025-02-11  6 tweets
2026-04-17 06:06:46   [409/838] 2025-02-12  6 tweets
2026-04-17 06:07:25   [410/838] 2025-02-13  8 tweets
2026-04-17 06:08:15   [411/838] 2025-02-14  24 tweets
2026-04-17 06:08:52   [412/838] 2025-02-15  14 tweets
2026-04-17 06:09:40   [413/838] 2025-02-16  12 tweets
2026-04-17 06:10:23   [414/838] 2025-02-17  6 tweets
2026-04-17 06:11:05   [415/838] 2025-02-18  10 tweets
2026-04-17 06:11:41   [416/838] 2025-02-19  6 tweets
2026-04-17 06:12:26   [417/838] 2025-02-20  6 tweets
2026-04-17 06:12:59   [418/838] 2025-02-21  4 tweets
2026-04-17 06:13:36   [419/838] 2025-02-22  8 tweets
2026-04-17 06:14:12   [420/838] 2025-02-23  4 tweets
2026-04-17 06:14:35   [421/838] 2025-02-24  15 tweets
2026-04-17 06:15:00   [422/838] 2025-02-25  18 tweets
2026-04-17 06:15:39   [423/838] 2025-02-26  12 tweets
2026-04-17 06:15:59   [424/838] 2025-02-27  28 tweets
2026-04-17 06:16:15   [425/838] 2025-02-28  22 tweets
2026-04-17 06:17:03   [426/838] 2025-03-01  8 tweets
2026-04-17 06:17:34   [427/838] 2025-03-02  12 tweets
2026-04-17 06:18:22   [428/838] 2025-03-03  4 tweets RATE_LIMIT?
2026-04-17 06:19:08   [429/838] 2025-03-04  14 tweets
2026-04-17 06:19:32   [430/838] 2025-03-05  10 tweets
2026-04-17 06:19:44   [431/838] 2025-03-06  18 tweets
2026-04-17 06:20:06   [432/838] 2025-03-07  12 tweets
2026-04-17 06:20:38   [433/838] 2025-03-08  8 tweets
2026-04-17 06:21:06   [434/838] 2025-03-09  12 tweets
2026-04-17 06:21:51   [435/838] 2025-03-10  26 tweets
2026-04-17 06:22:14   [436/838] 2025-03-11  18 tweets
2026-04-17 06:22:54   [437/838] 2025-03-12  14 tweets
2026-04-17 06:23:06   [438/838] 2025-03-13  8 tweets
2026-04-17 06:23:27   [439/838] 2025-03-14  16 tweets
2026-04-17 06:24:17   [440/838] 2025-03-15  6 tweets
2026-04-17 06:24:51   [441/838] 2025-03-16  16 tweets
2026-04-17 06:25:27   [442/838] 2025-03-17  14 tweets
2026-04-17 06:26:12   [443/838] 2025-03-18  24 tweets
2026-04-17 06:26:24   [444/838] 2025-03-19  16 tweets
2026-04-17 06:27:08   [445/838] 2025-03-20  12 tweets
2026-04-17 06:27:20   [446/838] 2025-03-21  8 tweets
2026-04-17 06:28:05   [447/838] 2025-03-22  14 tweets
2026-04-17 06:28:43   [448/838] 2025-03-23  20 tweets
2026-04-17 06:29:11   [449/838] 2025-03-24  32 tweets
2026-04-17 06:30:02   [450/838] 2025-03-25  20 tweets
2026-04-17 06:30:25   [451/838] 2025-03-26  20 tweets
2026-04-17 06:30:39   [452/838] 2025-03-27  12 tweets
2026-04-17 06:31:10   [453/838] 2025-03-28  10 tweets
2026-04-17 06:31:41   [454/838] 2025-03-29  0 tweets RATE_LIMIT?
2026-04-17 06:31:47   [probe] 0 tweets — RATE LIMIT CONFIRMADO
2026-04-17 06:31:47 [!] Revertidos y CSVs eliminados: ['2025-03-28', '2025-03-29']
2026-04-17 06:31:47 [!] Rate limit confirmado — esperando 1 minuto y reintentando...
2026-04-17 06:32:47 [+] Total: 838 dias | Pendientes: 386
2026-04-17 06:32:54   [453/838] 2025-03-28  0 tweets RATE_LIMIT?
2026-04-17 06:33:00   [probe] 0 tweets — RATE LIMIT CONFIRMADO
2026-04-17 06:33:00 [!] Revertidos y CSVs eliminados: ['2025-03-28']
2026-04-17 06:33:00 [!] Rate limit confirmado — esperando 1 minuto y reintentando...
2026-04-17 06:34:00 [+] Total: 838 dias | Pendientes: 386
2026-04-17 06:34:07   [453/838] 2025-03-28  0 tweets RATE_LIMIT?
2026-04-17 06:34:13   [probe] 30 tweets — mes vacio normal
2026-04-17 06:34:32   [454/838] 2025-03-29  12 tweets
2026-04-17 06:35:15   [455/838] 2025-03-30  12 tweets
2026-04-17 06:35:55   [456/838] 2025-03-31  6 tweets
2026-04-17 06:36:13   [457/838] 2025-04-01  4 tweets
2026-04-17 06:36:48   [458/838] 2025-04-02  6 tweets
2026-04-17 06:37:00   [459/838] 2025-04-03  10 tweets
2026-04-17 06:37:51   [460/838] 2025-04-04  2 tweets
2026-04-17 06:38:15   [461/838] 2025-04-05  14 tweets
2026-04-17 06:39:03   [462/838] 2025-04-06  16 tweets
2026-04-17 06:39:25   [463/838] 2025-04-07  14 tweets
2026-04-17 06:39:39   [464/838] 2025-04-08  6 tweets
2026-04-17 06:40:00   [465/838] 2025-04-09  12 tweets
2026-04-17 06:40:35   [466/838] 2025-04-10  4 tweets
2026-04-17 06:40:54   [467/838] 2025-04-11  12 tweets
2026-04-17 06:41:44   [468/838] 2025-04-12  8 tweets
2026-04-17 06:42:22   [469/838] 2025-04-13  6 tweets
2026-04-17 06:42:54   [470/838] 2025-04-14  8 tweets
2026-04-17 06:43:36   [471/838] 2025-04-15  2 tweets
2026-04-17 06:44:25   [472/838] 2025-04-16  14 tweets
2026-04-17 06:45:04   [473/838] 2025-04-17  6 tweets
2026-04-17 06:45:41   [474/838] 2025-04-18  14 tweets
2026-04-17 06:46:26   [475/838] 2025-04-19  2 tweets
2026-04-17 06:46:56   [476/838] 2025-04-20  6 tweets
2026-04-17 06:47:39   [477/838] 2025-04-21  10 tweets
2026-04-17 06:48:19   [478/838] 2025-04-22  0 tweets RATE_LIMIT?
2026-04-17 06:48:25   [probe] 0 tweets — RATE LIMIT CONFIRMADO
2026-04-17 06:48:25 [!] Revertidos y CSVs eliminados: ['2025-04-21', '2025-04-22']
2026-04-17 06:48:25 [!] Rate limit confirmado — esperando 1 minuto y reintentando...
2026-04-17 06:49:25 [+] Total: 838 dias | Pendientes: 362
2026-04-17 06:49:31   [477/838] 2025-04-21  10 tweets
2026-04-17 06:49:59   [478/838] 2025-04-22  10 tweets
2026-04-17 06:50:44   [479/838] 2025-04-23  8 tweets
2026-04-17 06:51:29   [480/838] 2025-04-24  4 tweets
2026-04-17 06:51:41   [481/838] 2025-04-25  24 tweets
2026-04-17 06:52:29   [482/838] 2025-04-26  12 tweets
2026-04-17 06:53:08   [483/838] 2025-04-27  12 tweets
2026-04-17 06:53:21   [484/838] 2025-04-28  6 tweets
2026-04-17 06:53:59   [485/838] 2025-04-29  4 tweets
2026-04-17 06:54:49   [486/838] 2025-04-30  8 tweets
2026-04-17 06:55:12   [487/838] 2025-05-01  12 tweets
2026-04-17 06:55:36   [488/838] 2025-05-02  6 tweets
2026-04-17 06:55:48   [489/838] 2025-05-03  10 tweets
2026-04-17 06:56:33   [490/838] 2025-05-04  12 tweets
2026-04-17 06:56:52   [491/838] 2025-05-05  10 tweets
2026-04-17 06:57:32   [492/838] 2025-05-06  10 tweets
2026-04-17 06:57:50   [493/838] 2025-05-07  4 tweets
2026-04-17 06:58:26   [494/838] 2025-05-08  18 tweets
2026-04-17 06:58:43   [495/838] 2025-05-09  18 tweets
2026-04-17 06:59:32   [496/838] 2025-05-10  4 tweets
2026-04-17 06:59:53   [497/838] 2025-05-11  12 tweets
2026-04-17 07:00:17   [498/838] 2025-05-12  10 tweets
2026-04-17 07:00:57   [499/838] 2025-05-13  12 tweets
2026-04-17 07:01:39   [500/838] 2025-05-14  12 tweets
2026-04-17 07:02:02   [501/838] 2025-05-15  2 tweets
2026-04-17 07:02:50   [502/838] 2025-05-16  0 tweets RATE_LIMIT?
2026-04-17 07:02:56   [probe] 0 tweets — RATE LIMIT CONFIRMADO
2026-04-17 07:02:56 [!] Revertidos y CSVs eliminados: ['2025-05-15', '2025-05-16']
2026-04-17 07:02:56 [!] Rate limit confirmado — esperando 1 minuto y reintentando...
2026-04-17 07:03:56 [+] Total: 838 dias | Pendientes: 338
2026-04-17 07:04:03   [501/838] 2025-05-15  0 tweets RATE_LIMIT?
2026-04-17 07:04:09   [probe] 0 tweets — RATE LIMIT CONFIRMADO
2026-04-17 07:04:09 [!] Revertidos y CSVs eliminados: ['2025-05-15']
2026-04-17 07:04:09 [!] Rate limit confirmado — esperando 1 minuto y reintentando...
2026-04-17 07:05:09 [+] Total: 838 dias | Pendientes: 338
2026-04-17 07:05:16   [501/838] 2025-05-15  2 tweets
2026-04-17 07:05:28   [502/838] 2025-05-16  4 tweets
2026-04-17 07:06:08   [503/838] 2025-05-17  12 tweets
2026-04-17 07:06:30   [504/838] 2025-05-18  10 tweets
2026-04-17 07:07:05   [505/838] 2025-05-19  8 tweets
2026-04-17 07:07:53   [506/838] 2025-05-20  8 tweets
2026-04-17 07:08:12   [507/838] 2025-05-21  6 tweets
2026-04-17 07:09:02   [508/838] 2025-05-22  12 tweets
2026-04-17 07:09:45   [509/838] 2025-05-23  10 tweets
2026-04-17 07:09:59   [510/838] 2025-05-24  2 tweets
2026-04-17 07:10:26   [511/838] 2025-05-25  4 tweets
2026-04-17 07:10:40   [512/838] 2025-05-26  20 tweets
2026-04-17 07:10:58   [513/838] 2025-05-27  14 tweets
2026-04-17 07:11:15   [514/838] 2025-05-28  8 tweets
2026-04-17 07:11:40   [515/838] 2025-05-29  12 tweets
2026-04-17 07:12:10   [516/838] 2025-05-30  8 tweets
2026-04-17 07:12:27   [517/838] 2025-05-31  18 tweets
2026-04-17 07:12:38   [518/838] 2025-06-01  10 tweets
2026-04-17 07:13:03   [519/838] 2025-06-02  4 tweets
2026-04-17 07:13:32   [520/838] 2025-06-03  10 tweets
2026-04-17 07:14:08   [521/838] 2025-06-04  8 tweets
2026-04-17 07:14:51   [522/838] 2025-06-05  4 tweets
2026-04-17 07:15:08   [523/838] 2025-06-06  10 tweets
2026-04-17 07:15:40   [524/838] 2025-06-07  2 tweets
2026-04-17 07:16:10   [525/838] 2025-06-08  14 tweets
2026-04-17 07:16:46   [526/838] 2025-06-09  0 tweets RATE_LIMIT?
2026-04-17 07:16:52   [probe] 0 tweets — RATE LIMIT CONFIRMADO
2026-04-17 07:16:52 [!] Revertidos y CSVs eliminados: ['2025-06-08', '2025-06-09']
2026-04-17 07:16:52 [!] Rate limit confirmado — esperando 1 minuto y reintentando...
2026-04-17 07:17:52 [+] Total: 838 dias | Pendientes: 314
2026-04-17 07:17:59   [525/838] 2025-06-08  0 tweets RATE_LIMIT?
2026-04-17 07:18:05   [probe] 0 tweets — RATE LIMIT CONFIRMADO
2026-04-17 07:18:05 [!] Revertidos y CSVs eliminados: ['2025-06-08']
2026-04-17 07:18:05 [!] Rate limit confirmado — esperando 1 minuto y reintentando...
2026-04-17 07:19:05 [+] Total: 838 dias | Pendientes: 314
2026-04-17 07:19:12   [525/838] 2025-06-08  0 tweets RATE_LIMIT?
2026-04-17 07:19:18   [probe] 0 tweets — RATE LIMIT CONFIRMADO
2026-04-17 07:19:18 [!] Revertidos y CSVs eliminados: ['2025-06-08']
2026-04-17 07:19:18 [!] Rate limit confirmado — esperando 1 minuto y reintentando...
2026-04-17 07:20:18 [+] Total: 838 dias | Pendientes: 314
2026-04-17 07:20:25   [525/838] 2025-06-08  14 tweets
2026-04-17 07:20:53   [526/838] 2025-06-09  14 tweets
2026-04-17 07:21:17   [527/838] 2025-06-10  14 tweets
2026-04-17 07:21:46   [528/838] 2025-06-11  12 tweets
2026-04-17 07:21:58   [529/838] 2025-06-12  26 tweets
2026-04-17 07:22:42   [530/838] 2025-06-13  8 tweets
2026-04-17 07:23:29   [531/838] 2025-06-14  32 tweets
2026-04-17 07:23:48   [532/838] 2025-06-15  40 tweets
2026-04-17 07:24:31   [533/838] 2025-06-16  14 tweets
2026-04-17 07:24:46   [534/838] 2025-06-17  16 tweets
2026-04-17 07:25:31   [535/838] 2025-06-18  8 tweets
2026-04-17 07:26:06   [536/838] 2025-06-19  20 tweets
2026-04-17 07:26:21   [537/838] 2025-06-20  16 tweets
2026-04-17 07:26:34   [538/838] 2025-06-21  12 tweets
2026-04-17 07:27:23   [539/838] 2025-06-22  8 tweets
2026-04-17 07:27:36   [540/838] 2025-06-23  16 tweets
2026-04-17 07:28:08   [541/838] 2025-06-24  6 tweets
2026-04-17 07:28:30   [542/838] 2025-06-25  12 tweets
2026-04-17 07:29:01   [543/838] 2025-06-26  14 tweets
2026-04-17 07:29:27   [544/838] 2025-06-27  10 tweets
2026-04-17 07:30:08   [545/838] 2025-06-28  4 tweets
2026-04-17 07:30:25   [546/838] 2025-06-29  12 tweets
2026-04-17 07:31:15   [547/838] 2025-06-30  10 tweets
2026-04-17 07:31:38   [548/838] 2025-07-01  12 tweets
2026-04-17 07:31:57   [549/838] 2025-07-02  12 tweets
2026-04-17 07:32:31   [550/838] 2025-07-03  0 tweets RATE_LIMIT?
2026-04-17 07:32:37   [probe] 0 tweets — RATE LIMIT CONFIRMADO
2026-04-17 07:32:37 [!] Revertidos y CSVs eliminados: ['2025-07-02', '2025-07-03']
2026-04-17 07:32:37 [!] Rate limit confirmado — esperando 1 minuto y reintentando...
2026-04-17 07:33:37 [+] Total: 838 dias | Pendientes: 290
2026-04-17 07:33:43   [549/838] 2025-07-02  0 tweets RATE_LIMIT?
2026-04-17 07:33:50   [probe] 0 tweets — RATE LIMIT CONFIRMADO
2026-04-17 07:33:50 [!] Revertidos y CSVs eliminados: ['2025-07-02']
2026-04-17 07:33:50 [!] Rate limit confirmado — esperando 1 minuto y reintentando...
2026-04-17 07:34:50 [+] Total: 838 dias | Pendientes: 290
2026-04-17 07:34:56   [549/838] 2025-07-02  0 tweets RATE_LIMIT?
2026-04-17 07:35:03   [probe] 0 tweets — RATE LIMIT CONFIRMADO
2026-04-17 07:35:03 [!] Revertidos y CSVs eliminados: ['2025-07-02']
2026-04-17 07:35:03 [!] Rate limit confirmado — esperando 1 minuto y reintentando...
2026-04-17 07:36:03 [+] Total: 838 dias | Pendientes: 290
2026-04-17 07:36:09   [549/838] 2025-07-02  12 tweets
2026-04-17 07:36:53   [550/838] 2025-07-03  8 tweets
2026-04-17 07:37:17   [551/838] 2025-07-04  18 tweets
2026-04-17 07:37:57   [552/838] 2025-07-05  6 tweets
2026-04-17 07:38:39   [553/838] 2025-07-06  8 tweets
2026-04-17 07:38:57   [554/838] 2025-07-07  4 tweets
2026-04-17 07:39:37   [555/838] 2025-07-08  10 tweets
2026-04-17 07:40:02   [556/838] 2025-07-09  14 tweets
2026-04-17 07:40:50   [557/838] 2025-07-10  0 tweets
2026-04-17 07:41:07   [558/838] 2025-07-11  18 tweets
2026-04-17 07:41:35   [559/838] 2025-07-12  16 tweets
2026-04-17 07:42:24   [560/838] 2025-07-13  12 tweets
2026-04-17 07:42:57   [561/838] 2025-07-14  14 tweets
2026-04-17 07:43:41   [562/838] 2025-07-15  6 tweets
2026-04-17 07:44:22   [563/838] 2025-07-16  14 tweets
2026-04-17 07:44:59   [564/838] 2025-07-17  15 tweets
2026-04-17 07:45:42   [565/838] 2025-07-18  10 tweets
2026-04-17 07:46:21   [566/838] 2025-07-19  0 tweets
2026-04-17 07:46:57   [567/838] 2025-07-20  4 tweets
2026-04-17 07:47:16   [568/838] 2025-07-21  22 tweets
2026-04-17 07:47:50   [569/838] 2025-07-22  8 tweets
2026-04-17 07:48:38   [570/838] 2025-07-23  14 tweets
2026-04-17 07:49:07   [571/838] 2025-07-24  18 tweets
2026-04-17 07:49:47   [572/838] 2025-07-25  14 tweets
2026-04-17 07:50:13   [573/838] 2025-07-26  10 tweets
2026-04-17 07:50:48   [574/838] 2025-07-27  2 tweets RATE_LIMIT?
2026-04-17 07:51:02   [575/838] 2025-07-28  0 tweets RATE_LIMIT?
2026-04-17 07:51:08   [probe] 0 tweets — RATE LIMIT CONFIRMADO
2026-04-17 07:51:08 [!] Revertidos y CSVs eliminados: ['2025-07-27', '2025-07-28']
2026-04-17 07:51:08 [!] Rate limit confirmado — esperando 1 minuto y reintentando...
2026-04-17 07:52:08 [+] Total: 838 dias | Pendientes: 265
2026-04-17 07:52:14   [574/838] 2025-07-27  4 tweets
2026-04-17 07:52:29   [575/838] 2025-07-28  20 tweets
2026-04-17 07:53:19   [576/838] 2025-07-29  6 tweets
2026-04-17 07:53:57   [577/838] 2025-07-30  10 tweets
2026-04-17 07:54:27   [578/838] 2025-07-31  12 tweets
2026-04-17 07:54:48   [579/838] 2025-08-01  12 tweets
2026-04-17 07:55:27   [580/838] 2025-08-02  4 tweets
2026-04-17 07:55:55   [581/838] 2025-08-03  12 tweets
2026-04-17 07:56:17   [582/838] 2025-08-04  6 tweets
2026-04-17 07:56:46   [583/838] 2025-08-05  8 tweets
2026-04-17 07:57:26   [584/838] 2025-08-06  12 tweets
2026-04-17 07:58:01   [585/838] 2025-08-07  2 tweets
2026-04-17 07:58:19   [586/838] 2025-08-08  10 tweets
2026-04-17 07:58:55   [587/838] 2025-08-09  6 tweets
2026-04-17 07:59:22   [588/838] 2025-08-10  2 tweets
2026-04-17 08:00:01   [589/838] 2025-08-11  0 tweets
2026-04-17 08:00:32   [590/838] 2025-08-12  10 tweets
2026-04-17 08:01:15   [591/838] 2025-08-13  6 tweets
2026-04-17 08:01:36   [592/838] 2025-08-14  6 tweets
2026-04-17 08:01:59   [593/838] 2025-08-15  4 tweets
2026-04-17 08:02:49   [594/838] 2025-08-16  6 tweets
2026-04-17 08:03:25   [595/838] 2025-08-17  2 tweets
2026-04-17 08:03:56   [596/838] 2025-08-18  2 tweets
2026-04-17 08:04:27   [597/838] 2025-08-19  10 tweets
2026-04-17 08:04:41   [598/838] 2025-08-20  1 tweets RATE_LIMIT?
2026-04-17 08:05:00   [599/838] 2025-08-21  0 tweets RATE_LIMIT?
2026-04-17 08:05:06   [probe] 0 tweets — RATE LIMIT CONFIRMADO
2026-04-17 08:05:06 [!] Revertidos y CSVs eliminados: ['2025-08-20', '2025-08-21']
2026-04-17 08:05:06 [!] Rate limit confirmado — esperando 1 minuto y reintentando...
2026-04-17 08:06:06 [+] Total: 838 dias | Pendientes: 241
2026-04-17 08:06:13   [598/838] 2025-08-20  0 tweets RATE_LIMIT?
2026-04-17 08:06:20   [probe] 0 tweets — RATE LIMIT CONFIRMADO
2026-04-17 08:06:20 [!] Revertidos y CSVs eliminados: ['2025-08-20']
2026-04-17 08:06:20 [!] Rate limit confirmado — esperando 1 minuto y reintentando...
2026-04-17 08:07:20 [+] Total: 838 dias | Pendientes: 241
2026-04-17 08:07:26   [598/838] 2025-08-20  2 tweets
2026-04-17 08:08:04   [599/838] 2025-08-21  10 tweets
2026-04-17 08:08:52   [600/838] 2025-08-22  12 tweets
2026-04-17 08:09:27   [601/838] 2025-08-23  14 tweets
2026-04-17 08:10:18   [602/838] 2025-08-24  2 tweets
2026-04-17 08:10:39   [603/838] 2025-08-25  12 tweets
2026-04-17 08:11:14   [604/838] 2025-08-26  12 tweets
2026-04-17 08:11:35   [605/838] 2025-08-27  12 tweets
2026-04-17 08:11:54   [606/838] 2025-08-28  4 tweets
2026-04-17 08:12:27   [607/838] 2025-08-29  4 tweets
2026-04-17 08:13:14   [608/838] 2025-08-30  6 tweets
2026-04-17 08:13:42   [609/838] 2025-08-31  12 tweets
2026-04-17 08:13:54   [610/838] 2025-09-01  4 tweets
2026-04-17 08:14:14   [611/838] 2025-09-02  6 tweets
2026-04-17 08:14:26   [612/838] 2025-09-03  12 tweets
2026-04-17 08:15:07   [613/838] 2025-09-04  10 tweets
2026-04-17 08:15:21   [614/838] 2025-09-05  2 tweets
2026-04-17 08:15:40   [615/838] 2025-09-06  14 tweets
2026-04-17 08:16:28   [616/838] 2025-09-07  8 tweets
2026-04-17 08:16:49   [617/838] 2025-09-08  0 tweets
2026-04-17 08:17:13   [618/838] 2025-09-09  12 tweets
2026-04-17 08:17:26   [619/838] 2025-09-10  20 tweets
2026-04-17 08:18:02   [620/838] 2025-09-11  4 tweets
2026-04-17 08:18:49   [621/838] 2025-09-12  8 tweets
2026-04-17 08:19:20   [622/838] 2025-09-13  0 tweets
2026-04-17 08:20:10   [623/838] 2025-09-14  6 tweets RATE_LIMIT?
2026-04-17 08:20:55   [624/838] 2025-09-15  0 tweets RATE_LIMIT?
2026-04-17 08:21:01   [probe] 0 tweets — RATE LIMIT CONFIRMADO
2026-04-17 08:21:01 [!] Revertidos y CSVs eliminados: ['2025-09-14', '2025-09-15']
2026-04-17 08:21:01 [!] Rate limit confirmado — esperando 1 minuto y reintentando...
2026-04-17 08:22:01 [+] Total: 838 dias | Pendientes: 216
2026-04-17 08:22:09   [623/838] 2025-09-14  0 tweets RATE_LIMIT?
2026-04-17 08:22:16   [probe] 0 tweets — RATE LIMIT CONFIRMADO
2026-04-17 08:22:16 [!] Revertidos y CSVs eliminados: ['2025-09-14']
2026-04-17 08:22:16 [!] Rate limit confirmado — esperando 1 minuto y reintentando...
2026-04-17 08:23:16 [+] Total: 838 dias | Pendientes: 216
2026-04-17 08:23:22   [623/838] 2025-09-14  12 tweets
2026-04-17 08:24:00   [624/838] 2025-09-15  26 tweets
2026-04-17 08:24:23   [625/838] 2025-09-16  20 tweets
2026-04-17 08:25:07   [626/838] 2025-09-17  2 tweets
2026-04-17 08:25:28   [627/838] 2025-09-18  4 tweets
2026-04-17 08:25:46   [628/838] 2025-09-19  14 tweets
2026-04-17 08:26:08   [629/838] 2025-09-20  12 tweets
2026-04-17 08:26:43   [630/838] 2025-09-21  2 tweets
2026-04-17 08:27:25   [631/838] 2025-09-22  12 tweets
2026-04-17 08:27:42   [632/838] 2025-09-23  16 tweets
2026-04-17 08:28:14   [633/838] 2025-09-24  2 tweets
2026-04-17 08:28:44   [634/838] 2025-09-25  0 tweets
2026-04-17 08:29:09   [635/838] 2025-09-26  6 tweets
2026-04-17 08:29:50   [636/838] 2025-09-27  10 tweets
2026-04-17 08:30:07   [637/838] 2025-09-28  8 tweets
2026-04-17 08:30:23   [638/838] 2025-09-29  2 tweets
2026-04-17 08:30:41   [639/838] 2025-09-30  2 tweets
2026-04-17 08:31:01   [640/838] 2025-10-01  12 tweets
2026-04-17 08:31:15   [641/838] 2025-10-02  6 tweets
2026-04-17 08:32:00   [642/838] 2025-10-03  6 tweets
2026-04-17 08:32:33   [643/838] 2025-10-04  4 tweets
2026-04-17 08:32:59   [644/838] 2025-10-05  8 tweets
2026-04-17 08:33:42   [645/838] 2025-10-06  6 tweets
2026-04-17 08:34:30   [646/838] 2025-10-07  2 tweets
2026-04-17 08:35:17   [647/838] 2025-10-08  12 tweets
2026-04-17 08:35:57   [648/838] 2025-10-09  0 tweets RATE_LIMIT?
2026-04-17 08:36:03   [probe] 0 tweets — RATE LIMIT CONFIRMADO
2026-04-17 08:36:03 [!] Revertidos y CSVs eliminados: ['2025-10-08', '2025-10-09']
2026-04-17 08:36:03 [!] Rate limit confirmado — esperando 1 minuto y reintentando...
2026-04-17 08:37:03 [+] Total: 838 dias | Pendientes: 192
2026-04-17 08:37:10   [647/838] 2025-10-08  0 tweets RATE_LIMIT?
2026-04-17 08:37:17   [probe] 0 tweets — RATE LIMIT CONFIRMADO
2026-04-17 08:37:17 [!] Revertidos y CSVs eliminados: ['2025-10-08']
2026-04-17 08:37:17 [!] Rate limit confirmado — esperando 1 minuto y reintentando...
2026-04-17 08:38:17 [+] Total: 838 dias | Pendientes: 192
2026-04-17 08:38:23   [647/838] 2025-10-08  12 tweets
2026-04-17 08:38:52   [648/838] 2025-10-09  4 tweets
2026-04-17 08:39:11   [649/838] 2025-10-10  2 tweets
2026-04-17 08:39:43   [650/838] 2025-10-11  8 tweets
2026-04-17 08:40:02   [651/838] 2025-10-12  2 tweets
2026-04-17 08:40:38   [652/838] 2025-10-13  12 tweets
2026-04-17 08:41:22   [653/838] 2025-10-14  4 tweets
2026-04-17 08:42:10   [654/838] 2025-10-15  6 tweets
2026-04-17 08:42:39   [655/838] 2025-10-16  14 tweets
2026-04-17 08:43:19   [656/838] 2025-10-17  16 tweets
2026-04-17 08:43:47   [657/838] 2025-10-18  4 tweets
2026-04-17 08:44:07   [658/838] 2025-10-19  16 tweets
2026-04-17 08:44:30   [659/838] 2025-10-20  2 tweets
2026-04-17 08:45:02   [660/838] 2025-10-21  6 tweets
2026-04-17 08:45:29   [661/838] 2025-10-22  18 tweets
2026-04-17 08:45:45   [662/838] 2025-10-23  2 tweets
2026-04-17 08:46:33   [663/838] 2025-10-24  12 tweets
2026-04-17 08:47:15   [664/838] 2025-10-25  4 tweets
2026-04-17 08:47:53   [665/838] 2025-10-26  4 tweets
2026-04-17 08:48:33   [666/838] 2025-10-27  8 tweets
2026-04-17 08:49:21   [667/838] 2025-10-28  4 tweets
2026-04-17 08:49:47   [668/838] 2025-10-29  4 tweets
2026-04-17 08:50:17   [669/838] 2025-10-30  6 tweets
2026-04-17 08:50:49   [670/838] 2025-10-31  14 tweets
2026-04-17 08:51:21   [671/838] 2025-11-01  8 tweets
2026-04-17 08:52:07   [672/838] 2025-11-02  0 tweets RATE_LIMIT?
2026-04-17 08:52:13   [probe] 0 tweets — RATE LIMIT CONFIRMADO
2026-04-17 08:52:13 [!] Revertidos y CSVs eliminados: ['2025-11-01', '2025-11-02']
2026-04-17 08:52:13 [!] Rate limit confirmado — esperando 1 minuto y reintentando...
2026-04-17 08:53:13 [+] Total: 838 dias | Pendientes: 168
2026-04-17 08:53:20   [671/838] 2025-11-01  0 tweets RATE_LIMIT?
2026-04-17 08:53:26   [probe] 30 tweets — mes vacio normal
2026-04-17 08:53:55   [672/838] 2025-11-02  8 tweets
2026-04-17 08:54:12   [673/838] 2025-11-03  12 tweets
2026-04-17 08:54:41   [674/838] 2025-11-04  6 tweets
2026-04-17 08:55:27   [675/838] 2025-11-05  6 tweets
2026-04-17 08:56:07   [676/838] 2025-11-06  12 tweets
2026-04-17 08:56:32   [677/838] 2025-11-07  20 tweets
2026-04-17 08:57:11   [678/838] 2025-11-08  12 tweets
2026-04-17 08:57:43   [679/838] 2025-11-09  6 tweets
2026-04-17 08:57:56   [680/838] 2025-11-10  2 tweets
2026-04-17 08:58:21   [681/838] 2025-11-11  4 tweets
2026-04-17 08:58:34   [682/838] 2025-11-12  12 tweets
2026-04-17 08:58:50   [683/838] 2025-11-13  8 tweets
2026-04-17 08:59:07   [684/838] 2025-11-14  16 tweets
2026-04-17 08:59:26   [685/838] 2025-11-15  18 tweets
2026-04-17 09:00:11   [686/838] 2025-11-16  10 tweets
2026-04-17 09:00:29   [687/838] 2025-11-17  6 tweets
2026-04-17 09:00:41   [688/838] 2025-11-18  8 tweets
2026-04-17 09:01:30   [689/838] 2025-11-19 SIN_RESPUESTA — reiniciando, reintentando...
2026-04-17 09:01:52   [689/838] 2025-11-19  10 tweets
2026-04-17 09:02:16   [690/838] 2025-11-20  10 tweets
2026-04-17 09:02:49   [691/838] 2025-11-21  8 tweets
2026-04-17 09:03:11   [692/838] 2025-11-22  10 tweets
2026-04-17 09:03:41   [693/838] 2025-11-23  0 tweets
2026-04-17 09:04:19   [694/838] 2025-11-24  12 tweets
2026-04-17 09:05:07   [695/838] 2025-11-25  3 tweets RATE_LIMIT?
2026-04-17 09:05:28   [696/838] 2025-11-26  0 tweets RATE_LIMIT?
2026-04-17 09:05:34   [probe] 0 tweets — RATE LIMIT CONFIRMADO
2026-04-17 09:05:34 [!] Revertidos y CSVs eliminados: ['2025-11-25', '2025-11-26']
2026-04-17 09:05:34 [!] Rate limit confirmado — esperando 1 minuto y reintentando...
2026-04-17 09:06:34 [+] Total: 838 dias | Pendientes: 144
2026-04-17 09:06:40   [695/838] 2025-11-25  0 tweets RATE_LIMIT?
2026-04-17 09:06:47   [probe] 0 tweets — RATE LIMIT CONFIRMADO
2026-04-17 09:06:47 [!] Revertidos y CSVs eliminados: ['2025-11-25']
2026-04-17 09:06:47 [!] Rate limit confirmado — esperando 1 minuto y reintentando...
2026-04-17 09:07:47 [+] Total: 838 dias | Pendientes: 144
2026-04-17 09:07:53   [695/838] 2025-11-25  0 tweets RATE_LIMIT?
2026-04-17 09:08:00   [probe] 0 tweets — RATE LIMIT CONFIRMADO
2026-04-17 09:08:00 [!] Revertidos y CSVs eliminados: ['2025-11-25']
2026-04-17 09:08:00 [!] Rate limit confirmado — esperando 1 minuto y reintentando...
2026-04-17 09:09:00 [+] Total: 838 dias | Pendientes: 144
2026-04-17 09:09:07   [695/838] 2025-11-25  6 tweets
2026-04-17 09:09:40   [696/838] 2025-11-26  8 tweets
2026-04-17 09:10:01   [697/838] 2025-11-27  14 tweets
2026-04-17 09:10:33   [698/838] 2025-11-28  8 tweets
2026-04-17 09:10:59   [699/838] 2025-11-29  4 tweets
2026-04-17 09:11:38   [700/838] 2025-11-30  18 tweets
2026-04-17 09:11:51   [701/838] 2025-12-01  10 tweets
2026-04-17 09:12:09   [702/838] 2025-12-02  0 tweets
2026-04-17 09:12:34   [703/838] 2025-12-03  18 tweets
2026-04-17 09:12:55   [704/838] 2025-12-04  10 tweets
2026-04-17 09:13:21   [705/838] 2025-12-05  22 tweets
2026-04-17 09:13:47   [706/838] 2025-12-06  8 tweets
2026-04-17 09:14:04   [707/838] 2025-12-07  10 tweets
2026-04-17 09:14:16   [708/838] 2025-12-08  6 tweets
2026-04-17 09:14:34   [709/838] 2025-12-09  16 tweets
2026-04-17 09:14:52   [710/838] 2025-12-10  12 tweets
2026-04-17 09:15:35   [711/838] 2025-12-11  2 tweets
2026-04-17 09:15:50   [712/838] 2025-12-12  14 tweets
2026-04-17 09:16:39   [713/838] 2025-12-13  14 tweets
2026-04-17 09:16:56   [714/838] 2025-12-14  12 tweets
2026-04-17 09:17:31   [715/838] 2025-12-15  2 tweets
2026-04-17 09:18:03   [716/838] 2025-12-16  16 tweets
2026-04-17 09:18:32   [717/838] 2025-12-17  6 tweets
2026-04-17 09:19:23   [718/838] 2025-12-18  12 tweets
2026-04-17 09:19:39   [719/838] 2025-12-19  6 tweets
2026-04-17 09:20:28   [720/838] 2025-12-20  4 tweets RATE_LIMIT?
2026-04-17 09:21:05   [721/838] 2025-12-21  0 tweets RATE_LIMIT?
2026-04-17 09:21:11   [probe] 0 tweets — RATE LIMIT CONFIRMADO
2026-04-17 09:21:11 [!] Revertidos y CSVs eliminados: ['2025-12-20', '2025-12-21']
2026-04-17 09:21:11 [!] Rate limit confirmado — esperando 1 minuto y reintentando...
2026-04-17 09:22:11 [+] Total: 838 dias | Pendientes: 119
2026-04-17 09:22:18   [720/838] 2025-12-20  0 tweets RATE_LIMIT?
2026-04-17 09:22:25   [probe] 0 tweets — RATE LIMIT CONFIRMADO
2026-04-17 09:22:25 [!] Revertidos y CSVs eliminados: ['2025-12-20']
2026-04-17 09:22:25 [!] Rate limit confirmado — esperando 1 minuto y reintentando...
2026-04-17 09:23:25 [+] Total: 838 dias | Pendientes: 119
2026-04-17 09:23:31   [720/838] 2025-12-20  0 tweets RATE_LIMIT?
2026-04-17 09:23:38   [probe] 0 tweets — RATE LIMIT CONFIRMADO
2026-04-17 09:23:38 [!] Revertidos y CSVs eliminados: ['2025-12-20']
2026-04-17 09:23:38 [!] Rate limit confirmado — esperando 1 minuto y reintentando...
2026-04-17 09:24:38 [+] Total: 838 dias | Pendientes: 119
2026-04-17 09:24:46   [720/838] 2025-12-20  12 tweets
2026-04-17 09:24:59   [721/838] 2025-12-21  12 tweets
2026-04-17 09:25:41   [722/838] 2025-12-22  6 tweets
2026-04-17 09:26:08   [723/838] 2025-12-23  18 tweets
2026-04-17 09:26:38   [724/838] 2025-12-24  18 tweets
2026-04-17 09:27:13   [725/838] 2025-12-25  2 tweets
2026-04-17 09:27:49   [726/838] 2025-12-26  20 tweets
2026-04-17 09:28:40   [727/838] 2025-12-27  10 tweets
2026-04-17 09:29:12   [728/838] 2025-12-28  16 tweets
2026-04-17 09:29:31   [729/838] 2025-12-29  12 tweets
2026-04-17 09:30:10   [730/838] 2025-12-30  6 tweets
2026-04-17 09:30:40   [731/838] 2025-12-31  2 tweets
2026-04-17 09:30:59   [732/838] 2026-01-01  18 tweets
2026-04-17 09:31:27   [733/838] 2026-01-02  6 tweets
2026-04-17 09:32:09   [734/838] 2026-01-03  0 tweets
2026-04-17 09:32:46   [735/838] 2026-01-04  14 tweets
2026-04-17 09:33:12   [736/838] 2026-01-05  12 tweets
2026-04-17 09:33:51   [737/838] 2026-01-06  6 tweets
2026-04-17 09:34:21   [738/838] 2026-01-07  2 tweets
2026-04-17 09:34:53   [739/838] 2026-01-08  10 tweets
2026-04-17 09:35:39   [740/838] 2026-01-09  12 tweets
2026-04-17 09:35:57   [741/838] 2026-01-10  4 tweets
2026-04-17 09:36:17   [742/838] 2026-01-11  8 tweets
2026-04-17 09:36:46   [743/838] 2026-01-12  6 tweets
2026-04-17 09:37:04   [744/838] 2026-01-13  4 tweets
2026-04-17 09:37:47   [745/838] 2026-01-14  0 tweets RATE_LIMIT?
2026-04-17 09:37:53   [probe] 0 tweets — RATE LIMIT CONFIRMADO
2026-04-17 09:37:53 [!] Revertidos y CSVs eliminados: ['2026-01-13', '2026-01-14']
2026-04-17 09:37:53 [!] Rate limit confirmado — esperando 1 minuto y reintentando...
2026-04-17 09:38:53 [+] Total: 838 dias | Pendientes: 95
2026-04-17 09:39:00   [744/838] 2026-01-13  0 tweets RATE_LIMIT?
2026-04-17 09:39:06   [probe] 0 tweets — RATE LIMIT CONFIRMADO
2026-04-17 09:39:06 [!] Revertidos y CSVs eliminados: ['2026-01-13']
2026-04-17 09:39:06 [!] Rate limit confirmado — esperando 1 minuto y reintentando...
2026-04-17 09:40:06 [+] Total: 838 dias | Pendientes: 95
2026-04-17 09:40:13   [744/838] 2026-01-13  4 tweets
2026-04-17 09:40:45   [745/838] 2026-01-14  8 tweets
2026-04-17 09:41:06   [746/838] 2026-01-15  18 tweets
2026-04-17 09:41:43   [747/838] 2026-01-16  12 tweets
2026-04-17 09:41:54   [748/838] 2026-01-17  22 tweets
2026-04-17 09:42:10   [749/838] 2026-01-18  20 tweets
2026-04-17 09:42:43   [750/838] 2026-01-19  12 tweets
2026-04-17 09:42:56   [751/838] 2026-01-20  12 tweets
2026-04-17 09:43:12   [752/838] 2026-01-21  30 tweets
2026-04-17 09:43:38   [753/838] 2026-01-22  14 tweets
2026-04-17 09:44:12   [754/838] 2026-01-23  8 tweets
2026-04-17 09:47:25 [+] Total: 5951 dias | Pendientes: 5197
2026-04-17 09:47:32   [5951/5951] 2026-04-17  1 tweets
2026-04-17 09:48:23   [5950/5951] 2026-04-16  5 tweets
2026-04-17 09:48:51   [5949/5951] 2026-04-15  12 tweets
2026-04-17 09:49:25   [5948/5951] 2026-04-14  2 tweets
2026-04-17 09:50:03   [5947/5951] 2026-04-13  11 tweets
2026-04-17 09:50:50   [5946/5951] 2026-04-12  5 tweets
2026-04-17 09:51:38   [5945/5951] 2026-04-11  1 tweets
2026-04-17 09:52:03   [5944/5951] 2026-04-10  6 tweets
2026-04-17 09:52:19   [5943/5951] 2026-04-09  4 tweets
2026-04-17 09:52:55   [5942/5951] 2026-04-08  20 tweets
2026-04-17 09:53:16   [5941/5951] 2026-04-07  0 tweets RATE_LIMIT?
2026-04-17 09:53:22   [probe] 0 tweets — RATE LIMIT CONFIRMADO
2026-04-17 09:53:22 [!] Revertidos y CSVs eliminados: ['2026-04-08', '2026-04-07']
2026-04-17 09:53:22 [!] Rate limit confirmado — esperando 1 minuto y reintentando...
2026-04-17 09:54:22 [+] Total: 5951 dias | Pendientes: 5188
2026-04-17 09:54:28   [5942/5951] 2026-04-08  0 tweets RATE_LIMIT?
2026-04-17 09:54:35   [probe] 0 tweets — RATE LIMIT CONFIRMADO
2026-04-17 09:54:35 [!] Revertidos y CSVs eliminados: ['2026-04-08']
2026-04-17 09:54:35 [!] Rate limit confirmado — esperando 1 minuto y reintentando...
2026-04-17 09:55:35 [+] Total: 5951 dias | Pendientes: 5188
2026-04-17 09:55:42   [5942/5951] 2026-04-08  20 tweets
2026-04-17 09:55:59   [5941/5951] 2026-04-07  6 tweets
2026-04-17 09:56:44   [5940/5951] 2026-04-06  6 tweets
2026-04-17 09:57:11   [5939/5951] 2026-04-05  10 tweets
2026-04-17 09:57:48   [5938/5951] 2026-04-04  6 tweets
2026-04-17 09:58:16   [5937/5951] 2026-04-03  6 tweets
2026-04-17 09:58:30   [5936/5951] 2026-04-02  16 tweets
2026-04-17 09:58:55   [5935/5951] 2026-04-01  10 tweets
2026-04-17 09:59:30   [5934/5951] 2026-03-31  2 tweets
2026-04-17 10:00:05   [5933/5951] 2026-03-30  4 tweets
2026-04-17 10:00:49   [5932/5951] 2026-03-29  4 tweets
2026-04-17 10:01:22   [5931/5951] 2026-03-28  4 tweets
2026-04-17 10:02:08   [5930/5951] 2026-03-27  6 tweets
2026-04-17 10:02:31   [5929/5951] 2026-03-26  4 tweets
2026-04-17 10:03:15   [5928/5951] 2026-03-25  12 tweets
2026-04-17 10:03:44   [5927/5951] 2026-03-24  14 tweets
2026-04-17 10:04:13   [5926/5951] 2026-03-23  8 tweets
2026-04-17 10:04:32   [5925/5951] 2026-03-22  16 tweets
2026-04-17 10:04:44   [5924/5951] 2026-03-21  0 tweets
2026-04-17 10:05:30   [5923/5951] 2026-03-20  2 tweets
2026-04-17 10:05:59   [5922/5951] 2026-03-19  6 tweets
2026-04-17 10:06:22   [5921/5951] 2026-03-18  6 tweets
2026-04-17 10:06:37   [5920/5951] 2026-03-17  0 tweets
2026-04-17 10:07:24   [5919/5951] 2026-03-16  10 tweets
2026-04-17 10:07:54   [5918/5951] 2026-03-15  30 tweets
2026-04-17 10:08:32   [5917/5951] 2026-03-14  2 tweets
2026-04-17 10:08:53   [5916/5951] 2026-03-13  0 tweets RATE_LIMIT?
2026-04-17 10:08:59   [probe] 0 tweets — RATE LIMIT CONFIRMADO
2026-04-17 10:08:59 [!] Revertidos y CSVs eliminados: ['2026-03-14', '2026-03-13']
2026-04-17 10:08:59 [!] Rate limit confirmado — esperando 1 minuto y reintentando...
2026-04-17 10:09:59 [+] Total: 5951 dias | Pendientes: 5163
2026-04-17 10:10:06   [5917/5951] 2026-03-14  0 tweets RATE_LIMIT?
2026-04-17 10:10:13   [probe] 0 tweets — RATE LIMIT CONFIRMADO
2026-04-17 10:10:13 [!] Revertidos y CSVs eliminados: ['2026-03-14']
2026-04-17 10:10:13 [!] Rate limit confirmado — esperando 1 minuto y reintentando...
2026-04-17 10:11:13 [+] Total: 5951 dias | Pendientes: 5163
2026-04-17 10:11:19   [5917/5951] 2026-03-14  2 tweets
2026-04-17 10:11:42   [5916/5951] 2026-03-13  14 tweets
2026-04-17 10:12:26   [5915/5951] 2026-03-12  4 tweets
2026-04-17 10:12:40   [5914/5951] 2026-03-11  12 tweets
2026-04-17 10:13:03   [5913/5951] 2026-03-10  10 tweets
2026-04-17 10:13:16   [5912/5951] 2026-03-09  22 tweets
2026-04-17 10:13:34   [5911/5951] 2026-03-08  6 tweets
2026-04-17 10:13:49   [5910/5951] 2026-03-07  14 tweets
2026-04-17 10:14:03   [5909/5951] 2026-03-06  12 tweets
2026-04-17 10:14:36   [5908/5951] 2026-03-05  16 tweets
2026-04-17 10:15:25   [5907/5951] 2026-03-04  10 tweets
2026-04-17 10:16:13   [5906/5951] 2026-03-03  4 tweets
2026-04-17 10:17:03   [5905/5951] 2026-03-02  4 tweets
2026-04-17 10:17:35   [5904/5951] 2026-03-01  8 tweets
2026-04-17 10:18:10   [5903/5951] 2026-02-28  14 tweets
2026-04-17 10:18:50   [5902/5951] 2026-02-27  12 tweets
2026-04-17 10:19:04   [5901/5951] 2026-02-26  18 tweets
2026-04-17 10:19:26   [5900/5951] 2026-02-25  10 tweets
2026-04-17 10:19:41   [5899/5951] 2026-02-24  2 tweets
2026-04-17 10:20:13   [5898/5951] 2026-02-23  18 tweets
2026-04-17 10:21:00   [5897/5951] 2026-02-22  8 tweets
2026-04-17 10:21:40   [5896/5951] 2026-02-21  22 tweets
2026-04-17 10:22:06   [5895/5951] 2026-02-20  14 tweets
2026-04-17 10:22:32   [5894/5951] 2026-02-19  6 tweets
2026-04-17 10:23:06   [5893/5951] 2026-02-18  3 tweets RATE_LIMIT?
2026-04-17 10:23:55   [5892/5951] 2026-02-17  0 tweets RATE_LIMIT?
2026-04-17 10:24:01   [probe] 0 tweets — RATE LIMIT CONFIRMADO
2026-04-17 10:24:01 [!] Revertidos y CSVs eliminados: ['2026-02-18', '2026-02-17']
2026-04-17 10:24:01 [!] Rate limit confirmado — esperando 1 minuto y reintentando...
2026-04-17 10:25:01 [+] Total: 5951 dias | Pendientes: 5139
2026-04-17 10:25:08   [5893/5951] 2026-02-18  0 tweets RATE_LIMIT?
2026-04-17 10:25:14   [probe] 0 tweets — RATE LIMIT CONFIRMADO
2026-04-17 10:25:14 [!] Revertidos y CSVs eliminados: ['2026-02-18']
2026-04-17 10:25:14 [!] Rate limit confirmado — esperando 1 minuto y reintentando...
2026-04-17 10:26:14 [+] Total: 5951 dias | Pendientes: 5139
2026-04-17 10:26:21   [5893/5951] 2026-02-18  6 tweets
2026-04-17 10:26:42   [5892/5951] 2026-02-17  10 tweets
2026-04-17 10:27:21   [5891/5951] 2026-02-16  4 tweets
2026-04-17 10:28:04   [5890/5951] 2026-02-15  10 tweets
2026-04-17 10:28:38   [5889/5951] 2026-02-14  4 tweets
2026-04-17 10:29:07   [5888/5951] 2026-02-13  16 tweets
2026-04-17 10:29:53   [5887/5951] 2026-02-12  10 tweets
2026-04-17 10:30:27   [5886/5951] 2026-02-11  10 tweets
2026-04-17 10:31:03   [5885/5951] 2026-02-10  16 tweets
2026-04-17 10:31:20   [5884/5951] 2026-02-09  12 tweets
2026-04-17 10:31:39   [5883/5951] 2026-02-08  16 tweets
2026-04-17 10:32:25   [5882/5951] 2026-02-07  10 tweets
2026-04-17 10:33:00   [5881/5951] 2026-02-06  16 tweets
2026-04-17 10:33:20   [5880/5951] 2026-02-05  2 tweets
2026-04-17 10:34:01   [5879/5951] 2026-02-04  4 tweets
2026-04-17 10:34:44   [5878/5951] 2026-02-03  2 tweets
2026-04-17 10:35:12   [5877/5951] 2026-02-02  14 tweets
2026-04-17 10:35:49   [5876/5951] 2026-02-01  22 tweets
2026-04-17 10:36:23   [5875/5951] 2026-01-31  16 tweets
2026-04-17 10:37:02   [5874/5951] 2026-01-30  14 tweets
2026-04-17 10:37:28   [5873/5951] 2026-01-29  10 tweets
2026-04-17 10:37:47   [5872/5951] 2026-01-28  10 tweets
2026-04-17 10:38:20   [5871/5951] 2026-01-27  6 tweets
2026-04-17 10:38:58   [5870/5951] 2026-01-26  6 tweets
2026-04-17 10:39:22   [5869/5951] 2026-01-25  24 tweets
2026-04-17 10:40:03   [5868/5951] 2026-01-24  0 tweets RATE_LIMIT?
2026-04-17 10:40:09   [probe] 0 tweets — RATE LIMIT CONFIRMADO
2026-04-17 10:40:09 [!] Revertidos y CSVs eliminados: ['2026-01-25', '2026-01-24']
2026-04-17 10:40:09 [!] Rate limit confirmado — esperando 1 minuto y reintentando...
2026-04-17 10:41:09 [+] Total: 5951 dias | Pendientes: 5115
2026-04-17 10:41:16   [5869/5951] 2026-01-25  0 tweets RATE_LIMIT?
2026-04-17 10:41:23   [probe] 30 tweets — mes vacio normal
2026-04-17 10:41:55   [5868/5951] 2026-01-24  4 tweets
2026-04-17 10:42:14   [5113/5951] 2023-12-31  10 tweets
2026-04-17 10:43:02   [5112/5951] 2023-12-30  10 tweets
2026-04-17 10:43:42   [5111/5951] 2023-12-29  16 tweets
2026-04-17 10:44:23   [5110/5951] 2023-12-28  6 tweets
2026-04-17 10:45:03   [5109/5951] 2023-12-27  6 tweets
2026-04-17 10:45:50   [5108/5951] 2023-12-26  4 tweets
2026-04-17 10:46:22   [5107/5951] 2023-12-25  18 tweets
2026-04-17 10:46:51   [5106/5951] 2023-12-24  2 tweets
2026-04-17 10:47:25   [5105/5951] 2023-12-23  12 tweets
2026-04-17 10:47:57   [5104/5951] 2023-12-22  6 tweets
2026-04-17 10:48:28   [5103/5951] 2023-12-21  10 tweets
2026-04-17 10:48:46   [5102/5951] 2023-12-20  6 tweets
2026-04-17 10:49:16   [5101/5951] 2023-12-19  6 tweets
2026-04-17 10:50:02   [5100/5951] 2023-12-18  4 tweets
2026-04-17 10:50:20   [5099/5951] 2023-12-17  18 tweets
2026-04-17 10:51:04   [5098/5951] 2023-12-16  0 tweets
2026-04-17 10:51:48   [5097/5951] 2023-12-15  0 tweets
2026-04-17 10:52:21   [5096/5951] 2023-12-14  6 tweets
2026-04-17 10:52:48   [5095/5951] 2023-12-13  4 tweets
2026-04-17 10:53:11   [5094/5951] 2023-12-12  26 tweets
2026-04-17 10:53:25   [5093/5951] 2023-12-11  14 tweets
2026-04-17 10:54:07   [5092/5951] 2023-12-10  2 tweets
2026-04-17 10:54:28   [5091/5951] 2023-12-09  12 tweets
2026-04-17 10:54:40   [5090/5951] 2023-12-08  6 tweets
2026-04-17 10:54:56   [5089/5951] 2023-12-07  0 tweets RATE_LIMIT?
2026-04-17 10:55:02   [probe] 0 tweets — RATE LIMIT CONFIRMADO
2026-04-17 10:55:02 [!] Revertidos y CSVs eliminados: ['2023-12-08', '2023-12-07']
2026-04-17 10:55:02 [!] Rate limit confirmado — esperando 1 minuto y reintentando...
2026-04-17 10:56:02 [+] Total: 5951 dias | Pendientes: 5090
2026-04-17 10:56:08   [5090/5951] 2023-12-08  0 tweets RATE_LIMIT?
2026-04-17 10:56:16   [probe] 0 tweets — RATE LIMIT CONFIRMADO
2026-04-17 10:56:16 [!] Revertidos y CSVs eliminados: ['2023-12-08']
2026-04-17 10:56:16 [!] Rate limit confirmado — esperando 1 minuto y reintentando...
2026-04-17 10:57:16 [+] Total: 5951 dias | Pendientes: 5090
2026-04-17 10:57:22   [5090/5951] 2023-12-08  6 tweets
2026-04-17 10:58:07   [5089/5951] 2023-12-07  6 tweets
2026-04-17 10:58:29   [5088/5951] 2023-12-06  4 tweets
2026-04-17 10:58:44   [5087/5951] 2023-12-05  6 tweets
2026-04-17 10:59:05   [5086/5951] 2023-12-04  12 tweets
2026-04-17 10:59:29   [5085/5951] 2023-12-03  6 tweets
2026-04-17 11:00:02   [5084/5951] 2023-12-02 SIN_RESPUESTA — reiniciando, reintentando...
2026-04-17 11:00:24   [5084/5951] 2023-12-02  12 tweets
2026-04-17 11:00:57   [5083/5951] 2023-12-01  10 tweets
2026-04-17 11:01:17   [5082/5951] 2023-11-30  16 tweets
2026-04-17 11:01:38   [5081/5951] 2023-11-29  6 tweets
2026-04-17 11:02:05   [5080/5951] 2023-11-28  10 tweets
2026-04-17 11:02:55   [5079/5951] 2023-11-27  2 tweets
2026-04-17 11:03:19   [5078/5951] 2023-11-26  8 tweets
2026-04-17 11:03:33   [5077/5951] 2023-11-25  12 tweets
2026-04-17 11:04:06   [5076/5951] 2023-11-24  18 tweets
2026-04-17 11:04:39   [5075/5951] 2023-11-23  6 tweets
2026-04-17 11:05:00   [5074/5951] 2023-11-22  14 tweets
2026-04-17 11:05:22   [5073/5951] 2023-11-21  0 tweets
2026-04-17 11:05:52   [5072/5951] 2023-11-20  8 tweets
2026-04-17 11:06:04   [5071/5951] 2023-11-19  16 tweets
2026-04-17 11:06:49   [5070/5951] 2023-11-18  10 tweets
2026-04-17 11:07:07   [5069/5951] 2023-11-17  6 tweets
2026-04-17 11:07:24   [5068/5951] 2023-11-16  8 tweets
2026-04-17 11:07:50   [5067/5951] 2023-11-15  8 tweets
2026-04-17 11:08:20   [5066/5951] 2023-11-14  12 tweets
2026-04-17 11:08:55   [5065/5951] 2023-11-13  0 tweets RATE_LIMIT?
2026-04-17 11:09:01   [probe] 0 tweets — RATE LIMIT CONFIRMADO
2026-04-17 11:09:01 [!] Revertidos y CSVs eliminados: ['2023-11-14', '2023-11-13']
2026-04-17 11:09:01 [!] Rate limit confirmado — esperando 1 minuto y reintentando...
2026-04-17 11:10:01 [+] Total: 5951 dias | Pendientes: 5066
2026-04-17 11:10:08   [5066/5951] 2023-11-14  0 tweets RATE_LIMIT?
2026-04-17 11:10:14   [probe] 0 tweets — RATE LIMIT CONFIRMADO
2026-04-17 11:10:14 [!] Revertidos y CSVs eliminados: ['2023-11-14']
2026-04-17 11:10:14 [!] Rate limit confirmado — esperando 1 minuto y reintentando...
2026-04-17 11:11:15 [+] Total: 5951 dias | Pendientes: 5066
2026-04-17 11:11:21   [5066/5951] 2023-11-14  0 tweets RATE_LIMIT?
2026-04-17 11:11:28   [probe] 0 tweets — RATE LIMIT CONFIRMADO
2026-04-17 11:11:28 [!] Revertidos y CSVs eliminados: ['2023-11-14']
2026-04-17 11:11:28 [!] Rate limit confirmado — esperando 1 minuto y reintentando...
2026-04-17 11:12:28 [+] Total: 5951 dias | Pendientes: 5066
2026-04-17 11:12:34   [5066/5951] 2023-11-14  12 tweets
2026-04-17 11:12:50   [5065/5951] 2023-11-13  10 tweets
2026-04-17 11:13:14   [5064/5951] 2023-11-12  8 tweets
2026-04-17 11:13:46   [5063/5951] 2023-11-11  14 tweets
2026-04-17 11:14:20   [5062/5951] 2023-11-10  8 tweets
2026-04-17 11:14:40   [5061/5951] 2023-11-09  10 tweets
2026-04-17 11:15:13   [5060/5951] 2023-11-08  14 tweets
2026-04-17 11:15:55   [5059/5951] 2023-11-07  18 tweets
2026-04-17 11:16:17   [5058/5951] 2023-11-06  4 tweets
2026-04-17 11:17:05   [5057/5951] 2023-11-05  6 tweets
2026-04-17 11:17:28   [5056/5951] 2023-11-04  14 tweets
2026-04-17 11:17:42   [5055/5951] 2023-11-03  6 tweets
2026-04-17 11:18:31   [5054/5951] 2023-11-02  8 tweets
2026-04-17 11:18:52   [5053/5951] 2023-11-01  12 tweets
2026-04-17 11:19:17   [5052/5951] 2023-10-31  8 tweets
2026-04-17 11:19:45   [5051/5951] 2023-10-30  10 tweets
2026-04-17 11:20:22   [5050/5951] 2023-10-29  2 tweets
2026-04-17 11:20:57   [5049/5951] 2023-10-28  14 tweets
2026-04-17 11:21:17   [5048/5951] 2023-10-27  10 tweets
2026-04-17 11:21:35   [5047/5951] 2023-10-26  16 tweets
2026-04-17 11:22:01   [5046/5951] 2023-10-25  6 tweets
2026-04-17 11:22:13   [5045/5951] 2023-10-24  6 tweets
2026-04-17 11:22:40   [5044/5951] 2023-10-23  6 tweets
2026-04-17 11:23:03   [5043/5951] 2023-10-22  4 tweets
2026-04-17 11:23:35   [5042/5951] 2023-10-21  4 tweets
2026-04-17 11:24:09   [5041/5951] 2023-10-20  0 tweets RATE_LIMIT?
2026-04-17 11:24:15   [probe] 0 tweets — RATE LIMIT CONFIRMADO
2026-04-17 11:24:15 [!] Revertidos y CSVs eliminados: ['2023-10-21', '2023-10-20']
2026-04-17 11:24:15 [!] Rate limit confirmado — esperando 1 minuto y reintentando...
2026-04-17 11:25:15 [+] Total: 5951 dias | Pendientes: 5042
2026-04-17 11:25:22   [5042/5951] 2023-10-21  0 tweets RATE_LIMIT?
2026-04-17 11:25:29   [probe] 0 tweets — RATE LIMIT CONFIRMADO
2026-04-17 11:25:29 [!] Revertidos y CSVs eliminados: ['2023-10-21']
2026-04-17 11:25:29 [!] Rate limit confirmado — esperando 1 minuto y reintentando...
2026-04-17 11:26:29 [+] Total: 5951 dias | Pendientes: 5042
2026-04-17 11:26:38   [5042/5951] 2023-10-21  0 tweets RATE_LIMIT?
2026-04-17 11:26:44   [probe] 0 tweets — RATE LIMIT CONFIRMADO
2026-04-17 11:26:44 [!] Revertidos y CSVs eliminados: ['2023-10-21']
2026-04-17 11:26:44 [!] Rate limit confirmado — esperando 1 minuto y reintentando...
2026-04-17 11:27:44 [+] Total: 5951 dias | Pendientes: 5042
2026-04-17 11:27:51   [5042/5951] 2023-10-21  4 tweets
2026-04-17 11:28:38   [5041/5951] 2023-10-20  22 tweets
2026-04-17 11:29:03   [5040/5951] 2023-10-19  8 tweets
2026-04-17 11:29:51   [5039/5951] 2023-10-18  2 tweets
2026-04-17 11:30:05   [5038/5951] 2023-10-17  4 tweets
2026-04-17 11:30:50   [5037/5951] 2023-10-16  6 tweets
2026-04-17 11:31:33   [5036/5951] 2023-10-15  0 tweets
2026-04-17 11:31:45   [5035/5951] 2023-10-14  4 tweets
2026-04-17 11:32:36   [5034/5951] 2023-10-13  0 tweets
2026-04-17 11:33:01   [5033/5951] 2023-10-12  6 tweets
2026-04-17 11:33:47   [5032/5951] 2023-10-11  8 tweets
2026-04-17 11:34:00   [5031/5951] 2023-10-10  4 tweets
2026-04-17 11:34:17   [5030/5951] 2023-10-09  6 tweets
2026-04-17 11:34:42   [5029/5951] 2023-10-08  2 tweets
2026-04-17 11:35:19   [5028/5951] 2023-10-07  4 tweets
2026-04-17 11:35:36   [5027/5951] 2023-10-06  6 tweets
2026-04-17 11:35:56   [5026/5951] 2023-10-05  12 tweets
2026-04-17 11:36:39   [5025/5951] 2023-10-04  12 tweets
2026-04-17 11:37:26   [5024/5951] 2023-10-03  8 tweets
2026-04-17 11:38:16   [5023/5951] 2023-10-02  4 tweets
2026-04-17 11:39:05   [5022/5951] 2023-10-01  16 tweets
2026-04-17 11:39:34   [5021/5951] 2023-09-30  4 tweets
2026-04-17 11:40:13   [5020/5951] 2023-09-29  2 tweets
2026-04-17 11:40:33   [5019/5951] 2023-09-28  8 tweets
2026-04-17 11:40:56   [5018/5951] 2023-09-27  40 tweets
2026-04-17 11:41:31   [5017/5951] 2023-09-26  10 tweets
2026-04-17 11:42:00   [5016/5951] 2023-09-25  0 tweets RATE_LIMIT?
2026-04-17 11:42:06   [probe] 0 tweets — RATE LIMIT CONFIRMADO
2026-04-17 11:42:06 [!] Revertidos y CSVs eliminados: ['2023-09-26', '2023-09-25']
2026-04-17 11:42:06 [!] Rate limit confirmado — esperando 1 minuto y reintentando...
2026-04-17 11:43:06 [+] Total: 5951 dias | Pendientes: 5017
2026-04-17 11:43:13   [5017/5951] 2023-09-26  10 tweets
2026-04-17 11:43:53   [5016/5951] 2023-09-25  0 tweets
2026-04-17 11:44:20   [5015/5951] 2023-09-24  14 tweets
2026-04-17 11:44:57   [5014/5951] 2023-09-23  8 tweets
2026-04-17 11:45:39   [5013/5951] 2023-09-22  12 tweets
2026-04-17 11:46:09   [5012/5951] 2023-09-21  14 tweets
2026-04-17 11:46:41   [5011/5951] 2023-09-20  3 tweets
2026-04-17 11:47:29   [5010/5951] 2023-09-19  4 tweets
2026-04-17 11:47:54   [5009/5951] 2023-09-18  0 tweets
2026-04-17 11:48:38   [5008/5951] 2023-09-17  14 tweets
2026-04-17 11:49:13   [5007/5951] 2023-09-16  14 tweets
2026-04-17 11:49:35   [5006/5951] 2023-09-15  6 tweets
2026-04-17 11:49:55   [5005/5951] 2023-09-14  14 tweets
2026-04-17 11:50:06   [5004/5951] 2023-09-13  2 tweets
2026-04-17 11:50:55   [5003/5951] 2023-09-12  2 tweets
2026-04-17 11:51:08   [5002/5951] 2023-09-11  8 tweets
2026-04-17 11:51:31   [5001/5951] 2023-09-10  6 tweets
2026-04-17 11:51:47   [5000/5951] 2023-09-09  2 tweets
2026-04-17 11:52:05   [4999/5951] 2023-09-08  12 tweets
2026-04-17 11:52:51   [4998/5951] 2023-09-07  10 tweets
2026-04-17 11:53:32   [4997/5951] 2023-09-06  6 tweets
2026-04-17 11:53:46   [4996/5951] 2023-09-05  14 tweets
2026-04-17 11:54:18   [4995/5951] 2023-09-04  8 tweets
2026-04-17 11:55:06   [4994/5951] 2023-09-03  8 tweets
2026-04-17 11:55:24   [4993/5951] 2023-09-02  4 tweets
2026-04-17 11:55:50   [4992/5951] 2023-09-01  6 tweets
2026-04-17 11:56:31   [4991/5951] 2023-08-31  0 tweets RATE_LIMIT?
2026-04-17 11:56:37   [probe] 0 tweets — RATE LIMIT CONFIRMADO
2026-04-17 11:56:37 [!] Revertidos y CSVs eliminados: ['2023-09-01', '2023-08-31']
2026-04-17 11:56:37 [!] Rate limit confirmado — esperando 1 minuto y reintentando...
2026-04-17 11:57:37 [+] Total: 5951 dias | Pendientes: 4992
2026-04-17 11:57:44   [4992/5951] 2023-09-01  0 tweets RATE_LIMIT?
2026-04-17 11:57:51   [probe] 0 tweets — RATE LIMIT CONFIRMADO
2026-04-17 11:57:51 [!] Revertidos y CSVs eliminados: ['2023-09-01']
2026-04-17 11:57:51 [!] Rate limit confirmado — esperando 1 minuto y reintentando...
2026-04-17 11:58:51 [+] Total: 5951 dias | Pendientes: 4992
2026-04-17 11:58:58   [4992/5951] 2023-09-01  6 tweets
2026-04-17 11:59:44   [4991/5951] 2023-08-31  18 tweets
2026-04-17 12:00:23   [4990/5951] 2023-08-30  6 tweets
2026-04-17 12:00:47   [4989/5951] 2023-08-29  10 tweets
2026-04-17 12:01:12   [4988/5951] 2023-08-28  6 tweets
2026-04-17 12:01:57   [4987/5951] 2023-08-27  4 tweets
2026-04-17 12:02:33   [4986/5951] 2023-08-26  12 tweets
2026-04-17 12:03:07   [4985/5951] 2023-08-25  10 tweets
2026-04-17 12:03:21   [4984/5951] 2023-08-24  4 tweets
2026-04-17 12:04:07   [4983/5951] 2023-08-23  10 tweets
2026-04-17 12:04:31   [4982/5951] 2023-08-22  6 tweets
2026-04-17 12:04:50   [4981/5951] 2023-08-21  8 tweets
2026-04-17 12:05:05   [4980/5951] 2023-08-20  6 tweets
2026-04-17 12:05:29   [4979/5951] 2023-08-19  12 tweets
2026-04-17 12:06:07   [4978/5951] 2023-08-18  8 tweets
2026-04-17 12:06:43   [4977/5951] 2023-08-17  14 tweets
2026-04-17 12:07:08   [4976/5951] 2023-08-16  2 tweets
2026-04-17 12:07:50   [4975/5951] 2023-08-15  8 tweets
2026-04-17 12:08:04   [4974/5951] 2023-08-14  2 tweets
2026-04-17 12:08:26   [4973/5951] 2023-08-13  6 tweets
2026-04-17 12:08:51   [4972/5951] 2023-08-12  8 tweets
2026-04-17 12:09:16   [4971/5951] 2023-08-11  14 tweets
2026-04-17 12:10:01   [4970/5951] 2023-08-10  8 tweets
2026-04-17 12:10:45   [4969/5951] 2023-08-09  4 tweets
2026-04-17 12:11:15   [4968/5951] 2023-08-08  16 tweets
2026-04-17 12:11:26   [4967/5951] 2023-08-07  0 tweets RATE_LIMIT?
2026-04-17 12:11:32   [probe] 0 tweets — RATE LIMIT CONFIRMADO
2026-04-17 12:11:32 [!] Revertidos y CSVs eliminados: ['2023-08-08', '2023-08-07']
2026-04-17 12:11:32 [!] Rate limit confirmado — esperando 1 minuto y reintentando...
2026-04-17 12:12:32 [+] Total: 5951 dias | Pendientes: 4968
2026-04-17 12:12:38   [4968/5951] 2023-08-08  0 tweets RATE_LIMIT?
2026-04-17 12:12:45   [probe] 0 tweets — RATE LIMIT CONFIRMADO
2026-04-17 12:12:45 [!] Revertidos y CSVs eliminados: ['2023-08-08']
2026-04-17 12:12:45 [!] Rate limit confirmado — esperando 1 minuto y reintentando...
2026-04-17 12:13:45 [+] Total: 5951 dias | Pendientes: 4968
2026-04-17 12:13:52   [4968/5951] 2023-08-08  0 tweets RATE_LIMIT?
2026-04-17 12:14:01   [probe] 30 tweets — mes vacio normal
2026-04-17 12:14:43   [4967/5951] 2023-08-07  4 tweets
2026-04-17 12:15:07   [4966/5951] 2023-08-06  6 tweets
2026-04-17 12:15:54   [4965/5951] 2023-08-05  4 tweets
2026-04-17 12:16:24   [4964/5951] 2023-08-04  2 tweets
2026-04-17 12:17:06   [4963/5951] 2023-08-03  10 tweets
2026-04-17 12:17:24   [4962/5951] 2023-08-02  12 tweets
2026-04-17 12:17:47   [4961/5951] 2023-08-01  8 tweets
2026-04-17 12:18:31   [4960/5951] 2023-07-31  0 tweets
2026-04-17 12:18:49   [4959/5951] 2023-07-30  0 tweets
2026-04-17 12:19:07   [4958/5951] 2023-07-29  1 tweets
2026-04-17 12:19:27   [4957/5951] 2023-07-28  4 tweets
2026-04-17 12:20:14   [4956/5951] 2023-07-27  2 tweets
2026-04-17 12:20:31   [4955/5951] 2023-07-26  6 tweets
2026-04-17 12:20:50   [4954/5951] 2023-07-25  10 tweets
2026-04-17 12:21:22   [4953/5951] 2023-07-24  12 tweets
2026-04-17 12:21:38   [4952/5951] 2023-07-23  0 tweets
2026-04-17 12:21:56   [4951/5951] 2023-07-22  0 tweets
2026-04-17 12:22:13   [4950/5951] 2023-07-21  12 tweets
2026-04-17 12:22:55   [4949/5951] 2023-07-20  16 tweets
2026-04-17 12:23:17   [4948/5951] 2023-07-19  12 tweets
2026-04-17 12:24:07   [4947/5951] 2023-07-18  6 tweets
2026-04-17 12:24:48   [4946/5951] 2023-07-17  4 tweets
2026-04-17 12:25:21   [4945/5951] 2023-07-16  20 tweets
2026-04-17 12:25:55   [4944/5951] 2023-07-15  6 tweets
2026-04-17 12:26:27   [4943/5951] 2023-07-14  8 tweets
2026-04-17 12:26:51   [4942/5951] 2023-07-13  8 tweets
2026-04-17 12:27:10   [4941/5951] 2023-07-12  0 tweets RATE_LIMIT?
2026-04-17 12:27:16   [probe] 0 tweets — RATE LIMIT CONFIRMADO
2026-04-17 12:27:16 [!] Revertidos y CSVs eliminados: ['2023-07-13', '2023-07-12']
2026-04-17 12:27:16 [!] Rate limit confirmado — esperando 1 minuto y reintentando...
2026-04-17 12:28:16 [+] Total: 5951 dias | Pendientes: 4942
2026-04-17 12:28:22   [4942/5951] 2023-07-13  0 tweets RATE_LIMIT?
2026-04-17 12:28:29   [probe] 0 tweets — RATE LIMIT CONFIRMADO
2026-04-17 12:28:29 [!] Revertidos y CSVs eliminados: ['2023-07-13']
2026-04-17 12:28:29 [!] Rate limit confirmado — esperando 1 minuto y reintentando...
2026-04-17 12:29:29 [+] Total: 5951 dias | Pendientes: 4942
2026-04-17 12:29:37   [4942/5951] 2023-07-13  8 tweets
2026-04-17 12:29:48   [4941/5951] 2023-07-12  14 tweets
2026-04-17 12:30:13   [4940/5951] 2023-07-11  10 tweets
2026-04-17 12:30:32   [4939/5951] 2023-07-10  14 tweets
2026-04-17 12:31:13   [4938/5951] 2023-07-09  12 tweets
2026-04-17 12:31:36   [4937/5951] 2023-07-08  14 tweets
2026-04-17 12:31:57   [4936/5951] 2023-07-07  22 tweets
2026-04-17 12:32:46   [4935/5951] 2023-07-06  8 tweets
2026-04-17 12:33:02   [4934/5951] 2023-07-05  12 tweets
2026-04-17 12:33:33   [4933/5951] 2023-07-04  14 tweets
2026-04-17 12:34:22   [4932/5951] 2023-07-03  14 tweets
2026-04-17 12:34:40   [4931/5951] 2023-07-02  10 tweets
2026-04-17 12:35:04   [4930/5951] 2023-07-01  10 tweets
2026-04-17 12:35:18   [4929/5951] 2023-06-30  16 tweets
2026-04-17 12:35:44   [4928/5951] 2023-06-29  14 tweets
2026-04-17 12:36:29   [4927/5951] 2023-06-28  22 tweets
2026-04-17 12:37:03   [4926/5951] 2023-06-27  10 tweets
2026-04-17 12:37:35   [4925/5951] 2023-06-26  8 tweets
2026-04-17 12:38:14   [4924/5951] 2023-06-25  8 tweets
2026-04-17 12:38:57   [4923/5951] 2023-06-24  6 tweets
2026-04-17 12:39:45   [4922/5951] 2023-06-23  10 tweets
2026-04-17 12:40:31   [4921/5951] 2023-06-22  6 tweets
2026-04-17 12:40:51   [4920/5951] 2023-06-21  8 tweets
2026-04-17 12:41:22   [4919/5951] 2023-06-20  16 tweets
2026-04-17 12:42:00   [4918/5951] 2023-06-19  14 tweets
2026-04-17 12:42:33   [4917/5951] 2023-06-18  0 tweets RATE_LIMIT?
2026-04-17 12:42:39   [probe] 0 tweets — RATE LIMIT CONFIRMADO
2026-04-17 12:42:39 [!] Revertidos y CSVs eliminados: ['2023-06-19', '2023-06-18']
2026-04-17 12:42:39 [!] Rate limit confirmado — esperando 1 minuto y reintentando...
2026-04-17 12:43:39 [+] Total: 5951 dias | Pendientes: 4918
2026-04-17 12:43:45   [4918/5951] 2023-06-19  0 tweets RATE_LIMIT?
2026-04-17 12:43:52   [probe] 0 tweets — RATE LIMIT CONFIRMADO
2026-04-17 12:43:52 [!] Revertidos y CSVs eliminados: ['2023-06-19']
2026-04-17 12:43:52 [!] Rate limit confirmado — esperando 1 minuto y reintentando...
2026-04-17 12:44:52 [+] Total: 5951 dias | Pendientes: 4918
2026-04-17 12:44:59   [4918/5951] 2023-06-19  14 tweets
2026-04-17 12:45:50   [4917/5951] 2023-06-18  4 tweets
2026-04-17 12:46:14   [4916/5951] 2023-06-17  14 tweets
2026-04-17 12:46:57   [4915/5951] 2023-06-16  24 tweets
2026-04-17 12:47:40   [4914/5951] 2023-06-15  10 tweets
2026-04-17 12:48:12   [4913/5951] 2023-06-14  12 tweets
2026-04-17 12:48:29   [4912/5951] 2023-06-13  8 tweets
2026-04-17 12:48:43   [4911/5951] 2023-06-12  20 tweets
2026-04-17 12:49:23   [4910/5951] 2023-06-11  16 tweets
2026-04-17 12:49:50   [4909/5951] 2023-06-10  16 tweets
2026-04-17 12:50:04   [4908/5951] 2023-06-09  8 tweets
2026-04-17 12:50:36   [4907/5951] 2023-06-08  16 tweets
2026-04-17 12:50:58   [4906/5951] 2023-06-07  10 tweets
2026-04-17 12:51:37   [4905/5951] 2023-06-06  12 tweets
2026-04-17 12:52:21   [4904/5951] 2023-06-05  14 tweets
2026-04-17 12:52:58   [4903/5951] 2023-06-04  10 tweets
2026-04-17 12:53:45   [4902/5951] 2023-06-03  12 tweets
2026-04-17 12:53:57   [4901/5951] 2023-06-02  20 tweets
2026-04-17 12:54:30   [4900/5951] 2023-06-01  12 tweets
2026-04-17 12:55:17   [4899/5951] 2023-05-31  14 tweets
2026-04-17 12:55:36   [4898/5951] 2023-05-30  14 tweets
2026-04-17 12:56:22   [4897/5951] 2023-05-29  18 tweets
2026-04-17 12:57:05   [4896/5951] 2023-05-28  8 tweets
2026-04-17 12:57:22   [4895/5951] 2023-05-27  24 tweets
2026-04-17 12:57:40   [4894/5951] 2023-05-26  14 tweets
2026-04-17 12:58:11   [4893/5951] 2023-05-25  0 tweets RATE_LIMIT?
2026-04-17 12:58:17   [probe] 0 tweets — RATE LIMIT CONFIRMADO
2026-04-17 12:58:17 [!] Revertidos y CSVs eliminados: ['2023-05-26', '2023-05-25']
2026-04-17 12:58:17 [!] Rate limit confirmado — esperando 1 minuto y reintentando...
2026-04-17 12:59:17 [+] Total: 5951 dias | Pendientes: 4894
2026-04-17 12:59:24   [4894/5951] 2023-05-26  0 tweets RATE_LIMIT?
2026-04-17 12:59:30   [probe] 0 tweets — RATE LIMIT CONFIRMADO
2026-04-17 12:59:30 [!] Revertidos y CSVs eliminados: ['2023-05-26']
2026-04-17 12:59:30 [!] Rate limit confirmado — esperando 1 minuto y reintentando...
2026-04-17 13:00:30 [+] Total: 5951 dias | Pendientes: 4894
2026-04-17 13:00:37   [4894/5951] 2023-05-26  14 tweets
2026-04-17 13:01:11   [4893/5951] 2023-05-25  16 tweets
2026-04-17 13:01:54   [4892/5951] 2023-05-24  10 tweets
2026-04-17 13:02:37   [4891/5951] 2023-05-23  14 tweets
2026-04-17 13:02:59   [4890/5951] 2023-05-22  14 tweets
2026-04-17 13:03:31   [4889/5951] 2023-05-21  30 tweets
2026-04-17 13:04:17   [4888/5951] 2023-05-20  10 tweets
2026-04-17 13:04:45   [4887/5951] 2023-05-19  16 tweets
2026-04-17 13:05:22   [4886/5951] 2023-05-18  12 tweets
2026-04-17 13:05:49   [4885/5951] 2023-05-17  8 tweets
2026-04-17 13:06:22   [4884/5951] 2023-05-16  12 tweets
2026-04-17 13:06:49   [4883/5951] 2023-05-15  12 tweets
2026-04-17 13:07:34   [4882/5951] 2023-05-14  6 tweets
2026-04-17 13:08:22   [4881/5951] 2023-05-13  14 tweets
2026-04-17 13:08:48   [4880/5951] 2023-05-12  6 tweets
2026-04-17 13:09:26   [4879/5951] 2023-05-11  20 tweets
2026-04-17 13:09:49   [4878/5951] 2023-05-10  8 tweets
2026-04-17 13:10:35   [4877/5951] 2023-05-09  20 tweets
2026-04-17 13:11:02   [4876/5951] 2023-05-08  6 tweets
2026-04-17 13:11:32   [4875/5951] 2023-05-07  6 tweets
2026-04-17 13:11:45   [4874/5951] 2023-05-06  12 tweets
2026-04-17 13:12:35   [4873/5951] 2023-05-05  20 tweets
2026-04-17 13:12:54   [4872/5951] 2023-05-04  16 tweets
2026-04-17 13:13:10   [4871/5951] 2023-05-03  16 tweets
2026-04-17 13:13:38   [4870/5951] 2023-05-02  12 tweets
2026-04-17 13:14:23   [4869/5951] 2023-05-01  0 tweets RATE_LIMIT?
2026-04-17 13:14:29   [probe] 0 tweets — RATE LIMIT CONFIRMADO
2026-04-17 13:14:29 [!] Revertidos y CSVs eliminados: ['2023-05-02', '2023-05-01']
2026-04-17 13:14:29 [!] Rate limit confirmado — esperando 1 minuto y reintentando...
2026-04-17 13:15:29 [+] Total: 5951 dias | Pendientes: 4870
2026-04-17 13:15:36   [4870/5951] 2023-05-02  0 tweets RATE_LIMIT?
2026-04-17 13:15:42   [probe] 30 tweets — mes vacio normal
2026-04-17 13:16:04   [4869/5951] 2023-05-01  20 tweets
2026-04-17 13:16:40   [4868/5951] 2023-04-30  16 tweets
2026-04-17 13:17:30   [4867/5951] 2023-04-29  14 tweets
2026-04-17 13:17:48   [4866/5951] 2023-04-28  38 tweets
2026-04-17 13:18:08   [4865/5951] 2023-04-27  12 tweets
2026-04-17 13:18:50   [4864/5951] 2023-04-26  14 tweets
2026-04-17 13:19:35   [4863/5951] 2023-04-25  6 tweets
2026-04-17 13:20:00   [4862/5951] 2023-04-24  8 tweets
2026-04-17 13:20:36   [4861/5951] 2023-04-23  8 tweets
2026-04-17 13:20:51   [4860/5951] 2023-04-22  12 tweets
2026-04-17 13:21:16   [4859/5951] 2023-04-21  10 tweets
2026-04-17 13:21:46   [4858/5951] 2023-04-20  16 tweets
2026-04-17 13:22:03   [4857/5951] 2023-04-19  6 tweets
2026-04-17 13:22:49   [4856/5951] 2023-04-18  20 tweets
2026-04-17 13:23:17   [4855/5951] 2023-04-17  26 tweets
2026-04-17 13:23:31   [4854/5951] 2023-04-16  14 tweets
2026-04-17 13:24:17   [4853/5951] 2023-04-15  8 tweets
2026-04-17 13:24:32   [4852/5951] 2023-04-14  14 tweets
2026-04-17 13:24:43   [4851/5951] 2023-04-13  14 tweets
2026-04-17 13:24:58   [4850/5951] 2023-04-12  10 tweets
2026-04-17 13:25:29   [4849/5951] 2023-04-11  6 tweets
2026-04-17 13:26:19   [4848/5951] 2023-04-10  10 tweets
2026-04-17 13:26:31   [4847/5951] 2023-04-09  6 tweets
2026-04-17 13:27:12   [4846/5951] 2023-04-08  20 tweets
2026-04-17 13:27:56   [4845/5951] 2023-04-07  0 tweets RATE_LIMIT?
2026-04-17 13:28:02   [probe] 0 tweets — RATE LIMIT CONFIRMADO
2026-04-17 13:28:02 [!] Revertidos y CSVs eliminados: ['2023-04-08', '2023-04-07']
2026-04-17 13:28:02 [!] Rate limit confirmado — esperando 1 minuto y reintentando...
2026-04-17 13:29:02 [+] Total: 5951 dias | Pendientes: 4846
2026-04-17 13:29:09   [4846/5951] 2023-04-08  0 tweets RATE_LIMIT?
2026-04-17 13:29:16   [probe] 0 tweets — RATE LIMIT CONFIRMADO
2026-04-17 13:29:16 [!] Revertidos y CSVs eliminados: ['2023-04-08']
2026-04-17 13:29:16 [!] Rate limit confirmado — esperando 1 minuto y reintentando...
2026-04-17 13:30:16 [+] Total: 5951 dias | Pendientes: 4846
2026-04-17 13:30:23   [4846/5951] 2023-04-08  0 tweets RATE_LIMIT?
2026-04-17 13:30:30   [probe] 0 tweets — RATE LIMIT CONFIRMADO
2026-04-17 13:30:30 [!] Revertidos y CSVs eliminados: ['2023-04-08']
2026-04-17 13:30:30 [!] Rate limit confirmado — esperando 1 minuto y reintentando...
2026-04-17 13:31:30 [+] Total: 5951 dias | Pendientes: 4846
2026-04-17 13:31:36   [4846/5951] 2023-04-08  20 tweets
2026-04-17 13:32:12   [4845/5951] 2023-04-07  12 tweets
2026-04-17 13:32:27   [4844/5951] 2023-04-06  24 tweets
2026-04-17 13:32:39   [4843/5951] 2023-04-05  12 tweets
2026-04-17 13:32:54   [4842/5951] 2023-04-04  16 tweets
2026-04-17 13:33:23   [4841/5951] 2023-04-03  16 tweets
2026-04-17 13:33:36   [4840/5951] 2023-04-02  14 tweets
2026-04-17 13:34:11   [4839/5951] 2023-04-01  30 tweets
2026-04-17 13:34:58   [4838/5951] 2023-03-31  16 tweets
2026-04-17 13:35:23   [4837/5951] 2023-03-30  18 tweets
2026-04-17 13:36:08   [4836/5951] 2023-03-29  10 tweets
2026-04-17 13:36:41   [4835/5951] 2023-03-28  14 tweets
2026-04-17 13:37:30   [4834/5951] 2023-03-27  24 tweets
2026-04-17 13:38:19   [4833/5951] 2023-03-26  18 tweets
2026-04-17 13:39:03   [4832/5951] 2023-03-25  14 tweets
2026-04-17 13:39:32   [4831/5951] 2023-03-24  20 tweets
2026-04-17 13:40:22   [4830/5951] 2023-03-23  10 tweets
2026-04-17 13:40:35   [4829/5951] 2023-03-22  8 tweets
2026-04-17 13:41:02   [4828/5951] 2023-03-21  8 tweets
2026-04-17 13:41:51   [4827/5951] 2023-03-20  4 tweets
2026-04-17 13:42:31   [4826/5951] 2023-03-19  12 tweets
2026-04-17 13:42:54   [4825/5951] 2023-03-18  8 tweets
2026-04-17 13:43:12   [4824/5951] 2023-03-17  8 tweets
2026-04-17 13:43:26   [4823/5951] 2023-03-16  22 tweets
2026-04-17 13:44:16   [4822/5951] 2023-03-15  18 tweets
2026-04-17 13:44:29   [4821/5951] 2023-03-14  0 tweets RATE_LIMIT?
2026-04-17 13:44:35   [probe] 0 tweets — RATE LIMIT CONFIRMADO
2026-04-17 13:44:35 [!] Revertidos y CSVs eliminados: ['2023-03-15', '2023-03-14']
2026-04-17 13:44:35 [!] Rate limit confirmado — esperando 1 minuto y reintentando...
2026-04-17 13:45:35 [+] Total: 5951 dias | Pendientes: 4822
2026-04-17 13:45:42   [4822/5951] 2023-03-15  0 tweets RATE_LIMIT?
2026-04-17 13:45:48   [probe] 0 tweets — RATE LIMIT CONFIRMADO
2026-04-17 13:45:48 [!] Revertidos y CSVs eliminados: ['2023-03-15']
2026-04-17 13:45:48 [!] Rate limit confirmado — esperando 1 minuto y reintentando...
2026-04-17 13:46:48 [+] Total: 5951 dias | Pendientes: 4822
2026-04-17 13:46:55   [4822/5951] 2023-03-15  18 tweets
2026-04-17 13:47:34   [4821/5951] 2023-03-14  6 tweets
2026-04-17 13:48:01   [4820/5951] 2023-03-13  18 tweets
2026-04-17 13:48:39   [4819/5951] 2023-03-12  16 tweets
2026-04-17 13:49:26   [4818/5951] 2023-03-11  10 tweets
2026-04-17 13:49:58   [4817/5951] 2023-03-10  12 tweets
2026-04-17 13:50:11   [4816/5951] 2023-03-09  10 tweets
2026-04-17 13:50:47   [4815/5951] 2023-03-08  10 tweets
2026-04-17 13:51:11   [4814/5951] 2023-03-07  12 tweets
2026-04-17 13:51:33   [4813/5951] 2023-03-06  16 tweets
2026-04-17 13:51:55   [4812/5951] 2023-03-05  6 tweets
2026-04-17 13:52:12   [4811/5951] 2023-03-04  8 tweets
2026-04-17 13:52:34   [4810/5951] 2023-03-03  22 tweets
2026-04-17 13:53:13   [4809/5951] 2023-03-02  16 tweets
2026-04-17 13:53:36   [4808/5951] 2023-03-01  12 tweets
2026-04-17 13:54:07   [4807/5951] 2023-02-28  12 tweets
2026-04-17 13:54:49   [4806/5951] 2023-02-27  22 tweets
2026-04-17 13:55:21   [4805/5951] 2023-02-26  26 tweets
2026-04-17 13:55:58   [4804/5951] 2023-02-25  14 tweets
2026-04-17 13:56:24   [4803/5951] 2023-02-24  14 tweets
2026-04-17 13:56:55   [4802/5951] 2023-02-23  34 tweets
2026-04-17 13:57:29   [4801/5951] 2023-02-22  20 tweets
2026-04-17 13:58:04   [4800/5951] 2023-02-21  34 tweets
2026-04-17 13:58:29   [4799/5951] 2023-02-20  22 tweets
2026-04-17 13:58:43   [4798/5951] 2023-02-19  16 tweets
2026-04-17 13:59:01   [4797/5951] 2023-02-18  0 tweets RATE_LIMIT?
2026-04-17 13:59:07   [probe] 0 tweets — RATE LIMIT CONFIRMADO
2026-04-17 13:59:07 [!] Revertidos y CSVs eliminados: ['2023-02-19', '2023-02-18']
2026-04-17 13:59:07 [!] Rate limit confirmado — esperando 1 minuto y reintentando...
2026-04-17 14:00:07 [+] Total: 5951 dias | Pendientes: 4798
2026-04-17 14:00:14   [4798/5951] 2023-02-19  0 tweets RATE_LIMIT?
2026-04-17 14:00:20   [probe] 0 tweets — RATE LIMIT CONFIRMADO
2026-04-17 14:00:20 [!] Revertidos y CSVs eliminados: ['2023-02-19']
2026-04-17 14:00:20 [!] Rate limit confirmado — esperando 1 minuto y reintentando...
2026-04-17 14:01:20 [+] Total: 5951 dias | Pendientes: 4798
2026-04-17 14:01:27   [4798/5951] 2023-02-19  0 tweets RATE_LIMIT?
2026-04-17 14:01:42   [probe] 0 tweets — RATE LIMIT CONFIRMADO
2026-04-17 14:01:42 [!] Revertidos y CSVs eliminados: ['2023-02-19']
2026-04-17 14:01:42 [!] Rate limit confirmado — esperando 1 minuto y reintentando...
2026-04-17 14:02:42 [+] Total: 5951 dias | Pendientes: 4798
2026-04-17 14:02:49   [4798/5951] 2023-02-19  16 tweets
2026-04-17 14:03:24   [4797/5951] 2023-02-18  12 tweets
2026-04-17 14:03:54   [4796/5951] 2023-02-17  16 tweets
2026-04-17 14:04:34   [4795/5951] 2023-02-16  24 tweets
2026-04-17 14:05:22   [4794/5951] 2023-02-15  14 tweets
2026-04-17 14:05:53   [4793/5951] 2023-02-14  14 tweets
2026-04-17 14:06:20   [4792/5951] 2023-02-13  12 tweets
2026-04-17 14:06:45   [4791/5951] 2023-02-12  22 tweets
2026-04-17 14:07:06   [4790/5951] 2023-02-11  14 tweets
2026-04-17 14:07:43   [4789/5951] 2023-02-10  20 tweets
2026-04-17 14:08:25   [4788/5951] 2023-02-09  20 tweets
2026-04-17 14:08:46   [4787/5951] 2023-02-08  26 tweets
2026-04-17 14:09:13   [4786/5951] 2023-02-07  24 tweets
2026-04-17 14:09:39   [4785/5951] 2023-02-06  36 tweets
2026-04-17 14:09:56   [4784/5951] 2023-02-05  16 tweets
2026-04-17 14:10:44   [4783/5951] 2023-02-04  36 tweets
2026-04-17 14:11:09   [4782/5951] 2023-02-03  40 tweets
2026-04-17 14:11:43   [4781/5951] 2023-02-02  30 tweets
2026-04-17 14:12:04   [4780/5951] 2023-02-01  12 tweets
2026-04-17 14:12:19   [4779/5951] 2023-01-31  22 tweets
2026-04-17 14:12:50   [4778/5951] 2023-01-30  32 tweets
2026-04-17 14:13:13   [4777/5951] 2023-01-29  14 tweets
2026-04-17 14:13:50   [4776/5951] 2023-01-28  14 tweets
2026-04-17 14:14:05   [4775/5951] 2023-01-27  16 tweets
2026-04-17 14:14:41   [4774/5951] 2023-01-26  14 tweets
2026-04-17 14:15:30   [4773/5951] 2023-01-25  0 tweets RATE_LIMIT?
2026-04-17 14:15:36   [probe] 0 tweets — RATE LIMIT CONFIRMADO
2026-04-17 14:15:36 [!] Revertidos y CSVs eliminados: ['2023-01-26', '2023-01-25']
2026-04-17 14:15:36 [!] Rate limit confirmado — esperando 1 minuto y reintentando...
2026-04-17 14:16:36 [+] Total: 5951 dias | Pendientes: 4774
2026-04-17 14:16:43   [4774/5951] 2023-01-26  0 tweets RATE_LIMIT?
2026-04-17 14:16:50   [probe] 0 tweets — RATE LIMIT CONFIRMADO
2026-04-17 14:16:50 [!] Revertidos y CSVs eliminados: ['2023-01-26']
2026-04-17 14:16:50 [!] Rate limit confirmado — esperando 1 minuto y reintentando...
2026-04-17 14:17:50 [+] Total: 5951 dias | Pendientes: 4774
2026-04-17 14:17:56   [4774/5951] 2023-01-26  14 tweets
2026-04-17 14:18:46   [4773/5951] 2023-01-25  20 tweets
2026-04-17 14:19:24   [4772/5951] 2023-01-24  10 tweets
2026-04-17 14:19:54   [4771/5951] 2023-01-23  12 tweets
2026-04-17 14:20:26   [4770/5951] 2023-01-22  22 tweets
2026-04-17 14:21:13   [4769/5951] 2023-01-21  16 tweets
2026-04-17 14:21:54   [4768/5951] 2023-01-20  8 tweets
2026-04-17 14:22:18   [4767/5951] 2023-01-19  30 tweets
2026-04-17 14:22:38   [4766/5951] 2023-01-18  14 tweets
2026-04-17 14:23:07   [4765/5951] 2023-01-17  40 tweets
2026-04-17 14:23:18   [4764/5951] 2023-01-16  16 tweets
2026-04-17 14:23:58   [4763/5951] 2023-01-15  14 tweets
2026-04-17 14:24:12   [4762/5951] 2023-01-14  10 tweets
2026-04-17 14:25:02   [4761/5951] 2023-01-13  12 tweets
2026-04-17 14:25:38   [4760/5951] 2023-01-12  14 tweets
2026-04-17 14:26:13   [4759/5951] 2023-01-11  20 tweets
2026-04-17 14:26:38   [4758/5951] 2023-01-10  20 tweets
2026-04-17 14:27:12   [4757/5951] 2023-01-09  22 tweets
2026-04-17 14:27:28   [4756/5951] 2023-01-08  4 tweets
2026-04-17 14:27:51   [4755/5951] 2023-01-07  8 tweets
2026-04-17 14:28:31   [4754/5951] 2023-01-06  8 tweets
2026-04-17 14:29:09   [4753/5951] 2023-01-05  20 tweets
2026-04-17 14:29:56   [4752/5951] 2023-01-04  24 tweets
2026-04-17 14:30:45   [4751/5951] 2023-01-03  30 tweets
2026-04-17 14:31:21   [4750/5951] 2023-01-02  10 tweets
2026-04-17 14:31:57   [4749/5951] 2023-01-01  0 tweets RATE_LIMIT?
2026-04-17 14:32:03   [probe] 0 tweets — RATE LIMIT CONFIRMADO
2026-04-17 14:32:03 [!] Revertidos y CSVs eliminados: ['2023-01-02', '2023-01-01']
2026-04-17 14:32:03 [!] Rate limit confirmado — esperando 1 minuto y reintentando...
2026-04-17 14:33:03 [+] Total: 5951 dias | Pendientes: 4750
2026-04-17 14:33:10   [4750/5951] 2023-01-02  10 tweets
2026-04-17 14:33:46   [4749/5951] 2023-01-01  22 tweets
2026-04-17 14:34:10   [4748/5951] 2022-12-31  10 tweets
2026-04-17 14:34:28   [4747/5951] 2022-12-30  12 tweets
2026-04-17 14:34:49   [4746/5951] 2022-12-29  6 tweets
2026-04-17 14:35:24   [4745/5951] 2022-12-28  14 tweets
2026-04-17 14:36:08   [4744/5951] 2022-12-27  16 tweets
2026-04-17 14:36:32   [4743/5951] 2022-12-26  4 tweets
2026-04-17 14:37:01   [4742/5951] 2022-12-25  18 tweets
2026-04-17 14:37:21   [4741/5951] 2022-12-24  4 tweets
2026-04-17 14:37:43   [4740/5951] 2022-12-23  16 tweets
2026-04-17 14:37:55   [4739/5951] 2022-12-22  20 tweets
2026-04-17 14:38:39   [4738/5951] 2022-12-21  18 tweets
2026-04-17 14:39:07   [4737/5951] 2022-12-20  18 tweets
2026-04-17 14:39:52   [4736/5951] 2022-12-19  10 tweets
2026-04-17 14:40:21   [4735/5951] 2022-12-18  8 tweets
2026-04-17 14:40:37   [4734/5951] 2022-12-17  30 tweets
2026-04-17 14:41:10   [4733/5951] 2022-12-16  14 tweets
2026-04-17 14:41:21   [4732/5951] 2022-12-15  8 tweets
2026-04-17 14:42:07   [4731/5951] 2022-12-14  12 tweets
2026-04-17 14:42:42   [4730/5951] 2022-12-13  10 tweets
2026-04-17 14:43:09   [4729/5951] 2022-12-12  8 tweets
2026-04-17 14:43:23   [4728/5951] 2022-12-11  14 tweets
2026-04-17 14:43:58   [4727/5951] 2022-12-10  10 tweets
2026-04-17 14:44:39   [4726/5951] 2022-12-09  8 tweets
2026-04-17 14:45:02   [4725/5951] 2022-12-08  0 tweets RATE_LIMIT?
2026-04-17 14:45:08   [probe] 0 tweets — RATE LIMIT CONFIRMADO
2026-04-17 14:45:08 [!] Revertidos y CSVs eliminados: ['2022-12-09', '2022-12-08']
2026-04-17 14:45:08 [!] Rate limit confirmado — esperando 1 minuto y reintentando...
2026-04-17 14:46:08 [+] Total: 5951 dias | Pendientes: 4726
2026-04-17 14:46:14   [4726/5951] 2022-12-09  0 tweets RATE_LIMIT?
2026-04-17 14:46:22   [probe] 0 tweets — RATE LIMIT CONFIRMADO
2026-04-17 14:46:22 [!] Revertidos y CSVs eliminados: ['2022-12-09']
2026-04-17 14:46:22 [!] Rate limit confirmado — esperando 1 minuto y reintentando...
2026-04-17 14:47:22 [+] Total: 5951 dias | Pendientes: 4726
2026-04-17 14:47:29   [4726/5951] 2022-12-09  0 tweets RATE_LIMIT?
2026-04-17 14:47:35   [probe] 0 tweets — RATE LIMIT CONFIRMADO
2026-04-17 14:47:35 [!] Revertidos y CSVs eliminados: ['2022-12-09']
2026-04-17 14:47:35 [!] Rate limit confirmado — esperando 1 minuto y reintentando...
2026-04-17 14:48:35 [+] Total: 5951 dias | Pendientes: 4726
2026-04-17 14:48:42   [4726/5951] 2022-12-09  8 tweets
2026-04-17 14:49:12   [4725/5951] 2022-12-08  12 tweets
2026-04-17 14:49:36   [4724/5951] 2022-12-07  6 tweets
2026-04-17 14:50:27   [4723/5951] 2022-12-06  14 tweets
2026-04-17 14:51:17   [4722/5951] 2022-12-05  10 tweets
2026-04-17 14:51:47   [4721/5951] 2022-12-04  18 tweets
2026-04-17 14:52:19   [4720/5951] 2022-12-03  18 tweets
2026-04-17 14:52:56   [4719/5951] 2022-12-02  16 tweets
2026-04-17 14:53:29   [4718/5951] 2022-12-01  8 tweets
2026-04-17 14:54:18   [4717/5951] 2022-11-30  14 tweets
2026-04-17 14:54:43   [4716/5951] 2022-11-29  8 tweets
2026-04-17 14:54:57   [4715/5951] 2022-11-28  4 tweets
2026-04-17 14:55:23   [4714/5951] 2022-11-27  18 tweets
2026-04-17 14:55:39   [4713/5951] 2022-11-26  8 tweets
2026-04-17 14:56:00   [4712/5951] 2022-11-25  12 tweets
2026-04-17 14:56:44   [4711/5951] 2022-11-24  24 tweets
2026-04-17 14:57:30   [4710/5951] 2022-11-23  8 tweets
2026-04-17 14:57:49   [4709/5951] 2022-11-22  24 tweets
2026-04-17 14:58:01   [4708/5951] 2022-11-21  22 tweets
2026-04-17 14:58:22   [4707/5951] 2022-11-20  10 tweets
2026-04-17 14:58:45   [4706/5951] 2022-11-19  16 tweets
2026-04-17 14:59:18   [4705/5951] 2022-11-18  14 tweets
2026-04-17 15:00:08   [4704/5951] 2022-11-17  10 tweets
2026-04-17 15:00:27   [4703/5951] 2022-11-16  18 tweets
2026-04-17 15:00:54   [4702/5951] 2022-11-15  8 tweets
2026-04-17 15:01:11   [4701/5951] 2022-11-14  0 tweets RATE_LIMIT?
2026-04-17 15:01:17   [probe] 0 tweets — RATE LIMIT CONFIRMADO
2026-04-17 15:01:17 [!] Revertidos y CSVs eliminados: ['2022-11-15', '2022-11-14']
2026-04-17 15:01:17 [!] Rate limit confirmado — esperando 1 minuto y reintentando...
2026-04-17 15:02:17 [+] Total: 5951 dias | Pendientes: 4702
2026-04-17 15:02:26   [4702/5951] 2022-11-15  0 tweets RATE_LIMIT?
2026-04-17 15:02:33   [probe] 0 tweets — RATE LIMIT CONFIRMADO
2026-04-17 15:02:33 [!] Revertidos y CSVs eliminados: ['2022-11-15']
2026-04-17 15:02:33 [!] Rate limit confirmado — esperando 1 minuto y reintentando...
2026-04-17 15:03:33 [+] Total: 5951 dias | Pendientes: 4702
2026-04-17 15:03:40   [4702/5951] 2022-11-15  0 tweets RATE_LIMIT?
2026-04-17 15:03:48   [probe] 30 tweets — mes vacio normal
2026-04-17 15:04:09   [4701/5951] 2022-11-14  12 tweets
2026-04-17 15:04:49   [4700/5951] 2022-11-13  6 tweets
2026-04-17 15:05:16   [4699/5951] 2022-11-12  8 tweets
2026-04-17 15:05:58   [4698/5951] 2022-11-11  6 tweets
2026-04-17 15:06:39   [4697/5951] 2022-11-10  12 tweets
2026-04-17 15:07:06   [4696/5951] 2022-11-09  14 tweets
2026-04-17 15:07:44   [4695/5951] 2022-11-08  12 tweets
2026-04-17 15:08:21   [4694/5951] 2022-11-07  10 tweets
2026-04-17 15:09:06   [4693/5951] 2022-11-06  2 tweets
2026-04-17 15:09:23   [4692/5951] 2022-11-05  8 tweets
2026-04-17 15:09:39   [4691/5951] 2022-11-04  12 tweets
2026-04-17 15:10:29   [4690/5951] 2022-11-03  14 tweets
2026-04-17 15:10:59   [4689/5951] 2022-11-02  14 tweets
2026-04-17 15:11:35   [4688/5951] 2022-11-01  8 tweets
2026-04-17 15:12:14   [4687/5951] 2022-10-31  12 tweets
2026-04-17 15:12:30   [4686/5951] 2022-10-30  6 tweets
2026-04-17 15:12:43   [4685/5951] 2022-10-29  6 tweets
2026-04-17 15:13:08   [4684/5951] 2022-10-28  18 tweets
2026-04-17 15:13:24   [4683/5951] 2022-10-27  8 tweets
2026-04-17 15:13:39   [4682/5951] 2022-10-26  8 tweets
2026-04-17 15:14:05   [4681/5951] 2022-10-25  10 tweets
2026-04-17 15:14:46   [4680/5951] 2022-10-24  10 tweets
2026-04-17 15:15:26   [4679/5951] 2022-10-23  10 tweets
2026-04-17 15:15:54   [4678/5951] 2022-10-22  12 tweets
2026-04-17 15:16:45   [4677/5951] 2022-10-21  0 tweets RATE_LIMIT?
2026-04-17 15:16:51   [probe] 0 tweets — RATE LIMIT CONFIRMADO
2026-04-17 15:16:51 [!] Revertidos y CSVs eliminados: ['2022-10-22', '2022-10-21']
2026-04-17 15:16:51 [!] Rate limit confirmado — esperando 1 minuto y reintentando...
2026-04-17 15:17:51 [+] Total: 5951 dias | Pendientes: 4678
2026-04-17 15:17:57   [4678/5951] 2022-10-22  0 tweets RATE_LIMIT?
2026-04-17 15:18:03   [probe] 0 tweets — RATE LIMIT CONFIRMADO
2026-04-17 15:18:03 [!] Revertidos y CSVs eliminados: ['2022-10-22']
2026-04-17 15:18:03 [!] Rate limit confirmado — esperando 1 minuto y reintentando...
2026-04-17 15:19:04 [+] Total: 5951 dias | Pendientes: 4678
2026-04-17 15:19:11   [4678/5951] 2022-10-22  12 tweets
2026-04-17 15:19:33   [4677/5951] 2022-10-21  14 tweets
2026-04-17 15:19:54   [4676/5951] 2022-10-20  6 tweets
2026-04-17 15:20:32   [4675/5951] 2022-10-19  12 tweets
2026-04-17 15:20:57   [4674/5951] 2022-10-18  10 tweets
2026-04-17 15:21:29   [4673/5951] 2022-10-17  8 tweets
2026-04-17 15:22:13   [4672/5951] 2022-10-16  8 tweets
2026-04-17 15:22:47   [4671/5951] 2022-10-15  18 tweets
2026-04-17 15:23:16   [4670/5951] 2022-10-14  8 tweets
2026-04-17 15:23:29   [4669/5951] 2022-10-13  8 tweets
2026-04-17 15:24:03   [4668/5951] 2022-10-12  16 tweets
2026-04-17 15:24:45   [4667/5951] 2022-10-11  24 tweets
2026-04-17 15:25:01   [4666/5951] 2022-10-10  8 tweets
2026-04-17 15:25:47   [4665/5951] 2022-10-09  10 tweets
2026-04-17 15:26:37   [4664/5951] 2022-10-08  4 tweets
2026-04-17 15:26:59   [4663/5951] 2022-10-07  18 tweets
2026-04-17 15:27:12   [4662/5951] 2022-10-06  12 tweets
2026-04-17 15:27:35   [4661/5951] 2022-10-05  14 tweets
2026-04-17 15:28:21   [4660/5951] 2022-10-04  4 tweets
2026-04-17 15:29:10   [4659/5951] 2022-10-03  4 tweets
2026-04-17 15:29:59   [4658/5951] 2022-10-02  10 tweets
2026-04-17 15:30:40   [4657/5951] 2022-10-01  10 tweets
2026-04-17 15:30:54   [4656/5951] 2022-09-30  14 tweets
2026-04-17 15:31:42   [4655/5951] 2022-09-29  14 tweets
2026-04-17 15:32:22   [4654/5951] 2022-09-28  16 tweets
2026-04-17 15:32:50   [4653/5951] 2022-09-27  0 tweets RATE_LIMIT?
2026-04-17 15:32:56   [probe] 0 tweets — RATE LIMIT CONFIRMADO
2026-04-17 15:32:56 [!] Revertidos y CSVs eliminados: ['2022-09-28', '2022-09-27']
2026-04-17 15:32:56 [!] Rate limit confirmado — esperando 1 minuto y reintentando...
2026-04-17 15:33:56 [+] Total: 5951 dias | Pendientes: 4654
2026-04-17 15:34:03   [4654/5951] 2022-09-28  0 tweets RATE_LIMIT?
2026-04-17 15:34:11   [probe] 30 tweets — mes vacio normal
2026-04-17 15:34:38   [4653/5951] 2022-09-27  12 tweets
2026-04-17 15:34:55   [4652/5951] 2022-09-26  14 tweets
2026-04-17 15:35:25   [4651/5951] 2022-09-25  14 tweets
2026-04-17 15:35:45   [4650/5951] 2022-09-24  14 tweets
2026-04-17 15:36:27   [4649/5951] 2022-09-23  4 tweets
2026-04-17 15:37:18   [4648/5951] 2022-09-22  8 tweets
2026-04-17 15:37:52   [4647/5951] 2022-09-21  2 tweets
2026-04-17 15:38:19   [4646/5951] 2022-09-20  4 tweets
2026-04-17 15:38:35   [4645/5951] 2022-09-19  4 tweets
2026-04-17 15:39:25   [4644/5951] 2022-09-18  10 tweets
2026-04-17 15:40:07   [4643/5951] 2022-09-17  6 tweets
2026-04-17 15:40:38   [4642/5951] 2022-09-16  12 tweets
2026-04-17 15:41:23   [4641/5951] 2022-09-15  10 tweets
2026-04-17 15:41:41   [4640/5951] 2022-09-14  12 tweets
2026-04-17 15:42:16   [4639/5951] 2022-09-13  22 tweets
2026-04-17 15:42:47   [4638/5951] 2022-09-12  18 tweets
2026-04-17 15:42:58   [4637/5951] 2022-09-11  12 tweets
2026-04-17 15:43:20   [4636/5951] 2022-09-10  10 tweets
2026-04-17 15:43:43   [4635/5951] 2022-09-09  10 tweets
2026-04-17 15:44:22   [4634/5951] 2022-09-08  12 tweets
2026-04-17 15:45:09   [4633/5951] 2022-09-07  20 tweets
2026-04-17 15:45:39   [4632/5951] 2022-09-06  14 tweets
2026-04-17 15:46:14   [4631/5951] 2022-09-05  10 tweets
2026-04-17 15:46:34   [4630/5951] 2022-09-04  4 tweets
2026-04-17 15:47:12   [4629/5951] 2022-09-03  0 tweets RATE_LIMIT?
2026-04-17 15:47:18   [probe] 0 tweets — RATE LIMIT CONFIRMADO
2026-04-17 15:47:18 [!] Revertidos y CSVs eliminados: ['2022-09-04', '2022-09-03']
2026-04-17 15:47:18 [!] Rate limit confirmado — esperando 1 minuto y reintentando...
2026-04-17 15:48:18 [+] Total: 5951 dias | Pendientes: 4630
2026-04-17 15:48:24   [4630/5951] 2022-09-04  0 tweets RATE_LIMIT?
2026-04-17 15:48:31   [probe] 0 tweets — RATE LIMIT CONFIRMADO
2026-04-17 15:48:31 [!] Revertidos y CSVs eliminados: ['2022-09-04']
2026-04-17 15:48:31 [!] Rate limit confirmado — esperando 1 minuto y reintentando...
2026-04-17 15:49:31 [+] Total: 5951 dias | Pendientes: 4630
2026-04-17 15:49:38   [4630/5951] 2022-09-04  4 tweets
2026-04-17 15:50:05   [4629/5951] 2022-09-03  8 tweets
2026-04-17 15:50:36   [4628/5951] 2022-09-02  14 tweets
2026-04-17 15:51:13   [4627/5951] 2022-09-01  8 tweets
2026-04-17 15:51:52   [4626/5951] 2022-08-31  14 tweets
2026-04-17 15:52:43   [4625/5951] 2022-08-30  8 tweets
2026-04-17 15:53:09   [4624/5951] 2022-08-29  16 tweets
2026-04-17 15:53:56   [4623/5951] 2022-08-28  12 tweets
2026-04-17 15:54:31   [4622/5951] 2022-08-27  10 tweets
2026-04-17 15:54:56   [4621/5951] 2022-08-26  8 tweets
2026-04-17 15:55:11   [4620/5951] 2022-08-25  8 tweets
2026-04-17 15:55:30   [4619/5951] 2022-08-24  16 tweets
2026-04-17 15:55:49   [4618/5951] 2022-08-23  6 tweets
2026-04-17 15:56:07   [4617/5951] 2022-08-22  16 tweets
2026-04-17 15:56:40   [4616/5951] 2022-08-21  22 tweets
2026-04-17 15:57:29   [4615/5951] 2022-08-20  10 tweets
2026-04-17 15:58:14   [4614/5951] 2022-08-19  10 tweets
2026-04-17 15:58:31   [4613/5951] 2022-08-18  12 tweets
2026-04-17 15:58:54   [4612/5951] 2022-08-17  8 tweets
2026-04-17 15:59:08   [4611/5951] 2022-08-16  18 tweets
2026-04-17 15:59:32   [4610/5951] 2022-08-15  10 tweets
2026-04-17 16:00:17   [4609/5951] 2022-08-14  10 tweets
2026-04-17 16:01:05   [4608/5951] 2022-08-13  16 tweets
2026-04-17 16:01:43   [4607/5951] 2022-08-12  14 tweets
2026-04-17 16:02:23   [4606/5951] 2022-08-11  8 tweets
2026-04-17 16:03:03   [4605/5951] 2022-08-10  0 tweets RATE_LIMIT?
2026-04-17 16:03:09   [probe] 0 tweets — RATE LIMIT CONFIRMADO
2026-04-17 16:03:09 [!] Revertidos y CSVs eliminados: ['2022-08-11', '2022-08-10']
2026-04-17 16:03:09 [!] Rate limit confirmado — esperando 1 minuto y reintentando...
2026-04-17 16:04:09 [+] Total: 5951 dias | Pendientes: 4606
2026-04-17 16:04:15   [4606/5951] 2022-08-11  0 tweets RATE_LIMIT?
2026-04-17 16:04:22   [probe] 0 tweets — RATE LIMIT CONFIRMADO
2026-04-17 16:04:22 [!] Revertidos y CSVs eliminados: ['2022-08-11']
2026-04-17 16:04:22 [!] Rate limit confirmado — esperando 1 minuto y reintentando...
2026-04-17 16:05:22 [+] Total: 5951 dias | Pendientes: 4606
2026-04-17 16:05:28   [4606/5951] 2022-08-11  8 tweets
2026-04-17 16:06:10   [4605/5951] 2022-08-10  10 tweets
2026-04-17 16:06:28   [4604/5951] 2022-08-09  6 tweets
2026-04-17 16:07:08   [4603/5951] 2022-08-08  8 tweets
2026-04-17 16:07:43   [4602/5951] 2022-08-07  6 tweets
2026-04-17 16:08:00   [4601/5951] 2022-08-06  16 tweets
2026-04-17 16:08:24   [4600/5951] 2022-08-05  10 tweets
2026-04-17 16:08:51   [4599/5951] 2022-08-04  10 tweets
2026-04-17 16:09:26   [4598/5951] 2022-08-03  10 tweets
2026-04-17 16:09:50   [4597/5951] 2022-08-02  12 tweets
2026-04-17 16:10:10   [4596/5951] 2022-08-01  6 tweets
2026-04-17 16:10:21   [4595/5951] 2022-07-31  6 tweets
2026-04-17 16:11:06   [4594/5951] 2022-07-30  16 tweets
2026-04-17 16:11:45   [4593/5951] 2022-07-29  10 tweets
2026-04-17 16:12:07   [4592/5951] 2022-07-28  10 tweets
2026-04-17 16:12:26   [4591/5951] 2022-07-27  14 tweets
2026-04-17 16:12:49   [4590/5951] 2022-07-26  22 tweets
2026-04-17 16:13:15   [4589/5951] 2022-07-25  22 tweets
2026-04-17 16:14:05   [4588/5951] 2022-07-24  2 tweets
2026-04-17 16:14:45   [4587/5951] 2022-07-23  22 tweets
2026-04-17 16:15:20   [4586/5951] 2022-07-22  16 tweets
2026-04-17 16:16:10   [4585/5951] 2022-07-21  6 tweets
2026-04-17 16:16:53   [4584/5951] 2022-07-20  8 tweets
2026-04-17 16:17:32   [4583/5951] 2022-07-19  12 tweets
2026-04-17 16:18:00   [4582/5951] 2022-07-18  12 tweets
2026-04-17 16:18:40   [4581/5951] 2022-07-17  0 tweets RATE_LIMIT?
2026-04-17 16:18:46   [probe] 0 tweets — RATE LIMIT CONFIRMADO
2026-04-17 16:18:46 [!] Revertidos y CSVs eliminados: ['2022-07-18', '2022-07-17']
2026-04-17 16:18:46 [!] Rate limit confirmado — esperando 1 minuto y reintentando...
2026-04-17 16:19:46 [+] Total: 5951 dias | Pendientes: 4582
2026-04-17 16:19:53   [4582/5951] 2022-07-18  0 tweets RATE_LIMIT?
2026-04-17 16:20:00   [probe] 0 tweets — RATE LIMIT CONFIRMADO
2026-04-17 16:20:00 [!] Revertidos y CSVs eliminados: ['2022-07-18']
2026-04-17 16:20:00 [!] Rate limit confirmado — esperando 1 minuto y reintentando...
2026-04-17 16:21:00 [+] Total: 5951 dias | Pendientes: 4582
2026-04-17 16:21:07   [4582/5951] 2022-07-18  12 tweets
2026-04-17 16:21:22   [4581/5951] 2022-07-17  18 tweets
2026-04-17 16:21:48   [4580/5951] 2022-07-16  8 tweets
2026-04-17 16:22:29   [4579/5951] 2022-07-15  6 tweets
2026-04-17 16:22:53   [4578/5951] 2022-07-14  14 tweets
2026-04-17 16:23:43   [4577/5951] 2022-07-13  18 tweets
2026-04-17 16:24:19   [4576/5951] 2022-07-12  10 tweets
2026-04-17 16:24:32   [4575/5951] 2022-07-11  24 tweets
2026-04-17 16:25:05   [4574/5951] 2022-07-10  6 tweets
2026-04-17 16:25:22   [4573/5951] 2022-07-09  14 tweets
2026-04-17 16:26:12   [4572/5951] 2022-07-08  18 tweets
2026-04-17 16:26:33   [4571/5951] 2022-07-07  8 tweets
2026-04-17 16:27:19   [4570/5951] 2022-07-06  6 tweets
2026-04-17 16:28:01   [4569/5951] 2022-07-05  8 tweets
2026-04-17 16:28:37   [4568/5951] 2022-07-04  8 tweets
2026-04-17 16:28:56   [4567/5951] 2022-07-03  12 tweets
2026-04-17 16:29:42   [4566/5951] 2022-07-02  8 tweets
2026-04-17 16:30:17   [4565/5951] 2022-07-01  14 tweets
2026-04-17 16:30:55   [4564/5951] 2022-06-30  8 tweets
2026-04-17 16:31:42   [4563/5951] 2022-06-29  18 tweets
2026-04-17 16:32:12   [4562/5951] 2022-06-28  8 tweets
2026-04-17 16:32:47   [4561/5951] 2022-06-27  4 tweets
2026-04-17 16:33:33   [4560/5951] 2022-06-26  20 tweets
2026-04-17 16:34:17   [4559/5951] 2022-06-25  10 tweets
2026-04-17 16:34:40   [4558/5951] 2022-06-24  14 tweets
2026-04-17 16:35:13   [4557/5951] 2022-06-23  0 tweets RATE_LIMIT?
2026-04-17 16:35:19   [probe] 0 tweets — RATE LIMIT CONFIRMADO
2026-04-17 16:35:19 [!] Revertidos y CSVs eliminados: ['2022-06-24', '2022-06-23']
2026-04-17 16:35:19 [!] Rate limit confirmado — esperando 1 minuto y reintentando...
2026-04-17 16:36:19 [+] Total: 5951 dias | Pendientes: 4558
2026-04-17 16:36:27   [4558/5951] 2022-06-24  14 tweets
2026-04-17 16:36:56   [4557/5951] 2022-06-23  18 tweets
2026-04-17 16:37:34   [4556/5951] 2022-06-22  14 tweets
2026-04-17 16:38:22   [4555/5951] 2022-06-21  12 tweets
2026-04-17 16:38:50   [4554/5951] 2022-06-20  10 tweets
2026-04-17 16:39:33   [4553/5951] 2022-06-19  10 tweets
2026-04-17 16:39:57   [4552/5951] 2022-06-18  18 tweets
2026-04-17 16:40:21   [4551/5951] 2022-06-17  16 tweets
2026-04-17 16:40:52   [4550/5951] 2022-06-16  8 tweets
2026-04-17 16:41:38   [4549/5951] 2022-06-15  24 tweets
2026-04-17 16:42:07   [4548/5951] 2022-06-14  8 tweets
2026-04-17 16:42:35   [4547/5951] 2022-06-13  14 tweets
2026-04-17 16:43:26   [4546/5951] 2022-06-12  8 tweets
2026-04-17 16:44:03   [4545/5951] 2022-06-11  8 tweets
2026-04-17 16:44:25   [4544/5951] 2022-06-10  18 tweets
2026-04-17 16:44:38   [4543/5951] 2022-06-09  10 tweets
2026-04-17 16:44:58   [4542/5951] 2022-06-08  10 tweets
2026-04-17 16:45:35   [4541/5951] 2022-06-07  12 tweets
2026-04-17 16:46:19   [4540/5951] 2022-06-06  8 tweets
2026-04-17 16:46:30   [4539/5951] 2022-06-05  20 tweets
2026-04-17 16:46:45   [4538/5951] 2022-06-04  16 tweets
2026-04-17 16:47:25   [4537/5951] 2022-06-03  26 tweets
2026-04-17 16:48:11   [4536/5951] 2022-06-02  12 tweets
2026-04-17 16:48:57   [4535/5951] 2022-06-01  4 tweets
2026-04-17 16:49:24   [4534/5951] 2022-05-31  12 tweets
2026-04-17 16:50:11   [4533/5951] 2022-05-30  0 tweets RATE_LIMIT?
2026-04-17 16:50:17   [probe] 0 tweets — RATE LIMIT CONFIRMADO
2026-04-17 16:50:17 [!] Revertidos y CSVs eliminados: ['2022-05-31', '2022-05-30']
2026-04-17 16:50:17 [!] Rate limit confirmado — esperando 1 minuto y reintentando...
2026-04-17 16:51:17 [+] Total: 5951 dias | Pendientes: 4534
2026-04-17 16:51:23   [4534/5951] 2022-05-31  0 tweets RATE_LIMIT?
2026-04-17 16:51:30   [probe] 30 tweets — mes vacio normal
2026-04-17 16:52:08   [4533/5951] 2022-05-30  22 tweets
2026-04-17 16:52:37   [4532/5951] 2022-05-29  8 tweets
2026-04-17 16:52:57   [4531/5951] 2022-05-28  16 tweets
2026-04-17 16:53:38   [4530/5951] 2022-05-27  12 tweets
2026-04-17 16:53:59   [4529/5951] 2022-05-26  30 tweets
2026-04-17 16:54:30   [4528/5951] 2022-05-25  18 tweets
2026-04-17 16:54:44   [4527/5951] 2022-05-24  6 tweets
2026-04-17 16:55:32   [4526/5951] 2022-05-23  6 tweets
2026-04-17 16:55:58   [4525/5951] 2022-05-22  8 tweets
2026-04-17 16:56:23   [4524/5951] 2022-05-21  18 tweets
2026-04-17 16:57:03   [4523/5951] 2022-05-20  14 tweets
2026-04-17 16:57:39   [4522/5951] 2022-05-19  4 tweets
2026-04-17 16:58:21   [4521/5951] 2022-05-18  4 tweets
2026-04-17 16:58:42   [4520/5951] 2022-05-17  4 tweets
2026-04-17 16:59:23   [4519/5951] 2022-05-16 SIN_RESPUESTA — reiniciando, reintentando...
2026-04-17 16:59:47   [4519/5951] 2022-05-16  6 tweets
2026-04-17 17:00:15   [4518/5951] 2022-05-15 SIN_RESPUESTA — reiniciando, reintentando...
2026-04-17 17:00:36   [4518/5951] 2022-05-15  SIN_RESPUESTA x2 — saltando
2026-04-17 17:00:49   [4517/5951] 2022-05-14 SIN_RESPUESTA — reiniciando, reintentando...
2026-04-17 17:01:11   [4517/5951] 2022-05-14  SIN_RESPUESTA x2 — saltando
2026-04-17 17:01:24   [4516/5951] 2022-05-13 SIN_RESPUESTA — reiniciando, reintentando...
2026-04-17 17:01:45   [4516/5951] 2022-05-13  SIN_RESPUESTA x2 — saltando
2026-04-17 17:02:33   [4515/5951] 2022-05-12 SIN_RESPUESTA — reiniciando, reintentando...
2026-04-17 17:02:55   [4515/5951] 2022-05-12  SIN_RESPUESTA x2 — saltando
2026-04-17 17:03:23   [4514/5951] 2022-05-11 SIN_RESPUESTA — reiniciando, reintentando...
2026-04-17 17:03:44   [4514/5951] 2022-05-11  SIN_RESPUESTA x2 — saltando
2026-04-17 17:04:18   [4513/5951] 2022-05-10 SIN_RESPUESTA — reiniciando, reintentando...
2026-04-17 17:04:39   [4513/5951] 2022-05-10  SIN_RESPUESTA x2 — saltando
2026-04-17 17:05:28   [4512/5951] 2022-05-09 SIN_RESPUESTA — reiniciando, reintentando...
2026-04-17 17:05:50   [4512/5951] 2022-05-09  SIN_RESPUESTA x2 — saltando
2026-04-17 17:06:02   [4511/5951] 2022-05-08 SIN_RESPUESTA — reiniciando, reintentando...
2026-04-17 17:06:23   [4511/5951] 2022-05-08  SIN_RESPUESTA x2 — saltando
2026-04-17 17:06:59   [4510/5951] 2022-05-07  8 tweets
2026-04-17 17:07:50   [4509/5951] 2022-05-06  6 tweets
2026-04-17 17:08:33   [4508/5951] 2022-05-05  8 tweets
2026-04-17 17:09:12   [4507/5951] 2022-05-04  14 tweets
2026-04-17 17:09:43   [4506/5951] 2022-05-03  6 tweets
2026-04-17 17:10:02   [4505/5951] 2022-05-02  6 tweets
2026-04-17 17:10:36   [4504/5951] 2022-05-01  8 tweets
2026-04-17 17:11:07   [4503/5951] 2022-04-30  10 tweets
2026-04-17 17:11:41   [4502/5951] 2022-04-29  18 tweets
2026-04-17 17:11:53   [4501/5951] 2022-04-28  6 tweets
2026-04-17 17:12:05   [4500/5951] 2022-04-27  12 tweets
2026-04-17 17:12:21   [4499/5951] 2022-04-26  20 tweets
2026-04-17 17:12:35   [4498/5951] 2022-04-25  10 tweets
2026-04-17 17:13:22   [4497/5951] 2022-04-24  18 tweets
2026-04-17 17:14:06   [4496/5951] 2022-04-23  12 tweets
2026-04-17 17:14:55   [4495/5951] 2022-04-22  22 tweets
2026-04-17 17:15:14   [4494/5951] 2022-04-21  12 tweets
2026-04-17 17:15:45   [4493/5951] 2022-04-20  10 tweets
2026-04-17 17:16:16   [4492/5951] 2022-04-19  14 tweets
2026-04-17 17:16:38   [4491/5951] 2022-04-18  6 tweets
2026-04-17 17:16:50   [4490/5951] 2022-04-17  14 tweets
2026-04-17 17:17:29   [4489/5951] 2022-04-16  18 tweets
2026-04-17 17:17:51   [4488/5951] 2022-04-15  14 tweets
2026-04-17 17:18:08   [4487/5951] 2022-04-14  24 tweets
2026-04-17 17:18:55   [4486/5951] 2022-04-13  8 tweets
2026-04-17 17:19:43   [4485/5951] 2022-04-12  7 tweets RATE_LIMIT?
2026-04-17 17:20:04   [4484/5951] 2022-04-11  0 tweets RATE_LIMIT?
2026-04-17 17:20:10   [probe] 0 tweets — RATE LIMIT CONFIRMADO
2026-04-17 17:20:10 [!] Revertidos y CSVs eliminados: ['2022-04-12', '2022-04-11']
2026-04-17 17:20:10 [!] Rate limit confirmado — esperando 1 minuto y reintentando...
2026-04-17 17:21:10 [+] Total: 5951 dias | Pendientes: 4485
2026-04-17 17:21:18   [4485/5951] 2022-04-12  0 tweets RATE_LIMIT?
2026-04-17 17:21:25   [probe] 0 tweets — RATE LIMIT CONFIRMADO
2026-04-17 17:21:25 [!] Revertidos y CSVs eliminados: ['2022-04-12']
2026-04-17 17:21:25 [!] Rate limit confirmado — esperando 1 minuto y reintentando...
2026-04-17 17:22:25 [+] Total: 5951 dias | Pendientes: 4485
2026-04-17 17:22:32   [4485/5951] 2022-04-12  14 tweets
2026-04-17 17:23:12   [4484/5951] 2022-04-11  18 tweets
2026-04-17 17:23:37   [4483/5951] 2022-04-10  10 tweets
2026-04-17 17:24:26   [4482/5951] 2022-04-09  8 tweets
2026-04-17 17:24:45   [4481/5951] 2022-04-08  6 tweets
2026-04-17 17:25:10   [4480/5951] 2022-04-07  14 tweets
2026-04-17 17:25:26   [4479/5951] 2022-04-06  8 tweets
2026-04-17 17:25:45   [4478/5951] 2022-04-05  20 tweets
2026-04-17 17:26:26   [4477/5951] 2022-04-04  10 tweets
2026-04-17 17:26:57   [4476/5951] 2022-04-03  6 tweets
2026-04-17 17:27:13   [4475/5951] 2022-04-02  14 tweets
2026-04-17 17:27:29   [4474/5951] 2022-04-01  22 tweets
2026-04-17 17:28:15   [4473/5951] 2022-03-31  2 tweets
2026-04-17 17:28:55   [4472/5951] 2022-03-30  0 tweets
2026-04-17 17:29:18   [4471/5951] 2022-03-29  12 tweets
2026-04-17 17:29:54   [4470/5951] 2022-03-28  6 tweets
2026-04-17 17:30:24   [4469/5951] 2022-03-27  20 tweets
2026-04-17 17:30:37   [4468/5951] 2022-03-26  16 tweets
2026-04-17 17:30:59   [4467/5951] 2022-03-25  4 tweets
2026-04-17 17:31:41   [4466/5951] 2022-03-24  38 tweets
2026-04-17 17:31:52   [4465/5951] 2022-03-23  12 tweets
2026-04-17 17:32:40   [4464/5951] 2022-03-22  14 tweets
2026-04-17 17:33:25   [4463/5951] 2022-03-21  16 tweets
2026-04-17 17:34:12   [4462/5951] 2022-03-20  0 tweets
2026-04-17 17:34:36   [4461/5951] 2022-03-19  2 tweets
2026-04-17 17:35:09   [4460/5951] 2022-03-18  18 tweets
2026-04-17 17:35:51   [4459/5951] 2022-03-17  0 tweets RATE_LIMIT?
2026-04-17 17:35:57   [probe] 0 tweets — RATE LIMIT CONFIRMADO
2026-04-17 17:35:57 [!] Revertidos y CSVs eliminados: ['2022-03-18', '2022-03-17']
2026-04-17 17:35:57 [!] Rate limit confirmado — esperando 1 minuto y reintentando...
2026-04-17 17:36:57 [+] Total: 5951 dias | Pendientes: 4460
2026-04-17 17:37:05   [4460/5951] 2022-03-18  0 tweets RATE_LIMIT?
2026-04-17 17:37:11   [probe] 0 tweets — RATE LIMIT CONFIRMADO
2026-04-17 17:37:11 [!] Revertidos y CSVs eliminados: ['2022-03-18']
2026-04-17 17:37:11 [!] Rate limit confirmado — esperando 1 minuto y reintentando...
2026-04-17 17:38:11 [+] Total: 5951 dias | Pendientes: 4460
2026-04-17 17:38:20   [4460/5951] 2022-03-18  18 tweets
2026-04-17 17:38:59   [4459/5951] 2022-03-17  10 tweets
2026-04-17 17:39:20   [4458/5951] 2022-03-16  8 tweets
2026-04-17 17:39:36   [4457/5951] 2022-03-15  12 tweets
2026-04-17 17:39:51   [4456/5951] 2022-03-14  4 tweets
2026-04-17 17:40:31   [4455/5951] 2022-03-13  8 tweets
2026-04-17 17:40:58   [4454/5951] 2022-03-12  10 tweets
2026-04-17 17:41:10   [4453/5951] 2022-03-11  14 tweets
2026-04-17 17:41:55   [4452/5951] 2022-03-10  16 tweets
2026-04-17 17:42:42   [4451/5951] 2022-03-09  6 tweets
2026-04-17 17:43:20   [4450/5951] 2022-03-08  20 tweets
2026-04-17 17:43:52   [4449/5951] 2022-03-07  10 tweets
2026-04-17 17:44:11   [4448/5951] 2022-03-06  6 tweets
2026-04-17 17:44:40   [4447/5951] 2022-03-05  4 tweets
2026-04-17 17:44:53   [4446/5951] 2022-03-04  34 tweets
2026-04-17 17:45:08   [4445/5951] 2022-03-03  12 tweets
2026-04-17 17:45:24   [4444/5951] 2022-03-02  20 tweets
2026-04-17 17:46:01   [4443/5951] 2022-03-01  18 tweets
2026-04-17 17:46:33   [4442/5951] 2022-02-28  26 tweets
2026-04-17 17:47:11   [4441/5951] 2022-02-27  8 tweets
2026-04-17 17:47:53   [4440/5951] 2022-02-26  12 tweets
2026-04-17 17:48:17   [4439/5951] 2022-02-25  12 tweets
2026-04-17 17:48:42   [4438/5951] 2022-02-24  10 tweets
2026-04-17 17:48:55   [4437/5951] 2022-02-23  18 tweets
2026-04-17 17:49:09   [4436/5951] 2022-02-22  6 tweets
2026-04-17 17:49:42   [4435/5951] 2022-02-21  0 tweets RATE_LIMIT?
2026-04-17 17:49:48   [probe] 0 tweets — RATE LIMIT CONFIRMADO
2026-04-17 17:49:48 [!] Revertidos y CSVs eliminados: ['2022-02-22', '2022-02-21']
2026-04-17 17:49:48 [!] Rate limit confirmado — esperando 1 minuto y reintentando...
2026-04-17 17:50:48 [+] Total: 5951 dias | Pendientes: 4436
2026-04-17 17:50:55   [4436/5951] 2022-02-22  0 tweets RATE_LIMIT?
2026-04-17 17:51:01   [probe] 0 tweets — RATE LIMIT CONFIRMADO
2026-04-17 17:51:01 [!] Revertidos y CSVs eliminados: ['2022-02-22']
2026-04-17 17:51:01 [!] Rate limit confirmado — esperando 1 minuto y reintentando...
2026-04-17 17:52:01 [+] Total: 5951 dias | Pendientes: 4436
2026-04-17 17:52:08   [4436/5951] 2022-02-22  0 tweets RATE_LIMIT?
2026-04-17 17:52:15   [probe] 0 tweets — RATE LIMIT CONFIRMADO
2026-04-17 17:52:15 [!] Revertidos y CSVs eliminados: ['2022-02-22']
2026-04-17 17:52:15 [!] Rate limit confirmado — esperando 1 minuto y reintentando...
2026-04-17 17:53:15 [+] Total: 5951 dias | Pendientes: 4436
2026-04-17 17:53:23   [4436/5951] 2022-02-22  6 tweets
2026-04-17 17:53:55   [4435/5951] 2022-02-21  14 tweets
2026-04-17 17:54:33   [4434/5951] 2022-02-20  26 tweets
2026-04-17 17:54:55   [4433/5951] 2022-02-19  16 tweets
2026-04-17 17:55:31   [4432/5951] 2022-02-18  12 tweets
2026-04-17 17:55:57   [4431/5951] 2022-02-17  20 tweets
2026-04-17 17:56:20   [4430/5951] 2022-02-16  6 tweets
2026-04-17 17:56:32   [4429/5951] 2022-02-15  8 tweets
2026-04-17 17:56:47   [4428/5951] 2022-02-14  8 tweets
2026-04-17 17:57:12   [4427/5951] 2022-02-13  14 tweets
2026-04-17 17:57:43   [4426/5951] 2022-02-12  10 tweets
2026-04-17 17:58:04   [4425/5951] 2022-02-11  10 tweets
2026-04-17 17:58:29   [4424/5951] 2022-02-10  0 tweets
2026-04-17 17:59:06   [4423/5951] 2022-02-09  8 tweets
2026-04-17 17:59:54   [4422/5951] 2022-02-08  24 tweets
2026-04-17 18:00:14   [4421/5951] 2022-02-07  6 tweets
2026-04-17 18:01:04   [4420/5951] 2022-02-06  8 tweets
2026-04-17 18:01:54   [4419/5951] 2022-02-05  16 tweets
2026-04-17 18:02:15   [4418/5951] 2022-02-04  10 tweets
2026-04-17 18:02:57   [4417/5951] 2022-02-03  16 tweets
2026-04-17 18:03:35   [4416/5951] 2022-02-02  6 tweets
2026-04-17 18:04:19   [4415/5951] 2022-02-01  12 tweets
2026-04-17 18:04:45   [4414/5951] 2022-01-31  4 tweets
2026-04-17 18:04:58   [4413/5951] 2022-01-30  18 tweets
2026-04-17 18:05:26   [4412/5951] 2022-01-29  6 tweets
2026-04-17 18:05:40   [4411/5951] 2022-01-28  1 tweets RATE_LIMIT?
2026-04-17 18:06:25   [4410/5951] 2022-01-27  0 tweets RATE_LIMIT?
2026-04-17 18:06:32   [probe] 0 tweets — RATE LIMIT CONFIRMADO
2026-04-17 18:06:32 [!] Revertidos y CSVs eliminados: ['2022-01-28', '2022-01-27']
2026-04-17 18:06:32 [!] Rate limit confirmado — esperando 1 minuto y reintentando...
2026-04-17 18:07:32 [+] Total: 5951 dias | Pendientes: 4411
2026-04-17 18:07:39   [4411/5951] 2022-01-28  0 tweets RATE_LIMIT?
2026-04-17 18:07:45   [probe] 0 tweets — RATE LIMIT CONFIRMADO
2026-04-17 18:07:45 [!] Revertidos y CSVs eliminados: ['2022-01-28']
2026-04-17 18:07:45 [!] Rate limit confirmado — esperando 1 minuto y reintentando...
2026-04-17 18:08:45 [+] Total: 5951 dias | Pendientes: 4411
2026-04-17 18:08:52   [4411/5951] 2022-01-28  2 tweets
2026-04-17 18:09:24   [4410/5951] 2022-01-27  10 tweets
2026-04-17 18:09:56   [4409/5951] 2022-01-26  4 tweets
2026-04-17 18:10:27   [4408/5951] 2022-01-25  18 tweets
2026-04-17 18:11:11   [4407/5951] 2022-01-24  2 tweets
2026-04-17 18:11:57   [4406/5951] 2022-01-23  4 tweets
2026-04-17 18:12:14   [4405/5951] 2022-01-22  10 tweets
2026-04-17 18:12:26   [4404/5951] 2022-01-21  4 tweets
2026-04-17 18:13:14   [4403/5951] 2022-01-20  22 tweets
2026-04-17 18:13:42   [4402/5951] 2022-01-19  8 tweets
2026-04-17 18:13:57   [4401/5951] 2022-01-18  4 tweets
2026-04-17 18:14:34   [4400/5951] 2022-01-17  8 tweets
2026-04-17 18:15:20   [4399/5951] 2022-01-16  6 tweets
2026-04-17 18:16:02   [4398/5951] 2022-01-15  8 tweets
2026-04-17 18:16:15   [4397/5951] 2022-01-14  10 tweets
2026-04-17 18:17:03   [4396/5951] 2022-01-13  4 tweets
2026-04-17 18:17:23   [4395/5951] 2022-01-12  2 tweets
2026-04-17 18:18:00   [4394/5951] 2022-01-11  6 tweets
2026-04-17 18:18:32   [4393/5951] 2022-01-10  22 tweets
2026-04-17 18:19:00   [4392/5951] 2022-01-09  6 tweets
2026-04-17 18:19:42   [4391/5951] 2022-01-08  12 tweets
2026-04-17 18:20:32   [4390/5951] 2022-01-07  10 tweets
2026-04-17 18:21:02   [4389/5951] 2022-01-06  12 tweets
2026-04-17 18:21:44   [4388/5951] 2022-01-05  8 tweets
2026-04-17 18:22:24   [4387/5951] 2022-01-04  12 tweets
2026-04-17 18:22:44   [4386/5951] 2022-01-03  0 tweets RATE_LIMIT?
2026-04-17 18:22:50   [probe] 0 tweets — RATE LIMIT CONFIRMADO
2026-04-17 18:22:50 [!] Revertidos y CSVs eliminados: ['2022-01-04', '2022-01-03']
2026-04-17 18:22:50 [!] Rate limit confirmado — esperando 1 minuto y reintentando...
2026-04-17 18:23:50 [+] Total: 5951 dias | Pendientes: 4387
2026-04-17 18:23:56   [4387/5951] 2022-01-04  12 tweets
2026-04-17 18:24:30   [4386/5951] 2022-01-03  10 tweets
2026-04-17 18:25:17   [4385/5951] 2022-01-02  6 tweets
2026-04-17 18:25:50   [4384/5951] 2022-01-01  12 tweets
2026-04-17 18:26:09   [4383/5951] 2021-12-31  8 tweets
2026-04-17 18:26:22   [4382/5951] 2021-12-30  10 tweets
2026-04-17 18:27:10   [4381/5951] 2021-12-29  10 tweets
2026-04-17 18:27:26   [4380/5951] 2021-12-28  18 tweets
2026-04-17 18:28:00   [4379/5951] 2021-12-27  10 tweets
2026-04-17 18:28:33   [4378/5951] 2021-12-26  26 tweets
2026-04-17 18:28:56   [4377/5951] 2021-12-25  10 tweets
2026-04-17 18:29:43   [4376/5951] 2021-12-24  22 tweets
2026-04-17 18:30:12   [4375/5951] 2021-12-23  0 tweets
2026-04-17 18:30:31   [4374/5951] 2021-12-22  10 tweets
2026-04-17 18:31:16   [4373/5951] 2021-12-21  28 tweets
2026-04-17 18:32:05   [4372/5951] 2021-12-20  8 tweets
2026-04-17 18:32:46   [4371/5951] 2021-12-19  14 tweets
2026-04-17 18:33:24   [4370/5951] 2021-12-18  2 tweets
2026-04-17 18:33:49   [4369/5951] 2021-12-17  6 tweets
2026-04-17 18:34:01 [+] Total: 5951 dias | Pendientes: 4368
2026-04-17 18:34:07   [4368/5951] 2021-12-16  18 tweets
2026-04-17 18:34:24   [4368/5951] 2021-12-16  18 tweets
2026-04-17 18:34:50   [4367/5951] 2021-12-15  8 tweets
2026-04-17 18:34:58   [4367/5951] 2021-12-15  8 tweets
2026-04-17 18:35:26   [4366/5951] 2021-12-14  2 tweets
2026-04-17 18:35:33   [4366/5951] 2021-12-14  2 tweets
2026-04-17 18:35:47   [4365/5951] 2021-12-13  6 tweets RATE_LIMIT?
2026-04-17 18:36:16   [4365/5951] 2021-12-13  0 tweets RATE_LIMIT?
2026-04-17 18:36:20   [4364/5951] 2021-12-12  0 tweets RATE_LIMIT?
2026-04-17 18:36:22   [probe] 0 tweets — RATE LIMIT CONFIRMADO
2026-04-17 18:36:22 [!] Revertidos y CSVs eliminados: ['2021-12-14', '2021-12-13']
2026-04-17 18:36:22 [!] Rate limit confirmado — esperando 30 segundos y reintentando...
2026-04-17 18:36:26   [probe] 0 tweets — RATE LIMIT CONFIRMADO
2026-04-17 18:36:26 [!] Revertidos y CSVs eliminados: ['2021-12-13', '2021-12-12']
2026-04-17 18:36:26 [!] Rate limit confirmado — esperando 1 minuto y reintentando...
2026-04-17 18:36:52 [+] Total: 5951 dias | Pendientes: 4366
2026-04-17 18:36:59   [4366/5951] 2021-12-14  0 tweets RATE_LIMIT?
2026-04-17 18:37:05   [probe] 0 tweets — RATE LIMIT CONFIRMADO
2026-04-17 18:37:05 [!] Revertidos y CSVs eliminados: ['2021-12-14']
2026-04-17 18:37:05 [!] Rate limit confirmado — esperando 30 segundos y reintentando...
2026-04-17 18:37:26 [+] Total: 5951 dias | Pendientes: 4365
2026-04-17 18:37:32   [4365/5951] 2021-12-13  0 tweets RATE_LIMIT?
2026-04-17 18:37:35 [+] Total: 5951 dias | Pendientes: 4366
2026-04-17 18:37:39   [probe] 0 tweets — RATE LIMIT CONFIRMADO
2026-04-17 18:37:39 [!] Revertidos y CSVs eliminados: ['2021-12-13']
2026-04-17 18:37:39 [!] Rate limit confirmado — esperando 1 minuto y reintentando...
2026-04-17 18:37:42   [4366/5951] 2021-12-14  0 tweets RATE_LIMIT?
2026-04-17 18:37:48   [probe] 0 tweets — RATE LIMIT CONFIRMADO
2026-04-17 18:37:48 [!] Revertidos y CSVs eliminados: ['2021-12-14']
2026-04-17 18:37:48 [!] Rate limit confirmado — esperando 30 segundos y reintentando...
2026-04-17 18:38:18 [+] Total: 5951 dias | Pendientes: 4366
2026-04-17 18:38:25   [4366/5951] 2021-12-14  0 tweets RATE_LIMIT?
2026-04-17 18:38:31   [probe] 0 tweets — RATE LIMIT CONFIRMADO
2026-04-17 18:38:31 [!] Revertidos y CSVs eliminados: ['2021-12-14']
2026-04-17 18:38:31 [!] Rate limit confirmado — esperando 30 segundos y reintentando...
2026-04-17 18:38:39 [+] Total: 5951 dias | Pendientes: 4365
2026-04-17 18:38:45   [4365/5951] 2021-12-13  0 tweets RATE_LIMIT?
2026-04-17 18:38:51   [probe] 0 tweets — RATE LIMIT CONFIRMADO
2026-04-17 18:38:51 [!] Revertidos y CSVs eliminados: ['2021-12-13']
2026-04-17 18:38:51 [!] Rate limit confirmado — esperando 1 minuto y reintentando...
2026-04-17 18:39:01 [+] Total: 5951 dias | Pendientes: 4366
2026-04-17 18:39:08   [4366/5951] 2021-12-14  2 tweets
2026-04-17 18:39:51   [4365/5951] 2021-12-13  12 tweets
2026-04-17 18:39:51 [+] Total: 5951 dias | Pendientes: 4365
2026-04-17 18:39:59   [4365/5951] 2021-12-13  12 tweets
2026-04-17 18:40:34   [4364/5951] 2021-12-12  0 tweets
2026-04-17 18:40:47   [4364/5951] 2021-12-12  0 tweets
2026-04-17 18:41:17   [4363/5951] 2021-12-11  10 tweets
2026-04-17 18:41:30   [4363/5951] 2021-12-11  10 tweets
2026-04-17 18:42:00   [4362/5951] 2021-12-10  8 tweets
2026-04-17 18:42:04   [4362/5951] 2021-12-10  8 tweets
2026-04-17 18:42:20   [4361/5951] 2021-12-09  6 tweets
2026-04-17 18:42:43   [4361/5951] 2021-12-09  6 tweets
2026-04-17 18:43:04   [4360/5951] 2021-12-08  6 tweets
2026-04-17 18:43:26   [4360/5951] 2021-12-08  6 tweets
2026-04-17 18:43:50   [4359/5951] 2021-12-07  20 tweets
2026-04-17 18:44:09   [4359/5951] 2021-12-07  20 tweets
2026-04-17 18:44:28   [4358/5951] 2021-12-06  24 tweets
2026-04-17 18:44:52   [4358/5951] 2021-12-06  24 tweets
2026-04-17 18:45:16   [4357/5951] 2021-12-05  6 tweets
2026-04-17 18:45:35   [4357/5951] 2021-12-05  6 tweets
2026-04-17 18:45:53   [4356/5951] 2021-12-04  16 tweets
2026-04-17 18:46:16   [4355/5951] 2021-12-03  0 tweets
2026-04-17 18:46:18   [4356/5951] 2021-12-04  16 tweets
2026-04-17 18:46:56   [4354/5951] 2021-12-02  8 tweets
2026-04-17 18:47:01   [4355/5951] 2021-12-03  0 tweets
2026-04-17 18:47:44   [4354/5951] 2021-12-02  8 tweets
2026-04-17 18:47:46   [4353/5951] 2021-12-01  4 tweets
2026-04-17 18:48:10   [4352/5951] 2021-11-30  6 tweets
2026-04-17 18:48:23   [4351/5951] 2021-11-29  0 tweets RATE_LIMIT?
2026-04-17 18:48:27   [4353/5951] 2021-12-01  0 tweets RATE_LIMIT?
2026-04-17 18:48:29   [probe] 0 tweets — RATE LIMIT CONFIRMADO
2026-04-17 18:48:29 [!] Revertidos y CSVs eliminados: ['2021-11-30', '2021-11-29']
2026-04-17 18:48:29 [!] Rate limit confirmado — esperando 1 minuto y reintentando...
2026-04-17 18:48:33   [probe] 0 tweets — RATE LIMIT CONFIRMADO
2026-04-17 18:48:33 [!] Revertidos y CSVs eliminados: ['2021-12-02', '2021-12-01']
2026-04-17 18:48:33 [!] Rate limit confirmado — esperando 30 segundos y reintentando...
2026-04-17 18:49:03 [+] Total: 5951 dias | Pendientes: 4354
2026-04-17 18:49:10   [4354/5951] 2021-12-02  0 tweets RATE_LIMIT?
2026-04-17 18:49:16   [probe] 0 tweets — RATE LIMIT CONFIRMADO
2026-04-17 18:49:16 [!] Revertidos y CSVs eliminados: ['2021-12-02']
2026-04-17 18:49:16 [!] Rate limit confirmado — esperando 30 segundos y reintentando...
2026-04-17 18:49:29 [+] Total: 5951 dias | Pendientes: 4352
2026-04-17 18:49:35   [4352/5951] 2021-11-30  0 tweets RATE_LIMIT?
2026-04-17 18:49:42   [probe] 0 tweets — RATE LIMIT CONFIRMADO
2026-04-17 18:49:42 [!] Revertidos y CSVs eliminados: ['2021-11-30']
2026-04-17 18:49:42 [!] Rate limit confirmado — esperando 1 minuto y reintentando...
2026-04-17 18:49:46 [+] Total: 5951 dias | Pendientes: 4354
2026-04-17 18:49:52   [4354/5951] 2021-12-02  0 tweets RATE_LIMIT?
2026-04-17 18:49:59   [probe] 0 tweets — RATE LIMIT CONFIRMADO
2026-04-17 18:49:59 [!] Revertidos y CSVs eliminados: ['2021-12-02']
2026-04-17 18:49:59 [!] Rate limit confirmado — esperando 30 segundos y reintentando...
2026-04-17 18:50:29 [+] Total: 5951 dias | Pendientes: 4354
2026-04-17 18:50:35   [4354/5951] 2021-12-02  0 tweets RATE_LIMIT?
2026-04-17 18:50:42   [probe] 0 tweets — RATE LIMIT CONFIRMADO
2026-04-17 18:50:42 [!] Revertidos y CSVs eliminados: ['2021-12-02']
2026-04-17 18:50:42 [!] Rate limit confirmado — esperando 30 segundos y reintentando...
2026-04-17 18:50:42 [+] Total: 5951 dias | Pendientes: 4352
2026-04-17 18:50:49   [4352/5951] 2021-11-30  0 tweets RATE_LIMIT?
2026-04-17 18:50:55   [probe] 0 tweets — RATE LIMIT CONFIRMADO
2026-04-17 18:50:55 [!] Revertidos y CSVs eliminados: ['2021-11-30']
2026-04-17 18:50:55 [!] Rate limit confirmado — esperando 1 minuto y reintentando...
2026-04-17 18:51:12 [+] Total: 5951 dias | Pendientes: 4354
2026-04-17 18:51:18   [4354/5951] 2021-12-02  0 tweets RATE_LIMIT?
2026-04-17 18:51:25   [probe] 0 tweets — RATE LIMIT CONFIRMADO
2026-04-17 18:51:25 [!] Revertidos y CSVs eliminados: ['2021-12-02']
2026-04-17 18:51:25 [!] Rate limit confirmado — esperando 30 segundos y reintentando...
2026-04-17 18:51:55 [+] Total: 5951 dias | Pendientes: 4354
2026-04-17 18:51:55 [+] Total: 5951 dias | Pendientes: 4352
2026-04-17 18:52:01   [4354/5951] 2021-12-02  0 tweets RATE_LIMIT?
2026-04-17 18:52:02   [4352/5951] 2021-11-30  0 tweets RATE_LIMIT?
2026-04-17 18:52:08   [probe] 0 tweets — RATE LIMIT CONFIRMADO
2026-04-17 18:52:08 [!] Revertidos y CSVs eliminados: ['2021-12-02']
2026-04-17 18:52:08 [!] Rate limit confirmado — esperando 30 segundos y reintentando...
2026-04-17 18:52:09   [probe] 0 tweets — RATE LIMIT CONFIRMADO
2026-04-17 18:52:09 [!] Revertidos y CSVs eliminados: ['2021-11-30']
2026-04-17 18:52:09 [!] Rate limit confirmado — esperando 1 minuto y reintentando...
2026-04-17 18:52:38 [+] Total: 5951 dias | Pendientes: 4354
2026-04-17 18:52:44   [4354/5951] 2021-12-02  0 tweets RATE_LIMIT?
2026-04-17 18:52:51   [probe] 0 tweets — RATE LIMIT CONFIRMADO
2026-04-17 18:52:51 [!] Revertidos y CSVs eliminados: ['2021-12-02']
2026-04-17 18:52:51 [!] Rate limit confirmado — esperando 30 segundos y reintentando...
2026-04-17 18:53:09 [+] Total: 5951 dias | Pendientes: 4352
2026-04-17 18:53:15   [4352/5951] 2021-11-30  0 tweets RATE_LIMIT?
2026-04-17 18:53:21 [+] Total: 5951 dias | Pendientes: 4354
2026-04-17 18:53:21   [probe] 0 tweets — RATE LIMIT CONFIRMADO
2026-04-17 18:53:21 [!] Revertidos y CSVs eliminados: ['2021-11-30']
2026-04-17 18:53:21 [!] Rate limit confirmado — esperando 1 minuto y reintentando...
2026-04-17 18:53:27   [4354/5951] 2021-12-02  0 tweets RATE_LIMIT?
2026-04-17 18:53:33   [probe] 0 tweets — RATE LIMIT CONFIRMADO
2026-04-17 18:53:33 [!] Revertidos y CSVs eliminados: ['2021-12-02']
2026-04-17 18:53:33 [!] Rate limit confirmado — esperando 30 segundos y reintentando...
2026-04-17 18:54:03 [+] Total: 5951 dias | Pendientes: 4354
2026-04-17 18:54:10   [4354/5951] 2021-12-02  8 tweets
2026-04-17 18:54:22 [+] Total: 5951 dias | Pendientes: 4352
2026-04-17 18:54:28   [4352/5951] 2021-11-30  6 tweets
2026-04-17 18:54:40   [4351/5951] 2021-11-29  10 tweets
2026-04-17 18:54:53   [4353/5951] 2021-12-01  4 tweets
2026-04-17 18:55:26   [4350/5951] 2021-11-28  0 tweets
2026-04-17 18:55:36   [4352/5951] 2021-11-30  6 tweets
2026-04-17 18:55:59   [4349/5951] 2021-11-27  6 tweets
2026-04-17 18:56:19   [4351/5951] 2021-11-29  10 tweets
2026-04-17 18:56:38   [4348/5951] 2021-11-26  0 tweets
2026-04-17 18:57:02   [4350/5951] 2021-11-28  0 tweets
2026-04-17 18:57:21   [4347/5951] 2021-11-25  8 tweets
2026-04-17 18:57:45   [4349/5951] 2021-11-27  6 tweets
2026-04-17 18:58:05   [4346/5951] 2021-11-24  6 tweets
2026-04-17 18:58:28   [4348/5951] 2021-11-26  12 tweets
2026-04-17 18:58:47   [4345/5951] 2021-11-23  6 tweets
2026-04-17 18:59:08   [4344/5951] 2021-11-22  20 tweets
2026-04-17 18:59:11   [4347/5951] 2021-11-25  8 tweets
2026-04-17 18:59:37   [4343/5951] 2021-11-21  12 tweets
2026-04-17 18:59:54   [4346/5951] 2021-11-24  6 tweets
2026-04-17 19:00:15   [4342/5951] 2021-11-20  12 tweets
2026-04-17 19:00:37   [4345/5951] 2021-11-23  6 tweets
2026-04-17 19:00:52   [4341/5951] 2021-11-19  10 tweets
2026-04-17 19:01:20   [4344/5951] 2021-11-22  20 tweets
2026-04-17 19:01:38   [4340/5951] 2021-11-18  6 tweets
2026-04-17 19:02:03   [4343/5951] 2021-11-21  12 tweets
2026-04-17 19:02:19   [4339/5951] 2021-11-17  14 tweets
2026-04-17 19:02:37   [4338/5951] 2021-11-16  1 tweets RATE_LIMIT?
2026-04-17 19:02:46   [4342/5951] 2021-11-20  0 tweets RATE_LIMIT?
2026-04-17 19:02:52   [probe] 0 tweets — RATE LIMIT CONFIRMADO
2026-04-17 19:02:52 [!] Revertidos y CSVs eliminados: ['2021-11-21', '2021-11-20']
2026-04-17 19:02:52 [!] Rate limit confirmado — esperando 30 segundos y reintentando...
2026-04-17 19:03:04   [4337/5951] 2021-11-15  0 tweets RATE_LIMIT?
2026-04-17 19:03:10   [probe] 0 tweets — RATE LIMIT CONFIRMADO
2026-04-17 19:03:10 [!] Revertidos y CSVs eliminados: ['2021-11-16', '2021-11-15']
2026-04-17 19:03:10 [!] Rate limit confirmado — esperando 1 minuto y reintentando...
2026-04-17 19:03:22 [+] Total: 5951 dias | Pendientes: 4343
2026-04-17 19:03:29   [4343/5951] 2021-11-21  0 tweets RATE_LIMIT?
2026-04-17 19:03:35   [probe] 0 tweets — RATE LIMIT CONFIRMADO
2026-04-17 19:03:35 [!] Revertidos y CSVs eliminados: ['2021-11-21']
2026-04-17 19:03:35 [!] Rate limit confirmado — esperando 30 segundos y reintentando...
2026-04-17 19:04:05 [+] Total: 5951 dias | Pendientes: 4343
2026-04-17 19:04:10 [+] Total: 5951 dias | Pendientes: 4338
2026-04-17 19:04:11   [4343/5951] 2021-11-21  0 tweets RATE_LIMIT?
2026-04-17 19:04:16   [4338/5951] 2021-11-16  0 tweets RATE_LIMIT?
2026-04-17 19:04:18   [probe] 0 tweets — RATE LIMIT CONFIRMADO
2026-04-17 19:04:18 [!] Revertidos y CSVs eliminados: ['2021-11-21']
2026-04-17 19:04:18 [!] Rate limit confirmado — esperando 30 segundos y reintentando...
2026-04-17 19:04:22   [probe] 0 tweets — RATE LIMIT CONFIRMADO
2026-04-17 19:04:22 [!] Revertidos y CSVs eliminados: ['2021-11-16']
2026-04-17 19:04:22 [!] Rate limit confirmado — esperando 1 minuto y reintentando...
2026-04-17 19:04:48 [+] Total: 5951 dias | Pendientes: 4343
2026-04-17 19:04:55   [4343/5951] 2021-11-21  0 tweets RATE_LIMIT?
2026-04-17 19:05:01   [probe] 0 tweets — RATE LIMIT CONFIRMADO
2026-04-17 19:05:01 [!] Revertidos y CSVs eliminados: ['2021-11-21']
2026-04-17 19:05:01 [!] Rate limit confirmado — esperando 30 segundos y reintentando...
2026-04-17 19:05:22 [+] Total: 5951 dias | Pendientes: 4338
2026-04-17 19:05:29   [4338/5951] 2021-11-16  0 tweets RATE_LIMIT?
2026-04-17 19:05:31 [+] Total: 5951 dias | Pendientes: 4343
2026-04-17 19:05:35   [probe] 0 tweets — RATE LIMIT CONFIRMADO
2026-04-17 19:05:35 [!] Revertidos y CSVs eliminados: ['2021-11-16']
2026-04-17 19:05:35 [!] Rate limit confirmado — esperando 1 minuto y reintentando...
2026-04-17 19:05:38   [4343/5951] 2021-11-21  0 tweets RATE_LIMIT?
2026-04-17 19:05:44   [probe] 0 tweets — RATE LIMIT CONFIRMADO
2026-04-17 19:05:44 [!] Revertidos y CSVs eliminados: ['2021-11-21']
2026-04-17 19:05:44 [!] Rate limit confirmado — esperando 30 segundos y reintentando...
2026-04-17 19:06:14 [+] Total: 5951 dias | Pendientes: 4343
2026-04-17 19:06:20   [4343/5951] 2021-11-21  0 tweets RATE_LIMIT?
2026-04-17 19:06:27   [probe] 0 tweets — RATE LIMIT CONFIRMADO
2026-04-17 19:06:27 [!] Revertidos y CSVs eliminados: ['2021-11-21']
2026-04-17 19:06:27 [!] Rate limit confirmado — esperando 30 segundos y reintentando...
2026-04-17 19:06:35 [+] Total: 5951 dias | Pendientes: 4338
2026-04-17 19:06:42   [4338/5951] 2021-11-16  0 tweets RATE_LIMIT?
2026-04-17 19:06:48   [probe] 0 tweets — RATE LIMIT CONFIRMADO
2026-04-17 19:06:48 [!] Revertidos y CSVs eliminados: ['2021-11-16']
2026-04-17 19:06:48 [!] Rate limit confirmado — esperando 1 minuto y reintentando...
2026-04-17 19:06:57 [+] Total: 5951 dias | Pendientes: 4343
2026-04-17 19:07:03   [4343/5951] 2021-11-21  0 tweets RATE_LIMIT?
2026-04-17 19:07:10   [probe] 0 tweets — RATE LIMIT CONFIRMADO
2026-04-17 19:07:10 [!] Revertidos y CSVs eliminados: ['2021-11-21']
2026-04-17 19:07:10 [!] Rate limit confirmado — esperando 30 segundos y reintentando...
2026-04-17 19:07:40 [+] Total: 5951 dias | Pendientes: 4343
2026-04-17 19:07:46   [4343/5951] 2021-11-21  0 tweets RATE_LIMIT?
2026-04-17 19:07:48 [+] Total: 5951 dias | Pendientes: 4338
2026-04-17 19:07:52   [probe] 0 tweets — RATE LIMIT CONFIRMADO
2026-04-17 19:07:52 [!] Revertidos y CSVs eliminados: ['2021-11-21']
2026-04-17 19:07:52 [!] Rate limit confirmado — esperando 30 segundos y reintentando...
2026-04-17 19:07:55   [4338/5951] 2021-11-16  0 tweets RATE_LIMIT?
2026-04-17 19:08:01   [probe] 0 tweets — RATE LIMIT CONFIRMADO
2026-04-17 19:08:01 [!] Revertidos y CSVs eliminados: ['2021-11-16']
2026-04-17 19:08:01 [!] Rate limit confirmado — esperando 1 minuto y reintentando...
2026-04-17 19:08:22 [+] Total: 5951 dias | Pendientes: 4343
2026-04-17 19:08:29   [4343/5951] 2021-11-21  0 tweets RATE_LIMIT?
2026-04-17 19:08:36   [probe] 0 tweets — RATE LIMIT CONFIRMADO
2026-04-17 19:08:36 [!] Revertidos y CSVs eliminados: ['2021-11-21']
2026-04-17 19:08:36 [!] Rate limit confirmado — esperando 30 segundos y reintentando...
2026-04-17 19:09:01 [+] Total: 5951 dias | Pendientes: 4338
2026-04-17 19:09:06 [+] Total: 5951 dias | Pendientes: 4343
2026-04-17 19:09:08   [4338/5951] 2021-11-16  0 tweets RATE_LIMIT?
2026-04-17 19:09:12   [4343/5951] 2021-11-21  12 tweets
2026-04-17 19:09:14   [probe] 30 tweets — mes vacio normal
2026-04-17 19:09:26   [4337/5951] 2021-11-15  8 tweets
2026-04-17 19:09:55   [4342/5951] 2021-11-20  12 tweets
2026-04-17 19:09:58   [4336/5951] 2021-11-14  12 tweets
2026-04-17 19:10:32   [4335/5951] 2021-11-13  10 tweets
2026-04-17 19:10:38   [4341/5951] 2021-11-19  10 tweets
2026-04-17 19:11:02   [4334/5951] 2021-11-12  2 tweets
2026-04-17 19:11:21   [4340/5951] 2021-11-18  6 tweets
2026-04-17 19:11:28   [4333/5951] 2021-11-11  4 tweets
2026-04-17 19:11:59   [4332/5951] 2021-11-10  2 tweets
2026-04-17 19:12:04   [4339/5951] 2021-11-17  14 tweets
2026-04-17 19:12:32   [4331/5951] 2021-11-09  6 tweets
2026-04-17 19:12:47   [4338/5951] 2021-11-16  2 tweets
2026-04-17 19:13:03   [4330/5951] 2021-11-08  4 tweets
2026-04-17 19:13:30   [4337/5951] 2021-11-15  8 tweets
2026-04-17 19:13:42   [4329/5951] 2021-11-07  6 tweets
2026-04-17 19:14:09   [4328/5951] 2021-11-06  4 tweets
2026-04-17 19:14:13   [4336/5951] 2021-11-14  12 tweets
2026-04-17 19:14:56   [4335/5951] 2021-11-13  10 tweets
2026-04-17 19:14:57   [4327/5951] 2021-11-05  12 tweets
2026-04-17 19:15:21   [4326/5951] 2021-11-04  10 tweets
2026-04-17 19:15:39   [4334/5951] 2021-11-12  2 tweets
2026-04-17 19:15:48   [4325/5951] 2021-11-03  8 tweets
2026-04-17 19:16:10   [4324/5951] 2021-11-02  18 tweets
2026-04-17 19:16:22   [4333/5951] 2021-11-11  0 tweets RATE_LIMIT?
2026-04-17 19:16:28   [probe] 0 tweets — RATE LIMIT CONFIRMADO
2026-04-17 19:16:28 [!] Revertidos y CSVs eliminados: ['2021-11-12', '2021-11-11']
2026-04-17 19:16:28 [!] Rate limit confirmado — esperando 30 segundos y reintentando...
2026-04-17 19:16:54   [4323/5951] 2021-11-01  0 tweets RATE_LIMIT?
2026-04-17 19:16:58 [+] Total: 5951 dias | Pendientes: 4334
2026-04-17 19:17:00   [probe] 0 tweets — RATE LIMIT CONFIRMADO
2026-04-17 19:17:00 [!] Revertidos y CSVs eliminados: ['2021-11-02', '2021-11-01']
2026-04-17 19:17:00 [!] Rate limit confirmado — esperando 1 minuto y reintentando...
2026-04-17 19:17:05   [4334/5951] 2021-11-12  0 tweets RATE_LIMIT?
2026-04-17 19:17:11   [probe] 0 tweets — RATE LIMIT CONFIRMADO
2026-04-17 19:17:11 [!] Revertidos y CSVs eliminados: ['2021-11-12']
2026-04-17 19:17:11 [!] Rate limit confirmado — esperando 30 segundos y reintentando...
2026-04-17 19:17:41 [+] Total: 5951 dias | Pendientes: 4334
2026-04-17 19:17:47   [4334/5951] 2021-11-12  0 tweets RATE_LIMIT?
2026-04-17 19:17:54   [probe] 0 tweets — RATE LIMIT CONFIRMADO
2026-04-17 19:17:54 [!] Revertidos y CSVs eliminados: ['2021-11-12']
2026-04-17 19:17:54 [!] Rate limit confirmado — esperando 30 segundos y reintentando...
2026-04-17 19:18:00 [+] Total: 5951 dias | Pendientes: 4324
2026-04-17 19:18:07   [4324/5951] 2021-11-02  0 tweets RATE_LIMIT?
2026-04-17 19:18:13   [probe] 0 tweets — RATE LIMIT CONFIRMADO
2026-04-17 19:18:13 [!] Revertidos y CSVs eliminados: ['2021-11-02']
2026-04-17 19:18:13 [!] Rate limit confirmado — esperando 1 minuto y reintentando...
2026-04-17 19:18:24 [+] Total: 5951 dias | Pendientes: 4334
2026-04-17 19:18:31   [4334/5951] 2021-11-12  0 tweets RATE_LIMIT?
2026-04-17 19:18:37   [probe] 0 tweets — RATE LIMIT CONFIRMADO
2026-04-17 19:18:37 [!] Revertidos y CSVs eliminados: ['2021-11-12']
2026-04-17 19:18:37 [!] Rate limit confirmado — esperando 30 segundos y reintentando...
2026-04-17 19:19:07 [+] Total: 5951 dias | Pendientes: 4334
2026-04-17 19:19:13 [+] Total: 5951 dias | Pendientes: 4324
2026-04-17 19:19:14   [4334/5951] 2021-11-12  0 tweets RATE_LIMIT?
2026-04-17 19:19:20   [4324/5951] 2021-11-02  0 tweets RATE_LIMIT?
2026-04-17 19:19:20   [probe] 0 tweets — RATE LIMIT CONFIRMADO
2026-04-17 19:19:20 [!] Revertidos y CSVs eliminados: ['2021-11-12']
2026-04-17 19:19:20 [!] Rate limit confirmado — esperando 30 segundos y reintentando...
2026-04-17 19:19:26   [probe] 0 tweets — RATE LIMIT CONFIRMADO
2026-04-17 19:19:26 [!] Revertidos y CSVs eliminados: ['2021-11-02']
2026-04-17 19:19:26 [!] Rate limit confirmado — esperando 1 minuto y reintentando...
2026-04-17 19:19:50 [+] Total: 5951 dias | Pendientes: 4334
2026-04-17 19:19:57   [4334/5951] 2021-11-12  0 tweets RATE_LIMIT?
2026-04-17 19:20:04   [probe] 0 tweets — RATE LIMIT CONFIRMADO
2026-04-17 19:20:04 [!] Revertidos y CSVs eliminados: ['2021-11-12']
2026-04-17 19:20:04 [!] Rate limit confirmado — esperando 30 segundos y reintentando...
2026-04-17 19:20:26 [+] Total: 5951 dias | Pendientes: 4324
2026-04-17 19:20:33   [4324/5951] 2021-11-02  0 tweets RATE_LIMIT?
2026-04-17 19:20:34 [+] Total: 5951 dias | Pendientes: 4334
2026-04-17 19:20:39   [probe] 0 tweets — RATE LIMIT CONFIRMADO
2026-04-17 19:20:39 [!] Revertidos y CSVs eliminados: ['2021-11-02']
2026-04-17 19:20:39 [!] Rate limit confirmado — esperando 1 minuto y reintentando...
2026-04-17 19:20:40   [4334/5951] 2021-11-12  0 tweets RATE_LIMIT?
2026-04-17 19:20:47   [probe] 0 tweets — RATE LIMIT CONFIRMADO
2026-04-17 19:20:47 [!] Revertidos y CSVs eliminados: ['2021-11-12']
2026-04-17 19:20:47 [!] Rate limit confirmado — esperando 30 segundos y reintentando...
2026-04-17 19:21:17 [+] Total: 5951 dias | Pendientes: 4334
2026-04-17 19:21:23   [4334/5951] 2021-11-12  0 tweets RATE_LIMIT?
2026-04-17 19:21:29   [probe] 0 tweets — RATE LIMIT CONFIRMADO
2026-04-17 19:21:29 [!] Revertidos y CSVs eliminados: ['2021-11-12']
2026-04-17 19:21:29 [!] Rate limit confirmado — esperando 30 segundos y reintentando...
2026-04-17 19:21:39 [+] Total: 5951 dias | Pendientes: 4324
2026-04-17 19:21:46   [4324/5951] 2021-11-02  0 tweets RATE_LIMIT?
2026-04-17 19:21:52   [probe] 0 tweets — RATE LIMIT CONFIRMADO
2026-04-17 19:21:52 [!] Revertidos y CSVs eliminados: ['2021-11-02']
2026-04-17 19:21:52 [!] Rate limit confirmado — esperando 1 minuto y reintentando...
2026-04-17 19:21:59 [+] Total: 5951 dias | Pendientes: 4334
2026-04-17 19:22:06   [4334/5951] 2021-11-12  0 tweets RATE_LIMIT?
2026-04-17 19:22:12   [probe] 0 tweets — RATE LIMIT CONFIRMADO
2026-04-17 19:22:12 [!] Revertidos y CSVs eliminados: ['2021-11-12']
2026-04-17 19:22:12 [!] Rate limit confirmado — esperando 30 segundos y reintentando...
2026-04-17 19:22:43 [+] Total: 5951 dias | Pendientes: 4334
2026-04-17 19:22:49   [4334/5951] 2021-11-12  0 tweets RATE_LIMIT?
2026-04-17 19:22:52 [+] Total: 5951 dias | Pendientes: 4324
2026-04-17 19:22:55   [probe] 0 tweets — RATE LIMIT CONFIRMADO
2026-04-17 19:22:55 [!] Revertidos y CSVs eliminados: ['2021-11-12']
2026-04-17 19:22:55 [!] Rate limit confirmado — esperando 30 segundos y reintentando...
2026-04-17 19:22:59   [4324/5951] 2021-11-02  0 tweets RATE_LIMIT?
2026-04-17 19:23:05   [probe] 0 tweets — RATE LIMIT CONFIRMADO
2026-04-17 19:23:05 [!] Revertidos y CSVs eliminados: ['2021-11-02']
2026-04-17 19:23:05 [!] Rate limit confirmado — esperando 1 minuto y reintentando...
2026-04-17 19:23:26 [+] Total: 5951 dias | Pendientes: 4334
2026-04-17 19:23:32   [4334/5951] 2021-11-12  0 tweets RATE_LIMIT?
2026-04-17 19:23:38   [probe] 0 tweets — RATE LIMIT CONFIRMADO
2026-04-17 19:23:38 [!] Revertidos y CSVs eliminados: ['2021-11-12']
2026-04-17 19:23:38 [!] Rate limit confirmado — esperando 30 segundos y reintentando...
2026-04-17 19:24:05 [+] Total: 5951 dias | Pendientes: 4324
2026-04-17 19:24:08 [+] Total: 5951 dias | Pendientes: 4334
2026-04-17 19:24:13   [4324/5951] 2021-11-02  18 tweets
2026-04-17 19:24:15   [4334/5951] 2021-11-12  2 tweets
2026-04-17 19:24:53   [4323/5951] 2021-11-01  14 tweets
2026-04-17 19:24:58   [4333/5951] 2021-11-11  4 tweets
2026-04-17 19:25:23   [4322/5951] 2021-10-31  18 tweets
2026-04-17 19:25:41   [4332/5951] 2021-11-10  2 tweets
2026-04-17 19:26:11   [4321/5951] 2021-10-30  10 tweets
2026-04-17 19:26:24   [4331/5951] 2021-11-09  6 tweets
2026-04-17 19:26:53   [4320/5951] 2021-10-29  8 tweets
2026-04-17 19:27:07   [4330/5951] 2021-11-08  4 tweets
2026-04-17 19:27:22   [4319/5951] 2021-10-28  6 tweets
2026-04-17 19:27:50   [4329/5951] 2021-11-07  6 tweets
2026-04-17 19:27:51   [4318/5951] 2021-10-27  4 tweets
2026-04-17 19:28:17   [4317/5951] 2021-10-26  20 tweets
2026-04-17 19:28:33   [4328/5951] 2021-11-06  4 tweets
2026-04-17 19:29:05   [4316/5951] 2021-10-25  0 tweets
2026-04-17 19:29:16   [4327/5951] 2021-11-05  12 tweets
2026-04-17 19:29:30   [4315/5951] 2021-10-24  4 tweets
2026-04-17 19:29:42   [4314/5951] 2021-10-23  2 tweets
2026-04-17 19:29:59   [4326/5951] 2021-11-04  10 tweets
2026-04-17 19:30:11   [4313/5951] 2021-10-22  10 tweets
2026-04-17 19:30:42   [4325/5951] 2021-11-03  8 tweets
2026-04-17 19:30:52   [4312/5951] 2021-10-21  4 tweets
2026-04-17 19:31:14   [4311/5951] 2021-10-20  4 tweets
2026-04-17 19:31:25   [4324/5951] 2021-11-02  18 tweets
2026-04-17 19:31:43   [4310/5951] 2021-10-19  5 tweets RATE_LIMIT?
2026-04-17 19:32:01   [4309/5951] 2021-10-18  0 tweets RATE_LIMIT?
2026-04-17 19:32:07   [probe] 0 tweets — RATE LIMIT CONFIRMADO
2026-04-17 19:32:07 [!] Revertidos y CSVs eliminados: ['2021-10-19', '2021-10-18']
2026-04-17 19:32:07 [!] Rate limit confirmado — esperando 1 minuto y reintentando...
2026-04-17 19:32:08   [4323/5951] 2021-11-01  0 tweets RATE_LIMIT?
2026-04-17 19:32:14   [probe] 0 tweets — RATE LIMIT CONFIRMADO
2026-04-17 19:32:14 [!] Revertidos y CSVs eliminados: ['2021-11-02', '2021-11-01']
2026-04-17 19:32:14 [!] Rate limit confirmado — esperando 30 segundos y reintentando...
2026-04-17 19:32:44 [+] Total: 5951 dias | Pendientes: 4324
2026-04-17 19:32:51   [4324/5951] 2021-11-02  0 tweets RATE_LIMIT?
2026-04-17 19:32:57   [probe] 0 tweets — RATE LIMIT CONFIRMADO
2026-04-17 19:32:57 [!] Revertidos y CSVs eliminados: ['2021-11-02']
2026-04-17 19:32:57 [!] Rate limit confirmado — esperando 30 segundos y reintentando...
2026-04-17 19:33:07 [+] Total: 5951 dias | Pendientes: 4310
2026-04-17 19:33:14   [4310/5951] 2021-10-19  0 tweets RATE_LIMIT?
2026-04-17 19:33:20   [probe] 0 tweets — RATE LIMIT CONFIRMADO
2026-04-17 19:33:20 [!] Revertidos y CSVs eliminados: ['2021-10-19']
2026-04-17 19:33:20 [!] Rate limit confirmado — esperando 1 minuto y reintentando...
2026-04-17 19:33:27 [+] Total: 5951 dias | Pendientes: 4324
2026-04-17 19:33:34   [4324/5951] 2021-11-02  0 tweets RATE_LIMIT?
2026-04-17 19:33:40   [probe] 0 tweets — RATE LIMIT CONFIRMADO
2026-04-17 19:33:40 [!] Revertidos y CSVs eliminados: ['2021-11-02']
2026-04-17 19:33:40 [!] Rate limit confirmado — esperando 30 segundos y reintentando...
2026-04-17 19:34:10 [+] Total: 5951 dias | Pendientes: 4324
2026-04-17 19:34:17   [4324/5951] 2021-11-02  0 tweets RATE_LIMIT?
2026-04-17 19:34:20 [+] Total: 5951 dias | Pendientes: 4310
2026-04-17 19:34:23   [probe] 0 tweets — RATE LIMIT CONFIRMADO
2026-04-17 19:34:23 [!] Revertidos y CSVs eliminados: ['2021-11-02']
2026-04-17 19:34:23 [!] Rate limit confirmado — esperando 30 segundos y reintentando...
2026-04-17 19:34:26   [4310/5951] 2021-10-19  0 tweets RATE_LIMIT?
2026-04-17 19:34:33   [probe] 0 tweets — RATE LIMIT CONFIRMADO
2026-04-17 19:34:33 [!] Revertidos y CSVs eliminados: ['2021-10-19']
2026-04-17 19:34:33 [!] Rate limit confirmado — esperando 1 minuto y reintentando...
2026-04-17 19:34:53 [+] Total: 5951 dias | Pendientes: 4324
2026-04-17 19:34:59   [4324/5951] 2021-11-02  0 tweets RATE_LIMIT?
2026-04-17 19:35:06   [probe] 0 tweets — RATE LIMIT CONFIRMADO
2026-04-17 19:35:06 [!] Revertidos y CSVs eliminados: ['2021-11-02']
2026-04-17 19:35:06 [!] Rate limit confirmado — esperando 30 segundos y reintentando...
2026-04-17 19:35:33 [+] Total: 5951 dias | Pendientes: 4310
2026-04-17 19:35:36 [+] Total: 5951 dias | Pendientes: 4324
2026-04-17 19:35:39   [4310/5951] 2021-10-19  0 tweets RATE_LIMIT?
2026-04-17 19:35:42   [4324/5951] 2021-11-02  0 tweets RATE_LIMIT?
2026-04-17 19:35:46   [probe] 0 tweets — RATE LIMIT CONFIRMADO
2026-04-17 19:35:46 [!] Revertidos y CSVs eliminados: ['2021-10-19']
2026-04-17 19:35:46 [!] Rate limit confirmado — esperando 1 minuto y reintentando...
2026-04-17 19:35:49   [probe] 0 tweets — RATE LIMIT CONFIRMADO
2026-04-17 19:35:49 [!] Revertidos y CSVs eliminados: ['2021-11-02']
2026-04-17 19:35:49 [!] Rate limit confirmado — esperando 30 segundos y reintentando...
2026-04-17 19:36:19 [+] Total: 5951 dias | Pendientes: 4324
2026-04-17 19:36:25   [4324/5951] 2021-11-02  0 tweets RATE_LIMIT?
2026-04-17 19:36:31   [probe] 0 tweets — RATE LIMIT CONFIRMADO
2026-04-17 19:36:31 [!] Revertidos y CSVs eliminados: ['2021-11-02']
2026-04-17 19:36:31 [!] Rate limit confirmado — esperando 30 segundos y reintentando...
2026-04-17 19:36:46 [+] Total: 5951 dias | Pendientes: 4310
2026-04-17 19:36:52   [4310/5951] 2021-10-19  0 tweets RATE_LIMIT?
2026-04-17 19:36:58   [probe] 0 tweets — RATE LIMIT CONFIRMADO
2026-04-17 19:36:58 [!] Revertidos y CSVs eliminados: ['2021-10-19']
2026-04-17 19:36:58 [!] Rate limit confirmado — esperando 1 minuto y reintentando...
2026-04-17 19:37:01 [+] Total: 5951 dias | Pendientes: 4324
2026-04-17 19:37:08   [4324/5951] 2021-11-02  0 tweets RATE_LIMIT?
2026-04-17 19:37:14   [probe] 0 tweets — RATE LIMIT CONFIRMADO
2026-04-17 19:37:14 [!] Revertidos y CSVs eliminados: ['2021-11-02']
2026-04-17 19:37:14 [!] Rate limit confirmado — esperando 30 segundos y reintentando...
2026-04-17 19:37:44 [+] Total: 5951 dias | Pendientes: 4324
2026-04-17 19:37:51   [4324/5951] 2021-11-02  0 tweets RATE_LIMIT?
2026-04-17 19:37:57   [probe] 0 tweets — RATE LIMIT CONFIRMADO
2026-04-17 19:37:57 [!] Revertidos y CSVs eliminados: ['2021-11-02']
2026-04-17 19:37:57 [!] Rate limit confirmado — esperando 30 segundos y reintentando...
2026-04-17 19:37:59 [+] Total: 5951 dias | Pendientes: 4310
2026-04-17 19:38:05   [4310/5951] 2021-10-19  0 tweets RATE_LIMIT?
2026-04-17 19:38:11   [probe] 0 tweets — RATE LIMIT CONFIRMADO
2026-04-17 19:38:11 [!] Revertidos y CSVs eliminados: ['2021-10-19']
2026-04-17 19:38:11 [!] Rate limit confirmado — esperando 1 minuto y reintentando...
2026-04-17 19:38:27 [+] Total: 5951 dias | Pendientes: 4324
2026-04-17 19:38:34   [4324/5951] 2021-11-02  0 tweets RATE_LIMIT?
2026-04-17 19:38:40   [probe] 0 tweets — RATE LIMIT CONFIRMADO
2026-04-17 19:38:40 [!] Revertidos y CSVs eliminados: ['2021-11-02']
2026-04-17 19:38:40 [!] Rate limit confirmado — esperando 30 segundos y reintentando...
2026-04-17 19:39:10 [+] Total: 5951 dias | Pendientes: 4324
2026-04-17 19:39:11 [+] Total: 5951 dias | Pendientes: 4310
2026-04-17 19:39:18   [4324/5951] 2021-11-02  18 tweets
2026-04-17 19:39:19   [4310/5951] 2021-10-19  10 tweets
2026-04-17 19:39:36   [4309/5951] 2021-10-18  14 tweets
2026-04-17 19:40:01   [4323/5951] 2021-11-01  14 tweets
2026-04-17 19:40:22   [4308/5951] 2021-10-17  16 tweets
2026-04-17 19:40:44   [4322/5951] 2021-10-31  18 tweets
2026-04-17 19:40:53   [4307/5951] 2021-10-16  4 tweets
2026-04-17 19:41:18   [4306/5951] 2021-10-15  6 tweets
2026-04-17 19:41:27   [4321/5951] 2021-10-30  10 tweets
2026-04-17 19:41:59   [4305/5951] 2021-10-14  4 tweets
2026-04-17 19:42:10   [4320/5951] 2021-10-29  8 tweets
2026-04-17 19:42:40   [4304/5951] 2021-10-13  18 tweets
2026-04-17 19:42:53   [4319/5951] 2021-10-28  6 tweets
2026-04-17 19:43:22   [4303/5951] 2021-10-12  10 tweets
2026-04-17 19:43:36   [4318/5951] 2021-10-27  4 tweets
2026-04-17 19:44:02   [4302/5951] 2021-10-11  0 tweets
2026-04-17 19:44:19   [4317/5951] 2021-10-26  20 tweets
2026-04-17 19:44:42   [4301/5951] 2021-10-10  2 tweets
2026-04-17 19:45:02   [4316/5951] 2021-10-25  0 tweets
2026-04-17 19:45:26   [4300/5951] 2021-10-09  2 tweets
2026-04-17 19:45:45   [4315/5951] 2021-10-24  4 tweets
2026-04-17 19:46:12   [4299/5951] 2021-10-08  2 tweets
2026-04-17 19:46:23   [4298/5951] 2021-10-07  10 tweets
2026-04-17 19:46:28   [4314/5951] 2021-10-23  2 tweets
2026-04-17 19:47:05   [4297/5951] 2021-10-06  22 tweets
2026-04-17 19:47:11   [4313/5951] 2021-10-22  10 tweets
2026-04-17 19:47:45   [4296/5951] 2021-10-05  0 tweets RATE_LIMIT?
2026-04-17 19:47:51   [probe] 0 tweets — RATE LIMIT CONFIRMADO
2026-04-17 19:47:51 [!] Revertidos y CSVs eliminados: ['2021-10-06', '2021-10-05']
2026-04-17 19:47:51 [!] Rate limit confirmado — esperando 1 minuto y reintentando...
2026-04-17 19:47:54   [4312/5951] 2021-10-21  0 tweets RATE_LIMIT?
2026-04-17 19:48:00   [probe] 0 tweets — RATE LIMIT CONFIRMADO
2026-04-17 19:48:00 [!] Revertidos y CSVs eliminados: ['2021-10-22', '2021-10-21']
2026-04-17 19:48:00 [!] Rate limit confirmado — esperando 30 segundos y reintentando...
2026-04-17 19:48:30 [+] Total: 5951 dias | Pendientes: 4313
2026-04-17 19:48:37   [4313/5951] 2021-10-22  0 tweets RATE_LIMIT?
2026-04-17 19:48:43   [probe] 0 tweets — RATE LIMIT CONFIRMADO
2026-04-17 19:48:43 [!] Revertidos y CSVs eliminados: ['2021-10-22']
2026-04-17 19:48:43 [!] Rate limit confirmado — esperando 30 segundos y reintentando...
2026-04-17 19:48:51 [+] Total: 5951 dias | Pendientes: 4297
2026-04-17 19:48:58   [4297/5951] 2021-10-06  0 tweets RATE_LIMIT?
2026-04-17 19:49:04   [probe] 0 tweets — RATE LIMIT CONFIRMADO
2026-04-17 19:49:04 [!] Revertidos y CSVs eliminados: ['2021-10-06']
2026-04-17 19:49:04 [!] Rate limit confirmado — esperando 1 minuto y reintentando...
2026-04-17 19:49:13 [+] Total: 5951 dias | Pendientes: 4313
2026-04-17 19:49:20   [4313/5951] 2021-10-22  0 tweets RATE_LIMIT?
2026-04-17 19:49:26   [probe] 0 tweets — RATE LIMIT CONFIRMADO
2026-04-17 19:49:26 [!] Revertidos y CSVs eliminados: ['2021-10-22']
2026-04-17 19:49:26 [!] Rate limit confirmado — esperando 30 segundos y reintentando...
2026-04-17 19:49:56 [+] Total: 5951 dias | Pendientes: 4313
2026-04-17 19:50:03   [4313/5951] 2021-10-22  0 tweets RATE_LIMIT?
2026-04-17 19:50:04 [+] Total: 5951 dias | Pendientes: 4297
2026-04-17 19:50:09   [probe] 0 tweets — RATE LIMIT CONFIRMADO
2026-04-17 19:50:09 [!] Revertidos y CSVs eliminados: ['2021-10-22']
2026-04-17 19:50:09 [!] Rate limit confirmado — esperando 30 segundos y reintentando...
2026-04-17 19:50:11   [4297/5951] 2021-10-06  0 tweets RATE_LIMIT?
2026-04-17 19:50:17   [probe] 0 tweets — RATE LIMIT CONFIRMADO
2026-04-17 19:50:17 [!] Revertidos y CSVs eliminados: ['2021-10-06']
2026-04-17 19:50:17 [!] Rate limit confirmado — esperando 1 minuto y reintentando...
2026-04-17 19:50:39 [+] Total: 5951 dias | Pendientes: 4313
2026-04-17 19:50:45   [4313/5951] 2021-10-22  0 tweets RATE_LIMIT?
2026-04-17 19:50:52   [probe] 0 tweets — RATE LIMIT CONFIRMADO
2026-04-17 19:50:52 [!] Revertidos y CSVs eliminados: ['2021-10-22']
2026-04-17 19:50:52 [!] Rate limit confirmado — esperando 30 segundos y reintentando...
2026-04-17 19:51:17 [+] Total: 5951 dias | Pendientes: 4297
2026-04-17 19:51:22 [+] Total: 5951 dias | Pendientes: 4313
2026-04-17 19:51:24   [4297/5951] 2021-10-06  0 tweets RATE_LIMIT?
2026-04-17 19:51:29   [4313/5951] 2021-10-22  0 tweets RATE_LIMIT?
2026-04-17 19:51:30   [probe] 0 tweets — RATE LIMIT CONFIRMADO
2026-04-17 19:51:30 [!] Revertidos y CSVs eliminados: ['2021-10-06']
2026-04-17 19:51:30 [!] Rate limit confirmado — esperando 1 minuto y reintentando...
2026-04-17 19:51:35   [probe] 0 tweets — RATE LIMIT CONFIRMADO
2026-04-17 19:51:35 [!] Revertidos y CSVs eliminados: ['2021-10-22']
2026-04-17 19:51:35 [!] Rate limit confirmado — esperando 30 segundos y reintentando...
2026-04-17 19:52:05 [+] Total: 5951 dias | Pendientes: 4313
2026-04-17 19:52:11   [4313/5951] 2021-10-22  0 tweets RATE_LIMIT?
2026-04-17 19:52:18   [probe] 0 tweets — RATE LIMIT CONFIRMADO
2026-04-17 19:52:18 [!] Revertidos y CSVs eliminados: ['2021-10-22']
2026-04-17 19:52:18 [!] Rate limit confirmado — esperando 30 segundos y reintentando...
2026-04-17 19:52:30 [+] Total: 5951 dias | Pendientes: 4297
2026-04-17 19:52:37   [4297/5951] 2021-10-06  0 tweets RATE_LIMIT?
2026-04-17 19:52:43   [probe] 0 tweets — RATE LIMIT CONFIRMADO
2026-04-17 19:52:43 [!] Revertidos y CSVs eliminados: ['2021-10-06']
2026-04-17 19:52:43 [!] Rate limit confirmado — esperando 1 minuto y reintentando...
2026-04-17 19:52:48 [+] Total: 5951 dias | Pendientes: 4313
2026-04-17 19:52:54   [4313/5951] 2021-10-22  0 tweets RATE_LIMIT?
2026-04-17 19:53:01   [probe] 0 tweets — RATE LIMIT CONFIRMADO
2026-04-17 19:53:01 [!] Revertidos y CSVs eliminados: ['2021-10-22']
2026-04-17 19:53:01 [!] Rate limit confirmado — esperando 30 segundos y reintentando...
2026-04-17 19:53:31 [+] Total: 5951 dias | Pendientes: 4313
2026-04-17 19:53:37   [4313/5951] 2021-10-22  0 tweets RATE_LIMIT?
2026-04-17 19:53:43   [probe] 0 tweets — RATE LIMIT CONFIRMADO
2026-04-17 19:53:43 [!] Revertidos y CSVs eliminados: ['2021-10-22']
2026-04-17 19:53:43 [!] Rate limit confirmado — esperando 30 segundos y reintentando...
2026-04-17 19:53:43 [+] Total: 5951 dias | Pendientes: 4297
2026-04-17 19:53:50   [4297/5951] 2021-10-06  0 tweets RATE_LIMIT?
2026-04-17 19:53:56   [probe] 0 tweets — RATE LIMIT CONFIRMADO
2026-04-17 19:53:56 [!] Revertidos y CSVs eliminados: ['2021-10-06']
2026-04-17 19:53:56 [!] Rate limit confirmado — esperando 1 minuto y reintentando...
2026-04-17 19:54:13 [+] Total: 5951 dias | Pendientes: 4313
2026-04-17 19:54:21   [4313/5951] 2021-10-22  10 tweets
2026-04-17 19:54:56 [+] Total: 5951 dias | Pendientes: 4297
2026-04-17 19:55:04   [4297/5951] 2021-10-06  22 tweets
2026-04-17 19:55:04   [4312/5951] 2021-10-21  4 tweets
2026-04-17 19:55:15   [4296/5951] 2021-10-05  2 tweets
2026-04-17 19:55:47   [4311/5951] 2021-10-20  4 tweets
2026-04-17 19:55:54   [4295/5951] 2021-10-04  6 tweets
2026-04-17 19:56:26   [4294/5951] 2021-10-03  8 tweets
2026-04-17 19:56:30   [4310/5951] 2021-10-19  10 tweets
2026-04-17 19:56:44   [4293/5951] 2021-10-02  6 tweets
2026-04-17 19:57:13   [4309/5951] 2021-10-18  14 tweets
2026-04-17 19:57:15   [4292/5951] 2021-10-01  4 tweets
2026-04-17 19:57:56   [4308/5951] 2021-10-17  16 tweets
2026-04-17 19:58:02   [4291/5951] 2021-09-30  10 tweets
2026-04-17 19:58:39   [4307/5951] 2021-10-16  4 tweets
2026-04-17 19:58:40   [4290/5951] 2021-09-29  6 tweets
2026-04-17 19:59:10   [4289/5951] 2021-09-28  0 tweets
2026-04-17 19:59:22   [4306/5951] 2021-10-15  6 tweets
2026-04-17 19:59:30   [4288/5951] 2021-09-27  6 tweets
2026-04-17 20:00:05   [4305/5951] 2021-10-14  4 tweets
2026-04-17 20:00:11   [4287/5951] 2021-09-26  0 tweets
2026-04-17 20:00:28   [4286/5951] 2021-09-25  14 tweets
2026-04-17 20:00:49   [4304/5951] 2021-10-13  18 tweets
2026-04-17 20:01:11   [4285/5951] 2021-09-24  6 tweets
2026-04-17 20:01:32   [4303/5951] 2021-10-12  10 tweets
2026-04-17 20:01:48   [4284/5951] 2021-09-23  10 tweets
2026-04-17 20:02:15   [4302/5951] 2021-10-11  0 tweets
2026-04-17 20:02:16   [4283/5951] 2021-09-22  6 tweets RATE_LIMIT?
2026-04-17 20:02:37   [4282/5951] 2021-09-21  0 tweets RATE_LIMIT?
2026-04-17 20:02:43   [probe] 0 tweets — RATE LIMIT CONFIRMADO
2026-04-17 20:02:43 [!] Revertidos y CSVs eliminados: ['2021-09-22', '2021-09-21']
2026-04-17 20:02:43 [!] Rate limit confirmado — esperando 1 minuto y reintentando...
2026-04-17 20:02:58   [4301/5951] 2021-10-10  0 tweets RATE_LIMIT?
2026-04-17 20:03:04   [probe] 0 tweets — RATE LIMIT CONFIRMADO
2026-04-17 20:03:04 [!] Revertidos y CSVs eliminados: ['2021-10-11', '2021-10-10']
2026-04-17 20:03:04 [!] Rate limit confirmado — esperando 30 segundos y reintentando...
2026-04-17 20:03:34 [+] Total: 5951 dias | Pendientes: 4302
2026-04-17 20:03:40   [4302/5951] 2021-10-11  0 tweets RATE_LIMIT?
2026-04-17 20:03:43 [+] Total: 5951 dias | Pendientes: 4283
2026-04-17 20:03:47   [probe] 0 tweets — RATE LIMIT CONFIRMADO
2026-04-17 20:03:47 [!] Revertidos y CSVs eliminados: ['2021-10-11']
2026-04-17 20:03:47 [!] Rate limit confirmado — esperando 30 segundos y reintentando...
2026-04-17 20:03:50   [4283/5951] 2021-09-22  0 tweets RATE_LIMIT?
2026-04-17 20:03:56   [probe] 0 tweets — RATE LIMIT CONFIRMADO
2026-04-17 20:03:56 [!] Revertidos y CSVs eliminados: ['2021-09-22']
2026-04-17 20:03:56 [!] Rate limit confirmado — esperando 1 minuto y reintentando...
2026-04-17 20:04:17 [+] Total: 5951 dias | Pendientes: 4302
2026-04-17 20:04:23   [4302/5951] 2021-10-11  0 tweets RATE_LIMIT?
2026-04-17 20:04:30   [probe] 0 tweets — RATE LIMIT CONFIRMADO
2026-04-17 20:04:30 [!] Revertidos y CSVs eliminados: ['2021-10-11']
2026-04-17 20:04:30 [!] Rate limit confirmado — esperando 30 segundos y reintentando...
2026-04-17 20:04:56 [+] Total: 5951 dias | Pendientes: 4283
2026-04-17 20:05:00 [+] Total: 5951 dias | Pendientes: 4302
2026-04-17 20:05:03   [4283/5951] 2021-09-22  0 tweets RATE_LIMIT?
2026-04-17 20:05:06   [4302/5951] 2021-10-11  0 tweets RATE_LIMIT?
2026-04-17 20:05:09   [probe] 0 tweets — RATE LIMIT CONFIRMADO
2026-04-17 20:05:09 [!] Revertidos y CSVs eliminados: ['2021-09-22']
2026-04-17 20:05:09 [!] Rate limit confirmado — esperando 1 minuto y reintentando...
2026-04-17 20:05:13   [probe] 0 tweets — RATE LIMIT CONFIRMADO
2026-04-17 20:05:13 [!] Revertidos y CSVs eliminados: ['2021-10-11']
2026-04-17 20:05:13 [!] Rate limit confirmado — esperando 30 segundos y reintentando...
2026-04-17 20:05:43 [+] Total: 5951 dias | Pendientes: 4302
2026-04-17 20:05:49   [4302/5951] 2021-10-11  0 tweets RATE_LIMIT?
2026-04-17 20:05:56   [probe] 0 tweets — RATE LIMIT CONFIRMADO
2026-04-17 20:05:56 [!] Revertidos y CSVs eliminados: ['2021-10-11']
2026-04-17 20:05:56 [!] Rate limit confirmado — esperando 30 segundos y reintentando...
2026-04-17 20:06:09 [+] Total: 5951 dias | Pendientes: 4283
2026-04-17 20:06:16   [4283/5951] 2021-09-22  0 tweets RATE_LIMIT?
2026-04-17 20:06:23   [probe] 0 tweets — RATE LIMIT CONFIRMADO
2026-04-17 20:06:23 [!] Revertidos y CSVs eliminados: ['2021-09-22']
2026-04-17 20:06:23 [!] Rate limit confirmado — esperando 1 minuto y reintentando...
2026-04-17 20:06:26 [+] Total: 5951 dias | Pendientes: 4302
2026-04-17 20:06:32   [4302/5951] 2021-10-11  0 tweets RATE_LIMIT?
2026-04-17 20:06:39   [probe] 0 tweets — RATE LIMIT CONFIRMADO
2026-04-17 20:06:39 [!] Revertidos y CSVs eliminados: ['2021-10-11']
2026-04-17 20:06:39 [!] Rate limit confirmado — esperando 30 segundos y reintentando...
2026-04-17 20:07:09 [+] Total: 5951 dias | Pendientes: 4302
2026-04-17 20:07:15   [4302/5951] 2021-10-11  0 tweets RATE_LIMIT?
2026-04-17 20:07:22   [probe] 0 tweets — RATE LIMIT CONFIRMADO
2026-04-17 20:07:22 [!] Revertidos y CSVs eliminados: ['2021-10-11']
2026-04-17 20:07:22 [!] Rate limit confirmado — esperando 30 segundos y reintentando...
2026-04-17 20:07:23 [+] Total: 5951 dias | Pendientes: 4283
2026-04-17 20:07:29   [4283/5951] 2021-09-22  0 tweets RATE_LIMIT?
2026-04-17 20:07:36   [probe] 0 tweets — RATE LIMIT CONFIRMADO
2026-04-17 20:07:36 [!] Revertidos y CSVs eliminados: ['2021-09-22']
2026-04-17 20:07:36 [!] Rate limit confirmado — esperando 1 minuto y reintentando...
2026-04-17 20:07:52 [+] Total: 5951 dias | Pendientes: 4302
2026-04-17 20:07:58   [4302/5951] 2021-10-11  0 tweets RATE_LIMIT?
2026-04-17 20:08:05   [probe] 0 tweets — RATE LIMIT CONFIRMADO
2026-04-17 20:08:05 [!] Revertidos y CSVs eliminados: ['2021-10-11']
2026-04-17 20:08:05 [!] Rate limit confirmado — esperando 30 segundos y reintentando...
2026-04-17 20:08:35 [+] Total: 5951 dias | Pendientes: 4302
2026-04-17 20:08:36 [+] Total: 5951 dias | Pendientes: 4283
2026-04-17 20:08:41   [4302/5951] 2021-10-11  0 tweets RATE_LIMIT?
2026-04-17 20:08:43   [4283/5951] 2021-09-22  0 tweets RATE_LIMIT?
2026-04-17 20:08:48   [probe] 0 tweets — RATE LIMIT CONFIRMADO
2026-04-17 20:08:48 [!] Revertidos y CSVs eliminados: ['2021-10-11']
2026-04-17 20:08:48 [!] Rate limit confirmado — esperando 30 segundos y reintentando...
2026-04-17 20:08:49   [probe] 0 tweets — RATE LIMIT CONFIRMADO
2026-04-17 20:08:49 [!] Revertidos y CSVs eliminados: ['2021-09-22']
2026-04-17 20:08:49 [!] Rate limit confirmado — esperando 1 minuto y reintentando...
2026-04-17 20:09:18 [+] Total: 5951 dias | Pendientes: 4302
2026-04-17 20:09:25   [4302/5951] 2021-10-11  0 tweets
2026-04-17 20:09:49 [+] Total: 5951 dias | Pendientes: 4283
2026-04-17 20:09:57   [4283/5951] 2021-09-22  12 tweets
2026-04-17 20:10:08   [4301/5951] 2021-10-10  2 tweets
2026-04-17 20:10:20   [4282/5951] 2021-09-21  6 tweets
2026-04-17 20:10:45   [4281/5951] 2021-09-20  14 tweets
2026-04-17 20:10:51   [4300/5951] 2021-10-09  2 tweets
2026-04-17 20:11:05   [4280/5951] 2021-09-19  2 tweets
2026-04-17 20:11:31   [4279/5951] 2021-09-18  4 tweets
2026-04-17 20:11:34   [4299/5951] 2021-10-08  2 tweets
2026-04-17 20:11:47   [4278/5951] 2021-09-17  20 tweets
2026-04-17 20:12:13   [4277/5951] 2021-09-16  16 tweets
2026-04-17 20:12:17   [4298/5951] 2021-10-07  10 tweets
2026-04-17 20:12:45   [4276/5951] 2021-09-15  14 tweets
2026-04-17 20:13:01   [4297/5951] 2021-10-06  22 tweets
2026-04-17 20:13:32   [4275/5951] 2021-09-14  6 tweets
2026-04-17 20:13:44   [4296/5951] 2021-10-05  2 tweets
2026-04-17 20:14:04   [4274/5951] 2021-09-13  4 tweets
2026-04-17 20:14:23   [4273/5951] 2021-09-12  8 tweets
2026-04-17 20:14:28   [4295/5951] 2021-10-04  6 tweets
2026-04-17 20:14:42   [4272/5951] 2021-09-11  18 tweets
2026-04-17 20:15:11   [4294/5951] 2021-10-03  8 tweets
2026-04-17 20:15:28   [4271/5951] 2021-09-10  6 tweets
2026-04-17 20:15:54   [4293/5951] 2021-10-02  6 tweets
2026-04-17 20:16:12   [4270/5951] 2021-09-09  2 tweets
2026-04-17 20:16:37   [4292/5951] 2021-10-01  4 tweets
2026-04-17 20:16:38   [4269/5951] 2021-09-08  2 tweets RATE_LIMIT?
2026-04-17 20:17:20   [4268/5951] 2021-09-07  0 tweets RATE_LIMIT?
2026-04-17 20:17:20   [4291/5951] 2021-09-30  0 tweets RATE_LIMIT?
2026-04-17 20:17:26   [probe] 0 tweets — RATE LIMIT CONFIRMADO
2026-04-17 20:17:26 [!] Revertidos y CSVs eliminados: ['2021-09-08', '2021-09-07']
2026-04-17 20:17:26 [!] Rate limit confirmado — esperando 1 minuto y reintentando...
2026-04-17 20:17:27   [probe] 0 tweets — RATE LIMIT CONFIRMADO
2026-04-17 20:17:27 [!] Revertidos y CSVs eliminados: ['2021-10-01', '2021-09-30']
2026-04-17 20:17:27 [!] Rate limit confirmado — esperando 30 segundos y reintentando...
2026-04-17 20:17:57 [+] Total: 5951 dias | Pendientes: 4292
2026-04-17 20:18:04   [4292/5951] 2021-10-01  0 tweets RATE_LIMIT?
2026-04-17 20:18:11   [probe] 0 tweets — RATE LIMIT CONFIRMADO
2026-04-17 20:18:11 [!] Revertidos y CSVs eliminados: ['2021-10-01']
2026-04-17 20:18:11 [!] Rate limit confirmado — esperando 30 segundos y reintentando...
2026-04-17 20:18:26 [+] Total: 5951 dias | Pendientes: 4269
2026-04-17 20:18:33   [4269/5951] 2021-09-08  0 tweets RATE_LIMIT?
2026-04-17 20:18:40   [probe] 0 tweets — RATE LIMIT CONFIRMADO
2026-04-17 20:18:40 [!] Revertidos y CSVs eliminados: ['2021-09-08']
2026-04-17 20:18:40 [!] Rate limit confirmado — esperando 1 minuto y reintentando...
2026-04-17 20:18:41 [+] Total: 5951 dias | Pendientes: 4292
2026-04-17 20:18:47   [4292/5951] 2021-10-01  0 tweets RATE_LIMIT?
2026-04-17 20:18:54   [probe] 0 tweets — RATE LIMIT CONFIRMADO
2026-04-17 20:18:54 [!] Revertidos y CSVs eliminados: ['2021-10-01']
2026-04-17 20:18:54 [!] Rate limit confirmado — esperando 30 segundos y reintentando...
2026-04-17 20:19:24 [+] Total: 5951 dias | Pendientes: 4292
2026-04-17 20:19:31   [4292/5951] 2021-10-01  0 tweets RATE_LIMIT?
2026-04-17 20:19:37   [probe] 0 tweets — RATE LIMIT CONFIRMADO
2026-04-17 20:19:37 [!] Revertidos y CSVs eliminados: ['2021-10-01']
2026-04-17 20:19:37 [!] Rate limit confirmado — esperando 30 segundos y reintentando...
2026-04-17 20:19:40 [+] Total: 5951 dias | Pendientes: 4269
2026-04-17 20:19:46   [4269/5951] 2021-09-08  0 tweets RATE_LIMIT?
2026-04-17 20:19:53   [probe] 0 tweets — RATE LIMIT CONFIRMADO
2026-04-17 20:19:53 [!] Revertidos y CSVs eliminados: ['2021-09-08']
2026-04-17 20:19:53 [!] Rate limit confirmado — esperando 1 minuto y reintentando...
2026-04-17 20:20:07 [+] Total: 5951 dias | Pendientes: 4292
2026-04-17 20:20:14   [4292/5951] 2021-10-01  0 tweets RATE_LIMIT?
2026-04-17 20:20:21   [probe] 0 tweets — RATE LIMIT CONFIRMADO
2026-04-17 20:20:21 [!] Revertidos y CSVs eliminados: ['2021-10-01']
2026-04-17 20:20:21 [!] Rate limit confirmado — esperando 30 segundos y reintentando...
2026-04-17 20:20:51 [+] Total: 5951 dias | Pendientes: 4292
2026-04-17 20:20:53 [+] Total: 5951 dias | Pendientes: 4269
2026-04-17 20:20:57   [4292/5951] 2021-10-01  0 tweets RATE_LIMIT?
2026-04-17 20:21:00   [4269/5951] 2021-09-08  0 tweets RATE_LIMIT?
2026-04-17 20:21:04   [probe] 0 tweets — RATE LIMIT CONFIRMADO
2026-04-17 20:21:04 [!] Revertidos y CSVs eliminados: ['2021-10-01']
2026-04-17 20:21:04 [!] Rate limit confirmado — esperando 30 segundos y reintentando...
2026-04-17 20:21:06   [probe] 0 tweets — RATE LIMIT CONFIRMADO
2026-04-17 20:21:06 [!] Revertidos y CSVs eliminados: ['2021-09-08']
2026-04-17 20:21:06 [!] Rate limit confirmado — esperando 1 minuto y reintentando...
2026-04-17 20:21:34 [+] Total: 5951 dias | Pendientes: 4292
2026-04-17 20:21:41   [4292/5951] 2021-10-01  0 tweets RATE_LIMIT?
2026-04-17 20:21:47   [probe] 0 tweets — RATE LIMIT CONFIRMADO
2026-04-17 20:21:47 [!] Revertidos y CSVs eliminados: ['2021-10-01']
2026-04-17 20:21:47 [!] Rate limit confirmado — esperando 30 segundos y reintentando...
2026-04-17 20:22:06 [+] Total: 5951 dias | Pendientes: 4269
2026-04-17 20:22:13   [4269/5951] 2021-09-08  0 tweets RATE_LIMIT?
2026-04-17 20:22:17 [+] Total: 5951 dias | Pendientes: 4292
2026-04-17 20:22:20   [probe] 0 tweets — RATE LIMIT CONFIRMADO
2026-04-17 20:22:20 [!] Revertidos y CSVs eliminados: ['2021-09-08']
2026-04-17 20:22:20 [!] Rate limit confirmado — esperando 1 minuto y reintentando...
2026-04-17 20:22:24   [4292/5951] 2021-10-01  0 tweets RATE_LIMIT?
2026-04-17 20:22:30   [probe] 0 tweets — RATE LIMIT CONFIRMADO
2026-04-17 20:22:30 [!] Revertidos y CSVs eliminados: ['2021-10-01']
2026-04-17 20:22:30 [!] Rate limit confirmado — esperando 30 segundos y reintentando...
2026-04-17 20:23:00 [+] Total: 5951 dias | Pendientes: 4292
2026-04-17 20:23:07   [4292/5951] 2021-10-01  0 tweets RATE_LIMIT?
2026-04-17 20:23:13   [probe] 0 tweets — RATE LIMIT CONFIRMADO
2026-04-17 20:23:13 [!] Revertidos y CSVs eliminados: ['2021-10-01']
2026-04-17 20:23:13 [!] Rate limit confirmado — esperando 30 segundos y reintentando...
2026-04-17 20:23:20 [+] Total: 5951 dias | Pendientes: 4269
2026-04-17 20:23:26   [4269/5951] 2021-09-08  0 tweets RATE_LIMIT?
2026-04-17 20:23:33   [probe] 0 tweets — RATE LIMIT CONFIRMADO
2026-04-17 20:23:33 [!] Revertidos y CSVs eliminados: ['2021-09-08']
2026-04-17 20:23:33 [!] Rate limit confirmado — esperando 1 minuto y reintentando...
2026-04-17 20:23:44 [+] Total: 5951 dias | Pendientes: 4292
2026-04-17 20:23:50   [4292/5951] 2021-10-01  0 tweets RATE_LIMIT?
2026-04-17 20:23:57   [probe] 0 tweets — RATE LIMIT CONFIRMADO
2026-04-17 20:23:57 [!] Revertidos y CSVs eliminados: ['2021-10-01']
2026-04-17 20:23:57 [!] Rate limit confirmado — esperando 30 segundos y reintentando...
2026-04-17 20:24:27 [+] Total: 5951 dias | Pendientes: 4292
2026-04-17 20:24:33 [+] Total: 5951 dias | Pendientes: 4269
2026-04-17 20:24:34   [4292/5951] 2021-10-01  4 tweets
2026-04-17 20:24:39   [4269/5951] 2021-09-08  4 tweets
2026-04-17 20:25:06   [4268/5951] 2021-09-07  2 tweets
2026-04-17 20:25:17   [4291/5951] 2021-09-30  10 tweets
2026-04-17 20:25:42   [4267/5951] 2021-09-06  12 tweets
2026-04-17 20:26:01   [4290/5951] 2021-09-29  6 tweets
2026-04-17 20:26:16   [4266/5951] 2021-09-05  2 tweets
2026-04-17 20:26:37   [4265/5951] 2021-09-04  18 tweets
2026-04-17 20:26:44   [4289/5951] 2021-09-28  0 tweets
2026-04-17 20:26:49   [4264/5951] 2021-09-03  8 tweets
2026-04-17 20:27:19   [4263/5951] 2021-09-02  8 tweets
2026-04-17 20:27:27   [4288/5951] 2021-09-27  6 tweets
2026-04-17 20:27:51   [4262/5951] 2021-09-01  4 tweets
2026-04-17 20:28:10   [4287/5951] 2021-09-26  0 tweets
2026-04-17 20:28:14   [4261/5951] 2021-08-31  2 tweets
2026-04-17 20:28:53   [4286/5951] 2021-09-25  14 tweets
2026-04-17 20:28:55   [4260/5951] 2021-08-30  6 tweets
2026-04-17 20:29:36   [4285/5951] 2021-09-24  6 tweets
2026-04-17 20:29:40   [4259/5951] 2021-08-29  10 tweets
2026-04-17 20:30:19   [4284/5951] 2021-09-23  10 tweets
2026-04-17 20:30:29   [4258/5951] 2021-08-28  6 tweets
2026-04-17 20:31:02   [4257/5951] 2021-08-27  4 tweets
2026-04-17 20:31:04   [4283/5951] 2021-09-22  12 tweets
2026-04-17 20:31:47   [4282/5951] 2021-09-21  6 tweets
2026-04-17 20:31:48   [4256/5951] 2021-08-26  0 tweets
2026-04-17 20:32:09   [4255/5951] 2021-08-25  4 tweets
2026-04-17 20:32:30   [4281/5951] 2021-09-20  7 tweets RATE_LIMIT?
2026-04-17 20:32:58   [4254/5951] 2021-08-24  0 tweets RATE_LIMIT?
2026-04-17 20:33:04   [probe] 0 tweets — RATE LIMIT CONFIRMADO
2026-04-17 20:33:04 [!] Revertidos y CSVs eliminados: ['2021-08-25', '2021-08-24']
2026-04-17 20:33:04 [!] Rate limit confirmado — esperando 1 minuto y reintentando...
2026-04-17 20:33:13   [4280/5951] 2021-09-19  0 tweets RATE_LIMIT?
2026-04-17 20:33:20   [probe] 0 tweets — RATE LIMIT CONFIRMADO
2026-04-17 20:33:20 [!] Revertidos y CSVs eliminados: ['2021-09-20', '2021-09-19']
2026-04-17 20:33:20 [!] Rate limit confirmado — esperando 30 segundos y reintentando...
2026-04-17 20:33:50 [+] Total: 5951 dias | Pendientes: 4281
2026-04-17 20:33:56   [4281/5951] 2021-09-20  0 tweets RATE_LIMIT?
2026-04-17 20:34:03   [probe] 0 tweets — RATE LIMIT CONFIRMADO
2026-04-17 20:34:03 [!] Revertidos y CSVs eliminados: ['2021-09-20']
2026-04-17 20:34:03 [!] Rate limit confirmado — esperando 30 segundos y reintentando...
2026-04-17 20:34:04 [+] Total: 5951 dias | Pendientes: 4255
2026-04-17 20:34:11   [4255/5951] 2021-08-25  0 tweets RATE_LIMIT?
2026-04-17 20:34:18   [probe] 0 tweets — RATE LIMIT CONFIRMADO
2026-04-17 20:34:18 [!] Revertidos y CSVs eliminados: ['2021-08-25']
2026-04-17 20:34:18 [!] Rate limit confirmado — esperando 1 minuto y reintentando...
2026-04-17 20:34:33 [+] Total: 5951 dias | Pendientes: 4281
2026-04-17 20:34:40   [4281/5951] 2021-09-20  0 tweets RATE_LIMIT?
2026-04-17 20:34:46   [probe] 0 tweets — RATE LIMIT CONFIRMADO
2026-04-17 20:34:46 [!] Revertidos y CSVs eliminados: ['2021-09-20']
2026-04-17 20:34:46 [!] Rate limit confirmado — esperando 30 segundos y reintentando...
2026-04-17 20:35:16 [+] Total: 5951 dias | Pendientes: 4281
2026-04-17 20:35:18 [+] Total: 5951 dias | Pendientes: 4255
2026-04-17 20:35:23   [4281/5951] 2021-09-20  0 tweets RATE_LIMIT?
2026-04-17 20:35:25   [4255/5951] 2021-08-25  0 tweets RATE_LIMIT?
2026-04-17 20:35:30   [probe] 0 tweets — RATE LIMIT CONFIRMADO
2026-04-17 20:35:30 [!] Revertidos y CSVs eliminados: ['2021-09-20']
2026-04-17 20:35:30 [!] Rate limit confirmado — esperando 30 segundos y reintentando...
2026-04-17 20:35:31   [probe] 0 tweets — RATE LIMIT CONFIRMADO
2026-04-17 20:35:31 [!] Revertidos y CSVs eliminados: ['2021-08-25']
2026-04-17 20:35:31 [!] Rate limit confirmado — esperando 1 minuto y reintentando...
2026-04-17 20:36:00 [+] Total: 5951 dias | Pendientes: 4281
2026-04-17 20:36:06   [4281/5951] 2021-09-20  0 tweets RATE_LIMIT?
2026-04-17 20:36:13   [probe] 0 tweets — RATE LIMIT CONFIRMADO
2026-04-17 20:36:13 [!] Revertidos y CSVs eliminados: ['2021-09-20']
2026-04-17 20:36:13 [!] Rate limit confirmado — esperando 30 segundos y reintentando...
2026-04-17 20:36:32 [+] Total: 5951 dias | Pendientes: 4255
2026-04-17 20:36:38   [4255/5951] 2021-08-25  0 tweets RATE_LIMIT?
2026-04-17 20:36:43 [+] Total: 5951 dias | Pendientes: 4281
2026-04-17 20:36:45   [probe] 0 tweets — RATE LIMIT CONFIRMADO
2026-04-17 20:36:45 [!] Revertidos y CSVs eliminados: ['2021-08-25']
2026-04-17 20:36:45 [!] Rate limit confirmado — esperando 1 minuto y reintentando...
2026-04-17 20:36:49   [4281/5951] 2021-09-20  0 tweets RATE_LIMIT?
2026-04-17 20:36:56   [probe] 0 tweets — RATE LIMIT CONFIRMADO
2026-04-17 20:36:56 [!] Revertidos y CSVs eliminados: ['2021-09-20']
2026-04-17 20:36:56 [!] Rate limit confirmado — esperando 30 segundos y reintentando...
2026-04-17 20:37:26 [+] Total: 5951 dias | Pendientes: 4281
2026-04-17 20:37:33   [4281/5951] 2021-09-20  0 tweets RATE_LIMIT?
2026-04-17 20:37:40   [probe] 0 tweets — RATE LIMIT CONFIRMADO
2026-04-17 20:37:40 [!] Revertidos y CSVs eliminados: ['2021-09-20']
2026-04-17 20:37:40 [!] Rate limit confirmado — esperando 30 segundos y reintentando...
2026-04-17 20:37:45 [+] Total: 5951 dias | Pendientes: 4255
2026-04-17 20:37:51   [4255/5951] 2021-08-25  0 tweets RATE_LIMIT?
2026-04-17 20:37:58   [probe] 0 tweets — RATE LIMIT CONFIRMADO
2026-04-17 20:37:58 [!] Revertidos y CSVs eliminados: ['2021-08-25']
2026-04-17 20:37:58 [!] Rate limit confirmado — esperando 1 minuto y reintentando...
2026-04-17 20:38:10 [+] Total: 5951 dias | Pendientes: 4281
2026-04-17 20:38:16   [4281/5951] 2021-09-20  0 tweets RATE_LIMIT?
2026-04-17 20:38:23   [probe] 0 tweets — RATE LIMIT CONFIRMADO
2026-04-17 20:38:23 [!] Revertidos y CSVs eliminados: ['2021-09-20']
2026-04-17 20:38:23 [!] Rate limit confirmado — esperando 30 segundos y reintentando...
2026-04-17 20:38:53 [+] Total: 5951 dias | Pendientes: 4281
2026-04-17 20:38:58 [+] Total: 5951 dias | Pendientes: 4255
2026-04-17 20:39:00   [4281/5951] 2021-09-20  0 tweets RATE_LIMIT?
2026-04-17 20:39:04   [4255/5951] 2021-08-25  0 tweets RATE_LIMIT?
2026-04-17 20:39:06   [probe] 0 tweets — RATE LIMIT CONFIRMADO
2026-04-17 20:39:06 [!] Revertidos y CSVs eliminados: ['2021-09-20']
2026-04-17 20:39:06 [!] Rate limit confirmado — esperando 30 segundos y reintentando...
2026-04-17 20:39:11   [probe] 0 tweets — RATE LIMIT CONFIRMADO
2026-04-17 20:39:11 [!] Revertidos y CSVs eliminados: ['2021-08-25']
2026-04-17 20:39:11 [!] Rate limit confirmado — esperando 1 minuto y reintentando...
2026-04-17 20:39:36 [+] Total: 5951 dias | Pendientes: 4281
2026-04-17 20:39:44   [4281/5951] 2021-09-20  14 tweets
2026-04-17 20:40:11 [+] Total: 5951 dias | Pendientes: 4255
2026-04-17 20:40:19   [4255/5951] 2021-08-25  4 tweets
2026-04-17 20:40:28   [4280/5951] 2021-09-19  2 tweets
2026-04-17 20:40:50   [4254/5951] 2021-08-24  16 tweets
2026-04-17 20:41:03   [4253/5951] 2021-08-23  16 tweets
2026-04-17 20:41:11   [4279/5951] 2021-09-18  4 tweets
2026-04-17 20:41:18   [4252/5951] 2021-08-22  12 tweets
2026-04-17 20:41:32   [4251/5951] 2021-08-21  22 tweets
2026-04-17 20:41:55   [4278/5951] 2021-09-17  20 tweets
2026-04-17 20:42:13   [4250/5951] 2021-08-20  10 tweets
2026-04-17 20:42:38   [4277/5951] 2021-09-16  16 tweets
2026-04-17 20:42:46   [4249/5951] 2021-08-19  4 tweets
2026-04-17 20:43:23   [4276/5951] 2021-09-15  14 tweets
2026-04-17 20:43:34   [4248/5951] 2021-08-18  0 tweets
2026-04-17 20:43:59   [4247/5951] 2021-08-17  10 tweets
2026-04-17 20:44:06   [4275/5951] 2021-09-14  6 tweets
2026-04-17 20:44:21   [4246/5951] 2021-08-16  34 tweets
2026-04-17 20:44:49   [4274/5951] 2021-09-13  4 tweets
2026-04-17 20:45:07   [4245/5951] 2021-08-15  14 tweets
2026-04-17 20:45:32   [4273/5951] 2021-09-12  8 tweets
2026-04-17 20:45:54   [4244/5951] 2021-08-14  4 tweets
2026-04-17 20:46:14   [4243/5951] 2021-08-13  14 tweets
2026-04-17 20:46:16   [4272/5951] 2021-09-11  18 tweets
2026-04-17 20:46:41   [4242/5951] 2021-08-12  16 tweets
2026-04-17 20:46:59   [4271/5951] 2021-09-10  6 tweets
2026-04-17 20:47:25   [4241/5951] 2021-08-11  4 tweets RATE_LIMIT?
2026-04-17 20:47:42   [4270/5951] 2021-09-09  0 tweets RATE_LIMIT?
2026-04-17 20:47:48   [probe] 0 tweets — RATE LIMIT CONFIRMADO
2026-04-17 20:47:48 [!] Revertidos y CSVs eliminados: ['2021-09-10', '2021-09-09']
2026-04-17 20:47:48 [!] Rate limit confirmado — esperando 30 segundos y reintentando...
2026-04-17 20:47:56   [4240/5951] 2021-08-10  0 tweets RATE_LIMIT?
2026-04-17 20:48:02   [probe] 0 tweets — RATE LIMIT CONFIRMADO
2026-04-17 20:48:02 [!] Revertidos y CSVs eliminados: ['2021-08-11', '2021-08-10']
2026-04-17 20:48:02 [!] Rate limit confirmado — esperando 1 minuto y reintentando...
2026-04-17 20:48:18 [+] Total: 5951 dias | Pendientes: 4271
2026-04-17 20:48:25   [4271/5951] 2021-09-10  0 tweets RATE_LIMIT?
2026-04-17 20:48:31   [probe] 0 tweets — RATE LIMIT CONFIRMADO
2026-04-17 20:48:31 [!] Revertidos y CSVs eliminados: ['2021-09-10']
2026-04-17 20:48:31 [!] Rate limit confirmado — esperando 30 segundos y reintentando...
2026-04-17 20:49:01 [+] Total: 5951 dias | Pendientes: 4271
2026-04-17 20:49:02 [+] Total: 5951 dias | Pendientes: 4241
2026-04-17 20:49:08   [4271/5951] 2021-09-10  0 tweets RATE_LIMIT?
2026-04-17 20:49:10   [4241/5951] 2021-08-11  0 tweets RATE_LIMIT?
2026-04-17 20:49:16   [probe] 0 tweets — RATE LIMIT CONFIRMADO
2026-04-17 20:49:16 [!] Revertidos y CSVs eliminados: ['2021-09-10']
2026-04-17 20:49:16 [!] Rate limit confirmado — esperando 30 segundos y reintentando...
2026-04-17 20:49:17   [probe] 0 tweets — RATE LIMIT CONFIRMADO
2026-04-17 20:49:17 [!] Revertidos y CSVs eliminados: ['2021-08-11']
2026-04-17 20:49:17 [!] Rate limit confirmado — esperando 1 minuto y reintentando...
2026-04-17 20:49:46 [+] Total: 5951 dias | Pendientes: 4271
2026-04-17 20:49:52   [4271/5951] 2021-09-10  0 tweets RATE_LIMIT?
2026-04-17 20:49:59   [probe] 0 tweets — RATE LIMIT CONFIRMADO
2026-04-17 20:49:59 [!] Revertidos y CSVs eliminados: ['2021-09-10']
2026-04-17 20:49:59 [!] Rate limit confirmado — esperando 30 segundos y reintentando...
2026-04-17 20:50:17 [+] Total: 5951 dias | Pendientes: 4241
2026-04-17 20:50:23   [4241/5951] 2021-08-11  0 tweets RATE_LIMIT?
2026-04-17 20:50:29 [+] Total: 5951 dias | Pendientes: 4271
2026-04-17 20:50:30   [probe] 0 tweets — RATE LIMIT CONFIRMADO
2026-04-17 20:50:30 [!] Revertidos y CSVs eliminados: ['2021-08-11']
2026-04-17 20:50:30 [!] Rate limit confirmado — esperando 1 minuto y reintentando...
2026-04-17 20:50:35   [4271/5951] 2021-09-10  0 tweets RATE_LIMIT?
2026-04-17 20:50:42   [probe] 0 tweets — RATE LIMIT CONFIRMADO
2026-04-17 20:50:42 [!] Revertidos y CSVs eliminados: ['2021-09-10']
2026-04-17 20:50:42 [!] Rate limit confirmado — esperando 30 segundos y reintentando...
2026-04-17 20:51:12 [+] Total: 5951 dias | Pendientes: 4271
2026-04-17 20:51:18   [4271/5951] 2021-09-10  0 tweets RATE_LIMIT?
2026-04-17 20:51:25   [probe] 0 tweets — RATE LIMIT CONFIRMADO
2026-04-17 20:51:25 [!] Revertidos y CSVs eliminados: ['2021-09-10']
2026-04-17 20:51:25 [!] Rate limit confirmado — esperando 30 segundos y reintentando...
2026-04-17 20:51:30 [+] Total: 5951 dias | Pendientes: 4241
2026-04-17 20:51:36   [4241/5951] 2021-08-11  0 tweets RATE_LIMIT?
2026-04-17 20:51:43   [probe] 0 tweets — RATE LIMIT CONFIRMADO
2026-04-17 20:51:43 [!] Revertidos y CSVs eliminados: ['2021-08-11']
2026-04-17 20:51:43 [!] Rate limit confirmado — esperando 1 minuto y reintentando...
2026-04-17 20:51:55 [+] Total: 5951 dias | Pendientes: 4271
2026-04-17 20:52:02   [4271/5951] 2021-09-10  0 tweets RATE_LIMIT?
2026-04-17 20:52:09   [probe] 0 tweets — RATE LIMIT CONFIRMADO
2026-04-17 20:52:09 [!] Revertidos y CSVs eliminados: ['2021-09-10']
2026-04-17 20:52:09 [!] Rate limit confirmado — esperando 30 segundos y reintentando...
2026-04-17 20:52:39 [+] Total: 5951 dias | Pendientes: 4271
2026-04-17 20:52:43 [+] Total: 5951 dias | Pendientes: 4241
2026-04-17 20:52:45   [4271/5951] 2021-09-10  0 tweets RATE_LIMIT?
2026-04-17 20:52:50   [4241/5951] 2021-08-11  0 tweets RATE_LIMIT?
2026-04-17 20:52:52   [probe] 0 tweets — RATE LIMIT CONFIRMADO
2026-04-17 20:52:52 [!] Revertidos y CSVs eliminados: ['2021-09-10']
2026-04-17 20:52:52 [!] Rate limit confirmado — esperando 30 segundos y reintentando...
2026-04-17 20:52:56   [probe] 0 tweets — RATE LIMIT CONFIRMADO
2026-04-17 20:52:56 [!] Revertidos y CSVs eliminados: ['2021-08-11']
2026-04-17 20:52:56 [!] Rate limit confirmado — esperando 1 minuto y reintentando...
2026-04-17 20:53:22 [+] Total: 5951 dias | Pendientes: 4271
2026-04-17 20:53:29   [4271/5951] 2021-09-10  0 tweets RATE_LIMIT?
2026-04-17 20:53:35   [probe] 0 tweets — RATE LIMIT CONFIRMADO
2026-04-17 20:53:35 [!] Revertidos y CSVs eliminados: ['2021-09-10']
2026-04-17 20:53:35 [!] Rate limit confirmado — esperando 30 segundos y reintentando...
2026-04-17 20:53:56 [+] Total: 5951 dias | Pendientes: 4241
2026-04-17 20:54:03   [4241/5951] 2021-08-11  0 tweets RATE_LIMIT?
2026-04-17 20:54:05 [+] Total: 5951 dias | Pendientes: 4271
2026-04-17 20:54:09   [probe] 0 tweets — RATE LIMIT CONFIRMADO
2026-04-17 20:54:09 [!] Revertidos y CSVs eliminados: ['2021-08-11']
2026-04-17 20:54:09 [!] Rate limit confirmado — esperando 1 minuto y reintentando...
2026-04-17 20:54:12   [4271/5951] 2021-09-10  0 tweets RATE_LIMIT?
2026-04-17 20:54:19   [probe] 0 tweets — RATE LIMIT CONFIRMADO
2026-04-17 20:54:19 [!] Revertidos y CSVs eliminados: ['2021-09-10']
2026-04-17 20:54:19 [!] Rate limit confirmado — esperando 30 segundos y reintentando...
2026-04-17 20:54:49 [+] Total: 5951 dias | Pendientes: 4271
2026-04-17 20:54:57   [4271/5951] 2021-09-10  6 tweets
2026-04-17 20:55:09 [+] Total: 5951 dias | Pendientes: 4241
2026-04-17 20:55:17   [4241/5951] 2021-08-11  8 tweets
2026-04-17 20:55:39   [4240/5951] 2021-08-10  18 tweets
2026-04-17 20:55:40   [4270/5951] 2021-09-09  2 tweets
2026-04-17 20:56:08   [4239/5951] 2021-08-09  32 tweets
2026-04-17 20:56:23   [4269/5951] 2021-09-08  4 tweets
2026-04-17 20:56:27   [4238/5951] 2021-08-08  8 tweets
2026-04-17 20:57:04   [4237/5951] 2021-08-07  2 tweets
2026-04-17 20:57:06   [4268/5951] 2021-09-07  2 tweets
2026-04-17 20:57:18   [4236/5951] 2021-08-06  8 tweets
2026-04-17 20:57:50   [4267/5951] 2021-09-06  12 tweets
2026-04-17 20:58:01   [4235/5951] 2021-08-05  2 tweets
2026-04-17 20:58:29   [4234/5951] 2021-08-04  12 tweets
2026-04-17 20:58:33   [4266/5951] 2021-09-05  2 tweets
2026-04-17 20:59:14   [4233/5951] 2021-08-03  8 tweets
2026-04-17 20:59:16   [4265/5951] 2021-09-04  18 tweets
2026-04-17 20:59:31   [4232/5951] 2021-08-02  8 tweets
2026-04-17 21:00:00   [4264/5951] 2021-09-03  8 tweets
2026-04-17 21:00:18   [4231/5951] 2021-08-01  8 tweets
2026-04-17 21:00:43   [4263/5951] 2021-09-02  8 tweets
2026-04-17 21:00:54   [4230/5951] 2021-07-31  2 tweets
2026-04-17 21:01:08   [4229/5951] 2021-07-30  4 tweets
2026-04-17 21:01:23   [4228/5951] 2021-07-29  4 tweets
2026-04-17 21:01:26   [4262/5951] 2021-09-01  4 tweets
2026-04-17 21:01:37   [4227/5951] 2021-07-28  10 tweets
2026-04-17 21:02:09   [4261/5951] 2021-08-31  0 tweets RATE_LIMIT?
2026-04-17 21:02:14   [4226/5951] 2021-07-27  0 tweets RATE_LIMIT?
2026-04-17 21:02:16   [probe] 0 tweets — RATE LIMIT CONFIRMADO
2026-04-17 21:02:16 [!] Revertidos y CSVs eliminados: ['2021-09-01', '2021-08-31']
2026-04-17 21:02:16 [!] Rate limit confirmado — esperando 30 segundos y reintentando...
2026-04-17 21:02:21   [probe] 0 tweets — RATE LIMIT CONFIRMADO
2026-04-17 21:02:21 [!] Revertidos y CSVs eliminados: ['2021-07-28', '2021-07-27']
2026-04-17 21:02:21 [!] Rate limit confirmado — esperando 1 minuto y reintentando...
2026-04-17 21:02:46 [+] Total: 5951 dias | Pendientes: 4262
2026-04-17 21:02:52   [4262/5951] 2021-09-01  0 tweets RATE_LIMIT?
2026-04-17 21:02:59   [probe] 0 tweets — RATE LIMIT CONFIRMADO
2026-04-17 21:02:59 [!] Revertidos y CSVs eliminados: ['2021-09-01']
2026-04-17 21:02:59 [!] Rate limit confirmado — esperando 30 segundos y reintentando...
2026-04-17 21:03:21 [+] Total: 5951 dias | Pendientes: 4227
2026-04-17 21:03:27   [4227/5951] 2021-07-28  0 tweets RATE_LIMIT?
2026-04-17 21:03:29 [+] Total: 5951 dias | Pendientes: 4262
2026-04-17 21:03:34   [probe] 0 tweets — RATE LIMIT CONFIRMADO
2026-04-17 21:03:34 [!] Revertidos y CSVs eliminados: ['2021-07-28']
2026-04-17 21:03:34 [!] Rate limit confirmado — esperando 1 minuto y reintentando...
2026-04-17 21:03:36   [4262/5951] 2021-09-01  0 tweets RATE_LIMIT?
2026-04-17 21:03:42   [probe] 0 tweets — RATE LIMIT CONFIRMADO
2026-04-17 21:03:42 [!] Revertidos y CSVs eliminados: ['2021-09-01']
2026-04-17 21:03:42 [!] Rate limit confirmado — esperando 30 segundos y reintentando...
2026-04-17 21:04:13 [+] Total: 5951 dias | Pendientes: 4262
2026-04-17 21:04:19   [4262/5951] 2021-09-01  0 tweets RATE_LIMIT?
2026-04-17 21:04:26   [probe] 0 tweets — RATE LIMIT CONFIRMADO
2026-04-17 21:04:26 [!] Revertidos y CSVs eliminados: ['2021-09-01']
2026-04-17 21:04:26 [!] Rate limit confirmado — esperando 30 segundos y reintentando...
2026-04-17 21:04:34 [+] Total: 5951 dias | Pendientes: 4227
2026-04-17 21:04:40   [4227/5951] 2021-07-28  0 tweets RATE_LIMIT?
2026-04-17 21:04:47   [probe] 0 tweets — RATE LIMIT CONFIRMADO
2026-04-17 21:04:47 [!] Revertidos y CSVs eliminados: ['2021-07-28']
2026-04-17 21:04:47 [!] Rate limit confirmado — esperando 1 minuto y reintentando...
2026-04-17 21:04:56 [+] Total: 5951 dias | Pendientes: 4262
2026-04-17 21:05:02   [4262/5951] 2021-09-01  0 tweets RATE_LIMIT?
2026-04-17 21:05:09   [probe] 0 tweets — RATE LIMIT CONFIRMADO
2026-04-17 21:05:09 [!] Revertidos y CSVs eliminados: ['2021-09-01']
2026-04-17 21:05:09 [!] Rate limit confirmado — esperando 30 segundos y reintentando...
2026-04-17 21:05:39 [+] Total: 5951 dias | Pendientes: 4262
2026-04-17 21:05:45   [4262/5951] 2021-09-01  0 tweets RATE_LIMIT?
2026-04-17 21:05:47 [+] Total: 5951 dias | Pendientes: 4227
2026-04-17 21:05:52   [probe] 0 tweets — RATE LIMIT CONFIRMADO
2026-04-17 21:05:52 [!] Revertidos y CSVs eliminados: ['2021-09-01']
2026-04-17 21:05:52 [!] Rate limit confirmado — esperando 30 segundos y reintentando...
2026-04-17 21:05:54   [4227/5951] 2021-07-28  0 tweets RATE_LIMIT?
2026-04-17 21:06:00   [probe] 0 tweets — RATE LIMIT CONFIRMADO
2026-04-17 21:06:00 [!] Revertidos y CSVs eliminados: ['2021-07-28']
2026-04-17 21:06:00 [!] Rate limit confirmado — esperando 1 minuto y reintentando...
2026-04-17 21:06:22 [+] Total: 5951 dias | Pendientes: 4262
2026-04-17 21:06:28   [4262/5951] 2021-09-01  0 tweets RATE_LIMIT?
2026-04-17 21:06:35   [probe] 0 tweets — RATE LIMIT CONFIRMADO
2026-04-17 21:06:35 [!] Revertidos y CSVs eliminados: ['2021-09-01']
2026-04-17 21:06:35 [!] Rate limit confirmado — esperando 30 segundos y reintentando...
2026-04-17 21:07:00 [+] Total: 5951 dias | Pendientes: 4227
2026-04-17 21:07:05 [+] Total: 5951 dias | Pendientes: 4262
2026-04-17 21:07:07   [4227/5951] 2021-07-28  0 tweets RATE_LIMIT?
2026-04-17 21:07:12   [4262/5951] 2021-09-01  0 tweets RATE_LIMIT?
2026-04-17 21:07:13   [probe] 0 tweets — RATE LIMIT CONFIRMADO
2026-04-17 21:07:13 [!] Revertidos y CSVs eliminados: ['2021-07-28']
2026-04-17 21:07:13 [!] Rate limit confirmado — esperando 1 minuto y reintentando...
2026-04-17 21:07:18   [probe] 0 tweets — RATE LIMIT CONFIRMADO
2026-04-17 21:07:18 [!] Revertidos y CSVs eliminados: ['2021-09-01']
2026-04-17 21:07:18 [!] Rate limit confirmado — esperando 30 segundos y reintentando...
2026-04-17 21:07:49 [+] Total: 5951 dias | Pendientes: 4262
2026-04-17 21:07:55   [4262/5951] 2021-09-01  0 tweets RATE_LIMIT?
2026-04-17 21:08:02   [probe] 0 tweets — RATE LIMIT CONFIRMADO
2026-04-17 21:08:02 [!] Revertidos y CSVs eliminados: ['2021-09-01']
2026-04-17 21:08:02 [!] Rate limit confirmado — esperando 30 segundos y reintentando...
2026-04-17 21:08:13 [+] Total: 5951 dias | Pendientes: 4227
2026-04-17 21:08:20   [4227/5951] 2021-07-28  0 tweets RATE_LIMIT?
2026-04-17 21:08:27   [probe] 0 tweets — RATE LIMIT CONFIRMADO
2026-04-17 21:08:27 [!] Revertidos y CSVs eliminados: ['2021-07-28']
2026-04-17 21:08:27 [!] Rate limit confirmado — esperando 1 minuto y reintentando...
2026-04-17 21:08:32 [+] Total: 5951 dias | Pendientes: 4262
2026-04-17 21:08:39   [4262/5951] 2021-09-01  0 tweets RATE_LIMIT?
2026-04-17 21:08:45   [probe] 0 tweets — RATE LIMIT CONFIRMADO
2026-04-17 21:08:45 [!] Revertidos y CSVs eliminados: ['2021-09-01']
2026-04-17 21:08:45 [!] Rate limit confirmado — esperando 30 segundos y reintentando...
2026-04-17 21:09:15 [+] Total: 5951 dias | Pendientes: 4262
2026-04-17 21:09:22   [4262/5951] 2021-09-01  0 tweets RATE_LIMIT?
2026-04-17 21:09:27 [+] Total: 5951 dias | Pendientes: 4227
2026-04-17 21:09:28   [probe] 0 tweets — RATE LIMIT CONFIRMADO
2026-04-17 21:09:28 [!] Revertidos y CSVs eliminados: ['2021-09-01']
2026-04-17 21:09:28 [!] Rate limit confirmado — esperando 30 segundos y reintentando...
2026-04-17 21:09:34   [4227/5951] 2021-07-28  0 tweets RATE_LIMIT?
2026-04-17 21:09:40   [probe] 0 tweets — RATE LIMIT CONFIRMADO
2026-04-17 21:09:40 [!] Revertidos y CSVs eliminados: ['2021-07-28']
2026-04-17 21:09:40 [!] Rate limit confirmado — esperando 1 minuto y reintentando...
2026-04-17 21:10:40 [+] Total: 5951 dias | Pendientes: 4227
2026-04-17 21:10:48   [4227/5951] 2021-07-28  10 tweets
2026-04-17 21:11:30   [4226/5951] 2021-07-27  4 tweets
2026-04-17 21:12:00   [4225/5951] 2021-07-26  4 tweets
2026-04-17 21:12:12   [4224/5951] 2021-07-25  18 tweets
2026-04-17 21:12:27   [4223/5951] 2021-07-24  18 tweets
2026-04-17 21:13:05   [4222/5951] 2021-07-23  6 tweets
2026-04-17 21:13:21   [4221/5951] 2021-07-22  0 tweets
2026-04-17 21:13:58   [4220/5951] 2021-07-21  6 tweets
2026-04-17 21:14:25   [4219/5951] 2021-07-20  2 tweets
2026-04-17 21:15:03   [4218/5951] 2021-07-19  12 tweets
2026-04-17 21:15:41   [4217/5951] 2021-07-18  19 tweets
2026-04-17 21:16:04   [4216/5951] 2021-07-17  12 tweets
2026-04-17 21:16:53   [4215/5951] 2021-07-16  23 tweets
2026-04-17 21:17:17   [4214/5951] 2021-07-15  4 tweets
2026-04-17 21:17:53   [4213/5951] 2021-07-14  10 tweets
2026-04-17 21:18:04   [4212/5951] 2021-07-13  6 tweets
2026-04-17 21:18:34   [4211/5951] 2021-07-12  12 tweets
2026-04-17 21:19:02   [4210/5951] 2021-07-11  8 tweets
2026-04-17 21:19:45   [4209/5951] 2021-07-10  0 tweets
2026-04-17 21:20:25   [4208/5951] 2021-07-09  6 tweets
2026-04-17 21:20:51   [4207/5951] 2021-07-08  8 tweets
2026-04-17 21:21:09   [4206/5951] 2021-07-07  17 tweets
2026-04-17 21:21:32   [4205/5951] 2021-07-06  4 tweets
2026-04-17 21:34:53 [+] Total: 5951 dias | Pendientes: 4367
2026-04-17 21:35:04   [4389/5951] 2022-01-06  12 tweets
2026-04-17 21:35:53   [4388/5951] 2022-01-05  8 tweets
2026-04-17 21:36:35   [4387/5951] 2022-01-04  12 tweets
2026-04-17 21:37:36   [4386/5951] 2022-01-03  10 tweets
2026-04-17 21:38:40   [4385/5951] 2022-01-02  6 tweets
2026-04-17 21:39:36   [4384/5951] 2022-01-01  12 tweets
2026-04-17 21:40:20   [4383/5951] 2021-12-31  8 tweets
2026-04-17 21:41:21   [4382/5951] 2021-12-30  10 tweets
2026-04-17 21:42:02   [4381/5951] 2021-12-29  10 tweets
2026-04-17 21:42:44   [4380/5951] 2021-12-28  18 tweets
2026-04-17 21:43:31   [4379/5951] 2021-12-27  10 tweets
2026-04-17 21:44:09   [4378/5951] 2021-12-26  26 tweets
2026-04-17 21:44:57   [4377/5951] 2021-12-25  10 tweets
2026-04-17 21:45:37   [4376/5951] 2021-12-24  22 tweets
2026-04-17 21:46:41   [4375/5951] 2021-12-23  0 tweets
2026-04-17 21:47:31   [4374/5951] 2021-12-22  10 tweets
2026-04-17 21:48:25   [4373/5951] 2021-12-21  28 tweets
2026-04-17 21:49:25   [4372/5951] 2021-12-20  8 tweets
2026-04-17 21:50:19   [4371/5951] 2021-12-19  14 tweets
2026-04-17 21:51:08   [4370/5951] 2021-12-18  2 tweets
2026-04-17 21:52:07   [4369/5951] 2021-12-17  6 tweets
2026-04-17 21:53:00   [4368/5951] 2021-12-16  18 tweets
2026-04-17 21:53:41   [4367/5951] 2021-12-15  8 tweets
2026-04-17 21:54:18   [4366/5951] 2021-12-14  2 tweets
2026-04-17 21:55:10   [4365/5951] 2021-12-13  12 tweets
2026-04-17 21:55:46   [4364/5951] 2021-12-12  0 tweets
2026-04-17 21:56:43   [4363/5951] 2021-12-11  10 tweets
2026-04-17 21:57:37   [4362/5951] 2021-12-10  8 tweets
2026-04-17 21:58:35   [4361/5951] 2021-12-09  6 tweets
2026-04-17 21:59:34   [4360/5951] 2021-12-08  6 tweets
2026-04-17 22:00:26   [4359/5951] 2021-12-07  20 tweets
2026-04-17 22:01:22   [4358/5951] 2021-12-06  24 tweets
2026-04-17 22:02:12   [4357/5951] 2021-12-05  6 tweets
2026-04-17 22:03:07   [4356/5951] 2021-12-04  16 tweets
2026-04-17 22:03:48   [4355/5951] 2021-12-03  0 tweets
2026-04-17 22:04:43   [4354/5951] 2021-12-02  8 tweets
2026-04-17 22:05:23   [4353/5951] 2021-12-01  4 tweets
2026-04-17 22:06:28   [4352/5951] 2021-11-30  6 tweets
2026-04-17 22:07:08   [4351/5951] 2021-11-29  10 tweets
2026-04-17 22:08:02   [4350/5951] 2021-11-28  0 tweets
2026-04-17 22:08:55   [4349/5951] 2021-11-27  6 tweets
2026-04-17 22:09:46   [4348/5951] 2021-11-26  12 tweets
2026-04-17 22:10:23   [4347/5951] 2021-11-25  8 tweets
2026-04-17 22:11:26   [4346/5951] 2021-11-24  6 tweets
2026-04-17 22:12:15   [4345/5951] 2021-11-23  6 tweets
2026-04-17 22:12:57   [4344/5951] 2021-11-22  20 tweets
2026-04-17 22:13:59   [4343/5951] 2021-11-21  12 tweets
2026-04-17 22:14:58   [4342/5951] 2021-11-20  12 tweets
2026-04-17 22:15:48   [4341/5951] 2021-11-19  10 tweets
2026-04-17 22:16:31   [4340/5951] 2021-11-18  6 tweets
2026-04-17 22:17:30   [4339/5951] 2021-11-17  14 tweets
2026-04-17 22:18:23   [4338/5951] 2021-11-16  2 tweets
2026-04-17 22:19:18   [4337/5951] 2021-11-15  8 tweets
2026-04-17 22:20:07   [4336/5951] 2021-11-14  12 tweets
2026-04-17 22:21:02   [4335/5951] 2021-11-13  10 tweets
2026-04-17 22:22:03   [4334/5951] 2021-11-12  2 tweets
2026-04-17 22:22:57   [4333/5951] 2021-11-11  4 tweets
2026-04-17 22:23:43   [4332/5951] 2021-11-10  2 tweets
2026-04-17 22:24:45   [4331/5951] 2021-11-09  6 tweets
2026-04-17 22:25:49   [4330/5951] 2021-11-08  4 tweets
2026-04-17 22:26:39   [4329/5951] 2021-11-07  6 tweets
2026-04-17 22:27:38   [4328/5951] 2021-11-06  4 tweets
2026-04-17 22:28:35   [4327/5951] 2021-11-05  12 tweets
2026-04-17 22:29:29   [4326/5951] 2021-11-04  10 tweets
2026-04-17 22:30:18   [4325/5951] 2021-11-03  8 tweets
2026-04-17 22:31:07   [4324/5951] 2021-11-02  18 tweets
2026-04-17 22:31:45   [4323/5951] 2021-11-01  14 tweets
2026-04-17 22:32:32   [4322/5951] 2021-10-31  18 tweets
2026-04-17 22:33:08   [4321/5951] 2021-10-30  10 tweets
2026-04-17 22:34:08   [4320/5951] 2021-10-29  8 tweets
2026-04-17 22:35:14   [4319/5951] 2021-10-28  6 tweets
2026-04-17 22:36:10   [4318/5951] 2021-10-27  4 tweets
2026-04-17 22:37:09   [4317/5951] 2021-10-26  20 tweets
2026-04-17 22:37:45   [4316/5951] 2021-10-25  0 tweets
2026-04-17 22:38:23   [4315/5951] 2021-10-24  4 tweets
2026-04-17 22:39:13   [4314/5951] 2021-10-23  2 tweets
2026-04-17 22:40:19   [4313/5951] 2021-10-22  10 tweets
2026-04-17 22:41:03   [4312/5951] 2021-10-21  4 tweets
2026-04-17 22:41:57   [4311/5951] 2021-10-20  4 tweets
2026-04-17 22:43:03   [4310/5951] 2021-10-19  0 tweets
2026-04-17 22:43:42   [4309/5951] 2021-10-18  14 tweets
2026-04-17 22:44:23   [4308/5951] 2021-10-17  16 tweets
2026-04-17 22:45:29   [4307/5951] 2021-10-16  4 tweets
2026-04-17 22:46:21   [4306/5951] 2021-10-15  6 tweets
2026-04-17 22:47:10   [4305/5951] 2021-10-14  4 tweets
2026-04-17 22:48:00   [4304/5951] 2021-10-13  18 tweets
2026-04-17 22:48:40   [4303/5951] 2021-10-12  10 tweets
2026-04-17 22:49:30   [4302/5951] 2021-10-11  0 tweets
2026-04-17 22:50:08   [4301/5951] 2021-10-10  2 tweets
2026-04-17 22:51:00   [4300/5951] 2021-10-09  2 tweets
2026-04-17 22:52:05   [4299/5951] 2021-10-08  2 tweets
2026-04-17 22:53:02   [4298/5951] 2021-10-07  10 tweets
2026-04-17 22:54:01   [4297/5951] 2021-10-06  22 tweets
2026-04-17 22:54:49   [4296/5951] 2021-10-05  2 tweets
2026-04-17 22:55:45   [4295/5951] 2021-10-04  6 tweets
2026-04-17 22:56:30   [4294/5951] 2021-10-03  8 tweets
2026-04-17 22:57:23   [4293/5951] 2021-10-02  6 tweets
2026-04-17 22:58:03   [4292/5951] 2021-10-01  4 tweets
2026-04-17 22:58:55   [4291/5951] 2021-09-30  10 tweets
2026-04-17 22:59:47   [4290/5951] 2021-09-29  6 tweets
2026-04-17 23:00:46   [4289/5951] 2021-09-28  0 tweets
2026-04-17 23:01:36   [4288/5951] 2021-09-27  6 tweets
2026-04-17 23:02:25   [4287/5951] 2021-09-26  0 tweets
2026-04-17 23:03:22   [4286/5951] 2021-09-25  14 tweets
2026-04-17 23:04:06   [4285/5951] 2021-09-24  6 tweets
2026-04-17 23:05:00   [4284/5951] 2021-09-23  10 tweets
2026-04-17 23:05:51   [4283/5951] 2021-09-22  12 tweets
2026-04-17 23:06:51   [4282/5951] 2021-09-21  6 tweets
2026-04-17 23:07:50   [4281/5951] 2021-09-20  14 tweets
2026-04-17 23:08:55   [4280/5951] 2021-09-19  2 tweets
2026-04-17 23:09:51   [4279/5951] 2021-09-18  4 tweets
2026-04-17 23:10:46   [4278/5951] 2021-09-17  20 tweets
2026-04-17 23:11:50   [4277/5951] 2021-09-16  16 tweets
2026-04-17 23:12:50   [4276/5951] 2021-09-15  14 tweets
2026-04-17 23:13:55   [4275/5951] 2021-09-14  6 tweets
2026-04-17 23:14:51   [4274/5951] 2021-09-13  4 tweets
2026-04-17 23:15:47   [4273/5951] 2021-09-12  8 tweets
2026-04-17 23:16:31   [4272/5951] 2021-09-11  18 tweets
2026-04-17 23:17:20   [4271/5951] 2021-09-10  6 tweets
2026-04-17 23:18:24   [4270/5951] 2021-09-09  2 tweets
2026-04-17 23:19:03   [4269/5951] 2021-09-08  4 tweets
2026-04-17 23:19:59   [4268/5951] 2021-09-07  2 tweets
2026-04-17 23:20:46   [4267/5951] 2021-09-06  12 tweets
2026-04-17 23:21:35   [4266/5951] 2021-09-05  2 tweets
2026-04-17 23:22:40   [4265/5951] 2021-09-04  18 tweets
2026-04-17 23:23:32   [4264/5951] 2021-09-03  8 tweets
2026-04-17 23:24:37   [4263/5951] 2021-09-02  8 tweets
2026-04-17 23:25:33   [4262/5951] 2021-09-01  4 tweets
2026-04-17 23:26:14   [4261/5951] 2021-08-31  2 tweets
2026-04-17 23:26:55   [4260/5951] 2021-08-30  6 tweets
2026-04-17 23:27:52   [4259/5951] 2021-08-29  10 tweets
2026-04-17 23:28:32   [4258/5951] 2021-08-28  6 tweets
2026-04-17 23:29:14   [4257/5951] 2021-08-27  4 tweets
2026-04-17 23:30:08   [4256/5951] 2021-08-26  0 tweets
2026-04-17 23:31:13   [4255/5951] 2021-08-25  4 tweets
2026-04-17 23:32:01   [4254/5951] 2021-08-24  16 tweets
2026-04-17 23:32:37   [4253/5951] 2021-08-23  16 tweets
