row;FECHA_DIA;EVENTOS;fold;d3_base;d3_history_core5;d3_history_core10;d3_history_core15;d3_history_core10_calendar;d3_weekly;d3_regime;d3_history_all;d3_calendar_v2;d3_soil;d3_all_v2;d2_base;d2_history_core5;d2_history_core10;d2_history_core15;d2_history_core10_calendar;d2_weekly;d2_regime;d2_history_all;d2_calendar_v2;d2_soil;d2_all_v2
724;2024-03-18;7.0;1;6.6091485;6.3620114;6.8402743;6.7328854;6.4713573;6.374671;6.487174;6.9759088;6.9293413;6.4296823;7.3449154;6.8183928;6.5963063;6.54292;6.858316;6.579519;6.1868567;6.896541;6.9714108;6.6416135;6.9537735;7.0710096
725;2024-03-19;4.0;1;6.9423275;6.5370774;5.777334;6.0092325;5.8268733;6.9465537;5.9765105;6.0292068;6.911215;6.858176;6.2285843;6.7587523;6.43141;6.3055387;6.512914;6.134415;6.6356816;6.4172773;6.1251397;6.5466228;6.6445804;6.3598843
726;2024-03-20;4.0;1;6.488342;6.314305;6.0273595;6.173748;6.324991;6.5448937;6.232844;6.0039845;6.331742;6.2095327;6.1572156;6.472096;6.3020244;5.939553;6.4679675;6.1379385;6.1798205;6.030212;5.7381177;6.4639883;6.4846764;5.7088337
727;2024-03-21;3.0;1;4.760658;4.885209;5.315759;5.309476;5.402443;5.2213535;4.8084574;4.556761;5.093358;4.603968;5.3289194;5.300841;5.3295693;5.2326818;5.348986;5.360895;5.4642754;5.2791753;5.165132;5.2093806;5.459363;5.4737906
728;2024-03-22;4.0;1;4.2527003;4.510737;4.719898;4.7117877;5.043904;4.5194407;4.7705464;4.025878;4.876171;4.3404894;4.630479;4.390569;4.625457;5.0692353;4.6879807;4.983241;4.4847116;5.0016375;4.7082987;4.853685;4.749066;4.9493484
729;2024-03-23;3.0;1;6.9772563;6.537419;6.0080132;6.3436055;5.8295135;5.978088;6.070666;5.790684;6.612191;6.8689327;5.833756;6.419497;6.502002;6.391766;6.2248693;6.0287275;5.8232203;6.219407;5.9848433;6.4774017;6.413509;6.0179844
730;2024-03-24;1.0;1;4.0074716;3.7524288;3.750646;4.2427745;3.8650813;4.4181185;3.986988;4.1337705;4.1128755;4.1081967;4.3317213;4.283188;3.906635;3.874865;3.6866517;3.715633;3.9666421;3.9799552;3.9587495;4.199792;4.2781806;3.830905
731;2024-03-25;4.0;1;5.921287;5.637307;5.515848;5.202403;5.5293193;5.136759;5.9074416;5.4731245;6.0297565;6.125536;5.7070913;5.5738053;5.434761;5.536555;5.059885;5.605973;5.2751284;5.4751606;5.316955;5.6523075;5.725204;5.469409
732;2024-03-26;5.0;1;7.0112343;6.4995675;6.2422066;5.9943404;6.1364098;6.2709813;6.2363353;6.3382177;7.135587;7.370505;6.371211;6.6355605;6.439019;6.3104873;5.822736;6.0880284;5.8338714;6.287561;6.052978;6.734959;6.8375945;6.3723516
733;2024-03-27;4.0;1;6.018301;5.788728;5.7278543;5.6989293;5.8568983;5.528033;5.9860835;5.529302;6.363201;6.4336114;5.503362;5.791177;5.544139;5.6079106;5.244624;5.651392;5.5105996;5.74832;5.406703;5.9400883;5.832601;5.5195413
734;2024-03-28;4.0;1;6.803862;6.6615124;6.1120663;5.9114766;6.310069;6.1056776;6.6481576;6.0228224;6.8867807;6.7939315;6.115911;6.2215705;6.177563;6.0916266;5.791806;6.121275;5.8889575;6.3130293;5.979763;6.4383473;6.555782;6.005708
735;2024-03-29;3.0;1;6.0952706;5.909436;6.092182;6.256552;6.230744;6.0376782;5.970551;5.9389467;6.3543334;6.209101;6.000988;5.842835;5.601923;5.674273;5.721868;5.7983193;5.7801127;5.7789607;5.634301;5.8810596;6.049312;5.770772
736;2024-03-30;1.0;1;5.8895364;6.225231;6.0392256;5.599711;6.1727247;6.3137374;5.8709297;5.8566103;6.3206754;6.432581;6.2673097;6.232306;6.024967;6.01836;5.472655;5.872813;6.216538;6.107171;5.7239;6.187103;6.3449297;6.1645665
737;2024-03-31;3.0;1;5.8578806;5.5585237;5.3687906;5.5146103;5.381765;5.838122;5.5709286;5.47071;5.829397;5.890777;5.9084287;5.1513186;4.9806952;4.843096;4.8922453;4.873339;5.22047;5.173879;5.041736;5.1643305;5.2874417;5.0960464
738;2024-04-01;4.0;1;6.143358;6.0672994;5.6786165;5.7810106;6.081441;5.9810624;6.1279435;6.051243;6.217826;6.29627;6.2805905;5.738937;5.6538234;5.7489605;5.680087;5.913603;5.779546;5.873361;5.699496;5.9049754;5.785023;5.780808
739;2024-04-02;5.0;1;6.07315;5.705381;5.808926;5.65852;5.8867407;5.730221;5.563514;5.5801616;5.7170024;6.2379837;6.0299506;5.8365817;5.546595;5.482761;5.2372913;5.6236005;5.2085;5.911066;5.289599;5.9322624;5.9951744;5.7703547
740;2024-04-03;6.0;1;5.8144965;5.8899746;5.4159627;5.3111076;5.8724403;5.330924;5.8348217;5.840705;6.1485553;6.439762;5.666187;5.943592;5.7765303;5.729967;5.254698;5.641201;5.46632;5.9180837;5.633483;5.999948;6.011313;5.7879095
741;2024-04-04;3.0;1;5.542271;5.1466846;5.0796494;4.796488;5.149223;5.199151;4.960409;4.898285;5.3409305;5.5960903;4.9133825;5.392634;5.4187994;5.581671;5.0698733;5.4562964;5.350136;5.631648;5.280522;5.6834507;5.207491;4.9147615
742;2024-04-05;7.0;1;5.991107;5.4610424;5.530264;5.6739874;5.6492734;6.033919;5.459672;5.796303;6.004921;6.0471215;6.0430756;5.6953745;5.545366;5.5189486;5.513248;5.6547256;5.896218;5.6786566;5.6574883;5.65905;5.806068;5.8135424
743;2024-04-06;8.0;1;6.1014056;5.411134;5.2923245;5.252799;5.1513057;5.6174707;5.6423044;5.4118686;5.8638;5.8657923;5.317037;5.8718076;5.6480894;5.671402;5.288757;5.451284;5.714296;5.8243866;5.709538;6.046665;5.757199;5.481178
744;2024-04-07;3.0;1;4.3691363;4.103193;3.8831797;3.5814042;3.8507688;3.8759656;4.087501;3.7648153;4.262078;4.5144515;3.7014527;4.558557;4.398361;4.2567945;3.828048;4.242541;3.8910253;4.624583;4.1253486;4.522878;4.6004233;4.1329036
745;2024-04-08;4.0;1;5.22665;4.7509656;5.0891666;4.711627;4.7938423;5.02471;4.7627707;5.0002804;5.1428137;5.125029;5.1027822;5.2920775;4.786755;4.825079;4.4715157;4.590216;5.0148144;4.6068287;5.1527824;5.192675;5.502493;5.141233
746;2024-04-09;4.0;1;4.1428814;4.1678257;3.5777678;3.644563;3.5949767;4.133677;4.0220113;4.0543947;4.069819;4.4344153;4.200478;4.1160474;3.8470922;3.8062918;3.820302;3.8639033;4.0331407;3.9142673;3.9245894;4.140844;4.175891;4.094036
747;2024-04-10;3.0;1;4.300034;4.411862;4.43781;4.1931353;4.693539;4.413784;3.995456;4.110562;4.372607;4.561186;4.561174;4.315634;4.3736587;4.658106;4.311254;4.3380156;4.0934343;4.2271757;4.157021;4.3701143;4.351528;4.815297
748;2024-04-11;4.0;1;4.872168;4.784392;4.5651383;4.2342873;4.321821;4.6144166;4.7670155;4.390326;4.870246;5.069845;4.467448;4.9667687;4.6638603;4.758637;4.529229;4.651822;4.4252186;4.9229712;4.601987;4.7701044;5.129844;4.9242845
749;2024-04-12;4.0;1;4.780567;5.1602483;4.4287286;4.6040125;4.804652;4.4959364;5.0468187;4.2903185;4.8206015;5.2048993;4.765632;4.6927013;4.592838;4.928806;4.7072654;4.9286604;4.5475483;5.215174;4.6494646;4.9942675;5.2836914;5.1317425
750;2024-04-13;2.0;1;4.8423033;4.620668;4.5923114;4.132801;4.196636;4.2458363;4.5148253;4.311607;4.8199873;5.16786;4.629596;4.6779375;4.5558286;4.514043;4.3294487;4.516358;4.4482045;4.645478;4.5984445;4.544651;4.7958536;4.92835
751;2024-04-14;2.0;1;4.768505;4.439248;4.090558;3.892488;3.9683957;3.9835472;4.3620596;4.242708;4.7124114;4.5485187;4.543386;4.7416644;4.6774263;4.370131;4.4012885;4.310232;4.1137924;4.57338;4.467841;4.6632357;4.6800284;4.6758785
752;2024-04-15;3.0;1;4.4487615;4.3091693;3.9772828;4.1893597;3.852366;4.575231;4.3445024;4.232744;4.7234397;4.700424;4.745855;4.5234;4.4206004;4.2404737;4.4217205;4.1592603;4.5217643;4.4607444;4.6083612;4.6883435;4.655189;4.70029
753;2024-04-16;2.0;1;5.090471;5.058379;4.66194;4.532054;4.725639;4.9219384;4.5135765;4.6355424;4.9783916;5.331952;5.4062376;5.320209;5.10973;5.182916;4.645964;4.969426;4.7822313;5.141018;5.138231;5.2189174;5.406876;5.5435843
754;2024-04-17;7.0;1;6.154022;5.4760346;5.144252;5.1417203;5.4365106;5.6180377;5.6912713;5.2851415;6.356327;5.9078317;5.7736254;5.6507387;5.3994446;5.025117;5.131781;5.246808;5.115142;5.2815742;5.181889;5.783503;5.6404414;5.5376687
755;2024-04-18;10.0;1;4.4629116;4.265364;3.9672565;3.8118637;3.9661837;3.8962777;4.211187;4.1741138;4.611496;4.5659256;4.020014;4.6976047;4.282827;4.410955;4.094141;4.4652095;4.4257994;4.4577847;4.253055;4.703436;4.7826366;4.4059496
756;2024-04-19;9.0;1;4.1308255;3.9211156;4.0295577;4.381491;4.127723;4.030965;4.582488;4.361205;4.3378296;4.6656113;4.652109;4.272481;4.1968727;4.1080484;4.2659454;4.1993656;4.2345037;4.3032045;4.13076;4.165504;4.4209175;4.678857
757;2024-04-20;4.0;1;4.037166;3.9047308;3.9495223;4.031082;4.062016;4.1391954;3.7961895;4.103991;4.024137;3.9679263;4.3622236;4.4628744;4.187824;4.0664268;4.0966716;4.176966;4.119029;4.0682144;4.1885247;4.441522;4.2695136;4.5347037
758;2024-04-21;5.0;1;5.282034;4.8617363;5.2841845;5.0734153;5.1180196;5.812002;5.2796006;5.33419;5.0872564;5.120421;5.2701335;4.7545156;4.318383;4.885691;4.890845;5.2396536;5.0245895;4.806943;5.134982;4.858982;4.828628;5.1719174
759;2024-04-22;4.0;1;5.4021635;4.817398;5.02032;5.0249734;5.34013;5.371167;5.5938206;4.9226937;5.5705466;4.9781337;4.9172897;5.196172;4.733758;5.189634;4.662345;5.087511;5.207376;5.0226665;5.062434;5.1645827;5.0502977;4.997691
760;2024-04-23;3.0;1;4.4447927;4.3959255;4.431413;3.887613;4.389859;4.2605624;4.0534754;4.2657747;4.7560387;4.3151226;3.897588;4.352429;4.1754365;4.6065116;4.1489663;4.4857955;4.302902;4.0100236;4.069698;4.6467214;4.569264;4.181619
761;2024-04-24;5.0;1;4.335847;4.219961;4.1755905;3.879186;4.250211;4.2787237;4.0599623;4.1587296;4.28235;4.4382696;4.0667744;4.2538085;4.044;4.187918;3.7090707;4.1531997;4.000055;3.7182963;3.7248516;4.267098;4.0972943;3.8601286
762;2024-04-25;3.0;1;4.0743976;3.914324;3.7499082;3.6279385;3.845657;3.7267435;3.980042;3.5669608;4.0139847;4.3282456;3.8871226;4.094015;4.062782;3.960171;3.7504253;4.0493083;3.7951095;4.1209545;3.8484943;4.154181;4.1706653;3.820834
763;2024-04-26;4.0;1;5.5628514;5.1730437;5.220373;5.133394;5.207492;4.7638974;5.522051;5.1339736;5.5266094;5.5814342;5.190026;5.3460364;5.115252;5.1549597;4.7462277;5.1610236;4.9007554;5.2006464;4.750635;5.3140182;5.3784423;4.8002644
764;2024-04-27;4.0;1;5.255088;5.126167;5.3075314;5.0594473;4.8191;5.194101;4.8361077;4.624098;5.131338;5.165522;4.855047;5.0890613;4.7925577;4.94402;4.903031;4.9673724;4.9945507;4.792355;4.9231987;4.9768534;5.143305;5.1883235
765;2024-04-28;8.0;1;4.2001057;4.117419;3.9628935;4.7404027;4.235924;4.3334703;3.9395902;4.5630965;4.5374594;4.479335;4.690644;4.226686;4.0489078;4.2692776;4.443007;4.120794;4.5171695;4.052055;4.4737697;4.3165545;4.419105;4.71769
766;2024-04-29;8.0;1;7.3878684;7.578585;7.3419085;6.651059;7.171801;7.2832274;7.6411433;6.778595;7.3495955;7.774731;6.9848742;7.3523917;7.5850034;7.719553;7.484237;7.4138365;7.4162517;8.123362;7.445663;7.5865135;7.794824;7.2994432
767;2024-04-30;3.0;1;6.05855;5.7092;5.544214;6.0939407;6.0901566;6.0937424;5.432714;5.88337;5.9415174;5.9809093;6.597595;5.555336;5.464435;5.6251316;5.6178737;5.5665073;5.7515264;5.531298;5.697025;5.580235;5.6044407;6.119611
768;2024-05-01;7.0;1;4.27868;4.9754367;4.6649394;4.8219357;4.636364;4.604592;4.5601864;4.666266;4.2069526;4.623751;4.9065638;4.3517337;4.389756;4.299558;4.396654;4.439495;4.2564383;4.4451613;4.7014604;4.313536;4.5067954;4.734449
769;2024-05-02;2.0;1;3.6160676;4.061549;3.884262;4.2358246;3.8898113;3.7239277;4.105637;4.016236;3.660592;4.045457;3.99195;3.584615;3.7930076;3.7257338;3.8260305;3.9071999;3.5658536;3.9717512;3.9322004;3.8389888;3.892781;3.9419136
770;2024-05-03;7.0;1;4.0178137;4.0382996;4.170181;4.1255856;3.9619596;4.131415;4.084379;4.167107;4.004989;4.341444;4.033539;4.272468;4.170462;4.1100545;4.195599;4.2939095;4.1698604;4.0954933;4.0920486;4.411958;4.497146;4.209358
771;2024-05-04;7.0;1;4.681208;4.639703;4.501878;4.846686;4.4594293;4.5993953;4.6212335;4.7196693;4.789804;4.7320213;4.995984;4.659415;4.6205435;4.3740244;4.400791;4.378508;4.5015216;4.2769046;4.460618;4.5893073;4.8262777;4.6483727
772;2024-05-05;6.0;1;4.0771933;4.2955537;4.454478;4.3925056;4.1991777;4.307805;4.2634525;4.315114;4.0812287;4.6176195;4.456677;4.524927;4.347071;4.333474;4.3802075;4.480484;4.370566;4.058278;4.3572564;4.1467886;4.5120473;4.286895
773;2024-05-06;2.0;1;5.5240335;5.2404356;5.468483;5.1103797;5.2265043;5.2158933;5.314147;5.5045176;5.4165907;5.8369584;5.568711;5.2530346;4.952265;5.511445;5.020671;5.313357;5.3359375;5.1418357;5.2975144;5.458697;5.387813;5.38053
774;2024-05-07;2.0;1;4.3557653;3.9901304;3.8426955;4.056146;3.8676038;4.042939;4.2114954;4.03753;4.134296;4.256379;3.8755906;4.176115;4.0917563;3.8661678;3.6562047;3.918872;3.823575;3.6829515;3.9490483;4.1027493;4.0636945;3.8060455
775;2024-05-08;2.0;1;4.058338;4.0130763;3.877132;3.489286;3.4681544;3.5056055;3.977727;3.598214;4.098582;4.0553207;4.0694385;3.747992;3.624435;3.361917;3.2641993;3.4533703;3.1879742;3.5181031;3.320126;3.6727905;3.9073272;3.4247327
776;2024-05-09;3.0;1;4.10779;3.8667834;3.81575;3.8963847;3.6358893;3.688872;4.005802;3.864903;4.063398;4.207262;3.84812;4.0586;4.0077434;4.0947104;3.818941;3.916184;3.8516583;4.0367627;3.7356546;4.1568656;4.1353273;3.9543283
777;2024-05-10;1.0;1;3.8566184;4.2827897;3.7958033;4.2585664;3.8295794;3.9189892;3.9329398;3.9619377;4.093413;4.1756554;4.003755;4.268493;4.237117;3.9669144;4.2730975;4.0325828;4.2346745;4.1918316;4.0999794;4.321549;4.399474;4.170983
778;2024-05-11;5.0;1;4.2885747;4.1967854;4.0044456;3.979097;3.6705625;3.7938821;4.236579;3.9936912;4.200953;4.3885818;4.0322285;4.039723;4.077236;4.041807;3.9130468;4.206831;3.8038576;3.971371;4.01806;3.9599688;4.3738885;4.003317
779;2024-05-12;10.0;1;3.162472;3.3144221;3.192881;3.6298394;3.077424;3.4921124;3.3193524;3.406895;3.326014;3.3762422;3.661695;3.3208284;3.3119195;3.437683;3.619975;3.4140017;3.520101;3.3044503;3.6165926;3.2730982;3.4258788;3.91295
780;2024-05-13;6.0;1;4.622291;4.434976;4.115122;4.7520523;4.394954;4.916555;4.9465914;4.807288;4.7736244;4.7242174;4.5797315;5.0013885;4.882225;4.814523;4.946478;4.6962028;4.619911;4.803039;4.9442463;4.7415524;4.8797183;4.962095
781;2024-05-14;4.0;1;3.6999986;4.004231;3.6637115;3.4615738;3.6876616;3.8550506;3.7660892;3.865218;3.785714;4.078941;3.5940928;3.8781333;3.9440792;3.9059708;3.6886816;3.8193245;3.7786322;3.9529223;3.9348369;3.967068;4.079399;3.9638662
782;2024-05-17;5.0;1;4.393537;4.5426755;4.1296706;4.3598313;4.1309566;4.498839;4.3553643;4.3413153;4.59687;4.539177;4.3770366;4.4457808;4.6620893;4.346868;4.3096504;4.380088;4.3552227;4.640134;4.401328;4.7241845;4.7491627;4.528822
783;2024-05-18;10.0;1;3.6741326;3.7418683;3.901127;3.8106425;3.4160774;4.0386844;3.322537;3.8009694;3.6237848;3.7835858;3.7450857;3.7726371;3.5416172;3.7125165;3.6873465;3.675925;3.4164913;3.7738118;3.7358794;3.677133;3.835729;3.5783706
784;2024-05-19;3.0;1;4.4984536;4.207002;3.8958366;4.320045;4.209887;4.578608;4.9313383;4.4126534;4.3396807;4.649207;4.7279606;4.4113617;4.555803;3.7925103;3.8664825;4.1546545;4.163127;4.5021133;4.223252;4.615473;4.569841;4.480622
785;2024-05-20;7.0;1;3.483578;3.722209;3.6431415;4.009403;4.025693;3.7747977;3.7767394;4.014207;3.7258356;3.767874;3.7725785;3.414409;3.318182;3.6365101;3.6627483;3.567357;3.4806976;3.5622652;3.5859656;3.6988497;3.5732346;3.9473264
786;2024-05-21;3.0;1;3.7656767;3.7274382;3.6076505;3.8008893;3.8935978;3.7410967;3.6581984;3.8574226;3.7633173;3.90194;3.8981724;3.749121;3.7033358;3.5593472;3.3072762;3.431443;3.5651197;3.5574694;3.4634385;3.8644142;3.6767101;3.8134167
787;2024-05-22;3.0;1;3.1177254;3.2290628;3.013289;3.2457874;3.047026;3.1269064;3.0094545;2.9883564;3.1435242;3.1410356;3.030262;3.1814082;3.122502;3.1504602;3.0210514;3.1212063;2.8556628;3.1067152;2.9417043;3.29147;3.341427;3.2188556
788;2024-05-23;4.0;1;3.8100455;3.65305;3.4267063;3.411286;3.387942;3.406327;3.6716504;3.3778002;3.6759896;3.847957;3.5227182;3.882481;3.7809916;3.5963218;3.5378804;3.6360636;3.4928503;3.7534406;3.5141149;3.9291775;3.9877753;3.6153615
789;2024-05-24;10.0;1;5.378913;5.1635504;4.755778;4.7933836;4.7372627;4.666194;4.9413524;4.7885118;5.0374627;5.4010143;4.8282514;5.0788717;4.8708277;4.736414;4.4741697;4.8326244;4.459843;4.8848057;4.760121;5.0055532;5.0506115;4.7281938
790;2024-05-25;4.0;1;3.804609;4.1176095;3.7721667;3.8798664;3.9190552;3.7866402;3.9389791;3.7722785;4.191373;3.9280689;3.8948798;4.16718;4.0620265;3.7674785;3.541376;4.047305;3.6167738;4.0205626;3.8224585;4.0502234;4.138403;3.8516314
791;2024-05-26;9.0;1;3.7050784;3.6218872;3.5935204;3.5678349;3.6096354;3.4235454;3.5862508;3.3560064;3.607526;3.7360215;3.4486659;3.794252;3.6295593;3.7183068;3.5074186;3.8944097;3.5568182;3.7713645;3.6811721;3.7589397;3.9713602;3.761641
792;2024-05-27;6.0;1;4.0423665;4.422263;4.5358233;4.426332;4.378093;4.0006676;4.056416;4.2189364;4.0855055;3.7245579;4.6236587;4.3191085;4.494805;4.5449834;4.64283;4.489645;4.0909843;4.6964464;4.396153;4.2671514;4.398933;4.6440454
793;2024-05-28;4.0;1;1.8938224;2.2254105;1.9505802;2.1361585;2.1155734;1.970778;2.3210208;2.173815;2.1084247;2.3707879;2.6952822;2.4666634;2.446894;2.371133;2.5228796;2.3103583;2.142319;2.6978812;2.4816206;2.521058;2.4968803;2.5885181
794;2024-05-29;10.0;1;3.6159859;3.6520417;3.5290024;3.6977882;3.6923146;3.8602004;3.6928284;3.7471604;3.9350033;3.948309;3.828037;3.930977;3.8627799;4.0069585;3.8513877;3.7437406;3.713188;3.9648292;3.6198552;4.059327;4.0323553;3.8768582
795;2024-05-30;2.0;1;3.7872643;3.9994173;4.135552;4.610472;3.9351084;3.48562;3.6578782;4.1870584;3.6174662;3.6303787;4.39017;2.978713;3.204467;3.3715014;3.4916918;3.485527;3.3781707;3.525451;3.3470976;2.97834;3.276796;4.0968018
796;2024-05-31;11.0;1;2.822266;3.1429682;3.06851;3.394038;3.0322454;3.002686;3.4747815;2.9389927;2.8469534;2.8590364;3.4207;2.9795098;3.1058948;3.004086;3.4590592;3.214208;3.009481;3.3989236;3.1632318;2.988581;3.1148105;3.2532732
797;2024-06-01;3.0;1;3.8751612;4.1846833;4.3479805;4.876931;4.4895964;3.9930313;4.3649635;4.690493;4.079291;4.0906415;4.52964;4.4586153;4.8061905;4.2285147;4.628927;4.218101;4.2721734;4.6662946;4.6540823;4.1805086;4.559099;4.8341446
798;2024-06-02;2.0;1;3.4651072;3.8668745;3.6215723;3.822737;3.8571975;3.7964118;3.71624;3.830364;3.7401147;4.04552;4.139487;3.8539028;4.2416215;3.9122896;3.8583696;3.7961698;3.642989;4.1515617;4.0020943;3.7896223;3.9207954;4.2522388
799;2024-06-03;11.0;1;4.8289847;4.775955;4.4912224;4.896008;4.601606;5.1949105;4.9698987;5.019768;4.7771554;4.7928967;4.885886;4.9605556;5.0832415;4.8082356;5.2255783;4.756132;4.688473;5.163341;4.9827857;4.7983055;5.041628;5.1400876
800;2024-06-04;5.0;1;4.7201962;4.837384;4.580398;5.0088716;4.891159;4.2538824;4.959869;4.883119;4.4932256;4.967083;5.1462493;4.988088;5.278782;4.9409204;4.581401;5.095257;4.1255064;5.1158686;4.815182;4.7182612;5.074076;5.1011314
801;2024-06-05;9.0;1;5.283443;5.391807;5.735413;5.3557568;5.9371324;5.222992;5.955188;5.6488085;5.1523137;4.8416147;5.6692147;5.764301;6.0729275;6.071564;5.973569;6.119914;5.5323553;5.9633045;5.7971835;5.7270026;5.676438;5.881732
802;2024-06-06;6.0;1;3.7549386;4.2162037;4.3297167;4.4842796;4.3411636;3.6287181;3.7880738;4.3386583;3.8915086;4.10677;4.74451;3.7856202;4.2466755;3.7733915;4.0990753;3.8981283;3.7211518;4.358514;4.0580454;3.8763351;3.8297484;4.5215755
803;2024-06-07;7.0;1;3.6529517;3.7586143;3.8040197;4.6989985;3.9442754;3.3107002;3.8205352;3.930537;3.6228964;3.5867467;4.031123;3.1837292;3.56708;3.56147;4.016474;3.57782;3.6779451;3.6058872;3.8801363;3.5397685;3.36631;4.0869
804;2024-06-08;4.0;1;4.866973;4.9232726;5.4558434;5.1750474;5.4254866;4.8314443;5.5685744;5.057363;4.304382;4.95506;5.3119507;5.2950845;5.3588758;5.6883097;5.5425305;5.846113;5.219604;5.7545724;5.8380847;5.1882186;5.7299757;5.5546703
805;2024-06-09;2.0;1;3.7541997;3.8369718;4.014138;4.473667;4.1884346;4.077934;3.995784;4.3837132;3.5435736;3.355897;4.3730865;3.8351846;4.124184;4.111915;4.2170525;4.1858916;3.942276;4.1694326;4.234051;3.7514725;3.83817;4.074518
806;2024-06-10;8.0;1;7.036097;6.0664015;6.7383537;6.430673;6.289529;6.5684285;6.559914;6.158958;6.6746154;7.122669;6.6081;6.9177995;7.036583;7.2216935;7.0535955;7.465236;6.83199;7.4210353;7.3399415;7.131152;7.2559547;7.2866263
807;2024-06-11;20.0;1;7.538676;6.740563;7.017468;6.4235334;6.56781;6.725507;6.8204765;6.232956;6.763025;7.431797;6.1951394;7.002102;7.629629;7.2848964;7.0892296;7.34617;6.708831;7.350204;7.255171;7.2625256;7.1775246;6.9120364
808;2024-06-12;20.0;1;8.896055;7.7666793;7.8841333;8.159364;7.341099;7.7756553;7.8681374;8.152725;8.69163;8.14691;7.9821544;8.735979;8.878913;8.578842;8.989783;9.241034;8.262234;8.865886;9.543413;8.5637045;8.728144;8.4866705
809;2024-06-13;20.0;1;7.880301;8.216647;8.83206;8.268468;8.974628;7.3598714;8.575703;8.88309;8.34585;6.9122424;8.069743;8.302829;8.936778;9.097021;8.410784;8.996834;8.826477;8.755741;9.179366;8.321025;8.374691;8.306698
810;2024-06-14;5.0;1;5.8756585;6.3259883;6.2697597;6.2983494;6.5177236;5.721706;6.387757;6.6754384;5.9915586;5.3252134;6.372896;5.576119;6.3862205;6.4659724;6.75642;6.454705;6.209777;6.7496033;7.0612965;5.9067698;4.8745685;6.590842
811;2024-06-15;6.0;1;7.070839;7.8669267;8.216738;7.716268;8.553408;6.887373;7.9942193;7.839713;7.0512996;6.8170433;7.544679;7.4895415;8.44674;7.953859;7.7086816;7.7065825;7.503094;8.155647;7.686323;7.5442452;7.3967767;7.533314
812;2024-06-16;3.0;1;6.6090693;7.2021413;7.7977242;7.113197;7.189168;5.872194;7.000923;7.1228213;6.4605556;6.46049;7.264288;6.2975683;6.8977566;6.9597445;7.293784;7.194327;6.8360844;7.123028;7.59206;6.4838753;6.4401946;7.595189
813;2024-06-17;5.0;1;6.2360845;6.46974;6.8044868;7.0076504;6.415478;5.6572437;6.6768627;6.797638;5.7011633;5.43183;6.1059766;5.80693;6.1765547;6.007662;6.180852;5.7477794;6.2238092;6.4206095;6.7553973;5.6300426;5.475509;5.820813
814;2024-06-18;8.0;1;6.1204925;6.277445;6.498728;6.564978;5.8869977;5.171499;6.30909;6.2635098;5.3449855;5.370943;5.8497553;5.508754;5.9105797;5.565668;5.458036;5.401498;5.7018313;5.9715657;6.196338;5.2256103;5.0756755;5.7250495
815;2024-06-19;6.0;1;5.251117;5.8616524;6.631396;6.7143054;5.5027313;5.5788527;5.6611805;6.295847;5.238538;5.1237016;5.976231;4.985021;5.401485;5.632288;5.846616;5.5337415;5.7221837;5.725169;6.4391503;5.163292;4.8727946;5.574265
816;2024-06-20;6.0;1;8.093669;7.876535;8.431335;8.883858;8.525501;7.7601314;8.993744;8.367847;7.36334;7.687757;7.9749804;7.9363923;8.361761;8.226974;8.376177;7.74135;8.399068;9.16251;9.34419;8.021192;7.9686327;8.065896
817;2024-06-21;18.0;1;8.316716;7.6985536;8.32176;8.5266285;7.6391582;7.181906;8.558219;8.648156;7.2614956;7.4555135;8.24101;8.365381;8.4079685;8.793872;8.460627;8.280237;8.98415;9.01563;9.344688;7.9426813;8.39718;8.826478
818;2024-06-22;3.0;1;6.780952;7.074665;8.480712;7.9439244;7.78916;5.531065;7.9559236;7.7127523;6.8707433;6.6123304;7.310998;6.4132867;7.6901946;7.0987587;7.0528917;7.0316553;6.755814;7.780256;7.425538;6.626609;6.583752;7.5867786
819;2024-06-23;7.0;1;7.0858693;7.4471283;7.9159184;7.7703924;7.7765617;6.5055327;8.240811;7.809037;7.1217785;6.799623;7.0055976;6.6439176;7.858207;7.608806;7.3202105;7.4000273;6.929502;7.9457703;7.657171;7.5735593;7.354177;7.2825847
820;2024-06-24;6.0;1;6.8198905;7.0275807;7.060992;7.2051206;6.9424176;6.3168883;7.3781548;6.8822803;6.108778;6.121268;6.560369;6.5104136;6.9269342;6.9460135;7.419471;6.6463346;7.3006067;7.225144;7.048202;6.795673;6.7536445;6.9060664
821;2024-06-25;3.0;1;5.578827;6.1519327;6.000852;6.8701963;5.7947154;5.658974;6.2543035;6.8238854;5.042481;4.9954505;6.2590423;5.340194;5.7435446;5.633527;6.203035;5.488286;6.3518777;5.9020076;6.1499352;5.812941;5.3683705;5.8180437
822;2024-06-26;10.0;1;5.8783355;6.476096;6.6361914;7.1607404;6.105723;6.597647;6.1998405;6.656674;6.062512;5.7004275;6.6392074;6.151683;6.768813;6.5731544;6.988557;6.10238;7.207517;6.802854;7.026285;6.982809;6.192765;6.32753
823;2024-06-27;3.0;1;5.9978375;6.6023355;6.820829;7.0132494;6.4031806;6.047942;6.206141;6.736385;5.748742;5.660046;6.4052725;5.737814;6.121168;6.339002;6.481401;5.814815;6.42823;6.616135;7.022487;6.020546;5.550391;6.585126
824;2024-06-28;2.0;1;5.599617;6.88975;7.48398;7.19632;6.9686966;6.1282005;6.9970117;7.006561;6.202484;6.6055884;6.5679317;6.2370925;6.224858;6.185656;6.3773274;6.1943865;6.4390497;6.461677;6.614152;6.154744;6.34439;6.2933016
825;2024-06-29;10.0;1;6.250537;6.977219;7.968872;7.515418;7.4887094;6.110468;7.6914363;7.5424795;6.67405;6.5372953;7.7518234;7.325694;7.298094;7.0756283;7.3638525;7.0385227;7.328458;7.7970047;7.165156;7.236281;7.5247846;7.256535
826;2024-06-30;3.0;1;4.5838914;4.806817;5.298678;5.6774025;5.4848003;4.4673476;5.263272;5.233887;4.3067455;3.9698493;5.038252;4.3787584;4.890768;5.003521;5.66667;4.776147;5.3545656;5.2703953;5.0708847;4.6497583;4.8809075;5.0846515
827;2024-07-01;4.0;1;5.6953793;6.6195464;6.7143993;6.4705997;6.0358315;5.7394466;6.565912;6.4014974;5.698187;5.6191616;5.9607315;5.655533;6.156993;6.124548;6.4368176;5.8429675;6.20342;6.8637342;6.3560896;5.933716;5.9056973;6.1103067
828;2024-07-02;5.0;1;4.562953;4.4593673;5.578593;5.5414443;5.1329026;4.8914638;5.170758;5.6882463;4.3859963;4.608291;5.6248746;4.283282;4.6016855;5.1455584;5.3376665;4.4779506;5.0861225;5.1560593;5.5442295;4.602362;4.2684875;5.361282
829;2024-07-03;8.0;1;5.697822;5.6981773;6.327516;6.3085995;5.8642173;5.488794;6.304222;6.097173;5.639805;5.5350556;5.3540697;5.3993306;5.540933;5.2563205;5.2512608;5.2443266;5.284693;5.56763;5.37412;5.778134;5.574946;5.2125397
830;2024-07-04;4.0;1;5.0742736;5.3685994;6.600128;6.395374;5.998091;4.8161783;5.769876;5.864564;4.4264784;5.148432;5.6953554;4.4960318;5.377366;5.106899;5.096639;5.1401186;4.956862;5.4748964;5.586686;5.135289;5.108535;6.0107636
831;2024-07-05;4.0;1;4.877105;5.6874437;6.6278133;6.657094;6.1328897;5.236346;6.121847;5.90548;4.962973;4.9350834;5.2554994;4.6852827;5.2341404;5.333831;5.579305;5.0988717;5.045125;5.621939;5.6781735;5.2094064;5.085404;5.7266026
832;2024-07-06;4.0;1;3.8878064;3.9636261;4.9070477;4.462988;4.752207;4.0414796;4.553982;4.709579;3.442629;3.8844473;4.4475727;3.7094557;3.8689933;3.9068716;4.003565;3.9112437;4.0679107;3.8664339;3.9078934;3.874257;3.8222616;3.945554
833;2024-07-07;2.0;1;3.664295;3.8270164;3.825246;4.216377;3.9146366;3.6528704;4.1359744;4.2935605;3.1026812;3.9347646;4.519036;3.9171364;4.420937;4.3514624;4.3622575;4.13327;4.4176645;4.335411;4.1979265;4.2720494;4.25926;4.6581807
834;2024-07-08;7.0;1;4.183225;4.36999;4.8364434;5.114684;4.848256;4.3586936;4.5855956;4.5621657;3.7260036;3.725391;4.9051023;4.455543;4.6515903;4.8585086;4.7314754;4.6438646;4.899541;4.7329016;4.591805;4.706646;4.4952297;5.007746
835;2024-07-09;11.0;1;4.329071;4.65765;4.901673;5.2760205;4.6483064;4.315728;4.5924053;4.5745587;3.9349978;3.6985435;4.9109955;4.2840123;4.4715567;4.570802;4.8754;4.300321;4.9299164;4.641754;4.771221;4.501671;4.3626595;4.940109
836;2024-07-10;7.0;1;5.5515313;5.719341;6.6355963;6.3932033;5.8078647;5.1908245;6.045831;6.3014817;4.835482;4.8929763;5.7628207;5.530223;5.7323956;5.830343;5.538388;5.4648366;5.3635545;6.0149417;5.7683377;5.403155;5.335451;5.846065
837;2024-07-11;6.0;1;4.779547;4.9542637;5.0139074;5.0966086;5.1356316;4.1155334;5.44143;5.0591297;4.273925;4.02822;4.6820807;4.109915;4.4850445;4.580919;4.4414196;4.527438;4.479804;4.935404;4.719371;4.4038043;3.9805646;4.445568
838;2024-07-12;3.0;1;5.113158;5.0945334;5.3611903;5.5442586;5.709163;5.0530143;5.052492;5.3711867;4.555272;4.3857217;4.782073;4.9428906;4.881484;4.9512753;5.0096855;5.024104;5.2153907;4.9820924;5.1457496;5.1930523;4.6726785;5.190688
839;2024-07-13;5.0;1;5.826057;5.865639;5.928696;6.291755;6.0239363;5.727605;6.105311;5.7496424;5.448114;5.0335383;5.84591;5.2444596;5.3995733;4.9358563;5.5879726;4.9436054;5.4683456;5.656703;5.5503983;5.5633526;5.0717764;5.439686
840;2024-07-14;6.0;1;4.202788;4.1895533;4.2403893;4.0795302;4.360505;4.176379;3.943149;4.590887;3.8097885;3.763115;4.0043545;4.1209283;3.8722217;3.8578792;3.9804227;4.1455994;4.115982;3.9992597;4.1111064;3.9754405;3.905963;4.1063814
841;2024-07-15;6.0;1;3.0098813;3.3447428;3.3430033;3.7248416;3.4368203;3.4685838;3.5667694;3.787552;3.2765133;3.156163;3.9464905;2.783723;3.024872;2.6507099;2.961725;2.813764;3.2327056;3.0229475;3.0806632;3.0183704;2.8446326;3.3651347
842;2024-07-16;4.0;1;4.2296567;4.607341;4.3043933;4.0534267;4.547369;4.1463594;4.712655;4.165614;4.518893;4.7920814;4.1919236;4.096974;4.108821;3.8986754;3.899034;4.2280545;3.814669;4.513093;4.0375323;4.213967;4.3458433;3.8590748
843;2024-07-17;12.0;1;3.9495518;4.1270194;4.4263506;4.2971125;4.484541;4.4030633;3.9388041;4.363816;3.9820774;3.9134138;4.517116;3.8871925;3.8329298;3.984729;4.19732;4.268506;4.050301;3.7287588;4.349244;3.9198387;3.8135498;4.388194
844;2024-07-18;3.0;2;4.7598915;4.89299;4.7807636;4.888305;5.3628235;5.0419483;4.7382975;4.8483105;4.697749;5.1633625;4.703185;5.365384;5.2702236;4.912028;5.1049337;5.088759;5.332304;5.1624565;5.0187435;5.2092705;5.3851914;5.2932835
845;2024-07-19;9.0;2;5.601449;5.833166;5.2908964;5.6108804;4.982123;6.034748;5.2977977;5.8091083;5.2342114;5.755427;5.9105024;5.7808633;5.611896;5.4813085;5.6720595;5.3287954;6.14737;5.5104184;5.9274507;5.7372603;5.7379527;5.86074
846;2024-07-20;4.0;2;3.8245087;3.7926168;3.4545462;3.411477;3.7246196;3.5145924;3.4967744;3.553269;3.8557987;3.9052618;3.4480162;4.381614;3.9429603;3.7082708;3.5723453;3.696855;3.959659;3.6769812;3.6033857;4.1278872;4.18328;3.800925
847;2024-07-21;4.0;2;4.498515;4.6665998;4.277418;4.4449306;4.2394714;5.0288296;4.3822756;4.1248703;4.5217433;4.7049794;4.0857506;4.781415;4.692505;4.12216;4.3746905;4.137475;4.543623;4.548005;4.2701244;4.541095;4.791817;4.249287
848;2024-07-22;11.0;2;5.44952;5.394868;5.3092456;5.639781;5.2020206;5.4453125;5.318863;5.6182957;5.1141806;5.777445;5.8701386;5.438623;5.210698;5.2313275;5.225822;4.951273;5.625656;5.2159667;5.374959;5.142257;5.431584;5.480505
849;2024-07-23;2.0;2;4.927094;5.530553;4.699935;5.0771356;5.2047095;5.5339913;4.879225;5.5283513;5.0945606;5.1965337;5.227247;4.921713;5.0533075;4.6239667;5.090482;4.7132373;4.8898535;4.7980986;5.1838613;5.1475863;5.2944016;5.504669
850;2024-07-24;1.0;2;5.691178;5.5286236;6.3963428;7.028942;6.7274923;6.834442;6.007216;6.772193;5.2194834;5.1941733;6.558371;5.1399937;4.982728;6.1613836;6.587694;6.2515945;6.3875394;5.637519;6.5743484;5.1658897;5.090756;6.5954714
851;2024-07-25;2.0;2;6.118883;6.1387424;5.7582936;6.326129;5.830751;6.0102134;5.9031687;6.241452;5.932226;5.8705297;6.1273093;5.581393;5.4918194;5.8642197;6.3511066;5.7130384;6.2041287;6.0182824;6.1486244;5.5660706;5.8701477;6.4167614
852;2024-07-26;4.0;2;4.269605;3.690983;4.0163465;4.318903;4.3425355;4.7707205;3.7215104;4.2676015;3.8443766;4.286248;4.571825;3.7151115;3.6124792;3.8672876;4.0919366;3.9756916;4.467506;3.7705657;4.1173964;3.722893;3.981325;4.2066717
853;2024-07-27;6.0;2;4.442016;4.3107147;3.8038669;3.6123567;3.8746524;3.9173052;3.7055845;3.2415342;4.1365623;4.054039;3.385837;3.663959;3.7723095;3.6141548;3.3044012;3.2846599;3.3608572;3.6522098;3.4804096;3.7093961;3.8334231;3.4893253
854;2024-07-28;3.0;2;4.857363;4.0035253;3.2714546;3.6043;3.5957146;4.194603;3.8155248;3.923631;3.9236178;4.03445;3.771672;3.9255388;3.6972692;3.628727;4.056907;3.3229423;3.9091847;3.6643088;4.294978;4.1298337;4.09831;3.8982983
855;2024-07-29;6.0;2;3.24612;2.562228;3.1645746;3.6244273;3.34753;3.872655;2.7968285;3.538924;2.8772497;3.118776;3.7536848;3.007004;2.6237893;3.20371;3.757328;2.8821743;3.614377;3.0333908;4.057318;2.7049112;2.780412;3.8412256
856;2024-07-30;8.0;2;3.6939328;3.385354;3.8476653;3.6739955;3.741986;4.382894;3.6201322;3.579885;3.8262231;3.6239986;3.7448742;3.5438168;3.3187938;3.681876;3.65134;3.4130251;4.1116705;3.405883;3.5226007;3.5189486;3.5545714;3.7337897
857;2024-07-31;16.0;2;8.066942;7.952099;8.132313;8.194176;8.280765;8.496627;7.3139434;8.020608;7.745596;8.2397375;8.748288;7.8341556;7.775221;8.595553;8.414325;8.596141;9.060983;7.5122023;8.542735;8.038761;8.591038;8.1522875
858;2024-08-01;23.0;2;13.270958;14.082874;12.948161;13.409309;13.178147;13.018813;12.413911;12.315792;13.060591;12.885632;13.967438;13.135203;14.296792;13.8924675;13.699567;13.830493;13.861962;12.785682;13.628126;13.601686;13.784533;13.773219
859;2024-08-02;17.0;2;7.8361936;7.982373;7.2342587;7.9164104;7.332991;7.595679;7.3238597;8.130455;8.025736;7.7580214;7.2263045;7.944577;8.730897;8.030947;7.6743703;7.7358913;8.4085045;7.630937;7.985656;8.399167;7.6955967;8.040849
860;2024-08-03;8.0;2;5.060465;5.25592;5.3027997;5.0512686;5.442699;5.559397;5.1751213;5.0561833;5.1322503;5.19429;5.2146726;5.17888;5.3833623;5.5181203;5.406829;5.3612804;5.363482;5.2782207;5.594808;5.1233196;5.318288;5.402929
861;2024-08-04;12.0;2;6.990723;7.5315056;7.6962085;6.8489556;7.2763624;7.1638446;7.0471163;6.737365;7.57698;7.6944327;7.754561;7.339328;7.9175234;7.1851435;7.4281797;6.9249864;7.4140263;7.1107044;7.3164244;8.276763;7.789332;7.7630167
862;2024-08-05;10.0;2;7.3093576;7.7726693;7.455723;7.238008;7.579255;7.3453317;7.6085463;6.639231;8.087106;6.6403213;7.1937737;6.739653;6.958133;7.0570927;7.633895;7.0348234;7.5850744;6.965167;6.9984818;6.9497547;6.7336664;7.618257
863;2024-08-06;10.0;2;4.381487;4.5697117;4.567106;4.7162666;4.9049573;4.790486;4.1546354;4.7035513;4.7890444;4.5504546;5.2699566;3.77993;3.8216178;4.1748476;4.093853;4.170159;4.411402;3.9146335;4.3105216;4.1488643;4.16334;4.662686
864;2024-08-09;9.0;2;6.1472354;6.1523385;5.444846;5.679134;5.630152;6.0201116;5.690656;6.264028;6.062371;6.268759;5.7934427;5.5166845;5.230945;5.0256205;5.256713;5.3260574;5.7122674;5.04238;5.266043;5.3870587;5.264794;5.6671505
865;2024-08-10;9.0;2;5.9830203;5.7565937;5.6459184;5.5061817;5.6502843;5.8863626;5.3245955;5.9180846;5.931188;5.6895003;5.3949075;5.7796803;5.578804;5.1553845;5.5295186;5.485759;6.3001122;5.0320826;5.2754164;5.540968;5.568071;5.730435
866;2024-08-11;7.0;2;4.520269;3.9723606;4.949016;4.6117687;4.286513;4.699349;4.0633082;4.531617;4.821553;4.3889937;4.436917;4.7288623;4.468809;4.7817287;4.7162375;4.898466;5.4487357;4.329749;4.556616;4.585139;4.7244816;4.5192413
867;2024-08-12;6.0;2;4.3649073;4.486397;4.5824924;4.465902;4.2466855;4.536135;4.368546;4.297067;4.37743;4.0850477;4.232287;4.1237397;4.1888814;3.9709558;4.252718;4.272043;4.303819;4.2223883;3.9688692;3.9094756;4.1506853;3.9942224
868;2024-08-13;6.0;2;4.5114107;4.891151;4.7076473;4.4326344;4.563001;4.178736;4.4902864;4.5136294;4.627511;4.5239487;4.508571;4.3570366;4.6482673;4.647208;4.3563323;4.547364;4.331352;4.474055;4.094428;4.432811;4.6751695;4.448131
869;2024-08-14;8.0;2;4.4722257;4.7544913;4.6981173;5.009706;4.8744497;4.4224424;4.56444;5.054965;4.4668493;4.399812;5.150869;4.514069;4.5344496;4.841154;5.0273175;4.817444;4.8371496;4.8355327;4.656801;4.4398694;4.7173285;4.950277
870;2024-08-15;2.0;2;4.51228;4.708212;4.1449776;4.541423;4.466603;4.7019386;4.266913;4.583157;4.459724;4.467002;4.5942655;4.4692826;4.6963305;4.5630054;4.7602453;4.299752;4.636376;4.880034;4.335537;4.5213375;4.801081;4.617613
871;2024-08-16;3.0;2;4.8415656;5.1326423;4.9221163;5.32228;5.327728;5.372474;4.7488236;4.944334;5.2154818;5.3302984;5.741314;5.081585;5.0545406;5.0679903;5.3911104;5.093772;5.784341;4.9021087;5.341695;5.071718;4.996295;5.318919
872;2024-08-17;6.0;2;5.218165;5.1814218;5.262502;5.324353;5.3838196;5.2647443;5.2461314;5.6114945;5.102137;5.0751724;5.372831;4.745233;5.0454373;5.113214;5.586225;5.104121;5.5436482;5.266915;5.3580503;4.7868323;4.7706933;5.4658065
873;2024-08-18;9.0;2;4.915047;4.8917775;5.231997;5.7766347;5.378351;5.791625;4.8571825;5.716988;4.883528;5.0548177;5.7931747;4.9624596;4.9485507;5.3087616;5.491806;5.14423;5.333818;5.003262;5.107833;4.985799;4.908932;5.4651
874;2024-08-19;2.0;2;5.6074085;5.576732;5.247859;5.366886;5.3732677;5.2081537;5.373523;5.5350213;5.523999;5.4293337;5.727627;5.718558;5.9876723;5.5100284;5.4658017;5.4974365;5.754733;5.689498;5.396366;5.855273;5.674884;5.6843667
875;2024-08-20;3.0;2;5.057788;5.2973366;5.094671;5.364768;4.9799333;5.1461883;5.128131;5.478074;5.282395;5.239905;5.561674;4.9833765;5.1269393;5.115246;5.212374;5.194498;5.0573506;5.4175944;5.2503724;5.14996;5.123482;5.3995814
876;2024-08-21;2.0;2;5.136118;5.482804;5.5140047;5.8123364;5.309209;4.9530563;5.2619495;5.654829;5.3253074;5.5295596;5.499849;5.038629;5.2587557;5.1996207;5.3819966;5.22565;5.1904473;5.3310547;5.2946553;4.967153;5.0890603;5.472686
877;2024-08-22;7.0;2;4.814376;4.929951;4.9522614;4.9871054;4.7984257;4.5798955;5.0334926;4.818073;4.6396976;5.2901793;4.963591;4.5495257;4.7845945;4.7931695;4.719973;4.7283916;4.5031075;4.766846;4.7037787;4.479493;4.5398865;4.94905
878;2024-08-23;6.0;2;5.040519;4.8671403;5.200759;5.402272;5.0095406;5.3160744;5.0219383;5.3605914;5.145745;5.2780266;5.552288;4.9770226;5.027964;5.1806717;5.219403;5.0597215;5.2066584;5.1737447;5.7848315;4.9812136;5.0677786;5.911212
879;2024-08-24;4.0;2;3.6377194;3.7706118;3.9972506;3.9895277;4.1391487;4.1965203;3.9400597;3.9547064;3.3759253;3.9987378;4.0964155;3.3483958;3.502445;3.7458293;3.8121743;3.679283;3.9519305;3.5585685;3.8842058;3.3894308;3.6317122;3.8308787
880;2024-08-25;6.0;2;3.773611;3.928561;4.491294;4.499097;4.3014913;3.9879317;4.3523006;4.5660534;4.230496;3.7640328;4.6130147;3.8625493;4.278291;4.3831525;4.3236475;4.5455885;4.258713;4.5174794;4.46179;3.9077024;4.2182255;4.682067
881;2024-08-26;11.0;2;5.318095;5.530307;5.306035;5.4548364;5.2793145;5.1371284;5.2284107;5.731898;5.4881506;5.277064;5.7041593;5.13238;5.2516108;4.839934;4.9742937;5.1025414;5.072496;5.2765007;5.2943006;5.1190925;5.068534;5.5482244
882;2024-08-27;4.0;2;5.018511;5.088931;4.7675376;5.231455;4.993904;4.9173627;5.1720266;4.884184;5.1068397;5.0708976;5.1671486;5.1671157;5.124387;4.939334;4.8689113;4.9256105;5.1700892;4.912034;4.870613;5.1994233;5.1051335;4.9594307
883;2024-08-28;4.0;2;5.0307007;5.3758807;5.257607;5.419148;4.957022;5.331927;5.418183;5.444556;5.0982556;5.0700436;5.12439;5.0870214;5.2649374;5.030667;4.9693193;5.02329;5.2784543;5.051772;5.096314;5.2272716;5.1938963;5.0752063
884;2024-08-29;8.0;2;5.010529;5.1325607;5.7555227;5.817554;5.655535;4.7222233;5.623669;5.4839177;5.0742316;4.881004;5.523799;5.298257;5.433592;5.758381;5.540931;5.8529696;5.304564;5.4514556;5.5706787;5.270685;5.2624006;5.5367856
885;2024-08-30;4.0;2;4.7432437;4.5228586;5.0973873;5.183466;5.294497;5.17086;4.6301656;5.0307875;4.7659893;4.616706;5.1317835;4.6086426;4.547342;4.8174286;4.452068;4.792187;4.9462605;4.4173875;4.613764;4.771171;4.678477;4.839281
886;2024-08-31;9.0;2;4.7497835;4.668363;4.7756925;5.361368;5.220341;5.472782;4.7859216;5.2152205;4.7331257;4.6142554;5.2945237;4.803581;4.662988;4.869732;5.27184;5.046831;5.381238;5.001862;5.1126857;4.9265857;4.8812823;5.1412416
887;2024-09-01;4.0;2;3.955252;4.024621;4.1750035;4.2923346;4.300902;4.4236984;4.1246915;4.29073;4.202043;4.0055366;4.3584337;3.8448973;4.0583572;4.0148497;4.177594;4.055129;4.2542505;4.1964836;4.144602;4.0401936;4.0065293;4.3276167
888;2024-09-02;5.0;2;4.499001;4.8462334;4.9515805;4.485013;4.9094114;4.3520274;4.861579;4.4182415;4.525474;4.6112857;4.47836;4.2338333;4.3360767;4.0154676;4.064233;4.4563355;3.793293;4.5388274;3.9656577;4.059284;4.3837132;3.8842876
889;2024-09-03;6.0;2;4.505524;4.7449517;4.82906;4.553249;4.694408;4.1243258;5.1892347;4.5906005;4.695219;4.828102;4.3203125;4.617572;4.447905;4.6374726;4.449991;4.6211205;4.1957836;4.674403;4.1528254;4.564888;4.478844;4.619364
890;2024-09-04;11.0;2;4.0458736;4.0914516;4.081374;4.2181535;4.172267;4.3015294;4.2472777;4.70147;3.9811852;4.3475065;4.5211277;4.0040584;4.049161;4.2051783;4.2868314;4.189934;4.1262755;4.5788617;4.476305;4.0837355;4.1530304;4.543881
891;2024-09-05;4.0;2;5.152548;5.1714826;4.9689555;5.1778364;4.96439;5.534913;5.342351;5.3620296;5.190504;4.7309;5.4526396;5.323711;5.2978144;5.1914744;5.414332;5.3932796;5.519071;5.3731933;5.5709496;5.3733187;5.3537993;5.498454
892;2024-09-06;9.0;2;4.5015407;4.8543663;5.3088183;5.6194496;5.12018;5.525273;5.170005;5.7122946;4.629871;4.545096;5.975593;4.609573;4.773529;5.144928;5.3754983;5.0766535;5.4171243;5.1647563;5.604819;4.7545476;4.843322;5.6286964
893;2024-09-07;4.0;2;4.1405196;4.3040943;4.303296;4.6298013;4.5200334;4.5415454;4.1753497;4.5918813;4.381831;4.0874205;4.775179;4.250675;4.349387;4.1729136;4.463828;4.43557;4.6591015;4.5760584;4.575363;4.3071265;4.363682;4.872276
894;2024-09-08;1.0;2;3.8805823;3.9126165;4.3017907;4.7046967;4.4195924;4.6460767;4.107944;4.7124124;4.075279;4.3132486;4.981279;3.8486054;4.0051193;4.148517;4.4590507;4.264203;4.5177193;4.225843;4.574607;3.8682127;4.0619726;4.685671
895;2024-09-09;6.0;2;5.2591586;5.3783965;4.902415;5.1445208;4.941061;5.1979604;5.378277;5.3086224;5.198825;5.157235;5.475921;5.1280046;5.17965;4.9174595;5.1245813;5.0429077;5.092683;5.2064686;5.046641;5.2164364;5.199297;5.620755
896;2024-09-10;5.0;2;4.522923;4.769757;4.2727914;4.414518;4.1187906;4.1878533;4.339107;4.383637;4.318699;4.453912;4.5334272;4.2755117;4.5514307;4.296647;4.3944592;4.3038826;4.3272867;4.566016;4.360527;4.4040537;4.5206738;4.5803747
897;2024-09-11;3.0;2;4.0321608;4.5192657;4.6338515;4.9872556;4.836196;4.620255;4.1956244;4.99809;4.0019727;4.1230516;5.3868747;3.9177892;4.2089443;4.437186;4.756397;4.6644783;4.414686;4.506273;4.638609;3.9364493;4.0838046;5.042624
898;2024-09-12;2.0;2;4.5710974;4.9321594;4.8509808;4.7776194;4.619362;4.7687035;4.7195897;4.8979473;4.7641273;4.961119;4.7012486;4.6089983;5.0198064;4.850747;4.8954945;4.7374353;4.748306;5.002407;4.6878514;4.7293015;4.7336926;4.818708
899;2024-09-13;7.0;2;4.8654017;4.5968914;4.54425;4.6555634;4.3428097;4.8239293;4.431202;4.4286985;4.560502;5.098792;5.0052905;4.6597137;4.5240135;4.6324453;4.4867034;4.745246;4.7573767;4.5195513;4.453219;4.69237;4.666895;4.8026347
900;2024-09-14;10.0;2;4.427913;4.423732;4.161607;4.203154;4.2519126;4.829383;4.259912;4.2395787;4.564733;4.4688334;4.241751;3.958608;4.3575516;4.037611;4.6182055;4.2944307;4.555999;4.4299;4.609092;4.1901145;4.2026567;4.4378743
901;2024-09-15;4.0;2;3.9931178;4.434803;3.6988041;3.9717011;3.9222016;4.5419483;4.2568917;3.941074;4.2192407;4.5263634;4.524878;4.193737;4.4885745;4.2242208;4.575195;4.2528524;4.939374;4.47321;4.3297095;4.728797;4.4214997;4.6312914
902;2024-09-16;8.0;2;4.553021;4.550686;4.6278334;4.2791247;4.0896883;3.8820255;4.036;4.856164;3.6536336;4.333877;4.3623667;4.597469;4.336221;4.3432255;4.058106;4.1945453;4.059754;4.64905;4.316972;4.0397015;4.235185;4.0717235
903;2024-09-17;1.0;2;3.8866723;3.6761508;3.2083724;3.7325552;3.496364;3.5522017;3.7788806;3.5813565;3.676154;3.6141691;3.7477894;3.907018;3.744649;3.2503278;3.3789322;3.2949333;3.7697153;3.6374753;3.376627;3.723733;3.7827213;3.5079658
904;2024-09-18;1.0;2;7.309953;8.063127;7.269345;7.2695365;7.296034;7.319976;7.35516;7.1024804;7.2429643;7.666897;7.3731084;6.7435555;7.3662963;7.0080743;7.2263765;7.1925387;7.222101;7.2372594;7.2341733;6.8928742;7.1762486;7.4237633
905;2024-09-19;6.0;2;6.4107566;6.3990107;6.584377;6.345436;6.6656146;6.459913;5.9087625;6.22467;6.410084;6.2611594;5.782202;5.6955514;5.8055816;6.5686493;6.1116624;6.5506268;6.8159013;5.9719243;6.2649546;5.9789586;5.557568;5.94163
906;2024-09-20;2.0;2;4.588606;4.428246;4.989689;5.065105;4.726079;4.542176;4.481019;4.429207;4.2015295;4.840669;4.932358;4.13176;4.2694244;5.041479;5.0324106;4.7240334;5.0005536;4.1347513;4.733124;4.2485747;4.3435364;4.5110755
907;2024-09-21;6.0;2;4.1667175;3.494822;4.0215077;3.8312387;4.1749277;4.4015727;3.5534885;4.0425706;3.8082776;3.8998637;4.1748576;3.8034914;3.4905138;4.307967;4.2679553;4.087077;4.7634435;3.6885924;4.3559437;3.7069216;3.7861087;4.170468
908;2024-09-22;3.0;2;4.2295923;4.0021653;4.567731;4.183257;4.3925567;4.201595;3.86667;4.0019193;3.9472795;4.44641;4.2839594;3.5317962;3.481491;4.2575445;4.0837746;3.8575268;4.2864656;3.5474122;4.1137443;3.5059922;3.893687;3.9024286
909;2024-09-23;3.0;2;4.24804;4.326531;4.629458;4.705944;5.215623;4.8044443;4.31194;4.5207686;4.520613;4.6255684;5.435414;4.1137986;4.238248;4.9821086;5.0124707;5.2367477;4.9211793;4.284192;4.914562;4.5304565;4.4212546;5.565002
910;2024-09-24;2.0;2;3.841588;3.8406267;4.520696;4.4331694;5.6998367;4.0904627;3.8080654;4.2182083;4.4899077;3.9478004;4.9499645;3.7798848;3.8232067;4.5581512;4.6632323;5.2396164;4.5880013;4.075993;4.524299;4.7403564;4.0739756;4.956127
911;2024-09-25;6.0;2;3.7564034;3.851689;4.472793;4.568;5.015912;4.476473;3.831933;4.5018716;4.282106;4.041749;4.7593346;3.3996916;3.566608;4.4210534;4.5074205;4.4943857;4.4818044;3.6725633;4.2121263;3.9587164;3.6709673;4.66537
912;2024-09-26;1.0;2;4.8193674;5.112714;5.4314;5.0787444;6.228048;5.244796;4.7186475;5.5431666;5.5803084;5.0960145;6.2223463;4.9412193;4.9454074;5.970739;5.9425764;6.0781107;5.9488955;4.8705325;5.5839787;5.4754205;5.207107;5.988319
913;2024-09-27;4.0;2;4.4378963;4.7681584;4.5873766;4.9975023;5.39713;5.1401067;4.368205;5.1777496;4.6854014;4.7670627;5.5490656;4.012254;4.4945974;5.027365;5.3808584;5.474832;5.2993493;4.5714345;5.2874937;4.850125;4.127208;5.9070864
914;2024-09-28;3.0;2;3.2093692;3.7305224;3.9559455;4.0818777;4.570681;5.005442;3.3270066;4.3612223;3.5394;3.2011945;4.839546;3.1393836;3.4354012;3.8855429;4.660146;4.6574965;4.742186;3.1112428;4.689677;3.417187;3.1317444;5.1981816
915;2024-09-29;4.0;2;3.069568;3.2181544;3.2750583;3.593502;3.6301234;3.5856612;3.1384585;3.5101788;2.9803438;3.0596807;4.3543935;2.9425886;3.284633;3.388392;3.9671247;4.2489758;3.9463725;3.465691;4.0896506;3.0616689;3.3565948;4.7427087
916;2024-10-02;1.0;2;4.3271084;4.8316374;4.466434;4.9744062;4.453642;4.923262;4.1027083;4.839487;4.5832453;4.703672;4.6323366;4.027186;4.496048;4.457965;4.650532;4.1672883;4.5010433;4.5210924;4.7287154;3.9517126;4.394741;4.212115
917;2024-10-03;4.0;2;3.909491;3.9015954;4.0387855;3.9286718;3.6604495;4.459941;3.7975852;4.232418;3.9213023;4.1394672;4.0090604;3.8351583;4.0047364;3.7331789;4.0261054;3.508872;4.0154815;4.0120907;4.3181553;3.348143;4.057723;4.2089796
918;2024-10-04;5.0;2;3.8151255;4.1573343;4.3972197;4.2468576;4.0058465;4.966511;4.0303473;4.946155;3.77759;4.2279744;4.77131;3.9589076;3.9659045;4.819901;5.0593405;4.1883082;4.9258037;4.380293;4.8163247;3.9059196;4.2963495;4.673234
919;2024-10-05;5.0;2;3.2754717;3.4244719;3.6300128;3.4268017;3.2056203;3.6796074;3.1940627;3.6450458;3.3626456;3.460799;4.000014;3.2474031;3.1862113;3.1051755;3.454621;3.1375713;3.64297;3.2786298;3.6353102;3.005482;3.4787436;3.879377
920;2024-10-06;4.0;2;2.9129953;3.1317656;3.2189212;3.1947505;2.9602964;3.2549553;3.110407;3.3784606;2.890499;3.056937;3.7969882;3.2158148;3.0778441;3.0094016;3.138053;2.9465208;3.3715494;3.0590596;3.223157;3.0501797;3.4111059;3.518667
921;2024-10-07;5.0;2;2.489172;2.7863352;2.7898664;2.7762926;2.647484;2.6792014;2.8437572;3.1792011;2.5805368;2.6915646;3.2229283;2.700283;2.6057322;2.5691504;2.832745;2.7237153;2.8040576;2.791437;2.9428592;2.6744106;2.9964201;3.1623623
922;2024-10-08;2.0;2;2.9356158;3.127113;3.4408574;3.3334136;3.3319929;3.3508139;3.177698;3.6658163;3.002937;3.310735;3.857981;2.9569669;2.996805;3.4935436;3.6814454;3.3505538;3.776267;3.1477513;3.8871772;2.9475234;3.1497128;3.939848
923;2024-10-09;2.0;2;2.4667196;2.7478888;2.4009628;2.5395072;2.4398096;2.670783;2.7404773;2.9658945;2.6038606;2.9271863;3.4293096;2.543334;2.7363036;2.6053743;2.6985269;2.5280507;2.6776533;2.8950474;2.8667605;2.3951576;2.8431437;3.31793
924;2024-10-10;1.0;2;3.9369142;3.9613247;4.0470543;4.393483;3.779533;4.4362555;3.801867;4.5742283;4.046155;4.193891;5.187956;4.1925144;4.1507497;3.985614;4.119923;4.0749836;4.62003;4.22261;4.0321255;4.153067;4.132012;4.3908095
925;2024-10-11;4.0;2;4.082043;4.1014404;4.0236907;4.5738864;4.173847;4.6710534;4.131107;4.569839;4.029879;4.2180753;4.9840193;4.0970597;4.0888095;4.0365686;4.22482;3.9718502;4.5737166;4.3413243;4.4149294;4.0175586;4.1400967;4.553098
926;2024-10-12;5.0;2;3.6979692;3.8268647;3.8757257;4.0416408;3.8067803;3.9117823;3.57929;3.9761443;3.9369822;4.0000257;4.2084446;3.2679772;3.313345;3.7824867;3.7247043;3.6380072;3.8002906;3.394925;3.954577;3.4002242;3.7902348;4.060957
927;2024-10-13;6.0;2;3.659109;3.7726707;3.7383518;3.8428545;3.715044;3.6697228;3.8294077;3.7360027;3.7690063;4.2138734;4.0603447;3.6727996;3.4674149;3.4416106;3.3280725;3.4774258;3.5124116;3.5760205;3.6112652;3.5832694;3.7374284;3.9226758
928;2024-10-14;2.0;2;3.5062103;3.4459949;3.5647209;3.4898436;3.5966806;3.9352252;3.738349;3.8800333;3.6668158;3.5135908;4.3097863;3.4142466;3.3088083;3.3748085;3.4865737;3.3875275;3.487644;3.6005912;3.5226467;3.5202157;3.5583081;3.6625009
929;2024-10-15;5.0;2;3.597235;3.58407;3.43657;3.6160924;3.470948;3.8469968;3.78777;3.8314083;3.4752524;3.6447659;4.530276;3.2998664;3.2418215;3.1956902;3.351243;3.1979077;3.4262805;3.2801492;3.4314365;3.3594294;3.4459167;3.6865554
930;2024-10-16;2.0;2;4.052904;4.060573;4.1155686;4.327902;4.2903814;4.2704573;3.9011526;4.345035;4.155541;4.2265067;4.7059665;4.3605595;4.0622506;4.508174;4.28067;4.425421;4.493016;4.107275;4.311906;4.0575423;4.400859;4.469245
931;2024-10-19;5.0;2;3.6571176;3.498229;3.5080779;3.3964074;3.5508819;3.489318;3.5803833;3.4343252;3.5951838;3.6783762;3.9892657;3.3956044;3.1549969;3.2062771;3.2401621;3.2509289;3.3410304;3.4401188;3.4121246;3.4018264;3.6285403;3.812804
932;2024-10-20;6.0;2;4.115161;3.8113215;4.057075;4.1000476;4.177181;3.8954487;4.041114;4.071852;3.768787;4.4238234;4.7172365;4.3004994;3.8913445;3.9969857;4.0637136;4.0318456;4.0779877;4.2325587;3.853027;4.2907014;4.3731623;4.2631993
933;2024-10-21;1.0;2;4.312417;4.3412647;4.87033;4.692001;4.7198625;4.7362804;4.518601;4.9518814;4.1120763;4.4086223;5.307491;4.2534;4.1664124;4.5079093;4.5481133;4.615363;4.604485;4.4283524;4.718059;4.35428;4.507027;4.9562993
934;2024-10-22;1.0;2;3.3325753;3.4978518;3.6508234;3.5810673;3.7536025;3.544567;3.5083656;3.8390894;3.3699245;3.5161932;4.199295;3.1589074;3.3138287;3.1433;3.280523;3.235656;3.2895877;3.1812735;3.4910407;3.1470933;3.391329;3.669632
935;2024-10-23;3.0;2;3.9104111;3.9709759;4.236619;4.184592;4.5287123;4.118371;4.005043;4.4248476;4.0362253;3.8824816;4.308457;3.8796473;3.9463308;4.124842;4.058484;4.13091;4.160019;4.0950856;4.166507;3.984522;4.1072373;4.251461
936;2024-10-24;4.0;2;3.144096;3.1607482;3.0926564;3.1852002;3.102712;3.180618;3.2386339;3.2370756;3.1013515;3.1644804;3.5192242;2.9338045;2.9443717;3.0187259;3.1281571;2.8513906;3.092598;3.254665;3.202201;3.0086157;3.1045039;3.544685
937;2024-10-25;2.0;2;4.6274467;4.966721;4.8439302;5.1077237;4.927804;5.4210424;4.9848127;5.4724574;4.7635403;5.074702;6.0504503;4.9024663;5.1981387;5.0275364;5.303461;5.340539;5.8147273;5.3493795;5.8100934;5.1685395;5.224607;5.706451
938;2024-10-26;2.0;2;3.6989968;3.6609328;3.7628767;3.5547636;3.4112399;3.661343;3.6488094;3.6713963;3.5237455;3.5408235;3.6174338;3.2655087;3.5492327;3.6587768;3.3788655;3.4257202;3.4629855;3.8081985;3.6041663;3.5050466;3.5720754;3.796843
939;2024-10-27;0.0;2;3.8390176;3.8119254;4.3852763;4.375442;4.2611785;3.9222279;3.81079;4.342896;3.89593;4.1268635;4.7529154;3.9866114;3.8037992;4.231306;4.00005;4.2780323;4.119401;3.9560173;4.304757;3.9307303;4.1374516;4.6131196
940;2024-10-28;2.0;2;3.1616051;3.0217724;3.3942378;3.4820175;3.2861407;3.6518908;3.2302897;4.1079345;3.4136064;3.337986;4.5094624;3.0881617;3.0324082;3.3017738;3.313568;3.305808;3.5008483;3.3003778;3.4584632;3.2440166;3.2665617;4.2646847
941;2024-10-29;4.0;2;4.4393263;4.266681;4.4154043;4.1133747;4.238351;4.336003;4.116873;4.2884383;4.4220285;4.6498857;4.7507615;4.180246;4.311612;4.2617607;4.328622;4.1420956;4.417093;4.2638397;4.3246093;4.056373;4.620387;4.6674705
942;2024-10-30;3.0;2;4.5681553;4.0714235;4.6538005;4.9802146;4.3119526;4.834478;4.8478084;4.72664;4.0799994;4.9996133;5.406177;4.335447;4.0861077;4.4890323;4.909153;4.4138494;4.6772203;4.442859;4.630713;4.1669817;4.366839;5.537272
943;2024-10-31;2.0;2;3.2747362;3.1305368;3.1777124;3.200704;3.3077073;3.0251365;3.2811124;3.101191;3.282587;3.6871092;3.833541;3.257433;3.1046188;3.1809585;3.0847793;3.2741926;3.0129511;3.3873706;3.28674;3.534848;3.5170977;3.9554245
944;2024-11-01;8.0;2;4.392764;5.334067;4.8947062;5.2398767;5.034873;4.3991623;5.524575;5.0504217;4.1442747;4.6756086;5.964911;4.424275;5.73594;5.2319655;5.1361217;5.093089;4.3967376;5.7229047;5.3211303;4.341601;4.5072207;5.8798094
945;2024-11-02;6.0;2;4.35768;4.1621532;4.0967817;4.4486055;4.1338334;4.3976417;4.240487;4.389566;4.266048;4.4299383;4.4744077;4.1913424;4.1859436;3.993059;4.2023034;4.14625;4.1614985;4.06324;4.057466;4.3043876;4.2926593;4.3089094
946;2024-11-03;3.0;2;3.4960158;3.3837972;3.325042;4.0243926;3.4308343;3.8466134;3.602396;3.8371713;3.4471831;3.8038182;4.251061;3.3991375;3.1232698;3.138318;3.7185142;3.1826153;3.608663;3.2301304;3.6703253;3.3935206;3.4083414;4.040876
947;2024-11-04;4.0;2;4.427848;4.448563;4.398008;4.1612334;4.4157887;3.9165;4.568101;4.0454664;4.3425856;4.4140472;4.143378;4.1908774;4.2169986;4.4171;4.3981338;4.3945293;3.895494;4.430712;4.1356554;4.1007843;4.3254027;4.1508656
948;2024-11-05;6.0;2;3.7380362;3.8647482;4.2053313;4.2966557;4.037438;4.2577443;3.7936354;4.3682165;3.6218445;3.7328649;4.390872;3.6080945;3.6308236;3.9717069;3.9975991;3.9168837;3.9990783;3.5909016;4.027642;3.4950268;3.6906521;4.1251154
949;2024-11-06;5.0;2;4.5165668;4.6314697;4.8716917;4.66194;4.6974645;4.685445;4.6016846;4.8326063;4.5275936;4.7379956;4.6648693;4.5877204;4.6501174;4.843083;4.6977243;4.657656;4.60066;4.6458216;4.5162807;4.4919543;4.7077475;4.7054725
950;2024-11-07;1.0;2;4.3130536;4.241774;4.3462515;4.380761;4.3493066;4.165906;4.57366;4.394592;4.327517;4.413604;4.457412;4.3272023;4.254202;4.1915226;4.1516137;4.2741413;4.05772;4.2966447;4.1106153;4.236944;4.354236;4.2813945
951;2024-11-08;5.0;2;4.80949;5.050529;5.542369;5.3230877;5.248744;5.1783624;4.887103;5.5195484;4.94827;4.8990693;5.383457;4.905319;4.770471;4.9052324;5.1373715;5.106292;5.117041;4.8291793;4.874569;4.7048173;4.8906455;5.203697
952;2024-11-09;5.0;2;3.4198368;3.5599575;3.3982096;3.4540532;3.4154189;3.5487978;3.4631228;3.228085;3.3223734;3.4405444;3.5944607;3.2702465;3.4196377;3.462124;3.3601372;3.306117;3.2595336;3.4166706;3.5332184;3.2532282;3.4694872;3.8448222
953;2024-11-10;2.0;2;3.7434783;3.6566987;3.6449733;3.7064185;3.5179086;3.865458;3.4265797;3.7277722;3.5814033;3.9056363;4.0408645;3.8422856;3.8598385;3.7000237;3.6913576;3.698958;3.579114;3.6304538;3.8031282;3.7123039;4.1005187;4.1087055
954;2024-11-11;3.0;2;3.5487301;4.0373006;3.8506193;3.6706328;3.8605993;3.7375946;3.6674163;3.6808324;4.0128326;3.9554362;4.1122327;3.882119;4.1188455;3.9251366;3.9421685;4.020833;3.8847654;3.9426076;3.9683003;4.069747;4.1274624;4.226781
955;2024-11-12;12.0;2;4.809112;5.054778;4.9770837;5.1834583;4.8434215;5.223192;4.973428;5.370961;4.8363376;5.2770414;5.55198;5.0864944;5.189899;4.9731917;5.274161;5.0497975;5.3111796;5.2092743;5.374314;5.0131903;5.103253;5.424541
956;2024-11-13;3.0;2;5.5290174;5.1499505;5.9255667;6.2841616;5.970487;5.0317144;6.5223246;5.9662576;5.0586033;4.8045325;6.300641;5.1134257;5.0367737;6.151138;6.0422087;5.5712056;5.4589834;5.928932;6.1588526;5.0281305;5.313715;6.0682054
957;2024-11-14;4.0;2;4.4856625;4.4670634;5.0306187;5.285892;5.0051255;4.182083;5.258054;5.0593734;4.262117;4.3733716;4.636935;4.6224246;4.7993655;4.8578787;4.9291005;4.900385;4.2576017;5.338324;4.8968053;4.749442;4.6636963;4.628751
958;2024-11-15;6.0;2;4.9280086;4.856665;5.815576;5.820651;5.862376;5.2248507;5.806164;6.014358;4.8268375;4.5107484;5.495712;5.075007;5.1479735;5.413167;6.0544295;5.357916;5.3475714;5.6781807;5.5914416;5.0709167;4.9228673;5.638105
959;2024-11-16;10.0;2;4.183239;4.333271;3.9648647;3.8341103;3.9899933;3.7912889;4.2117324;3.9022937;4.170578;3.8227365;3.9427466;4.4134684;4.510992;4.1428647;4.457268;4.1206603;4.234922;4.4398365;4.2460604;4.3758216;4.1407337;3.9349267
960;2024-11-17;0.0;2;4.106924;4.3233767;3.972911;3.3568814;4.0302553;3.816442;4.2475853;3.8723106;4.400645;3.5826378;3.665912;4.434103;4.6450763;3.731043;3.7282386;3.8788595;3.9460385;3.793076;3.4670522;4.6673865;4.039416;3.3764827
961;2024-11-18;3.0;2;3.9871244;4.058719;4.2039485;4.4821506;4.5231915;4.428518;4.53133;4.685556;3.9572897;3.9587443;3.9858975;4.2243433;4.426602;4.6605377;4.6052938;4.6418676;4.249674;4.696248;4.9265285;4.0692263;4.2194734;4.9137
962;2024-11-21;3.0;2;5.0722556;5.1380267;5.192843;5.1524773;5.23983;5.0458384;5.145038;5.008342;4.900963;4.9624887;4.891484;4.8315563;5.025871;4.953499;4.878102;5.026735;4.946141;4.8987417;4.9385924;5.0654054;4.97734;4.8627586
963;2024-11-22;7.0;2;4.56133;4.400253;4.541001;4.580203;4.381264;4.4317527;4.3207717;4.421968;4.433393;4.624426;4.385217;4.40895;4.374534;4.3704476;4.541526;4.4555902;4.177569;4.499814;4.3714724;4.5947394;4.248545;4.019606
964;2024-11-23;2.0;3;4.3633857;4.369409;4.1392555;3.982272;4.1163383;3.9493842;4.5571895;3.6965926;4.0886555;4.249953;3.822094;4.147112;4.207528;3.9231281;3.9679673;3.9831233;3.8937259;4.110637;3.8986454;4.0355363;4.1104655;3.8548434
965;2024-11-24;5.0;3;4.07894;4.219809;4.24815;4.1782866;4.2366624;4.04954;4.2592845;3.9114203;4.0557256;4.055162;4.164383;3.992566;4.101203;4.0372744;4.0255933;4.0122714;3.8563817;4.0452647;3.9245064;4.072712;3.937478;3.885944
966;2024-11-25;10.0;3;4.6976967;4.5375805;4.484868;4.4194746;4.5467577;4.3156953;4.567771;4.4504304;4.7001977;4.403257;4.0713797;4.6749477;4.6583586;4.5333166;4.531828;4.513161;4.333856;4.618762;4.35177;4.6309543;4.625143;4.2579465
967;2024-11-26;7.0;3;4.789108;4.566693;4.834249;5.099792;4.679213;4.8978095;4.756965;5.028628;4.708003;4.624194;5.286098;4.877349;4.733412;4.7185946;4.6621885;4.869002;4.9934645;4.890924;4.949791;4.683672;4.5749903;4.8415976
968;2024-11-27;6.0;3;5.1327395;4.72171;3.8338842;3.8063993;3.8252296;4.495579;4.4089646;3.935652;4.9951873;4.962756;3.709507;4.833366;4.6434207;4.072524;4.096489;4.0440874;4.519854;4.3955736;4.183921;4.742922;4.6964335;4.0483627
969;2024-11-28;4.0;3;5.399907;5.3355484;4.593696;4.318666;4.684771;5.2883134;5.099815;4.3799596;5.080135;5.512823;4.4542007;5.3950057;5.2637935;4.407201;4.6191287;4.534463;5.012575;4.545228;4.5133166;5.1124187;5.2376847;4.064709
970;2024-11-29;5.0;3;4.848558;4.9168897;5.104011;5.115474;5.024492;4.7823267;5.2972336;4.618907;4.8835764;4.7253127;4.082801;5.1418843;4.777788;4.969552;4.764171;4.8771124;4.5690136;4.8517075;4.6516275;5.022518;4.6595354;3.892467
971;2024-11-30;7.0;3;4.5751195;4.257928;4.1791034;4.544247;4.741571;4.5634513;4.6775246;4.571417;4.245348;4.3136263;4.2562256;4.317767;4.1258273;4.236838;4.204975;4.2690396;4.0355253;4.4611664;4.271298;4.311814;3.9429247;3.9039757
972;2024-12-01;6.0;3;4.3849797;4.6621666;5.362812;5.2799697;5.122545;4.7884703;5.014762;4.840844;4.8169537;4.1572003;4.6605954;4.5907273;4.4569354;4.9909577;4.630119;5.0338492;4.4363155;4.6322446;4.862436;4.7894015;4.100715;4.528292
973;2024-12-02;10.0;3;4.257327;4.5627027;4.4214587;4.013292;4.581415;4.564254;3.8034189;3.6740944;4.224718;3.955236;3.9498885;4.1991706;4.1411185;3.918047;3.9200954;4.0398107;4.0425763;3.557205;4.1300077;4.4125175;3.70255;3.6406534
974;2024-12-03;1.0;3;4.400754;4.716015;4.2018256;3.9372709;4.325828;3.9647114;4.213771;3.8268242;4.857224;4.011179;3.807391;4.3237;4.410325;3.7770326;4.131872;4.335939;4.134144;3.9158921;4.063355;4.3468075;3.8398247;3.5042243
975;2024-12-04;2.0;3;4.6040306;4.7162967;4.5670958;4.8104677;4.783245;4.568117;5.0869603;4.8857956;4.4886208;4.063289;4.5471807;4.6125417;4.352126;4.5819044;4.633968;4.816489;4.3641047;4.797712;4.733945;4.7434683;4.1412535;4.3134923
976;2024-12-05;3.0;3;5.216801;5.181783;5.2395344;5.0383315;5.2216454;5.0423136;5.2692447;5.1142883;5.304428;5.2410383;5.4825773;5.274722;5.2335157;5.1311817;5.2964144;5.3353014;5.165997;5.2385716;5.3035836;5.42405;5.357332;5.317561
977;2024-12-06;4.0;3;6.5230303;5.9321623;5.910335;6.343063;5.933909;6.3937464;5.980538;6.318867;6.212806;6.324794;6.267831;6.1933713;5.9373665;5.8928857;6.0793347;5.8002076;6.323415;5.988717;6.1268706;6.3820105;6.114167;6.2530713
978;2024-12-07;5.0;3;5.6023517;5.1862745;4.7454224;4.788387;4.8553853;4.74531;4.958323;4.9161987;5.5886765;5.114467;3.9566228;5.653083;5.4550314;5.0275006;4.9852085;5.0172973;4.976087;5.171102;4.7496967;5.7618217;5.0453196;4.426261
979;2024-12-08;8.0;3;4.7868204;4.745652;4.7706575;4.638601;5.0185857;4.5931034;4.665414;4.445108;4.750831;4.802779;4.286396;4.760342;4.710956;4.7184105;4.3488274;4.4757414;4.285323;4.5752378;4.155973;4.76114;4.457714;4.366212
980;2024-12-09;3.0;3;5.8651705;5.353546;5.482392;5.534888;5.7675934;5.7584786;5.75566;5.6450157;5.5263596;5.593945;4.8602643;5.6351333;5.449626;5.468111;5.3186235;5.3254423;5.690345;5.448781;5.4576902;5.660897;5.0913773;5.028763
981;2024-12-10;4.0;3;5.603213;5.698091;5.0743904;5.170447;5.1734967;5.8721676;5.455335;5.4122014;5.606735;5.3833227;5.6710644;5.521324;5.6677847;5.1383514;5.102051;5.1057167;5.504856;5.3120112;4.9685535;5.5103173;4.8893137;5.1368923
982;2024-12-11;7.0;3;5.8960614;5.527591;5.2441607;6.0559115;5.697379;5.994474;5.6278443;5.8987465;5.6086316;5.5198693;6.0297184;6.041739;5.5932894;5.242901;5.4065366;5.092799;5.626141;5.3001294;5.532195;5.6758347;5.465608;5.3745203
983;2024-12-12;5.0;3;5.0020266;4.7365146;4.6941648;4.99682;5.005998;5.2381597;4.7506766;5.186857;4.645754;4.6478386;4.930063;5.084075;5.0729923;5.0931;5.146247;5.0782275;5.113463;4.936206;5.2274437;4.9935102;4.5961833;4.91863
984;2024-12-13;9.0;3;5.774195;5.600442;5.5913944;5.508139;5.559514;5.5060472;5.823309;5.812827;5.888651;5.6660013;5.3612895;5.77476;5.8212705;5.483439;5.5108476;5.520427;5.296266;5.828064;5.522757;5.8279715;5.3861265;5.208845
985;2024-12-14;11.0;3;6.214693;6.9148746;6.502732;6.8575487;6.0728736;7.4667053;6.801832;7.1751485;6.452158;5.9193;6.7243457;6.5546665;6.7359576;6.2924848;6.5289025;6.2597184;6.998791;6.667714;6.5506835;6.397719;6.215536;6.2990966
986;2024-12-15;3.0;3;4.3550057;4.311869;4.425414;4.3355136;4.3145328;4.7213864;4.205743;4.140574;4.4534316;3.4909449;3.7773547;4.497522;4.0192895;3.8874104;3.7784874;3.967046;4.2158875;3.9357476;3.902841;4.0258784;3.8303423;3.765902
987;2024-12-16;6.0;3;4.6989055;5.002374;4.7141347;4.9179187;4.749323;5.310798;4.538122;4.7320876;4.5786166;4.06611;4.443934;5.072141;5.1048074;4.6232295;4.954518;4.8650537;5.1369634;4.9023166;4.9852414;4.8844905;4.582813;4.5125284
988;2024-12-17;3.0;3;5.2735353;4.8451605;5.2907815;5.314127;4.8623314;5.576878;4.937483;5.2664356;4.715791;4.913293;5.574916;5.490533;5.484894;5.040947;5.3221974;5.5494103;5.375705;5.6535487;5.3624287;5.004929;5.0972657;5.47253
989;2024-12-18;4.0;3;5.1085362;5.0184855;5.5745683;5.65309;5.5487013;5.250327;5.704734;5.695708;4.9457045;4.712546;5.365953;5.087906;5.2589893;5.7326946;5.7863975;5.870403;4.9356065;5.8605466;5.568544;5.03117;4.8503575;5.448784
990;2024-12-19;5.0;3;6.0976877;6.1491604;5.8122883;5.6918073;5.8259387;5.497785;6.393209;5.5938597;6.003159;5.7223754;5.6274834;6.122877;6.2230926;6.253187;6.0956793;6.2719;5.6777077;6.350589;5.937581;5.9034534;5.630527;5.798526
991;2024-12-20;11.0;3;5.973728;5.815403;5.984035;5.8873014;5.7063713;5.4806976;6.278831;5.868136;5.978967;5.8780293;5.335527;6.1357036;5.952648;6.150057;5.90993;6.013047;5.9192204;6.2199306;5.7582784;6.218444;5.8639083;5.774534
992;2024-12-21;8.0;3;5.9761353;5.8268433;6.338234;6.0977407;6.2033315;6.3665895;6.0018916;5.861554;5.9843736;5.977135;5.8016367;6.224033;6.0946474;5.557383;5.6533327;6.1915126;6.111319;6.09309;5.4956884;6.1535134;6.06337;5.501167
993;2024-12-22;4.0;3;7.2751904;7.07778;7.4360867;7.1923685;7.356574;7.5569544;7.5660315;6.727751;7.3690553;7.7817397;7.02711;6.6502833;6.7388964;6.10069;6.20181;6.706954;6.505205;6.4580154;6.201828;6.8239045;6.731626;6.2833877
994;2024-12-23;9.0;3;6.097856;5.638063;6.042914;5.6393023;5.636695;6.0469213;5.4681697;5.6359158;6.359276;6.0450835;5.8005853;6.1753297;6.1036897;5.306667;5.305677;5.7965584;5.6769543;5.832892;5.1387177;6.0966005;6.1381445;5.2508497
995;2024-12-24;11.0;3;6.60065;7.244;6.3676577;6.085058;5.9377494;6.7016177;6.5852923;6.501282;6.3763638;7.0285926;6.4627757;6.348414;6.549872;5.5342746;5.6601634;6.223926;6.071543;6.422624;5.9312987;6.421588;6.602346;5.8000865
996;2024-12-25;5.0;3;5.4641566;5.33359;5.131651;4.672706;4.7954936;5.2949333;5.1160235;5.0648446;5.31395;4.6406183;4.4311166;5.617063;5.1195917;4.778768;4.717005;4.8315163;4.9880457;5.2312465;4.616828;5.3883705;4.8774767;4.365239
997;2024-12-26;5.0;3;5.919423;5.6173983;5.44675;5.351727;5.087406;5.492686;5.38836;5.1982317;5.857059;5.31768;4.6988397;5.516599;5.4798613;4.963642;4.606135;5.018214;5.0981455;5.129151;4.481099;5.5221467;4.923339;4.45657
998;2024-12-27;5.0;3;5.899054;5.6176915;4.9919767;4.770911;4.642363;5.2468486;5.1725564;4.875944;5.5740557;5.0275264;4.508748;5.489885;5.26528;4.857632;4.6505675;4.790812;5.1582274;5.1300616;4.420807;5.0515757;4.9989843;4.317987
999;2024-12-28;1.0;3;6.028483;6.020918;5.838113;5.854305;5.680096;5.9276385;5.985634;5.818326;5.637321;5.16197;5.164301;5.3877544;5.848514;5.5293527;5.532712;5.394165;5.70821;5.8118505;5.2848353;5.460953;5.1285944;5.167471
1000;2024-12-29;6.0;3;4.4820533;5.063139;4.907258;5.1888556;4.637723;4.316159;4.9547877;5.0866985;4.529268;3.8385246;4.6701827;4.889982;4.921576;5.253601;5.158692;5.160215;5.0445967;5.3762217;5.0085917;4.792939;4.699884;5.131689
1001;2024-12-30;9.0;3;6.4588656;6.464255;6.587612;6.567404;6.977888;6.1832414;6.8174806;7.370708;6.319433;5.7855396;6.0894322;6.439659;6.6095247;6.9761777;6.6881747;6.6494403;6.9910336;6.980857;6.885665;6.340044;6.1881976;6.2295356
1002;2024-12-31;8.0;3;6.594966;6.9209037;6.471955;5.655289;6.286671;6.750467;6.6943235;6.4668155;6.125341;6.4513803;6.5385513;6.8950377;7.183181;6.6616635;6.2255445;7.115955;7.1317816;7.1675096;6.681193;6.8958426;6.811471;6.602185
1003;2025-01-01;7.0;3;6.9162955;7.6256766;7.016244;6.5378475;6.996563;6.581711;7.7659473;6.761936;7.602866;6.9954414;6.358024;6.846605;6.804622;6.406401;6.1543126;6.8563733;6.2194157;6.81651;5.9961853;6.781163;6.774171;5.895293
1004;2025-01-02;8.0;3;7.137895;7.3594265;7.6486096;7.5075617;7.404354;7.737874;7.259467;7.287576;7.846165;7.3559675;6.8261456;6.572325;6.954865;6.9432173;7.2203846;7.369619;6.7617326;6.459772;6.8904963;6.7566876;6.447307;6.913694
1005;2025-01-03;7.0;3;6.130977;6.163125;5.802166;5.9744616;6.0354776;5.4854627;6.0149155;5.854657;6.1888967;5.4363437;5.447102;5.8743873;5.752044;5.7885475;5.8615947;5.48081;5.7940717;6.3117595;5.515515;5.9486394;5.5467815;5.5122705
1006;2025-01-04;3.0;3;6.3038564;6.059481;6.015719;5.9714513;6.214599;5.7149186;6.1624227;5.903072;6.3222733;5.76897;5.51952;5.803713;5.7548785;5.9701657;5.930746;5.812088;5.710135;6.2756844;5.5825996;5.990734;5.5615797;5.6372275
1007;2025-01-05;7.0;3;4.7896137;5.2038155;5.7124553;5.278204;5.1302648;4.9199386;5.26295;5.125266;5.0785346;4.847206;4.7161617;4.7040877;4.966408;4.8136554;4.8802466;4.941054;4.996174;5.075769;4.937051;5.0095325;4.7115545;4.8452773
1008;2025-01-06;11.0;3;4.3873534;4.245254;4.8177867;4.4918036;4.543635;4.887786;4.4883113;4.7904944;4.4715447;4.2536793;4.4017344;4.437054;4.1104155;4.616162;4.713592;4.3687735;4.5635543;4.267843;4.4867043;4.2939725;4.122671;4.5853386
1009;2025-01-07;5.0;3;4.5177383;5.1034575;5.1321907;5.130386;5.0329895;4.864155;4.9131856;4.7076106;4.331142;4.1379113;4.5265636;4.7490807;4.736035;4.6894546;4.8846974;4.8141403;4.7059855;4.506255;4.604674;4.3854733;4.278747;4.657653
1010;2025-01-08;5.0;3;5.3195395;6.1273236;6.287471;5.880324;5.958122;5.6237698;6.323106;5.9821057;5.605803;5.6245384;5.610266;5.230535;5.501636;5.3602586;5.568249;5.681998;5.068809;5.725902;5.4784484;5.069437;5.015211;5.457452
1011;2025-01-09;4.0;3;5.8138113;6.4738603;6.351338;6.21387;6.257429;6.0448084;6.775934;6.2123113;5.7936816;6.492741;6.0007744;5.7847066;6.0469193;5.7728415;6.023378;5.944119;5.6980357;5.931341;6.0518727;5.7222686;5.6373854;6.0745935
1012;2025-01-10;3.0;3;6.8602324;7.710399;7.3617887;7.31395;7.2989035;7.064755;7.4754043;7.403465;7.2574267;7.426807;6.598444;6.5885763;7.1086645;6.738623;6.6454763;7.206523;6.543366;6.758679;6.780778;6.218857;6.5754046;6.840002
1013;2025-01-11;8.0;3;6.1014214;6.993126;6.660042;6.763366;6.735126;6.041321;6.659926;6.8213873;6.4883795;6.1441355;6.726744;5.3739643;6.089214;5.7326536;5.6334467;6.1291647;5.0097766;6.0327373;5.676947;5.5219193;5.467837;5.7575874
1014;2025-01-12;7.0;3;5.192511;5.8080835;5.980834;6.175201;6.0617814;5.6603055;5.797617;5.911166;5.5368104;5.3698483;5.813593;5.3284364;5.3417687;5.504818;5.286745;5.084049;5.150601;5.3904157;5.3457456;5.112364;5.2428293;5.629617
1015;2025-01-13;4.0;3;6.026644;6.7893987;6.789227;7.269557;7.2083154;6.99957;6.5522337;7.4149127;6.1139417;6.2791233;6.793095;5.8305235;6.502451;6.6040735;6.7544303;6.7721305;6.979221;6.271009;6.7971773;5.8317456;5.888315;7.1602654
1016;2025-01-14;10.0;3;5.411984;6.1851397;5.7614846;5.633529;5.6794267;5.309117;6.159101;6.305342;5.317737;5.140853;5.619936;5.3013077;5.718271;6.0702305;6.1718125;6.3038087;5.4804554;5.9605827;5.945205;5.195688;4.956651;5.553266
1017;2025-01-15;2.0;3;4.595311;4.555878;4.381906;4.435482;4.434551;4.3016186;4.709149;4.7983403;4.8331933;4.9574547;4.7793307;4.493996;4.340187;4.451563;4.2399106;4.2900434;4.3752494;4.279861;4.309158;4.130992;4.304987;4.480344
1018;2025-01-16;5.0;3;6.5069933;6.9362755;7.228554;6.5147877;7.0023904;6.5344253;7.278089;6.9907775;6.383436;6.2534547;6.8758554;7.380445;7.2972555;7.6018977;7.3507023;7.7850385;7.1515274;7.851633;7.374615;7.246486;6.8678565;7.1206126
1019;2025-01-17;7.0;3;6.901381;7.3045635;7.305751;7.123714;7.0469174;7.408196;7.587947;7.5667477;6.8181562;6.5747027;7.497455;7.5213747;7.4343257;7.659408;7.6025724;7.934466;7.3895187;7.7398276;7.6378107;7.6060777;7.509791;7.281761
1020;2025-01-18;6.0;3;5.203436;5.82512;5.451848;5.0957685;5.3932567;5.00983;5.7728605;5.167991;5.1389093;5.066254;4.9090967;5.232095;5.394136;5.2865734;5.21155;5.4673815;5.089016;5.40834;5.1794887;5.2932196;4.9336896;4.78518
1021;2025-01-19;5.0;3;6.2712846;6.6058674;5.9498568;5.733753;6.1962276;6.0571213;6.252511;5.7018595;6.437243;6.397318;5.442291;6.464533;6.021644;5.647421;5.6717834;5.8996944;5.8696165;5.5675993;5.505291;6.5019135;5.9452734;5.3931956
1022;2025-01-20;6.0;3;5.9451365;6.028221;6.640682;7.0243583;6.9340057;6.5629635;6.480076;6.6002893;6.0483317;5.5465803;6.749872;6.3228855;5.9950566;6.8993564;6.658143;6.794658;6.605849;6.478436;7.057073;6.030405;5.8215537;6.9858603
1023;2025-01-21;6.0;3;5.317887;5.350866;5.796665;5.755354;6.037584;5.457015;5.6837354;5.4399;5.1027284;5.2127037;5.822198;5.524318;5.316794;5.7420664;5.6975756;5.621387;5.575004;5.3818684;5.6015415;5.363866;5.194211;5.876754
1024;2025-01-22;3.0;3;5.817747;5.8304853;5.6569757;5.819368;5.7745743;5.856814;5.8968945;5.667713;5.8297753;5.5096765;5.321896;6.3172917;5.742577;5.519234;5.5451717;5.663166;5.9895053;5.5325813;5.5210843;6.0630774;5.6231403;5.3605847
1025;2025-01-23;3.0;3;5.512225;5.803856;5.717137;5.479192;5.9178286;4.889292;6.252966;5.355496;5.447758;5.1927147;5.0804014;5.668562;5.5728946;5.6148715;5.374578;5.682186;5.311458;5.626844;5.3590927;5.4445214;5.411397;5.206787
1026;2025-01-24;2.0;3;7.3956003;7.530113;6.8735704;6.665908;6.5877466;6.6081023;7.5076776;6.3332;7.155157;6.9139667;6.8081193;7.0151854;7.1270485;6.9033165;6.6523037;6.697866;6.608812;7.078396;6.2829084;7.0950165;6.640446;6.6665792
1027;2025-01-25;11.0;3;6.1634455;6.5864224;5.549435;5.772677;5.395079;6.09894;5.8196845;5.8245764;5.7438703;5.5815144;5.4390564;5.52082;5.857816;5.6941714;5.7545996;5.5257173;5.710214;5.8844557;5.6760387;5.5023413;5.1326337;5.657513
1028;2025-01-26;3.0;3;5.3268304;5.2693553;5.6150107;6.0516615;6.040775;5.602067;5.893767;6.114806;5.2110567;5.3230824;5.957617;5.734115;5.4494467;6.155222;6.637433;6.032529;5.7313514;5.9081907;6.1814494;5.703596;5.371503;6.192874
1029;2025-01-27;3.0;3;8.277009;8.703304;8.459837;7.832884;8.106039;7.7513213;8.674892;7.9411254;7.289839;7.920042;8.314973;8.113887;8.838929;9.445527;8.919347;9.095769;8.8762455;9.352283;8.93683;8.582507;7.962249;8.834347
1030;2025-01-28;7.0;3;8.651556;9.09229;8.049787;7.7378793;7.6463904;7.948378;8.204634;8.116568;7.6162014;7.399279;7.7227545;8.050963;8.561741;8.473127;8.312345;8.377388;8.129047;8.424824;8.20797;8.338758;7.8075633;7.8490953
1031;2025-01-29;3.0;3;5.94791;6.4023213;5.474447;5.6283355;5.6527634;5.4248133;6.1150746;5.8199015;5.4220133;5.046525;5.304287;5.443199;6.089088;6.093272;5.928997;5.9206824;5.328438;6.0883417;5.9017215;5.6427126;5.310587;5.4454737
1032;2025-01-30;4.0;3;4.7564545;4.9560966;4.727926;4.5551305;4.792889;4.317488;4.9062786;4.4867096;4.675712;4.3598175;4.1021204;4.8081822;4.9410434;4.803118;4.458934;4.858298;4.483935;4.8455167;4.68738;4.678408;4.326284;4.4799733
1033;2025-01-31;2.0;3;5.6609697;5.8618;5.61525;5.5148897;5.4523625;5.5289226;5.458009;5.470937;5.5257483;5.5603743;5.7908387;5.776654;5.777721;5.8225784;5.8014097;6.1363816;5.6179976;5.888291;5.833713;5.779974;5.6569676;6.0915456
1034;2025-02-01;9.0;3;6.2975435;5.9300227;6.1250563;6.0548716;6.564167;6.3816657;5.9197426;6.30871;6.60491;6.20004;6.055854;5.546454;5.515392;6.4622974;6.493633;6.572239;6.661467;5.561967;6.440563;5.9373217;5.4230776;6.7725616
1035;2025-02-02;8.0;3;6.2268195;6.116288;5.864106;6.1708937;6.0395427;6.1141315;6.2402806;6.2691555;6.055878;5.5207467;5.5048523;5.551717;5.6564455;5.746318;5.7937517;6.1678734;5.365546;5.609601;5.7925677;5.855701;5.5020638;5.6639304
1036;2025-02-03;5.0;3;5.5556283;5.3798223;4.731534;4.848611;5.0458426;4.8769255;4.790285;4.8179803;5.492199;4.974638;4.35689;4.886373;5.108233;4.7207522;4.668565;4.9503937;4.808986;4.689036;4.5913525;5.37614;4.727619;4.5840425
1037;2025-02-04;5.0;3;6.210379;6.7809434;6.2588353;6.1791344;6.5358033;5.8160543;6.6692076;6.445322;6.851044;5.987832;6.1201015;5.7120094;6.075086;6.3527393;6.4545684;6.7606015;5.6947875;6.478903;6.2346272;6.2245216;5.639898;6.37292
1038;2025-02-05;10.0;3;3.9028673;4.081899;3.690351;3.6780827;3.7446153;3.535195;3.9344575;3.7642093;3.9049573;3.7441576;3.7706254;3.7256923;3.683758;4.046372;3.911467;3.9537272;3.3214502;3.973296;3.8947558;3.782238;3.4766462;4.0973763
1039;2025-02-08;10.0;3;7.1792483;8.179433;7.2496376;7.064933;6.9639254;6.3424087;7.22529;7.2619853;6.2159843;7.3338056;7.373446;7.398251;8.390125;7.940072;7.7148404;7.6900206;7.29791;8.362224;7.1613197;7.441163;7.66411;7.1043644
1040;2025-02-09;13.0;3;8.316521;8.979293;9.171316;9.1541605;8.715099;7.709748;8.271172;8.800334;7.346578;7.8089457;8.685896;7.8546734;8.980185;10.148279;9.515309;9.994457;8.200516;8.985081;8.460842;7.8706646;7.875297;9.260091
1041;2025-02-10;1.0;3;5.5684524;5.7052245;5.7092543;5.9707603;5.571222;6.119727;4.7598557;5.665587;5.249365;5.8516636;6.2569246;5.5977545;6.1711955;7.0557733;6.809098;6.7167625;6.6218185;6.136116;6.5077114;5.670145;5.6633716;6.5208893
1042;2025-02-11;4.0;3;8.369938;8.831741;8.765865;7.556321;8.054367;7.2819214;8.450499;7.4179125;8.259197;7.995325;7.5252767;7.8542333;8.500738;8.622255;7.5609202;8.607981;7.485634;8.35894;7.3063455;8.080246;7.595657;6.991693
1043;2025-02-12;2.0;3;6.242684;7.163775;6.619607;6.3146524;6.1413994;6.219798;6.367281;6.4231567;6.0270457;6.301692;6.1621885;6.476258;6.657048;6.6671066;6.6868105;6.8805337;6.5705147;6.4644647;6.350588;6.131552;6.026909;6.22676
1044;2025-02-13;5.0;3;5.0057034;6.0069437;6.1678615;6.121037;5.9961867;5.6831756;5.824677;6.0596986;5.3900604;4.746941;5.4578023;5.0730605;5.7638507;6.5374904;6.667106;6.3571177;5.9768906;5.7251964;6.1670895;5.0594826;4.61743;6.178106
1045;2025-02-14;12.0;3;6.572956;6.733439;6.7439904;6.4767747;6.8253593;6.2276983;7.023176;6.8605075;6.494477;6.284711;6.2177167;6.4784203;7.041865;7.022888;7.0227833;7.2614536;6.5392776;7.3996367;7.130493;6.507214;6.2215476;6.6294174
1046;2025-02-15;6.0;3;5.346105;5.80362;4.7261086;4.996767;4.944732;4.960912;5.2009516;5.5173078;5.118843;5.2115383;5.2994585;5.532014;6.1095076;5.6039405;5.668984;5.6585455;5.5052505;5.857857;5.420969;5.6787233;5.2525153;5.3625035
1047;2025-02-16;6.0;3;5.7992983;6.243105;5.6197314;5.793067;5.4000964;5.208472;5.9575934;5.780026;6.1424084;5.815314;5.44757;5.4988103;6.2003083;5.349857;5.514863;5.324975;5.739274;5.9585767;5.367922;5.715952;5.058656;5.2714767
1048;2025-02-17;4.0;3;5.4771433;6.0521984;5.200028;5.4845433;4.982325;5.5445004;5.0601516;5.6372085;5.2900863;5.1444316;5.5188494;5.3157;5.7337365;4.9745183;5.75372;5.3386283;5.7243524;5.282922;5.349382;4.95997;4.9660654;5.4379582
1049;2025-02-18;4.0;3;5.9401255;6.7134557;5.09535;5.4883065;5.3688927;5.5427313;5.5845366;5.846452;5.356039;5.367414;5.802442;5.1336756;6.1484003;5.1681223;5.3936725;5.3570585;5.044979;5.511788;5.3896527;4.8552575;4.9659014;5.3648868
1050;2025-02-19;3.0;3;5.2194567;5.3362694;5.187559;5.527053;5.697668;5.0525417;5.509187;5.6716805;5.330582;4.689432;5.1090126;5.000696;5.5179462;5.4509974;5.282194;5.2772975;5.0690722;5.550423;5.260868;4.994055;4.498762;5.065198
1051;2025-02-20;3.0;3;4.474238;4.431238;4.707693;5.048063;4.9147043;4.4464717;4.595584;4.565273;4.4145603;4.1053014;4.5570636;4.391975;4.7763963;4.9335093;5.063901;5.1117105;4.701809;4.7512307;4.8480983;4.2157035;4.027511;4.7243447
1052;2025-02-21;2.0;3;5.773443;5.619981;5.7998137;5.857417;5.848025;5.9728074;5.9991913;5.8921056;5.5545626;5.4591885;5.5049;5.4865446;5.512848;5.4792376;5.482677;5.506905;5.719097;5.5640635;5.6641173;5.4068356;5.2421207;5.543974
1053;2025-02-22;4.0;3;4.7147045;4.959735;4.8408155;4.751372;4.7730184;4.912986;5.1052423;4.6407695;4.7889967;4.7368593;4.819486;4.7892866;4.895015;4.805119;4.808631;4.8203225;4.79215;4.670416;4.742213;4.626459;4.535936;4.744624
1054;2025-02-23;2.0;3;4.599272;4.818295;4.0963306;4.393343;4.440374;4.4994717;4.4494305;3.9747114;4.342342;4.7980294;4.3762727;4.240791;4.0857787;4.3159604;4.1610427;4.10574;4.072472;4.103323;4.2341623;3.959593;3.9061954;4.623679
1055;2025-02-24;5.0;3;4.647423;4.32373;4.1501784;3.7896836;4.391233;3.9553807;4.799314;4.268004;4.0585737;4.489506;3.8815188;4.6592736;4.413359;4.5392284;4.537721;4.457313;4.477306;4.542264;4.2977686;4.6139894;4.4202867;4.4270473
1056;2025-02-25;7.0;3;6.2820396;5.9381986;5.652939;5.6792207;5.8970265;5.7033305;5.6796293;5.716662;5.739841;5.896621;5.408803;5.4103785;5.859587;5.5756598;5.8235435;5.578451;5.5697756;5.522406;5.5500646;5.5007753;5.077195;5.631902
1057;2025-02-26;7.0;3;4.8039913;4.764384;5.407279;5.5802073;5.484055;5.6939497;4.780097;5.790309;4.6269045;4.8097653;5.277819;4.7862635;4.8619165;5.5515757;5.5569186;5.19848;5.2025795;4.76075;5.553929;4.5418906;4.4676504;5.712973
1058;2025-02-27;11.0;3;4.5406528;4.4293237;4.135396;4.156203;4.259031;4.519774;4.861174;4.395415;4.6086755;4.5131745;4.2845745;4.579304;4.4903417;4.4433117;4.645526;4.304432;4.1020255;4.3982105;4.5029397;4.272818;4.146654;4.3978825
1059;2025-02-28;7.0;3;6.2591543;5.5935144;5.4126506;5.965477;5.5901747;5.96951;5.6076913;5.526182;6.3423767;6.420951;6.0052395;5.701075;5.607112;5.5705404;5.2290134;5.4295497;5.560217;5.513698;5.39342;5.573055;5.6446075;5.730558
1060;2025-03-01;3.0;3;4.692777;4.41316;3.9660475;4.512445;4.70615;4.891919;4.484194;4.364014;5.1308384;4.4030704;4.5337276;4.1683683;4.3110905;4.020317;4.18254;4.1735115;3.97977;4.133841;4.245738;4.48176;3.9670844;4.167512
1061;2025-03-02;6.0;3;3.8279974;4.0788364;3.8000584;4.205619;3.966699;4.339807;3.9364617;4.302265;4.059634;3.525026;4.1703672;4.210265;4.2538633;3.94573;4.466015;4.1739097;4.264799;3.9020722;4.3294353;4.3054605;3.8747625;4.3314476
1062;2025-03-03;5.0;3;5.5847692;5.2703023;5.47005;5.3983192;5.590894;5.28583;5.297379;5.0621166;5.7138085;5.5308743;4.9724345;5.281058;5.143546;4.9181075;4.893429;5.209311;4.85595;4.8813257;4.745518;5.289368;4.8895593;4.6820374
1063;2025-03-04;6.0;3;4.5702724;4.787743;5.167934;5.238209;5.179468;4.454148;5.1520524;4.8692484;4.5759783;4.429942;4.9724216;4.692681;4.630247;4.973088;5.0121465;5.1941786;4.52597;5.0955067;5.0354433;4.6850038;4.34778;5.00096
1064;2025-03-05;6.0;3;5.978634;5.5647683;5.861687;5.9576807;5.704153;5.326788;5.854912;5.4964643;5.6883006;5.5374336;5.3672247;5.381827;5.360561;5.789078;5.6382556;5.7320466;5.1926775;5.6987977;5.471877;5.475764;4.9851837;5.3442426
1065;2025-03-06;12.0;3;6.2769275;5.7101746;6.5018635;6.4163027;6.331148;6.065487;5.758263;6.2706046;6.154309;6.2754197;6.0868917;6.0105367;6.026316;6.1842465;5.938134;6.1607814;5.7972727;5.818943;5.811757;6.07994;5.6280303;6.414169
1066;2025-03-07;2.0;3;5.2930083;5.2091746;5.031714;5.1622944;4.984102;5.353394;4.991555;5.092211;5.3296967;5.2629194;4.913569;5.5657425;5.4612174;5.1576395;5.124218;4.963599;5.442112;5.230361;5.1521935;5.566866;5.68136;5.00288
1067;2025-03-08;4.0;3;7.5527654;6.886993;6.2294455;5.8788657;6.578334;6.483096;6.590605;5.9258904;6.6036673;6.985214;5.988367;6.6651797;6.826145;6.263908;5.78597;6.2484365;6.5100975;6.5563593;6.041181;7.0186086;7.029348;5.8747234
1068;2025-03-09;6.0;3;7.0208845;6.3374586;6.2972264;6.056939;6.5117993;6.1264524;6.640947;6.327875;6.400122;6.6375465;6.223173;6.738819;6.4136143;6.879777;6.5223103;6.92471;6.0532894;6.974463;6.74261;6.6891694;6.6980515;6.3043704
1069;2025-03-10;17.0;3;4.923736;4.332676;4.49476;4.7575517;5.070968;4.524212;4.6632166;4.7574544;4.6700974;4.760286;5.3124285;4.7236032;4.84207;5.159802;5.188193;5.099309;4.8588815;5.0929737;5.14269;5.100903;4.848068;5.682874
1070;2025-03-11;4.0;3;6.448224;7.169921;6.1723347;6.1265135;6.111189;6.744363;6.3439164;6.280314;7.1564875;6.7580795;6.2755704;6.7079544;6.652514;6.2889566;6.268731;6.536646;7.220488;6.2981577;6.7214913;6.7608285;6.800774;6.5607553
1071;2025-03-12;9.0;3;4.8717227;5.295586;4.2633276;4.072609;4.521069;4.266091;4.2515306;4.635111;5.0123806;5.06887;3.8918118;4.4476256;4.9924455;4.9315853;4.479331;4.6917634;4.4908156;4.3446884;4.5493627;4.724316;4.35095;3.8290741
1072;2025-03-13;4.0;3;6.6094866;6.4917183;6.4372106;6.5819187;6.9415517;7.4101596;6.6571236;7.1792226;6.8925185;6.288749;6.181981;7.0520606;6.983532;6.893728;6.9010777;6.6492653;7.559006;6.428893;6.7390647;7.0647254;6.4350977;6.199942
1073;2025-03-14;8.0;3;5.537148;5.7635446;5.0788445;5.3560576;5.3438606;5.2783194;5.5842395;5.121124;5.601904;5.1276793;4.7111607;5.6304474;5.524752;5.2532005;4.9228315;5.1032176;5.2722063;5.2510157;4.933585;5.630909;5.2827663;4.988879
1074;2025-03-15;1.0;3;4.983963;5.0349383;4.355097;4.3918138;4.451413;4.8472857;4.569771;4.2085824;5.3842006;4.483648;4.29788;5.40257;5.0425534;4.429931;4.3308015;4.458945;4.7431717;4.5523458;4.2617035;5.09212;4.81053;4.548903
1075;2025-03-16;4.0;3;4.921153;4.815672;5.0562167;5.4146147;5.1955423;5.0114346;4.871453;5.1894484;5.0306325;5.246638;5.717252;5.2282987;5.077229;5.4998207;5.550275;5.2487144;5.1365795;5.257912;5.250143;5.1337047;5.396492;5.770082
1076;2025-03-17;6.0;3;5.344286;5.2307425;5.7561574;6.0612197;6.1953807;5.8279276;5.551136;6.1536756;5.5547585;5.6396413;6.4997425;5.355426;5.519513;6.4083614;6.4594774;6.3140163;5.8574233;5.8380003;6.5144124;5.351921;5.2827826;6.7730794
1077;2025-03-18;10.0;3;5.25678;5.59703;5.292105;5.1660914;5.2638564;4.9002004;5.4153976;4.9994855;5.289337;4.746313;4.9425282;5.3786545;5.490688;5.424286;5.397897;5.476229;5.308572;5.511299;5.427406;5.3668623;5.1156034;5.3061028
1078;2025-03-19;8.0;3;5.6187177;5.612037;4.912017;5.067787;4.710869;5.2046065;5.107209;4.977739;5.5959334;5.0064754;4.5322213;5.5382395;5.400228;4.7740126;5.1948314;4.7383385;5.654024;5.0870233;4.8355203;5.416482;5.1025834;4.754414
1079;2025-03-20;5.0;3;5.9403157;5.987025;5.279868;5.5822678;5.1946597;5.7532864;5.5454717;5.6991653;5.8549743;5.7847795;5.943335;5.9585805;6.0164256;5.341502;5.5273733;5.3898745;6.0654488;5.4684076;5.368404;5.651835;5.825795;5.475865
1080;2025-03-21;4.0;3;6.7178154;6.989981;5.5789323;5.981294;5.680218;6.0911193;6.296294;6.058634;6.7464023;6.6389747;5.671303;6.6175494;6.5952077;5.6984496;5.866996;5.674875;5.9479346;6.1029677;5.5852113;6.3874025;6.3194747;5.7825494
1081;2025-03-22;5.0;3;5.6782007;5.909422;4.957544;4.847792;5.239754;5.453948;5.2808447;5.0593643;5.6232595;5.2881675;4.5304036;5.770883;5.5840845;5.2155604;4.953846;5.186022;5.3527155;5.2535787;4.8043942;5.808781;5.3784914;4.9197884
1082;2025-03-23;11.0;3;7.9343467;9.006441;8.410676;8.438665;8.427815;7.9417644;8.346872;7.725857;8.694881;8.33029;8.27291;7.8214536;8.135731;7.694822;7.4114914;7.86914;7.179774;7.7006063;7.583038;7.6250415;7.5135326;8.094238
1083;2025-03-24;16.0;3;7.047444;7.33554;6.455329;7.60865;6.717524;7.3032494;6.7201314;7.0402994;7.371044;7.5216117;6.686478;7.275578;6.9156284;6.4181857;6.791796;6.9353228;7.286252;6.617744;7.229659;6.719801;6.8769855;6.9161468
1084;2025-03-25;10.0;4;7.7887254;7.441721;7.2582054;7.1267834;7.1795673;7.6764164;7.0691247;7.2408457;7.5291424;7.4796677;6.1436634;7.3842573;7.3574357;6.5749607;6.9242277;6.6684256;6.390994;6.9041505;6.8049917;7.1646743;7.6365137;7.017144
1085;2025-03-26;11.0;4;7.3251677;7.3104024;6.2984934;6.8382583;6.6674805;6.865952;6.6767225;6.4293547;7.1927967;7.1225114;6.848096;7.4507065;7.2267413;6.755812;6.8493977;6.5704174;7.076553;6.5732446;7.019407;7.1608663;7.243965;7.1041284
1086;2025-03-29;7.0;4;6.4599648;6.855344;6.690725;6.4352217;6.7346683;6.97611;6.7883554;7.435702;6.812511;6.4822927;8.3621435;6.39935;6.128438;6.2350698;6.040042;6.323557;6.3325076;6.3757896;6.5245457;6.3020034;6.1710477;6.764713
1087;2025-03-30;5.0;4;4.310994;4.107749;4.3013277;4.4494066;4.103403;4.847448;4.32389;4.863189;3.9808736;4.3570704;4.397167;4.672271;4.247823;4.0958242;3.9974642;4.0828757;4.9264417;3.7030258;4.076417;4.7774043;4.6966896;4.4685545
1088;2025-03-31;2.0;4;5.4985166;5.3643284;5.10975;4.936818;5.186717;5.413821;5.142031;4.772658;5.5309277;5.1680727;4.8865466;5.6135125;5.389127;5.0696473;5.0202556;5.200907;5.198247;4.9604783;4.994866;5.486993;5.5346317;5.2544837
1089;2025-04-01;3.0;4;5.387798;5.4603667;5.165861;4.8819785;5.2065763;5.395901;5.0958743;4.9360642;5.585746;5.2961864;5.0276823;5.4708514;5.287004;5.1441097;4.8811812;5.3772507;5.2915263;4.891673;4.9579763;5.5683584;5.3695145;5.165212
1090;2025-04-02;2.0;4;4.9105926;5.2189875;5.6287575;5.787017;5.55907;5.616211;5.3238845;5.4529924;4.951858;5.336837;5.4976196;5.086707;5.086132;5.6403675;5.640769;5.7044334;5.518861;5.411357;5.5667863;5.114251;5.0626864;5.4210696
1091;2025-04-03;5.0;4;4.874085;5.1259828;5.243288;5.1299214;5.209637;5.069473;5.177652;5.378758;4.8995676;4.91075;5.4143023;4.938493;5.1748567;5.194469;5.290286;5.2373667;5.077674;5.170701;5.425159;5.0677476;4.8957796;5.424303
1092;2025-04-04;2.0;4;5.943786;6.5134974;6.8742905;6.39759;6.4010024;6.109919;6.546071;6.164258;6.103841;5.9748626;6.265859;6.150519;6.5133185;6.7379856;6.8449683;6.6512623;6.49537;7.0211577;6.5843177;6.2127156;6.2180886;6.590361
1093;2025-04-05;9.0;4;4.998326;5.2593694;5.634666;5.1899896;5.477308;4.8048563;5.6423454;5.0880795;5.0434246;4.91496;5.1709833;4.9780326;5.407349;5.3526287;5.1754327;5.2962365;4.842747;5.455716;5.3024306;5.119198;5.0104036;5.2223244
1094;2025-04-06;7.0;4;4.898719;4.7812934;5.679721;5.448435;5.2984543;4.899419;5.407517;5.5018754;4.939454;5.0544243;5.3581157;4.913246;5.0027676;5.1186714;5.3268375;5.111569;4.9715266;5.1111636;5.339139;4.730706;4.740873;5.3604326
1095;2025-04-07;5.0;4;4.7474356;4.986919;5.367834;5.4154887;5.4726734;4.7760534;5.4869237;5.3184342;4.665059;4.7169323;5.1639457;4.7606816;4.9855413;5.2057695;5.3789263;5.3160543;4.7608876;5.2988005;5.269304;4.680145;4.6463213;5.2301707
1096;2025-04-08;4.0;4;4.5342383;4.9099402;5.463066;5.460434;5.264072;4.6378117;5.6076508;5.4705744;4.6285133;4.7519403;5.21951;4.6545587;4.9666243;5.4017415;5.431048;5.357954;4.475968;5.4670587;5.5303807;4.7076592;4.650657;5.4956093
1097;2025-04-09;5.0;4;4.773214;5.080014;5.452702;5.293305;5.1976023;4.9329233;5.458795;5.314374;4.9426537;4.907781;5.1761265;5.0135446;5.3105907;5.5440955;5.2022824;5.4648094;4.8823757;5.4180593;5.2651553;5.0369315;4.9845896;5.3651814
1098;2025-04-10;3.0;4;4.9660454;5.0230217;5.0689974;4.911381;5.071197;4.6370244;5.4901557;5.438054;5.023191;4.9914618;4.8871512;5.0769978;5.235949;5.147068;4.9895725;5.1980257;4.4378166;5.4555717;5.045113;4.9045014;4.941396;4.9063506
1099;2025-04-11;5.0;4;5.1968694;5.606034;5.2999825;5.3073735;5.3369865;5.1994786;5.8243375;5.444053;5.3242564;5.2430334;5.3004537;5.305291;5.47708;5.438409;5.3279443;5.4264483;4.976433;5.5584526;5.438428;5.3092103;5.143919;5.4088826
1100;2025-04-12;4.0;4;4.7110257;4.848776;4.924252;5.019708;4.7806206;4.873076;4.9150014;4.865222;4.6624722;4.4524565;4.804587;4.6718254;4.7952404;4.8409214;4.8098874;4.8776064;4.657402;4.8192286;4.833365;4.619759;4.603822;4.859985
1101;2025-04-13;6.0;4;3.8528745;4.258978;4.092447;4.535488;4.222517;4.611705;4.430676;4.6453943;3.9910195;4.0603023;4.7276735;4.231626;4.449388;4.372885;4.457368;4.224921;4.236689;4.332538;4.4610167;4.2112803;4.174882;4.6596646
1102;2025-04-14;1.0;4;4.9236884;5.0396357;4.792288;4.8272285;4.987433;4.531679;5.108834;5.029122;4.8786044;4.849542;5.156678;4.821309;4.9176064;4.871638;4.8060365;4.9728518;4.5453386;5.1343017;4.880611;4.8568406;4.788451;4.9657054
1103;2025-04-15;2.0;4;4.50121;4.8905;4.531458;4.605862;4.607743;4.6010995;4.7154393;4.6256723;4.5685186;4.5195932;4.628466;4.71749;4.8198676;4.5922265;4.66122;4.619875;4.357728;4.6626663;4.5902724;4.6833863;4.671991;4.675115
1104;2025-04-16;6.0;4;4.880824;4.5926332;4.764852;4.4653277;4.6216106;4.955074;4.54692;4.6685157;4.8148565;4.8566623;4.857591;4.8253565;4.7580023;4.606564;4.5446854;4.706642;4.694952;4.563098;4.6276298;4.927939;5.0345645;4.625291
1105;2025-04-17;7.0;4;4.758284;4.790883;4.7609873;4.408555;4.832006;4.5132303;4.828998;4.4247284;4.634182;4.712088;4.663687;4.504169;4.602671;4.495242;4.256233;4.604501;4.321376;4.53548;4.362578;4.4903374;4.6472173;4.514813
1106;2025-04-18;3.0;4;5.312259;5.562331;5.280077;5.393214;5.3199873;4.8214383;5.7325597;5.2486405;5.4940343;5.3730173;5.2706323;5.446681;5.4367557;5.299054;5.141997;5.3607516;4.8662663;5.567339;5.115659;5.332385;5.3047886;5.181469
1107;2025-04-19;1.0;4;5.0628643;4.831806;4.9479012;4.6855364;4.8787465;4.9838634;4.860999;4.672627;5.0579147;5.1437635;4.78826;5.0079894;4.771129;4.9400253;4.6132426;4.792412;4.9120436;4.646907;4.7060575;4.996915;4.9251995;4.5472035
1108;2025-04-20;3.0;4;3.9269676;3.4995522;3.485554;3.2974203;3.2242475;3.4511733;3.486257;3.3617363;3.7903223;3.7720141;3.5733705;3.841448;3.651026;3.6108167;3.5975142;3.5501769;3.7093077;3.6044014;3.5290287;4.0640726;3.8484802;3.5974925
1109;2025-04-21;5.0;4;5.7332697;5.2717786;4.855225;4.690819;4.8245497;5.465037;5.215341;5.050516;5.715858;5.632831;5.2886615;5.838884;5.4146843;5.1568093;5.0764146;5.281851;5.429563;5.377513;5.047055;5.884828;5.8258657;5.233916
1110;2025-04-22;6.0;4;4.6472216;4.409034;4.418195;4.191977;4.638013;4.7639093;4.5985055;4.690456;4.9589267;4.745609;4.3299856;4.905909;4.619376;4.3233595;4.3856335;4.4067864;4.8336396;4.3925233;4.5217648;5.05791;4.9069586;4.8099337
1111;2025-04-23;3.0;4;4.560342;4.4502277;4.4326115;4.422638;4.6095395;4.377733;4.2156754;4.358186;4.323817;4.3076577;4.785572;4.4477463;4.6494875;4.7369685;4.4201074;4.6585894;4.3504915;4.7095227;4.402777;4.530728;4.6865306;4.3487325
1112;2025-04-24;4.0;4;3.5051193;3.6689842;3.915345;3.8748133;3.7933567;3.751701;3.6322546;3.9094503;3.287301;3.5246048;4.0144386;3.6240275;3.5459464;3.4647408;3.6119192;3.438192;3.7534096;3.537743;3.8518827;3.3982954;3.3489342;3.7343056
1113;2025-04-25;11.0;4;3.6466506;3.799439;3.7808316;4.0900607;3.884493;3.8506324;3.8469486;4.1637087;3.4332771;3.7831192;4.4092636;3.8225715;3.8764164;3.755556;4.0145416;3.7012372;3.8400905;3.9174693;4.0256186;3.6810906;4.0358706;4.3918924
1114;2025-04-26;3.0;4;3.763615;3.581385;4.453575;4.8955483;4.763397;4.60497;4.270754;5.0283036;3.8780932;3.8585775;4.95602;4.0811934;4.116139;4.8608065;4.9922347;4.944289;4.591902;4.5143113;4.800624;4.12465;4.095029;4.7988634
1115;2025-04-27;7.0;4;4.11284;4.0864635;4.348121;4.5009804;4.371258;4.3939905;4.2741823;4.9025936;4.1890798;4.195359;4.8800964;4.0198054;4.238085;4.3271623;4.704605;4.3563833;4.2815866;4.3979406;4.643466;4.061641;4.025404;4.703639
1116;2025-04-28;2.0;4;4.428876;4.28196;4.4856777;4.3822813;4.569878;4.245741;4.8563275;4.416323;4.644024;4.4420333;4.281773;4.5697274;4.6428313;4.6947336;4.5166183;4.797833;4.266356;4.967804;4.3553295;4.69449;4.6374474;4.39681
1117;2025-04-29;2.0;4;3.812113;3.7427766;3.8529062;3.9701903;3.8702211;3.9349558;3.7744627;3.7943964;3.787494;3.8270068;4.073414;3.8714542;3.8553927;3.8645074;3.9667215;3.9511828;3.8013186;3.8474848;3.8623762;3.932065;4.028126;4.062458
1118;2025-04-30;7.0;4;4.190095;4.3272624;4.8383546;4.591353;4.761743;4.71936;4.207124;4.191533;4.2958775;4.2068396;4.56043;4.443772;4.42466;4.7328753;4.610834;4.5703564;4.7315035;4.3909764;4.636752;4.2635217;4.4049506;4.5579424
1119;2025-05-01;5.0;4;4.708382;4.444594;4.6379776;4.93671;4.946195;5.053143;4.720106;4.9633727;4.8682485;4.8654065;4.9884057;4.5454187;4.613367;4.761913;4.8740296;4.8357143;4.9438033;4.8407598;5.0631495;4.7719736;4.746067;5.009633
1120;2025-05-02;3.0;4;4.6272717;4.501152;4.5831532;4.304046;4.5022807;4.6294208;4.606645;4.340115;4.607319;4.633596;4.475911;4.6733394;4.5846505;4.6550617;4.596348;4.550997;4.55559;4.725513;4.629406;4.6599703;4.639264;4.497999
1121;2025-05-03;5.0;4;4.4005027;4.2586093;4.1673865;4.278096;4.24434;4.3899593;4.2470565;4.438585;4.288362;4.284701;4.467098;4.0887003;4.0001326;3.99679;4.290007;4.109231;4.146702;4.016501;4.1759176;4.1890373;4.104483;4.3384976
1122;2025-05-04;6.0;4;3.9404662;3.9416811;3.8835692;3.5372357;3.7099824;3.7612934;4.0563297;3.7809947;3.9328065;3.950187;3.7784808;4.040842;3.8472311;3.8536015;3.7643485;3.9548848;3.72594;3.9268265;3.7695975;3.8751504;3.95076;3.7676487
1123;2025-05-05;4.0;4;4.6836286;4.6046953;4.38839;4.3463736;4.342679;4.147336;4.777862;4.3229856;4.5263634;4.5587773;4.2634296;4.5085363;4.399955;4.294365;4.2364373;4.3204;4.0117173;4.459268;3.9368768;4.5723476;4.474453;4.021864
1124;2025-05-06;4.0;4;4.9327316;4.7736015;4.524859;4.6654415;4.496859;5.0504017;4.726599;4.637625;4.806755;4.9159517;4.542468;4.8239145;4.556182;4.2773666;4.6688013;4.438536;4.766472;4.500958;4.653012;4.9253716;4.8434005;4.8482475
1125;2025-05-07;3.0;4;5.0651703;5.1095104;4.9549384;5.329169;5.448253;5.386808;4.987327;5.0152197;5.1020875;5.4638;5.357172;5.0531697;5.17118;5.257427;5.1250534;5.259277;4.791949;5.202722;5.0167894;5.293314;5.351345;5.270397
1126;2025-05-08;9.0;4;3.6252568;3.5658276;3.56844;3.7563627;3.4544632;3.77951;3.2480211;3.4561007;3.6011162;3.7780416;3.8368058;3.5535543;3.4546738;3.8908308;3.520581;3.7290406;3.643815;3.4353764;3.8509881;3.5369987;3.8320134;3.9662566
1127;2025-05-09;8.0;4;3.9316192;3.7539604;3.9108987;4.2647324;4.1190314;4.066491;4.1769114;4.3203044;3.921781;3.8223152;4.54884;4.1441407;4.266666;4.1892896;4.429464;4.486277;4.245108;4.1344333;4.2850056;4.1487656;4.101858;4.6163273
1128;2025-05-10;4.0;4;3.7516506;3.731493;3.3654158;3.2564409;3.3036144;3.7536743;3.4669414;3.3602815;3.7262254;3.779049;3.366445;3.9229045;3.6849265;3.3787367;3.2147157;3.4790893;3.6130958;3.6058934;3.455987;3.6661472;3.8535745;3.5599108
1129;2025-05-11;5.0;4;4.1511245;4.01478;4.2630987;4.4457426;4.2313895;4.368377;4.211716;4.528552;3.8961596;4.181821;4.4958515;4.2415047;4.1524925;4.306325;4.513716;4.30966;4.4364443;4.391449;4.585379;4.2225604;4.0914006;4.622333
1130;2025-05-12;5.0;4;3.4985442;3.563146;3.4777186;3.462245;3.67456;3.289402;3.782095;3.3499146;3.6145203;3.7471042;3.5061002;3.7885294;3.657407;3.4086146;3.3938377;3.4748712;3.4609747;3.6984766;3.3630204;3.7419531;3.622902;3.494745
1131;2025-05-13;5.0;4;4.410424;4.299283;4.2132745;4.42811;4.4512844;4.202875;4.423132;4.2834144;4.3906107;4.356405;4.3727107;4.5166564;4.370857;4.5143332;4.309981;4.4311996;4.257531;4.5197945;4.3597727;4.4980083;4.324026;4.3071675
1132;2025-05-14;6.0;4;3.7263477;3.8020787;3.7169664;4.1187572;4.019823;4.2101855;3.8649318;4.2217746;3.8339856;3.9017467;4.147868;3.8651845;3.7142212;4.2778554;4.234022;4.2158003;4.1857076;3.8996313;4.3687053;3.8625417;3.7802043;4.3346577
1133;2025-05-15;2.0;4;4.011947;4.1604133;4.444185;4.7191844;4.6662917;4.746663;4.307627;4.747012;4.0854735;4.029339;4.718791;4.3092613;4.150988;4.7816887;4.622121;4.5968623;4.670147;4.311368;4.687674;4.1793036;4.1008544;4.667893
1134;2025-05-16;3.0;4;4.8621287;4.7511573;4.6893153;4.8438478;4.434592;4.570343;4.6891007;4.815585;4.899152;4.7056904;4.5337167;4.8397646;4.8325586;4.7709446;4.8514237;4.650662;4.805529;4.652285;4.8158092;4.9383163;4.72371;4.78962
1135;2025-05-17;4.0;4;5.511126;5.489458;5.2488956;5.330375;5.2002654;5.55265;5.3123603;5.5193105;5.4825573;5.540291;5.295654;5.154394;5.4124975;5.5409822;5.2470326;5.450473;5.6087894;5.249322;5.708173;5.4403157;5.5016727;5.4425316
1136;2025-05-18;5.0;4;4.999592;4.6170154;5.1105275;5.0225525;4.875899;5.0990224;5.0887275;5.182643;4.964958;5.3617597;5.0736275;5.4212866;5.1750007;5.213271;5.160273;5.1303554;5.1367173;5.2205725;4.9092417;5.4618597;5.6292605;5.2551885
1137;2025-05-19;5.0;4;4.4898605;4.2533426;4.137589;4.302184;4.214805;4.3754115;4.5307302;4.1545887;4.268605;4.546506;4.385343;4.3727803;4.1000915;4.0421953;4.075403;4.073569;3.9524605;4.2942123;4.016118;4.206347;4.413644;4.269379
1138;2025-05-20;3.0;4;5.0303783;4.882726;4.59978;4.7435694;4.646604;4.945542;4.86695;4.8228264;4.81042;5.1266203;4.9695215;4.788185;4.558025;4.60584;4.7297654;4.575936;4.576916;4.7456746;4.6505904;4.6827908;4.880273;4.935641
1139;2025-05-21;7.0;4;4.98164;4.8675942;5.0303187;5.150648;5.173787;5.0193586;4.9430285;4.9592013;4.8737154;4.819757;5.275846;4.8423223;4.65471;4.7100387;4.958056;4.6163125;5.0790744;4.7947993;5.1324167;4.8664846;4.578913;5.2002926
1140;2025-05-22;2.0;4;4.582463;4.640144;4.4955955;4.688609;4.3803954;4.3743553;4.587333;4.6755857;4.3584924;4.5476604;4.6859837;4.6908646;4.557544;4.4054236;4.63259;4.4120774;4.464075;4.5849323;4.611897;4.503899;4.467913;4.7920284
1141;2025-05-23;5.0;4;5.6282625;5.8260884;5.5624757;5.6850047;5.485385;5.941827;5.5705433;6.037071;5.556159;5.391238;5.8001337;5.8504806;5.8079033;5.5784817;5.561675;5.5395107;5.7648597;5.6053195;5.691637;6.116257;6.0348554;5.70648
1142;2025-05-24;1.0;4;4.1044555;4.1084895;4.0786967;4.3827033;3.9616573;4.231159;4.1696596;4.3509545;4.2037287;4.7394404;4.63354;4.525182;4.388163;4.2163486;4.3602567;4.1674085;4.312591;4.3184304;4.330913;4.4441566;4.7521286;4.594811
1143;2025-05-25;2.0;4;5.1768994;5.056656;4.60833;4.3898234;4.3841953;5.237018;4.7538085;4.7604036;4.965765;4.958308;4.94213;4.7221866;4.608546;4.3309917;4.3467555;4.187969;4.7327375;4.473296;4.4870715;4.8253937;4.802984;4.5520387
1144;2025-05-26;9.0;4;3.503996;3.3255534;3.1638417;2.8113317;3.1520314;3.1158612;3.2101989;3.0426145;3.293921;3.541919;3.2066367;3.2535672;3.3455849;3.0596216;2.990382;3.0316327;3.1467721;3.1007895;2.9308765;3.415869;3.4725268;3.1607046
1145;2025-05-27;7.0;4;3.9919033;4.01349;4.003356;3.778333;3.7946286;3.5870636;4.4442487;4.0861554;3.8918316;4.346705;3.96801;4.217427;4.2347436;3.8776267;3.81397;3.788864;3.8996718;4.212555;3.8373315;4.096841;4.4056454;4.035496
1146;2025-05-28;3.0;4;4.463671;4.4167833;4.2645435;4.045746;4.3714943;4.4680896;4.1830196;4.287726;4.425853;4.286269;4.38636;4.379283;4.174129;4.2441006;4.15737;4.3444858;4.2422333;4.31217;4.2379518;4.3968925;4.500243;4.5860143
1147;2025-05-29;6.0;4;5.16572;4.884596;4.7482204;4.6407037;4.7742057;5.0699706;4.9962144;4.810413;5.2042913;5.197813;4.9170003;5.0410438;4.814967;4.702697;4.6126504;4.746482;4.716851;4.7397213;4.738231;4.992685;4.990432;4.718077
1148;2025-05-30;5.0;4;5.329875;5.120752;4.840792;4.591543;4.6338677;4.603299;5.2522197;4.5931826;5.2498107;5.3342805;4.8231707;5.452675;5.086703;4.9200225;4.5941544;4.7789674;4.8306174;5.083274;4.8134255;5.41242;5.4380393;5.0521092
1149;2025-05-31;9.0;4;5.4198685;4.88244;5.24201;5.6614337;5.319825;5.3469167;5.285583;5.4750514;5.122806;5.3147845;5.6070848;5.168855;4.9451575;4.875398;5.202081;4.794652;5.174497;5.0519843;5.0956526;5.1169057;5.139539;5.323259
1150;2025-06-01;4.0;4;3.2909184;3.1516824;3.1882038;2.9901917;3.37791;3.5386565;2.9630826;3.2317448;3.3051906;3.07001;3.5467272;3.7131994;3.6214585;3.377161;3.559733;3.337195;3.9621542;3.5204341;3.6259084;3.7965412;3.725434;3.7349381
1151;2025-06-02;2.0;4;4.0221777;4.205068;4.275803;4.125893;4.373025;4.0032287;4.0648146;4.1127887;4.108693;4.1289296;4.3944945;4.343566;4.170194;4.5257573;4.4638977;4.398349;4.350083;4.4493675;4.280574;4.620405;4.5768766;4.162792
1152;2025-06-03;6.0;4;4.9168515;4.442313;4.576561;4.697803;4.6112905;4.619047;4.637143;4.8236046;5.2809567;4.869775;4.5927987;5.0028877;4.782373;4.6773586;4.798396;4.8351455;4.8499417;4.85461;4.65582;5.1850653;4.8198156;4.5323105
1153;2025-06-04;4.0;4;5.1487207;4.7499523;4.542907;4.7411366;4.769212;4.457757;4.6317763;4.6334405;4.8134108;5.0315228;4.824242;4.8271475;4.722265;4.6242056;4.4834614;4.496623;4.466921;4.8190265;4.6841908;4.6823993;4.7685323;4.763993
1154;2025-06-05;2.0;4;4.6511455;4.8129344;4.7025003;4.5747805;4.4789977;4.759441;4.6346693;4.534713;4.9437265;4.833957;4.4967027;4.9981737;4.7550435;4.7041802;4.6806197;4.692808;4.7853875;4.8980227;4.7772694;5.026107;4.76018;4.6240044
1155;2025-06-06;4.0;4;4.7916894;4.482114;4.117346;4.1572313;4.1741223;4.63695;4.4449553;4.1890955;4.716567;4.770203;4.375216;4.597144;4.2620792;4.245715;4.200689;4.431255;4.4031167;4.2298727;4.320454;4.700907;4.603432;4.488673
1156;2025-06-07;2.0;4;5.152788;5.052874;4.7610674;4.561225;4.7737727;4.648413;4.904965;4.706341;5.020368;4.8953824;4.889775;4.9337115;4.9177265;4.8937745;4.6197248;4.746347;4.6721854;4.8789644;4.5653687;4.8198996;4.9039793;4.553352
1157;2025-06-08;7.0;4;4.5190773;4.4461184;4.518458;4.6660833;4.4635153;4.7737603;4.481192;4.68686;4.542064;4.614954;4.923604;4.444198;4.3948994;4.3266525;4.4940453;4.229998;4.461712;4.3630905;4.5114207;4.4548817;4.6159415;4.6837687
1158;2025-06-09;7.0;4;4.7805247;4.712424;4.479237;4.376916;4.375258;4.3919187;4.6181087;4.34705;4.68268;4.825541;4.702164;4.7443824;4.571002;4.5846586;4.4162865;4.48667;4.449321;4.613532;4.453273;4.688676;4.775421;4.580072
1159;2025-06-10;6.0;4;4.4799943;4.3103085;4.2347937;4.2170873;4.0796723;3.6197975;4.135441;4.079629;4.39976;4.5210695;4.298739;4.004018;3.8970778;3.9807997;4.0588317;3.77364;3.810393;4.358356;3.9311068;3.9723282;4.0994244;3.895933
1160;2025-06-11;12.0;4;6.3530765;6.226057;6.3769107;6.361457;6.049592;6.281892;6.345515;6.3737636;6.2147617;6.4692807;6.1974406;6.6082516;6.6809573;6.5798583;6.737755;6.635635;6.6810956;6.8198733;6.676591;6.480582;6.5871377;6.3999147
1161;2025-06-12;6.0;4;4.691288;4.6525197;4.418033;4.9923835;4.468669;5.0275826;4.777856;4.943475;4.7885475;4.8541703;5.4579453;4.425152;4.5812125;4.346964;4.650509;4.43073;4.5896807;4.7431936;4.6692443;4.489103;4.7402396;5.046611
1162;2025-06-13;4.0;4;5.8057404;5.4998746;4.8530784;4.9994535;5.3324337;5.302432;5.1265154;5.366199;5.509826;6.102009;6.0274525;5.6762524;5.4708037;5.5562143;5.1470685;5.459849;5.4557133;5.523114;5.6483936;5.370295;5.696515;6.016307
1163;2025-06-14;16.0;4;8.366885;8.095381;7.4678526;7.7421455;7.3413653;7.9549346;7.5323057;7.2567754;8.10511;8.663106;7.6258082;7.9216137;7.7179184;7.224706;7.1834345;7.217847;6.9680195;7.455466;7.51508;8.001973;7.8494678;7.4149156
1164;2025-06-15;23.0;4;13.023963;13.074929;12.916252;13.523837;13.465431;13.638857;13.269107;13.883115;13.604859;13.423943;15.324351;14.194323;14.466309;14.062952;13.873325;13.83915;13.588123;15.033533;14.37812;14.1666155;14.273393;14.041487
1165;2025-06-16;7.0;4;7.656653;8.201008;8.058441;7.6949944;7.2926345;7.530261;7.754205;7.2238855;7.336407;7.4018087;7.509784;6.4970307;7.531892;7.391793;7.348623;6.8785834;7.159556;7.3954415;7.112374;6.9128556;7.146918;6.6688375
1166;2025-06-17;6.0;4;8.195539;9.103278;7.9566016;8.113619;7.616716;8.186435;7.82629;8.130287;7.878625;8.33179;8.950093;7.4600577;7.707614;7.312709;7.5754623;6.95925;7.777547;7.374656;7.9494104;7.336038;7.815874;7.718172
1167;2025-06-18;3.0;4;6.303991;6.1416254;5.130244;5.0896363;5.4039392;5.988793;5.2239566;5.4600782;5.7405944;6.520458;6.6223383;6.1637287;5.6204634;5.408449;5.617202;5.418144;5.8155465;5.5199103;5.800388;6.063247;6.422975;5.9564133
1168;2025-06-19;11.0;4;6.0705557;5.9289474;5.381994;5.31783;5.4550037;5.7523437;5.513385;5.281734;6.131316;6.4503527;5.770257;6.048324;5.723303;5.167242;5.2317314;5.126946;5.8242917;5.3193383;5.355997;5.9729724;6.437056;5.4070444
1169;2025-06-20;10.0;4;6.2370267;6.3202643;5.784837;5.864384;5.819217;6.476507;5.6832156;5.796314;6.3010983;6.176554;6.29202;5.9757175;5.8324127;5.5737534;5.5615025;5.314004;6.150772;5.69089;5.8463964;6.160022;6.507985;5.589419
1170;2025-06-21;5.0;4;5.2183056;5.004474;4.589598;4.694216;4.5163293;5.1977854;5.0967903;4.8427477;5.1794133;5.0552287;5.7150273;5.0568624;4.5773625;4.524505;4.372448;4.2997856;4.822059;4.444295;4.4987926;5.022386;5.6763597;4.4785695
1171;2025-06-22;3.0;4;4.0228043;3.6099346;3.5934021;3.8915575;3.6941416;4.2341433;3.8138928;4.054009;4.248661;4.506973;4.9107094;4.4112535;3.87207;3.710564;4.038465;3.7584236;4.0913606;3.7668283;4.247292;4.0879235;4.688392;4.4771194
1172;2025-06-23;4.0;4;5.0763974;5.006188;4.314353;4.267624;4.2835975;4.719388;4.192216;4.2871804;4.996293;5.712328;4.5029974;4.9141994;4.8749576;4.4304237;4.352229;4.460171;4.88066;4.647353;4.228878;4.832237;5.4751472;4.542881
1173;2025-06-24;5.0;4;3.9808254;4.102249;3.6734152;3.9635653;3.934571;4.1527295;3.9021912;4.048594;4.050973;4.4811273;4.3178496;4.189936;4.016808;3.7384183;3.733934;3.9470885;3.9984834;3.7864704;3.849771;3.9851148;4.474088;3.9705148
1174;2025-06-25;5.0;4;4.8427024;4.9119577;4.4890375;4.8647947;4.6477833;4.743024;4.7367125;5.046799;5.0211854;5.326441;5.235259;5.0283775;4.8751383;4.855652;5.0696726;4.9867253;4.9780726;5.0147395;5.1126556;5.087555;5.4087853;5.2547555
1175;2025-06-26;6.0;4;5.624126;5.6262918;6.143634;5.8035455;5.589431;5.2495356;5.959705;5.30446;5.934042;6.0628104;5.693496;5.372841;5.356865;5.6773963;5.592546;5.6427765;5.329516;6.0997705;5.651368;4.99462;5.768493;5.410629
1176;2025-06-27;4.0;4;5.6117287;5.560602;5.6658597;5.4134774;5.6902485;5.277779;5.8304925;5.5569854;5.5497303;5.7617116;5.592791;5.5260925;5.3310213;5.591362;5.3839555;5.623783;5.1086407;5.73544;5.391155;5.428333;5.4057217;5.1845045
1177;2025-06-28;3.0;4;5.529286;5.4498754;5.605148;5.3309994;5.7198157;5.6641536;5.634743;5.275834;5.4304166;5.861189;5.66258;4.89926;4.980089;5.228486;5.289798;5.2838945;5.150067;5.194951;5.278636;5.1344304;5.056863;5.358189
1178;2025-06-29;6.0;4;5.8094196;5.8482246;5.906712;6.289064;5.8325677;6.1887746;5.7017365;6.131076;5.9911184;6.1013455;6.6502123;5.1129193;5.465962;5.3219824;5.788075;5.252988;6.0208197;5.3492827;5.847945;5.2662363;5.349644;5.984044
1179;2025-06-30;4.0;4;5.0299706;4.8199577;4.9083886;4.512284;4.603575;4.459514;5.035791;4.8166857;5.092187;5.028162;5.5500674;4.726648;5.0691304;4.882776;4.677475;4.983823;4.7489448;4.9116044;5.0205956;4.733573;5.219316;5.0118666
1180;2025-07-01;6.0;4;4.9601493;5.0431113;5.123725;4.684917;5.06313;4.558216;5.2065806;4.9255414;4.669777;4.6971583;5.378984;4.68371;5.1196394;5.0344353;4.8623323;5.0676837;4.571082;5.2379837;5.09202;4.902498;5.055709;4.9820127
1181;2025-07-02;6.0;4;4.991578;5.1836586;5.324909;4.8225737;5.2772284;4.737619;5.375761;5.2432575;4.7922616;5.078863;5.5233364;4.80764;5.144359;5.103885;4.961048;5.231103;4.8316264;5.2731915;5.008273;5.007988;5.435052;4.9848313
1182;2025-07-03;5.0;4;5.2628045;5.226853;5.17296;5.3068833;5.311339;5.119943;5.2554646;5.3406224;5.1826687;5.2953734;5.5416093;5.0969725;5.267706;5.2102346;5.4352484;5.2439656;5.232521;5.390679;5.3123918;5.204943;5.250207;5.5168138
1183;2025-07-04;7.0;4;6.0954723;6.2564235;5.8967953;6.105171;5.9335775;6.0286565;6.184868;6.2359624;6.0928597;6.4506235;6.4898415;6.416196;6.503288;6.287063;6.495592;6.375258;6.306231;6.6279874;6.479997;6.5049634;6.467724;7.0802794
1184;2025-07-05;3.0;4;6.1895537;6.4698696;6.1485076;6.408604;6.609008;5.8852453;6.647276;6.1530905;6.578375;6.373071;6.1967287;6.3299723;6.555903;6.634122;6.303608;6.6088524;5.805854;6.6602554;6.1272893;6.2726703;6.589133;6.644513
1185;2025-07-06;4.0;4;7.2723765;7.532966;7.563071;7.3586817;7.439691;7.556669;8.064932;7.504852;7.2857566;7.69709;8.175282;7.240732;7.322163;7.2553535;7.3981957;7.0420985;7.5703344;7.6945543;7.283843;7.110414;7.2567854;7.9872446
1186;2025-07-07;3.0;4;4.6717935;4.8487644;4.452723;4.4116488;4.2102885;4.6306777;4.406605;4.3966365;4.4645596;4.8449664;5.204323;4.4588737;4.7936053;4.362245;4.465471;4.478174;4.2571945;4.579051;4.3389254;4.291683;4.7153025;4.7052574
1187;2025-07-08;4.0;4;4.0747895;4.0861936;4.254126;3.976686;3.7610943;4.16201;4.1299887;4.067817;4.385725;4.356321;4.4890304;4.1355414;4.284869;3.9614727;3.9291558;3.952477;3.9234495;4.068731;3.8316445;4.1323705;4.514477;4.177626
1188;2025-07-11;9.0;4;5.3299394;5.695401;5.6342373;5.306331;5.3588495;5.4634776;5.5329432;5.5379;5.552654;5.58863;5.358009;5.470338;5.5390306;5.362265;5.283025;5.217886;5.335204;5.362272;5.3631167;5.42202;5.39954;5.2622156
1189;2025-07-12;6.0;4;5.38473;6.089092;6.27989;5.9753084;6.179631;5.2372394;6.232149;5.6476903;5.4918284;5.8898616;5.8004923;5.433183;5.894566;5.8893557;5.7490597;5.606076;5.4513774;5.842823;5.253565;5.596378;5.569867;5.5016003
1190;2025-07-13;6.0;4;5.1603384;5.386016;5.3507376;5.313813;5.3666434;4.6398096;5.457226;5.277231;5.0642624;5.4145937;5.245389;4.993633;5.3943853;5.4809394;5.3135533;5.4670415;4.8182545;5.6046724;5.056822;5.0726843;5.1526904;5.198364
1191;2025-07-14;3.0;4;4.9642806;5.3236814;5.4629583;5.1829805;5.490453;4.7432113;5.604803;5.2956967;5.016167;5.247278;5.1768713;5.0039096;5.3479624;5.5128107;5.273407;5.6479993;4.6627245;5.5509024;5.2666917;4.9379425;5.1860027;5.2113495
1192;2025-07-15;4.0;4;4.1704683;4.3662763;4.220136;4.8421946;4.5867906;4.9392548;4.5375814;4.970025;4.3398623;4.326555;5.0966496;4.2163234;4.4644513;4.292227;4.6003623;4.373804;4.9014497;4.5052633;4.8356595;4.240957;4.5796003;5.0554724
1193;2025-07-16;7.0;4;4.2659483;4.7567925;4.7963495;4.764535;4.589705;4.554865;4.7879953;4.664676;4.245949;4.487571;4.395203;4.2940063;4.69278;4.7556505;4.635511;4.7944727;4.3209496;4.9527264;4.828558;4.281306;4.4177613;4.5188184
1194;2025-07-17;2.0;4;4.3996525;4.3784814;4.622864;4.609185;4.6349325;3.9715662;4.4215927;4.776535;4.2373347;4.699224;5.1673636;4.544438;4.710257;4.7699103;4.5956225;4.765711;4.0362267;4.887779;4.6034102;4.3067045;4.8155856;4.64078
1195;2025-07-20;5.0;4;3.9339674;4.4971986;4.522093;4.691328;4.5536103;4.4493856;4.491152;4.591348;4.3236833;4.0871243;4.418181;4.201527;4.6277494;4.4588776;4.647356;4.440446;4.2711096;4.490747;4.757669;4.1650853;4.303841;4.7807627
1196;2025-07-21;10.0;4;4.2845597;4.746317;4.75099;4.2761273;4.741775;4.227321;4.670695;4.5117097;4.079778;4.221876;4.4172463;4.26979;4.6699862;4.79559;4.6457934;4.8946824;4.317557;4.736046;4.3782997;4.3781433;4.2353787;4.5755115
1197;2025-07-22;2.0;4;3.7924278;4.5349846;4.048678;4.153403;4.09661;3.983568;4.043941;4.202273;3.8575137;4.1241336;4.273853;4.0907774;4.725317;4.1993904;4.0237303;4.1115036;4.027282;4.172443;4.048;3.9921925;3.9504158;4.176541
1198;2025-07-23;7.0;4;4.670021;5.3874683;5.3109775;5.0316024;5.176153;4.526002;5.20787;5.0075808;4.6687894;5.071164;4.9111834;4.5479803;5.132712;5.231763;4.9055448;5.1693473;4.4746275;5.240417;5.0052233;4.6212254;4.756499;4.9266334
1199;2025-07-24;9.0;4;5.2123737;5.8982;6.4178386;5.726691;6.1577997;5.1015215;5.979799;5.9912286;5.194858;5.076454;6.39261;4.853248;5.5620456;5.605322;5.5059814;5.698508;4.8877425;5.5482945;5.7694125;4.946996;4.730276;5.5586076
1200;2025-07-25;7.0;4;5.1823483;5.9201484;5.4145546;5.658178;5.4143343;5.1788;5.3568363;5.3550954;5.2796206;5.3815684;6.0689445;5.2367344;5.767395;5.0495615;5.268173;5.3411946;5.187808;5.4665766;5.478863;5.2566442;5.138264;5.864336
1201;2025-07-26;6.0;4;3.3893712;3.8570578;3.6075745;3.740229;3.5852847;3.397646;3.4993813;3.6923943;3.3428419;3.9004076;4.3832526;3.3528392;3.7520196;3.4065104;3.4496942;3.4727516;3.499504;3.6675296;3.7370431;3.308631;3.5061572;4.013626
1202;2025-07-27;3.0;4;2.6415992;3.1620715;3.121512;2.8356133;2.943364;2.7194839;3.2059216;2.7856553;2.55207;2.6923556;3.5590029;2.409278;2.921114;2.8013983;2.5963678;2.6126893;2.2892423;3.0058148;2.7387884;2.291446;2.5636837;3.1175063
1203;2025-07-28;7.0;4;3.9578843;4.410799;4.5536675;4.9086566;4.75664;4.1548386;4.69086;4.9255466;3.7085052;4.125243;5.516614;3.6446836;4.4849777;4.6736417;4.4431767;4.748915;3.9118788;4.7576666;4.754274;3.6241815;3.8271132;5.212049
1204;2025-07-29;4.0;5;4.7883105;5.178618;4.9809413;4.8788295;4.835852;4.6385303;4.982647;4.9101014;4.8988237;4.568401;5.10879;4.5739765;5.047962;4.764791;4.6964383;4.7118263;4.2956157;4.835532;4.7241883;4.4912553;4.708442;4.9111633
1205;2025-07-30;5.0;5;4.918602;5.5224795;5.720125;6.091787;5.9431906;4.6489425;5.5387535;5.1020007;4.7677526;4.713004;5.3525004;5.4181576;5.765262;5.821004;5.8254905;5.7692676;5.02592;6.2391043;5.7938604;5.2116513;5.631453;5.939682
1206;2025-07-31;5.0;5;8.64029;8.67706;9.132544;9.137362;9.117597;7.8203754;8.43344;7.6387625;8.342953;8.93245;8.554919;7.997067;9.79613;9.449664;9.543162;9.662807;8.202781;9.582749;8.749918;8.48278;8.793588;9.139941
1207;2025-08-01;4.0;5;9.234739;9.19049;8.240196;9.265523;9.455691;8.08733;9.195843;9.656549;8.144636;9.417368;10.14947;9.279413;9.309221;8.313409;9.245534;9.298824;8.292075;9.201156;9.709794;8.194404;8.758431;9.850049
1208;2025-08-02;4.0;5;4.588541;4.7985854;5.1954904;4.921671;4.7371287;4.664738;4.876667;4.721693;4.7003055;4.6353536;4.823738;4.524983;4.666894;4.768478;4.64442;4.8258634;4.4228086;4.5662866;4.610034;4.7457047;4.6801925;4.980686
1209;2025-08-03;4.0;5;4.375889;4.89141;4.779805;4.552336;5.013259;4.760309;4.8242097;4.9506764;4.6986732;4.472693;4.577808;4.3257627;4.506514;4.6066465;4.5592146;4.816628;4.1784735;4.525344;4.6712217;4.454672;4.458246;4.779058
1210;2025-08-04;4.0;5;4.2819314;4.4771543;4.391405;4.6222463;4.48403;4.435475;4.4447603;4.8071713;4.5833387;4.573804;4.6848187;4.12805;4.454838;4.391456;4.348669;4.5993342;4.577258;4.4320154;4.744876;4.142342;4.3412566;4.6784377
1211;2025-08-05;3.0;5;4.3656893;4.864985;4.896413;4.7403016;4.6751757;4.2770863;4.57535;4.6939554;4.8114676;4.529535;4.6882663;4.8419633;5.4035883;5.0341806;4.854059;5.2288265;4.527025;4.7930923;4.7363024;4.6961184;5.0302057;4.9354587
1212;2025-08-06;4.0;5;4.0312233;4.14513;4.368676;4.182853;4.4054766;4.023103;4.3899636;4.447344;4.353238;3.9912252;4.90162;4.2069254;4.406809;4.635231;4.7355537;4.797472;4.3280377;4.167009;4.5304084;4.1806026;4.6378508;4.7041416
1213;2025-08-07;1.0;5;3.7920887;3.7372062;3.9106529;4.18696;3.8455694;4.210824;3.7251592;4.149747;3.905722;3.9283283;4.2849116;3.5949428;3.7580714;4.230863;4.2226686;4.3870134;4.217267;3.6700382;4.2019134;3.8003623;4.1043987;4.558182
1214;2025-08-08;6.0;5;4.80655;4.9629536;5.106433;5.040753;4.653323;4.8424463;5.026405;4.812496;4.7932673;4.9380717;4.909871;4.7230372;4.968664;4.8856473;5.1960263;4.963307;4.928765;4.998302;5.0883374;4.6961107;5.044758;5.239747
1215;2025-08-09;3.0;5;4.3584003;4.242684;4.3617196;4.365751;4.3409286;4.3642993;4.3739715;4.411409;4.3755164;4.4194946;4.7575536;4.470803;4.363256;4.373357;4.4571705;4.3715982;4.560385;4.302758;4.494575;4.5166674;4.6213923;4.611331
1216;2025-08-12;7.0;5;3.3392694;3.2831798;3.2545323;3.65921;3.3485818;3.6586564;3.3319676;3.455784;3.5238829;3.47575;3.6704547;3.6674182;3.6032557;3.5334527;3.7904613;3.6449802;3.7757156;3.5740728;3.6982696;3.7150452;3.7146697;3.8821728
1217;2025-08-13;1.0;5;4.8562264;5.090664;4.833377;5.028443;4.669294;5.0535707;4.852002;4.8268576;5.0768385;4.8036966;4.958382;5.115127;5.179413;5.359567;5.4948955;5.4103427;5.3879795;5.0249104;5.2377367;5.201987;5.239465;5.0717926
1218;2025-08-14;3.0;5;4.2430024;4.328063;4.4160805;4.1141996;4.6022325;4.522571;4.211126;4.5977163;4.3668823;4.3350835;4.4529066;4.3187504;4.154441;4.592039;4.4350014;4.5250573;4.2968826;4.3878345;4.671946;4.160422;4.540095;4.6420746
1219;2025-08-15;4.0;5;4.9379606;4.8860435;4.772753;4.8731546;4.722608;5.0522027;4.9471116;4.778577;4.830386;4.8817873;5.030923;4.970571;5.143199;5.0154614;5.1882906;5.0387034;5.110642;5.0110655;5.1580253;4.960562;5.1466246;5.4153485
1220;2025-08-16;2.0;5;4.801631;4.7799573;4.826779;5.39974;4.9119983;5.616837;4.696592;5.265613;4.765986;4.943193;5.275486;4.9215035;4.934437;4.9512844;5.449269;5.047011;5.5627103;4.880899;5.6170244;5.0513043;5.1688623;5.5996494
1221;2025-08-17;0.0;5;4.0573053;4.3020773;4.2454743;4.5200605;4.287201;4.7397947;4.5295897;4.682721;4.311688;4.4001184;4.692042;4.350879;4.4285994;4.43258;4.603503;4.278083;4.5941315;4.4683447;4.3992834;4.5492387;4.7510047;4.7104254
1222;2025-08-18;2.0;5;4.0863;3.963473;3.9798977;4.1557374;4.025589;4.2477756;3.999263;3.9958773;4.051611;4.3970447;4.5351477;4.035514;3.9207988;3.8507237;4.035772;3.8418152;4.2481456;3.9510548;4.041242;3.9911284;4.2738733;4.0764666
1223;2025-08-19;4.0;5;4.8347864;4.51255;4.3174725;4.423801;4.558807;4.591851;4.570078;4.3500032;4.8369493;5.0629206;4.842254;5.022984;4.9029818;4.5582657;4.616027;4.6764035;4.814217;4.7616267;4.62232;4.9331813;5.226385;4.76468
1224;2025-08-20;2.0;5;3.4244514;3.4345467;3.5703902;3.6338851;3.3358538;4.1896787;3.4648223;3.7175028;3.6528075;3.680847;3.9898336;3.3679779;3.4335294;3.517852;3.5980785;3.5573182;3.8758209;3.5413785;3.579229;3.50341;3.9105368;3.7125933
1225;2025-08-21;5.0;5;4.1425753;4.050419;4.263125;4.3581986;3.996968;4.289528;4.321159;4.1013513;4.512592;4.7718925;4.65075;4.475546;4.3625846;4.256244;4.422077;4.4084816;4.5477376;4.3636055;4.5426583;4.2574496;4.940388;4.703257
1226;2025-08-22;7.0;5;3.8054771;3.5685835;3.977084;4.4650335;3.9989405;4.169726;4.391211;4.005464;3.8847508;4.299508;4.0270114;4.002989;4.297717;3.9786887;4.09266;4.113121;3.8442373;4.059224;4.0117245;4.0831795;4.673164;4.0919213
1227;2025-08-23;5.0;5;4.016425;3.7278883;4.0255175;4.0575337;4.2319975;4.0374312;3.884936;4.207405;3.9105718;4.039585;4.1670227;3.9469683;3.9820287;4.286649;4.2003384;4.119063;3.732476;3.9585903;4.1985235;3.7021968;4.1100235;4.0602117
1228;2025-08-24;4.0;5;3.6628196;3.5382473;3.5296822;3.562059;3.697835;3.4227855;3.5637019;3.448338;3.579006;3.9203017;3.7659743;3.7107027;3.5874572;3.5433004;3.6214957;3.5188012;3.5544922;3.441143;3.4881876;3.6070151;3.8855705;3.5615256
1229;2025-08-25;4.0;5;4.1115656;4.126986;4.1449785;4.2672267;4.1471353;4.165964;4.0743194;4.103355;4.180287;4.393544;4.153922;4.2934523;4.196161;4.3794613;4.3148203;4.248172;4.279079;4.1015353;4.1400123;4.066932;4.5107107;4.1927624
1230;2025-08-26;3.0;5;4.179216;4.1802998;4.1492934;4.1303763;4.2046714;4.2746787;3.9925497;4.3021116;4.095002;4.3521113;4.1964183;4.0499587;4.1193147;4.1920414;4.310732;4.187496;4.1266475;4.0581927;4.222925;4.006006;4.3054748;4.137751
1231;2025-08-27;5.0;5;3.7759426;3.8801007;3.7471466;3.9477243;3.8044744;3.9348521;3.6870024;3.7805283;3.796647;4.185534;4.1907706;3.9205048;4.063879;4.087365;4.1667023;4.0156703;4.0861106;4.027149;4.0858517;3.857438;4.237893;4.1353655
1232;2025-08-28;3.0;5;3.934045;4.051816;4.1321993;4.036853;4.2019634;4.135576;4.1437464;4.015907;4.052571;4.2233887;4.192937;4.0711255;4.12656;4.3022404;3.968999;4.2231507;4.00023;4.156335;4.1996365;4.030741;4.3576593;4.156302
1233;2025-08-29;1.0;5;4.2662325;4.3400645;4.085725;4.3132024;3.9814496;4.1349564;3.960313;4.0833263;4.2033157;4.3111687;4.459984;4.12089;4.206858;4.2335715;4.217747;4.1046805;4.029736;4.2466226;4.047151;4.1099315;4.2033834;3.9550169
1234;2025-08-30;3.0;5;3.6415606;3.6862693;3.6777048;3.893495;3.8030143;3.7313087;3.6657293;3.7672424;3.5350177;3.8960695;4.2358246;3.6353028;3.6908207;3.8239686;3.913324;3.7483537;3.9665685;3.7440786;3.9363775;3.6036456;4.0513544;4.0451856
1235;2025-08-31;6.0;5;3.1749494;3.1539657;3.0537744;3.2721987;3.146242;3.1132283;3.0713112;3.1686532;2.983653;3.2196684;3.555342;3.1911569;3.1941442;3.2190487;3.2468638;3.0878847;3.2490637;3.1822252;3.0934918;3.163023;3.615284;3.3896594
1236;2025-09-01;2.0;5;3.8305542;3.7354813;3.851056;3.8273647;3.903124;3.8765419;3.8328202;3.7820504;3.979006;4.065098;4.147603;3.9425032;3.9490383;4.090494;4.102748;4.181378;4.2128434;4.116565;4.147887;3.9881735;4.2270107;4.220305
1237;2025-09-02;6.0;5;3.986549;4.0424895;3.9182827;4.1565194;4.282386;4.1158557;4.0178876;3.9329736;4.059544;4.339524;4.2220316;4.045678;3.9196737;4.009641;4.086281;4.1580977;4.086915;4.0797024;4.0547767;3.9943385;4.3030763;4.1068163
1238;2025-09-03;3.0;5;4.251205;4.16537;4.2507854;4.067174;4.113724;4.0991883;4.1164923;3.8787892;4.221972;4.380567;3.9887278;4.202546;4.290221;4.4082613;4.173686;4.297915;4.2446637;4.2242274;4.203074;4.3412924;4.441562;4.2612944
1239;2025-09-04;5.0;5;3.8585925;4.000319;3.9691794;4.355511;4.0691805;4.2784104;3.5531673;4.1910114;4.0115285;4.2643595;4.1755347;3.9472616;3.9731827;4.006733;4.214432;4.098727;4.2100744;4.067619;4.2256927;4.018528;4.118796;4.1964006
1240;2025-09-05;2.0;5;4.2246547;4.2084823;4.3960085;4.1179943;4.407459;4.1285315;4.554609;4.1992326;4.050195;4.661781;4.271239;4.322736;4.4992814;4.456294;4.290106;4.387423;4.399442;4.4544687;4.554864;4.3205557;4.429446;4.438315
1241;2025-09-06;6.0;5;3.5837414;3.4254076;3.493078;3.5234096;3.6571279;3.5336735;3.4735951;3.443281;3.705715;3.9878368;3.765589;3.8268163;3.783411;3.7560053;3.526008;3.7998106;3.7394962;3.7389815;3.7149258;3.8535347;4.032102;3.7640142
1242;2025-09-09;6.0;5;3.9015908;3.841648;4.069122;4.2127175;3.8824048;3.9402194;3.9354253;3.7695367;3.9837024;3.9920225;3.633701;4.394323;4.265611;4.170829;4.123648;4.197688;3.9769309;4.1150804;4.198159;4.1987147;4.4128494;3.964808
1243;2025-09-10;8.0;5;3.5075324;3.5256953;3.4621067;3.6183128;3.3618832;3.6302578;3.5703642;3.4131036;3.480992;3.8182921;3.7412932;3.7511332;3.7247756;3.5774434;3.592978;3.7084382;3.657313;3.787811;3.7534971;3.7616377;4.016543;3.8033311
1244;2025-09-11;3.0;5;3.386455;3.4300835;3.6339378;3.7410038;3.8098235;3.730722;3.4703457;3.5531962;3.2878478;3.7171824;3.861467;3.463579;3.567183;3.868682;3.7841263;3.7873218;3.8300903;3.522845;3.873642;3.6178627;3.6806345;3.8613768
1245;2025-09-14;11.0;5;3.8765612;3.6568394;3.6107824;3.9058442;3.6637063;3.885752;3.6206768;3.555956;3.6400607;3.8199544;3.8767378;3.5267603;3.684331;3.742063;3.880776;3.7868252;3.990053;3.5196066;4.004004;3.4472258;3.644586;4.048499
1246;2025-09-15;7.0;5;4.3762956;4.5296326;4.2494526;4.127618;4.2389126;4.174259;3.736148;4.228661;4.5096097;4.694241;4.139586;4.0119376;4.277034;4.142456;4.0571475;4.060226;4.4416914;3.820304;3.845851;4.153919;4.344959;4.012143
1247;2025-09-16;11.0;5;4.0433974;4.069584;4.009602;4.088735;4.082809;4.0013876;3.7974138;3.9021986;4.094752;4.2043056;3.9833467;4.057684;3.694312;3.8777208;3.6039033;3.9692643;3.9792073;3.5058076;3.5675993;4.059332;4.154871;3.7902021
1248;2025-09-17;0.0;5;4.2429123;4.457007;4.1540384;4.0543833;4.0983806;4.2943945;4.0274515;4.0501213;4.1288533;4.2142677;3.9879825;4.289315;4.547092;4.205319;3.898709;4.0574646;3.9787068;3.9589953;3.9498646;4.168333;4.378578;4.345068
1249;2025-09-18;4.0;5;4.6374373;4.6612034;4.41629;4.492084;4.6460233;4.277355;4.231538;4.1429667;4.476809;4.3537135;4.193645;3.9122863;3.9728181;4.1132116;4.268547;3.994455;4.0227766;3.9808989;4.0721025;3.7748234;4.1052957;4.0629377
1250;2025-09-19;3.0;5;4.611183;4.4204626;4.6240067;4.358849;4.4912524;4.0144353;4.67091;4.2812;4.531905;4.3387427;4.209097;3.9495325;4.0438256;4.297224;4.107388;4.16294;3.8358147;4.2058835;4.036294;3.9424832;4.1627502;4.184531
1251;2025-09-20;5.0;5;3.8376637;3.9969912;3.6122057;3.5866904;3.6269872;3.9600801;3.503117;3.2226956;3.5650005;3.711689;3.3611457;3.4598632;3.494061;3.2625155;3.3447576;3.2795365;3.708748;3.38749;3.6550548;3.4710457;3.6246421;3.936243
1252;2025-09-21;2.0;5;3.3596358;3.6058142;3.6706514;3.7982442;3.7184544;3.9904408;3.3690286;3.624729;3.5697286;3.3651085;3.4774268;3.4291425;3.5532608;3.4824004;3.771092;3.5126462;3.7642603;3.5751486;3.625079;3.4727905;3.5708132;3.908576
1253;2025-09-22;5.0;5;2.9327593;3.1180625;3.0279925;3.1500702;3.2937076;3.4995854;3.1544707;2.8008182;3.4840004;3.2788644;3.346548;3.0292964;3.0736437;3.2449124;2.8536294;2.8664875;2.9343333;3.0415916;2.9460027;2.9481022;3.3362136;3.3126423
1254;2025-09-23;6.0;5;3.3516536;3.315053;3.2327483;3.2105725;3.3687286;3.3519344;3.455794;3.224703;3.1841981;3.321964;3.5127153;2.9628215;3.3612318;3.2882118;3.442184;3.3264523;3.2531497;3.4224277;3.4998941;3.0652344;3.3811238;3.5854063
1255;2025-09-26;3.0;5;3.8006;4.2004547;4.0587926;4.4161153;4.052808;4.272926;4.1059523;4.3710384;4.3094683;3.910133;4.2155867;3.9614542;4.233348;3.931394;4.0973167;4.083751;3.8864417;4.011229;4.0074425;3.9989305;4.27226;4.184594
1256;2025-09-27;7.0;5;4.441569;4.5895433;4.178933;4.508456;4.4124846;4.6371717;4.249715;4.4657717;4.7379465;4.4700193;4.4416704;4.3039274;4.4945993;4.3550467;4.493303;4.440641;4.3348994;4.4407926;4.4290304;4.5186305;4.5740447;4.599947
1257;2025-09-28;2.0;5;3.6101034;3.3971236;3.3302393;3.4456394;3.6337829;3.7630138;3.4729502;3.7264297;3.5431998;3.8293095;3.322956;3.4531655;3.1833136;3.3493106;3.409229;3.2795513;3.454944;3.265678;3.4334974;3.1338055;3.5033495;3.659649
1258;2025-09-29;1.0;5;4.0230055;4.2928247;3.9855692;3.8199892;3.9184349;4.1083226;4.066137;3.8621154;4.384636;4.392505;3.8018732;4.205987;4.1867366;4.2032194;3.9533243;4.1497507;4.17787;4.136863;3.9224088;4.1099486;4.327278;4.1202397
1259;2025-09-30;1.0;5;3.6875606;3.9956782;3.883174;3.7970657;3.748743;3.9418256;3.9017081;4.043277;3.7130756;4.035347;3.5642643;3.961346;3.913004;3.9714684;4.055606;3.8664262;4.168967;4.0641255;4.0610614;3.8897243;4.2179513;3.9845967
1260;2025-10-01;7.0;5;4.1219125;4.172192;4.021658;4.1592875;3.983195;4.086631;3.882502;4.242054;4.0394287;4.315689;3.714704;4.025362;3.9800825;4.0868587;3.8940713;4.032064;4.0157557;4.0466866;3.9916286;3.9786294;4.3266582;4.0042915
1261;2025-10-02;3.0;5;3.4795325;3.6045535;3.4831226;3.8181877;3.6752026;3.651883;3.6238756;3.7354858;3.5445206;3.296648;3.4705086;3.340132;3.488059;3.626903;3.5956793;3.7689211;3.5308251;3.7191203;3.7717464;3.4174583;3.4513967;3.7494383
1262;2025-10-03;2.0;5;4.3414125;4.35272;4.2575274;4.199335;4.268155;4.514403;4.327861;4.2767053;4.3824463;4.543106;4.3209386;4.8128476;4.3199315;4.2434506;4.0613184;4.3305926;4.209932;4.2940116;4.524926;4.505481;4.7510223;4.847607
1263;2025-10-04;3.0;5;3.5312428;3.6879327;3.7099428;3.5839393;3.7941248;3.8659077;3.761273;3.755209;3.916117;3.7637365;3.5437315;3.5239217;3.371848;3.4192605;3.2755446;3.6285806;3.4135969;3.4432406;3.610867;3.6166494;3.993797;3.7670157
1264;2025-10-05;5.0;5;3.9666533;3.7240148;3.6411676;3.360254;3.5525508;3.3599424;3.8105893;3.4933617;3.8914292;3.61334;3.4238338;3.6072223;3.4930604;3.231582;3.3983343;3.37493;3.1424887;3.3135788;3.3523035;3.6069095;3.9491415;3.5862978
1265;2025-10-06;1.0;5;3.8740413;4.2304735;4.195174;4.2688437;4.2240953;4.141814;3.9309657;3.8046408;4.236453;3.9794886;3.918803;3.7084205;3.9389732;4.0893083;3.8745837;3.9608753;3.7453132;3.9341626;3.7122786;3.8006318;4.0364428;4.008799
1266;2025-10-07;1.0;5;3.8633347;3.9475403;3.6276045;3.4517682;3.5418963;3.467814;3.552078;3.2874691;3.9462705;3.7095485;3.2214413;3.2503774;3.34802;3.4058552;3.2286825;3.402844;3.3120077;3.411282;3.2910771;3.5260758;3.636525;3.692685
1267;2025-10-08;6.0;5;4.0541124;3.9382298;3.8623703;3.8788562;3.7212553;3.7895489;3.7658536;3.6510398;3.9244688;3.8304865;3.6726031;3.7141817;3.7327204;3.7813644;3.634046;3.7231448;3.7048993;3.6558387;3.4916706;3.8682237;3.8813527;3.7591815
1268;2025-10-09;2.0;5;4.4924045;4.7319546;4.5830345;4.4853325;4.6319814;4.13126;4.3434553;4.3537173;4.419699;4.7004576;4.3091016;4.383981;4.423739;4.489969;4.302134;4.350524;4.304687;4.4165835;4.3258715;4.4918556;4.5753865;4.4713798
1269;2025-10-10;2.0;5;5.0250397;4.95754;4.4514832;4.3532095;4.5526843;4.068428;4.559795;4.4629745;4.5629992;4.900089;4.333894;4.676153;4.737606;4.434932;4.244862;4.2979255;3.9746573;4.5960455;3.9871955;4.6036386;4.7755933;4.4089303
1270;2025-10-11;3.0;5;4.06981;4.0438704;4.234995;4.356559;4.0341988;3.827529;3.9998956;4.085023;3.7973979;3.861551;4.228686;3.747419;3.6864345;3.8343391;3.817882;3.7304857;3.757492;3.7129283;3.931755;3.5869477;3.71008;4.0478997
1271;2025-10-12;2.0;5;4.0156283;3.712044;3.6675568;3.5419106;3.5088022;3.5108306;3.4852216;3.563821;3.6681201;3.8079605;3.4178796;3.2920878;3.349631;3.2811053;3.1634881;3.2833831;3.3487024;3.3049762;3.2614863;3.2779279;3.6778092;3.5974514
1272;2025-10-13;5.0;5;4.240862;4.2363625;4.2041726;4.3044105;4.1413507;4.477247;4.1719146;4.5797787;4.02082;3.8877747;4.2927184;4.097168;4.149027;4.157772;4.2327785;4.0347033;4.4559407;4.0846753;4.267195;4.280817;4.244343;4.4317517
1273;2025-10-14;2.0;5;3.9232225;4.117324;3.9905164;3.9503276;3.7989075;3.8637238;3.9857137;3.8298576;3.8287315;3.992541;3.824761;3.919006;3.988261;3.8863113;3.7705634;3.8447447;3.7898657;3.9076548;3.8266525;3.966236;4.121088;4.0175905
1274;2025-10-15;4.0;5;3.8912084;3.526833;3.538827;3.55515;3.525167;3.4986851;3.450079;3.5527875;3.5157788;3.774242;3.5595105;3.7541342;3.5773745;3.4598446;3.4570801;3.5213158;3.5553937;3.54307;3.4714005;3.5500214;3.7665865;3.7622383
1275;2025-10-16;6.0;5;4.1103797;3.9060347;3.7665272;3.6756763;3.8106873;3.7847564;3.8239636;3.8190506;3.6619225;4.037427;3.6675494;3.7438157;3.7421706;3.6055024;3.3905132;3.6207972;3.6662636;3.6366837;3.4874353;3.5024097;4.002107;3.8009877
1276;2025-10-17;7.0;5;4.8387456;4.732694;4.181421;4.403616;4.248922;4.91566;4.5055003;4.296502;4.4306483;4.684261;4.9506297;4.7561603;4.6294327;4.1981816;4.2312207;4.2007504;4.52582;4.3962116;4.2819796;4.682966;4.745586;4.511685
1277;2025-10-18;3.0;5;3.8605542;3.9862602;3.9209337;3.9711545;3.930211;3.8007843;3.7506342;3.7646823;3.9459817;3.8928633;3.8694637;3.9145758;3.8740597;3.8473816;3.7480812;3.9058354;3.8103275;3.856786;3.8563468;3.9048758;4.0665393;3.8878613
1278;2025-10-19;6.0;5;4.044471;4.039351;3.5561562;3.7575731;3.8336787;3.7090838;3.8636823;3.7437577;4.1050158;4.0439467;3.8591223;3.711929;3.897104;3.6403744;3.6702943;3.6560495;3.817441;3.8349667;3.8679364;3.8670478;4.069888;3.887526
1279;2025-10-20;1.0;5;3.9856806;4.109802;4.0223327;3.9351048;3.9495614;3.9158294;4.0520887;3.968062;4.234067;4.375994;3.8938928;4.082088;4.075575;4.0296555;4.0137844;3.9641593;4.085966;4.122104;4.0563536;4.1492705;4.3331165;4.122468
1280;2025-10-21;3.0;5;4.0040865;4.1106796;4.032653;4.1079006;4.157459;4.1503735;4.1461544;3.9996357;4.1879168;4.248061;3.9965656;4.0097833;4.0586185;3.949458;3.8738852;3.8880715;4.0173774;4.0998425;4.1007414;4.1006227;4.2301645;4.0334864
1281;2025-10-22;9.0;5;4.018595;4.244206;4.14078;4.3531213;4.1434383;4.151191;4.2616534;4.1014185;4.0704885;4.4261165;4.0003734;4.027427;4.0617027;4.030627;4.0570483;3.959972;3.9864104;4.0765805;4.0989366;4.0743732;4.275981;4.119376
1282;2025-10-23;1.0;5;4.274392;4.5031524;4.819705;4.969975;4.851832;4.9327803;4.625061;4.7616205;4.1190176;4.352394;4.5072694;4.551352;4.589602;4.957056;4.804111;4.7959676;4.834124;4.497739;4.8443613;4.661531;4.744827;4.853744
1283;2025-10-24;6.0;5;5.452536;5.21598;5.0064726;5.4038157;5.04023;5.2863817;5.5900373;5.145155;5.1903987;5.696155;5.4759994;5.232684;5.3720307;5.192889;5.485666;5.4963865;5.235406;5.696548;5.599589;5.2096424;5.389606;5.648437
1284;2025-10-25;2.0;5;4.910312;5.053727;4.693321;5.087746;4.9102664;5.050834;4.7763243;4.819484;5.0717993;5.162635;4.6379805;4.854715;5.006871;4.820811;4.6802626;4.938033;4.7653613;4.9703364;4.708915;4.8047767;4.9086285;4.749717
1285;2025-10-26;3.0;5;3.255199;3.1278296;3.3134496;3.3581247;3.453237;3.018884;3.2320402;3.044009;3.182513;3.4509175;3.368873;3.3092701;3.3467886;3.4845753;3.4392967;3.4898489;3.281035;3.3918998;3.3513024;3.2330737;3.47811;3.4144895
1286;2025-10-27;3.0;5;3.8907795;3.971576;3.8651707;3.831461;4.048392;4.0658655;4.0348477;4.087375;3.9229949;4.2241287;3.7226048;3.9871278;3.8479292;3.9403553;4.02874;3.8850327;4.0643454;4.017188;4.071088;3.9977424;4.009642;3.9209988
1287;2025-10-28;2.0;5;4.163176;4.4446583;4.379023;4.3826294;4.1570406;4.2746677;4.0515;4.4506755;4.1756396;4.3520093;3.8493643;4.332546;4.252823;4.17242;4.339343;4.2253695;4.538828;4.5056877;4.4151835;4.437859;4.3387065;4.3542
1288;2025-10-29;2.0;5;3.8081353;3.937528;3.9801862;4.059028;3.9504812;4.2033825;4.249864;4.128787;3.7829986;4.1108265;4.0038023;3.9758015;3.8920004;3.7668023;3.9612381;3.828387;4.0942965;3.9750097;3.927178;4.1454415;3.9998062;3.9534752
1289;2025-10-30;4.0;5;4.696546;4.757963;4.7204995;4.517288;4.681787;4.8856792;4.6980324;4.5539327;4.6995993;4.940761;4.663422;4.6725297;4.648827;4.731919;4.6213856;4.7536826;4.7818856;4.5531874;4.7622027;4.602853;4.88478;4.7130823
1290;2025-11-02;4.0;5;3.3519003;3.3638434;3.4111485;3.3845227;3.510616;3.508981;3.6224344;3.6243057;3.348775;3.8677979;3.600535;3.3543322;3.5119908;3.4112191;3.564471;3.3012428;3.489654;3.4581227;3.4780152;3.4139197;3.9451637;3.9140491
1291;2025-11-03;6.0;5;3.5335517;3.5657816;3.5902069;3.9071262;3.691715;4.2785373;3.7875776;4.112046;3.4229019;3.8426719;4.3241596;3.8310754;3.7683434;3.7776663;3.9968717;3.7273667;4.2881913;3.7482076;4.072872;3.7549303;4.052539;4.166924
1292;2025-11-04;4.0;5;4.048909;3.9567044;4.238191;4.212839;4.27834;3.9880686;4.124858;4.0166473;4.0881805;4.210245;4.0626407;4.257528;4.046185;4.1814704;3.9832327;4.0362196;4.094547;4.1013885;4.0681515;4.136555;4.2979074;4.074842
1293;2025-11-05;3.0;5;4.1344075;4.0017886;3.9803946;4.2822895;4.1519446;4.11806;4.156879;4.045496;3.989474;4.2921333;4.3524437;3.9857857;3.9869123;3.80669;3.7834375;3.8100142;3.823877;3.909937;4.015171;3.86353;4.190445;4.0707192
1294;2025-11-06;7.0;5;3.8931882;3.665223;3.9166992;4.1723223;3.8718817;4.291385;3.8022878;4.0343623;3.8086088;4.0582438;4.197877;3.8740013;3.7065158;3.800156;3.7024276;3.78861;3.995929;3.7980099;3.8670406;3.632186;3.9947374;3.9024794
1295;2025-11-07;9.0;5;4.849457;4.7789125;4.622364;4.913251;4.7966347;4.6267805;4.947722;4.641505;4.690605;4.9359574;4.7311354;4.80503;4.6601067;4.657927;4.6612763;4.5125737;4.4045014;4.603692;4.5886292;4.648652;4.891649;4.5877395
1296;2025-11-08;5.0;5;4.1013923;4.05523;4.406331;4.2853045;4.333109;4.052207;4.057054;4.2463527;3.8643112;4.2061543;4.335859;4.051273;3.8001466;4.1031213;3.9559827;4.1306996;3.8488047;4.00621;4.1985517;3.8349533;4.1755323;4.104054
1297;2025-11-09;4.0;5;4.109939;3.9645092;4.4048376;4.493449;4.413491;4.7545547;4.2028923;4.474102;4.1182647;4.375644;4.303734;4.1129856;3.996052;4.2561803;4.457218;4.1675563;4.2431774;4.1448064;4.3244715;4.049461;4.298987;4.5102873
1298;2025-11-10;0.0;5;4.481112;4.656123;4.759374;4.7691083;4.989293;4.800696;4.653285;4.7773933;4.7547913;4.7746696;4.7109113;4.423763;4.388471;4.423211;4.4423;4.463491;4.6064286;4.4843364;4.70127;4.503889;4.703412;4.7945814
1299;2025-11-11;3.0;5;4.116233;3.9745338;4.104358;4.3471837;4.186914;4.4398794;4.0208516;4.3248534;4.2054768;4.3379517;4.410844;4.248801;4.0084305;4.109317;4.3301854;4.190477;4.2664375;4.1077647;4.3339834;4.2326813;4.353841;4.3445196
1300;2025-11-12;6.0;5;5.6236773;5.5267515;5.1951184;5.3150077;5.2745547;5.080173;5.575663;5.0443897;5.6618304;5.6014223;5.210251;5.1955614;5.099074;4.865082;5.051946;4.9540186;4.829072;5.307787;5.0518227;5.395202;5.493456;5.214786
1301;2025-11-13;5.0;5;4.7662683;4.7717977;4.7286286;5.375626;4.8260393;5.165103;4.914936;5.246895;5.0197387;4.842081;5.489878;4.984734;4.8102922;4.8973064;5.260521;4.959677;5.1096296;5.0852237;5.2851014;5.049143;5.11502;5.422049
1302;2025-11-14;10.0;5;5.7590947;5.3755794;5.443124;5.8896694;5.6661963;5.417192;5.8718104;5.834846;5.8637633;5.6415;5.7134695;5.7329793;5.601214;5.629081;5.6966267;5.602394;5.5375857;5.7552443;5.797767;5.7135;5.792019;5.744372
1303;2025-11-15;5.0;5;5.692452;5.3554006;5.6559496;6.098554;5.642324;5.658513;5.803053;5.8598504;5.534586;5.41684;5.9618044;5.549024;5.330988;5.511209;5.8025937;5.5671215;5.551133;5.6181216;5.8329277;5.641637;5.6664977;5.8185205
1304;2025-11-16;5.0;5;5.9702387;5.9189425;5.837056;5.869938;6.1331077;5.1127453;5.9620275;5.5254984;6.0251493;5.726804;5.6329875;5.4985666;5.55459;5.4138966;5.419391;5.580471;5.1416016;5.842138;5.4558005;5.469559;5.764772;5.3314342
1305;2025-11-17;3.0;5;5.3889327;5.172813;5.126454;5.2200027;5.336093;5.1272373;5.2617097;5.0601854;5.311508;5.1558414;5.30361;5.3505726;5.247337;5.253634;5.210627;4.939211;5.145009;5.4467754;5.1921525;5.3651977;5.5349455;5.231231
1306;2025-11-18;4.0;5;5.1654553;5.23464;5.13326;5.43286;5.210315;5.1971555;5.577407;5.2560735;5.0068183;5.1139827;5.4888644;5.178265;5.2092896;5.257597;5.246195;5.3292623;5.2031026;5.53787;5.331472;5.2946873;5.437132;5.4047236
1307;2025-11-19;5.0;5;5.692539;5.630767;5.650803;5.458953;5.5803213;5.819798;5.918245;5.69239;5.6143327;5.602721;5.797653;5.521276;5.4866195;5.4466825;5.4879956;5.4189982;5.3971677;5.636133;5.5195665;5.6897244;5.718672;5.664033
1308;2025-11-20;5.0;5;4.421803;4.5391865;4.3517957;4.363697;4.339852;4.27272;4.52902;4.2359047;4.1772504;4.5885496;4.4428434;4.699044;4.651228;4.352846;4.4073105;4.451556;4.4274716;4.690478;4.4643245;4.7373543;4.888845;4.5587344
1309;2025-11-21;7.0;5;5.985814;5.923624;5.681979;5.8308644;5.8060884;5.790191;6.3127728;5.9400043;6.1614127;6.1424313;5.9122763;5.9223137;5.639631;5.86323;6.0411077;5.9180617;5.876624;6.1231885;6.227546;5.77527;5.6543255;5.891528
1310;2025-11-24;6.0;5;4.545063;4.3541317;4.461813;4.6224914;4.586437;4.432273;4.2994857;4.7576847;4.455726;4.842171;5.0502996;4.6262126;4.534648;4.6499643;4.7399898;4.6914907;4.6521873;4.4819255;4.7482085;4.486253;4.870653;5.086794
1311;2025-11-25;3.0;5;4.5368643;4.685167;4.809192;4.5802674;4.903446;4.3812943;4.6314745;4.5815463;4.2994084;4.6515145;4.881584;4.616451;4.722048;4.7308025;4.669524;4.663803;4.527816;4.7235293;4.576277;4.5601826;5.029748;4.785814
1312;2025-11-26;3.0;5;3.9747155;4.100348;4.1157627;4.385339;4.2207203;4.296957;4.4160047;4.2612534;4.009225;4.2881365;4.5374794;4.3990035;4.189236;4.2118216;4.4062667;4.1635513;4.2425423;4.200942;4.4292374;4.239386;4.597607;4.3765244
1313;2025-11-27;8.0;5;3.9310548;3.7077441;3.827483;3.7157729;3.7480307;3.8177125;3.885325;3.7487872;3.5974927;3.9444468;3.948653;3.9731927;4.1443796;3.968328;3.90231;3.9271963;3.8823473;3.9683008;3.9503286;3.8610184;4.033573;4.0928063
1314;2025-11-28;3.0;5;5.2370253;5.2669;5.1374044;5.123169;5.0281897;5.0332556;5.053575;5.2190647;5.180899;5.156763;5.552025;5.4096107;5.3501897;4.9986134;5.2343435;5.076956;5.094859;5.36171;5.0824585;5.1532826;5.5172987;5.274861
1315;2025-11-29;3.0;5;4.5286083;4.242995;4.367003;4.2446046;4.2006516;4.157597;4.3473163;4.218125;4.2065897;4.4649277;4.328695;4.4271774;4.1831193;4.13634;4.077309;4.2588096;4.0004067;4.23356;4.267186;4.1729336;4.580603;4.2760153
1316;2025-11-30;6.0;5;4.1533117;4.3337374;4.5133553;4.811998;4.545455;4.769532;4.414638;4.7727714;4.3167825;4.4233704;5.0554433;4.432629;4.2725472;4.362837;4.772596;4.374841;4.6813707;4.3011823;4.6623;4.3390384;4.7200537;4.8547287
1317;2025-12-03;10.0;5;5.8720217;5.439165;5.6348495;5.6671987;5.804022;5.6233544;5.864684;5.538427;5.726605;5.6039243;5.5636406;5.4794555;5.5818934;5.525437;5.5885468;5.635615;5.3291936;5.626269;5.5871935;5.3693175;5.50041;5.6849585
1318;2025-12-04;5.0;5;6.0295978;6.1362634;5.84424;5.9617662;5.8760858;6.0496726;6.014269;5.77014;6.014728;6.101592;5.7570267;5.861717;6.1602182;5.7586713;5.7518554;5.808705;5.9005165;5.8331447;5.8768783;5.937684;5.968198;5.835903
1319;2025-12-05;9.0;5;6.54896;6.68223;6.3492675;6.64195;6.489009;6.216947;6.6606073;6.124798;6.5523453;6.7849503;5.9170074;6.3034177;6.3488307;6.427202;6.597743;6.430134;5.809104;6.9197135;6.1292696;6.229331;6.4284163;6.321958
1320;2025-12-06;5.0;5;3.859607;4.180511;4.2537074;4.1895757;4.029185;4.5340505;3.8555746;4.31768;4.0540752;4.0691376;4.1613927;4.2231126;4.628692;4.2960873;4.461132;4.506249;4.6484356;4.197814;4.3652263;4.2507286;4.524553;4.686939
1321;2025-12-07;4.0;5;3.741174;3.9364042;3.9201136;3.9911728;3.764359;3.4596248;4.068958;3.9261656;3.592744;4.075373;3.8371575;3.803023;4.025653;3.669828;3.6353087;3.73601;3.5633793;4.0089474;3.704515;3.7540324;3.9389708;3.9941578
1322;2025-12-08;3.0;5;4.4921064;4.7794633;4.9070277;5.2033725;5.055032;4.371891;5.2523875;4.8962507;4.6526036;4.99093;5.28903;4.5910707;4.9369483;4.7897015;5.0414257;5.121083;4.322762;5.017879;5.0685816;4.614982;4.825847;5.3566966
1323;2025-12-09;8.0;5;4.2246547;4.120014;4.215592;4.3402205;4.210946;4.3954587;4.2755466;4.2204356;4.1598873;4.535521;4.510577;4.36521;4.342181;4.2414246;4.3445377;4.5255895;4.1472282;4.373797;4.5511837;4.1834183;4.5884714;4.77886
1324;2025-12-10;6.0;6;4.936666;5.0335164;4.8651476;4.8109527;4.8789887;4.60995;4.850297;4.823259;4.9702187;4.8775663;4.8299375;4.6197658;4.7686296;4.7941113;4.6685796;4.9486637;4.446962;4.9748764;4.837612;4.5792856;4.5101523;4.684983
1325;2025-12-11;1.0;6;5.37415;5.683603;5.3540564;5.176558;5.388042;4.8819413;5.5737257;5.415799;5.3792543;5.6394987;5.4124727;5.311382;5.5967307;5.4066105;5.210182;5.437844;4.8754272;5.5783954;5.3370647;5.2150908;5.3801064;5.207487
1326;2025-12-12;8.0;6;5.239403;5.067408;4.86154;4.7507324;4.7087474;4.853656;5.0508575;4.948802;5.0366974;5.3443985;4.968258;4.9096556;4.857649;4.655332;4.5703487;4.7077293;4.6487036;5.0089808;4.6867957;4.936583;5.126838;4.9800243
1327;2025-12-13;6.0;6;5.7121296;5.975948;5.7396126;5.786537;5.9787383;5.339066;5.9296975;5.6320577;6.004389;5.6517134;5.710216;5.7736;5.889299;5.8908978;5.892615;5.8964124;5.3067713;6.029472;5.8829923;5.486206;5.733943;5.606599
1328;2025-12-14;6.0;6;5.125005;5.6536965;5.7370567;5.6404557;5.4350624;5.2096705;5.6225824;4.9646916;5.451077;5.8195157;5.6722603;5.4463925;5.6086164;5.624457;5.577251;5.437577;5.091783;5.633665;5.6308193;5.392374;5.4369555;5.7592554
1329;2025-12-15;1.0;6;5.4696093;5.701657;5.648383;5.5461884;5.5088353;5.0857487;5.5285296;5.0699935;5.1303797;5.525715;5.432746;5.3514905;5.6193094;5.4119587;5.485715;5.343439;5.2759995;5.727448;5.476145;5.5666585;5.495127;5.736895
1330;2025-12-16;10.0;6;5.244342;5.3819656;5.3588715;4.9416323;5.180499;5.3754115;4.844452;4.7175307;5.2140174;5.554639;4.658579;4.7156215;4.9531746;4.9020033;4.5531597;4.9989786;4.893672;4.6251597;4.694032;4.7160006;5.104939;4.8214803
1331;2025-12-17;5.0;6;5.587432;6.232996;5.8077188;6.267115;5.8672066;6.2445135;5.8539405;5.9307246;5.8381333;6.085165;5.860688;6.1825056;6.082148;5.82282;6.435125;6.114009;6.6385646;5.899107;6.3016367;6.1987996;6.14599;6.342442
1332;2025-12-18;2.0;6;6.241268;6.6875663;6.410885;6.786865;6.500243;6.705568;5.879749;6.885804;6.2138124;6.467847;6.892289;6.5323706;6.4452386;6.2351418;6.7538466;6.635542;6.6247473;6.467212;6.681223;6.341531;6.5642185;6.801264
1333;2025-12-19;3.0;6;5.718254;5.663056;5.628097;5.4835;5.399414;5.432064;5.5236716;5.50608;5.7948165;5.997507;5.536721;5.8701563;5.5928683;5.516439;5.596331;5.6095986;5.5980067;5.5639277;5.5640264;5.6323886;5.7968473;5.8162823
1334;2025-12-20;4.0;6;4.979218;4.9611163;4.9304624;4.937368;4.61671;4.879999;4.8744907;4.995346;4.87731;5.171442;5.2127028;4.800872;4.840368;4.780116;4.9469347;4.934217;4.912742;4.8348722;4.9525604;4.7755394;4.8073096;5.0008945
1335;2025-12-21;6.0;6;4.3591905;4.4667754;4.2857213;4.2947545;4.2557526;4.373188;4.240572;4.4542017;4.5345964;4.4880824;4.2679987;4.1940203;4.327122;4.2216015;4.264922;4.1891847;4.1337004;4.3366876;4.221425;4.2527175;4.1699605;4.1479044
1336;2025-12-22;4.0;6;3.842094;4.0201807;3.9784856;3.8008878;3.8284376;3.4007256;3.975817;3.6042702;3.8233275;3.9204652;3.9643562;3.6624346;3.9969597;3.7550845;3.747554;3.6596506;3.7485147;3.9087412;3.769442;3.6820858;3.6447759;3.7430432
1337;2025-12-23;9.0;6;5.709861;5.6473804;5.35322;5.328106;5.7074065;5.31522;5.296434;5.105182;5.4820366;5.1510444;5.2589183;5.292709;5.374566;5.4255214;5.364883;5.452969;5.5481963;5.2528524;5.474668;5.3785563;5.2374663;5.400557
1338;2025-12-24;8.0;6;5.3914957;6.033329;6.026401;5.718541;5.8335576;5.425818;5.870875;5.3163075;5.706822;5.711159;5.6114726;5.608257;5.8249083;5.9017;5.7080073;5.920695;5.622313;5.711425;5.8653803;5.614165;5.6005044;5.656541
1339;2025-12-25;1.0;6;5.675181;5.978338;5.540677;5.216201;5.673296;5.4846845;5.266584;5.5100646;5.5702868;5.736688;5.5149374;5.550808;5.8686285;5.631589;5.48792;5.6202636;5.6280923;5.4940886;5.6574435;5.566204;5.6187463;5.7012415
1340;2025-12-26;11.0;6;5.9906096;6.162512;6.0184383;5.674947;5.9688444;5.911029;6.0625143;5.8102264;6.1367164;5.922129;5.761437;5.96233;6.087753;5.7723036;5.6234927;5.9307723;5.813552;5.796815;5.803917;6.0723395;5.9329877;5.8450027
1341;2025-12-27;8.0;6;6.2355;6.5119042;6.343984;6.836974;6.0853844;6.1315713;6.655028;6.1554723;6.176748;6.470716;6.550671;6.645246;6.5415435;6.222747;6.463563;6.260496;6.460002;6.4280076;6.367611;6.662756;6.753483;6.515262
1342;2025-12-28;4.0;6;5.784718;5.942021;5.8522735;6.103804;6.3453193;5.895915;5.7392373;6.2549753;5.65951;5.618617;6.2573757;5.9612155;5.896688;5.664352;5.87586;5.8287544;5.8574805;5.835147;6.0402822;5.6478357;5.8968787;5.7365427
1343;2025-12-29;7.0;6;7.724853;7.3689494;7.6246595;7.539823;7.3683696;6.97126;7.5069747;7.566489;7.4840055;7.8751163;7.458683;7.2877803;7.315952;7.204992;7.473368;7.4444566;7.244645;7.2552357;7.41889;6.976714;7.2177706;7.428178
1344;2025-12-30;2.0;6;8.363479;7.7030554;7.5846953;7.445909;7.4460287;7.622848;7.6314406;7.146381;8.065611;8.23414;7.909026;7.318203;7.3989506;7.1786275;7.334541;7.5273423;7.343452;7.2971706;7.4603415;7.163615;7.335167;7.3447204
1345;2025-12-31;2.0;6;8.054651;7.791396;8.199414;7.8685236;7.64281;7.561629;8.064754;7.3855095;8.001794;8.432396;8.431187;7.7895255;7.6870117;7.6143785;8.008602;8.082284;7.8175783;7.8282447;7.8025866;7.4721704;7.821331;8.082761
1346;2026-01-01;10.0;6;7.986142;6.956768;6.8243294;6.8631215;6.989466;6.654634;7.016297;6.703289;7.5969777;7.839814;7.319232;7.1513295;7.2686;6.828829;6.925109;7.1186876;6.8188004;7.1179686;6.8001566;7.1341553;7.2664213;7.241315
1347;2026-01-04;6.0;6;4.986921;5.366522;5.127643;5.26797;5.3739257;5.1770244;5.505916;5.4046407;5.1496034;5.4039335;5.467324;5.270512;5.649669;5.1476626;5.3584495;5.3467236;5.124799;5.2629175;5.1604023;5.2773056;5.347279;5.2284307
1348;2026-01-05;6.0;6;4.8793683;5.0892706;4.9871545;4.8403993;5.0999193;4.6516767;5.084847;5.0314345;4.958226;4.8129296;4.9532537;4.958835;5.2832117;5.080445;4.9168487;5.1727424;4.6987696;5.113429;4.699637;5.0732927;5.15993;4.9620337
1349;2026-01-06;4.0;6;5.3410444;5.2885647;5.0177217;4.983577;5.164553;4.683549;4.8516207;4.735044;5.266008;5.2797313;4.852583;5.3578677;5.2825484;5.269984;5.040117;5.2139664;5.0114393;5.085573;4.9831123;5.326321;5.5192995;4.8731985
1350;2026-01-07;2.0;6;5.494458;5.682917;6.0916295;6.075852;5.868142;5.127053;5.5448184;5.4591966;5.574058;5.6933446;5.6802106;5.2485914;5.311128;5.2366366;5.472481;5.3076735;5.273227;5.398616;5.285114;5.170097;5.165531;5.173432
1351;2026-01-08;3.0;6;4.4936085;4.7787013;4.978422;5.0980396;4.947345;4.7806783;4.889286;4.6590185;4.6680694;4.795426;4.814189;4.4522305;4.709331;4.688089;4.8621097;4.9658275;4.756167;4.720953;4.914493;4.600358;4.2822137;4.870031
1352;2026-01-09;6.0;6;6.1078625;5.9566264;5.831811;5.490054;5.864173;5.705538;5.4090996;5.711764;6.2260175;6.106378;5.6706085;5.9366364;6.0282884;5.8431973;5.792371;6.1191645;5.9396954;5.84547;6.00583;5.996236;5.9472365;5.8775854
1353;2026-01-10;3.0;6;6.047225;5.9257245;6.0132303;6.056654;6.083806;5.6378007;5.9638166;5.8360925;5.8716354;6.068657;5.862505;5.753337;5.663835;5.653793;5.6742554;5.7949853;5.555947;5.872237;5.726707;5.6450834;5.801749;5.8076406
1354;2026-01-11;3.0;6;5.5686965;6.0695176;6.040511;5.82601;6.2569475;5.786453;5.7945275;5.761968;5.786972;5.9040437;5.7014036;5.5654526;5.5853605;5.6385174;5.631909;5.852616;5.509321;5.4947004;5.540587;5.478736;5.496548;5.449395
1355;2026-01-12;3.0;6;7.049885;6.987203;6.7851834;6.4849014;6.566304;6.5716877;6.21873;6.380555;7.027546;7.087145;6.229937;7.363429;7.3138185;7.166709;7.05838;7.2626023;7.0995555;7.1332917;6.657984;7.2510953;7.1344905;6.6822824
1356;2026-01-13;2.0;6;8.046822;6.807251;6.8707695;7.076096;6.830621;7.36593;6.6923;6.8342686;7.3546977;7.587436;7.6321707;7.310096;7.366965;6.9959254;7.434959;7.336876;7.5378804;7.021661;6.9851527;7.169202;7.2420473;6.904053
1357;2026-01-14;5.0;6;5.9210567;5.700863;5.86736;5.6596217;5.794848;5.813098;5.7606993;5.7169456;5.899656;5.5846415;5.6010695;5.7401404;5.801136;5.6535;5.8833046;5.813441;5.6706357;5.7771616;5.5099487;5.7696824;5.532759;5.5513287
1358;2026-01-15;8.0;6;6.420604;5.984535;6.097989;6.120817;6.4019084;6.4571776;5.8170643;6.0964446;6.2206316;6.0614295;6.0111246;6.259308;6.174153;5.692211;5.8596973;5.799158;6.2719502;5.623169;5.778507;6.116331;5.9635243;5.870868
1359;2026-01-16;7.0;6;7.934783;6.7668867;6.886223;6.5303006;7.0538607;7.056436;6.713896;6.5772734;7.558142;7.733341;6.9057045;7.395903;7.490439;7.1647263;7.1432686;7.585874;7.503319;6.9328594;6.7601023;7.322838;7.44684;7.0299826
1360;2026-01-17;11.0;6;6.999289;6.6773047;6.6742377;6.6445975;6.576721;6.6060495;6.8719783;6.262821;6.857108;7.4912925;6.839645;6.6807866;7.089743;6.6605105;6.885416;6.844078;6.613902;6.743489;6.6846976;6.865679;6.7928157;7.0782876
1361;2026-01-18;10.0;6;10.213775;9.891205;9.948633;10.255653;9.482513;8.799414;10.150771;8.884548;9.751808;10.0236845;9.294804;10.208289;10.195455;9.697944;10.236238;10.156472;9.396978;10.0542;10.112294;9.984776;10.45337;9.341926
1362;2026-01-19;4.0;6;9.64306;8.883963;8.971312;8.628854;8.181619;7.996805;8.770581;7.877447;8.844907;9.082465;8.462993;8.28919;8.766912;8.658563;8.518997;8.660057;8.18006;8.378833;8.1086645;8.520545;8.788444;7.9543886
1363;2026-01-20;8.0;6;5.414414;5.2407184;5.1062417;5.059476;5.1530256;5.1916356;5.1609564;5.18016;5.2509;5.687277;5.7623625;5.23762;5.360846;5.1254783;5.1746078;5.115345;5.1057105;5.179402;5.216378;5.31895;5.5539055;5.836069
1364;2026-01-21;13.0;6;5.1155863;5.176323;4.9790716;5.2910986;5.433888;4.8735733;5.356409;5.1959434;5.0027046;5.2321177;5.4305196;5.6762357;5.74529;5.471366;5.5174036;5.368088;5.567174;5.533188;5.5004864;5.640366;5.8129487;5.36986
1365;2026-01-22;8.0;6;6.008876;5.7745037;6.0691633;6.232024;5.9619846;6.611191;5.888097;6.027216;6.0007787;6.2142663;6.1621194;5.9393516;6.1713066;6.3760448;6.17553;6.2560077;6.2903185;6.0448046;5.9801087;5.802739;5.9924;6.196622
1366;2026-01-23;3.0;6;6.303415;6.0348444;6.17541;6.237166;6.311463;6.2372136;5.894389;5.997544;6.375915;6.3234344;6.2284703;6.1211305;6.347757;6.4599123;6.31971;6.3503056;6.378109;6.152299;6.4028835;6.230405;6.1146636;6.3203783
1367;2026-01-26;4.0;6;5.064642;5.4036384;5.1174016;5.608101;5.358468;5.373366;5.4357157;5.478444;4.987027;5.304722;5.7214813;5.1864305;5.3825693;5.172653;5.338533;5.124616;5.1681447;5.3412275;5.273973;5.1116557;5.272418;5.1061754
1368;2026-01-27;3.0;6;5.3619127;5.4022436;4.991429;5.0748377;5.2660203;5.3587303;5.1464214;4.9172087;4.854592;5.3958764;4.731243;4.902473;5.102384;5.249764;4.9804535;5.0426216;4.929985;5.059821;4.948831;4.996925;4.9607506;4.8158736
1369;2026-01-28;4.0;6;5.2148085;5.910936;5.8859773;6.028694;5.7873077;5.231362;5.8602657;5.896822;5.2201123;5.4620776;6.5754786;5.659645;6.1419554;6.2478857;6.3365583;6.0739713;5.7679687;6.2937093;6.5287194;5.466102;5.935236;6.3449984
1370;2026-01-29;6.0;6;7.252969;7.8692327;7.547935;7.611526;7.4313345;7.035221;7.700405;7.5058174;6.900071;7.003091;7.6179705;6.6966662;7.1071744;7.1941195;7.0203543;7.017899;6.209043;7.5280876;6.637526;6.718009;6.6446548;6.6674666
1371;2026-01-30;9.0;6;6.7945795;7.1746583;6.726814;6.831004;6.929794;6.2462325;7.05218;7.037391;6.379582;6.5721583;6.8006024;6.469481;6.676592;6.690342;6.2309594;6.6022015;6.0258;6.952238;6.388955;6.5980887;6.790288;6.3984494
1372;2026-01-31;7.0;6;6.496997;6.6605334;6.172885;5.9815326;6.124378;6.649933;6.251065;6.3735094;6.4602666;6.7550716;6.8917828;6.7633133;6.389777;6.3081636;6.0493054;6.189875;6.160886;6.3942633;6.1825013;6.8937507;6.610798;6.1808453
1373;2026-02-01;10.0;6;5.2292976;5.130607;4.975232;5.2944555;4.8342752;5.2655215;4.7787604;5.464152;5.3588;5.056898;5.5898924;4.722407;4.901539;4.6366873;5.0830293;4.7030125;4.8582854;4.8582506;5.1343265;4.9571195;4.668422;5.080205
1374;2026-02-02;6.0;6;5.4559026;5.2986474;5.351373;5.428916;5.302775;5.486983;5.477812;5.317986;5.4493303;5.891882;5.811194;5.555168;5.3098607;5.444019;5.436215;5.562541;5.503776;5.4058595;5.36133;5.7862144;5.8631825;5.6407175
1375;2026-02-03;1.0;6;6.0424037;5.701475;5.7498484;6.018228;5.664158;6.0809984;5.978124;5.739321;5.852539;5.766366;6.159174;6.1830454;5.7993746;5.559042;5.6555176;5.5821633;5.8162975;5.7752647;5.661992;6.127622;5.878608;5.8349533
1376;2026-02-04;2.0;6;5.4755974;5.3216963;5.414657;5.302375;5.5314274;5.141438;5.773584;5.8114047;5.495268;5.5742593;5.2307644;5.2942576;5.2276134;5.342626;5.259904;5.266056;5.004322;5.594345;5.4614787;5.157341;5.312468;5.5381584
1377;2026-02-05;2.0;6;4.2139287;4.064508;3.995366;3.9454;3.810491;3.4365046;4.2098064;3.6236145;3.908442;3.790095;4.1175203;3.8361042;4.1482286;4.0431542;4.255422;3.9977267;3.977396;4.460629;4.3134227;3.678071;3.686603;4.161455
1378;2026-02-06;10.0;6;6.345277;6.30845;6.05142;5.964871;6.2574563;6.31343;5.7580514;5.6301055;6.4987526;6.551485;5.919862;6.39828;6.493545;6.0372505;5.8785377;6.0701437;5.8643465;6.259242;5.732113;6.4781117;6.4832487;5.972502
1379;2026-02-07;3.0;6;5.6116905;5.5885944;5.6301155;6.2230873;6.2758074;5.6235123;5.99432;5.7778964;5.441292;5.283064;5.7706;5.221594;5.6317425;6.052958;6.102894;6.1132746;5.633096;5.736791;5.9709406;5.40923;5.469451;5.9458747
1380;2026-02-08;7.0;6;5.829777;5.475078;5.4339604;5.5195913;5.574711;5.2677956;5.481083;5.520693;5.6723256;5.771146;5.532337;5.3654;5.4305654;5.39178;5.4085555;5.470304;5.2369246;5.610527;5.4033237;5.51488;5.6630335;5.542381
1381;2026-02-09;7.0;6;6.4514346;6.323716;6.349373;6.122621;6.477395;5.8650284;6.2772036;5.9910793;6.3131065;6.2572474;6.000112;6.4805465;6.2718134;6.401961;6.31548;6.3082275;5.919561;6.3233395;6.3337545;6.1900787;6.374373;6.321146
1382;2026-02-10;7.0;6;6.4432592;6.2556095;6.2011805;5.964771;6.082959;5.980407;6.0023317;5.816648;6.3635845;6.197552;6.0466547;6.387555;6.495293;6.3924565;6.386563;6.5074363;6.3409657;6.5126386;6.533233;6.2287135;6.354806;6.6287036
1383;2026-02-11;5.0;6;5.8771276;6.0663633;5.8378267;5.614329;5.7963467;5.6871448;5.465171;5.4701195;5.759154;5.6928935;5.382165;6.1099396;6.257881;5.9950104;5.8102255;5.870924;5.998948;5.820338;5.8642535;6.009518;5.9400826;5.701215
1384;2026-02-12;6.0;6;6.26919;6.260859;5.5128746;5.9036417;5.598917;5.8474727;5.693578;5.603221;6.1214604;6.1469517;5.7019496;6.103057;6.1598954;5.7091107;6.04163;5.774557;6.037115;5.832938;6.0393476;6.162708;6.1743164;6.0036583
1385;2026-02-13;7.0;6;5.676987;5.9608006;5.6385565;5.522526;5.611229;5.649543;5.85569;5.5081077;5.666723;5.673634;5.212332;6.0686064;6.151931;5.5463357;5.941765;5.7853675;5.6370044;6.0080247;5.904343;5.961765;6.1639047;5.6341176
1386;2026-02-14;3.0;6;6.213032;6.1365147;6.11522;5.7370505;6.090359;5.920721;5.503564;5.4978194;5.8330984;6.1232166;5.4552875;6.024055;5.9614625;5.8624225;5.945254;5.813965;6.0564685;5.533999;5.8069468;5.9261045;6.0722084;5.8067684
1387;2026-02-15;4.0;6;5.916244;6.004959;6.1313763;5.7210865;6.1084146;5.8578215;5.765295;5.716497;5.907141;6.0119967;5.4980273;5.849956;6.044802;6.0993547;6.095845;6.1105227;5.8908505;6.012571;5.9683933;5.9039993;5.957484;6.178417
1388;2026-02-16;2.0;6;5.2020307;5.3210826;5.548882;5.35207;5.4817157;5.0052066;5.1321263;5.0244126;5.303555;5.4652567;5.095988;5.0440526;5.247593;5.3889084;5.295817;5.414657;5.1372905;5.3567967;5.0193434;5.248596;5.3427854;5.2209015
1389;2026-02-17;6.0;6;5.3324194;5.500747;5.427538;5.5031843;5.7494545;5.0689325;5.2096057;5.27284;5.0043454;5.518483;5.363869;5.157313;4.9877954;5.1478577;4.9799204;5.2922354;4.9876003;5.0968122;5.0051684;5.0983944;5.5704913;5.1542306
1390;2026-02-18;2.0;6;5.903266;5.6078744;5.416807;5.124274;5.55073;5.125655;5.5362;5.013881;5.589317;5.430269;5.117645;5.7344656;5.56393;5.4749165;5.202523;5.4146314;5.364507;5.458019;5.233165;5.6669283;5.7424555;5.229275
1391;2026-02-19;3.0;6;5.561525;5.7017946;5.153457;4.6275234;5.1085277;5.0448093;4.93807;4.9132915;5.432587;5.490047;4.7018743;5.308503;5.3898945;5.328328;5.184232;5.2906346;5.4050407;5.1850963;5.376999;5.35204;5.509618;5.464459
1392;2026-02-20;9.0;6;6.411441;6.5839624;6.1915274;6.190069;6.247063;6.1216826;6.328852;5.990287;6.4878135;6.374771;6.069924;6.1542163;6.043498;5.9947658;5.610982;5.9871345;5.893916;6.0437713;5.967611;6.353629;6.3672695;5.8822255
1393;2026-02-21;10.0;6;4.930948;5.1453376;4.7342196;5.24418;5.1948066;5.095208;5.0787616;5.373972;4.7654366;4.7140665;5.477635;4.7421455;4.69117;4.746927;4.7166777;4.862211;4.440105;4.7260637;4.9108796;4.7255025;4.8970156;5.1068225
1394;2026-02-22;3.0;6;6.827897;6.964051;6.247267;6.2909646;6.2369895;6.5454392;6.2183657;6.359272;6.828607;7.106571;6.531112;6.7691956;6.6284127;6.328597;6.646615;6.6228404;6.7205143;6.245991;6.6868644;6.6757274;6.82927;6.862197
1395;2026-02-23;9.0;6;6.399603;6.451971;6.509076;6.0863695;6.7372603;6.230064;6.2560687;6.4372334;6.5388727;6.128468;6.3800025;6.3882914;6.097588;6.4286184;6.1413994;6.552042;6.1833076;6.2331214;6.3959694;6.291983;6.5236855;6.407788
1396;2026-02-24;3.0;6;6.0071588;6.1725407;6.2261243;6.2349205;5.860977;6.2013435;5.9845233;6.297044;5.9289775;6.136839;6.3872232;6.4152794;6.3170605;5.8354583;6.2163696;5.813503;6.0893755;5.9247527;6.0908594;6.1102986;6.357275;6.369328
1397;2026-02-25;4.0;6;5.0521603;5.2367315;5.1300287;5.1906815;5.057094;5.1458306;5.3139415;5.455858;5.195912;5.2194653;5.7592864;4.7216525;5.053294;5.071057;5.3790035;5.1953325;4.996268;5.3084865;5.385441;5.0085955;4.987679;5.517359
1398;2026-02-26;8.0;6;6.231133;6.166315;6.16538;6.3508964;6.041242;5.6747613;6.5229177;6.116648;6.122422;6.111089;6.262476;5.784571;5.929533;5.779332;5.773;5.7660346;5.6757374;5.987514;5.9576187;5.7706695;5.857374;6.0008793
1399;2026-02-27;8.0;6;5.910146;5.585782;5.418442;5.4881;5.422813;5.647455;5.398108;5.436984;5.631519;5.7090693;5.6370287;5.6419396;5.6093144;5.6036024;5.5360293;5.5603023;5.5769815;5.430765;5.60849;5.7563043;5.7746043;5.6713405
1400;2026-02-28;5.0;6;5.653765;5.6156406;5.766179;5.2785926;5.380858;5.6427784;5.88112;5.362248;5.6741014;6.014399;5.735591;5.721605;5.4702597;5.0628304;5.270096;5.3106537;5.330523;5.315416;5.33207;5.587477;5.954057;5.469278
1401;2026-03-01;5.0;6;6.240542;6.237394;5.84095;5.692173;5.788616;5.7352743;6.004852;5.5761013;6.3488126;6.0651627;5.7400537;6.049259;5.808368;5.4509997;5.377205;5.377404;5.1498327;5.7164183;5.2295403;6.094922;5.6432843;5.205746
1402;2026-03-02;1.0;6;5.655059;5.8224883;5.702743;5.4212093;5.738295;5.2943425;5.7467985;5.607679;5.786509;5.577179;5.296963;5.4846015;5.3953643;5.397381;5.4072046;5.510762;5.208363;5.679524;5.437042;5.405334;5.30369;5.3052063
1403;2026-03-03;2.0;6;5.1850123;4.997889;4.6489244;4.777553;4.498389;4.7763352;4.9146934;4.602081;5.148238;4.9461613;4.774167;5.2528567;4.9370155;5.002424;5.1177387;4.809225;5.1370726;5.0348253;4.882957;5.2267003;5.252896;4.8013706
1404;2026-03-04;4.0;6;5.354309;5.776488;4.905519;4.6935573;5.1417913;5.3015194;5.146496;4.8823752;5.4771914;5.514239;5.172988;5.299879;5.4428782;5.1920667;5.1006813;5.043024;5.480796;5.2029004;5.3563433;5.422187;5.187343;5.158809
1405;2026-03-05;8.0;6;5.352646;5.490699;5.2696476;4.8042345;4.8888993;5.1672153;5.249928;5.160469;5.4580426;5.2717047;5.02943;5.5414677;5.2258806;5.1039143;5.0578203;5.2035084;5.03175;5.2682753;4.874474;5.5492907;5.3323264;4.9158263
1406;2026-03-06;5.0;6;5.2257457;5.258939;5.5361657;5.7397375;5.5604696;5.8570757;5.42627;5.668836;5.493592;5.1607018;5.5327363;5.2970223;5.116191;5.3046503;5.308829;5.481494;5.551729;5.352417;5.233876;5.3860464;5.1787386;5.2716184
1407;2026-03-07;7.0;6;5.287505;5.2704105;5.3241596;5.152825;5.255243;5.089189;5.4849567;5.1529636;5.4592032;5.629182;5.4528065;5.250584;5.003325;4.9514236;4.87154;4.9879656;4.8895507;5.2410192;4.79307;5.3261323;5.543423;5.2210937
1408;2026-03-08;5.0;6;4.5145106;4.6542053;4.6308637;4.7350516;4.7009296;4.587234;4.651743;4.85563;4.519932;4.740662;5.3817515;4.5620823;4.694284;4.762621;4.9372067;4.977778;4.710106;4.86107;4.862417;4.6802793;4.859582;5.284796
1409;2026-03-09;10.0;6;5.092802;4.9713902;5.0710125;4.920446;5.1818895;4.9178877;5.008312;4.5999703;5.3392577;5.4594254;5.0536113;4.9663734;4.9458704;4.974194;4.7701387;4.9892993;4.9985037;4.966281;4.944929;5.1690874;5.1707597;4.877348
1410;2026-03-10;4.0;6;5.3759527;5.2670007;5.342107;5.454886;5.48219;5.176062;5.442304;5.2078004;5.303782;5.7804174;5.7496195;5.6163335;5.4449487;5.4393635;5.2151647;5.2813206;5.255735;5.475829;5.2862716;5.6479206;5.720005;5.3790884
1411;2026-03-11;4.0;6;5.419548;5.2922215;4.628304;4.843975;4.7451296;4.3861513;5.2244043;4.700183;5.327391;5.7473454;5.1932364;5.2231307;5.0193925;4.666125;4.5606484;4.570446;4.684666;4.9332914;4.5069065;5.2055154;5.313395;4.6494603
1412;2026-03-12;2.0;6;6.702412;6.7163215;6.1224504;6.422745;6.579583;5.8358393;6.9793954;6.364059;6.6462636;6.8174143;6.4637895;6.6296883;6.274103;6.1626015;6.143277;6.3704076;5.9801655;6.5720544;6.2540874;6.5170856;6.4997835;6.2430205
1413;2026-03-13;5.0;6;6.9957957;6.775807;7.1099386;6.9730024;7.5453053;7.1720467;6.639884;7.143273;6.757995;6.7906113;7.7163925;6.909597;6.6067286;7.1453447;6.706575;7.1455765;7.173697;6.746676;7.0768294;7.0147653;6.8704143;7.6149354
1414;2026-03-14;6.0;6;5.00572;5.1332917;4.847823;5.097311;4.794449;5.1180277;5.018855;5.162165;5.089262;5.3464465;5.492236;4.9770665;4.9345374;4.9052463;5.046887;5.0084977;5.0213428;5.0909286;5.188286;5.1167817;5.3162;5.3628983
1415;2026-03-15;12.0;6;7.7876153;8.159167;7.6319613;8.127087;7.6332626;7.889123;7.533452;7.8778105;8.205347;7.268325;7.778278;6.7870197;7.340197;6.9827447;7.2088695;7.025493;7.0363917;7.0784354;7.5391264;6.9136424;6.6394777;7.1148057
1416;2026-03-18;4.0;6;4.887331;5.3301816;4.5711217;5.1337104;4.638086;4.7123704;5.217587;4.6199074;4.6807046;4.756989;4.983714;5.006602;5.281254;4.9389005;4.8869433;4.921773;4.9529934;5.0989366;5.0151243;4.86056;4.935699;5.015689
1417;2026-03-19;3.0;6;4.973151;5.7040286;5.2795553;5.240623;5.16502;4.866622;5.6401033;5.4259386;5.0482407;5.143165;5.2544007;5.0944443;5.477316;5.1401763;5.188431;5.2618437;4.906712;5.22516;5.25885;4.9740353;5.030051;5.2946105
1418;2026-03-22;5.0;6;4.6273174;4.798471;4.588735;4.669679;4.7796226;4.1063476;4.7322707;4.6074753;4.6502686;4.6079216;4.6491675;4.2998786;4.3720903;4.286406;4.281285;4.368994;3.8314419;4.3794065;4.331422;4.123763;4.365473;4.4068103
1419;2026-03-23;4.0;6;4.951689;5.399403;5.2969494;5.5921373;5.309161;5.330561;5.5920334;5.6834884;4.462376;4.9338694;5.322648;5.1963735;5.253614;5.270507;5.448189;5.2158227;5.2662463;5.363489;5.3708405;5.0213466;5.110898;5.4547014
1420;2026-03-24;7.0;6;6.783218;7.053114;6.9513187;6.336679;7.2477083;6.7969446;6.960544;6.8628554;6.8031454;6.527438;6.5079947;6.1368937;6.2925024;6.5394363;6.6190653;6.5126457;6.342253;6.5359144;6.7104497;6.3047724;5.833153;6.3131695
1421;2026-03-25;4.0;6;4.679521;5.612589;5.366775;5.3749795;5.118563;4.7449074;5.8165703;5.483723;4.532014;4.4952073;5.2693925;5.0543046;5.5536027;5.4386783;5.519359;5.4419374;4.9253182;5.645303;5.255608;4.986191;4.927524;5.2570415
1422;2026-03-26;3.0;6;4.8370852;5.006038;5.0699143;4.958905;5.1507397;4.694401;5.0319977;4.893786;4.743318;4.954234;4.8708467;4.873577;5.0487638;5.2587385;5.098992;5.1568823;4.7634563;4.980143;5.0018;4.7882423;4.773034;4.886756
1423;2026-03-27;2.0;6;5.0888596;5.168477;5.0691867;4.993938;5.184386;4.736807;5.1133633;4.985479;4.9465566;5.0353975;4.8568506;4.708295;5.0019207;4.8890615;4.6685123;4.910164;4.522621;4.8909006;4.7214227;4.916459;4.7676163;4.6180677
1424;2026-03-28;3.0;6;4.6094403;4.6951246;4.497999;4.410445;4.644239;4.3940134;4.5694547;4.458237;4.388942;4.5801597;4.525003;4.5308456;4.7150407;4.524282;4.359293;4.565938;4.2822466;4.669457;4.3679357;4.489266;4.526519;4.3821316
1425;2026-03-29;2.0;6;4.2179055;4.3430343;4.212876;4.0456924;4.2019143;3.8444364;4.4437423;4.198452;3.9871657;4.145046;4.2372956;4.0650353;4.3267784;4.26863;4.0518675;4.158405;3.8713264;4.328617;3.946268;4.0690813;4.2191086;3.9958122
1426;2026-03-30;1.0;6;4.8632817;4.5662947;4.379807;4.709807;4.3912954;4.7468553;4.397071;4.378312;4.5943604;4.530203;4.621547;4.785315;4.738499;4.7620187;4.8531566;4.701274;4.6084185;4.6509867;4.578362;4.851061;4.499981;4.6625123
1427;2026-03-31;2.0;6;4.197599;4.2933507;4.200332;4.4410744;4.296514;4.288584;4.0966086;4.146435;4.005588;4.314562;4.119799;3.910951;3.9931962;4.184109;4.176503;4.059799;4.229787;3.843135;4.1422973;4.094954;3.933439;4.07069
1428;2026-04-01;4.0;6;4.3158145;4.390285;4.2830834;4.5493617;4.229993;4.449461;4.3512335;4.403243;4.1594973;4.4808087;4.580248;4.0978894;4.0664105;4.078515;4.428268;4.131336;4.1876125;4.405573;4.305316;4.272582;4.346297;4.439157
1429;2026-04-02;8.0;6;4.2364974;4.264766;4.0379286;4.3695097;4.062602;4.4752955;4.2604384;4.390968;4.146346;4.283626;4.539564;4.1665044;4.086812;4.132011;4.362684;4.2179785;4.287233;4.319451;4.3495784;4.21177;4.352781;4.373366
1430;2026-04-03;3.0;6;4.91041;4.8679852;5.115117;5.1497893;5.0909863;4.9657784;5.097686;5.019916;5.003938;4.766416;4.866941;4.875523;4.8445544;4.9212155;4.8943996;4.9049377;4.9045644;4.9246545;4.898262;4.9347873;4.874148;4.8352904
1431;2026-04-04;3.0;6;4.8472238;4.6893783;4.5139894;4.5399213;4.7273736;4.5645204;4.8027678;4.561832;4.854261;4.842905;4.6847496;4.807149;4.7898235;4.6549826;4.4913216;4.688865;4.3858685;4.7210927;4.430823;4.744766;4.8698745;4.4522047
1432;2026-04-05;5.0;6;4.299296;4.2550015;3.836272;3.9744582;3.987394;3.9125507;4.1469226;3.9747124;4.265611;4.3900256;4.183677;4.299869;4.3101172;4.067297;4.0017967;4.041196;4.0008645;4.345404;4.02658;4.3362436;4.336033;4.080084
1433;2026-04-06;4.0;6;4.4875026;4.406129;4.4911275;4.2421;4.3222713;4.3892074;4.5313177;4.1974506;4.7066717;4.6419344;4.5458236;4.440519;4.4140277;4.3413086;4.0808005;4.2619667;4.2953415;4.3341794;4.0153613;4.4870777;4.5414557;4.251175
1434;2026-04-07;3.0;6;4.957724;4.901992;4.9475875;4.92195;4.8367324;5.1408896;4.96213;4.972149;5.0581408;5.0067086;5.1324077;4.9656506;4.835672;4.8467035;4.8888583;4.7903523;5.0905757;4.794443;4.8154063;4.901127;5.0486946;4.9624743
1435;2026-04-08;9.0;6;4.137223;4.067985;3.964584;3.9968874;4.0385895;4.060842;4.0338583;3.907217;4.332607;4.4418893;4.259104;4.2497396;4.055505;4.0874047;4.0346437;4.1382213;4.1280847;4.1921062;4.039807;4.286039;4.3368793;4.19333
1436;2026-04-09;3.0;6;4.1766524;3.8469105;3.9311817;4.173858;3.9756153;4.1960483;4.130166;4.173139;4.2254677;3.8763385;4.2384105;4.0684347;3.8898118;4.066657;4.2184424;4.200143;4.288884;4.1048346;4.392119;3.973741;4.0159054;4.439765
1437;2026-04-10;3.0;6;4.174514;4.1927752;4.1777177;4.58189;4.456682;4.5252514;4.292284;4.3487153;4.348734;4.4823112;4.5848618;3.969181;4.1342783;4.2298284;4.274755;4.2601404;4.2024536;3.9969492;4.4434314;4.1827803;4.252928;4.41806
1438;2026-04-11;3.0;6;3.65879;3.597317;3.5748672;3.6521306;3.5646834;3.749715;3.542405;3.6182103;3.6724699;4.0102563;3.9968264;3.6579344;3.5657132;3.7003646;3.6317112;3.5873215;3.7236743;3.6418004;3.7618153;3.6940176;3.9198449;3.965506
1439;2026-04-12;6.0;6;3.587742;3.5113933;3.4994571;3.4097593;3.4704654;3.4920578;3.6270225;3.4029248;3.6818557;3.9924536;3.727567;3.628105;3.4950554;3.5617592;3.4503098;3.534373;3.4980865;3.6472824;3.5405595;3.7416282;3.846633;3.7481112
1440;2026-04-13;8.0;6;4.4037313;4.2950115;4.2710843;4.402026;4.374105;4.3607693;4.2622366;4.216344;4.361501;4.3174534;4.591008;4.3484645;4.307259;4.401408;4.4500804;4.3184;4.308381;4.3045526;4.396205;4.370172;4.471751;4.581431
1441;2026-04-14;3.0;6;4.2685013;4.233747;4.2418127;4.4096766;4.2478595;4.3896737;4.3615184;4.57458;4.242154;4.406936;4.7608213;4.283103;4.19938;4.3649073;4.5231566;4.2516356;4.4689302;4.454101;4.5793715;4.3113213;4.464651;4.7217636
1442;2026-04-15;11.0;6;4.585118;4.4000697;4.729184;4.518659;4.63576;4.35757;4.615591;4.657316;4.542082;4.6413617;4.591914;4.541552;4.5466256;4.715925;4.5906973;4.638394;4.4348493;4.58156;4.5649395;4.6346636;4.610113;4.614923
1443;2026-04-16;5.0;6;4.757823;4.9360857;4.55098;4.614879;4.6507306;4.7331705;4.6850104;4.607791;4.6198883;4.7621174;5.185087;4.6501603;4.8574195;4.735558;4.5641904;4.839185;4.6433663;4.808334;4.926929;4.8651123;4.854809;4.9452033
