date,fold,actual_count,actual_critical,count__gradient_boosting_absolute,count__hist_gradient_boosting_poisson,count__poisson_regressor,count__tweedie_regressor,count__negative_binomial,risk__negative_binomial,class__rf_raw,class__rf_sigmoid,class__rf_isotonic
2022-10-24,1.0,2.0,0,2.7375453779447674,1.7591305315124268,1.981860978093044,2.040580439832506,1.929548889423105,0.01419729196482285,0.18850535501064694,0.1264908553855741,0.10828025477707007
2022-10-25,1.0,2.0,0,2.89040584368687,1.587790998116689,2.1748851346175635,2.1780281133818633,2.1408696249183596,0.02226272118154454,0.11349766635039213,0.11541332179159959,0.10828025477707007
2022-10-26,1.0,2.0,0,4.269213285685096,3.8889475556870994,3.0894762764454997,3.0567183171673133,2.978929252088661,0.08194578720146115,0.24258591043477284,0.13283272017371311,0.10828025477707007
2022-10-27,1.0,2.0,0,4.3448994073727585,3.4954865267772504,2.80405516879462,2.8494559684324483,2.6030892491463686,0.04937021279774051,0.10523619454929073,0.11390604424210869,0.10828025477707007
2022-10-28,1.0,5.0,0,4.600872935756728,3.3257114809768673,3.250399474204951,3.2350135545761427,2.926475054106984,0.07682098758135225,0.21415674745428873,0.12961108825237577,0.10828025477707007
2022-10-29,1.0,2.0,0,4.279857608823129,3.832372164851873,3.3268504223393807,3.307729460403829,2.948667225767876,0.07896646834740767,0.35304588326645053,0.14394645296381825,0.10828025477707007
2022-10-30,1.0,1.0,0,3.4895241742058354,2.8633858722998107,3.4705631142873554,3.4375718015037564,3.3199012287957053,0.11968465749064319,0.2874754175340765,0.13755596492163655,0.10828025477707007
2022-10-31,1.0,3.0,0,4.490905022929557,6.021915071385641,4.820801190593106,4.247624566804116,5.68339332434439,0.5020765458871226,0.38699272082179736,0.14711703083945016,0.10828025477707007
2022-11-01,1.0,3.0,0,3.7129769110547177,2.455947644524035,3.5313618003484737,3.282206679174288,3.978941955311792,0.21173181813884961,0.3645319886209931,0.14502647804883703,0.10828025477707007
2022-11-02,1.0,3.0,0,3.8415075402823633,3.8526592673761457,3.2911149702181888,3.177510622934905,3.102550662284748,0.09475348817590518,0.3746678147560027,0.1459729888325395,0.10828025477707007
2022-11-03,1.0,5.0,0,3.4000095050639696,3.156582769826226,2.076291883928881,2.123134581093649,1.9725644355858776,0.01564117620266066,0.14272815262071967,0.12019000473389549,0.10828025477707007
2022-11-04,1.0,4.0,0,3.2168198387159364,2.0165872103350897,1.9132061984421773,1.9543921817681742,1.7957611935644764,0.010302247221436382,0.08067488412954127,0.10883491181783804,0.10828025477707007
2022-11-05,1.0,2.0,0,3.679812716949966,2.8454590240928166,2.272074248640166,2.2847287942454195,2.255466331952188,0.02771556873759701,0.08447964733924149,0.10969038901233034,0.10828025477707007
2022-11-06,1.0,0.0,0,3.167420456872087,3.1573427177745303,2.685446086113308,2.731987487462257,2.6162169597084475,0.05034545052582467,0.13288118376478805,0.11866427720085218,0.10828025477707007
2022-11-07,1.0,3.0,0,3.37831114578626,3.5385254057638797,2.447496015715306,2.464900211317913,2.477096768987159,0.040602162265253344,0.1543785225421414,0.12190564877888231,0.10828025477707007
2022-11-08,1.0,3.0,0,4.470278862408963,5.114439901073202,2.791701349849337,2.8462719016787292,2.686529509576197,0.055768630482173155,0.28132173345673644,0.1369294267545938,0.10828025477707007
2022-11-09,1.0,5.0,0,5.768755880076739,5.557994631341182,3.124272490893877,2.9856552100976503,3.0990918992648666,0.09438135996853582,0.48171112853577597,0.15581402960865517,0.2857142857142857
2022-11-10,1.0,4.0,0,4.266269160738314,5.355907597781866,2.8497250881327862,2.8919083197788935,2.719426907094267,0.058421949873951454,0.22845110014902797,0.1312578783773886,0.10828025477707007
2022-11-11,1.0,1.0,0,5.661258716539841,6.805884395879826,3.566872999509929,3.5555402898667463,3.1976481109011834,0.10529062652774,0.41714637971007745,0.14989342227498118,0.13333333333333333
2022-11-12,1.0,2.0,0,4.0761689563463905,3.6745059860784006,2.9197535541456516,2.89566279843495,2.6376341059341506,0.051961651914103416,0.18197399283805,0.12565641457409205,0.10828025477707007
2022-11-13,1.0,1.0,0,3.97407649814197,3.1872486609711737,2.753555957031418,2.786935643237725,2.508384845108323,0.042680087986349764,0.21992992929935565,0.1302832657735248,0.10828025477707007
2022-11-16,1.0,6.0,1,4.581864490175878,4.634544615501452,2.884893665510657,2.8357520242220104,2.6237344950356656,0.050909190943251637,0.2579500284338226,0.13449236516093863,0.10828025477707007
2022-11-17,1.0,3.0,0,4.571956090680595,4.812332217418805,3.2320172437737975,3.2116370288846285,2.9165283661913226,0.07587020459720556,0.32073907562020537,0.1408542327382118,0.10828025477707007
2022-11-18,1.0,7.0,1,3.646837280405215,3.4111758081703347,2.812126841010875,2.844086388037864,2.5188897105921333,0.043392409496527,0.3253353631850735,0.14129991617519436,0.10828025477707007
2022-11-19,1.0,4.0,0,4.730434322091977,4.81579678363664,3.296974677731711,3.320844180227938,2.8257942044007023,0.0675080907083376,0.5021423385242126,0.15770519616725148,0.2857142857142857
2022-11-20,1.0,4.0,0,4.130194822502043,3.464305741008329,3.4410629400133073,3.311021371145519,3.0457211041503656,0.08873933542066183,0.48419726078088493,0.15604333595862413,0.2857142857142857
2022-11-21,1.0,9.0,1,4.383392305963036,4.565440181024287,3.3274966050636277,3.1792122702849475,3.1976323253765964,0.10528882893100029,0.4642169582808885,0.15420524496667903,0.2857142857142857
2022-11-22,1.0,6.0,1,4.7519210689732,4.586108604495012,3.2790991729311045,3.1712171600339394,3.0423263867902497,0.08838685754142622,0.4758043123753383,0.15526996646302774,0.2857142857142857
2022-11-23,1.0,4.0,0,5.35058060415252,4.22308174423055,3.7010360332139434,3.5784584384755362,3.4258238935421845,0.13289860223528926,0.4273808398298707,0.15083133231284787,0.13333333333333333
2022-11-24,1.0,9.0,1,4.637837180487989,4.634760555089817,3.3312144885838157,3.299602929688114,2.921898024250344,0.07638264489895631,0.3364812495513048,0.1423722453550959,0.10828025477707007
2022-11-25,1.0,2.0,0,3.5510990990652007,2.430734639726302,3.083322533161085,3.2008776598888127,2.658775718396252,0.053587706787456245,0.19272063020812527,0.1270200977473203,0.10828025477707007
2022-11-26,1.0,1.0,0,4.340694937574889,3.9673033427899886,2.651015109579761,2.765305672160075,2.3539740487985057,0.03305246288997052,0.11336460894501534,0.1153896858544362,0.10828025477707007
2022-11-27,1.0,6.0,1,4.005304134905498,2.896888513282663,2.347959947571908,2.471357865496681,1.9428944967915591,0.014634906916521938,0.11564231636049492,0.11579157063514725,0.10828025477707007
2022-11-28,1.0,2.0,0,2.466711366525808,2.7117708334577113,1.5829383420847583,1.7136205610297337,1.3872040383095892,0.003074345196213599,0.16080123494875231,0.12281491985874111,0.10828025477707007
2022-11-29,1.0,1.0,0,4.3478573981539705,3.5988087018635486,2.2367763217861976,2.350815217490235,2.0961451176027555,0.02034676002755105,0.18294521198196037,0.12578164647800633,0.10828025477707007
2022-11-30,1.0,4.0,0,5.114960478929124,4.536482270650959,2.938094967342568,3.0599532919909262,2.7339676634688415,0.059618331389052114,0.4823861849437089,0.1558762734705016,0.2857142857142857
2022-12-01,1.0,2.0,0,3.973892153953519,3.4504645460062267,2.8436203176239165,2.9022369802406685,2.8652281417501317,0.07107335782433807,0.237398592893616,0.1322604832954145,0.10828025477707007
2022-12-02,1.0,4.0,0,4.015849254001505,3.435134477848638,2.6013028827057396,2.7245269511116623,2.475508423502358,0.040498415156274066,0.21014906209590234,0.12913846581096744,0.10828025477707007
2022-12-03,1.0,5.0,0,4.796949100587554,4.041208086405757,2.6983490987720455,2.8310609824413877,2.7024453118060445,0.05704306396137291,0.27623896944257004,0.1364074566316576,0.10828025477707007
2022-12-04,1.0,3.0,0,4.48851217458485,3.980159579749958,2.646002909911533,2.7986282043817665,2.699098551702015,0.0567736386845363,0.22978520573851302,0.13140867534560355,0.10828025477707007
2022-12-05,1.0,4.0,0,2.8608795425245264,2.311374098735707,2.3145456879189656,2.4310205003673793,2.2920673380088594,0.029626974077880276,0.2243101220716962,0.1307867705687969,0.10828025477707007
2022-12-06,1.0,4.0,0,4.602183228954186,3.570142566939334,2.190551531076902,2.360398170306869,2.137570972909288,0.02211742055971445,0.21327103844353318,0.1295070708108375,0.10828025477707007
2022-12-07,1.0,1.0,0,4.549717947842502,4.1168081683036295,2.395387644745478,2.4685027471561645,2.3848705430965613,0.03485395979825632,0.19176985595383264,0.12690133862778996,0.10828025477707007
2022-12-08,1.0,4.0,0,4.337641752558255,4.494602810223185,2.768394283573176,2.8335800450758986,2.761898797714297,0.061957066839989576,0.24031991026470906,0.13258352997659403,0.10828025477707007
2022-12-09,1.0,2.0,0,4.526347601652625,4.391826469776627,2.3331853839345924,2.4821241908398712,2.2173249231958048,0.025812166915480533,0.1746504395929332,0.12469844969205102,0.10828025477707007
2022-12-10,1.0,2.0,0,4.577342058299412,4.327263411936425,2.6050542384378765,2.7734187780834345,2.515846008821191,0.04318525949712837,0.33855025471180794,0.14257007412749545,0.10828025477707007
2022-12-11,1.0,5.0,0,6.1726540222149024,5.551074746971712,3.184688409483536,3.253529654009391,3.145281692188785,0.09941557166213925,0.5351150831380717,0.16080075504793895,0.2857142857142857
2022-12-12,1.0,2.0,0,5.200136186496025,4.58543393577424,2.90827909548682,2.913024277797463,2.820085040978059,0.0670007273768988,0.6266706863012262,0.1699103494733726,0.4554948124387904
2022-12-13,1.0,3.0,0,5.000979656424723,3.9218665273424334,2.821808128749077,2.8486294881574796,2.746140113487489,0.06063098789359383,0.4314236177346875,0.15120152877147508,0.13333333333333333
2022-12-14,1.0,4.0,0,4.925169931431693,3.121116736523476,2.62310731374423,2.762161405432532,2.378012249891647,0.03444873741663485,0.4341422584881102,0.15145041949573934,0.13333333333333333
2022-12-15,1.0,4.0,0,4.3233179322415225,4.597313088683075,2.9379757231908097,3.0550299292552774,2.8576609043408077,0.07038095958182339,0.46534963098399545,0.15430919606231402,0.2857142857142857
2022-12-16,1.0,6.0,1,4.964226420608673,4.7617451369707995,2.964121875708154,3.0894683508822838,2.7455624515751365,0.06058270137881953,0.5157853763425811,0.15897837033520923,0.2857142857142857
2022-12-17,1.0,5.0,0,5.015237387679652,5.841584846739184,3.39576066300179,3.4985645831655896,3.2827943287652785,0.11521684364253618,0.44114093771481594,0.15209105874583267,0.2857142857142857
2022-12-18,1.0,4.0,0,3.3636007526986575,2.748545742277177,2.5041736694570282,2.692927712861137,2.249862887553703,0.02743031119838659,0.2232236236989139,0.1306623829253953,0.10828025477707007
2022-12-19,1.0,1.0,0,3.6091421809419635,3.3968139901597776,2.073035501407116,2.2765045423378183,1.824965178825303,0.0110785527575207,0.1999631437190016,0.1279134926773852,0.10828025477707007
2022-12-20,1.0,6.0,1,3.464636224568665,2.204398666102126,2.4570909745327056,2.648009127771496,2.22887197494607,0.026378963959694676,0.2122984315386783,0.12939256697313792,0.10828025477707007
2022-12-21,1.0,6.0,1,4.475091072965704,3.268300718268689,2.27371703418966,2.4416427468788218,2.0434460842504847,0.01823648198377855,0.18328616011442647,0.12582551218796417,0.10828025477707007
2022-12-22,1.0,8.0,1,4.728342499985556,4.713904951181079,2.763707029236406,3.041045456261058,2.320744085824374,0.031183421661292485,0.2991829015664109,0.13873281502846466,0.10828025477707007
2022-12-23,1.0,4.0,0,5.374551159074111,5.076969407687617,3.2376839263543182,3.314603337091415,2.931466518452459,0.077300640525646,0.4982698223862587,0.15734546059136356,0.2857142857142857
2022-12-24,1.0,0.0,0,4.895242445750981,5.321911347670479,3.903224974534607,4.135264943379251,3.5743410080899083,0.15252564015941902,0.4727286472438147,0.1549870518757605,0.2857142857142857
2022-12-25,1.0,6.0,1,5.4494741795130945,6.251785772464609,1.7259385395420204,1.834699973685929,1.5334335181407437,0.004965370354721122,0.4595674210131333,0.15377876731527224,0.2857142857142857
2022-12-26,1.0,1.0,0,3.3764572754634927,2.9345355326295377,2.495315137586566,2.5764984252432397,2.3010857171342014,0.030110845035997664,0.3254609206452518,0.14131206123776688,0.10828025477707007
2022-12-27,1.0,5.0,0,4.768966568959365,4.056179595119957,2.488088535059022,2.632681222181775,2.2219502442864325,0.026038224852523943,0.28299118905432996,0.13709997505201862,0.10828025477707007
2022-12-28,1.0,5.0,0,5.00206707033525,4.777242570361364,2.9169780419309137,2.9327441018626668,2.8305119615058008,0.06792903180838977,0.4619708994132008,0.1539991810158033,0.2857142857142857
2022-12-29,1.0,1.0,0,3.049241250547057,2.715501478951801,2.7794848068302556,2.9033014265719626,2.613832377730462,0.05016743329985694,0.320324838488822,0.14081395970198954,0.10828025477707007
2022-12-30,1.0,4.0,0,4.116008033372062,3.448285993700558,2.452448532036061,2.6738128288019674,2.1247502275853942,0.021558749679899587,0.3302102355139132,0.14177033805594924,0.10828025477707007
2022-12-31,1.0,4.0,0,4.520732880446394,4.028823581027856,2.7036659048775067,2.8084546963377894,2.4048651979084954,0.036052798726263664,0.15898902969981699,0.12256081146319066,0.10828025477707007
2023-01-01,1.0,7.0,1,3.725078334019754,3.1834330856374606,3.0833225876111574,2.910735498392588,3.4034724506185303,0.13005442279574134,0.16576604584532226,0.123501695255782,0.10828025477707007
2023-01-02,1.0,1.0,0,4.6480319595426085,4.773487766873971,4.487541090949579,4.250958461428231,4.56574286731987,0.3084174087418927,0.5509858134481574,0.16231692460446276,0.2857142857142857
2023-01-03,1.0,10.0,1,5.3605970254060695,5.927253213876394,5.19505274698055,4.852955990795342,5.66662054020944,0.4992578759871087,0.5805607900641386,0.16520263729761117,0.2857142857142857
2023-01-04,1.0,10.0,1,4.165623861123838,3.5144881949638895,5.212916127626841,4.957110157886648,5.750768762071608,0.5133406020329291,0.24395051584979363,0.13298221158893736,0.10828025477707007
2023-01-05,1.0,3.0,0,4.523177659709578,3.18108211391433,5.864226022386585,5.628225668126602,5.9208376643683565,0.5413194145888969,0.20217387031666004,0.1281823803414031,0.10828025477707007
2023-01-06,1.0,3.0,0,4.687982532223738,4.4484257160300205,3.7739028165638953,3.779049637470733,3.676674154016302,0.16675088983277397,0.1513980800171493,0.12147521928644141,0.10828025477707007
2023-01-07,1.0,2.0,0,4.502720482489913,4.24211968088748,3.9844363837362216,3.9720893324506883,3.9190407704285533,0.20249622392035854,0.1516674036866603,0.12151434442147517,0.10828025477707007
2023-01-08,1.0,2.0,0,4.21592682810434,4.032454723762639,3.6127145568273535,3.663783500955925,3.6289186000798623,0.16004399431702618,0.09665096335220387,0.1122449613578667,0.10828025477707007
2023-01-09,1.0,6.0,1,2.72326875678178,3.0197838066556497,3.475475479492853,3.5605316355297805,3.3611830467046673,0.12475437107939784,0.16971085770001978,0.12403799044350824,0.10828025477707007
2023-01-10,1.0,7.0,1,5.579110264714974,5.498635962726704,4.411670789132049,4.50307130892707,4.286243054302102,0.2611695544053673,0.6185792268689649,0.1690620657974062,0.2857142857142857
2023-01-11,1.0,6.0,1,5.687817484310493,5.5302374830542105,5.697595223039476,5.386105769308783,6.191702500053427,0.5843379751972343,0.625426025366567,0.16977917168131634,0.4057229958837405
2023-01-12,1.0,3.0,0,4.86577983318922,5.4325877424598685,5.681318641464645,5.377690828434127,5.89691754491769,0.5374261272329756,0.5411865694622544,0.16137845171012682,0.2857142857142857
2023-01-13,1.0,5.0,0,4.600756761088514,5.453066496522916,4.7745089886416014,4.664783808812185,4.756509633113058,0.34144733188379167,0.3579537913871753,0.14440898458303958,0.10828025477707007
2023-01-14,1.0,3.0,0,5.443791871520217,5.855267840879451,5.107665613274592,5.058350615196875,5.084038782015258,0.3987647252284685,0.4500424957178927,0.15290602093872244,0.2857142857142857
2023-01-15,1.0,5.0,0,3.780636209774611,3.6489875942624885,4.399290283759072,4.30096009024628,4.507471146946354,0.29843327405762826,0.27254703562717797,0.1360256532449563,0.10828025477707007
2023-01-16,1.0,8.0,1,3.048651129658588,2.76164714978738,4.1492291678085875,4.123200131225935,4.215095038231232,0.24945001641182812,0.23232955329947544,0.13169497946533662,0.10828025477707007
2023-01-17,1.0,10.0,1,3.8770958998341345,3.0507490732529545,3.954804320171747,3.8676508304357706,4.105178721456128,0.2316516676711899,0.25311708512387954,0.13397569644146037,0.10828025477707007
2023-01-18,1.0,7.0,1,4.424189420436133,4.131709683807531,3.6433309190007503,3.671939882256794,3.6567623309907233,0.1639401249032856,0.147561090672875,0.12091269858546146,0.10828025477707007
2023-01-19,1.0,9.0,1,4.182119561876971,4.44635851880679,3.600635975071591,3.773501029738106,3.4640851065665914,0.13783507312379073,0.12668994474944462,0.11766453124012485,0.10828025477707007
2023-01-20,1.0,2.0,0,4.02492419274694,3.96743332565547,4.539438535851394,4.429990287020471,4.685264567194161,0.3290598913701161,0.1396707699364291,0.11972421568475847,0.10828025477707007
2023-01-21,1.0,7.0,1,4.9342759687438535,5.037267928592824,4.814853074634882,4.7420093363497475,4.937490325516992,0.373084701844478,0.4218178186476311,0.1503216870093515,0.13333333333333333
2023-01-22,1.0,3.0,0,3.6028525301536143,3.0578877806893625,4.960062375754191,4.871916137854101,5.251979449626822,0.428109443307058,0.20070516921788606,0.12800393743849348,0.10828025477707007
2023-01-23,1.0,6.0,1,3.2427695144669233,2.879268462426993,3.8896762850237057,3.9441287534421763,3.8930630279012326,0.19853737231946134,0.1956232629177893,0.12738050467475345,0.10828025477707007
2023-01-24,1.0,4.0,0,5.814857604502014,5.43805840872406,4.287415086821437,4.35108367639554,4.128095554939994,0.2353296247588421,0.590592602571666,0.16620272567502473,0.2857142857142857
2023-01-25,1.0,4.0,0,5.267859911985874,4.425564371909975,5.518386534269239,5.292328305829359,5.481647409392813,0.4678291489618391,0.5312819314116036,0.160437414443232,0.2857142857142857
2023-01-26,1.0,2.0,0,4.765399129178985,5.796019646570302,5.440669486176599,5.227372374774635,5.446846064541751,0.461853269157158,0.4703027859251134,0.15476407341697415,0.2857142857142857
2023-01-27,1.0,3.0,0,5.248026524772568,6.16356043438005,5.238147860020782,5.067131498508226,5.187666920067885,0.41689177518473963,0.5515419651907834,0.1623704259689082,0.2857142857142857
2023-01-28,1.0,4.0,0,4.57436261973253,4.388084883685944,5.481324522797383,5.229256084157018,5.664482921168923,0.4988982458323355,0.3401495636833279,0.1427227447056634,0.10828025477707007
2023-01-29,1.0,4.0,0,5.667155424951974,5.787814238292054,4.9860182603412495,4.804870600727947,4.989797042848955,0.3822510353261724,0.5938591826339985,0.1665310103536075,0.2857142857142857
2023-01-30,1.0,4.0,0,4.998209101979425,4.074132402403887,4.817972546505925,4.64511313100037,4.855080850553636,0.3586569675254536,0.5657899551026491,0.16375057794519696,0.2857142857142857
2023-01-31,1.0,8.0,1,3.7990323440748552,2.9687088414030933,4.265010583559844,4.129724926513929,4.318363894001139,0.2665069453543353,0.2576091610981568,0.13445607876092475,0.10828025477707007
2023-02-01,1.0,3.0,0,4.684128666726534,4.994022781575646,4.688821764180062,4.645443495367435,4.663609797916457,0.3253057359705844,0.3454761784589856,0.14322972238000706,0.10828025477707007
2023-02-02,1.0,12.0,1,5.187418610513354,5.719963582687318,6.067796737059049,5.854997467859196,6.4815678058115385,0.6279529538363029,0.6126495302868956,0.16844693386514142,0.2857142857142857
2023-02-03,1.0,17.0,1,3.979709789526004,2.8925610178606935,6.1205475034982335,5.927981705715589,7.193556235108758,0.722889977512376,0.31394819194493917,0.14019169819612415,0.10828025477707007
2023-02-04,1.0,13.0,1,3.9719814827076854,3.6149964195370834,3.917948330563793,3.8285047804983687,3.956776733738319,0.20829731431239532,0.23915152139317622,0.13245457152197215,0.10828025477707007
2023-02-05,1.0,8.0,1,3.735958065217406,3.4963673444902894,3.6971921065595543,3.7804328573183987,3.6877830052526153,0.16832779882995905,0.20787477670345697,0.12886797954382934,0.10828025477707007
2023-02-06,1.0,11.0,1,3.0025776717750126,2.400771961132366,3.430708507392877,3.543442891159515,3.4596584574383407,0.1372596061137536,0.1764655576266559,0.12493818092121772,0.10828025477707007
2023-02-07,1.0,9.0,1,4.460711195110544,4.1381773010924485,4.711054090937693,4.672817837791602,5.002183751438118,0.38442200620568867,0.3944193804851572,0.14780336596268046,0.13333333333333333
2023-02-08,1.0,5.0,0,4.705322206275742,4.508825322972172,4.763761454549215,4.634671821505228,5.061586039146887,0.394831723132881,0.2877839654394215,0.13758722972979953,0.10828025477707007
2023-02-09,1.0,9.0,1,5.127042153676739,4.976973378193927,4.922092950919337,4.864523564549002,5.081704467599373,0.3983558911771902,0.2692250839804431,0.13568011780351583,0.10828025477707007
2023-02-10,1.0,5.0,0,5.352955721844148,5.966609413081454,4.793563919981875,4.902853766412772,4.671086946513623,0.32660136694822905,0.4834093983290142,0.15597064671061714,0.2857142857142857
2023-02-11,1.0,6.0,1,3.9383032936711695,3.2631377822591343,4.582515129059717,4.626279584465908,4.598646328910232,0.31407985765900415,0.22597662547856573,0.13097692491709786,0.10828025477707007
2023-02-12,1.0,4.0,0,3.799538859743324,4.3240141631648035,4.240858461774773,4.2376303075907416,4.3784901189910626,0.2765694003150299,0.2001247096132048,0.1279332025356904,0.10828025477707007
2023-02-13,1.0,3.0,0,4.395400658213935,4.693345452341206,3.9896874021828883,4.106422668913558,3.9529000183615914,0.20769865385794703,0.5186908026834227,0.15925080047568715,0.2857142857142857
2023-02-14,1.0,5.0,0,6.0240884548616,5.521267359258656,5.133459082960493,5.043286997923824,5.379619668681869,0.45026206655321194,0.686706522431374,0.17659728336913247,0.5
2023-02-15,1.0,4.0,0,6.192530163970711,5.3192382834957845,6.424463845986808,5.988035064011246,7.083886989120491,0.7094552695444498,0.7253267773221951,0.18138724460916578,0.5
2023-02-16,1.0,7.0,1,5.172370195751712,5.889815641131035,5.013919577239798,4.921912369379881,5.0157899152515295,0.3868066761536662,0.6523057418533482,0.17267328987843594,0.5
2023-02-17,1.0,7.0,1,3.5091851504668874,2.6434455575821714,5.820069274547632,6.043717006087454,5.853524558477491,0.5303273525982366,0.3490005015079435,0.14356394520005544,0.10828025477707007
2023-02-18,1.0,3.0,0,3.6304975125788523,3.165590501754651,4.8704660463961,5.0468613479381315,5.017608187104151,0.3871253467247116,0.2896887915882138,0.1377799351894557,0.10828025477707007
2023-02-19,1.0,5.0,0,3.1557664188015444,3.200424152887379,4.567591979641982,4.5484181868606095,4.680792867389786,0.328284203333207,0.2194256323725073,0.13022494396292963,0.10828025477707007
2023-02-20,1.0,9.0,1,2.901552082081207,3.037516391722226,3.8487007225251615,3.931256857349002,4.0550902481899715,0.22367710183846784,0.27222335739376596,0.13599206975474287,0.10828025477707007
2023-02-21,1.0,9.0,1,4.37854742459429,3.5228792559035997,4.4600555474645995,4.4161023129352035,4.872079251979672,0.36163076405374645,0.4017781566726004,0.14848157857178448,0.13333333333333333
2023-02-22,1.0,8.0,1,3.826608888381099,3.0681769044557208,4.649671117894031,4.67952264201042,4.7479867600725845,0.33996282423683416,0.28832822119814966,0.13764234443849827,0.10828025477707007
2023-02-23,1.0,13.0,1,4.581352176984886,5.602581400697234,5.15402731855232,5.0561897477086735,5.722304838820032,0.5085935519556072,0.6020498716828544,0.16736020646084546,0.2857142857142857
2023-02-24,1.0,6.0,1,4.641250642809792,4.574147966317384,4.969489904130254,4.989270474335113,4.896056003699676,0.3658275634912779,0.3760979330698892,0.14610609956050993,0.10828025477707007
2023-02-25,1.0,4.0,0,4.985732192068821,4.861537603826396,4.437428265571304,4.590232456799578,4.405118057296648,0.28105366945281535,0.602041889242519,0.16735939399999852,0.2857142857142857
2023-02-26,1.0,6.0,1,4.250225900574377,3.5682320453824174,5.102755568635818,5.028066657751998,5.553051895745303,0.4800317912246617,0.3132533318919713,0.14012362125024705,0.10828025477707007
2023-02-27,1.0,7.0,1,3.3096682431924505,3.4072211364945515,4.312261489855185,4.277257132922927,4.595008071126711,0.3134529192198198,0.4300778559815281,0.1510783102281548,0.13333333333333333
2023-02-28,1.0,4.0,0,4.963372661990242,4.169433683401036,4.470226577991105,4.452996070947224,4.803291521430969,0.3496065504759628,0.6273663235961818,0.16998377644018756,0.4833121326978692
2023-03-01,1.0,2.0,0,5.725187022739403,5.496178392406906,5.518586069329946,5.615438850709576,5.490734472617137,0.4693865597921671,0.6952659703194208,0.17761968426778266,0.5
2023-03-02,1.0,6.0,1,5.392152235065594,4.644717805888952,5.575277893368802,5.544680804334552,5.857967989291744,0.5310563649655213,0.6174693483256362,0.16894652064489904,0.2857142857142857
2023-03-03,1.0,7.0,1,4.419340613331784,5.172186126863801,5.5311692518107325,5.711397515587868,5.575034991876388,0.48377158041260054,0.3857892028309338,0.14700560876740193,0.10828025477707007
2023-03-04,1.0,3.0,0,3.9205694591854923,3.676863150079131,4.379422175837828,4.618445208443848,4.394348982259308,0.27923812896126177,0.36368445595792354,0.14494706992457929,0.10828025477707007
2023-03-05,1.0,2.0,0,4.685365406914765,5.151641951239364,4.302387077613164,4.45016347385875,4.435298941915102,0.2861556563241241,0.554822451397408,0.16268655287297756,0.2857142857142857
2023-03-06,1.0,4.0,0,2.925760269153127,2.529127417699824,3.2937167729103414,3.401915676027057,3.2732715162714556,0.11408403010318273,0.22061487857661607,0.13036236186782713,0.10828025477707007
2023-03-07,1.0,4.0,0,4.134566295969096,4.519138189170807,3.1827187588074097,3.231111276919149,3.272372506522018,0.11397737805841446,0.22217875991189437,0.13054244950687902,0.10828025477707007
2023-03-08,1.0,5.0,0,4.446797427372944,4.813425909911263,4.486554825944232,4.55503075868278,4.700540269506801,0.3317114279596335,0.22794601340487222,0.1312006641084945,0.10828025477707007
2023-03-09,1.0,1.0,0,4.1908574300326755,3.9549116610809367,3.243601564400748,3.4569077488362425,3.2338001864124735,0.10944920069285809,0.27928150451739203,0.1367204061607182,0.10828025477707007
2023-03-10,1.0,2.0,0,4.276480417063249,4.314454003245415,3.3856781810032017,3.5744570474464687,3.1795100357464134,0.10323567456698024,0.14461632412558864,0.12047429040890413,0.10828025477707007
2023-03-11,1.0,2.0,0,4.55710365710432,5.024528447561041,4.520420443786678,4.601102970428857,4.574386239745455,0.30990322666676,0.17398234695065334,0.12460981730984402,0.10828025477707007
2023-03-12,1.0,5.0,0,3.8776994832126572,2.7474598250604387,3.283530122146939,3.5626561331825153,3.164369052109926,0.1015364951636867,0.2303966148640555,0.13147762788156678,0.10828025477707007
2023-03-13,1.0,5.0,0,3.172972045342546,2.840880438144779,3.708813282623569,3.9518751105875047,3.703414373950535,0.17055721702745316,0.16516114772585305,0.12341873799992079,0.10828025477707007
2023-03-14,1.0,2.0,0,4.36834333491307,3.2934309318108306,3.800030814783518,3.9815073421044547,3.8426857099786784,0.1909435124962306,0.2973814824745954,0.13855295794421346,0.10828025477707007
2023-03-15,1.0,6.0,1,4.616167618351967,4.083603045544874,4.393770960254046,4.602355521386968,4.485300547882857,0.29465073028168287,0.23024756585962539,0.1314608276747555,0.10828025477707007
2023-03-16,1.0,7.0,1,3.504911127973232,2.6600677587155745,3.6817949354667676,3.7693368264111533,3.7748870565596517,0.18090434359989327,0.1542705096911423,0.1218901463823254,0.10828025477707007
2023-03-17,1.0,2.0,0,3.7027574155536795,2.401753708339207,3.2306568459612994,3.4740079255409335,3.22821281574731,0.1088010551923709,0.1623283076730445,0.12302760276622059,0.10828025477707007
2023-03-18,1.0,4.0,0,4.682245037034678,3.813227484680058,4.198160953583129,4.356782504455094,4.374468123239108,0.2758935216640347,0.19176825960132762,0.12690113893386423,0.10828025477707007
2023-03-19,1.0,3.0,0,3.764647527181103,3.258326068509949,4.06321398195889,4.197600567385838,4.091467409060173,0.22945981579187152,0.22193669364189123,0.13051462018160076,0.10828025477707007
2023-03-20,1.0,1.0,0,3.9686423661261556,2.993020368927214,3.5174022628202293,3.788598056377015,3.495172696695192,0.141908102760085,0.3284308756038563,0.14159889451094088,0.10828025477707007
2023-03-21,1.0,1.0,0,4.01388599324796,3.4368944525015563,4.148949270317025,4.2225661121229905,4.204742239327155,0.24775715440378798,0.2920109993394782,0.1380141587479031,0.10828025477707007
2023-03-22,1.0,2.0,0,4.43830784968344,3.854930763105858,4.402876195590816,4.51955073227623,4.524207229950382,0.3012946931976386,0.2470206584495366,0.13331700283825607,0.10828025477707007
2023-03-23,1.0,5.0,0,4.754365896530104,4.779072352083368,4.584274733852307,4.811262475377509,4.551159609221262,0.30591327130060886,0.2754516251665409,0.13632622468384217,0.10828025477707007
2023-03-24,1.0,3.0,0,3.7237485335005345,2.6576535775756707,4.241604240590215,4.380169481694826,4.391629857162064,0.2787801376990239,0.26815906443553117,0.13556882379173632,0.10828025477707007
2023-03-25,1.0,6.0,1,3.5938769085399858,2.78902289473978,4.097172203322054,4.1965851209733165,4.580126958548604,0.3108907285520029,0.3063653096388484,0.13944577479668138,0.10828025477707007
2023-03-26,1.0,4.0,0,4.691317365625386,5.078284572897001,4.0641085752192305,4.238884456938333,4.131518907023625,0.23588058121386357,0.33143913091117966,0.14188857094976803,0.10828025477707007
2023-03-27,1.0,4.0,0,3.3022998963723458,3.4779795236328006,3.1415760258612733,3.244858009685879,3.2251571617152144,0.1084474308472895,0.17319583770327843,0.12450519981343472,0.10828025477707007
2023-03-28,1.0,4.0,0,4.276477122637447,4.106373016841271,4.0427324754618,3.9737025398253603,4.445492134220226,0.2878832522090421,0.2563347474669373,0.13432020828018149,0.10828025477707007
2023-03-29,1.0,3.0,0,4.250872772592846,3.6426556627195037,4.460728235960933,4.468430530195264,4.630138984070743,0.31951467651484966,0.3513075935775179,0.143782234435708,0.10828025477707007
2023-03-30,1.0,6.0,1,3.9632989336263855,3.3222367907034975,4.8306667624468105,4.800338060143805,5.360281032789968,0.4469170582490808,0.38752176114387354,0.1471659911435054,0.10828025477707007
2023-03-31,1.0,3.0,0,3.8526907524746896,3.803145305544894,4.197128001598766,4.362072333201402,4.480245861704283,0.2937896677920451,0.43273523946927306,0.1513216116167336,0.13333333333333333
2023-04-01,1.0,5.0,0,4.2360130108582945,4.008817891940488,5.081600860883079,5.119462210831745,5.2207135323992295,0.42265973876336194,0.30690242775034204,0.13949883400784727,0.10828025477707007
2023-04-02,1.0,6.0,1,4.26282256289924,3.805577349490243,3.7333594666626078,3.8325551146370875,3.7880062301679733,0.18283029467555012,0.2601620507735056,0.13472728620353563,0.10828025477707007
2023-04-03,1.0,5.0,0,3.3821846806316525,2.5365376142033442,3.28701589590265,3.439932342029605,3.3394433171929885,0.12207164197663198,0.2160537770476066,0.12983306449948454,0.10828025477707007
2023-04-04,1.0,4.0,0,3.6124509675548624,2.235191852470815,3.0476125520406665,3.235997468357242,3.08670559893219,0.09305517790999704,0.2802382198952026,0.13681850346680677,0.10828025477707007
2023-04-05,1.0,5.0,0,4.1802719140810165,3.7773730724501924,3.797489961206071,3.999126669537473,3.977311081432184,0.21147844357796805,0.18413647083910667,0.12593469330035767,0.10828025477707007
2023-04-06,1.0,3.0,0,4.455820729429823,5.118192765170963,4.531567443044916,4.536265266574463,4.721595978303666,0.33537041452767413,0.2080585557461514,0.12888989952187138,0.10828025477707007
2023-04-07,1.0,3.0,0,4.322404866926722,3.5469414473316947,3.93427265700167,4.080634272964044,4.142664399902515,0.23767707202928687,0.2805543587520268,0.136850886929914,0.10828025477707007
2023-04-08,1.0,5.0,0,4.341604246263611,4.698503886453762,4.221057634557469,4.239030795466705,4.31935783954279,0.2666725428520306,0.29951334422427184,0.13876576071002283,0.10828025477707007
2023-04-09,1.0,1.0,0,4.3380754061634255,4.903951034729371,3.857592183007949,4.153074450452297,3.8477023150081346,0.1916946818593199,0.16935891802279318,0.12399047035011171,0.10828025477707007
2023-04-10,1.0,2.0,0,3.2290904781868157,2.656772852624604,2.8567167996861635,3.035076318429821,2.9301531500811375,0.07717426909029441,0.14404487827150866,0.12038851921925217,0.10828025477707007
2023-04-11,1.0,2.0,0,3.259328575000885,2.4706427602021876,2.790704463757569,2.930747070392252,2.8661280098226576,0.0711559552662224,0.193735817080098,0.12714651538075908,0.10828025477707007
2023-04-12,1.0,1.0,0,4.747651956101933,4.126818045032533,4.0208427664385455,4.044164412069131,4.267700175267723,0.25810117501362634,0.22466149769759794,0.13082692751393335,0.10828025477707007
2023-04-13,1.0,4.0,0,4.159591236813252,4.112941193747955,3.2922561145432225,3.474950442810785,3.3902260085399147,0.12838278320110294,0.12205859817424461,0.11689404236192796,0.10828025477707007
2023-04-14,1.0,4.0,0,3.804764747237176,3.0035910246276645,3.40104885258574,3.5340126092898725,3.370135366957305,0.125867410735003,0.1153237319325713,0.11573570280255183,0.10828025477707007
2023-04-15,1.0,3.0,0,4.9621278280372385,6.121142840096456,4.059098170898106,4.28231361174385,3.914425566559304,0.20179080309031347,0.2099875458869527,0.129119311603473,0.10828025477707007
2023-04-16,1.0,6.0,1,3.411157503771813,3.4793129758572943,3.9327780551474643,3.942474296112588,4.005855590235425,0.21592828939527867,0.3028493745190249,0.13909757897705172,0.10828025477707007
2023-04-17,1.0,6.0,1,2.789421911058656,2.1675152079764457,3.7738940461970776,3.744389245982438,4.079928642433524,0.22762039977704804,0.21185107261602024,0.12933980034154638,0.10828025477707007
2023-04-18,1.0,4.0,0,2.78290806494353,2.570009418206957,3.6832794274323843,3.6909127310487526,3.9408732657596595,0.20584533284472284,0.3325165824220113,0.14199211906488962,0.10828025477707007
2023-04-19,1.0,1.0,0,4.352133665714149,3.0833142615946882,4.828523092958055,4.7243762476968705,5.586787785418604,0.48576751497832377,0.2318974709888247,0.13164647701916704,0.10828025477707007
2023-04-20,1.0,4.0,0,3.3140538858573776,2.5613705493115364,4.725545370685829,4.622361829189525,5.1463721273381315,0.4096745130254324,0.1686911711785629,0.12390013547828897,0.10828025477707007
2023-04-21,1.0,4.0,0,4.0603959158945715,3.839556116264167,3.2072087956349074,3.2901086772993025,3.1981157285131183,0.10534388431714732,0.22949601808608477,0.1313760276690594,0.10828025477707007
2023-04-22,1.0,2.0,0,3.666210224853744,2.193482976275529,4.1168392983445985,4.074401015391128,4.498240842961586,0.2968573517169884,0.11182118757231908,0.1151140441521154,0.10828025477707007
2023-04-23,1.0,3.0,0,3.576530114112529,3.7513097139833937,4.085755576552742,4.135079866431922,4.455191411863741,0.2895291665998039,0.14731359386739867,0.12087607980221735,0.10828025477707007
2023-04-24,1.0,1.0,0,2.6218810048086705,1.9193441538765594,2.643638524783892,2.7361575459826746,2.689804255526965,0.0560294352600728,0.18302525468205844,0.12579194913018704,0.10828025477707007
2023-04-25,1.0,2.0,0,2.627496065449632,1.734480553573811,3.681109655774951,3.716715788354648,4.153903245371825,0.23949279330488443,0.1617072647591555,0.12294126459859932,0.10828025477707007
2023-04-26,1.0,4.0,0,4.186959618934434,3.9686676058099284,4.125006555055553,4.281994832548044,4.895345689752205,0.3657032003780203,0.16899297524051282,0.12394099268248188,0.10828025477707007
2023-04-27,1.0,4.0,0,3.7932668311294497,3.915439832528919,4.38415201747055,4.363250989768968,4.969749189392753,0.3787374444110211,0.12557342527581677,0.11748062164803322,0.10828025477707007
2023-04-28,1.0,14.0,1,5.235101529193569,4.993876729925106,5.565636902681647,5.743017232006009,5.778156317358931,0.5178915126856776,0.5189235325824799,0.1592726438702258,0.2857142857142857
2023-04-29,1.0,6.0,1,4.900729563287206,4.471752344477375,5.874248277855182,5.2703295951577145,8.031200654894874,0.8111002519044096,0.4599861647919504,0.15381716221989442,0.2857142857142857
2023-04-30,1.0,6.0,1,2.971838021696547,2.7632106130960845,5.594460248609263,4.959786764496213,7.868854540276954,0.7959556089488249,0.2427428223162406,0.13284993148845178,0.10828025477707007
2023-05-03,1.0,5.0,0,2.5457713820616785,1.9655080925162354,3.9995592787725496,3.673076588339378,4.8778730860648025,0.36264467661568156,0.15024271908892417,0.12130685000319752,0.10828025477707007
2023-05-04,1.0,6.0,1,2.50710496486346,2.4184362553478564,3.635937767998745,3.365434043056209,4.321059045119047,0.26695603413779573,0.10519472447574285,0.1138982643919661,0.10828025477707007
2023-05-05,1.0,6.0,1,2.045252835528081,1.5912950611991554,2.192708136743794,2.058296646020848,2.5654047149380204,0.046635607681802096,0.17402314601502525,0.1246152360504103,0.10828025477707007
2023-05-06,1.0,2.0,0,2.2968539211744874,2.418996576916868,3.0732222892752983,2.957754364288064,3.7044550262334717,0.17070607418661096,0.1860950797956704,0.126185010634334,0.10828025477707007
2023-05-07,1.0,1.0,0,2.8473818061736074,2.7104025637734823,3.8853178823882324,3.7663030064105056,4.870368565928012,0.36133142506656485,0.10994648004847676,0.11477551492469633,0.10828025477707007
2023-05-08,1.0,4.0,0,2.485188970067512,3.0994048741577345,3.769508694767373,3.716718789734885,4.528544156111718,0.3020370153007622,0.14673559147984314,0.1207903992788891,0.10828025477707007
2023-05-09,1.0,3.0,0,3.1420638710183937,3.1079585899463584,4.366977082388054,4.243481969243498,5.611105405674006,0.48988941057479846,0.13926476457644132,0.11966184006722384,0.10828025477707007
2023-05-10,1.0,3.0,0,3.771792837705212,4.077675970321372,5.076590095759884,4.809535087213344,6.74567385392529,0.6652698819543599,0.17656586071582148,0.12495138323500307,0.10828025477707007
2023-05-11,1.0,3.0,0,4.268777479139576,4.5575647370433,5.701393220008251,5.234471024243061,7.84762388711516,0.7939074455643421,0.1512151107060305,0.12144861257738056,0.10828025477707007
2023-05-12,1.0,1.0,0,4.3254686180145585,4.275915323909818,8.694227952197561,8.045358113216322,10.963834519592277,0.9613182150201207,0.1794367739609386,0.12532729579707164,0.10828025477707007
2023-05-13,1.0,3.0,0,4.12118371537276,3.5529593299955793,4.4910212176264235,4.581535294913607,5.300931524611507,0.43662499693917867,0.22617835608463863,0.13099989149439611,0.10828025477707007
2023-05-14,1.0,1.0,0,3.0275961537237723,3.100591317085104,3.993215355574278,4.067443249918796,4.501173827622139,0.29735793732252846,0.3084723151377706,0.13965371640353338,0.10828025477707007
2023-05-15,1.0,5.0,0,3.470444280745109,2.783047315152131,3.0993690812829646,3.2984572430552994,3.413686316895944,0.1313504650035737,0.2823844464611961,0.13703804157367563,0.10828025477707007
2023-05-16,1.0,4.0,0,4.038572690803967,3.904744161222136,2.8624211557511043,2.9434243285808557,3.352119483944282,0.12363242697527314,0.2452398871446355,0.13312307173523513,0.10828025477707007
2023-05-17,1.0,3.0,0,3.7463521947981766,3.429196970113401,3.25625833840128,3.3643036967420876,3.786617423449625,0.18262602825851398,0.19369191942782538,0.1271410571728977,0.10828025477707007
2023-05-18,1.0,3.0,0,2.848517185460555,2.2290209338187315,3.4132770402411023,3.5872148703174656,3.8051127955936344,0.18535372980868153,0.11194507071878691,0.11513626959659487,0.10828025477707007
2023-05-19,1.0,6.0,1,3.0962875232231726,2.9024115881889676,3.5495469335232,3.7266711210137973,3.7046598362428607,0.17073537701804017,0.16891501213854623,0.12393044276947346,0.10828025477707007
2023-05-20,1.0,5.0,0,2.3930066886433736,1.6819867515849305,3.477466763041979,3.5846972167364655,3.946813224424726,0.20675993900513226,0.158980882524102,0.12255966480223497,0.10828025477707007
2023-05-21,1.0,7.0,1,5.0086452108633575,3.2385888661655375,4.530296936642087,4.624313639522663,4.890380719544898,0.3648339761895024,0.4297513807553574,0.1510484162724899,0.13333333333333333
2023-05-22,1.0,5.0,0,3.644427486609502,3.5929657422639636,4.7871928642497945,4.241851717930328,5.294792738148875,0.43555834215980643,0.2629822417034967,0.1350254238852028,0.10828025477707007
2023-05-23,1.0,3.0,0,4.2898013520863385,5.069238689319226,4.079927616767787,3.7904401717312175,4.2204652753803895,0.25032942716114953,0.34765387334930126,0.14343635081329548,0.10828025477707007
2023-05-24,1.0,3.0,0,4.048990994224969,3.7842046800016256,4.703973969414361,4.369379532607386,4.679801979811161,0.3281123495989146,0.3725714261768522,0.1457776769217123,0.10828025477707007
2023-05-25,1.0,7.0,1,3.1027313809320893,3.638241062777539,2.924889952100439,2.8765833057345382,2.8021087042048407,0.06541776894426826,0.1660324939829863,0.12353817482628104,0.10828025477707007
2023-05-26,1.0,2.0,0,2.6492046343116216,1.6148656672732842,2.8001943281539448,2.9309925395215193,2.676467512202217,0.05497186718684113,0.23667570560142054,0.1321802269011744,0.10828025477707007
2023-05-27,1.0,8.0,1,2.463839790701696,2.5374123957002364,2.197155206908652,2.2494914744303367,1.9048779615077547,0.013412424225792361,0.3057325657554684,0.13938322424511962,0.10828025477707007
2023-05-28,1.0,2.0,0,3.212525888535222,3.150832458472711,1.066752295078214,1.2329309245352573,0.846463600215747,0.0002499751520539044,0.3148511345275964,0.14028008075442808,0.10828025477707007
2023-05-29,1.0,4.0,0,2.2540031730962493,2.089025900972274,3.2356382934681145,3.174393125645298,4.206927620326271,0.2481142290321212,0.20228060523478658,0.12819531875930637,0.10828025477707007
2023-05-30,1.0,6.0,1,2.0805614782442965,1.8837315163915256,2.8038125181539244,2.753055854401952,3.587204910760608,0.1542833602147696,0.18270395661351244,0.12575057662130384,0.10828025477707007
2023-05-31,1.0,3.0,0,2.6800778206780738,4.123220484700016,2.8245497862823457,2.7894392884283414,3.641418679442976,0.16178812494753866,0.17654681431390698,0.12494887662891987,0.10828025477707007
2023-06-01,1.0,6.0,1,3.1150118735765546,1.929042266085419,5.028676841247847,4.764094341664726,6.201401922705908,0.5858397098105235,0.2870829704706891,0.1375161784058926,0.10828025477707007
2023-06-02,1.0,5.0,0,3.4576237606593474,3.251214343180417,4.100197323552333,4.027122534459101,4.694922039263099,0.3307359182133927,0.2231956062933653,0.13065917099209035,0.10828025477707007
2023-06-03,1.0,2.0,0,4.483997954081595,4.908064718886675,4.711194980773048,4.784712264316961,5.635590375496509,0.49402863897668015,0.402003719631957,0.14850234164900847,0.13333333333333333
2023-06-04,1.0,4.0,0,2.978367104192856,1.9594952064200393,8.031297696265888,7.941963696680811,8.663603280859547,0.8617908459373163,0.20893845245963252,0.1289946945478034,0.10828025477707007
2023-06-05,1.0,3.0,0,2.9239392109564757,2.063240987710759,2.7095414196431316,2.9869330258723847,2.798287910318216,0.0650841681422762,0.1987972781681093,0.12777098727912473,0.10828025477707007
2023-06-06,1.0,4.0,0,3.1791988591241034,4.333652728219316,3.1187740340393164,3.387640671115956,3.196110838895994,0.10511564262347023,0.1824336652565004,0.12571573734788777,0.10828025477707007
2023-06-07,1.0,2.0,0,2.3585199519897997,1.4900256402450769,3.6453771783646993,3.816792058973387,3.9713522539627184,0.2105535740174619,0.17110910525454476,0.12422616936262462,0.10828025477707007
2023-06-08,1.0,5.0,0,5.246167144899597,5.258723125752548,6.110556185414277,6.375161539402453,6.244903753638524,0.5925401338781338,0.447888552339668,0.15270878295749515,0.2857142857142857
2023-06-09,1.0,3.0,0,2.8915445301010414,1.5803228041309834,3.556426832586017,3.6813900406923343,3.392248543418877,0.128637342966693,0.2773330803763261,0.13652016850632223,0.10828025477707007
2023-06-10,1.0,4.0,0,2.112550900585055,1.8765014604995736,2.7903568498921874,2.8369612783891944,2.700429261611516,0.05688067347383156,0.25385969697179095,0.13405539556936685,0.10828025477707007
2023-06-11,1.0,2.0,0,2.556620938076831,2.7707065051506787,2.894748250921928,2.882237194359547,2.7825345617583808,0.06371927038668034,0.3333481559027498,0.1420719650589997,0.10828025477707007
2023-06-12,1.0,5.0,0,3.1642391110769705,3.057045952290741,3.231727092305042,3.1250248520959083,3.277839064050699,0.11462667037322122,0.30631211276356113,0.13944051784051092,0.10828025477707007
2023-06-13,1.0,3.0,0,3.2797139932680235,3.654947215750008,3.763122425766887,3.726402495859319,3.956071032960462,0.20818829122673063,0.360200957392438,0.14462023019190243,0.10828025477707007
2023-06-14,1.0,3.0,0,3.084017377354212,3.651125986377994,3.53423983974627,3.333148731467992,3.8638110060899944,0.1941143295724156,0.24703195934475466,0.13331823129021847,0.10828025477707007
2023-06-15,1.0,4.0,0,2.627225242509541,2.4153387430427293,2.4288940943942747,2.3333060051931755,2.4300169641960947,0.037597941257541866,0.14094099615135527,0.11991856799711217,0.10828025477707007
2023-06-16,1.0,9.0,1,3.033461087695123,3.403811266320548,3.8046053918914504,3.811740449967157,4.040870064172726,0.22142969758601477,0.2183068992873676,0.13009529738101655,0.10828025477707007
2023-06-17,1.0,3.0,0,3.723443066164874,4.060034887509396,3.8570270388173373,4.028796719252613,3.9813309415224833,0.21210316469514462,0.40129942943171776,0.1484375069634129,0.13333333333333333
2023-06-18,1.0,1.0,0,3.514390880343711,3.6710590383879262,3.1081789904618278,3.2082507617552727,3.267329597324806,0.11338005999538757,0.30739234520826697,0.13954720012734131,0.10828025477707007
2023-06-19,1.0,6.0,1,2.5744019612877453,2.341934267802233,3.3115535002881424,3.268814128657019,3.614210231657215,0.15800224038480973,0.21915988727632255,0.13019418078920117,0.10828025477707007
2023-06-20,1.0,2.0,0,3.6844516206728697,4.739220061624322,3.3960993116663736,3.4989512144158805,3.648690945800041,0.1628065657919492,0.2642224625672483,0.135156057488602,0.10828025477707007
2023-06-21,1.0,2.0,0,4.764555235949757,4.83798099272641,4.576255641177684,4.124067422006647,5.461697291180055,0.46440559737531667,0.4203910443879601,0.15019091734234616,0.13333333333333333
2023-06-22,1.0,2.0,0,5.210815523348232,4.983039923951302,9.013684880188242,8.438640125433913,9.948094675012852,0.930486163321264,0.45124315635305307,0.15301598180886836,0.2857142857142857
2023-06-23,1.0,2.0,0,4.752765268115102,5.28673899601864,4.3405025389864855,4.641992514651361,4.322963581964009,0.2672734982980286,0.47279710537719305,0.15499334639431864,0.2857142857142857
2023-06-24,1.0,3.0,0,4.835247182744185,5.73381567769877,3.451880709759881,3.434498820137836,3.4197846269165613,0.13212721651686019,0.38558213137193414,0.14698643208092274,0.10828025477707007
2023-06-25,2.0,1.0,0,2.9940366727169403,2.2215025100896115,3.814744218746843,3.8429989332579653,3.620026323865093,0.16307391986884645,0.3768832000712672,0.23671703711714143,0.22413793103448276
2023-06-26,2.0,3.0,0,3.202924730243211,2.773026846130206,2.5560149853746013,2.693730067035726,2.045454697016341,0.01980948147489689,0.3086529507176399,0.22458008649556135,0.22413793103448276
2023-06-27,2.0,4.0,0,2.817428876662241,2.626932392038982,2.20706959851371,2.3921277129995016,1.8065976946575983,0.011567196046795724,0.30608803534949436,0.22410773013819885,0.22413793103448276
2023-06-28,2.0,7.0,1,3.38968166171032,3.339910217333106,2.7215036184388106,2.9403105693591964,2.406422807309709,0.03854799723555217,0.27016936597340985,0.21731521840246984,0.22413793103448276
2023-06-29,2.0,5.0,0,2.6268427486548402,2.6892787546762724,2.856026624908114,2.989191659524041,2.5315371193692155,0.04698317553899139,0.307368215727389,0.22434367462579355,0.22413793103448276
2023-06-30,2.0,5.0,0,2.7047124493120416,3.1792401869707634,2.210707746362729,2.416190696746024,1.7888353250285514,0.011071351826165034,0.3111206044695091,0.22503314700899724,0.22413793103448276
2023-07-01,2.0,3.0,0,3.1149068418887813,3.176627131760075,2.2507235402374737,2.412525461507238,1.7809964852984774,0.01085734147252727,0.2808462271955145,0.21937227464579967,0.22413793103448276
2023-07-02,2.0,2.0,0,3.3657146124972943,2.6392500743380833,2.663138235866171,2.7548672584931433,2.2530258193322634,0.029596377602545094,0.3772376534527634,0.2367784742386304,0.22413793103448276
2023-07-03,2.0,4.0,0,4.173302889223716,3.4829356892352292,3.3873015448900987,3.4221801345111555,2.818416121964805,0.07026694823352408,0.3934615410505418,0.23957905315963296,0.22857142857142856
2023-07-04,2.0,5.0,0,3.444201108860096,3.768231572419035,3.532513756459977,3.489600721729578,3.113524336238615,0.09990445132219526,0.4246573329239678,0.24491830643294246,0.22857142857142856
2023-07-05,2.0,3.0,0,3.9650878305981063,4.627166269307059,3.001960644636089,3.2158998959426897,2.573744067651758,0.050063026429320985,0.30397050313100954,0.22371663137700043,0.22413793103448276
2023-07-06,2.0,2.0,0,3.3414669170255404,3.696113552180917,3.018042469423181,3.2440580423168943,2.5230230565483573,0.046376297093218666,0.31892801112285035,0.2264580350181928,0.22413793103448276
2023-07-07,2.0,8.0,1,5.478584946697451,4.423678160485614,3.639696561423164,3.8474675012008115,3.1128537619400998,0.09983076876561821,0.29935801608845924,0.2228610640426283,0.22413793103448276
2023-07-08,2.0,5.0,0,5.272782846298229,4.099852439988151,3.1836201520858447,3.2497295215640984,2.630351993671217,0.05438071669517518,0.4022879439796218,0.24109463457175787,0.22857142857142856
2023-07-09,2.0,4.0,0,2.7608304001250286,1.8673392091030074,2.219818126799688,2.4911683785426204,1.7490907444733919,0.010016196911960698,0.20346043931736502,0.2034322090629434,0.175
2023-07-10,2.0,3.0,0,2.704871354142581,2.325549321078156,3.1678410154737295,3.045144442666645,2.9769565162622857,0.08548658829536315,0.146461383886899,0.18929280757785152,0.175
2023-07-11,2.0,5.0,0,3.517009352315607,2.8413063026609118,2.4984188254966186,2.654553177706664,2.006594155133082,0.018258575274597257,0.30489172030362705,0.22388690362354605,0.22413793103448276
2023-07-12,2.0,3.0,0,2.821249039522335,2.7045963538103037,2.4799144422786212,2.6247878197498546,2.0473446601078202,0.019887094569596128,0.21258256470018128,0.20546153566979078,0.22413793103448276
2023-07-13,2.0,2.0,0,2.967230186329547,3.287484973303573,2.9272715234585496,3.008533907961319,2.603736201297296,0.052323906619466766,0.22401000709263102,0.20793602871641217,0.22413793103448276
2023-07-14,2.0,2.0,0,3.2962295641795243,2.7966101422543757,3.018630149744734,3.092388228479034,2.703209205553098,0.060253962663702615,0.21458745954422015,0.2059009109018121,0.22413793103448276
2023-07-15,2.0,5.0,0,3.277750412276615,2.6847940784405666,2.645090943964143,2.7268394949097106,2.3734917678743885,0.03649867099607278,0.1881748755367746,0.19990974880113715,0.175
2023-07-16,2.0,8.0,1,2.8923072217173122,2.077336719827819,2.3581072899469153,2.520379963553868,2.114916413079894,0.022797795687696295,0.2020514938866809,0.2031141595390248,0.175
2023-07-17,2.0,3.0,0,3.2620629680441406,3.1554559765113943,3.1302859606581985,3.038132010791127,3.1401269379114765,0.10285016676842795,0.2603071260162508,0.21538200094369953,0.22413793103448276
2023-07-18,2.0,2.0,0,4.1960241899235475,2.640734199936134,2.9378941548959916,2.9066615165005003,2.6756612436140066,0.05799137137772054,0.24015768727267736,0.21131930228698284,0.22413793103448276
2023-07-19,2.0,6.0,1,4.1023421264014885,3.4236686107282157,2.5969153959874887,2.9841341768398655,1.9813861256317866,0.017297792641624805,0.3049314374147303,0.2238942402612709,0.22413793103448276
2023-07-20,2.0,8.0,1,6.057788679979177,4.891784045486827,5.170169153647582,5.074499591258214,4.592818333739176,0.3149936513812444,0.4994296544735578,0.25769312512919024,0.30054369503737066
2023-07-24,2.0,5.0,0,3.374864618477463,3.4389857709655196,2.7852596919144603,2.816987833547222,2.7064690157542355,0.060525067927616735,0.22332611875293648,0.20778991664398996,0.22413793103448276
2023-07-25,2.0,5.0,0,3.5692796062091294,2.9777750840834476,2.662115525260233,2.7720300012034715,2.594885435682827,0.05165045312345875,0.31564444640709904,0.2258603135123364,0.22413793103448276
2023-07-26,2.0,2.0,0,2.843619246694194,3.153280768373203,3.232724366608809,3.1770128505472197,3.4079555721707426,0.1348790549788964,0.2057443219013716,0.20394507826394812,0.175
2023-07-27,2.0,2.0,0,2.201506379162513,2.2926101274645814,2.6046520109784264,2.6474914637392852,2.604493960943993,0.05238180821865914,0.17617647135813275,0.19702253035642764,0.175
2023-07-28,2.0,1.0,0,2.2099688802308304,2.995522394781189,2.7410292797257134,2.7400719279372225,2.8227138951295143,0.07065762780328708,0.15992520662412868,0.19290943816469897,0.175
2023-08-01,2.0,2.0,0,2.1405471988654305,2.6795102776694737,2.47584546562352,2.6483866454733564,2.052606761420803,0.02010426473182102,0.14960531421318662,0.19015625306724784,0.175
2023-08-02,2.0,7.0,1,2.8701683224668812,3.2850517677078845,3.0147075534772787,3.0568111715041724,2.7345401332292627,0.06288910976556482,0.133829908581686,0.1856929994503513,0.175
2023-08-03,2.0,3.0,0,3.0866425920293716,3.5275715778009085,3.200196868829981,3.3475044451315785,3.0387653992558517,0.091864487604686,0.18435425248195428,0.1990028890722504,0.175
2023-08-04,2.0,1.0,0,3.1638226223030217,2.9758534703560113,3.326617396572809,3.4752393123838026,3.2053806885951697,0.11026075647851516,0.2233812719876495,0.20780170906896514,0.22413793103448276
2023-08-05,2.0,2.0,0,2.9817980014691785,2.27999849316736,2.672360176438831,2.8948607245913474,2.4490959681854165,0.041308984787870685,0.1906650020521889,0.20049484668262474,0.175
2023-08-06,2.0,3.0,0,2.439437060827849,2.2600931076783275,2.4232243255587584,2.5124714504508954,2.1842159124818616,0.026063677954569726,0.17740732001406415,0.19732416323165172,0.175
2023-08-09,2.0,1.0,0,2.3068577919701427,2.968094038401136,2.7705967259648,2.917422560386021,2.6196427654540084,0.05354742316667115,0.25171340577560286,0.21366894234751369,0.22413793103448276
2023-08-10,2.0,5.0,0,3.15981492415823,2.840618924022512,3.8900357278131463,3.8556394901231057,3.9624417965148546,0.21305707811173766,0.2686422801313635,0.21701803937812286,0.22413793103448276
2023-08-11,2.0,6.0,1,2.4726693916387905,2.9756605372316227,2.659413876238692,2.7965716364143733,2.316703680945802,0.03312951165309735,0.1624246313289046,0.19355879612404794,0.175
2023-08-12,2.0,2.0,0,2.734961795550134,2.7775873808355147,2.625675468452045,2.6785332073650596,2.4801810940932136,0.04339563029819864,0.15166472372031783,0.19071536978138384,0.175
2023-08-13,2.0,2.0,0,2.975238956919163,3.002072078416968,2.369692459674853,2.4284209014267737,2.2006612997291777,0.026881412858599102,0.11904037977587524,0.18116976888871067,0.175
2023-08-14,2.0,1.0,0,2.6949374141942624,3.0916252992692708,2.3447665019714425,2.400915717585261,2.2030170593318803,0.026999909222708642,0.1790622621498955,0.19772769227392964,0.175
2023-08-15,2.0,4.0,0,2.9534575990301355,2.3006027672013096,2.091991676972239,2.254166194517777,1.8403897347790232,0.012553001588424513,0.23012630499058923,0.2092322272466437,0.22413793103448276
2023-08-16,2.0,1.0,0,3.0659280249759946,2.1959262300695013,3.2956045651174937,3.295786247453399,3.086698213944824,0.09697880803029778,0.20841879037104694,0.2045415294707695,0.22413793103448276
2023-08-17,2.0,7.0,1,2.087651275629154,2.1559440749183865,1.9327276737018682,2.180531280321449,1.5483129966245142,0.005745723289730552,0.20689997951640382,0.2042033490442237,0.22413793103448276
2023-08-18,2.0,4.0,0,2.7278935774440214,2.4345522344211163,2.740125562075029,2.7521501660626746,2.560291884530189,0.049068508562817865,0.18625143778912762,0.199454609312675,0.175
2023-08-19,2.0,5.0,0,5.175593877712826,4.311971049617143,3.553115436984008,3.5612062587498112,3.449518743297053,0.14021812373659098,0.2532871769975117,0.2139847515533971,0.22413793103448276
2023-08-20,2.0,3.0,0,4.020702071908141,2.748141093064029,3.6777942805903954,3.704537057904035,3.4252324619251513,0.1370869098178874,0.2580344715175623,0.21493165741404194,0.22413793103448276
2023-08-21,2.0,4.0,0,2.5265943812051486,3.4331769651540207,2.455436802113497,2.599136743944139,2.099453358814666,0.022108184237936836,0.28804313968849443,0.22073966627670102,0.22413793103448276
2023-08-22,2.0,2.0,0,2.79361922344805,4.301716578762471,2.95558748140789,2.9401953948115715,2.7106480592864823,0.06087366441002623,0.2064450984281397,0.20410178919447305,0.22413793103448276
2023-08-23,2.0,5.0,0,3.15399775425652,3.2545172245635414,2.074447231067651,2.3204233292755734,1.7601940181854647,0.010303512348651747,0.21585780851745512,0.20617812392301435,0.22413793103448276
2023-08-24,2.0,1.0,0,3.2602769528701705,3.640705127072207,2.975323183932703,3.1613444905159342,2.7232893187615335,0.06193526744100309,0.21269704615826796,0.20548668676669796,0.22413793103448276
2023-08-25,2.0,5.0,0,2.203199327872282,2.991606350621208,2.805438132010222,2.909075305640928,2.64912969300314,0.0558603867800357,0.1338000275960118,0.185684216711878,0.175
2023-08-26,2.0,5.0,0,2.2914211007872147,2.3770525518408547,2.159495181422221,2.2854554240197666,1.9879658977987427,0.017545178930912005,0.14500463337489308,0.18888855421906375,0.175
2023-08-27,2.0,2.0,0,2.3862363569918252,1.9732439070032548,2.0176222546128795,2.1990469249813973,1.8041076776494736,0.011496767940941028,0.14964265404859808,0.19016643559385785,0.175
2023-08-28,2.0,2.0,0,3.1307812548214575,3.9204713363076715,3.61698765670209,3.5028746954488543,3.6561632378398885,0.16810478651436073,0.2064109972310658,0.20409417037731292,0.22413793103448276
2023-08-29,2.0,5.0,0,3.0723204454124744,3.0091790442653106,2.471486268743581,2.505941349452986,2.290785833753536,0.031660494037645155,0.22529422984339384,0.20820975056393787,0.22413793103448276
2023-08-30,2.0,3.0,0,3.1257596017035323,3.210402152500326,3.134562027943762,3.2115713441521647,2.965848819431828,0.08436657910009576,0.21988918725953774,0.20705190383192665,0.22413793103448276
2023-08-31,2.0,9.0,1,3.7822100969782104,3.7566822998524905,3.2673641701445537,3.289626065363244,3.3088834654001036,0.12254150614062893,0.19247514915303734,0.20091730902000615,0.175
2023-09-01,2.0,2.0,0,3.1961493331322806,3.3660599428923628,3.1429344127365946,3.241895154045094,2.9239276113733332,0.08021200599116504,0.17299161211210734,0.19623591734566945,0.175
2023-09-02,2.0,3.0,0,3.450897205337898,5.132913422153224,3.1056975826373985,3.2671485365016446,2.8632955967542286,0.07440711488087287,0.21248994213418892,0.2054411813141117,0.22413793103448276
2023-09-03,2.0,4.0,0,3.4049013060324236,3.627551796325159,2.773935814373786,2.8549608955125003,2.519793003779142,0.046147322575767834,0.21372839521577094,0.20571292841244823,0.22413793103448276
2023-09-04,2.0,2.0,0,2.17335943561565,1.8862981369911322,2.171135313899927,2.282064080250116,1.9715901762962085,0.016933897792193526,0.14372455393950706,0.18853108786577696,0.175
2023-09-05,2.0,5.0,0,3.3742562795760596,2.6688775144012284,3.9134850528003073,3.9840552244711978,3.6276794424540313,0.16413412319869297,0.22452518476260658,0.20804593637965038,0.22413793103448276
2023-09-06,2.0,4.0,0,3.448762878588841,3.3582472316439365,2.70810073909999,2.9232811182760376,2.238502520912891,0.02882631021955183,0.20595429769609416,0.20399206605490613,0.22413793103448276
2023-09-07,2.0,5.0,0,3.614334632929431,2.830752709961478,3.6645368619838696,3.679860914719962,3.3854680899635032,0.13203006710851328,0.2128297403816321,0.20551582962643936,0.22413793103448276
2023-09-08,2.0,2.0,0,2.999080156269871,3.0417606156965467,2.629335064196809,2.6428901085312653,2.3728256987723553,0.03645794809266854,0.20456951062430215,0.20368167348922944,0.175
2023-09-09,2.0,1.0,0,4.172539964686062,3.3932739745416547,3.530422184400868,3.506514498573987,3.187663609849749,0.1082229293342997,0.22902037313979587,0.208999230151719,0.22413793103448276
2023-09-10,2.0,3.0,0,3.8384518760096302,2.711733982175567,3.6796570279684646,3.615523191318732,3.3452885038249622,0.12701025705717348,0.2877808586470266,0.22069008974849175,0.22413793103448276
2023-09-11,2.0,4.0,0,2.636502034106986,2.312820115890871,2.7291460060579857,2.8018338128673634,2.5112490580550184,0.0455449970958202,0.22977256596193574,0.20915776660368834,0.22413793103448276
2023-09-12,2.0,1.0,0,2.8370503428975082,3.160127789875752,2.1775500011678206,2.2902762288190583,1.898743176048499,0.014390332754527084,0.19684160231862546,0.2019267679085923,0.175
2023-09-13,2.0,1.0,0,3.154113886728577,3.45819223938514,3.0280254642489948,3.1470683899117415,2.8359816702083425,0.0718714552908233,0.2874831612068061,0.22063379583183776,0.22413793103448276
2023-09-14,2.0,6.0,1,3.5737394582926627,3.429940255594914,3.479559938568618,3.5150884124110924,3.142503175117521,0.10311542905731573,0.23783425039007036,0.21083999941272485,0.22413793103448276
2023-09-15,2.0,4.0,0,3.538774614696166,3.4602260790242823,2.627541400042106,2.847799229839656,2.3371701086372134,0.034319847764313995,0.3040115259158307,0.22372421799067072,0.22413793103448276
2023-09-16,2.0,5.0,0,2.8470550289706025,2.2855329705852276,2.3561068348872753,2.508251421625605,2.1682954046326173,0.02528776738088302,0.2898769379669537,0.2210857668030634,0.22413793103448276
2023-09-19,2.0,2.0,0,3.798515135245612,3.7024010193063477,4.249588297075157,3.956151470650532,4.65076332454397,0.3247460593660738,0.21287354441506992,0.2055254478129119,0.22413793103448276
2023-09-20,2.0,3.0,0,2.4346024841861404,0.9317904128150386,3.574862115303718,3.497083973973189,3.6460757559229084,0.16669415084632724,0.1902036449436636,0.20038679003789675,0.175
2023-09-21,2.0,5.0,0,3.6760569470122424,2.4116303479053998,3.9956136131739846,4.089168135609474,4.015950206020803,0.2212884313853158,0.2674160947024024,0.21677885654751466,0.22413793103448276
2023-09-22,2.0,2.0,0,3.0163688650231792,2.4676127171213436,3.1407919234691297,3.2248193284177207,2.98149847886897,0.08594686890649571,0.26207830424228695,0.21573167962901643,0.22413793103448276
2023-09-23,2.0,2.0,0,3.122074478451956,2.3411721001794357,2.9610594813538653,3.0714299042116595,2.929267553241334,0.08073483367072927,0.1969225921647751,0.2019453661230185,0.175
2023-09-26,2.0,7.0,1,3.0648659792238853,2.747453049449774,3.2574495284089293,3.201195335068241,3.2167221865694438,0.11157525303126826,0.13427284954184093,0.18582303390649255,0.175
2023-09-27,2.0,12.0,1,3.1608444561711675,2.238395471893711,3.2482848398692505,3.287614981054388,3.217046889788466,0.11161300103919669,0.18461895918118237,0.19906608452517305,0.175
2023-09-28,2.0,2.0,0,3.243327576347349,4.607286445581735,4.127024121615241,4.144149128135805,4.002020532056794,0.21913596406436264,0.26357219945598187,0.21602574991163703,0.22413793103448276
2023-09-29,2.0,1.0,0,3.50015790481136,3.908347280558383,3.5898824555424063,3.637743735985078,3.4148025241057036,0.135752077547861,0.23988537737861573,0.21126325110131436,0.22413793103448276
2023-09-30,2.0,2.0,0,1.9580351936633775,1.6676582947780123,3.0306323430704154,3.0595219262153805,2.7841053435410212,0.06719213194745814,0.1854515637429399,0.19926450076647334,0.175
2023-10-01,2.0,4.0,0,2.9618655851599103,3.4195660440224183,2.634151102370323,2.7401871070449992,2.3980518934689234,0.0380203753533028,0.25025354375571013,0.21337512322065189,0.22413793103448276
2023-10-02,2.0,2.0,0,2.3723466409077134,1.7971295183259022,2.6484678803335875,2.6392642577189678,2.5454530910652364,0.04798549450913058,0.12695854484373315,0.18363691284432554,0.175
2023-10-03,2.0,4.0,0,2.7745076905115296,2.2773136763553796,3.022554394802183,3.026578014314124,2.819375301706086,0.07035403379703667,0.1367461365884599,0.18654380399206633,0.175
2023-10-04,2.0,4.0,0,2.773626720737367,2.4937024813627993,3.225752475207583,3.2055968109129056,3.0243820913153314,0.09035837547137891,0.10576225131849766,0.17675930760586891,0.16666666666666666
2023-10-05,2.0,6.0,1,2.8402333299234455,2.22191482097167,3.124171000434853,3.148820822276285,2.8781172076772887,0.07580374407415219,0.13422536158600484,0.18580910684301555,0.175
2023-10-06,2.0,4.0,0,3.0485665257111605,2.7864629811591435,3.1521046710187335,3.1882965048810403,2.935256634989097,0.08132343955374981,0.11986770592899788,0.18143281081168133,0.175
2023-10-07,2.0,1.0,0,2.928283531157015,2.6762788537244115,2.850992349496433,2.9377306187546584,2.58150135194069,0.05064201956830687,0.14204457787417835,0.18805870511150516,0.175
2023-10-08,2.0,1.0,0,3.2047973567210093,1.9796859582775173,3.1378745439667903,3.138102356080363,2.9834366786000786,0.0861436922647915,0.18586157366440337,0.1993620109643126,0.175
2023-10-09,2.0,4.0,0,3.321949858674455,2.0002205012672833,2.6350365307315773,2.715936444191014,2.390881249292731,0.0375720395003981,0.214973187357284,0.20598518008618238,0.22413793103448276
2023-10-10,2.0,1.0,0,3.709348041195867,2.6842108973309857,3.1648928273577264,3.1090914186923775,3.0648464548307115,0.09462918677915746,0.3196119625936047,0.22658226398779696,0.22413793103448276
2023-10-11,2.0,4.0,0,2.785006865622455,1.9719125860122442,3.352139791013081,3.2844723265056746,3.4868946840631105,0.14509911215391058,0.2252628726354322,0.20820307707916344,0.22413793103448276
2023-10-16,2.0,3.0,0,3.4443548336599177,3.1646761996428414,3.1692441944900756,3.0923192495010476,3.211334184932954,0.11094980597230236,0.27843447267964266,0.2189106835950571,0.22413793103448276
2023-10-17,2.0,1.0,0,3.2713567461548934,3.345120678258285,3.023076119215287,2.9805643325744966,3.0564603560938264,0.09373550269006539,0.22670488297021926,0.20850945184024472,0.22413793103448276
2023-10-18,2.0,1.0,0,3.056522004875116,2.587022848304569,3.2173184959252694,3.3146513571163614,3.132709200754987,0.10202436938395226,0.19660894537567447,0.20187331638105993,0.175
2023-10-19,2.0,7.0,1,2.9514965553656753,2.3702391588610676,3.3757202606871664,3.319438997021142,3.3726564703298374,0.13041956226346887,0.16052694154815086,0.19306636413025835,0.175
2023-10-20,2.0,6.0,1,3.165856782148868,2.624971724529605,3.3150650237736845,3.2650528034763813,3.3727096839009825,0.1304262324894258,0.1715054980300075,0.19586577336623323,0.175
2023-10-21,2.0,2.0,0,3.5090320922932374,2.3707451072298484,2.9911793694494544,3.0286150057592445,3.0868490837483784,0.09699513526538352,0.2341439714342621,0.21007371880168832,0.22413793103448276
2023-10-22,2.0,2.0,0,3.2111468696876972,2.3855778845983564,2.7212351319260915,2.8007361580046988,2.7244515196805548,0.06203340581632559,0.2260227270117769,0.20836464963914114,0.22413793103448276
2023-10-23,2.0,4.0,0,3.8377034694307506,3.6681072153081047,3.0437337543400282,3.0504945035177506,3.1582582268810047,0.10488302154996658,0.28772757876972804,0.2206800164388093,0.22413793103448276
2023-10-24,2.0,2.0,0,3.4070543312267385,3.082742184467967,3.2635754631756457,3.24722147195446,3.335641676975108,0.12581868244822375,0.25480233290439114,0.21428789448331528,0.22413793103448276
2023-10-25,2.0,2.0,0,3.061939616686934,2.5964966126008386,3.2466455522945314,3.241994227672519,3.2522918736021142,0.11574800348780039,0.29098174304029634,0.22129384245069308,0.22413793103448276
2023-10-26,2.0,7.0,1,3.0511428673277328,2.3779830335724235,3.227160368306735,3.3112466617975578,3.122385500543001,0.10088075323010941,0.29329002108570423,0.22172752993291245,0.22413793103448276
2023-10-27,2.0,6.0,1,3.558894318420685,3.5558189557361315,2.5100570139950276,2.74534217186461,2.4156889516876596,0.03913738218194687,0.30705658367902705,0.22428627334334011,0.22413793103448276
2023-10-28,2.0,4.0,0,5.2393078193019225,5.786186690367033,5.090532493637086,4.879296305998495,5.389577327832989,0.4497125530441089,0.33878225157359515,0.23002893493770518,0.22413793103448276
2023-10-29,2.0,2.0,0,2.9649733550630657,2.904698237453687,3.6695621854973863,3.5198311288415796,4.215692470475387,0.25282896750882317,0.2537660220996974,0.21408065109111765,0.22413793103448276
2023-10-30,2.0,6.0,1,2.906849598682755,2.3453015911128605,2.9512319783779257,2.9390272741081964,3.136209120849563,0.10241358070715362,0.2032038085413858,0.2033743732838043,0.175
2023-10-31,2.0,2.0,0,2.323462802381469,1.457503977858318,3.126480231169196,3.16447233529625,3.2233871503150047,0.11235135436006145,0.15780298803228526,0.19235292352315936,0.175
2023-11-01,2.0,6.0,1,2.922991350169315,3.324666464982495,2.916886282421572,2.966342544953933,3.1213535755407555,0.1007668059823209,0.20547117272654436,0.2038839125695656,0.175
2023-11-02,2.0,3.0,0,2.7277069363502084,2.5925627192844076,3.733343519327261,3.677157676214468,3.979405506849072,0.21565574184325192,0.199781142319776,0.20259894352820357,0.175
2023-11-03,2.0,3.0,0,3.38325240181499,3.783801615123943,3.840260459457697,3.7679182994805425,4.165739646386625,0.24483058100110905,0.2190513451523323,0.20687103828021647,0.22413793103448276
2023-11-04,2.0,6.0,1,2.736637854810371,1.927605989526746,3.1557665980913403,3.1148783896518344,3.3912050765713424,0.13275422373545662,0.20558744184872424,0.2039099541526632,0.175
2023-11-05,2.0,1.0,0,3.275882196522821,3.1853837804808123,2.838628753488657,2.913268565550499,2.977698778176276,0.08556171737835329,0.20901691433300276,0.20467432357840967,0.22413793103448276
2023-11-06,2.0,3.0,0,3.4325077627083496,2.4356842759465813,3.5403923573063216,3.44564009923946,3.91047141744704,0.20516122794474678,0.18913867669717113,0.20013675809583736,0.175
2023-11-07,2.0,6.0,1,4.076191507642055,4.306045913112548,3.675651269571203,3.651527276905052,3.881575086908126,0.20081516462534407,0.24469502105734395,0.21224852173234468,0.22413793103448276
2023-11-08,2.0,5.0,0,3.221268311968907,4.683542449006336,4.2508889070539935,4.091625309526181,4.626929103375735,0.32073025584211196,0.29163467814868116,0.2214166609653177,0.22413793103448276
2023-11-09,2.0,3.0,0,3.0426771288894976,4.001340264030719,4.126210004067231,4.061732368047489,4.350478127289124,0.27472457551633334,0.19902043017104276,0.20242555167947326,0.175
2023-11-10,2.0,5.0,0,3.0242081880919143,2.677537117301603,3.386299337751061,3.477559527714797,3.5916507174740215,0.15916793131952184,0.18969867353978662,0.20026833833829197,0.175
2023-11-11,2.0,5.0,0,4.438281531495849,5.801795697421314,3.8728428919432596,4.007873599993622,4.135594283503333,0.24003753911688808,0.3585167341743206,0.2335157490805807,0.22413793103448276
2023-11-12,2.0,2.0,0,2.7500000101616138,2.3484218131988173,3.5837367673358034,3.5250054840172367,3.8773047892621118,0.20017565561552428,0.2330101591674476,0.20983701984901193,0.22413793103448276
2023-11-13,2.0,5.0,0,2.0137272941901334,1.2269038389625375,3.372359181822351,3.324360889323048,3.4826263748602324,0.1445379377614235,0.23168434779374916,0.20955946895070554,0.22413793103448276
2023-11-14,2.0,6.0,1,2.7839262404290146,2.48919211838408,3.70173891509772,3.655887370275009,3.8975503238474953,0.20321388627882062,0.3090595554996831,0.22465483145328516,0.22413793103448276
2023-11-15,2.0,1.0,0,3.0886282976728476,2.812802219696551,4.224243496360172,4.045762773887054,4.775070100137594,0.34576970487497216,0.3324663321873071,0.22890053911585234,0.22413793103448276
2023-11-16,2.0,3.0,0,2.2372297999080173,1.6789101810355251,3.9617893170178284,3.9320508143760615,4.104352322213003,0.23509836871473289,0.24079118000395325,0.21144957201177103,0.22413793103448276
2023-11-17,2.0,3.0,0,3.604514459245836,3.5343274727014444,4.165668762336147,4.130756386662329,4.445606828770354,0.29041425272772414,0.3748849658030997,0.2363704613569315,0.22413793103448276
2023-11-18,2.0,5.0,0,2.577117210582481,2.1640456835548196,2.494837999298103,2.565907651774785,2.5655887371253097,0.04945866105975791,0.28521483278161586,0.22020405086619385,0.22413793103448276
2023-11-19,2.0,6.0,1,2.0293437824282874,1.4731941492131553,2.8801849004831537,2.8571100037756794,2.9770419229760465,0.08549523103668343,0.22208703863318202,0.20752456792359003,0.22413793103448276
2023-11-22,2.0,3.0,0,3.3887154214296715,4.2886325788825514,4.013089580486622,3.919635602175786,4.081265629645106,0.23146764500657566,0.3891657936651468,0.23883954811553312,0.22813803388451792
2023-11-23,2.0,1.0,0,2.7034118976363053,2.603025106194935,4.158361633266493,4.055767084997184,4.210781095831456,0.2520395754385134,0.317493487823825,0.22619717208101947,0.22413793103448276
2023-11-24,2.0,9.0,1,3.2699383691006885,3.6739426422100108,3.749671298108676,3.727910877201262,3.636401962973653,0.16534592243360888,0.32372504257147666,0.22732740711969981,0.22413793103448276
2023-11-25,2.0,6.0,1,2.954955552312711,3.161513307061252,3.679879565151362,3.6403474978287114,3.657425893772045,0.16828169648526836,0.23698346371105164,0.21066388613958545,0.22413793103448276
2023-11-26,2.0,5.0,0,2.8214734413486457,3.0448011937779933,3.085677518428781,3.0804120605196155,2.9991932503052956,0.08775278516251592,0.23027142185250699,0.2092627561801753,0.22413793103448276
2023-11-27,2.0,0.0,0,3.287564291151119,2.925169348229899,3.3122632591408494,3.2742511635525027,3.190753773396364,0.10857698665466786,0.24220941866171167,0.211740581177847,0.22413793103448276
2023-11-28,2.0,4.0,0,4.1964498402495884,3.904102836783882,3.0895545817951002,3.142929199184017,2.85010129083131,0.07317605847562175,0.2756746440994173,0.21838031579953382,0.22413793103448276
2023-11-29,2.0,5.0,0,3.6942420100008704,4.892758422419726,3.8642726842184043,3.8447808554739287,3.656967937191565,0.1682175237445555,0.3654597378170613,0.23473028758699768,0.22413793103448276
2023-11-30,2.0,4.0,0,3.868006844526029,3.6315034689493446,4.008548785372048,4.008931322764158,3.6870654312106614,0.17245598016703798,0.33204415678824567,0.22882487464523768,0.22413793103448276
2023-12-01,2.0,5.0,0,3.8014061939625883,2.9645784004891356,4.064350499668174,4.043685386515418,4.295054784114476,0.26566941576411673,0.2382819741038561,0.2109325475956356,0.22413793103448276
2023-12-02,2.0,7.0,1,3.595551161072794,3.9736227601289587,3.805708126345374,3.682525526632614,4.073709578290616,0.23028297132123443,0.2576655162980718,0.21485836760463778,0.22413793103448276
2023-12-03,2.0,2.0,0,2.9953348065407135,3.547864092430512,3.9448645881345223,3.835448339133911,4.168379367795856,0.2452515284073625,0.27432524422417215,0.21812013949413486,0.22413793103448276
2023-12-04,2.0,5.0,0,2.012281539902867,1.5497539675885699,3.771940181886039,3.64846613287451,3.940087058362264,0.20964846268504816,0.24394525278021306,0.21209558056990016,0.22413793103448276
2023-12-05,2.0,2.0,0,3.449484665898902,3.1069881346969663,3.40367744111676,3.3547571632874438,3.4871955012755764,0.14513869837491894,0.23512536409229948,0.21027811379741185,0.22413793103448276
2023-12-06,2.0,4.0,0,3.0548488102147324,2.891911088776921,3.6986914996487807,3.5844312768174227,3.9028151482788953,0.20400657674664938,0.22056915562155527,0.20719841112884582,0.22413793103448276
2023-12-07,2.0,1.0,0,3.6450276285023513,4.045363032063127,4.205115480363582,4.073785251978406,4.403171756391626,0.28339392678778375,0.251101878104221,0.21354596564989087,0.22413793103448276
2023-12-08,2.0,3.0,0,3.8224193331828165,3.716038426760485,3.8707228028204916,3.8247446750604674,3.846244038079588,0.19554583936007458,0.2962981582012579,0.22229062986188108,0.22413793103448276
2023-12-09,2.0,5.0,0,3.7188303909253,3.3678604108125025,3.979543045898946,3.8655342650924056,4.115673975719868,0.2368848629930029,0.2496237242194062,0.21324810150505807,0.22413793103448276
2023-12-10,2.0,1.0,0,4.7715625922807545,3.5260046771432747,4.0397462004027815,3.8796363377619643,4.303465002051259,0.2670390616732598,0.38710773290368194,0.23848477117681707,0.22501198644093212
2023-12-11,2.0,9.0,1,3.2209808943644958,1.969785854881175,3.7708540511460695,3.7684704051744937,3.737720654670135,0.179683570233112,0.24563741220081492,0.2124404202176936,0.22413793103448276
2023-12-12,2.0,8.0,1,4.026495031752823,3.217684911152783,3.797491493616402,3.746584714630138,3.901611279447044,0.20382522403442693,0.2499880289692874,0.21332159361695463,0.22413793103448276
2023-12-13,2.0,1.0,0,3.5881858085739453,4.5089990667093645,4.3092307727385535,4.193456972751201,4.503056878117101,0.29996813248370835,0.2656780749220995,0.21643896589197548,0.22413793103448276
2023-12-17,2.0,6.0,1,2.9501016397813435,2.6857442812484154,3.105482619277169,3.1743746025209667,3.041823084000111,0.09218637112269225,0.16732315634335623,0.19481313338058917,0.175
2023-12-18,2.0,2.0,0,3.7787737292859234,3.6562830839091043,3.484401070833688,3.4219502039673304,3.58520371902275,0.1582860140394586,0.30679602887287183,0.22423826338449665,0.22413793103448276
2023-12-19,2.0,2.0,0,3.0887372525933983,3.3817485512380423,3.641018461982327,3.6054635760085754,3.731943875226953,0.1788534777528102,0.3155476789205538,0.2258426650343728,0.22413793103448276
2023-12-20,2.0,4.0,0,3.524769062009318,3.511603570083751,3.3206262231514354,3.3422249091258873,3.3612037266931303,0.12898769771502147,0.26644610709541666,0.21658929024701815,0.22413793103448276
2023-12-21,2.0,3.0,0,3.7097183073535227,4.0375009434392926,3.9670679236310313,3.9380256647518155,3.9911589050796152,0.21746223500808967,0.3104565371076034,0.2249113559024193,0.22413793103448276
2023-12-22,2.0,4.0,0,4.0645917144220824,4.723013381774022,4.230993717402971,4.124746632983798,4.185632422176227,0.2480076123383648,0.34966171403613083,0.2319579759798293,0.22413793103448276
2023-12-23,2.0,5.0,0,4.084413096777671,4.238040291817589,3.5717348276156615,3.552376888135203,3.488020795352136,0.1452473280209233,0.29002412843702013,0.22111350714088113,0.22413793103448276
2023-12-24,2.0,2.0,0,4.694594602804269,3.308850305205758,3.00917189559679,3.110952229539843,2.79808375617346,0.06843535456863384,0.36017205866366003,0.23380583703053212,0.22413793103448276
2023-12-25,2.0,6.0,1,4.952931740651486,4.009173350388555,3.91555259095516,3.658455068564132,3.764345954756214,0.18352855357038414,0.45013281305665154,0.24925849695190233,0.22857142857142856
2023-12-26,2.0,2.0,0,4.208224822502512,3.7356220973495624,3.3877845719919097,3.318015259392981,3.3909816162366804,0.13272598284923573,0.3614824567861787,0.2340352419963768,0.22413793103448276
2023-12-27,2.0,2.0,0,3.7600145390514976,4.272108401363284,3.277584288629921,3.3061845805761023,3.0914256526998596,0.09749109657007184,0.31679946978223944,0.22607081787964395,0.22413793103448276
2023-12-28,2.0,3.0,0,3.4820172455057548,3.043792674853429,3.3727072641652898,3.4213467987684325,3.1871112192097564,0.10815970018874148,0.2774024692217068,0.21871263183764872,0.22413793103448276
2023-12-29,2.0,8.0,1,3.728785558196032,3.4203035234566697,3.652087003783712,3.60358612082555,3.599060988459459,0.16018416168306243,0.3216958487142134,0.22696019978062903,0.22413793103448276
2023-12-30,2.0,4.0,0,4.4443706395741795,4.6420727830373965,3.7951088272474203,3.8628215852083883,3.5752207900686965,0.15692448139535545,0.4061065450540963,0.24174891237817714,0.22857142857142856
2023-12-31,2.0,6.0,1,3.5017054168958692,2.7522412770692326,2.8449602796340443,2.857950248999189,2.5823184840193205,0.05070324346492276,0.2907558701038566,0.22125132882175957,0.22413793103448276
2024-01-01,2.0,4.0,0,3.5100026680064067,2.8990496642135715,5.58353939225752,5.074616319008471,6.138074154125817,0.5692838415952408,0.3411543376531585,0.2304510581125247,0.22413793103448276
2024-01-02,2.0,4.0,0,4.75112644755608,4.986210904260131,5.906741970961083,5.666598389348361,6.381435333854554,0.605151862509034,0.4879186048594109,0.25571328487335343,0.25
2024-01-03,2.0,3.0,0,4.90140383859563,5.684994798415621,6.129080975822724,5.854471443886063,6.4957145639700515,0.621382070031196,0.5030604654133686,0.25831955616262187,0.34194649539378735
2024-01-04,2.0,3.0,0,3.694994869319798,4.484034888186401,5.503085960069646,5.231374067492033,5.798068957521912,0.5164765956709925,0.5076936003123137,0.25912044994864775,0.3947789789423164
2024-01-07,2.0,1.0,0,3.937994566248137,3.5647231125519196,4.629243253147576,4.682560171460282,4.641354115079991,0.32316001768739394,0.43512163887445715,0.2467017752895764,0.22857142857142856
2024-01-08,2.0,8.0,1,4.770722147929446,5.020001699679366,5.872851592287065,5.577505736433197,6.429037889271868,0.6119615924124755,0.55128445955345,0.26676518412033395,0.4375
2024-01-09,2.0,5.0,0,4.968712416668594,5.058462223854962,6.682024507840898,6.359919046606641,7.1624808133396085,0.7076179410327038,0.6525120396087342,0.2858729392919255,0.4375
2024-01-10,2.0,8.0,1,4.848931941844593,4.515053523364403,6.30433796385093,6.132761110113006,6.497995090529952,0.621701817684007,0.6138481687983737,0.27827272412617626,0.4375
2024-01-11,2.0,5.0,0,3.932940079886734,5.356211896516733,5.807068321638369,5.748997630911581,5.701509726840837,0.5009796141472977,0.6123634885995766,0.2779895925972854,0.4375
2024-01-12,2.0,2.0,0,4.473804098386525,5.40714085215502,6.811520097843597,6.477143971111474,7.377372978530546,0.7322213108431629,0.5509448054195552,0.2667046813792948,0.4375
2024-01-13,2.0,3.0,0,4.72672480980101,4.88319423456263,5.996725412603589,5.923598222028377,6.132738160215297,0.5684783590446061,0.44617522649559455,0.24858441958195912,0.22857142857142856
2024-01-14,2.0,5.0,0,5.184283861866277,4.802140494582768,6.0060901582746595,5.744915433038305,6.394691296022582,0.6070551550157602,0.5349780475944941,0.2638788688050708,0.4375
2024-01-15,2.0,4.0,0,4.717726438040444,7.341565093897098,5.861640329039313,5.6573058214781735,6.008211731541149,0.5494615871479365,0.615324190644106,0.27855478097502206,0.4375
2024-01-16,2.0,5.0,0,5.3334711921174645,6.411719839341417,5.639207645377652,5.494022801135726,5.617806453994106,0.48739093608172335,0.6309910065696275,0.2815858739752822,0.4375
2024-01-17,2.0,6.0,1,4.829887544249894,4.927898468463265,6.377998790587984,6.221282961511978,6.5110481885514035,0.6235288127607613,0.5587279231065156,0.2680955323940233,0.4375
2024-01-18,2.0,5.0,0,4.852058738497286,5.2816435192947715,6.409007271212594,6.4911891648875075,6.168985142952274,0.5739343474476146,0.5595534742112835,0.26824361960067816,0.4375
2024-01-19,2.0,6.0,1,4.704024729457242,5.888586013687314,7.114618212213674,6.934342690836417,7.081618625447893,0.6979534060324422,0.6657593799099242,0.28859292980503093,0.4375
2024-01-20,2.0,7.0,1,4.080982835988231,3.559942990984275,5.6826114298789285,5.665353085324083,5.643189637692948,0.4915261531697932,0.532571510703613,0.2634558647262789,0.4375
2024-01-21,2.0,4.0,0,4.700801865656411,4.867883492286192,4.434291995298071,4.525049779918478,4.28622145385039,0.26423263347016535,0.5177127817236771,0.26085886900673905,0.4
2024-01-22,2.0,4.0,0,3.7630233467435366,2.245983541804152,4.566943845993125,4.572430617894099,4.5064443808116215,0.30053311466972427,0.4765849429255936,0.25377160685338307,0.22857142857142856
2024-01-23,2.0,5.0,0,4.2961099338279976,3.1949749741121476,4.255192936469967,4.332941109163648,4.176340238248376,0.24652220619565035,0.5012280495866339,0.25800327899618397,0.3210511230095157
2024-01-24,2.0,3.0,0,5.141920344727611,4.135313968261124,4.974065131963634,5.020689678499226,4.682057584562358,0.33002718904465483,0.5731297161700271,0.27069551998367175,0.4375
2024-01-25,2.0,2.0,0,3.465117294437464,4.4517185861503785,4.616541869440074,4.788009970570911,4.375894053628924,0.2788991343793721,0.5664815822948518,0.269490843410864,0.4375
2024-01-26,2.0,4.0,0,3.8572953624135207,3.1711996173830848,4.941126518816329,5.010188639722251,4.5945358532320615,0.3152821766944057,0.5101012150395958,0.2595373541214724,0.4
2024-01-27,2.0,4.0,0,4.075993963426535,4.15519479834178,4.690401116049163,4.7513298899853185,4.54225532520072,0.30651616594351944,0.45027227261139124,0.24928225257660883,0.22857142857142856
2024-01-28,2.0,1.0,0,4.076353817226982,2.982309294157485,4.038600147827009,4.1959490917279805,3.6823393419250112,0.171787634780768,0.4522993677968229,0.24962757145048553,0.22857142857142856
2024-01-29,2.0,0.0,0,4.745067546797612,3.7914830605236256,4.627730843687257,4.698792213827283,4.28159636065704,0.2634810724669458,0.5684631122773142,0.2698490792268989,0.4375
2024-01-30,2.0,3.0,0,5.890681573347368,5.3390294910250695,5.259945214507621,5.2392854119451755,5.046589794385151,0.39189220832949745,0.6921110234485235,0.2942193261908283,0.4375
2024-01-31,2.0,2.0,0,6.218500196595499,6.293552052758871,6.633885259164973,6.536132705151839,6.3704864277943205,0.6035757809362081,0.6888330748229917,0.29350224941870495,0.4375
2024-02-01,2.0,4.0,0,5.825197775208315,8.03341667648335,6.99577697709203,6.876102601067315,7.354857356942008,0.7297170027615177,0.6749823476894434,0.2905275281059358,0.4375
2024-02-02,2.0,5.0,0,5.423541386498121,5.622740081375798,6.574903440111242,6.4427821843164965,6.877467511934088,0.672567895700285,0.6470824371786396,0.28477671449677827,0.4375
2024-02-03,2.0,3.0,0,4.951788472141166,3.9789715386898243,5.761938002364074,5.73983402824602,5.971350572435785,0.5437541503426112,0.49266880948356834,0.25652923082910156,0.25
2024-02-04,2.0,3.0,0,5.259635248515816,4.630283113239591,5.366293333686803,5.206607695352154,5.8502843845079235,0.5247710754448998,0.6059550687947565,0.27677399809430353,0.4375
2024-02-05,2.0,6.0,1,5.648880728774273,6.105563973767103,5.242288240043308,5.105911771158414,5.466916812132838,0.4625728310282199,0.6853507000343424,0.2927460846428818,0.4375
2024-02-06,2.0,10.0,1,4.974377798357141,4.512708556193,4.762210939241294,4.7019740139886474,4.943128453682979,0.37431355847110526,0.5690639520946169,0.26995784065611333,0.4375
2024-02-07,2.0,4.0,0,5.441514463315976,4.961671896319164,5.1292409515607025,5.2351613964707955,5.156037690489463,0.4104457335736907,0.5949925088862682,0.2747177905808531,0.4375
2024-02-08,2.0,8.0,1,5.965671849863626,6.854817111960016,6.216995600286228,6.016224647615638,6.622269319134206,0.6388762591819392,0.7473580665335904,0.30722650289294734,0.4375
2024-02-09,2.0,6.0,1,4.093481241421614,4.248121383952135,5.368252313697519,5.543419498097939,5.340123505495929,0.4414467149490792,0.5234756310844704,0.26186322295323167,0.4111695525445259
2024-02-10,2.0,1.0,0,5.094514583731666,3.4056559402458646,4.740274222419961,4.73668664848415,4.984214834550051,0.3812967102612313,0.47080148907375924,0.25278308579425585,0.22857142857142856
2024-02-11,2.0,1.0,0,4.5806569504147285,3.2876805746626787,4.82379153987831,4.848408199249802,5.008411401777041,0.38540809578340035,0.4927666659636729,0.2565460547194782,0.25
2024-02-12,2.0,1.0,0,5.32062556144286,4.251662795841593,5.085686836183335,5.049808051602798,5.099431904632847,0.400857796606855,0.6802349163574631,0.2916454362855221,0.4375
2024-02-13,2.0,3.0,0,4.771007540705034,3.4989885987133453,5.237870358458997,5.161571448762583,5.4990261100291224,0.46788593976212006,0.6027938600290905,0.27617813088662635,0.4375
2024-02-14,2.0,2.0,0,4.972104885446051,4.001540522607168,5.198257370554391,5.199593580005491,5.301933066187997,0.4350431654692005,0.6034020517004592,0.27629258215090874,0.4375
2024-02-15,2.0,5.0,0,5.018777245038121,3.881214999829625,4.682525437305207,4.732833258259019,4.788841842641636,0.348105243738314,0.48106933478339203,0.25453908840937445,0.2369152701600199
2024-02-16,2.0,5.0,0,4.270148871412223,2.3227731742502913,5.165532818617813,5.073716931589368,5.3397208910166984,0.44137929585480934,0.46181426622502847,0.2512492878562036,0.22857142857142856
2024-02-17,2.0,1.0,0,4.71080982231165,4.040981853805197,5.260786356114852,5.348044579613346,5.08157606152329,0.3978296411207299,0.5560967228276443,0.2676242778648569,0.4375
2024-02-18,2.0,3.0,0,5.708581125241721,3.675907620505949,5.710283826506905,5.544678956244985,6.1381319616852466,0.5692925634830717,0.567381288240247,0.26965341343182886,0.4375
2024-02-19,2.0,3.0,0,4.023130095431076,4.260847366667818,5.235936242868438,5.149396577289108,5.285511100494338,0.4322846001155061,0.6200910918054688,0.27946970986293185,0.4375
2024-02-20,2.0,3.0,0,4.128500469266731,3.053276770319511,4.433175088348055,4.4309777176118486,4.391849706329178,0.28152652405804146,0.4574504607798868,0.25050531514930335,0.22857142857142856
2024-02-21,2.0,3.0,0,4.148020731144696,3.299643304836205,4.498575323221806,4.520709539686599,4.517405673702343,0.3023624699233875,0.46587667581974934,0.25194229365624343,0.22857142857142856
2024-02-22,2.0,3.0,0,4.1097107180989205,2.9954749769477957,4.730665248383587,4.7949702307557756,4.641432826329234,0.32317328177896854,0.43072193058001373,0.24595215067291562,0.22857142857142856
2024-02-23,2.0,1.0,0,5.289015285979099,4.664778003549468,5.860643359603837,5.702033773566456,6.0911576862306,0.56217486331556,0.5068172643152896,0.25896882750809025,0.3847859594953109
2024-02-24,2.0,4.0,0,3.6685357548989606,4.657322784207584,5.099892302826918,5.025139107258187,5.336282088777169,0.44080337807835224,0.47335408550408337,0.2532192164239383,0.22857142857142856
2024-02-25,2.0,4.0,0,5.176063523412473,3.8681949808148564,4.469879194159293,4.583857855415379,4.329148382655607,0.2712316586725259,0.4889275552381806,0.2558864767519832,0.25
2024-02-26,2.0,4.0,0,5.383553604770546,4.705111888565416,5.564244290969238,5.46390303663608,5.663165366079964,0.49477172615630627,0.6249068190035217,0.28040041661069454,0.4375
2024-02-27,2.0,1.0,0,5.049598248095929,5.423572317916672,5.2614603360721475,5.305811150691612,5.1340730421624,0.4067276696424597,0.5766030244371382,0.27132813007890183,0.4375
2024-02-28,2.0,6.0,1,5.111726753175018,4.622918212979136,5.5184939497112655,5.659442232219646,5.096725444368661,0.4003989129864,0.4956441076854705,0.257041042143328,0.25737641353875834
2024-02-29,2.0,3.0,0,5.12688943955554,4.641551807177518,5.607512429942495,5.663635179209675,5.284512537096426,0.43211676808642596,0.6122741884223681,0.2779725812600581,0.4375
2024-03-01,2.0,6.0,1,5.3881883885081745,5.85003543112093,5.653661400851607,5.627267505976323,5.937286933283153,0.5384492710975052,0.7441774668280497,0.306422630861973,0.4375
2024-03-04,2.0,7.0,1,3.3132897989903984,2.7550329188664375,4.759325316030423,4.718679210197691,5.051818356431715,0.39277984550422174,0.4991360999079909,0.2576425213633035,0.2971962387050631
2024-03-05,2.0,2.0,0,5.288645167256178,4.026349034861466,4.8803054963544,4.956948602167337,4.951279570623344,0.3756990535738893,0.5093638154243219,0.25940961151476466,0.4
2024-03-06,2.0,4.0,0,4.971448036989943,3.9784851987586625,4.997288163197139,5.10130660525398,4.924273826461101,0.3711086804620606,0.5972479963996241,0.2751385464593227,0.4375
2024-03-07,2.0,7.0,1,4.216066296246295,4.110741065601944,4.8820375863145395,5.011871050160471,4.9115871248409375,0.36895226997566655,0.476974422185992,0.2538382275331514,0.22857142857142856
2024-03-08,2.0,7.0,1,5.395357461301394,4.875547148067426,4.852048402818629,4.914627665618015,5.000875017681454,0.3841276714383395,0.5189251700854672,0.2610698807060515,0.4
2024-03-09,2.0,4.0,0,4.2908383620250525,3.5370225232471526,4.21193116993713,4.263142050687578,4.332091064850463,0.2717129621457693,0.3466057594412451,0.23141789371036553,0.22413793103448276
2024-03-10,2.0,1.0,0,4.2303961170465705,5.04915049457246,4.053641339742663,4.0891127051588425,4.200169721710953,0.2503362263403757,0.43858894217328914,0.24729238291959962,0.22857142857142856
2024-03-13,2.0,2.0,0,4.543546903540545,4.220084936806132,4.591639002969113,4.583711715115686,4.640207443128837,0.3229667924574967,0.32089245429842606,0.22681459611446772,0.22413793103448276
2024-03-14,2.0,4.0,0,4.5556137611122525,3.5836952356602634,5.2806743223769965,5.469043564370442,5.040118441761154,0.390793451298904,0.5329373850453453,0.2635201297993452,0.4375
2024-03-15,2.0,11.0,1,4.6866915928351505,5.0700860706589035,5.398537848218492,5.425675410603872,5.400894116147614,0.45159960251942516,0.43843736872128125,0.24726656641809192,0.22857142857142856
2024-03-16,2.0,2.0,0,4.606639942162316,4.7962641852715855,5.142856934190021,5.075937489708832,5.313119758589217,0.4369206149838026,0.5076790080111961,0.2591179246719785,0.3946125802672198
2024-03-17,2.0,8.0,1,5.13418779808927,4.557675811064513,4.551703429261434,4.600314821022184,4.40218686927362,0.28323138653798835,0.5759397512954701,0.2712071487636693,0.4375
2024-03-18,3.0,5.0,0,4.474105641989669,6.236430851196528,4.519144223014367,4.451056069305432,4.499357092756949,0.302358944394636,0.5112559876477046,0.23895722072440284,0.296875
2024-03-19,3.0,3.0,0,3.706754942376761,3.7090429776998617,4.037929955650223,4.059517704695,3.835698259186855,0.19960642698194256,0.3637684768244985,0.21944881459410928,0.19718309859154928
2024-03-20,3.0,3.0,0,4.823221233829688,4.676259546846047,5.583368430908765,5.236571253326729,5.817660419205566,0.5128550357205648,0.4385637550519552,0.22938062665065367,0.19718309859154928
2024-03-21,3.0,3.0,0,4.736481368873823,4.560964829558382,4.79100579882487,4.860387626658121,4.694021365106723,0.3338844090980108,0.45658249101926773,0.23174530404113025,0.19718309859154928
2024-03-22,3.0,4.0,0,3.435469539993071,3.0144701375409606,4.383898062742068,4.449417591510316,4.236548316399986,0.2605087790106371,0.33304820471746877,0.21523712974324308,0.19718309859154928
2024-03-23,3.0,2.0,0,5.075629676177156,4.833354116797717,4.1476275371512346,4.049915809381965,4.260775670338037,0.2643180264562934,0.35840857664086373,0.21872186880907574,0.19718309859154928
2024-03-24,3.0,1.0,0,2.599234172846314,2.888896609909213,3.6131512094892924,3.6364398772352238,3.438203062179545,0.1447619647012301,0.27293420120096656,0.20655321319067482,0.19718309859154928
2024-03-25,3.0,4.0,0,4.825805477751733,5.614283296799556,4.303933910591146,4.313853344405651,4.039754007547915,0.23005439093584348,0.39905615239203707,0.22417265979617387,0.19718309859154928
2024-03-26,3.0,5.0,0,4.767552370931113,4.5793469302307575,4.408015599716745,4.379567987180329,4.082827242475365,0.23663866815758938,0.3999345148381156,0.22428913965387057,0.19718309859154928
2024-03-27,3.0,4.0,0,4.733873096226033,5.147963348779147,4.375096116664692,4.377001140926712,4.066505055067398,0.23413779500127507,0.39888962778170167,0.2241505720909582,0.19718309859154928
2024-03-28,3.0,4.0,0,4.8835476455573374,5.617381327654444,5.1599104852951125,5.142663066762363,4.915156081097893,0.36989534283700537,0.42745865830259744,0.22792158278654417,0.19718309859154928
2024-03-29,3.0,3.0,0,3.97008568454622,4.284444336020863,5.325018671129915,5.420600250345272,5.006527465749191,0.38476212085003103,0.3479859853061677,0.21729932852371353,0.19718309859154928
2024-03-30,3.0,1.0,0,4.7342109686061296,5.576871080528596,4.58379177771936,4.699020721799414,4.334146993118828,0.27592158990638194,0.4460139947277674,0.23035850730573848,0.19718309859154928
2024-03-31,3.0,3.0,0,4.38638608214496,5.007977626621529,4.020788681241643,4.153287478135897,3.6145931329121987,0.16827188929315626,0.5042205554934042,0.2380222799062938,0.296875
2024-04-01,3.0,3.0,0,4.542121568451276,5.329700040386925,4.291678701847886,4.225165041384283,4.496063843915673,0.30182849684780955,0.3588459747842119,0.21878130358553027,0.19718309859154928
2024-04-02,3.0,3.0,0,4.295902793718358,6.010100816856547,4.203698846876499,4.127997637893552,4.239303913269533,0.26094144817620574,0.3694232702178358,0.220212665865293,0.19718309859154928
2024-04-03,3.0,6.0,1,4.8829394444810434,4.534185475363892,4.703734662476924,4.737410719688944,4.945171084955652,0.3747820748432797,0.3326951125590666,0.21518801649350056,0.19718309859154928
2024-04-04,3.0,3.0,0,4.142042005619565,4.01861064529391,4.593786130555753,4.5527512184442065,4.801034489192622,0.3513040514924873,0.2757155917270133,0.20697230557417462,0.19718309859154928
2024-04-05,3.0,3.0,0,4.114211891049918,4.228280435823721,4.921874912939087,4.801105344442584,5.336224342482805,0.4379310281255482,0.3015759864459161,0.21078038243746672,0.19718309859154928
2024-04-06,3.0,6.0,1,4.2292967123216885,4.102393427931288,4.229781914004058,4.220208593949428,4.49113727375162,0.3010351937987689,0.27443193369784624,0.20677913774163942,0.19718309859154928
2024-04-07,3.0,2.0,0,3.934839892641906,3.984041359974259,3.5219193109062275,3.5848829044122206,3.487212847144472,0.15114923573018813,0.2695428359177304,0.2060394429525711,0.19718309859154928
2024-04-08,3.0,3.0,0,3.8956152353375835,3.0145004208881057,4.413274686105207,4.301091176884682,4.514267897107384,0.3047621214279082,0.25510161814745336,0.2038152778721633,0.19718309859154928
2024-04-09,3.0,4.0,0,3.288945483039394,3.661749951377682,3.5317401676242572,3.5374331421580267,3.5838342799461866,0.16407066143836732,0.2373517377881097,0.2009907994386552,0.19718309859154928
2024-04-10,3.0,3.0,0,2.9216140580346996,3.2804591519473605,4.055787191130382,3.9432844134099843,4.167402347157164,0.24970433386170413,0.2450976740275636,0.20223668267997963,0.19718309859154928
2024-04-11,3.0,3.0,0,3.619670272353565,3.255536335939614,4.589778278296223,4.5318837285481575,4.750498384577612,0.34307371538274206,0.26221134584587796,0.20491790940559032,0.19718309859154928
2024-04-12,3.0,4.0,0,3.0179898441656494,3.066386098928411,4.4721358748954705,4.340159393996804,4.605000382244524,0.31943170735825555,0.17208156843697697,0.18939556485810627,0.1956521739130435
2024-04-13,3.0,2.0,0,3.1576640764514043,3.6761966108864725,3.3776477849434428,3.435727014703866,3.4059955440499365,0.14062818966122612,0.15565232969476944,0.18604941118176324,0.1956521739130435
2024-04-14,3.0,1.0,0,2.6733817373736346,2.8242282758243658,3.396751442505896,3.309714508535425,3.4379534551409607,0.14472973169791412,0.22788138108859815,0.19943696767967475,0.1956521739130435
2024-04-15,3.0,3.0,0,2.829441200634805,2.375063532501814,3.760108958419409,3.7385606234916504,3.801230195855672,0.1945989345815226,0.1472566298388678,0.1842465322691557,0.1956521739130435
2024-04-16,3.0,2.0,0,4.291860401573046,3.8825945049926194,5.178409474429725,4.965191553285722,5.3558179688730005,0.4410546774899037,0.22922794235474517,0.19966006402358388,0.19718309859154928
2024-04-17,3.0,3.0,0,3.775431678826531,3.3051322093767124,4.461296130245603,4.350562215419649,4.436185857611227,0.29220613555856617,0.25547059821787554,0.20387288280369223,0.19718309859154928
2024-04-18,3.0,7.0,1,3.614310246407817,3.966105680340112,3.876128333489484,3.9245995039141652,3.846827603198136,0.20123226071853717,0.18498877753015264,0.191879844565587,0.1956521739130435
2024-04-19,3.0,7.0,1,3.8882377963496366,3.734589462508059,4.094474319847543,4.129360448953604,4.053235034376579,0.23210977837080635,0.2567239090747845,0.20406823220350107,0.19718309859154928
2024-04-20,3.0,1.0,0,3.9051365450835847,3.7133971589356314,3.2988412737486255,3.4215973365135817,3.150464900680065,0.10974843694555779,0.2707464170126186,0.20622213164543343,0.19718309859154928
2024-04-21,3.0,4.0,0,3.5622551423645232,3.6457102071147975,3.1365951951196465,3.2109827465099032,2.8976183472875623,0.08285566214206835,0.3650520321285833,0.21962246773869273,0.19718309859154928
2024-04-22,3.0,4.0,0,4.271098617217763,3.092080086724739,3.9633977489510133,3.8043612441868637,3.8577343120074894,0.2028297368572983,0.4007566475207465,0.2243981245114324,0.19718309859154928
2024-04-23,3.0,3.0,0,3.159173380812268,3.696243863752834,3.67142238903082,3.6990216132740796,3.5116454123774568,0.15437612877763934,0.28885161925572916,0.20892560876204153,0.19718309859154928
2024-04-24,3.0,5.0,0,3.7470550800459232,3.798913971743461,4.325195478408007,4.265373219789951,4.511301737824682,0.3042838754347398,0.289063601765391,0.20895679624838662,0.19718309859154928
2024-04-25,3.0,3.0,0,4.5507966203127515,5.329840611598184,4.161862994584223,4.150320398154602,4.082652169456082,0.2366118066385126,0.3409876594291737,0.21633686110521058,0.19718309859154928
2024-04-26,3.0,4.0,0,4.342031030490089,4.766766508165841,4.014103920135383,4.140753564506441,3.7718820264567867,0.1903692214036053,0.34028603918258044,0.21624002159368305,0.19718309859154928
2024-04-27,3.0,4.0,0,3.662400797502713,4.856339145287784,3.722734072690215,3.7790582056544717,3.642655223847884,0.1721402861684243,0.3439298437918141,0.2167422500818134,0.19718309859154928
2024-04-28,3.0,8.0,1,3.0625921971063406,2.571071838822636,3.146491772940125,3.1502381032304947,3.022145787137624,0.09562072733400345,0.31596413799838907,0.2128389146466441,0.19718309859154928
2024-04-29,3.0,8.0,1,5.659394085779545,5.029527000894513,5.174632906496221,5.034979836272569,4.963859056430954,0.37782331966291743,0.41504560481765473,0.2262870478749268,0.19718309859154928
2024-04-30,3.0,2.0,0,4.35923220231845,4.9780161644406045,5.361055627298219,5.371939666680156,5.205214707622104,0.4169252827314415,0.393892419972835,0.2234869988292976,0.19718309859154928
2024-05-01,3.0,5.0,0,3.369473380678918,3.7571087615257897,4.338378817236771,4.296334902863038,4.429272974348931,0.29109814214041996,0.3797387357811372,0.22159867389875904,0.19718309859154928
2024-05-02,3.0,2.0,0,3.1113450090596526,3.894315202002781,4.381594422263521,4.308240931613692,4.610431224849297,0.3203119565727707,0.26217316397922924,0.20491202830707372,0.19718309859154928
2024-05-03,3.0,6.0,1,3.10316761368818,3.1607561470547343,5.626193713458779,5.345446430427657,6.057309245379504,0.5483744187891206,0.31160557811779915,0.21221935116594154,0.19718309859154928
2024-05-04,3.0,5.0,0,3.8819200847924584,4.036421961933551,3.8814573824077034,3.9634150996544393,3.9766666167678553,0.2205037563384054,0.3257783114925364,0.21422220715847648,0.19718309859154928
2024-05-05,3.0,6.0,1,4.095836091928564,2.9922458179874436,3.391055327730192,3.4809394464083825,3.4824072214329873,0.15051784859019943,0.31168168448411526,0.2122301985471304,0.19718309859154928
2024-05-06,3.0,1.0,0,3.4726525304529527,3.537830618487339,4.681270510746682,4.681492312671706,4.917209211289562,0.37022968378671706,0.3246389918158366,0.21406242149152593,0.19718309859154928
2024-05-07,3.0,2.0,0,3.6623794254339046,3.5360139538608553,4.787641080164967,4.518847011824413,4.951568980851417,0.3758233853314592,0.30462954668699177,0.21122051929448912,0.19718309859154928
2024-05-08,3.0,2.0,0,2.704407102439693,1.9160168862922748,4.510047957978982,4.496151026072889,4.687848050698377,0.33288073467581186,0.2261516987449659,0.19914930517837534,0.1956521739130435
2024-05-09,3.0,3.0,0,3.196962655625931,2.931837189295859,4.781119509154605,4.679700699874758,5.220240842642316,0.41934421262752086,0.2410219493621916,0.20158381529959427,0.19718309859154928
2024-05-10,3.0,1.0,0,2.75122298649901,2.291283835840023,4.082567295250868,4.0289373510462,4.368992950295514,0.2814649515137948,0.24834735647775216,0.20275310679515324,0.19718309859154928
2024-05-11,3.0,4.0,0,2.9614715538503837,2.791556111549616,4.2111402987422615,4.095403413252356,4.428179098803333,0.29092287483979384,0.1710631690430537,0.1891944721270088,0.1956521739130435
2024-05-12,3.0,8.0,1,2.941869015995052,2.255988429820779,3.518352842530077,3.4572603967218165,3.583306459335815,0.1639989294521064,0.15816036157762425,0.1865750659473306,0.1956521739130435
2024-05-13,3.0,5.0,0,3.05333739831821,3.2492633102714406,4.238968766416354,4.065338727370291,4.642520425649103,0.32551728366737587,0.1627284137043246,0.18751820066705455,0.1956521739130435
2024-05-14,3.0,3.0,0,2.7967066280114006,3.5649902248022003,4.0394062659255905,3.9038679835477406,4.315066456699848,0.27289476342230384,0.1887268876652927,0.1925785118497325,0.1956521739130435
2024-05-17,3.0,4.0,0,3.0496417221138614,2.7278900342018795,5.342128582582032,5.095197000158594,5.970831853483379,0.535714789052071,0.22449440436087534,0.19887251193366037,0.1956521739130435
2024-05-18,3.0,7.0,1,2.7224721288767997,2.782482149545771,3.9961976552363434,3.866390981218765,4.188664061731985,0.25301553399590904,0.1876605538878631,0.19238010741735295,0.1956521739130435
2024-05-19,3.0,3.0,0,3.5263599178622607,2.812799617205606,3.5644617477670475,3.5051294048597343,3.7125100587352344,0.18191187461665181,0.2517477056088305,0.20328969087355162,0.19718309859154928
2024-05-20,3.0,6.0,1,2.971714851520564,2.726400577072502,3.5787301283660615,3.5040642649370395,3.6717770432383814,0.17618974029593124,0.21019850848898916,0.1964344007583696,0.1956521739130435
2024-05-21,3.0,3.0,0,2.4892925814054543,3.4591488197541276,3.6733936267011784,3.760490761433271,3.7486180522767816,0.18703921660670408,0.24679085144852864,0.20250620245559722,0.19718309859154928
2024-05-22,3.0,3.0,0,2.0119102029531692,1.7551730697639985,3.784208924271039,3.5752882376132296,3.994324283909538,0.22316532066857703,0.166054239510408,0.1881937622266132,0.1956521739130435
2024-05-23,3.0,4.0,0,3.167602142190261,2.7912203674173504,4.375133850510647,4.163098115846772,4.557540479033103,0.31174918259770473,0.21522055963081346,0.1973015901643273,0.1956521739130435
2024-05-24,3.0,7.0,1,3.77394129289354,3.9947393098665156,4.65914790678463,4.478555120131417,4.692755832703307,0.3336786409671125,0.33546192957215454,0.2155723894086417,0.19718309859154928
2024-05-25,3.0,4.0,0,3.39954386809742,3.059289440562245,3.4673081185444037,3.5099589932518853,3.4804734929581658,0.15026409475610633,0.26922308103275244,0.2059908418886417,0.19718309859154928
2024-05-26,3.0,7.0,1,3.2338612781666294,3.3882853508252717,3.187897361806062,3.2088723547234874,3.132022286209798,0.10765882390791782,0.2190317741750534,0.19795182053723834,0.1956521739130435
2024-05-27,3.0,6.0,1,3.0696412751936366,2.1378359497967496,3.744338017372159,3.5027490383253457,3.8053141262453556,0.1951900195584322,0.1941133124926804,0.19357013803576392,0.1956521739130435
2024-05-28,3.0,4.0,0,2.2497542087555575,1.6494185017778562,3.6577128317002834,3.6037797924333366,3.758948436897766,0.18851538000888432,0.2493998293258344,0.2029195974717333,0.19718309859154928
2024-05-29,3.0,8.0,1,2.654350450363904,3.459315099572867,3.891002044092922,3.91369878033028,3.828420746024281,0.19854563519463445,0.31374733142922895,0.21252421748666625,0.19718309859154928
2024-05-30,3.0,2.0,0,1.9589707933686722,1.7133759134263786,3.909822120125151,3.714931989786215,4.109667713306764,0.24076610032698884,0.23654632066113204,0.20085999816773298,0.19718309859154928
2024-05-31,3.0,9.0,1,1.511316569194349,1.9427877576467827,3.6381515256026575,3.562221208594103,3.6529584616568798,0.17356894610590398,0.183680237880901,0.1916331616720526,0.1956521739130435
2024-06-01,3.0,1.0,0,2.3838686954293173,3.004680866359298,2.618791513285004,2.8079175423938985,2.397114277970826,0.041511112426536254,0.30779175813448084,0.21167441490292732,0.19718309859154928
2024-06-02,3.0,2.0,0,3.0848297552408246,2.932736245889338,2.7567637048366054,2.79528625048719,2.6492399432326574,0.06030832627069623,0.3306796525483253,0.21490732990625203,0.19718309859154928
2024-06-03,3.0,7.0,1,3.1544268220209837,3.0915894904284533,2.8435602419248305,2.9377907809855435,2.743890320760266,0.0684339756829892,0.22754642243294135,0.19938135723961506,0.1956521739130435
2024-06-04,3.0,4.0,0,3.2997961860819998,3.27148157579862,2.710406040131246,2.7853203451695996,2.4939233385648736,0.048238248736246846,0.31065147201319865,0.21208327422731846,0.19718309859154928
2024-06-05,3.0,8.0,1,4.231951850306646,3.741521792540551,5.217566583859854,5.040411917188273,5.0824782900000685,0.3970905351265148,0.4377811823700047,0.22927787658617807,0.19718309859154928
2024-06-06,3.0,6.0,1,3.324449853210308,2.545078973809325,4.198622628558697,4.28683411025309,3.9211426546021486,0.21219620157431848,0.29335233047843023,0.20958561620835278,0.19718309859154928
2024-06-07,3.0,7.0,1,3.372309243585824,2.52223295089657,3.363518379565763,3.3918499197483976,3.1515622161213934,0.10987338110897688,0.32371959962296226,0.2139333309152456,0.19718309859154928
2024-06-08,3.0,4.0,0,4.031901588668937,3.9902047073525844,3.634202125334432,3.6130161475345703,3.396179861375572,0.13937861199979307,0.30242805071601725,0.21090338284974863,0.19718309859154928
2024-06-09,3.0,2.0,0,2.9103106897103053,2.667863546880949,3.6218277717434,3.6799177418529903,3.493929738054665,0.15203356434715817,0.263968093943605,0.20518803986518808,0.19718309859154928
2024-06-10,3.0,6.0,1,5.505694397580089,4.757225436506569,4.77642861046554,4.7751836403261425,4.3899025443018225,0.28480045067430526,0.3179802390315453,0.21312438298177644,0.19718309859154928
2024-06-11,3.0,16.0,1,5.258362989563927,4.713990637967622,5.547813021868291,5.40724438731956,5.297874153700229,0.4318028747939231,0.3556627126817988,0.21834828347514715,0.19718309859154928
2024-06-12,3.0,20.0,1,5.535735423714594,4.357788882728154,7.856683795562541,7.015528031971779,8.679835375829281,0.8297378917031188,0.32135369445423956,0.21360051600708238,0.19718309859154928
2024-06-13,3.0,15.0,1,3.981317528946242,3.448329656541999,7.23123925625387,6.952999850500975,7.50539606347893,0.7288679200547343,0.33883287828313435,0.21603924418763612,0.19718309859154928
2024-06-14,3.0,5.0,0,3.929456519827016,4.152439177013938,4.865204018373697,5.009695114251334,4.755653272329728,0.34391298639509915,0.29394548218492855,0.2096722677426409,0.19718309859154928
2024-06-15,3.0,5.0,0,3.9562516251543656,4.786291019460698,3.2896083883224843,3.452350647650227,3.1638934278554594,0.11128217942551698,0.29673290886317594,0.21007846665305627,0.19718309859154928
2024-06-16,3.0,3.0,0,3.3561516313282023,2.8005201295960624,3.1207891012341578,3.348518921059449,3.0216151280853643,0.09556432595024898,0.31070896380084795,0.21209147852582108,0.19718309859154928
2024-06-17,3.0,5.0,0,4.130185205131114,4.627471013491593,4.870857444346274,4.8339876221991185,4.918744467148542,0.37047968558386085,0.2929185289255942,0.20952219540266762,0.19718309859154928
2024-06-18,3.0,8.0,1,4.29410423374924,4.5572552996069415,4.569223706257073,4.678066419982329,4.44844481683716,0.294172537901022,0.29558573050057235,0.20991149319593352,0.19718309859154928
2024-06-19,3.0,6.0,1,3.721445441862476,4.952594140266379,4.30269349030489,4.552504916031434,4.141906250232171,0.24574733216023859,0.33782732569498747,0.21590014462414747,0.19718309859154928
2024-06-20,3.0,6.0,1,4.7448208156801535,5.466349954083116,7.2970640286146455,7.073005792545541,7.654642197920669,0.7438760390716816,0.3361467583692258,0.21566736068085465,0.19718309859154928
2024-06-21,3.0,15.0,1,5.114540864604318,5.234442341213372,8.07132776209922,7.748444072624162,7.8905379723649824,0.7662474350676574,0.34082759786668937,0.21631477469921806,0.19718309859154928
2024-06-22,3.0,2.0,0,4.756717176583597,6.267493522670347,5.997236506852229,6.219850038870446,5.838525838757184,0.5160005392465995,0.34520235168530783,0.21691723939969262,0.19718309859154928
2024-06-23,3.0,6.0,1,4.271740682590589,3.226103436183489,4.543614870082769,4.646255640798344,4.353592171103793,0.27901254853839735,0.3190362620238676,0.2132736347735724,0.19718309859154928
2024-06-24,3.0,4.0,0,3.9248928418555336,3.9166220172726502,4.663034451484788,4.536247952177911,4.699499549944469,0.33477521308314745,0.26899162429184825,0.20595564423241536,0.19718309859154928
2024-06-25,3.0,3.0,0,4.535043425562098,4.884863202567803,5.30064927603885,5.278167241141391,5.4537422458441105,0.45658529069196907,0.289853088798176,0.2090728588018524,0.19718309859154928
2024-06-26,3.0,6.0,1,5.2756813613626745,6.19874975259444,5.508309601459669,5.821663592230651,5.369435364749428,0.44322255494533225,0.39286273112090997,0.22335008054039157,0.19718309859154928
2024-06-27,3.0,3.0,0,4.816140318318304,4.2020306462769925,6.898383420618444,6.888094265246217,7.0113466819924835,0.6743529085087829,0.2590763490063063,0.20443359483163495,0.19718309859154928
2024-06-28,3.0,2.0,0,3.7536356175919723,4.845731360002847,6.3269615524454785,6.0630523846731705,6.4723222779633565,0.6063990850904595,0.32199819330103246,0.21369126801780625,0.19718309859154928
2024-06-29,3.0,8.0,1,4.5364571883734675,4.845231135962014,5.732833064967023,5.646923368495602,5.934670528607964,0.5303671670231237,0.348922090606653,0.21742760827430418,0.19718309859154928
2024-06-30,3.0,3.0,0,2.2519726611462705,2.1149380634906834,4.4735097631296155,4.216075146387835,4.73267449743961,0.3401723899272564,0.27459079299388306,0.20680306639348067,0.19718309859154928
2024-07-01,3.0,3.0,0,3.715281612359515,3.4343177532804745,4.485545984011366,4.51628901225886,4.288640475786773,0.26871325682524005,0.3899923894485746,0.22296805264867706,0.19718309859154928
2024-07-02,3.0,3.0,0,2.667465374418895,3.0719867550483233,4.296983319918803,4.389460958669629,4.022500793479525,0.22743119058830763,0.3268259604465919,0.21436895795961705,0.19718309859154928
2024-07-03,3.0,5.0,0,3.278996728754189,3.2363174476984287,4.712351609311357,4.624103204215562,4.489168462470436,0.300718241522964,0.3786535428448036,0.22145328382786367,0.19718309859154928
2024-07-04,3.0,4.0,0,3.6700345007051896,4.535501065040763,5.770931161301661,5.676160549677552,5.7315123061584785,0.4997682533529964,0.420293338436298,0.226978655009953,0.19718309859154928
2024-07-05,3.0,4.0,0,3.7869417807888235,2.956782033954338,5.702884002226921,5.5400177324993685,5.808144098279494,0.5114172459269368,0.36346815881176847,0.21940816082773623,0.19718309859154928
2024-07-06,3.0,4.0,0,2.5828850864719524,2.549520855260817,4.255036361251169,4.127450031027361,4.277682976405151,0.26698313563863,0.3106873680930742,0.2120883968061239,0.19718309859154928
2024-07-07,3.0,2.0,0,3.1676042754808478,3.0972478802263343,3.5961071309254127,3.4771161550211658,3.7003233036284064,0.18019290420441098,0.2791217004420655,0.2074828261683207,0.19718309859154928
2024-07-08,3.0,6.0,1,2.5221609958163844,2.810634087676469,4.053397384716541,3.7511135994107603,4.173066993273325,0.2505855252376317,0.2678337317091317,0.20577934215656973,0.19718309859154928
2024-07-09,3.0,8.0,1,2.6539124710288897,3.056272484203643,4.624454965316999,4.2732101963195115,5.086900088729311,0.3978071878549665,0.280981254609265,0.2077603197286629,0.19718309859154928
2024-07-10,3.0,6.0,1,3.2352729582296607,4.022488233601315,4.154418480639165,4.034995375078274,4.464601900737835,0.29676713962045637,0.36128584747028375,0.2191124709614322,0.19718309859154928
2024-07-11,3.0,5.0,0,3.387738239062063,3.237606835428891,4.611522133537053,4.354108480815065,4.97513661940409,0.3796580162790942,0.30580922435112,0.21139007029169535,0.19718309859154928
2024-07-12,3.0,2.0,0,3.5074198215449526,4.3597868069567465,4.44630038209628,4.2171607209984785,4.693882264475049,0.33386179179473047,0.27448820180205713,0.20678761404186893,0.19718309859154928
2024-07-13,3.0,4.0,0,4.1114279432891,3.709012038557585,3.38130555043525,3.3987767702852856,3.553701380753283,0.15999534130651433,0.3428482430499583,0.21659335164739058,0.19718309859154928
2024-07-14,3.0,6.0,1,2.66278582707476,3.4324924165223503,3.1825273119717417,3.129530261473672,3.3598355931836843,0.13479419484737665,0.26419951004378356,0.20522355756957184,0.19718309859154928
2024-07-15,3.0,6.0,1,2.6528396111353905,2.7948876415930077,2.9779425533631336,2.894540463101137,3.2024955795301695,0.11574799297993954,0.2937660977681571,0.20964607008565272,0.19718309859154928
2024-07-16,3.0,3.0,0,2.5863794119506953,3.616875897636008,3.2778877812950515,3.2124246827955862,3.43618594119235,0.14450157100731487,0.2882960837149899,0.20884382846313826,0.19718309859154928
2024-07-17,3.0,10.0,1,2.0504914464204393,2.105110241834278,3.1635303744273324,3.0615163353030868,3.4875501408443683,0.15119359213772374,0.25218281456071895,0.2033580793558625,0.19718309859154928
2024-07-18,3.0,3.0,0,3.938701311448642,3.5055201310865702,3.561600655357154,3.6049723774125706,3.7573319631747415,0.18828412579879272,0.36733233276770294,0.21993057637261917,0.19718309859154928
2024-07-19,3.0,8.0,1,4.01472494249865,5.084245373596847,4.128502732555106,4.058400335117877,4.271425425289113,0.265996117645621,0.39485206162347103,0.2236145438398627,0.19718309859154928
2024-07-20,3.0,4.0,0,2.310105849723822,2.6842193503486285,3.1525929021521737,3.0969928730041345,3.3396457800879187,0.1322766878900152,0.24888456457535085,0.20283813383447255,0.19718309859154928
2024-07-21,3.0,4.0,0,2.6698633066857624,2.1378047469705286,2.710235473087893,2.6839861745118103,2.7814684632797917,0.07182036003012215,0.22093546093845837,0.19827415500028964,0.1956521739130435
2024-07-22,3.0,8.0,1,2.5598593563981087,2.4549062544943787,2.7501512782831092,2.6792994372803522,2.6540973382625066,0.06071118325449957,0.22742332407451682,0.19936090864901862,0.1956521739130435
2024-07-23,3.0,2.0,0,3.919658788839613,3.458552735620768,2.590850378637414,2.6387936275458115,2.631541460423549,0.058853462620227476,0.3046914337983495,0.21122942078400758,0.19718309859154928
2024-07-24,3.0,1.0,0,3.14580921743881,4.5443493495001315,2.4270379724849875,2.496753199067722,2.308766330322448,0.0359014849442611,0.19317003735329302,0.19339773408947541,0.1956521739130435
2024-07-25,3.0,2.0,0,2.910300906433185,2.7653986017153755,2.50066583187342,2.5309153272378384,2.421836479378364,0.04317108867441188,0.18678176233287247,0.1922160626550606,0.1956521739130435
2024-07-26,3.0,3.0,0,2.34757435855117,2.420096946862098,2.7573022374354887,2.8048745793772563,2.69953274998528,0.06455368007992666,0.25147873533782944,0.20324738467699563,0.19718309859154928
2024-07-27,3.0,5.0,0,3.3130853881892612,3.4981647277174526,2.7308385779211193,2.7115555954261286,2.7013187019473737,0.06470745384861065,0.33507667119371126,0.2155189333836945,0.19718309859154928
2024-07-28,3.0,3.0,0,2.8299948932138426,2.9495284887834026,2.7415460794174265,2.732376759808245,2.8903345931995688,0.08213865308711438,0.3462519061577972,0.21706141640780427,0.19718309859154928
2024-07-29,3.0,6.0,1,2.937955359689661,2.7313341184242605,2.6748430250522857,2.6628342328505417,2.550377287062137,0.05244321354497002,0.3012505871400548,0.21073337099215153,0.19718309859154928
2024-07-30,3.0,5.0,0,2.2797596125668673,1.7484012985910293,2.2279956036811024,2.3777840803582824,2.1233130521106913,0.02573468588465979,0.21359094639116907,0.19702151220988626,0.1956521739130435
2024-07-31,3.0,15.0,1,4.851152740814933,4.019973371571729,3.880941142228228,3.801915540969897,3.9319855790592233,0.21381099504131992,0.40131089401077313,0.22447157681244342,0.19718309859154928
2024-08-01,3.0,22.0,1,4.640309343976175,4.370918802169476,8.191142933723986,7.3576344168819166,7.9528933138448235,0.7718895004742343,0.3216102835535256,0.21363665446124,0.19718309859154928
2024-08-02,3.0,14.0,1,3.517589488484704,4.1085806580949935,4.57312638918037,4.63885616759866,4.229950696240181,0.25947348380842106,0.2894406812368668,0.20901224822098063,0.19718309859154928
2024-08-03,3.0,8.0,1,3.589194976291337,4.435659246780225,2.679530917790819,2.8360322342306734,2.412273430343221,0.04252427499465503,0.2843244724868703,0.20825710034299547,0.19718309859154928
2024-08-04,3.0,12.0,1,4.605822897368842,3.6070246771357475,2.8009214086343728,2.982246467977613,2.499254435507701,0.04862643578306527,0.34953886225716696,0.2175120704695019,0.19718309859154928
2024-08-05,3.0,9.0,1,4.907097558340104,5.040486085281415,3.212976089809235,3.1077135400123472,2.8036595232827093,0.07386259868196403,0.3023265834628057,0.21088874302454905,0.19718309859154928
2024-08-06,3.0,9.0,1,3.1296852181648487,3.609954841563965,3.0931628734178043,3.2582549318547414,2.78068138857662,0.07174850364406313,0.30247522431315427,0.21091018842274648,0.19718309859154928
2024-08-09,3.0,8.0,1,3.4661927069858507,4.31364457306851,4.262325240134259,4.205542462230843,4.03197739612405,0.2288709989530626,0.22339319215805842,0.19868795030096392,0.1956521739130435
2024-08-10,3.0,7.0,1,3.278496924427794,3.247512850453948,3.8950136844806034,3.988188870634171,3.612387773405932,0.16796930244811875,0.25441797766113955,0.20370843543903663,0.19718309859154928
2024-08-11,3.0,7.0,1,3.2096669388240353,4.093118750763879,3.791525831505527,3.8150253914761967,3.4843278023502746,0.15077005281732808,0.3167189392000112,0.2129458715134603,0.19718309859154928
2024-08-12,3.0,5.0,0,3.2815701641417916,3.533309836107954,3.798712918713288,3.822626821348726,3.5815764790992364,0.16376390742275684,0.26376627989104817,0.20515705289835232,0.19718309859154928
2024-08-13,3.0,5.0,0,2.850051535131304,3.536324188957288,3.7922546500683305,3.7933834435110407,3.570530218000893,0.1622663677915836,0.22906291863074266,0.1996327627279555,0.1956521739130435
2024-08-14,3.0,8.0,1,2.65914708832798,3.017352823772138,4.1421276325319685,4.238294259827556,4.017088476258696,0.2266100145590457,0.19419924178782771,0.193585817615717,0.1956521739130435
2024-08-15,3.0,2.0,0,3.399586919639652,3.3805030163958243,5.289000807089433,5.615532253401948,5.422081326085301,0.45157927393083963,0.2808174642294247,0.20773591210752512,0.19718309859154928
2024-08-16,3.0,3.0,0,3.534723629403492,4.438229366311313,4.540535176188797,4.479298452834676,4.740034245476116,0.341370272280272,0.2709771655563573,0.20625711166187372,0.19718309859154928
2024-08-17,3.0,5.0,0,3.0309775960365233,3.2995098669909453,3.8268187743796376,3.745454817489027,3.8784830465554587,0.2058799612879271,0.23777638894557462,0.2010596661014964,0.19718309859154928
2024-08-18,3.0,8.0,1,3.317908198973998,3.333795815503838,3.487880175849725,3.5070212894333985,3.6019299318706275,0.16653729019495608,0.3166013298191342,0.21292921245869187,0.19718309859154928
2024-08-19,3.0,2.0,0,3.7367170188450487,4.204786811417442,3.78420634296603,3.712870025252598,4.036715156622868,0.2295917599930203,0.24731713813471956,0.2025897774567955,0.19718309859154928
2024-08-20,3.0,3.0,0,3.492783892040686,3.879955408956332,3.7582511713195887,3.682226205716407,3.9815297856951117,0.22123586760356848,0.26588734863594665,0.20548214383065785,0.19718309859154928
2024-08-21,3.0,2.0,0,3.138528465465705,3.5265573617028267,4.2274251002561085,4.112716391348094,4.441048669503024,0.2929859228788604,0.2799432490201416,0.2076055275675532,0.19718309859154928
2024-08-22,3.0,6.0,1,3.475065651107142,4.053978374413391,4.134794538182335,4.106023285187426,4.265749411520443,0.2651014716089824,0.2675070531947943,0.20572953465051944,0.19718309859154928
2024-08-23,3.0,5.0,0,3.3825594150328304,2.752655577908284,4.070352409191569,4.017287541105869,4.166289395248142,0.24953128916239167,0.18835951092464362,0.19251023678939747,0.1956521739130435
2024-08-24,3.0,2.0,0,3.2837135523703957,3.537181079540015,3.7303013336719784,3.6704845827717176,3.786688946057341,0.19249925365001247,0.23707227347928042,0.20094544140108853,0.19718309859154928
2024-08-25,3.0,5.0,0,2.739428064590972,2.0705059042356533,3.4642347567410297,3.3719566824007328,3.7922060886606683,0.1932949888001355,0.16771680931627156,0.1885281037706534,0.1956521739130435
2024-08-26,3.0,8.0,1,3.470373174295389,3.414439845970948,3.7224725366350038,3.6424188186017736,3.9341212864633275,0.21412949588105126,0.23731412476455907,0.20098469641046252,0.19718309859154928
2024-08-27,3.0,4.0,0,3.1696341963857337,3.6711143900643535,3.8746679501862995,3.7583775815171356,4.223254946661975,0.25842370471517523,0.23949554049501795,0.20133778365735572,0.19718309859154928
2024-08-28,3.0,4.0,0,3.425214890582172,4.6843043680617855,4.184980335781129,4.006892490018129,4.555429477717189,0.3114079125231719,0.18856376317309556,0.19254820633850078,0.1956521739130435
2024-08-29,3.0,6.0,1,3.4016084368189174,3.5087626147293043,3.838292993517092,3.8197762145636953,4.111312879238816,0.24101968015367714,0.2578489464571837,0.20424317495778105,0.19718309859154928
2024-08-30,3.0,4.0,0,3.2746850389994697,4.456392047158314,3.9155272683768683,3.8633736840224358,4.15364618056332,0.2475674902282554,0.18197106327219673,0.19130926000429282,0.1956521739130435
2024-08-31,3.0,7.0,1,2.9217112224305715,3.2210796628793363,3.627495021716655,3.4730030557068456,3.9171069989665237,0.2115961435806107,0.15963834869630328,0.18688219904692935,0.1956521739130435
2024-09-01,3.0,3.0,0,2.6596920488269773,1.966181687563158,2.319385370840008,2.427762804388591,2.0284955945623535,0.02135004932043348,0.16386959124576464,0.18775103247949904,0.1956521739130435
2024-09-02,3.0,4.0,0,3.8459412869727236,2.8432924051743447,2.920318227342872,2.9986139939833976,2.686497821160461,0.06343760635949262,0.2556512510819161,0.2039010706939313,0.19718309859154928
2024-09-03,3.0,4.0,0,3.1444301493238567,2.6149896139118907,2.8155446548185226,2.853668139989303,2.7164251800751655,0.06601640595085226,0.20562999255837947,0.1956347884472745,0.1956521739130435
2024-09-04,3.0,10.0,1,3.1507426455191463,2.3488169796105667,2.9752607281271013,3.0349803619754483,2.740438763114753,0.06812748651799655,0.2229176534160503,0.19860809033753504,0.1956521739130435
2024-09-05,3.0,4.0,0,3.1020898238858843,3.133077537799985,3.165109125484057,3.2255274917049586,3.0727119231825,0.10107237658183832,0.21706002392928578,0.19761624937184089,0.1956521739130435
2024-09-06,3.0,7.0,1,3.3004918795898446,2.9545010438541737,2.889232335003908,2.9511669899431823,2.705478036041471,0.06506638063497291,0.179995453683863,0.19093243283743527,0.1956521739130435
2024-09-07,3.0,4.0,0,3.564751721267827,2.782348828004852,2.5283141287207154,2.5901640118855225,2.4740775048318477,0.04680946354052867,0.18860240463727107,0.19255538669713326,0.1956521739130435
2024-09-08,3.0,1.0,0,3.3531556392208586,2.7600357168498317,2.4562374712323876,2.4933127616663784,2.4262275516689913,0.04347007567172365,0.2079046690490129,0.19603422913279583,0.1956521739130435
2024-09-09,3.0,5.0,0,3.434168679754832,3.066734571151762,2.619805867022239,2.5990997821294144,2.5971506618448705,0.05608482056515348,0.20414176388004648,0.1953720126875022,0.1956521739130435
2024-09-10,3.0,5.0,0,2.8414782211193708,2.7088620109602237,2.306912497963696,2.3863981561491965,2.1613500158707235,0.027645750387836714,0.12912944439123905,0.1800943499306856,0.1956521739130435
2024-09-11,3.0,3.0,0,3.3253331707228355,3.5552989627904554,2.9862154833608034,2.9569061305068387,2.934875632110502,0.08657489651662002,0.2620428490555449,0.2048919528693568,0.19718309859154928
2024-09-12,3.0,1.0,0,3.271630582796309,3.181162120832727,3.133817061358533,3.1609805190252254,3.0077224534638196,0.0940937683262383,0.2739255081779846,0.20670281202043136,0.19718309859154928
2024-09-13,3.0,7.0,1,3.2473107575890485,2.9291992621051253,3.2203532592224495,3.1990797742656323,3.230226481283286,0.11900756943410301,0.23386610727450122,0.20042296014441124,0.19718309859154928
2024-09-14,3.0,5.0,0,3.2019128984422522,2.850839562682445,2.8426120377950967,2.8362340887637134,2.8736014010519044,0.08050401953751635,0.24578835575282004,0.2023467440108525,0.19718309859154928
2024-09-15,3.0,3.0,0,3.8072932152861223,2.111296093934793,2.6212127803224674,2.680617400245956,2.5476808496997356,0.0522376353377517,0.2323948774687147,0.20018188627112332,0.19718309859154928
2024-09-16,3.0,7.0,1,3.7629385176538013,2.7773688316956187,2.833290567729775,2.857024513530639,2.753127593479266,0.06925799296314887,0.2996271052464136,0.2104985033816025,0.19718309859154928
2024-09-17,3.0,1.0,0,2.649003162723975,2.072742900495316,2.70431524622477,2.7145970903245673,2.7037037827245354,0.06491313575001625,0.1858573760587414,0.19204297950201976,0.1956521739130435
2024-09-18,3.0,1.0,0,4.710409713168864,3.4682819334774653,3.4077166884530103,3.3983417366238045,3.299149385352071,0.12729120224559617,0.31046156649302253,0.21205616969988314,0.19718309859154928
2024-09-19,3.0,5.0,0,4.984606963407681,3.7043082274610812,4.197984296136648,4.061259409697417,4.227553165962287,0.25909748559583545,0.3117167753736664,0.2122351996725357,0.19718309859154928
2024-09-20,3.0,2.0,0,3.4526757984734497,2.283379625132787,3.0153540335488875,3.153115098905065,2.916925984699117,0.08477230009704026,0.22924483217245803,0.1996628576304041,0.19718309859154928
2024-09-21,3.0,6.0,1,3.1078591729881966,2.374688034921146,3.002834358012106,3.040563727946298,2.9642843361758153,0.08957124645969716,0.17192037954521303,0.18936378862841743,0.1956521739130435
2024-09-22,3.0,3.0,0,3.1060005515768,2.134742336155397,2.5275670919658855,2.5885889946984526,2.4638719233139517,0.04608472059187532,0.23503982749176608,0.20061468488331122,0.19718309859154928
2024-09-23,3.0,3.0,0,3.298962940359971,2.6900598882147335,2.7939576248667723,2.805324386904942,2.8164704611341693,0.07505588435298612,0.21151828368319517,0.19666346771789717,0.1956521739130435
2024-09-24,3.0,2.0,0,2.931921877213006,3.361302884734356,2.509344133957439,2.56463116297555,2.5138957641193085,0.04970209825887434,0.21836044152288936,0.19783776410099643,0.1956521739130435
2024-09-25,3.0,6.0,1,2.993883990005032,2.7590516973180086,2.6999264339921107,2.729804371757719,2.661072802004418,0.06129239044875672,0.2877990529281063,0.20877060114972762,0.19718309859154928
2024-09-26,3.0,1.0,0,3.1771221493687416,2.9677006423661645,3.405882687982828,3.39011961185257,3.5701648942881956,0.1622169334525752,0.3344461674654166,0.21543140358104812,0.19718309859154928
2024-09-27,3.0,4.0,0,3.2354219751770152,2.0570397039075767,3.02528146616759,3.0403206159718055,2.999974857632273,0.09327873564503293,0.21109769797776962,0.19659056079464973,0.1956521739130435
2024-09-28,3.0,2.0,0,2.325571733157762,2.018169903406992,2.188839678358951,2.2336817766690866,2.180946261313797,0.02866494629227863,0.15674261813785528,0.18627862340194307,0.1956521739130435
2024-09-29,3.0,4.0,0,2.135716697480712,1.6479951889436126,2.376537552955641,2.4706777896157894,2.3723616179238394,0.0398887436445541,0.1544492342782596,0.18579521339330093,0.1956521739130435
2024-10-02,3.0,1.0,0,2.934950766051589,2.140602118167586,3.54183759046422,3.5524032381123547,3.428670253376694,0.14353311374552352,0.30696640485088156,0.21155612914075195,0.19718309859154928
2024-10-03,3.0,3.0,0,3.3748132313448846,2.0691457985461295,3.5583609013709343,3.559238289669367,3.5961305989326813,0.16574522135443415,0.30224646798274873,0.2108771824196001,0.19718309859154928
2024-10-04,3.0,3.0,0,2.946248661138269,4.137800250147237,3.3287094158022,3.3337663299231997,3.263899297776486,0.12302247116872539,0.24559959155796307,0.20231668041380035,0.19718309859154928
2024-10-05,3.0,3.0,0,3.5443006775640695,3.554168768145887,2.9064135914965172,2.9601744112175377,2.896956162779411,0.08279034012207273,0.19077059506630126,0.19295680916948169,0.1956521739130435
2024-10-06,3.0,4.0,0,2.7424272155946907,3.3299815694538606,2.471450200082499,2.5126583850250555,2.349357769323639,0.03841645782714488,0.20032837191679254,0.1946933517363393,0.1956521739130435
2024-10-07,3.0,5.0,0,3.1317374532264233,2.882585872497999,2.637521910375441,2.648718763843119,2.5032737745710896,0.04892033301053466,0.18993210992859147,0.1928019115730009,0.1956521739130435
2024-10-08,3.0,2.0,0,2.388100608359781,1.8993488334167643,2.8783913879109084,2.903416941231071,2.7446853818064083,0.06850468369466245,0.12611105496057293,0.17936334608814306,0.1956521739130435
2024-10-09,3.0,2.0,0,2.7569144298019452,2.0248956342389404,3.0914423492241063,3.09759105506212,3.023047278079721,0.09571658158752457,0.11125155290094957,0.17556651399482567,0.09090909090909091
2024-10-10,3.0,1.0,0,3.641741124712783,3.137019282188402,3.833254931392247,3.8241620099553635,3.864805783321733,0.2038676572470545,0.2194825568686622,0.19802829312504452,0.1956521739130435
2024-10-11,3.0,4.0,0,4.00051806891459,3.4637121574775818,3.894488066586038,3.849324485132448,3.97590630489053,0.22038936121583794,0.26836361726450625,0.20586006903295004,0.19718309859154928
2024-10-12,3.0,4.0,0,2.902339053308252,2.3343819801412793,3.040798374846097,3.1394020279479453,3.065410642670798,0.10027582033381531,0.21514579195954822,0.197288767251535,0.1956521739130435
2024-10-13,3.0,4.0,0,3.61139115893223,3.1327927504929813,3.0186242428687797,3.066729442847291,3.063069612365992,0.10002108577227047,0.27219696549271605,0.20644178838176874,0.19718309859154928
2024-10-14,3.0,2.0,0,2.799243982336289,2.6425380353186743,3.5392729978940283,3.495283290475479,3.6589815280328897,0.17440616247296822,0.16716897557680122,0.18841817843218317,0.1956521739130435
2024-10-15,3.0,4.0,0,2.691915241950368,2.410819030988822,3.0744874602452272,3.0314102253874813,3.0972449812773486,0.10377188338633259,0.17753359019745743,0.19045911766312137,0.1956521739130435
2024-10-16,3.0,2.0,0,3.4722532215013153,2.987813559440127,3.4452368948988648,3.4981534901784164,3.3935421581517606,0.13904364499284644,0.24698288672876448,0.20253670878672556,0.19718309859154928
2024-10-19,3.0,4.0,0,2.809732625163339,3.0060333272608095,2.8081830316831975,2.839613996288029,2.830756601711311,0.07639888312299185,0.16195501624630812,0.1873597845303628,0.1956521739130435
2024-10-20,3.0,5.0,0,3.493059276792578,1.9337454971334453,3.886383051239494,3.7197809906053036,4.130074292188819,0.24391622103825866,0.22423816708188024,0.19882961301407648,0.1956521739130435
2024-10-21,3.0,1.0,0,3.488935159582899,3.3627642595815304,3.5314493045893407,3.4527093988348723,3.725056187109527,0.1836876692260608,0.2286578036639842,0.19956569428418705,0.1956521739130435
2024-10-22,3.0,1.0,0,2.338448380420725,2.8497343708876524,2.9955578113853054,2.9025166240982294,3.022232863117618,0.09562998386829975,0.20630232212521438,0.19575312624514302,0.1956521739130435
2024-10-23,3.0,3.0,0,3.1285873107769286,2.0917853463927853,3.248152905865766,3.224180913271508,3.2989476458078437,0.12726658279499822,0.1813421030279178,0.19118957805810144,0.1956521739130435
2024-10-24,3.0,4.0,0,2.2912951128210883,2.8555606813527445,3.5316343968911883,3.5096288823939914,3.5982635084076255,0.1660363623871875,0.21433182094079137,0.1971489993575035,0.1956521739130435
2024-10-25,3.0,2.0,0,3.176087524759699,2.980392844081057,4.537609847229968,4.4670548308430575,4.917376062046793,0.37025685410177483,0.33255895325190543,0.21516907264893328,0.19718309859154928
2024-10-26,3.0,2.0,0,3.7322126951690664,2.646151311411999,3.869807759175105,3.7922233922326525,3.8572858721313845,0.2027639744045084,0.3158422292476958,0.21282163072844784,0.19718309859154928
2024-10-27,3.0,0.0,0,3.511559277254706,3.3024438953555673,2.87370692458456,2.877949847746083,2.8836104122286628,0.08147967260255067,0.36054711852714766,0.21901226763815,0.19718309859154928
2024-10-28,3.0,2.0,0,2.9993790395472835,2.5219511109624944,2.8483150470663836,2.8388476589578104,2.9363122640680577,0.08672003220970607,0.2148863270696948,0.1972442479017799,0.1956521739130435
2024-10-29,3.0,3.0,0,3.5166635366346153,2.476785705539939,2.785440659149916,2.9337456743479007,2.8173510292768564,0.07513828916246279,0.29100947128894483,0.20924260692238372,0.19718309859154928
2024-10-30,3.0,3.0,0,4.237317917853789,4.1422631616532595,3.400223841784669,3.423368155655277,3.4870439954976864,0.15112703261571864,0.3183682710580175,0.21317924682987727,0.19718309859154928
2024-10-31,3.0,2.0,0,2.8630798069536545,3.9832763305742476,3.230735850806776,3.329195343554797,3.2307767725599197,0.1190726829629607,0.15969412855981266,0.1868937527550637,0.1956521739130435
2024-11-01,3.0,6.0,1,3.878110112754941,3.7207895531548596,3.9386234259507904,4.064615413197679,3.929450582051176,0.21343313430640998,0.2040756543063354,0.19536031301205967,0.1956521739130435
2024-11-02,3.0,4.0,0,3.5337157653097067,3.6130989612623448,3.350646346227753,3.3134241938211595,3.491668492878885,0.1517356169080563,0.2588938935743414,0.20440531749157023,0.19718309859154928
2024-11-03,3.0,3.0,0,3.2074133116668504,2.445246592376782,3.056650841377981,3.0735286928035386,3.0900759109473257,0.10297937768245308,0.26786558316766157,0.20578419685003274,0.19718309859154928
2024-11-04,3.0,4.0,0,3.2000327330706284,3.2151666170837614,2.9365053282441993,2.9273202325995102,2.949640425247441,0.08807257887432943,0.27420254538335254,0.20674457385940534,0.19718309859154928
2024-11-05,3.0,6.0,1,3.480500021774045,3.7928969236864245,3.2994410967145935,3.276974897748614,3.348748209761928,0.1334090806045669,0.2991475953806614,0.2104290309176283,0.19718309859154928
2024-11-06,3.0,5.0,0,3.985524566350891,4.107515367637536,4.155403308207024,4.058356980276628,4.416971463955396,0.28912805692148885,0.4600715727733932,0.23220322751707076,0.19718309859154928
2024-11-07,3.0,1.0,0,4.054310580789969,4.816355635611269,3.6357523150576334,3.6481137883389856,3.5441262709786603,0.15870888342071693,0.3993679309190163,0.2242140097160738,0.19718309859154928
2024-11-08,3.0,4.0,0,3.9810179867896296,3.6776158198369067,3.8244176300399446,3.788477384547265,3.913892392373571,0.21111854033694974,0.3183164946173857,0.21317192762614418,0.19718309859154928
2024-11-09,3.0,5.0,0,2.998301313673221,3.1419297064450733,2.7060437357497027,2.749167012410156,2.6969054373642587,0.06432783904057902,0.197588696575548,0.19420090460717077,0.1956521739130435
2024-11-10,3.0,2.0,0,3.087687425508834,2.342363910408322,2.6856216129516817,2.721867869899581,2.7028939611803273,0.06484325798523465,0.23229756873069113,0.20016591163545047,0.19718309859154928
2024-11-11,3.0,3.0,0,3.1820750972073895,3.2723417932099492,3.4946519598275523,3.4387233108975965,3.5586816126587464,0.16066609323868175,0.33382130707371516,0.2153446016663018,0.19718309859154928
2024-11-12,3.0,11.0,1,3.9556095777005083,3.609822048529689,3.7548594949816696,3.705418454974458,3.8330278316791686,0.19921696108933296,0.33585326788190206,0.2156266677667431,0.19718309859154928
2024-11-13,3.0,3.0,0,4.04670375977677,4.1386114554011,3.8781421583620825,3.8366354474120854,3.83104384788919,0.19892777126385114,0.4075391243612594,0.22529590194805904,0.19718309859154928
2024-11-14,3.0,4.0,0,3.754108062109621,2.919837906590446,3.6454543058752655,3.679886619912265,3.5306936619504703,0.15691117737544868,0.3074687419923455,0.21162813701868163,0.19718309859154928
2024-11-15,3.0,6.0,1,3.600783248833267,4.44530728017803,3.620115381190244,3.681449276087472,3.682621508852983,0.17770661650710187,0.3130867173806446,0.21243027004735934,0.19718309859154928
2024-11-16,3.0,7.0,1,3.20589407005558,2.733840268080825,3.407060343084897,3.454521542447545,3.4819270152023245,0.1504548168748322,0.3067516692132038,0.21152533316109023,0.19718309859154928
2024-11-17,3.0,0.0,0,3.6052469792444475,3.4503093733611783,3.1737290417184774,3.2672657663745137,3.1787166771241213,0.11298711852591009,0.3269629589860488,0.21438813567980333,0.19718309859154928
2024-11-18,3.0,3.0,0,2.839697877588882,3.0741973672339387,3.0305611699749613,3.0671904290802603,2.982879029292816,0.09149316032558662,0.2795674770132644,0.2075494253327725,0.19718309859154928
2024-11-21,3.0,3.0,0,3.7185763573514565,4.387162288569901,3.8142779333494814,3.809186617887817,3.9102187298333293,0.21057314129916946,0.33875493457018935,0.21602846701393283,0.19718309859154928
2024-11-22,3.0,7.0,1,3.1529673470569213,4.423594643277818,3.360850782515679,3.41638162171558,3.3884033383038936,0.13839206211238844,0.341707594317614,0.2164361611348941,0.19718309859154928
2024-11-23,4.0,2.0,0,3.4917571082045034,4.389449217716865,2.636690888537997,2.7595048670907634,2.5278509435178362,0.05262843215886862,0.41159563034827396,0.25717537397984747,0.2632850241545894
2024-11-24,4.0,3.0,0,3.5674095589590777,3.2753064506082326,2.6853873551197225,2.8047577415730323,2.5811119225357837,0.05679025054942382,0.41545940034472295,0.2577473494601698,0.2632850241545894
2024-11-25,4.0,9.0,1,2.698661042805459,2.278587805238247,2.897059049078546,3.02488562334234,2.722516726464711,0.06872367388870654,0.31811110264860226,0.24291272715099513,0.2632850241545894
2024-11-26,4.0,7.0,1,3.6192235545258016,4.380752208277067,2.8373559249979,2.9654008294696994,2.665311055524258,0.0637420114703296,0.41405122654077686,0.25753897562465355,0.2632850241545894
2024-11-27,4.0,6.0,1,3.548680200330218,3.6750120033902887,3.398115585549227,3.506946065303963,3.214414703159383,0.11979460416536969,0.4381985666199791,0.26110147955079976,0.2632850241545894
2024-11-28,4.0,4.0,0,3.4496835891613506,3.0765456205481776,3.791932388304741,3.90535687922492,3.5629106937399087,0.16391145555156098,0.48403160676737705,0.26784417273740385,0.2632850241545894
2024-11-29,4.0,3.0,0,3.6949312614603436,2.5010581274026222,3.637235691503634,3.764064695342526,3.393282969360811,0.14171078703875808,0.42459881542823324,0.25909760922695896,0.2632850241545894
2024-11-30,4.0,4.0,0,2.7383760561074553,2.0347442256478128,3.1724700120229654,3.2919425817505616,2.944204412047044,0.08996311570703344,0.30948835916182266,0.24153233467235138,0.2632850241545894
2024-12-01,4.0,4.0,0,4.170905162088981,3.01212084641787,3.1107742837879107,3.1757822254702615,3.2399063578873655,0.12281777058613756,0.3935465611641164,0.2544919327269455,0.2632850241545894
2024-12-02,4.0,9.0,1,3.4537636971992844,2.5522292622646785,3.6283512190249065,3.6443004468932436,3.787628780254997,0.1951641907142792,0.44554651456444305,0.26218242220961907,0.2632850241545894
2024-12-03,4.0,1.0,0,3.4387636702726416,2.8682704752927894,3.599617969855188,3.643898173228183,3.7159203323518772,0.1849838172070293,0.5280914602780108,0.2743894989904711,0.2632850241545894
2024-12-04,4.0,2.0,0,3.264079841003078,2.213586362257888,3.377566684171035,3.4350245316234522,3.4486615087804546,0.14881495737054035,0.40516122225124895,0.25622108207462646,0.2632850241545894
2024-12-05,4.0,3.0,0,4.807004958370979,3.5737875186781385,3.776197533280581,3.7931369676017366,3.9050063579783094,0.21220257757533345,0.44902326678586113,0.26269363288810166,0.2632850241545894
2024-12-06,4.0,4.0,0,4.414304002563968,4.770361530639386,3.719541948057876,3.7840967330571047,3.859135107299557,0.20549145864628332,0.4472913229495154,0.26243898788880304,0.2632850241545894
2024-12-07,4.0,4.0,0,4.04400244991727,3.5446912470569907,3.68231753024513,3.666315403512431,3.8822038290242546,0.20885837121257966,0.44942153096737797,0.26275218559789254,0.2632850241545894
2024-12-08,4.0,7.0,1,3.7066477677456082,3.0256895951791742,2.989707239295292,3.116491895582513,2.9911627432932635,0.09484605978338884,0.40332392770966896,0.2559481468645944,0.2632850241545894
2024-12-09,4.0,2.0,0,4.115337047439764,3.966122583602152,3.971754811845925,3.971841440885776,4.063273850348479,0.2358209377173198,0.48146770717278115,0.2674662046388661,0.2632850241545894
2024-12-10,4.0,3.0,0,4.095357660248368,3.7746476424288153,3.9629386794526837,3.9559015833437488,4.018644984295548,0.22909311156209364,0.43589307318403514,0.2607621193583076,0.2632850241545894
2024-12-11,4.0,5.0,0,4.522452607272879,4.02319869892088,4.223486647752025,4.198139231712148,4.267150859507057,0.2671229526212497,0.47637813690132724,0.26671646330184584,0.2632850241545894
2024-12-12,4.0,4.0,0,3.4904864805580096,3.903983188997894,4.592078483729728,4.539411048092506,4.655787747889765,0.3285169698905618,0.4473627734038385,0.262449493667467,0.2632850241545894
2024-12-13,4.0,7.0,1,4.276450723206015,4.480563154424643,4.3292246162446215,4.317690823907781,4.3377790948076145,0.2781472818353926,0.48894221470512866,0.2685687060937469,0.2632850241545894
2024-12-14,4.0,9.0,1,5.013704576823312,3.997099868849027,3.810067086635594,3.86984425604599,3.8367024352441486,0.20223355511732533,0.47443569232367616,0.26643049403200814,0.2632850241545894
2024-12-15,4.0,3.0,0,3.422685484862844,2.8148115568895573,3.0788126340933673,3.163452035466196,3.031308710283457,0.0991236155292863,0.4238629034919032,0.25898901038138333,0.2632850241545894
2024-12-16,4.0,6.0,1,3.634101866683157,2.7203087933590555,3.3673713952375746,3.378090345729317,3.3683513330061907,0.13856006541097332,0.4726508098379904,0.2661677933312984,0.2632850241545894
2024-12-17,4.0,3.0,0,3.6105993388405717,3.744451943343356,3.581353848491465,3.61152310900602,3.525400359645208,0.15889170110774709,0.43698211455969177,0.2609224365905172,0.2632850241545894
2024-12-18,4.0,4.0,0,4.720296795044763,3.910626709560031,4.164558533847406,4.191134744732366,4.063529031503294,0.23585954864968123,0.5234333177107293,0.2736915203382525,0.2632850241545894
2024-12-19,4.0,4.0,0,4.821345556395386,4.972576133774897,4.41073818456854,4.475425308971998,4.2507307671774415,0.26457168488121163,0.6070488955771409,0.28660873102586065,0.2857142857142857
2024-12-20,4.0,10.0,1,4.572965138744319,3.70904179102226,4.363870730742563,4.399056824563104,4.201593512301584,0.25696600207367404,0.5369554411551958,0.2757228720939366,0.2632850241545894
2024-12-21,4.0,8.0,1,4.344557847964821,3.794456967046334,3.265714564945435,3.3529617134753678,3.1671195178922096,0.11427769827885169,0.37026678058078366,0.25099329986619523,0.2632850241545894
2024-12-22,4.0,3.0,0,4.703436029539987,4.718486784142397,3.1973816274737437,3.2732590118945173,3.0696040234516486,0.10329106449069785,0.4465938500430944,0.2623364317161311,0.2632850241545894
2024-12-23,4.0,8.0,1,4.030205496658966,3.2688031240864808,3.923980284276173,3.929415976034108,3.7605664658219737,0.19130075061325777,0.44843931974129897,0.2626077789198465,0.2632850241545894
2024-12-24,4.0,10.0,1,3.6092555168253595,3.0580412611330203,3.6087731266017227,3.641946750587385,3.446199531157418,0.14849608267454772,0.4986682208207808,0.270006582994731,0.2632850241545894
2024-12-25,4.0,5.0,0,4.104933238008951,3.570296100404533,4.338427051671612,4.316486934864439,4.07578618473674,0.2377160049329465,0.4489955533597492,0.2626895584223337,0.2632850241545894
2024-12-26,4.0,5.0,0,3.867469152343852,3.6202248592406474,3.3242939005011554,3.4302741337534646,3.1358262960835366,0.11069431909254321,0.41417523748720564,0.2575573299605016,0.2632850241545894
2024-12-27,4.0,5.0,0,4.143422190760437,3.7247442880555757,3.4966524600279567,3.555053658927768,3.341375435603602,0.13518508945195445,0.41978163840656385,0.25838635617781175,0.2632850241545894
2024-12-28,4.0,1.0,0,4.228793935255804,4.9290798983580695,3.0361698617937707,3.145465773728654,2.8828656629036704,0.08378386339753281,0.4173160318448675,0.25802193997989864,0.2632850241545894
2024-12-29,4.0,5.0,0,3.7329553211438635,2.5155540665773963,2.746346912479905,2.850493856782859,2.5758809024937612,0.0563733953999815,0.29681432937066243,0.23947410446205558,0.2632850241545894
2024-12-30,4.0,5.0,0,4.726692776165192,4.183542774522482,3.6968196069606303,3.78213968184492,3.4794670386730577,0.15282833537354296,0.5149569793755405,0.2724257389464045,0.2632850241545894
2024-12-31,4.0,7.0,1,5.029397661632847,4.759585645972905,3.5370421791791373,3.638159246959049,3.227157413379024,0.1213015200116482,0.5534115930162623,0.27821897576968224,0.2632850241545894
2025-01-01,4.0,5.0,0,4.552333802156444,3.5516115045886067,5.223159723214023,5.0118186320564115,5.566321285812861,0.47211417087709917,0.606113302766521,0.2864582171238106,0.2857142857142857
2025-01-02,4.0,6.0,1,4.4131651726607135,3.9663545732764365,5.344144288115457,5.190419366721444,5.726083278943122,0.4962356920146209,0.5357977048608882,0.27554830926325735,0.2632850241545894
2025-01-03,4.0,6.0,1,4.4456324115356285,3.704685693364742,5.1132021198778475,5.024770675078124,5.4235110075209985,0.45016652753019953,0.5060093858237169,0.27109493751020236,0.2632850241545894
2025-01-04,4.0,3.0,0,4.321673217370782,5.362448504323507,4.333618525690386,4.290711609559031,4.637624916478573,0.3256189644569978,0.4678034537184454,0.26545465043246036,0.2632850241545894
2025-01-05,4.0,5.0,0,3.939718609527224,4.101942123179319,3.5586021713422467,3.572931614803443,3.7931856124380667,0.19596062025653616,0.40100296093194493,0.25560305677399375,0.2632850241545894
2025-01-06,4.0,9.0,1,3.4909069652828784,1.9605456830256622,3.642172092886573,3.6539812486089076,3.850326029546559,0.20421018860345674,0.34715732619849843,0.24746238168295093,0.2632850241545894
2025-01-07,4.0,5.0,0,3.6768595611423303,2.429287985020868,4.314250608872199,4.2366319182901675,4.554069178296764,0.31231027364656233,0.3267501603485018,0.24428110084454177,0.2632850241545894
2025-01-08,4.0,3.0,0,3.8075686997586917,3.4359360636755443,4.957652678947315,4.862860026320263,5.178618810418906,0.4118448597818512,0.41230431744666807,0.25728034131621164,0.2632850241545894
2025-01-09,4.0,4.0,0,4.183258476868337,4.8664176815500335,5.243497020119129,5.1521302014403565,5.386412664858414,0.4444122999273175,0.41471954941699407,0.2576378823579393,0.2632850241545894
2025-01-10,4.0,3.0,0,4.081892941480924,3.462989210732153,5.184705937816464,5.150308206317043,5.295605317203497,0.43024572116348264,0.40609129643995845,0.2563591688835583,0.2632850241545894
2025-01-11,4.0,7.0,1,3.4707566610915235,3.359010368076882,4.845355930047633,4.797765784248237,4.993905796325254,0.3825295757539477,0.3360622929982584,0.2457411169450987,0.2632850241545894
2025-01-12,4.0,7.0,1,2.7250044972366547,2.22355724370825,4.421701044830663,4.408340312848872,4.439434437458247,0.2941394593095821,0.2912240339402455,0.23855416220925224,0.2632850241545894
2025-01-13,4.0,4.0,0,4.118933524822916,3.3984043646079707,4.928589093313801,4.830891046105755,4.986449184083347,0.3813412140661221,0.42581489646779014,0.25927702382456136,0.2632850241545894
2025-01-14,4.0,8.0,1,3.6609984879936768,2.290923157122262,4.5115903696274,4.538263445994038,4.476660992030508,0.30002658191452114,0.4878605520110046,0.26840903815902417,0.2632850241545894
2025-01-15,4.0,1.0,0,3.4485364084340113,2.661051342428648,3.9430011667488682,4.004372271613124,3.908547145359288,0.2127232793600639,0.346191862456003,0.24731333616381787,0.2632850241545894
2025-01-16,4.0,4.0,0,4.127821903105585,3.7348272029814225,4.72004650274644,4.723588866150389,4.769003673340336,0.34660554922892345,0.38362374733504123,0.25300666702744967,0.2632850241545894
2025-01-17,4.0,6.0,1,4.254646720303254,3.314629344362149,5.840567010244836,5.6751480124330085,5.88975076591218,0.5204088150074848,0.49475279219984925,0.26942722857610113,0.2632850241545894
2025-01-18,4.0,5.0,0,3.784749302790151,3.1967538745058985,5.010102750786744,4.977203324764173,4.972752888904303,0.37915768600955246,0.4519424256646426,0.2631227836395476,0.2632850241545894
2025-01-19,4.0,5.0,0,4.202614785899123,3.628217932625589,4.2022803027712206,4.215629461655187,4.158649505321663,0.25035706528613794,0.4453593056914582,0.26215489204628806,0.2632850241545894
2025-01-20,4.0,6.0,1,4.279847379170172,4.723885794866856,5.2291732631638235,5.153132346718058,5.201999276333138,0.4155344334597613,0.5067958069247034,0.2712117050890053,0.2632850241545894
2025-01-21,4.0,5.0,0,4.209612929872108,4.531584878937171,4.591993288378891,4.566124596099759,4.4368289736795035,0.29372798262541006,0.47232153755316114,0.26611933772480123,0.2632850241545894
2025-01-22,4.0,3.0,0,3.914567059218944,3.3925268658044962,4.519629373813415,4.550476308115212,4.374191962225209,0.28386018161473264,0.4328292801038266,0.26031094886912465,0.2632850241545894
2025-01-23,4.0,2.0,0,3.4703851041959752,3.7980259867435273,4.4331077863217,4.4583244674018365,4.280918965970041,0.26926571869053906,0.39443144893704046,0.25462400419655945,0.2632850241545894
2025-01-24,4.0,2.0,0,4.22930958332007,4.1177015333552545,5.359568134548125,5.286303515129913,5.269878550680534,0.4262126644784816,0.47788816155382063,0.2669388328304805,0.2632850241545894
2025-01-25,4.0,10.0,1,3.969531671246215,4.166361240921031,4.86845746155952,4.874899746720694,4.674963961354916,0.33157817351508645,0.5165307978301478,0.2726603631970294,0.2632850241545894
2025-01-26,4.0,3.0,0,3.7101588219296717,3.470670783351052,4.161750023679486,4.187904447257261,3.9371664902092345,0.21694561366774834,0.4730033499368808,0.2662196753737279,0.2632850241545894
2025-01-27,4.0,3.0,0,4.570085376209892,4.555288187205497,4.486987138974991,4.576298828503229,4.193096286863956,0.25565538624399337,0.5109980366725051,0.2718362848514196,0.2632850241545894
2025-01-28,4.0,6.0,1,4.459591653431933,4.1551405171279185,5.023848302799515,4.975253535701002,4.766619682994173,0.34622439885313583,0.6180337051611696,0.2883893031252712,0.2857142857142857
2025-01-29,4.0,3.0,0,4.123713492295648,4.368506657872814,4.7925150508712715,4.810489903170871,4.459035021734041,0.29723733655824824,0.5626711369319162,0.2796370848077694,0.2632850241545894
2025-01-30,4.0,4.0,0,3.9114275447328772,3.0967615169039795,4.739249163541973,4.768679712683673,4.439761544539448,0.29419112416933296,0.4121998871577267,0.2572648752372168,0.2632850241545894
2025-01-31,4.0,2.0,0,4.067758451281625,5.134041825963402,5.150539215643793,5.058428923129617,4.900741483982547,0.367663911322319,0.43029201402936684,0.2599371266378939,0.2632850241545894
2025-02-01,4.0,7.0,1,4.6191195238593155,4.118007144149025,4.509049695765271,4.537114014095072,4.741097345056129,0.3421443049421883,0.49903510854573774,0.27006090815570893,0.2632850241545894
2025-02-02,4.0,6.0,1,5.263651310757396,4.371277121518668,4.484907281453604,4.482167474633963,4.725987445431929,0.3397292527118202,0.529900071985403,0.2746609916509328,0.2632850241545894
2025-02-03,4.0,5.0,0,3.8136543613644545,3.5454621927587837,4.4435932060805134,4.4638274165350715,4.598732002583557,0.31941887172432964,0.4998580325519341,0.27018278329829803,0.2632850241545894
2025-02-04,4.0,4.0,0,3.92438297890836,2.9418803829054756,4.407197703934961,4.372075466383464,4.6094127948399,0.3211207194052089,0.47149148847333755,0.2659971970985783,0.2632850241545894
2025-02-05,4.0,7.0,1,3.3839401499343786,2.8788021282231178,4.285044790366818,4.304922767794561,4.390267077389887,0.2863879783711531,0.36058846068771194,0.24952261329092668,0.2632850241545894
2025-02-08,4.0,9.0,1,3.9056735376718956,4.506875330833521,4.8232929149323285,4.751948158187704,5.0346660445287235,0.3890199508047722,0.39075916196573374,0.2540755165026385,0.2632850241545894
2025-02-09,4.0,11.0,1,3.756136706760018,4.185738161402919,4.496540707136284,4.4582650278564175,4.619625880240336,0.32274864826072397,0.39530697643886603,0.25475462134124566,0.2632850241545894
2025-02-10,4.0,1.0,0,4.228306845165604,4.453231581315843,5.04766225437124,5.060831948617098,4.990227337540708,0.3819433759773215,0.5139415347400939,0.2722744476495534,0.2632850241545894
2025-02-11,4.0,4.0,0,5.0377920615332625,5.232047109961964,5.079461777498202,5.000007564129484,5.140121377688837,0.4057580320514939,0.6003890277068077,0.28554102390583885,0.27320590393683775
2025-02-12,4.0,2.0,0,4.203233878798411,3.2329996564415215,5.054985072162506,5.057143403295524,5.054385097775086,0.3921561335862134,0.5944941411635434,0.2846029038917098,0.2632850241545894
2025-02-13,4.0,5.0,0,3.8603460454260086,3.808085549879202,5.087732854980515,5.094090125453634,5.069848509806062,0.39461360447330535,0.5130035168223951,0.27213475416298516,0.2632850241545894
2025-02-14,4.0,9.0,1,5.73654384393878,4.600323818815161,5.932759170690713,5.8069515247633365,6.055567868352433,0.5442830301270765,0.6299967349292666,0.29035849283505455,0.2857142857142857
2025-02-15,4.0,6.0,1,3.5391782208510176,3.8622872855988195,4.697917959092168,4.652865055591361,4.7197125597276655,0.3387264565488242,0.4128750297976049,0.2573648536790543,0.2632850241545894
2025-02-16,4.0,6.0,1,3.3470400170707455,3.553300903139398,4.320234571864939,4.339223935786539,4.280869589145613,0.26925802838056734,0.45746898170368877,0.2639351769172706,0.2632850241545894
2025-02-17,4.0,3.0,0,4.065200684810689,3.5617562815222996,4.775328366694482,4.702641150784238,4.773030012639003,0.3472492872959455,0.5427434193202153,0.2765975482221303,0.2632850241545894
2025-02-18,4.0,4.0,0,3.3264319838954424,3.063545514636024,4.767680050815326,4.705457751154815,4.7314867621611425,0.3406081722071016,0.41220607363683803,0.2572657914676706,0.2632850241545894
2025-02-19,4.0,3.0,0,3.795224744532205,3.3902637810136533,4.420887144571681,4.45832760518083,4.323585928118632,0.2759256369728598,0.3668611744099406,0.2504770146277316,0.2632850241545894
2025-02-20,4.0,3.0,0,3.721371542415524,3.532750704017848,4.305274453391301,4.3771583136300976,4.180228589591305,0.25367337597817396,0.26869679858609535,0.23476143881759995,0.2632850241545894
2025-02-21,4.0,2.0,0,4.60439452890079,4.176544674139021,4.9332797122408225,4.9760177020686145,4.853698255016962,0.360146523904779,0.40309595816485655,0.25591426673372863,0.2632850241545894
2025-02-22,4.0,4.0,0,3.9349548070905693,4.335604952968967,4.150847654919237,4.238839586537572,4.063090106070939,0.23579313673095262,0.34976285141897845,0.24786395155470206,0.2632850241545894
2025-02-23,4.0,1.0,0,3.2155909335286808,3.006249094550982,3.9016571787798284,3.903101947500374,3.8015149791982767,0.19715639121369172,0.36693510385398753,0.2504882359069516,0.2632850241545894
2025-02-24,4.0,4.0,0,3.117308250139043,3.7845287126041307,3.924147170047343,4.00391240591858,3.74069242410824,0.1884799227508479,0.36484939970883706,0.25017142157176675,0.2632850241545894
2025-02-25,4.0,6.0,1,4.206154980625323,4.736650880862915,4.475030688961369,4.468884232434191,4.316622206944107,0.27483671710922736,0.5117168540316737,0.27194323403241866,0.2632850241545894
2025-02-26,4.0,5.0,0,4.21477130496863,3.8237223227620207,4.752482353399083,4.749175591891977,4.54397349024223,0.31070537746423443,0.46365532246940605,0.26484464368535526,0.2632850241545894
2025-02-27,4.0,11.0,1,3.769685378748343,5.2536266195224055,4.4135213995394516,4.446352716077515,4.196433815625886,0.2561700001172463,0.45942718507474645,0.26422303469389374,0.2632850241545894
2025-02-28,4.0,6.0,1,3.525601078496885,4.358579781663067,4.396051407035114,4.42036153522405,4.184709374106109,0.2543631767496759,0.35575629575863504,0.248784133370282,0.2632850241545894
2025-03-01,4.0,2.0,0,3.937737542582858,3.458570165205001,3.300544703052288,3.363857453416629,3.457681765896027,0.14998564145334062,0.2615818226745349,0.23353164670206752,0.25
2025-03-02,4.0,6.0,1,3.3353454199687538,3.9296417611392083,3.4614060584766517,3.4906813176859695,3.643525177912526,0.17489828072258065,0.24279192643396383,0.23019802533181763,0.21212121212121213
2025-03-03,4.0,5.0,0,4.5836500176494095,4.945156272323939,3.7313877415781413,3.7417513983659494,3.937585723408801,0.21700764275086082,0.37975803684916765,0.2524257448667982,0.2632850241545894
2025-03-04,4.0,5.0,0,3.845540227808312,4.60483707105979,3.8589460602509127,3.8557663250127665,4.0420680685563095,0.2326179220598051,0.37956435927431953,0.25239660347576426,0.2632850241545894
2025-03-05,4.0,6.0,1,4.884149418898788,4.1364828283312916,3.7939502498698072,3.840487891791729,3.925633449466385,0.21524120231495453,0.3665629915677399,0.2504317490919788,0.2632850241545894
2025-03-06,4.0,8.0,1,4.699841125390238,6.101685524017269,4.706090947569022,4.6945658587533705,4.820503269710834,0.35483973228978316,0.39555386309597146,0.25479144339407983,0.2632850241545894
2025-03-07,4.0,2.0,0,5.125506445224927,5.388443657860269,6.460692165942179,6.30934456816054,6.674753215639973,0.6271774220875679,0.3851487464296426,0.2532354675768639,0.2632850241545894
2025-03-08,4.0,3.0,0,3.451052304157072,3.2634311432413527,4.767323101948476,4.693157345422541,5.056011181975512,0.39241463335844884,0.3637249798761313,0.25000041636043535,0.2632850241545894
2025-03-09,4.0,6.0,1,3.0330406984385445,2.9300627058540916,4.52389541560093,4.391728000907355,4.7890952085383365,0.34981791225256387,0.37045203867471743,0.25102134837505247,0.2632850241545894
2025-03-10,4.0,11.0,1,2.9630274293788736,3.873394598493811,5.034247011771461,4.847771066250126,5.252797493280587,0.4235305426384589,0.37223291948086035,0.2512907910689277,0.2632850241545894
2025-03-11,4.0,4.0,0,3.616627703693571,2.881495484405203,4.300916303850583,4.310128676326583,4.383170093730747,0.2852715677107506,0.3188999871543054,0.24303826983081384,0.2632850241545894
2025-03-12,4.0,8.0,1,2.577597942742529,2.258123359208377,4.063979163535996,4.159517920085482,4.1192491151619635,0.24432728501420717,0.24093125749309738,0.22986050701623773,0.21212121212121213
2025-03-13,4.0,4.0,0,3.0351700815681077,2.8026316765845323,4.826202511862027,4.865083132023651,4.7525863823927725,0.34398088165991814,0.26722627644165625,0.2345086183923462,0.2632850241545894
2025-03-14,4.0,6.0,1,3.8242455052153406,3.930383588411397,4.775079535433598,4.80519064560137,4.697977205743234,0.33525364618748177,0.30301967532681023,0.24048641015891975,0.2632850241545894
2025-03-15,4.0,1.0,0,3.2162827140141164,3.4156159006238482,4.25893922601946,4.259397083171769,4.395085025919712,0.287146247701733,0.2637734572874186,0.23391223909132394,0.25
2025-03-16,4.0,2.0,0,2.827707726857897,3.2146624259764915,3.9449558283466497,3.9731096332236673,3.9635692736568093,0.2208619198798759,0.3194190086489907,0.24312080054749,0.2632850241545894
2025-03-17,4.0,5.0,0,3.0518546886188185,3.2590935549032594,4.868551191205742,4.777898981500304,4.9521749399549915,0.3758753627122777,0.375870156240636,0.25184007074707904,0.2632850241545894
2025-03-18,4.0,8.0,1,3.1084994303068108,2.9276642871420897,4.6989782534114735,4.680056391070248,4.69185219336792,0.33427524643076106,0.4046157281773922,0.2561400690703518,0.2632850241545894
2025-03-19,4.0,7.0,1,3.5946733915646494,3.227493333729342,5.008718880907604,5.004927925421399,4.929456891134982,0.3722495703748261,0.3919485625509842,0.2542532774837639,0.2632850241545894
2025-03-20,4.0,5.0,0,3.8103626127770234,5.009275311393816,4.974761960546218,4.942742469480225,4.942565101247645,0.3743418890740892,0.3362023289576131,0.24576296152881816,0.2632850241545894
2025-03-21,4.0,4.0,0,4.47541234565012,5.870618933462086,4.882701692201685,4.94323488857986,4.733020875251825,0.34085336996674087,0.4385019068645201,0.2611461218004426,0.2632850241545894
2025-03-22,4.0,3.0,0,4.002421176803704,3.5163587071002684,4.383848356191469,4.4914058759329025,4.206968862900059,0.25779582159427106,0.3543438121680016,0.24856770510253134,0.2632850241545894
2025-03-23,4.0,11.0,1,3.972482169879768,3.5265543248644753,4.310790441812258,4.410526481557472,4.253092010719346,0.264938273592578,0.5120471502000372,0.27199238835015976,0.2632850241545894
2025-03-24,4.0,16.0,1,3.128658561362631,3.3662279160441395,3.9798978481694385,4.116011071686363,3.823620738263204,0.20034122382227013,0.4437521675535958,0.26191853503314944,0.2632850241545894
2025-03-25,4.0,9.0,1,3.239452315327722,3.7095724602069575,4.099004746546683,4.2806457050737015,3.84266558903851,0.20309800575210127,0.34669623443899417,0.24739121644479836,0.2632850241545894
2025-03-26,4.0,7.0,1,3.6241591972743317,3.2685945788569337,4.069490450557315,4.156287106104153,3.8534129208120427,0.20465889176160645,0.29138673502890705,0.23858104722886278,0.2632850241545894
2025-03-29,4.0,7.0,1,3.483407426040705,3.7704259057504736,5.002078997671602,5.048881002282466,4.871572271085832,0.36300332367706317,0.3132111285906151,0.24213017561576347,0.2632850241545894
2025-03-30,4.0,5.0,0,3.2071351888494797,3.1046916124098485,3.913572793302947,3.9994643423618177,3.8162115215668755,0.19927194366379453,0.3308545536552359,0.24492644344826794,0.2632850241545894
2025-03-31,4.0,2.0,0,3.4490255421695077,3.9308449599613136,4.767798047354318,4.695357971725863,4.735235977857927,0.3412074182563865,0.35606127181356273,0.24883082930604405,0.2632850241545894
2025-04-01,4.0,3.0,0,3.4781883292309104,3.7364986904022435,4.543004216247862,4.489951515013024,4.608455538203156,0.3209681658975336,0.31016239741657436,0.24164079532324012,0.2632850241545894
2025-04-02,4.0,2.0,0,3.2356066882569787,3.427874046919727,4.007551729662772,4.052834510889657,3.965261593440039,0.22111361114901978,0.25869322174086445,0.23302752506806745,0.21212121212121213
2025-04-03,4.0,4.0,0,3.0741479029772836,2.9385061992666808,4.478602538420502,4.5090661682224,4.55600435566552,0.31261799317673633,0.2775834185557199,0.23627501732360226,0.2632850241545894
2025-04-04,4.0,2.0,0,3.6170791197962453,3.972371245536008,6.150397143511599,6.008295681427193,6.4474844097979895,0.5979624995607449,0.27311533628916984,0.23551701041076528,0.2632850241545894
2025-04-05,4.0,6.0,1,3.253370631245797,2.3884802053644356,3.962043874640477,4.047544813897195,3.880133826845853,0.20855557399415575,0.29431750424044445,0.23906418576314412,0.2632850241545894
2025-04-06,4.0,5.0,0,3.0329755685204507,2.495361942528102,3.542432140969701,3.5860243614207663,3.519708738869022,0.15813533602564597,0.2907095674878869,0.2384691062613246,0.2632850241545894
2025-04-07,4.0,4.0,0,3.097884371641301,2.7874407454787553,4.134258493271956,4.105200379871278,4.206042160452879,0.2576527222841997,0.2907414355755735,0.23847437693577975,0.2632850241545894
2025-04-08,4.0,4.0,0,2.9683452864029323,3.3744777523734877,3.9909051986011654,3.9791361580614573,3.97581163243822,0.22268446365353858,0.3104925335358367,0.24169388283411183,0.2632850241545894
2025-04-09,4.0,4.0,0,3.0925782950269154,3.6454496032294648,4.0473832319423355,4.079367636477734,4.038948422335769,0.23214765971136442,0.3310356773731374,0.24495485430178351,0.2632850241545894
2025-04-10,4.0,3.0,0,3.432093303310204,3.3814528113635745,4.983961799968623,4.998950616523433,5.001630810461548,0.3837603956190435,0.3358680054641706,0.24571080423540184,0.2632850241545894
2025-04-11,4.0,4.0,0,3.07137871997949,3.0916190575443334,4.283751785955567,4.321070492573293,4.343367686340299,0.2790228723096797,0.32324417160518365,0.24372745778775123,0.2632850241545894
2025-04-12,4.0,4.0,0,3.2895035567354403,3.7374939607715465,3.7060269047697902,3.772287535530538,3.7889422043725984,0.19535234108537838,0.30548037327744687,0.2408853735182999,0.2632850241545894
2025-04-13,4.0,6.0,1,2.5525731142769,2.722588969730876,3.4841740036721576,3.4946590869763337,3.5108880902067954,0.1569659513502048,0.28215862280365395,0.23704517040081735,0.2632850241545894
2025-04-14,4.0,1.0,0,3.115608985367572,3.4383826879011514,3.9728150831210916,3.9566457749710895,4.012187031996357,0.22812377071269985,0.2494495199077968,0.23139433038868545,0.21212121212121213
2025-04-15,4.0,2.0,0,2.789661147511408,3.1935193530833743,4.191855889082278,4.172763349457681,4.274530002723872,0.268270991649828,0.22627067281014618,0.22714879765920484,0.21212121212121213
2025-04-16,4.0,4.0,0,3.862760876856435,4.283333700853143,3.9778074097542957,3.9966750128114508,4.068464883653596,0.23660669272200044,0.21837553425957146,0.22564674346731065,0.21212121212121213
2025-04-17,4.0,7.0,1,3.409933369368322,3.374154500548071,4.100516378036724,4.1034165229986455,4.066831897910748,0.23635944105733073,0.3065439816500536,0.24105740179742213,0.2632850241545894
2025-04-18,4.0,3.0,0,3.2023197461630826,4.469927509875073,3.9748461250201546,4.116549611397517,3.948942292835302,0.21868986349831968,0.3227642783561324,0.24365150002350228,0.2632850241545894
2025-04-19,4.0,1.0,0,3.0611965276479114,3.2041434885379463,3.48266928291245,3.5864835441433023,3.538867479746631,0.16068696284155193,0.36372826102942357,0.25000091558326626,0.2632850241545894
2025-04-20,4.0,3.0,0,2.4912010673080207,2.3551462822336484,3.2618994977186935,3.3025229703663888,3.316148095716014,0.13206146560668178,0.33871754080256933,0.24615477907666655,0.2632850241545894
2025-04-21,4.0,4.0,0,3.907108537561679,4.956797421231511,3.4613480922442847,3.5729147450896837,3.5400501007402476,0.16084498875657657,0.3312608098313248,0.24499016047327607,0.2632850241545894
2025-04-22,4.0,6.0,1,3.495466009821091,3.7293304812209693,5.366115644576414,5.237469746604243,5.600378711364349,0.4772966524224336,0.3356610072625773,0.24567850164685764,0.2632850241545894
2025-04-23,4.0,3.0,0,4.072435946750451,3.8477673924777713,3.9291027179128437,3.9287608344111473,3.9727380085509716,0.22222649763095406,0.29474269848103507,0.23913410071483793,0.2632850241545894
2025-04-24,4.0,4.0,0,2.3056416790779566,1.941410724935081,3.9696892838685685,4.178026506533781,3.9921574623353595,0.22512430545986403,0.3557472237584872,0.2487827441404952,0.2632850241545894
2025-04-25,4.0,9.0,1,3.9697274341599167,4.430498338223613,4.149416580672617,4.232703725452383,4.217106262805318,0.25936228485600715,0.3487854560521964,0.24771342537998817,0.2632850241545894
2025-04-26,4.0,3.0,0,3.3653973111273783,3.240425522668297,3.9463818260928676,3.9839770657812643,4.089564701279355,0.23980716023031926,0.3070413073337151,0.24113775373494922,0.2632850241545894
2025-04-27,4.0,5.0,0,2.811139396393594,3.436012836987154,3.8686699910152074,3.868544375202956,4.053665810721464,0.23436832197553983,0.32542586180611477,0.24407223977884487,0.2632850241545894
2025-04-28,4.0,2.0,0,3.024896474373478,3.66568856405056,3.7461280031846727,3.7162323053749997,3.85435257397366,0.20479553792535285,0.28305231548552123,0.23719491771060625,0.2632850241545894
2025-04-29,4.0,2.0,0,2.988499658524657,2.650954762116389,3.8457861936580198,3.8474873384461024,3.8624411182017484,0.20597295031561585,0.25777343043426737,0.23286639477628002,0.21212121212121213
2025-04-30,4.0,7.0,1,4.324660555508115,4.228218209420636,4.1648993714176585,4.193742528932306,4.267632907831111,0.267197920978869,0.40634112621282215,0.2563962519803709,0.2632850241545894
2025-05-01,4.0,4.0,0,3.754709745950073,3.8771513980096053,3.666887298489788,3.701868544737535,3.3542326249597227,0.13678920639751183,0.34856535209226636,0.24767950921772997,0.2632850241545894
2025-05-02,4.0,2.0,0,3.088228753829249,3.3859299531333575,3.839110220403213,3.849473276281353,3.773485457276065,0.1931418992942995,0.36673512898830823,0.2504578815748697,0.2632850241545894
2025-05-03,4.0,4.0,0,3.2906541566606373,4.020817025249594,3.0980445428292547,3.2426864242962554,3.0122133743863286,0.0970772659693552,0.3545662130009288,0.24860179989016945,0.2632850241545894
2025-05-04,4.0,5.0,0,3.120492942498721,2.9792439378713516,3.0870045559090253,3.187032222760959,2.950210403435463,0.09058033180181152,0.37169832264677255,0.25120994325906415,0.2632850241545894
2025-05-05,4.0,4.0,0,3.0226835259098985,3.4656010804299724,3.6642432987342644,3.696300722361252,3.594963564693808,0.16824803192736734,0.3428228295924861,0.24679216501684062,0.2632850241545894
2025-05-06,4.0,4.0,0,3.5960931948220622,4.303184350693275,3.7675195585301093,3.8986445392524893,3.7024091970490685,0.18308647932800298,0.4137585826832301,0.2574956596340342,0.2632850241545894
2025-05-07,4.0,3.0,0,3.9818796131017518,4.41262384529041,4.499698087493943,4.506560208314439,4.340319071188539,0.27854517549078567,0.34739164224754815,0.24749853448738382,0.2632850241545894
2025-05-08,4.0,8.0,1,3.0143005712188784,2.439202442203577,3.951459749788463,4.051317881955763,3.7725745531757937,0.19301189065547483,0.31311391403705024,0.24211460067997545,0.2632850241545894
2025-05-09,4.0,7.0,1,2.8853905905386332,2.48429073204006,3.862485879474,3.9370629737939997,3.711609108622881,0.1843776665977931,0.26744171810223316,0.2345457015851679,0.2632850241545894
2025-05-10,4.0,4.0,0,2.990761532983962,2.72217995072085,3.2183841601688115,3.2711548492858746,3.163049662490062,0.11380861947139267,0.24499174342419816,0.2305952492466406,0.21212121212121213
2025-05-11,4.0,5.0,0,2.7802229575610604,2.3239628491064543,2.9596147389995267,3.0425960579634803,2.893391857839576,0.08482807542353722,0.31055809044395644,0.241704421958116,0.2632850241545894
2025-05-12,4.0,5.0,0,2.051498941148155,2.3593781629764647,3.1619984285926583,3.248400599213634,3.131083700456215,0.11015595997433902,0.2161089523087815,0.22520966696728106,0.21212121212121213
2025-05-13,4.0,4.0,0,3.43319825985446,3.4870124768301247,3.065589703321357,3.091430083470057,3.038373909377003,0.09988612230085296,0.29453667364948144,0.23910022951571408,0.2632850241545894
2025-05-14,4.0,4.0,0,2.4834721835555307,2.3314566283274627,2.8569060793878522,3.0121810089489234,2.678035662072436,0.06483209678142676,0.22994694982275646,0.2278378828228149,0.21212121212121213
2025-05-15,4.0,2.0,0,2.8514192255228976,2.858720846881595,3.2860573776317863,3.3071264636843343,3.2971391889314567,0.1297289169649318,0.30799887351683974,0.24129231340648566,0.2632850241545894
2025-05-16,4.0,2.0,0,2.78318538044224,2.9279010933424146,3.587053671773329,3.7203079622125568,3.5421581639768016,0.16112682465133107,0.3940121770945475,0.2545614342519313,0.2632850241545894
2025-05-17,4.0,4.0,0,4.731713677985959,4.741117990886901,4.387061472558558,4.527786500252929,4.245600227370229,0.2637754956531416,0.43339739377851066,0.2603946264404906,0.2632850241545894
2025-05-18,4.0,4.0,0,3.3902234786494945,3.6357570492097553,3.4573111629683058,3.554247344029854,3.442377365197746,0.1480015913258721,0.35648666486167147,0.24889594263741474,0.2632850241545894
2025-05-19,4.0,5.0,0,2.9541812439060444,2.258693503693478,3.9915386044849486,3.9937630661330497,4.103318487484585,0.24189898427472026,0.284973493263934,0.23751608525709758,0.2632850241545894
2025-05-20,4.0,2.0,0,3.086630649931982,3.4472370522001174,3.048521292207853,3.138783923024061,3.035898159961292,0.09961859992529125,0.2763045556145359,0.23605866436956302,0.2632850241545894
2025-05-21,4.0,6.0,1,2.3441522635679184,3.538058124829414,3.957832524069572,4.097627400165755,3.951059939762333,0.21900395273343318,0.38145748958085823,0.25268129991051613,0.2632850241545894
2025-05-22,4.0,2.0,0,3.371630798523244,2.7134876947143867,3.4652065932749663,3.618448170780976,3.5064585722931545,0.1563800045223176,0.31986586835967395,0.2431918148868392,0.2632850241545894
2025-05-23,4.0,3.0,0,3.5866380270099802,3.193345808535123,3.7748639564793156,3.8312140646483477,3.8034605770800773,0.19743604141395807,0.43028679416724935,0.25993635739177645,0.2632850241545894
2025-05-24,4.0,1.0,0,2.6635605676085414,2.4172311471784327,3.4465873562906473,3.3906891172473412,3.5891607494293636,0.1674597772185526,0.3005503260957306,0.2400846561903421,0.2632850241545894
2025-05-25,4.0,2.0,0,3.059793237424053,2.8427126534255294,4.858894940210852,4.7346335183922825,5.1121349224291395,0.4013246039164159,0.3584270660354192,0.24919265934596285,0.2632850241545894
2025-05-26,4.0,6.0,1,2.654586671303351,2.887703716426116,3.7534238929288506,3.7949840598342544,3.8431731657910304,0.2031716399436893,0.35048121815450206,0.24797450046769415,0.2632850241545894
2025-05-27,4.0,7.0,1,3.3187886351624094,3.552934033997488,3.9709793618879936,3.976228086567457,4.139627500213585,0.24744178253705315,0.29189938519151215,0.23866571431766645,0.2632850241545894
2025-05-28,4.0,3.0,0,3.363223596257941,3.4324358055744564,4.260988335016898,4.197550329759209,4.531960591944218,0.3087967356694913,0.3514689518955636,0.24812638581136173,0.2632850241545894
2025-05-29,4.0,5.0,0,3.2992577079051695,4.647916971571291,4.2446002856651734,4.19725310476671,4.388849956233559,0.28616500223881297,0.3205636255254561,0.24330262463980903,0.2632850241545894
2025-05-30,4.0,4.0,0,3.329591584716204,3.4711659793354386,4.456896605290158,4.48415468047399,4.583280904678983,0.3169581571806777,0.35671657124950584,0.24893112386076877,0.2632850241545894
2025-05-31,4.0,7.0,1,3.216018570529689,4.014383315267981,3.527538906160225,3.593528464331278,3.704413362424153,0.18336749116773268,0.32670566904290455,0.2442740890537368,0.2632850241545894
2025-06-01,4.0,4.0,0,2.564633746077154,2.703883937791057,2.655191967756233,2.767390944368627,2.3854682986930396,0.04240220589179724,0.26713117553683674,0.23449224427037846,0.2632850241545894
2025-06-02,4.0,2.0,0,2.266762924976259,2.220777857736572,3.2086325168299186,3.267846822165024,3.003241630824443,0.09612315331205563,0.34931017404023057,0.24779425249666043,0.2632850241545894
2025-06-03,4.0,5.0,0,3.306073755797986,2.9214030780321525,3.1645216209056684,3.2772235944188446,3.012854163965077,0.09714559168579749,0.36969466282175484,0.25090665651214467,0.2632850241545894
2025-06-04,4.0,4.0,0,4.177825195039734,4.226148589634727,4.121809001911258,4.154598556673329,3.938861961256694,0.2171965040987774,0.4049199817809475,0.2561852569405665,0.2632850241545894
2025-06-05,4.0,2.0,0,3.7402381507381137,4.917790046829627,4.090607663941093,4.103956314602306,3.983823511291386,0.22387944048911887,0.44011847275941435,0.2613839999471692,0.2632850241545894
2025-06-06,4.0,4.0,0,4.040901730242985,4.629509297801254,3.774792788598107,3.824368549038973,3.676623478204775,0.17948444554603177,0.3795187247771109,0.25238973663751124,0.2632850241545894
2025-06-07,4.0,2.0,0,3.912604743104581,4.133727082628657,3.216889686659853,3.312398381640513,3.037521718676208,0.0997939970132054,0.40434053052366026,0.25609919172725976,0.2632850241545894
2025-06-08,4.0,7.0,1,3.2030789598477347,3.164284633213838,3.0994803354023968,3.180860599959323,3.0401680599989467,0.10008021450424431,0.40729883519335475,0.2565383741153854,0.2632850241545894
2025-06-09,4.0,7.0,1,3.969092179812141,4.359499536354737,3.464586498320593,3.470180951611368,3.411725296470916,0.14406060213179872,0.4765491085399103,0.2667416381569994,0.2632850241545894
2025-06-10,4.0,5.0,0,2.708795925893484,2.734634427088657,3.1775783792494465,3.1591688083297997,3.09466545319684,0.10606373678456497,0.40413894118981253,0.2560692450719084,0.2632850241545894
2025-06-11,4.0,7.0,1,4.620249371470007,3.1832382694335113,4.531413595532059,4.5734864106734605,4.33076738127505,0.2770493701693658,0.5567463319201837,0.27872847887732316,0.2632850241545894
2025-06-12,4.0,5.0,0,3.5816247356854585,3.5758432492173173,4.136718112609896,4.212729020923327,3.9164892149927137,0.21389258721583917,0.3985279638228226,0.2552346741136604,0.2632850241545894
2025-06-13,4.0,4.0,0,3.991136881566788,4.11114126394085,4.071843310841187,4.138447326535463,3.9719574815886207,0.22211024155503517,0.38363348464561153,0.25300812859804034,0.2632850241545894
2025-06-14,4.0,16.0,1,5.357480769037412,7.53283818811194,6.003070095966083,5.982325016926132,5.931403404385178,0.5264664783915616,0.5458116371405936,0.2770626039765784,0.2632850241545894
2025-06-15,4.0,19.0,1,10.549581530346508,10.818827696069995,5.714754182048824,5.580340564362555,5.47750944117724,0.4585045315285251,0.48101050545853824,0.26739882536905163,0.2632850241545894
2025-06-16,4.0,6.0,1,2.501630580159612,1.8034831849424378,4.562796953572691,4.456138629796186,4.6358058170579,0.32532879833259504,0.31539849861798125,0.24248010713945067,0.2632850241545894
2025-06-17,4.0,5.0,0,3.624698919395919,3.078237865844986,4.050954252039284,4.050494654377787,4.019721429163992,0.22925479165999005,0.35457204530164604,0.24860269391362108,0.2632850241545894
2025-06-18,4.0,3.0,0,4.380923195426827,4.427434910621134,3.9562735169245236,3.863289256282381,3.993065323040166,0.22526002820816526,0.3643749280133894,0.2500992804362853,0.2632850241545894
2025-06-19,4.0,8.0,1,3.89313595799346,4.5464521798400845,4.397307244734683,4.359667606257823,4.489072079256206,0.3019924528471354,0.3628202365607459,0.24986271251394493,0.2632850241545894
2025-06-20,4.0,7.0,1,3.3967033561063453,2.7800292433626486,3.668674881814309,3.813893366992829,3.6864082258244153,0.1808483246216077,0.3070704660594009,0.24114246316846144,0.2632850241545894
2025-06-21,4.0,4.0,0,3.5907900182660573,2.7978136856010893,4.223183283270674,4.202952226030682,4.193965563469054,0.2557893990510704,0.29470411299064325,0.2391277579249689,0.2632850241545894
2025-06-22,4.0,3.0,0,3.3341911273977436,3.672581844581793,3.0706577845226875,3.168852578726907,2.958741970423486,0.09146079531274406,0.30490109216385436,0.2407915747162729,0.2632850241545894
2025-06-23,4.0,4.0,0,3.3684604931873046,3.136830278394451,4.25737328982002,4.147433680985645,4.431318881263184,0.292858034925128,0.2631056357659603,0.23379643798489172,0.25
2025-06-24,4.0,3.0,0,2.989262154868138,2.6476754535743,3.5204753949771357,3.4664536551668403,3.687186034730833,0.1809568982551766,0.2919469409662337,0.23867356503534756,0.2632850241545894
2025-06-25,4.0,5.0,0,3.683948666815128,4.169391323786971,4.179428214439573,4.218940085536973,4.378956152847535,0.28460899246194876,0.4179349107055902,0.25811343532288455,0.2632850241545894
2025-06-26,4.0,4.0,0,3.504325597214746,4.5453192849830355,4.764955195238511,4.740445294970207,5.160125724725527,0.40892267680733924,0.3596713533464685,0.24938268025169164,0.2632850241545894
2025-06-27,4.0,4.0,0,2.8542512660186206,2.420473892143276,4.282344120053171,4.234177085033822,4.536513207245623,0.30951993254261667,0.39335516143810906,0.2544633581472489,0.2632850241545894
2025-06-28,4.0,3.0,0,3.675504487112943,5.60709916981885,3.496446076184289,3.4736887406494263,3.7234160309483313,0.18603932913467353,0.3743090618516989,0.2516044866228719,0.2632850241545894
2025-06-29,4.0,6.0,1,4.009099848701366,3.918387361214501,3.499485081922166,3.5937844879559693,3.772526252553429,0.19300499776373467,0.39992401404257477,0.25544251522173345,0.2632850241545894
2025-06-30,4.0,3.0,0,3.4408316818586338,2.462664339016201,4.172643147171936,4.194693901050539,4.485504248887037,0.30142716854910073,0.4583192535739738,0.2640601661867693,0.2632850241545894
2025-07-01,4.0,5.0,0,2.989858002824239,3.006693100913966,3.6991265174040753,3.7677906577577454,3.4156019453809483,0.1445565948012492,0.4250330453634297,0.2591616794413935,0.2632850241545894
2025-07-02,4.0,6.0,1,3.2958040679237555,2.3528367001208914,4.544003883235105,4.468345526435263,4.407590076663802,0.28911570717586277,0.4200272967743366,0.25842265006061643,0.2632850241545894
2025-07-03,4.0,5.0,0,3.287021173935816,3.4709102587500533,4.2975543003799785,4.17297757269854,4.104903827101095,0.24214037954309667,0.370078847272027,0.25096484254473195,0.2632850241545894
2025-07-04,4.0,7.0,1,3.709554361002826,3.92876240378475,4.29981083493968,4.264849574188069,4.150312312473687,0.2490783756157558,0.4565654034974313,0.26380235333402485,0.2632850241545894
2025-07-05,4.0,3.0,0,3.6811472124885687,4.46646629797844,3.944240787830369,4.094572223056552,3.7323875187546194,0.18730535743001087,0.44336919763891286,0.26186220773175667,0.2632850241545894
2025-07-06,4.0,4.0,0,5.504890760687366,3.3891794631602923,6.333073942109334,6.1754494888732925,5.969151424452133,0.5319216923380444,0.41620995296129293,0.2578583733606349,0.2632850241545894
2025-07-07,4.0,3.0,0,4.293997628495401,3.5987509047211663,3.818173770450655,3.8002071487146076,3.5546916372017496,0.1628064075852547,0.4059337868592361,0.25633578729170764,0.2632850241545894
2025-07-08,4.0,3.0,0,2.395317526855702,2.764041020743138,3.567258200853056,3.505391425889996,3.4781889443043794,0.1526609668184807,0.3190971679444302,0.24306963012824337,0.2632850241545894
2025-07-11,4.0,7.0,1,3.6578722923943663,3.351916645410702,4.684568510776449,4.650224799270265,4.609003336443578,0.3210554653017298,0.4022222386528316,0.2557843867386363,0.2632850241545894
2025-07-12,4.0,5.0,0,3.9886165771004713,4.474115930608861,3.757431738259929,3.6929071833877,3.6855488729813075,0.18072839501773477,0.36862287241429775,0.25074424524362743,0.2632850241545894
2025-07-13,4.0,5.0,0,2.9402167941175237,3.925830544241126,2.7181569305210806,2.741052766186038,2.5788542968249755,0.056610126170716896,0.43746125189691154,0.26099296192070426,0.2632850241545894
2025-07-14,4.0,3.0,0,3.24325060426858,2.9829370739653505,3.7834172120319165,3.7439373603443498,3.759969182057511,0.19121577053733418,0.42395785047570905,0.25900302287465216,0.2632850241545894
2025-07-15,4.0,4.0,0,3.8106697979044872,4.611722908078798,4.1733810269310485,4.144004319528586,4.13057487586433,0.24605711610718628,0.3900734584850836,0.2539729844272836,0.2632850241545894
2025-07-16,4.0,5.0,0,3.3320028125557712,4.458367088325462,3.8654600904503997,3.8197503107640167,3.831957274462519,0.20154649703476504,0.3752328242451524,0.25174392088638253,0.2632850241545894
2025-07-17,4.0,2.0,0,2.9267800021650876,3.1547567690834586,4.233771058015809,4.106443523396904,4.286390504111857,0.27011814564303427,0.2988641272604227,0.239809501596154,0.2632850241545894
2025-07-20,4.0,3.0,0,2.7915413251181955,3.782370913000336,3.2461737905178034,3.28362315016282,3.3483680797944055,0.1360565101449309,0.34120981680015156,0.2465420387429549,0.2632850241545894
2025-07-21,4.0,6.0,1,3.5959851521821102,2.617745242151578,3.0122721586227077,3.072068248993597,3.0096083001017733,0.09679974068037973,0.3955843654775466,0.2547959923807659,0.2632850241545894
2025-07-22,4.0,2.0,0,2.701523802828318,2.7450206017478482,3.5419341453682502,3.5072615394280278,3.5827512902451137,0.16659073383991232,0.31300825542613286,0.24209767069406168,0.2632850241545894
2025-07-23,4.0,7.0,1,3.7299596496512466,4.72596009876577,3.3871843869965166,3.4293668535034385,3.4436870511225286,0.14817095540579642,0.3890036193426838,0.25381293780495473,0.2632850241545894
2025-07-24,4.0,9.0,1,3.5122974633631996,4.476125725981761,4.370386544708423,4.337120852208806,4.4656182374388305,0.29827873394623633,0.40842465518365784,0.2567053759471413,0.2632850241545894
2025-07-25,4.0,7.0,1,4.46421966640361,4.425856964829941,6.103111585590192,5.825319675168154,6.293034698137428,0.5772912253806847,0.3996445613923633,0.2554009214727758,0.2632850241545894
2025-07-26,4.0,5.0,0,2.6435678045769566,2.721322533694518,3.3166541292366567,3.335226877526873,3.4532368899657797,0.14940830107268938,0.3133145202957174,0.24214673806800602,0.2632850241545894
2025-07-27,4.0,2.0,0,2.052534832704825,1.4319663613319242,4.441927472105056,4.291298636400031,4.737305075261828,0.3415381380156096,0.28352404171861595,0.2372738710589294,0.2632850241545894
2025-07-28,4.0,5.0,0,2.8526114143858976,1.9956531402942563,4.467851746778088,4.359103756079967,4.658372486745016,0.3289295002238244,0.2989704839748685,0.2398268767604107,0.2632850241545894
2025-07-29,5.0,4.0,0,3.917735645544195,3.4460205759857567,3.909971237881051,3.8143237071987453,3.932950271959596,0.21720593124233253,0.3196566160937275,0.26593513183075457,0.29455445544554465
2025-07-30,5.0,5.0,0,4.101263875037657,3.167348353359168,5.398740410931634,5.339787955371142,5.808819631411152,0.5073985568384476,0.3972111363901945,0.2900316307101927,0.29455445544554465
2025-07-31,5.0,5.0,0,8.241945041326202,9.332077734125075,8.609900166100777,7.929539740203312,8.620957701067894,0.8135662119300472,0.5678476046876587,0.34295650376528,0.345679012345679
2025-08-01,5.0,4.0,0,6.60597235223045,7.147515512024035,7.2517023558323475,6.946883914970685,7.0377781457997735,0.6682557470511163,0.4846509737237647,0.3167115728771772,0.3333333333333333
2025-08-02,5.0,4.0,0,3.5144337349909116,3.980358103421357,4.4664577890415735,4.472592303839952,4.187970490687947,0.2555917711831572,0.3689072022858308,0.28134998831870117,0.29455445544554465
2025-08-03,5.0,4.0,0,3.710808533632852,3.253501076724126,3.6113565720753678,3.638056786285297,3.4073678648651278,0.1445232309308382,0.3398127410781846,0.27230646976649603,0.29455445544554465
2025-08-04,5.0,4.0,0,3.261235013453464,2.72791361130515,4.213781535604904,4.150959461289664,4.177455161510435,0.25398052377622865,0.3091244444617318,0.2625615026153876,0.29455445544554465
2025-08-05,5.0,3.0,0,3.1220493275477805,2.351288521488521,3.6774240443720125,3.7227484578056376,3.525615780665328,0.1599319852186917,0.2982693537738349,0.25904707234378016,0.29455445544554465
2025-08-06,5.0,3.0,0,3.130088311608851,3.169710105091854,3.3464535075276673,3.3727178377063236,3.1509123073811818,0.11340731510850849,0.2833030112293767,0.2541306385381512,0.2413793103448276
2025-08-07,5.0,1.0,0,2.653141117930004,2.775083638948698,3.347756265667692,3.320031819107764,3.2579719850377056,0.1259915072638558,0.24074971892484653,0.23958057729527982,0.2158273381294964
2025-08-08,5.0,6.0,1,4.052012660385633,3.798934304473183,3.639959588908672,3.6283120206257378,3.6646163832835303,0.17880151820301773,0.35655047968209,0.27752757851355714,0.29455445544554465
2025-08-09,5.0,3.0,0,3.678567140840941,3.2096575456965137,2.9266842593910907,3.0278745367083566,2.873724469666333,0.08378530574174868,0.35395035507932066,0.2767200391985292,0.29455445544554465
2025-08-12,5.0,7.0,1,2.746141576062599,2.6952705594579087,2.7082325033125176,2.7810620694700123,2.6023624753404038,0.05927011092549342,0.2664767140148707,0.2484892843880722,0.2158273381294964
2025-08-13,5.0,1.0,0,2.9517961860204767,3.3225928024850266,3.334047409705851,3.3674059551718463,3.372295750852414,0.14007559172350212,0.3019035410022628,0.2602281762490244,0.29455445544554465
2025-08-14,5.0,3.0,0,3.1039509260968243,2.911157745374702,4.05490400460531,4.045215623477662,4.200042233585414,0.25744409538334134,0.3641205302054143,0.27987212323227223,0.29455445544554465
2025-08-15,5.0,4.0,0,3.303712639005501,3.6200849912147914,3.2278985898506476,3.40304763669084,3.1476595877941764,0.11303452696289233,0.38895781964826776,0.2875084812507676,0.29455445544554465
2025-08-16,5.0,2.0,0,3.6609896463050764,3.9538575658361172,3.3987115852964735,3.5024879838980985,3.323419697029061,0.133975423366482,0.35585537965464054,0.27731181375243513,0.29455445544554465
2025-08-17,5.0,0.0,0,3.2401103049806386,3.0313129719784544,2.9266329387266583,2.988390826631447,2.970277417935953,0.09359843276157102,0.31463625558684233,0.2643312137191129,0.29455445544554465
2025-08-18,5.0,2.0,0,2.8996704232048587,3.1211978125901343,2.8458305830701707,2.9018874721337813,2.859852664297109,0.08242139847649342,0.2745641338688873,0.25121704070064826,0.2158273381294964
2025-08-19,5.0,4.0,0,3.4489231470089807,4.8739422241063535,3.649298962275481,3.694689886875417,3.6358036122418462,0.17482712918894763,0.3394521321004059,0.2721933475582669,0.29455445544554465
2025-08-20,5.0,2.0,0,2.5245223378081905,2.8197197662921725,3.258014811719918,3.2207044381642675,3.1573053179627197,0.11414167586072556,0.2126986970913229,0.2293731378512293,0.21568627450980393
2025-08-21,5.0,5.0,0,3.324877567866096,3.702256997282434,4.8339104029683595,4.873908145783674,4.926097968611316,0.371713862965932,0.3046021625615285,0.26110224209200233,0.29455445544554465
2025-08-22,5.0,6.0,1,3.2873955684818807,3.057537058304253,4.137651107333527,4.133613386822279,4.151358799996225,0.24999116652588246,0.24871726932394445,0.24238051522806364,0.2158273381294964
2025-08-23,5.0,4.0,0,3.554293919412661,3.3469162484900483,3.510913177606439,3.6033170281388,3.6508907179696637,0.1769042622751375,0.24210742663077597,0.24006051031027273,0.2158273381294964
2025-08-24,5.0,4.0,0,2.8641134505341217,3.3979022816531015,2.843913600528636,2.9313315845768697,2.888509801705155,0.08525185299764639,0.20653786068083452,0.22704726420191254,0.21568627450980393
2025-08-25,5.0,3.0,0,2.9600829135061377,3.6095045081297323,3.663266606597589,3.645140565785832,3.760195005754976,0.1922051103753579,0.2387554471995329,0.23887346350699407,0.2158273381294964
2025-08-26,5.0,2.0,0,2.6576670910366156,3.094631795549426,3.5322211431155677,3.43972166151234,3.6814214516120476,0.18113410153838047,0.22145326190661827,0.23262278667156167,0.21568627450980393
2025-08-27,5.0,3.0,0,2.5781608999563663,2.5517387801398117,3.0428757205096795,3.098947046897345,3.063638197743834,0.10360657196348709,0.1978865540129094,0.2237221914235241,0.21568627450980393
2025-08-28,5.0,3.0,0,3.444927808402658,3.7566972407464654,2.9644309897411913,3.0376828236320623,2.966348319114621,0.09318831106107892,0.2621845830228503,0.24702848140544717,0.2158273381294964
2025-08-29,5.0,1.0,0,3.02261711212875,2.7154690281304297,3.3325993014282846,3.3756966404854487,3.4308917345696357,0.14753852338501416,0.2568332984533947,0.24519367208073556,0.2158273381294964
2025-08-30,5.0,3.0,0,2.595953531870947,2.4803785311432796,2.8406927083490876,2.868613095758607,2.9598140608291312,0.09250826789044363,0.20576316475577777,0.226752391085103,0.21568627450980393
2025-08-31,5.0,5.0,0,2.794872947950226,2.5051837977424385,2.68445063951446,2.732818358976672,2.756164368970104,0.0725999328497819,0.20577482043612033,0.2267568316735177,0.21568627450980393
2025-09-01,5.0,2.0,0,2.490970225702432,2.898104104130147,2.683464004216389,2.730140218942837,2.587212405010568,0.05803840530643361,0.20751053966931873,0.22741672116962194,0.21568627450980393
2025-09-02,5.0,5.0,0,3.1570109682099585,3.201544233319015,2.629419478959893,2.749602433587947,2.501420086158452,0.051341206029232436,0.29299779271603726,0.2573252893623735,0.29455445544554465
2025-09-03,5.0,3.0,0,2.691745281571912,3.4857557142018694,3.282166934503344,3.3045944933964027,3.1471230535381753,0.1129730909111139,0.28085410877702105,0.25331753922363404,0.21731881268325212
2025-09-04,5.0,4.0,0,2.7554486309384014,2.92677225336057,3.3614940987396014,3.401437679994886,3.2988198046146793,0.13094933918533277,0.26587487990183456,0.2482850184993329,0.2158273381294964
2025-09-05,5.0,2.0,0,3.1661336122539083,3.4042225566989828,3.6338116076783127,3.6754767978452163,3.566204980627231,0.16536113438155092,0.3262882682795245,0.26804288480631333,0.29455445544554465
2025-09-06,5.0,3.0,0,3.138216151930705,2.769222351037171,2.8430734637563337,2.9479091109802584,2.718212019170568,0.06917185450904291,0.22415974214533257,0.2336150188155417,0.21568627450980393
2025-09-09,5.0,5.0,0,3.216024077500725,3.7927387029682174,4.559792852126294,4.531268422675324,4.376484566157107,0.2847956213546786,0.34482643288249676,0.27387632610961476,0.29455445544554465
2025-09-10,5.0,5.0,0,2.060755729515901,2.5497486211784652,3.44154923911264,3.4214852678107417,3.270600822711343,0.12751529143305002,0.19531062520337603,0.2227180085161554,0.21568627450980393
2025-09-11,5.0,3.0,0,2.509634084760525,3.1735786344235772,3.1424686975083755,3.1282651688891776,3.043261825880934,0.1013796175355774,0.17669026356015077,0.2152442370094414,0.21568627450980393
2025-09-14,5.0,6.0,1,3.0736323528013867,3.051265397273963,2.6691901487410816,2.7167187137093607,2.6838422319479673,0.06614548349671509,0.19707165867940518,0.22340524335188283,0.21568627450980393
2025-09-15,5.0,6.0,1,2.660793344681739,2.3844831884099875,3.3272328248102565,3.33546482170442,3.275721733867429,0.12813548671640845,0.17783655304619173,0.215716064153271,0.21568627450980393
2025-09-16,5.0,10.0,1,2.657685586008814,2.9494227829268684,3.0329888802121605,2.994888231126568,3.007913154919458,0.09757251246317744,0.18087978095441215,0.2169608246326863,0.21568627450980393
2025-09-17,5.0,0.0,0,3.1885338167726203,3.133851958828081,2.8995956781895424,2.9558619856113437,2.9129882684314943,0.08770877837394542,0.21204233398833974,0.22912692691789982,0.21568627450980393
2025-09-18,5.0,4.0,0,4.053240143093049,4.770960068867271,3.4346742230017355,3.4346037332488644,3.3762255660163336,0.1405710587734798,0.2512519365695213,0.24326315205903065,0.2158273381294964
2025-09-19,5.0,3.0,0,3.3947768176321893,3.1241622078560103,4.2930028339487665,4.104958074797034,4.258073508775128,0.2663853216604406,0.28642642536927954,0.25516402480732453,0.2413793103448276
2025-09-20,5.0,4.0,0,3.5989483242965132,3.0172530101720265,4.518554231188213,4.4334247793329045,4.64208095416878,0.32664885070340743,0.21399096576711935,0.2298568104285326,0.21568627450980393
2025-09-21,5.0,2.0,0,3.4805206422259176,3.052118399072928,3.4497958212956967,3.470098229874443,3.4194455535632207,0.14606816299190714,0.21653967900999002,0.23080663012186173,0.21568627450980393
2025-09-22,5.0,3.0,0,2.4305898828935883,2.37301583972554,3.504183000762109,3.522033014818486,3.5017872392223084,0.15677723741802835,0.2036205916501846,0.22593397449514144,0.21568627450980393
2025-09-23,5.0,5.0,0,2.691399713686237,2.659182294690907,3.3422958005173333,3.374746258614451,3.3886128557117776,0.14213762714519593,0.16535671650412107,0.21048654212880297,0.21568627450980393
2025-09-26,5.0,3.0,0,2.88940685567213,3.5898252243127735,3.9434580919345352,3.878324340357382,3.872838661785148,0.20840204235072063,0.26375768924013326,0.24756497520171325,0.2158273381294964
2025-09-27,5.0,7.0,1,3.285740020475271,3.50169542032232,3.175145320084729,3.2178076735459284,3.1349148040617676,0.11157941202290675,0.22697420453096448,0.23464092039695217,0.21568627450980393
2025-09-28,5.0,1.0,0,2.574486496508023,2.1928358500274716,2.6966304941228785,2.7252735476177095,2.6975087645653746,0.06733994265928957,0.15680395938239478,0.20677517356432606,0.16666666666666666
2025-09-29,5.0,1.0,0,3.718093879979887,3.068086112953943,3.7717918495117706,3.776463379461447,3.8970275575447966,0.21193201012861596,0.3055382399730616,0.26140485333721974,0.29455445544554465
2025-09-30,5.0,1.0,0,2.399277510683496,3.1573565616523958,3.993618118558888,3.9488946115346946,4.061915105321552,0.23642665440686467,0.24469731092748595,0.24097275839559165,0.2158273381294964
2025-10-01,5.0,6.0,1,2.564609104891888,3.136272050835441,3.9091169548042353,3.8632028598302326,3.927979357995281,0.21647393615206234,0.23626965944986314,0.23798839765132157,0.2158273381294964
2025-10-02,5.0,3.0,0,2.5597551154481653,2.7921116325288735,3.7943278051341234,3.772868084249902,3.7816822409520987,0.19526269050181744,0.1819134121340248,0.21738105616045317,0.21568627450980393
2025-10-03,5.0,2.0,0,2.839225742703258,2.8906659744823626,3.8038174597052397,3.830209957579846,3.8483519173812977,0.20484665555018772,0.2135971584974159,0.22970956585516433,0.21568627450980393
2025-10-04,5.0,3.0,0,3.4299108311978124,3.756942840736589,4.843481819391978,4.803277416987409,4.81037523628326,0.3533554005686028,0.2793462975642724,0.25281561857206714,0.2158273381294964
2025-10-05,5.0,4.0,0,3.7417730190766347,4.205235160979092,3.4301693823308144,3.4690185131695426,3.4101777541496587,0.14488205791696604,0.258565454254123,0.24578926786416141,0.2158273381294964
2025-10-06,5.0,1.0,0,2.9096083373146433,3.3580713725486273,3.9103086701976526,3.8853497906083145,3.950735031140678,0.21983049430847892,0.24179013117325318,0.23994845601934822,0.2158273381294964
2025-10-07,5.0,1.0,0,2.4571832165213534,3.360262545411123,4.039263863593744,3.969019358293199,4.017731930281341,0.22979381330055487,0.2539472423706384,0.24419762640682194,0.2158273381294964
2025-10-08,5.0,6.0,1,2.929122045266203,3.0199987117081606,4.0140486604225565,3.956468968681018,4.032728402680923,0.23203977551075836,0.2522898084513931,0.24362348136969186,0.2158273381294964
2025-10-09,5.0,2.0,0,3.006644288350913,3.405144270329764,4.0743231395146555,4.157166271366871,4.065638557527457,0.23698776133189675,0.2372353305214524,0.2383327152051534,0.2158273381294964
2025-10-10,5.0,2.0,0,3.167344607223726,3.07354641630294,4.352363986750672,4.367290688718646,4.390514940740973,0.28698978731833297,0.22082111501428145,0.23239021251054517,0.21568627450980393
2025-10-11,5.0,3.0,0,3.247616669800957,3.0408768009300906,3.4518851891325455,3.527556894598419,3.4255754389109834,0.14685485131193873,0.24344404642394202,0.24053184152574644,0.2158273381294964
2025-10-12,5.0,2.0,0,3.124663381297293,3.4003557948212393,3.3639712672615127,3.4279374170918353,3.3118985002135464,0.13255444491120796,0.2646935218042458,0.24788352744413614,0.2158273381294964
2025-10-13,5.0,5.0,0,2.9649961042302286,3.7391093335196723,4.325363706256571,4.2447913732939115,4.332723671521012,0.27796828691048514,0.2602402128468675,0.24636358264464137,0.2158273381294964
2025-10-14,5.0,2.0,0,2.7473118739508893,3.0965771641241266,3.7239144129443917,3.740217279825931,3.7122705313055095,0.18544320482129176,0.2053309323769508,0.22658763058672451,0.21568627450980393
2025-10-15,5.0,3.0,0,2.960056535768644,2.249633402402842,3.5025100348210416,3.4994802934525846,3.4088591301554954,0.1447136220229936,0.19401830285375377,0.22221166403978315,0.21568627450980393
2025-10-16,5.0,4.0,0,2.7990463309603286,3.4124864740265717,4.03126449071924,4.014750650582302,4.05991081691734,0.2361247521145327,0.21214512872983718,0.22916551111034444,0.21568627450980393
2025-10-17,5.0,6.0,1,3.0929702540017474,3.723051531934662,4.401546108283557,4.327332914551765,4.457816098465889,0.29754626759443115,0.3010600139074548,0.2599544473939795,0.29455445544554465
2025-10-18,5.0,3.0,0,2.918667666974462,3.212757511782855,3.375532558893117,3.446194902937713,3.4290101872269,0.14729640961824686,0.22420167665254337,0.23363034826570164,0.21568627450980393
2025-10-19,5.0,5.0,0,3.3847068412797885,2.432707219815937,3.5723039851883,3.6245967648663613,3.5642334506283584,0.16509583958004823,0.2547038898736168,0.24445921440743695,0.2158273381294964
2025-10-20,5.0,1.0,0,3.216683390194741,3.158464136268578,3.584878585777881,3.5955261778418866,3.660307346100002,0.17820512353386175,0.21409794325584453,0.22989678667240798,0.21568627450980393
2025-10-21,5.0,3.0,0,3.2662783675864326,3.695272826953676,3.4143966499989915,3.4586259267491286,3.374490345457611,0.14035219338930718,0.2693004065344347,0.24944525828436356,0.2158273381294964
2025-10-22,5.0,9.0,1,3.175210090580129,3.1347211416220553,3.901153307723725,3.938100122988596,3.8478795706694,0.20477825450381024,0.28366826470658074,0.25425169350406557,0.2413793103448276
2025-10-23,5.0,1.0,0,3.058638079400341,4.323276125748937,4.492556046225603,4.47661427991877,4.508564420919437,0.3055364691195842,0.3807252446743346,0.2849854515908954,0.29455445544554465
2025-10-24,5.0,6.0,1,3.4672684047279616,3.0090921850723293,4.42978157460006,4.450840808325305,4.38663721048962,0.28638311953334306,0.38295048265111215,0.28566810787554275,0.29455445544554465
2025-10-25,5.0,2.0,0,3.5494021920143055,2.7577008850461264,4.294550941115763,4.301804780204939,4.238638452928309,0.26338429314497797,0.3920363504664732,0.28845028740334544,0.29455445544554465
2025-10-26,5.0,3.0,0,2.6547844605252187,2.1345813402189715,3.921320133495864,3.8683629190712012,3.945708974294501,0.2190878908651677,0.3184517663703879,0.2655508743466806,0.29455445544554465
2025-10-27,5.0,3.0,0,2.68561304874625,2.651329192444101,4.0420651956397435,4.0958251814912305,3.9288429961698244,0.2166010616890939,0.3450903852816385,0.27395882574613745,0.29455445544554465
2025-10-28,5.0,2.0,0,3.132060714962761,2.6711809043495727,4.730280137529006,4.671955730820205,4.8027587425646665,0.3521462373168963,0.44632295808867667,0.30498825723892964,0.29455445544554465
2025-10-29,5.0,2.0,0,3.3536223244929277,2.5626202320498175,5.280997922937338,5.168851622531863,5.23287334834096,0.42001878334182075,0.4023314636065405,0.2915944327763041,0.29455445544554465
2025-10-30,5.0,4.0,0,3.3828632188725383,3.7803603230001492,4.5966812341683765,4.5704890071238085,4.4647198673001665,0.2986318503642026,0.443952949725049,0.3042664626096403,0.29455445544554465
2025-11-02,5.0,4.0,0,2.9843983198943422,3.336202205996227,4.056649945178881,4.027289698227252,4.152427948605736,0.2501543401845353,0.3138144397405658,0.2640679443244411,0.29455445544554465
2025-11-03,5.0,6.0,1,3.2201219363603593,3.3382736007810307,3.893363188390832,3.8756082204883056,3.977410550274277,0.22378332599475423,0.3174847482381593,0.26524216421889796,0.29455445544554465
2025-11-04,5.0,4.0,0,3.237605641644362,4.6116852928317,3.2064092189285556,3.2140092120578725,3.299107483923654,0.13098455353754035,0.3461145394093223,0.27427879453147297,0.29455445544554465
2025-11-05,5.0,3.0,0,3.460845100032296,4.159209482408042,3.8202168481071115,3.7861103329946886,3.8748128485514957,0.2086894850761659,0.38609585443837824,0.28663215071899534,0.29455445544554465
2025-11-06,5.0,7.0,1,3.1023421433780216,3.6407279151730996,3.646509184999542,3.662609582592124,3.7133344072173533,0.18559242847011334,0.3637683392302056,0.2797632498000389,0.29455445544554465
2025-11-07,5.0,8.0,1,3.7313224117709374,4.367559419732239,3.7124771509026724,3.7618951562512875,3.7456187506230005,0.19013994756947333,0.38796562351736547,0.28720475980290955,0.29455445544554465
2025-11-08,5.0,4.0,0,3.2880741710232533,3.288649671205028,3.582602617005289,3.5933980218672223,3.615716661363561,0.172075347093109,0.3147149786095876,0.2643564219710073,0.29455445544554465
2025-11-09,5.0,3.0,0,3.7112651422387253,4.2439960381430115,3.2171230466601637,3.2667135250676793,3.2578033626751015,0.12597121649325085,0.3630729870343933,0.2795482377512024,0.29455445544554465
2025-11-10,5.0,0.0,0,3.806946343032686,4.040752255378375,3.5237060156777824,3.562812321244846,3.590553483935036,0.16865065025702625,0.3686741692646028,0.28127811777850925,0.29455445544554465
2025-11-11,5.0,3.0,0,3.3785267189888937,3.798876284964803,3.545004313196353,3.559525224827784,3.552040786858637,0.16345873067744765,0.3271736550069631,0.2683233922039365,0.29455445544554465
2025-11-12,5.0,5.0,0,3.6750809123410084,4.222807627129424,3.96922212629582,3.932731343376888,4.029827395473482,0.23160486918517917,0.39013845884112014,0.28786976969353306,0.29455445544554465
2025-11-13,5.0,4.0,0,3.5317131632956977,4.191822164031862,4.448349084931634,4.375592632240619,4.467995559776382,0.2991470978808543,0.43977490317642354,0.3029944595438978,0.29455445544554465
2025-11-14,5.0,9.0,1,4.141414468740799,4.121983813417092,4.434133168189878,4.362292407575081,4.486403760491849,0.3020444722277939,0.44976346056154687,0.30603646623940955,0.29455445544554465
2025-11-15,5.0,5.0,0,4.05048800011121,4.347453145651761,3.7920424982851038,3.817519362713314,3.7819622320348003,0.1953026355825272,0.43431734463882327,0.30133351767623545,0.29455445544554465
2025-11-16,5.0,5.0,0,3.8351936940458797,3.979984730239691,3.6922237160690923,3.719456151362677,3.718018702931284,0.18624995140328135,0.45764668126125085,0.30844042013265793,0.29455445544554465
2025-11-17,5.0,3.0,0,3.7838839977715724,4.1269112032882695,4.234253077296577,4.2285864418743895,4.177495050108183,0.25398663181948644,0.4698914710243835,0.3121825862800308,0.29455445544554465
2025-11-18,5.0,4.0,0,3.9134950816330827,3.541272160942422,4.012398299330723,4.0743705437832425,3.902075901659408,0.21267091931744522,0.5048060897468701,0.32294077215746997,0.345679012345679
2025-11-19,5.0,5.0,0,4.426406283088739,3.8660081422259758,4.159163243352437,4.125893384756358,4.196367813877277,0.25687999179538784,0.5121758715754833,0.32523457176662673,0.345679012345679
2025-11-20,5.0,4.0,0,4.271185113021531,4.434876808705918,3.937311907350418,4.022834052502901,3.844954836187785,0.20435487552755313,0.48476182843130433,0.3167456809655103,0.3333333333333333
2025-11-21,5.0,6.0,1,5.4626607049114755,6.246861505256009,3.98984314891638,4.098478115993929,4.004478049510745,0.2278135197548129,0.5394351971686868,0.3338138497942153,0.345679012345679
2025-11-24,5.0,4.0,0,3.468180852521699,3.763262089231547,3.056074898612379,3.094597836614996,3.060155484411696,0.10322427671829244,0.3499962437656968,0.2754896145219409,0.29455445544554465
2025-11-25,5.0,3.0,0,3.9048491525575693,3.3049742543225613,2.9708042722187096,3.0524980163781374,2.940127062240592,0.09047457881978364,0.3595579955961522,0.278460176987264,0.29455445544554465
2025-11-26,5.0,2.0,0,3.653293709579644,3.212631826103091,3.0631825703660076,3.1152716015937543,3.017033079611009,0.09854787503242618,0.3555452268750253,0.27721551235799846,0.29455445544554465
2025-11-27,5.0,6.0,1,3.4812187754175388,3.518971062426417,3.2174686466187183,3.2908193375432404,3.145217794632085,0.11275505484125552,0.332605545588925,0.27003992996992476,0.29455445544554465
2025-11-28,5.0,3.0,0,4.177081959409427,4.174862666964491,3.869675498694878,3.933220196674,3.83263486904496,0.20257440906941063,0.4459817388465519,0.30488432507965024,0.29455445544554465
2025-11-29,5.0,3.0,0,4.0588061676811815,3.745338509260112,3.316076702579341,3.3942032815612793,3.152430102465164,0.11358146299442397,0.3876205074647458,0.2870990946449197,0.29455445544554465
2025-11-30,5.0,4.0,0,4.007493268481853,3.6110827915886956,3.516685193167763,3.5975258663556358,3.423918534346242,0.14664203946822604,0.4000433808723938,0.2908962881697571,0.29455445544554465
2025-12-03,5.0,8.0,1,4.107751001155481,4.441707923949436,4.0062743929175415,3.961301927077985,4.208087326106198,0.2586800667237606,0.41181452904092164,0.2944848838266879,0.29455445544554465
2025-12-04,5.0,5.0,0,4.266580548849213,3.3967254514952168,4.377109021784679,4.333986769076259,4.574581916090036,0.3159618656522101,0.38433785658581743,0.2860934570555288,0.29455445544554465
2025-12-05,5.0,7.0,1,3.8753427589893166,3.662843676299793,4.75181258504377,4.7117828984402905,4.883443910455134,0.36495117787096193,0.45031015265069124,0.3062030732437295,0.29455445544554465
2025-12-06,5.0,5.0,0,4.548566518169718,3.675893502912496,4.086233703335779,4.133957130926674,4.1947719271302875,0.25663506699304584,0.386121874824251,0.2866401216828734,0.29455445544554465
2025-12-07,5.0,3.0,0,3.3058081887104414,2.925137556463046,3.205247075418407,3.2263125754681345,3.2835168212742047,0.12908209912459853,0.3724947939238843,0.28245549944194953,0.29455445544554465
2025-12-08,5.0,3.0,0,3.459519152871407,3.439768044510677,2.9602797653198074,3.061955627119654,3.0896468629291376,0.10648309967022476,0.35207596298133464,0.2761371375299095,0.29455445544554465
2025-12-09,5.0,5.0,0,3.4017953599196873,3.2683576309377087,3.028513064183599,3.0883082421308843,3.0760774899813628,0.10497760679376503,0.36064147170724403,0.27879577908755176,0.29455445544554465
2025-12-10,5.0,5.0,0,2.892880880613303,3.6747778580147488,3.1448264902052134,3.167869094875905,3.249870444911044,0.12501827387530187,0.3706064364111142,0.2818738247415692,0.29455445544554465
2025-12-11,5.0,1.0,0,4.281710602420138,4.709364209274784,3.3485433712962394,3.396632256837522,3.4675175338549082,0.1522834399664713,0.3798380255350682,0.2847131186253645,0.29455445544554465
2025-12-12,5.0,8.0,1,3.856393547263067,4.578219094781512,3.824615519933444,3.8264658466758688,3.9516251714653117,0.21996208563038253,0.4363780702347245,0.3019606130845196,0.29455445544554465
2025-12-13,5.0,5.0,0,4.532306770259447,3.7185548373571655,3.3890868583015434,3.494242892460421,3.36349156489043,0.13896824177158593,0.3849115040031817,0.286269270992388,0.29455445544554465
2025-12-14,5.0,6.0,1,4.241668855294545,3.5765801428182673,3.644808825928747,3.7158755825714196,3.6785923276040635,0.180740673568496,0.4743299516244563,0.31354216158462833,0.3295422092496663
2025-12-15,5.0,1.0,0,4.13808559556152,3.9792111720815617,4.522310397050433,4.517734362539188,4.476226704222792,0.30044225846376826,0.5025513984463992,0.3222408810397651,0.345679012345679
2025-12-16,5.0,9.0,1,4.586648007963451,4.1228828802554025,4.785221193911206,4.690896183979204,4.820919311922347,0.3550292502989818,0.49192098857404154,0.31895176345896853,0.3333333333333333
2025-12-17,5.0,4.0,0,4.133077897779597,3.6023054803091603,4.642979977392349,4.593486233550166,4.626127375752157,0.32412093267283726,0.4542073834193706,0.3073912017931177,0.29455445544554465
2025-12-18,5.0,1.0,0,4.816933369040045,4.10132595899344,4.486887139505909,4.48388301286058,4.4921658542908585,0.3029520339333428,0.46606638268664796,0.311012330801,0.29455445544554465
2025-12-19,5.0,3.0,0,4.2155402686203365,3.6081168234779097,4.474891352128224,4.497905115432751,4.4983010900843645,0.30391868694716506,0.44765923329285434,0.3053953178879616,0.29455445544554465
2025-12-20,5.0,4.0,0,4.662540856670212,3.6478756550814273,4.212537561140768,4.213928383960565,4.148126089136066,0.24949793094091052,0.44785047090969465,0.3054535792461946,0.29455445544554465
2025-12-21,5.0,5.0,0,3.7918398454545144,3.1408165090739315,3.333425797180883,3.4106301573728586,3.323836923923404,0.13402700519352315,0.33931655027466884,0.27215080836054195,0.29455445544554465
2025-12-22,5.0,3.0,0,3.7215170062778458,4.776694240240133,3.672225420516587,3.7530928508423678,3.6736283702160506,0.1800510889464059,0.4128546416087706,0.29480166702524435,0.29455445544554465
2025-12-23,5.0,9.0,1,3.983434321398345,4.581972827600491,3.8145514807027934,3.8659618133591773,3.758055006347446,0.191901455899203,0.3897781263700806,0.2877595173438648,0.29455445544554465
2025-12-24,5.0,5.0,0,4.147757416829686,3.7364038393069046,4.296141014369551,4.305016967622012,4.2325679030145364,0.26244824379376136,0.39157491058830735,0.2883091730059568,0.29455445544554465
2025-12-25,5.0,1.0,0,4.148665899984727,4.0932568404044,4.7590350007467075,4.695901655259774,4.6260117805469285,0.3241026201553487,0.40215076959551177,0.2915393108358157,0.29455445544554465
2025-12-26,5.0,9.0,1,4.084917399286609,4.007105378466452,4.824609755700472,4.861843062692918,4.714198987791855,0.33808740004188015,0.43348158152517136,0.3010792038985117,0.29455445544554465
2025-12-27,5.0,8.0,1,4.689826210125518,5.145036922627561,4.200064099104566,4.198012187211165,4.036839872613402,0.23265650241539698,0.43004972615005593,0.30003498777469817,0.29455445544554465
2025-12-28,5.0,4.0,0,4.037855897353234,3.6863277518509725,3.9730864962036367,3.994852750009499,3.8314467013423226,0.20240295008649328,0.39629552582006183,0.2897519824846396,0.29455445544554465
2025-12-29,5.0,5.0,0,4.355837320283045,6.471817053031882,4.4866878270521795,4.450597444445596,4.363335729428105,0.2827415576219639,0.5503818630258143,0.3373089345869869,0.345679012345679
2025-12-30,5.0,2.0,0,5.479221187550656,7.460506559307357,4.715585195179854,4.644704458383318,4.606409937572143,0.32099822715798176,0.5855754707651278,0.3487914959144983,0.345679012345679
2025-12-31,5.0,2.0,0,5.472219091345807,6.808187251554597,4.591578380096063,4.617030449283219,4.351160283925771,0.2808415550407614,0.5972314880541629,0.3526922867265639,0.345679012345679
2026-01-01,5.0,8.0,1,4.293769776218225,5.7311725954673935,4.721822933241843,4.658954838447302,4.8903835661471495,0.3660518515286109,0.5091708449803451,0.3242981130564173,0.345679012345679
2026-01-04,5.0,4.0,0,3.387393877386733,3.4445926293425115,3.3160380526946387,3.390633605350998,3.4628723143575364,0.15167830516211459,0.3719907481628549,0.2823002840767207,0.29455445544554465
2026-01-05,5.0,5.0,0,3.474052154967893,4.0468505436133055,3.8255919068212734,3.901806449007052,3.924678088362805,0.21598819160241517,0.3609339134486642,0.2788863286676943,0.29455445544554465
2026-01-06,5.0,3.0,0,4.595781055457161,4.7736610345872625,3.66818340967853,3.7779563567921133,3.7824361084201463,0.19537024740838532,0.3883011146273681,0.28730746732703283,0.29455445544554465
2026-01-07,5.0,2.0,0,5.038109613565432,4.955515486986771,4.444030934658631,4.5011261270041665,4.530630580030175,0.3090175906895371,0.48850548081038553,0.3178984438623958,0.3333333333333333
2026-01-08,5.0,2.0,0,3.8701217166005195,3.5140237326027908,4.7925461247449705,4.819500666234319,4.937185508942065,0.3734706527309985,0.4349431322437452,0.3015239435923432,0.29455445544554465
2026-01-09,5.0,4.0,0,4.690082019278229,4.034618495142276,4.770683887050436,4.789236881984653,4.878569470248876,0.3641779775177878,0.38885328745085346,0.2874764871622956,0.29455445544554465
2026-01-10,5.0,3.0,0,5.326972772539,5.248497282791284,4.719755202890868,4.742105396866118,4.759605516628555,0.34529507464600995,0.5191519462648655,0.3274150927949291,0.345679012345679
2026-01-11,5.0,3.0,0,4.341728699498802,4.395122690624729,4.521331567021849,4.579525774356073,4.516352792771483,0.3067647102319172,0.42192185064985294,0.2975618662736545,0.29455445544554465
2026-01-12,5.0,2.0,0,4.669592604504691,6.685571136783662,4.872490746591108,4.917931332355966,4.855888860097572,0.36057949776533615,0.6077446108189315,0.3562593047074435,0.345679012345679
2026-01-13,5.0,2.0,0,5.975231424640476,8.796149878886895,5.727141023863351,5.618398192862454,5.889256643668952,0.5191039038155456,0.7031531681455647,0.3915290872807206,0.4
2026-01-14,5.0,4.0,0,4.59785955377258,7.01810545393917,5.380461289598644,5.352245394255782,5.283910663524514,0.4279690336662189,0.5834946912539757,0.3481007411303831,0.345679012345679
2026-01-15,5.0,5.0,0,5.01387762339086,6.495356721829771,5.130319502288479,5.2757393703457485,4.994179574596609,0.38249209837778914,0.5467716600891327,0.33615271362613824,0.345679012345679
2026-01-16,5.0,6.0,1,5.377189590274968,7.761181711395007,6.305242274743724,6.185758904716019,6.384665962607316,0.5877923957179256,0.7064670960663938,0.3928774239756492,0.4
2026-01-17,5.0,10.0,1,5.044975582893006,7.709009496670186,5.4768263370668215,5.539940370174442,5.27021367993043,0.42583848233657856,0.6462589487100375,0.36978990450639776,0.4
2026-01-18,5.0,10.0,1,6.640356150265787,10.694515044478557,5.177414115079232,5.234205399747233,5.331744489538803,0.43539083298021136,0.6002151707110879,0.3536997484483311,0.345679012345679
2026-01-19,5.0,4.0,0,4.797651411732345,10.04682548529879,5.499638950943669,5.4762451475208955,5.424625689265839,0.44971222691393686,0.5141382341002847,0.3258470036851003,0.345679012345679
2026-01-20,5.0,7.0,1,4.587731708248005,4.303112469584826,3.992108731999713,4.039123820600234,3.88950906776654,0.2108329446203471,0.4974898716284531,0.3206726830253387,0.345679012345679
2026-01-21,5.0,9.0,1,4.32041046078187,3.6276763945931028,4.382600167049508,4.4196826344976925,4.333291635637073,0.27805673163448963,0.3116431033925513,0.26337135932670686,0.29455445544554465
2026-01-22,5.0,8.0,1,4.866634973787817,3.425474251243881,5.296307401680274,5.2924538351992405,5.296034379642517,0.4298529144667935,0.44850865119100036,0.30565410844476865,0.29455445544554465
2026-01-23,5.0,3.0,0,3.8244731780860595,3.965099638543027,4.799323217100111,4.824211983465251,4.658983629181731,0.3293282831835721,0.49442965428902275,0.31972644562223174,0.34367040037977287
2026-01-26,5.0,4.0,0,3.421021491130204,3.454434600536203,4.669650992210162,4.722105930263674,4.5009340481883315,0.30433362871538405,0.35985563827543315,0.2785523898323311,0.29455445544554465
2026-01-27,5.0,3.0,0,4.032939859940941,4.654517542775585,4.249940239873711,4.33624015817255,4.050644709197068,0.23473024945748713,0.42803170058328227,0.2994209800801101,0.29455445544554465
2026-01-28,5.0,4.0,0,3.9300142811174177,2.257107499345169,4.235412750167285,4.292772805632723,4.076914152365701,0.23868890749782634,0.2355562429314239,0.23773361937239926,0.2158273381294964
2026-01-29,5.0,5.0,0,4.81530710222195,4.937365968114779,4.619159674110969,4.693342062894904,4.338378067640374,0.2788490036136801,0.4911534489681616,0.3187149215251165,0.3333333333333333
2026-01-30,5.0,6.0,1,3.6949061658831748,4.65568244691701,4.881053091538355,4.787949474748371,4.8565801405899425,0.3606891932413418,0.41183566625681306,0.2944913219127266,0.29455445544554465
2026-01-31,5.0,6.0,1,4.036980825137085,4.032877086206619,4.003665232120278,4.082250314246632,3.8163420673739465,0.20022720024185997,0.3581483458716771,0.2780232513870349,0.29455445544554465
2026-02-01,5.0,7.0,1,4.42923533655382,3.088862822474059,3.8017246946055447,3.8186139085244006,3.9676915999341427,0.22234093221638995,0.38146144634967916,0.28521136271751857,0.29455445544554465
2026-02-02,5.0,4.0,0,4.241278295696955,4.170586033611662,4.254813480749347,4.325970785023222,4.457502435041279,0.29749695669384896,0.4400590587868775,0.3030809553925363,0.29455445544554465
2026-02-03,5.0,1.0,0,5.282785152331884,6.118921219717022,4.691059271261897,4.626427734573089,4.922869386969686,0.3712022091092255,0.4984806080299169,0.3209793253425821,0.345679012345679
2026-02-04,5.0,2.0,0,3.8495952924641426,3.8386664895236002,4.1410834946567405,4.11930098167395,4.265696764688061,0.26756417653895415,0.34420710060646115,0.2736826939569193,0.29455445544554465
2026-02-05,5.0,2.0,0,3.515278784723542,3.5408263667157893,4.041932211079625,4.122982005064099,4.189637509076284,0.2558473999319607,0.30915643296802475,0.2625718009477925,0.29455445544554465
2026-02-06,5.0,9.0,1,4.085123786310049,3.7388208765007804,4.854168057025061,4.831502483455326,5.136627534069843,0.4049479537606221,0.43980276201984914,0.30300293957944047,0.29455445544554465
2026-02-07,5.0,3.0,0,3.6435330659000313,3.8549741510566924,4.824373417165618,4.803420622414201,4.955857723800298,0.37642800125976295,0.36324804050004567,0.2796023736945419,0.29455445544554465
2026-02-08,5.0,7.0,1,4.674767803545664,4.445299049531308,4.281353706657377,4.3616260077293765,4.379248064784093,0.2852276036639931,0.42476341991959954,0.298426543836086,0.29455445544554465
2026-02-09,5.0,5.0,0,4.621288732387135,4.50717261963923,4.2925257143405355,4.30942609737296,4.459786511461905,0.29785605759164874,0.41776617422927365,0.296297072512081,0.29455445544554465
2026-02-10,5.0,5.0,0,4.276817801613711,4.490863644531918,4.284047549207676,4.330059491670184,4.371509257945126,0.28401813734662146,0.39702282086859114,0.28997411987113314,0.29455445544554465
2026-02-11,5.0,5.0,0,3.822392717100291,3.7252443745670125,4.311979898791809,4.42356636077163,4.342893390884309,0.2795526186742617,0.4381297156975969,0.30249370754198046,0.29455445544554465
2026-02-12,5.0,6.0,1,4.8817404413575405,5.238027592420924,4.941006775346244,4.933426787287266,5.025520598619761,0.3874453140104378,0.529595702107837,0.3306981309503447,0.345679012345679
2026-02-13,5.0,5.0,0,4.253937717431842,4.1849745391799225,5.095832241870699,5.097561896520775,5.158101136602012,0.4083185603048972,0.4764187829250439,0.3141826707446566,0.3333333333333333
2026-02-14,5.0,3.0,0,4.425914964348364,5.044927996845677,4.143558488469154,4.2598595001923805,4.0904036566813735,0.24072789344292034,0.4177814883880868,0.29630173411293526,0.29455445544554465
2026-02-15,5.0,4.0,0,3.969660922150471,3.815957772641127,4.078875195079257,4.180225372738608,4.040131679601331,0.2331505757268402,0.5235062303208108,0.328781046002078,0.345679012345679
2026-02-16,5.0,2.0,0,4.50166169999693,4.968127907670225,4.739635766683077,4.731900914490781,4.767246844050007,0.34650822543071214,0.4815371962355888,0.31575412106990114,0.3333333333333333
2026-02-17,5.0,6.0,1,4.360715718551661,4.465987273511781,4.242397478534623,4.291689251130264,4.229212387679188,0.26193111523843887,0.43569100189000787,0.30175152577322106,0.29455445544554465
2026-02-18,5.0,2.0,0,4.127588581550386,3.5622573001329876,4.345016571756965,4.409637717509874,4.3200752605789345,0.2759998299470417,0.3890156759431697,0.2875261888512906,0.29455445544554465
2026-02-19,5.0,3.0,0,3.878191719802581,3.6411894483447256,4.956049726328916,4.924833021095958,4.925573277761192,0.37163071468815806,0.41566589109565105,0.2956576917977937,0.29455445544554465
2026-02-20,5.0,8.0,1,4.1473761704966945,3.2957820246076146,4.319930699884668,4.39414036416349,4.221674193729339,0.2607701051942536,0.35398218994538594,0.2767299337015651,0.29455445544554465
2026-02-21,5.0,8.0,1,3.725739300498168,4.346996190903549,3.5071672043258446,3.6157601571370823,3.390675529044829,0.14239918841530733,0.3032249416919004,0.2606564810835375,0.29455445544554465
2026-02-22,5.0,3.0,0,4.0452852127052195,4.572732166480374,3.875503302000185,3.9497854519925277,3.781526837127805,0.19524052086573654,0.3877773805121178,0.2871471263044867,0.29455445544554465
2026-02-23,5.0,6.0,1,4.347784732294071,4.882133837751213,4.775728144624544,4.770302995234357,4.724274321951569,0.3396864800793281,0.4428688397829642,0.30393635692600557,0.29455445544554465
2026-02-24,5.0,3.0,0,4.240023844363119,4.687411019340724,4.350079576847582,4.426419540417161,4.194389635600438,0.2565764028333665,0.429873598867599,0.29998139884188113,0.29455445544554465
2026-02-25,5.0,4.0,0,3.509044511506886,4.21947535038969,3.996126065664383,4.128462616266718,3.765895684218899,0.19301477250582139,0.40409222846933524,0.2921314655779137,0.29455445544554465
2026-02-26,5.0,7.0,1,3.8934908044375036,4.3329996378245434,4.541312240070142,4.7263659490154275,4.337043009370767,0.278641017664612,0.44722447990369896,0.3052628740049651,0.29455445544554465
2026-02-27,5.0,8.0,1,3.7606767545147783,3.903331186961128,4.1438522396587505,4.256781909577449,4.002977989331229,0.22758967324689516,0.44529865479320063,0.304676277208756,0.29455445544554465
2026-02-28,5.0,4.0,0,4.876772150011063,5.237284797828027,3.5984709650665807,3.710538665472496,3.4611690911576645,0.1514566668886401,0.4148834903304598,0.2954194765311545,0.29455445544554465
2026-03-01,5.0,5.0,0,4.374860723652413,4.876962969954293,3.7297421901188863,3.75311472136268,3.833365502334508,0.20267986562309132,0.39716350144865364,0.290017083423379,0.29455445544554465
2026-03-02,5.0,1.0,0,4.133558060365245,4.864509840073922,4.131029762304462,4.152204614658555,4.263346156293472,0.26720057831399263,0.3641767779110012,0.27988950941408636,0.29455445544554465
2026-03-03,5.0,2.0,0,3.5722940767936113,3.459312782058927,4.191041589239562,4.225998084201633,4.3827887537549834,0.28578121314518407,0.37181592608803593,0.28224644161946244,0.29455445544554465
2026-03-04,5.0,4.0,0,4.943348648667323,4.748179806682703,5.159560968948182,5.105870117628982,5.315866167055127,0.4329304886380817,0.5977650916729041,0.35287218531084,0.345679012345679
2026-03-05,5.0,6.0,1,4.246310258953445,3.2932651894133107,4.985719465293997,5.0085581579522,5.071065247887046,0.3946316329093033,0.4146886932076086,0.2953601642874942,0.29455445544554465
2026-03-06,5.0,5.0,0,3.385105619001775,3.1065949622709232,4.379837338452587,4.347445648358189,4.462584718784118,0.2982960594583476,0.3732548242990743,0.28268947896661134,0.29455445544554465
2026-03-07,5.0,6.0,1,3.5506645113011,3.5766622949901614,3.441041005206101,3.549853514542301,3.4838277544615437,0.15441576614260344,0.3264362489804272,0.26808978222486524,0.29455445544554465
2026-03-08,5.0,5.0,0,3.7975612811192057,3.9813267087382287,3.7271229103048116,3.791224867597564,3.7445739250245436,0.1899921998683699,0.3246801522561731,0.26753287336223364,0.29455445544554465
2026-03-09,5.0,9.0,1,4.6159642413826,5.056118789974676,4.143747292016683,4.186908384264006,4.215832856087704,0.25987113620000224,0.39696918689912153,0.28995773979286976,0.29455445544554465
2026-03-10,5.0,4.0,0,4.667794376405809,4.533958368896429,3.909432137219738,3.9683256058622596,3.9217579750234397,0.2155587879097946,0.4391305421569413,0.3027983257028522,0.29455445544554465
2026-03-11,5.0,4.0,0,4.51260960230908,5.066291627992279,4.345037453441389,4.421698009849267,4.356720334478162,0.2817089691996668,0.45913539043690493,0.3088948034102103,0.29455445544554465
2026-03-12,5.0,2.0,0,5.112033335860344,5.281950382828268,4.551624700579138,4.640542568168897,4.388106426038362,0.28661295562142164,0.5122631561846661,0.3252617970412817,0.345679012345679
2026-03-13,5.0,5.0,0,5.349192401107332,5.173659384688701,5.507233748316427,5.536709328132219,5.539802695190293,0.467286986072611,0.6072137142094849,0.3560780038316526,0.345679012345679
2026-03-14,5.0,3.0,0,3.9718305480985943,4.328426554286125,4.789013505899172,4.775106742266357,4.806201051963783,0.3526927295592515,0.3615852563812168,0.2790879559975367,0.29455445544554465
2026-03-15,5.0,12.0,1,5.052315465921895,7.389881902523048,6.449434339157562,6.20209073266192,6.611782066183098,0.6171354221487626,0.4498404983130776,0.30605994302045636,0.29455445544554465
2026-03-18,5.0,4.0,0,4.43829770536823,3.3713325234416804,5.412597243479624,5.360292699075868,5.538881482776071,0.4671472955893541,0.3854351710584897,0.28642973756966694,0.29455445544554465
2026-03-19,5.0,3.0,0,3.204333055474177,2.927399619373296,5.516348966088508,5.464460052685944,5.348401770312106,0.43796822914235795,0.3544791923555085,0.27688438180649144,0.29455445544554465
2026-03-22,5.0,5.0,0,3.6671907846461465,3.389103616406518,4.634040253357825,4.585408258679883,4.438758039316551,0.29455195792303607,0.3534649841708009,0.276569159632066,0.29455445544554465
2026-03-23,5.0,3.0,0,3.797514661931421,4.423868529057737,5.203912104007262,5.158419407933373,5.229381960848627,0.41947380233441206,0.3626499359458533,0.2794173877370212,0.29455445544554465
2026-03-24,5.0,5.0,0,4.070064179981101,3.431397934826822,5.141289829134714,5.277103899984702,4.959862937319214,0.3770621448353585,0.36936264464288043,0.28149043074011504,0.29455445544554465
2026-03-25,5.0,4.0,0,4.2181351884036165,4.118891109523987,5.623584445342359,5.530699546455529,5.680190045139293,0.4883954391028175,0.39711470029185575,0.29000217981510706,0.29455445544554465
2026-03-26,5.0,3.0,0,4.163445483284684,4.656737920347824,5.2871840477187275,5.200455193046724,5.20891542423761,0.41627637802724,0.38253254917569307,0.28553993560991264,0.29455445544554465
2026-03-27,5.0,2.0,0,3.5863867108893963,3.65756664681183,4.927572582760967,4.962589437424087,4.899173249222486,0.36744573916868273,0.35900971860846936,0.27829027638649273,0.29455445544554465
2026-03-28,5.0,3.0,0,3.851512628848501,3.8462170131147757,4.326588914984545,4.339462620595429,4.3513778009246735,0.28087548175288785,0.34855301811186323,0.27503977668973517,0.29455445544554465
2026-03-29,5.0,2.0,0,4.079742214959203,3.8776887528660717,4.26236576615875,4.2941334653368575,4.405928123724594,0.28940294501192865,0.3803571891870916,0.2848724872980077,0.29455445544554465
2026-03-30,5.0,1.0,0,3.776215614110788,5.058606550430558,3.943034198915437,3.9913442338410565,3.9893862783464558,0.22556408926965774,0.37147102329412557,0.2821402049334452,0.29455445544554465
2026-03-31,5.0,2.0,0,3.7676971064512945,5.1035845061014715,4.088659245344644,4.14790079767007,4.0076086476890085,0.22828086827512162,0.3483770211649934,0.2749848925071329,0.29455445544554465
2026-04-01,5.0,3.0,0,3.71033855044477,3.8360135582290535,4.727811618923274,4.817731276844355,4.705716757961947,0.33674131434864774,0.395570854781235,0.28953060753104287,0.29455445544554465
2026-04-02,5.0,6.0,1,3.2919071694214317,2.810100712372742,5.185047407122199,5.209971016041795,5.244239114191118,0.4217919334148143,0.35962125265610095,0.2784797759223146,0.29455445544554465
2026-04-03,5.0,2.0,0,3.4335819604722113,3.951085587383997,5.351801749211246,5.319213734947793,5.60253613557685,0.4767644378359156,0.37219673638952694,0.2823637199777633,0.29455445544554465
2026-04-04,5.0,2.0,0,4.109660963773609,4.607089508688988,4.073211614411795,4.295695319362555,3.984731407212198,0.22487147288200524,0.4204756046707787,0.29712173502826383,0.29455445544554465
2026-04-05,5.0,5.0,0,3.3572677688153285,3.582071676585151,3.9319557995676466,4.0342341485915485,3.9134712892523806,0.2143415548684279,0.34161188117213165,0.27287042764172154,0.29455445544554465
2026-04-06,5.0,4.0,0,3.5524750158105998,3.652387758025769,4.792288519896634,4.774867085351302,4.856878029866485,0.3607364633281724,0.34983610349508104,0.27543972046112253,0.29455445544554465
2026-04-07,5.0,2.0,0,4.553635943376611,4.723565488916409,4.708773699625436,4.730465274129529,4.6891389971415744,0.33411097499813647,0.39899358022686165,0.2905758579514205,0.29455445544554465
2026-04-08,5.0,8.0,1,3.788274361039143,4.242372303805535,4.4690600145266,4.489123821916608,4.396021998978683,0.28785167397627903,0.35002611900715586,0.27549892204689913,0.29455445544554465
2026-04-09,5.0,3.0,0,3.3595468251446152,2.904579496341965,4.300048277288582,4.26793870760968,4.417725661787796,0.29125188494080206,0.3545323983490508,0.2769009134209637,0.29455445544554465
2026-04-10,5.0,3.0,0,2.9784476653110303,3.0731803117268135,4.097446787912125,4.1721555472115375,4.179170977538588,0.2542432903221894,0.31960193909501194,0.26591770293901296,0.29455445544554465
2026-04-11,5.0,3.0,0,3.0273339139893087,2.671038159232566,3.633067525540013,3.7349403048564644,3.608991980818719,0.17115765216215661,0.2929809700817172,0.2573197781080864,0.29455445544554465
2026-04-12,5.0,5.0,0,2.975860431426905,3.016791274693686,3.7409098560459184,3.789929941190585,3.775272364138271,0.19434894308111383,0.27820155638416977,0.25243388975585457,0.2158273381294964
2026-04-13,5.0,7.0,1,3.738104432074777,3.668963799700067,4.237414778082396,4.288263334511603,4.229142359347283,0.26192032506535085,0.39485384042196403,0.2893115323518673,0.29455445544554465
2026-04-14,5.0,3.0,0,3.6942385304070524,4.975971736510133,4.279863814132329,4.351457269531151,4.276471347733433,0.26923196386913467,0.4222678123977841,0.29766714662156335,0.29455445544554465
2026-04-15,5.0,8.0,1,3.980310119091592,4.674871393922586,4.39193199144278,4.325149702193919,4.54775044418947,0.31172093457996397,0.40910762846379534,0.293660252868495,0.29455445544554465
2026-04-16,5.0,3.0,0,3.7062987220662698,3.446945237147302,4.241963715021825,4.267961404461012,4.219491688150473,0.2604341507966859,0.37020555704869923,0.28175027865169117,0.29455445544554465
