candidate;family;feature_set;calibration;feature_count;mae;rmse;r2;high_auc;actual_mean;prediction_mean;actual_std;prediction_std;std_ratio;p05;p95;p05_p95_width;width_ratio;boring_4_5_share;min_prediction;max_prediction;mae_vs_official_pct;rmse_vs_official_pct;passes_accuracy_gate;resolution_score
xgb_squared__all_operational;xgb_squared;all_operational;raw;108;2.249420020315382;2.9297296690927994;0.13441091634115632;0.6528800707048712;5.215277777777778;4.953501584132512;3.1511818531385956;1.1705219803907037;0.37145491277339543;3.496789789199829;7.0282772302627565;3.5314874410629273;0.3531487441062927;0.6763888888888889;2.354330539703369;14.091686248779297;-0.7923014409635831;-2.8992191024448166;True;0.35547899340745265
xgb_squared__official_plus_forecast;xgb_squared;official_plus_forecast;raw;70;2.2629199071062938;2.971494497202137;0.10955616154460612;0.6572222720344301;5.215277777777778;5.036971603830655;3.1511818531385956;1.1238059945628216;0.35663000326163474;3.5294390082359315;6.96157443523407;3.4321354269981383;0.34321354269981386;0.6472222222222223;2.659437656402588;13.690787315368652;-0.19690676711955346;-1.514996706006233;True;0.351163796968226
gradient_huber__all_operational;gradient_huber;all_operational;round;108;2.2402777777777776;2.9765285522269433;0.1065365764458368;0.6510355958038195;5.215277777777778;4.758333333333334;3.1511818531385956;1.0872570788427829;0.3450315245246378;3.0;7.0;4.0;0.4;0.7388888888888889;2.0;13.0;-1.1955079713727335;-1.3481517308036817;True;0.34748640825830923
xgb_squared__official_plus_forecast;xgb_squared;official_plus_forecast;round;70;2.261111111111111;2.9907264074877267;0.09799271865671566;0.6528096220107338;5.215277777777778;5.020833333333333;3.1511818531385956;1.1619174479161183;0.36872433965016704;4.0;7.0;3.0;0.3;0.6472222222222223;3.0;14.0;-0.2766813251052769;-0.8775885769959135;True;0.3414815083981307
xgb_squared__official_50;xgb_squared;official_50;raw;50;2.276677842934926;3.020433219601232;0.07998449056718182;0.6551344289172676;5.215277777777778;5.060063727034462;3.1511818531385956;1.089169220744037;0.3456383260328877;3.552273952960968;6.858790516853328;3.30651656389236;0.330651656389236;0.6666666666666666;2.712630271911621;11.533140182495117;0.4098688186557231;0.10699190653093993;True;0.3379319931176987
xgb_squared__official_50;xgb_squared;official_50;round;50;2.2597222222222224;3.0228298000383678;0.07852392795691499;0.6512853684466704;5.215277777777778;5.063888888888889;3.1511818531385956;1.1256653795631388;0.35722006282879853;4.0;7.0;3.0;0.3;0.6472222222222223;3.0;12.0;-0.3379364348564229;0.18642238586308313;True;0.33630458382851486
gradient_huber__official_plus_forecast;gradient_huber;official_plus_forecast;raw;70;2.247418560994105;3.004140377950703;0.08988322842488583;0.6621280629170883;5.215277777777778;4.8194147046605105;3.1511818531385956;1.0436809470928052;0.3312030202424823;3.3566654258038726;6.650133525304167;3.293468099500294;0.3293468099500294;0.6583333333333333;2.6244585172200123;10.10158683222879;-0.8805731604424438;-0.433005917840501;True;0.3326460759249607
gradient_huber__all_operational;gradient_huber;all_operational;raw;108;2.227098106013697;2.956833258065601;0.11832131564985537;0.6624482842540763;5.215277777777778;4.7408505588295915;3.1511818531385956;1.0532937991609677;0.334253574769695;3.3504018949439214;6.537973762581338;3.1875718676374163;0.31875718676374165;0.6736111111111112;2.4257332867141614;13.085449430282653;-1.7767799844557453;-2.0009179103077535;True;0.3272569017914501
poisson_glm__official_plus_forecast;poisson_glm;official_plus_forecast;raw;70;2.281594458036367;2.947487104294836;0.12388624311985208;0.6449385815475658;5.215277777777778;4.9987238974639725;3.1511818531385956;1.07449390848167;0.3409812440406979;3.5932703165547095;6.651587163696734;3.058316847142024;0.3058316847142024;0.6777777777777778;2.9977814321499063;16.36331846531795;0.6267096329586996;-2.310679878827837;True;0.32492709391272934
extra_trees__all_operational;extra_trees;all_operational;round;108;2.2402777777777776;2.992815471164977;0.0967321494747142;0.6433054527289263;5.215277777777778;4.894444444444445;3.1511818531385956;1.0561284019284365;0.3351531111657445;4.0;7.0;3.0;0.3;0.7319444444444444;3.0;13.0;-1.1955079713727335;-0.8083502044096247;True;0.3094300111356961
extra_trees__all_operational;extra_trees;all_operational;raw;108;2.2563260778150758;2.9761928445565013;0.10673810356360502;0.6535717487927657;5.215277777777778;4.901434221728103;3.1511818531385956;1.020459008450938;0.3238337411198769;3.63400660098111;6.599755109296306;2.965748508315196;0.29657485083151963;0.7125;2.976397869642991;13.249448979591847;-0.487718897697631;-1.3592781761194828;True;0.3070263812949765
xgb_poisson__official_plus_forecast;xgb_poisson;official_plus_forecast;round;70;2.2291666666666665;2.9713913688147287;0.1096179677796183;0.6473786681354152;5.215277777777778;5.008333333333334;3.1511818531385956;1.008965374314041;0.3201863368529828;4.0;7.0;3.0;0.3;0.7138888888888889;3.0;12.0;-1.6855488493820459;-1.5184147165673068;True;0.3063060738060645
xgb_poisson__official_plus_forecast;xgb_poisson;official_plus_forecast;raw;70;2.2422715054617988;2.9604132687912537;0.11618502340649217;0.6536229842066836;5.215277777777778;4.997426372104221;3.1511818531385956;0.9690638472239292;0.307523936220544;3.74249107837677;6.73690502643585;2.99441394805908;0.299441394805908;0.7194444444444444;3.3235483169555664;11.753573417663574;-1.1075772455417021;-1.8822646977776802;True;0.29930137059242373
xgb_poisson__official_50;xgb_poisson;official_50;round;50;2.238888888888889;3.03589635308366;0.07054032313757219;0.6434591589706804;5.215277777777778;5.0125;3.1511818531385956;0.9845026560822989;0.3124233071797264;4.0;7.0;3.0;0.3;0.7319444444444444;3.0;10.0;-1.2567630811238906;0.6194905005503015;True;0.299201599341988
official_temporal;official_xgb;official_50;raw;50;2.2673845407035618;3.017205054389593;0.08195001983697014;0.652534231660924;5.215277777777778;5.0294021642870375;3.1511818531385956;0.9538906849102964;0.302708865868917;3.770619547367096;6.654313540458678;2.883693993091582;0.28836939930915817;0.7388888888888889;2.857672691345215;10.50148868560791;0.0;0.0;True;0.28937050162144023
xgb_poisson__all_operational;xgb_poisson;all_operational;raw;108;2.2390999717844857;2.96292174653848;0.11468660457797586;0.6527327688898567;5.215277777777778;4.902577312456237;3.1511818531385956;0.9066586878421393;0.2877202047032297;3.7209147930145265;6.489946675300597;2.769031882286071;0.2769031882286071;0.7375;3.164128541946411;11.468465805053711;-1.2474535488496974;-1.7991255772337622;True;0.2788902079964658
rf_absolute__official_plus_forecast;rf_absolute;official_plus_forecast;raw;70;2.2286435185185183;3.026698176536909;0.07616395569721823;0.6613403184280975;5.215277777777778;4.643189814814814;3.1511818531385956;0.8476209095973352;0.26898508213770644;3.5761666666666665;6.015666666666665;2.439499999999999;0.2439499999999999;0.7291666666666666;3.12;10.388333333333334;-1.7086216073883165;0.3146329790713054;True;0.26059245362863453
rf_absolute__all_operational;rf_absolute;all_operational;raw;108;2.226627314814815;3.004755680814813;0.08951037314209509;0.6633577128511227;5.215277777777778;4.655664351851852;3.1511818531385956;0.8142784865825793;0.2584041558158737;3.6246666666666667;5.940166666666667;2.3155000000000006;0.23155000000000006;0.7486111111111111;3.205;10.898333333333333;-1.7975436083770835;-0.4126127774003341;True;0.247602147894921
rf_absolute__weather_calendar;rf_absolute;weather_calendar;isotonic;90;2.5977976768500026;3.5060937386044784;-0.23966322741352486;0.6106428763561375;5.215277777777778;5.8399643435359545;3.1511818531385956;2.3808565464167724;0.7555440013864719;3.8251666666666666;10.292571428571403;6.467404761904737;0.6467404761904737;0.7263888888888889;3.223333333333333;23.0;14.572434900871055;16.203362893868412;False;0.6210761895128004
rf_absolute__all_operational;rf_absolute;all_operational;isotonic;108;2.546960584037201;3.4289539768220005;-0.18571410066942717;0.6259046252769914;5.215277777777778;5.843019484560536;3.1511818531385956;2.3589358596330077;0.7485876631599327;4.0729999999999995;10.3;6.227000000000001;0.6227000000000001;0.7236111111111111;3.4066666666666667;20.81387478849408;12.330332077102724;13.646700009115165;False;0.6100872261997475
extra_trees__all_operational;extra_trees;all_operational;isotonic;108;2.4874820502919635;3.25320904770456;-0.06728551515004444;0.6328342150094145;5.215277777777778;5.69696125985874;3.1511818531385956;1.949428105863352;0.6186339591673233;4.111111111111112;9.655425040556757;5.544313929445646;0.5544313929445646;0.6916666666666667;3.256224479510973;17.711216174033645;9.707109916172673;7.821940804839089;False;0.5341029358225597
rf_absolute__official_plus_forecast;rf_absolute;official_plus_forecast;spread;70;2.3785325167181073;3.0951826935495452;0.033884056444910216;0.6528160264374735;5.215277777777778;5.583868904320988;3.1511818531385956;1.7318637228811131;0.5495918051051756;3.4896850694444446;8.486311574074074;4.99662650462963;0.499662650462963;0.5041666666666667;2.683701388888888;17.711916666666674;4.902034657961307;2.5844328693042096;False;0.5213649066260326
xgb_poisson__all_operational;xgb_poisson;all_operational;isotonic;108;2.375501236319542;3.124187787235372;0.015692185224751576;0.5960728055231775;5.215277777777778;5.495124590065744;3.1511818531385956;1.8700813473272673;0.5934539593342274;4.2084331750869755;9.898010826110834;5.689577651023859;0.5689577651023858;0.8347222222222223;3.192499876022339;23.0;4.768344040240824;3.5457561192314246;False;0.49924505504179295
extra_trees__official_plus_forecast;extra_trees;official_plus_forecast;isotonic;70;2.51425097838744;3.272596426263152;-0.08004431682466495;0.6144471058395563;5.215277777777778;5.726935135661271;3.1511818531385956;1.7771981145065032;0.5639782777805742;4.078735533910921;9.527664001221735;5.4489284673108145;0.5448928467310814;0.7333333333333333;2.9699172804903955;20.2997962801678;10.887718128627455;8.464501658646029;False;0.4978360546904702
extra_trees__official_50;extra_trees;official_50;isotonic;50;2.596908662710149;3.5643236551327786;-0.28118232375631425;0.6110655685209615;5.215277777777778;5.799783782383697;3.1511818531385956;2.151553637976508;0.6827767289385561;3.9847018777367587;8.0;4.015298122263241;0.4015298122263241;0.7625;2.916116750996628;22.623817866765776;14.53322610660197;18.133291933447083;False;0.4952849623015637
rf_absolute__official_50;rf_absolute;official_50;isotonic;50;2.5213355546956295;3.4191574084446703;-0.17894857630996075;0.6170857296563385;5.215277777777778;5.671299324636216;3.1511818531385956;2.0435460980130946;0.6485014807944869;3.7575833333333333;7.846370335189894;4.088787001856561;0.4088787001856561;0.7069444444444445;3.0;23.0;11.200174008122477;13.322009833912185;False;0.49354432253360986
rf_absolute__official_plus_forecast;rf_absolute;official_plus_forecast;isotonic;70;2.427916434231921;3.2347717025604865;-0.055222257303657596;0.643042871232596;5.215277777777778;5.629319494351005;3.1511818531385956;1.804861219238083;0.5727569221181034;3.944;8.75;4.806;0.4806;0.6666666666666666;2.0;23.0;7.080047104782072;7.2108671518485545;False;0.4926172816198132
xgb_absolute__official_50;xgb_absolute;official_50;isotonic;50;2.5588368601269194;3.6211443882065733;-0.32235589778814755;0.6029831819753814;5.215277777777778;5.62121217250824;3.1511818531385956;2.2047062601133622;0.6996442486863974;3.8126304149627686;7.333333492279053;3.520703077316284;0.3520703077316284;0.7277777777777777;2.5404226779937744;23.0;12.854119545726505;20.01651604481891;False;0.4925089640593932
rf_absolute__all_operational;rf_absolute;all_operational;spread;108;2.3481183333333333;3.0388687614971985;0.06871938729442295;0.6550511713696507;5.215277777777778;5.557539081790124;3.1511818531385956;1.6336111188749431;0.5184122005678146;3.5279993055555545;8.290194444444445;4.762195138888891;0.47621951388888906;0.5430555555555555;3.0614027777777775;17.629926388888894;3.560657276278345;0.7180057940075368;False;0.4913512090055166
rf_absolute__official_plus_forecast;rf_absolute;official_plus_forecast;affine;70;2.387629609118247;3.0967615629596192;0.03289816313204441;0.6468471007160148;5.215277777777778;5.616235424834259;3.1511818531385956;1.585101715900902;0.5030181658104343;3.7509447368362423;8.548838079715768;4.797893342879526;0.47978933428795256;0.5680555555555555;3.1603829496256894;15.33864330852341;5.303249901199969;2.636761742602922;False;0.4806733305043677
hist_poisson__official_plus_forecast;hist_poisson;official_plus_forecast;spread;70;2.4430003102741744;3.1930641947642315;-0.028186677195538135;0.6237399290389516;5.215277777777778;5.580890538716026;3.1511818531385956;1.547149087488032;0.4909742311276204;3.4479709161969496;8.360598489447549;4.9126275732505995;0.49126275732506;0.575;1.9176102404735293;14.824694891260737;7.745301532139748;5.828544537229563;False;0.4778803690712002
extra_trees__all_operational;extra_trees;all_operational;spread;108;2.407320177755587;3.084851608234783;0.04032268699674002;0.6519834509613045;5.215277777777778;5.639300981774078;3.1511818531385956;1.553799377654411;0.4930846425466743;3.8564068049041564;8.875381230277236;5.01897442537308;0.501897442537308;0.5986111111111111;3.1391538841031874;15.428693585161081;6.171676420118999;2.2420270623229266;False;0.477829971811839
hist_absolute__all_operational;hist_absolute;all_operational;isotonic;108;2.4138109901219074;3.328356569181905;-0.11716254104250057;0.6418900744194387;5.215277777777778;5.501928736785799;3.1511818531385956;1.952274743988087;0.6195373148787366;3.833204115159592;8.2;4.366795884840407;0.4366795884840407;0.7916666666666666;2.4877540572256938;23.0;6.457945125307685;10.312574358830261;False;0.4732963143315124
hist_poisson__official_plus_forecast;hist_poisson;official_plus_forecast;isotonic;70;2.443729195818001;3.256481860686364;-0.06943402935587062;0.5985641275249453;5.215277777777778;5.508056081006702;3.1511818531385956;1.7679465434322983;0.561042372616932;3.495401727129035;8.144290821220544;4.648889094091508;0.46488890940915084;0.7125;1.9176102404735293;23.0;7.777448066207615;7.930412483853488;False;0.4726801859708222
gradient_huber__all_operational;gradient_huber;all_operational;spread;108;2.3221081403819244;2.9901620554797934;0.09833310525318006;0.6630759180745731;5.215277777777778;5.423332555799307;3.1511818531385956;1.567463257377013;0.4974207552686337;3.5148827773536513;8.075663579324054;4.560780801970402;0.4560780801970402;0.5625;2.206802576965659;18.82480705139391;2.413512075079338;-0.8962930401583358;False;0.47096666793984926
rf_absolute__all_operational;rf_absolute;all_operational;affine;108;2.367564281072154;3.0566252470875335;0.05780441608756515;0.6501709981939516;5.215277777777778;5.599597173632552;3.1511818531385956;1.5564695194981781;0.493931988707007;3.732559837575087;8.35545535473442;4.622895517159334;0.4622895517159334;0.5666666666666667;3.387190232692756;16.28602321390425;4.418295113607296;1.3065135444006337;False;0.4707374046853965
extra_trees__weather_calendar;extra_trees;weather_calendar;isotonic;90;2.473743144010617;3.2865973929127708;-0.0893054719276436;0.6272303416121223;5.215277777777778;5.649245417061154;3.1511818531385956;1.789628739953725;0.5679230280446189;4.140334497956999;9.11111111111111;4.970776613154111;0.49707766131541115;0.8166666666666667;2.9055632678595114;20.4876963304133;9.101173603442803;8.928539282779324;False;0.4662092107471391
gradient_huber__official_plus_forecast;gradient_huber;official_plus_forecast;spread;70;2.362887081600078;3.0522141298405465;0.06052188121740809;0.6625763727888716;5.215277777777778;5.4346384892610775;3.1511818531385956;1.4993546945931724;0.4758070985651959;3.4666189907376332;8.06821589523068;4.6015969044930465;0.46015969044930466;0.55;2.454199026052128;12.859676659242183;4.212013409374404;1.1603147555390825;False;0.4651690860115948
xgb_poisson__weather_calendar;xgb_poisson;weather_calendar;isotonic;90;2.3963163177172344;3.152464290777499;-0.0022060592212254093;0.6095541238103777;5.215277777777778;5.519407846530279;3.1511818531385956;1.6412505825948605;0.5208365175625028;4.101984930038452;9.423076629638672;5.3210916996002195;0.532109169960022;0.7777777777777778;3.0744705200195312;23.0;5.686365708997276;4.482931519391564;False;0.4650590868335784
extra_trees__official_plus_forecast;extra_trees;official_plus_forecast;spread;70;2.456064179929935;3.1500929435542675;-0.0006988670811411968;0.6365744002254359;5.215277777777778;5.6801008528776356;3.1511818531385956;1.4967270479197985;0.47497323787551315;3.907993946052046;8.71622612482163;4.808232178769583;0.48082321787695836;0.6055555555555555;2.9699172804903955;12.81267961803718;8.321466246207464;4.404337350931531;False;0.46091497218980526
rf_absolute__official_50;rf_absolute;official_50;spread;50;2.4029789854038066;3.1302269813439465;0.011883085528273551;0.6352807060240038;5.215277777777778;5.579461500771605;3.1511818531385956;1.4512469089598872;0.46054051355825015;3.755499999999999;8.33974738888889;4.58424738888889;0.458424738888889;0.5472222222222223;3.1;12.810517129629634;5.980213866068351;3.745914676562112;False;0.45824744526787925
xgb_squared__official_plus_forecast;xgb_squared;official_plus_forecast;spread;70;2.355176347985312;3.0322844621167007;0.07275061597939503;0.6562487991699864;5.215277777777778;5.449292600491533;3.1511818531385956;1.4568615278841892;0.4623222637668932;3.556066350009706;8.112907873392105;4.556841523382399;0.4556841523382399;0.5569444444444445;2.109557776980929;14.615168062845868;3.8719416890135694;0.49978067301621465;False;0.45614558312459696
hist_poisson__official_50;hist_poisson;official_50;spread;50;2.437873622405935;3.219542309619204;-0.04530961681793011;0.6112897234568533;5.215277777777778;5.5071799482230315;3.1511818531385956;1.4428913153274896;0.4578889389993032;3.4955612533230016;8.185271663811244;4.689710410488242;0.46897104104882426;0.5708333333333333;2.0090859036608655;11.376529312413172;7.519195735958895;6.706115480458985;False;0.4560232202501082
gradient_huber__official_plus_forecast;gradient_huber;official_plus_forecast;isotonic;70;2.3698151394428204;3.12199955291166;0.017070554246881642;0.6285432490937736;5.215277777777778;5.437592392092749;3.1511818531385956;1.764404631880205;0.5599183779643969;4.0;8.35;4.35;0.43499999999999994;0.7416666666666667;2.6244585172200123;23.0;4.5175662487085155;3.4732309085060864;False;0.4558799367506452
xgb_poisson__official_50;xgb_poisson;official_50;spread;50;2.42704857615593;3.169210836989642;-0.012882195239460215;0.6389312292656683;5.215277777777778;5.5711560868940975;3.1511818531385956;1.529308328900671;0.48531262243004825;3.9018261671066283;8.584988828897478;4.683162661790849;0.4683162661790849;0.6458333333333334;3.278984308242798;13.611694272359216;7.041771370762939;5.037966590268805;False;0.4531347065895347
xgb_absolute__official_plus_forecast;xgb_absolute;official_plus_forecast;isotonic;70;2.33714903526836;3.0861607956782438;0.03950795471765811;0.6381178670697185;5.215277777777778;5.461156400044759;3.1511818531385956;1.7240888556119827;0.5471245189784207;3.948435664176941;8.470588684082031;4.52215301990509;0.452215301990509;0.7569444444444444;2.0914318561553955;23.0;3.0768708753368568;2.285417797120881;False;0.4530925003480786
xgb_absolute__all_operational;xgb_absolute;all_operational;isotonic;108;2.354315976301829;3.171625690790022;-0.014426361546660438;0.637727197038593;5.215277777777778;5.404680238167445;3.1511818531385956;1.8916099480596724;0.6002858724816589;3.8745822310447693;7.767389822006224;3.8928075909614543;0.38928075909614546;0.7708333333333334;2.7317895889282227;23.0;3.8339961324466154;5.118002708359826;False;0.45221024163373075
xgb_squared__all_operational;xgb_squared;all_operational;spread;108;2.3389293548336;2.9792131046264525;0.10492420756047627;0.6537510727414789;5.215277777777778;5.4599145728404865;3.1511818531385956;1.475578928032079;0.4682620669963537;3.683255822526084;8.192849683761597;4.509593861235514;0.45095938612355135;0.5916666666666667;2.354330539703369;16.21713576846653;3.1553895179967206;-1.2591769229561511;False;0.45022038195826874
official_temporal;official_xgb;official_50;spread;50;2.3977580154475606;3.113888359090114;0.0221713713542665;0.652534231660924;5.215277777777778;5.514494218301994;3.1511818531385956;1.479174347564031;0.46940304193830157;3.798305938045184;8.284562290906898;4.486256352861714;0.4486256352861714;0.5958333333333333;2.857672691345215;13.045303588443335;5.7499498829406415;3.2043995339282816;False;0.44908367455572895
poisson_glm__official_plus_forecast;poisson_glm;official_plus_forecast;spread;70;2.3822207704556466;3.007483857131146;0.08785625935260433;0.6457583481702553;5.215277777777778;5.499717781986248;3.1511818531385956;1.4619558556623191;0.4639389041309065;3.707127502206343;8.052215464733251;4.345087962526908;0.43450879625269084;0.5625;2.9019831312881434;18.580303359303972;5.064700216949158;-0.32219213090286525;False;0.44835058554734974
poisson_glm__all_operational;poisson_glm;all_operational;spread;108;2.3313638008731945;3.0619767425955517;0.054502363075741966;0.6375222553829207;5.215277777777778;5.363518275892489;3.1511818531385956;1.8854929961166211;0.5983447112830569;3.7690219474223174;6.990736813365215;3.221714865942898;0.3221714865942898;0.6736111111111112;2.942895189240753;47.22615203379019;2.821720754512169;1.483879530853316;False;0.4472929181631548
xgb_squared__official_50;xgb_squared;official_50;spread;50;2.38224167217443;3.103149686964246;0.028904094869552477;0.6511764931920943;5.215277777777778;5.488595157983126;3.1511818531385956;1.4408506418151898;0.4572413491084604;3.6859206655290393;8.164589589304397;4.478668923775357;0.44786689237753574;0.5833333333333334;2.565195828013949;13.793776040607032;5.065622059645358;2.848484972859766;False;0.445845352764278
rf_absolute__weather_calendar;rf_absolute;weather_calendar;spread;90;2.4233948775077163;3.140665314493687;0.005281972519031952;0.624489246967504;5.215277777777778;5.579211197916667;3.1511818531385956;1.4819733318558248;0.4702912751226245;3.8251666666666666;8.206827604166667;4.381660937500001;0.43816609375000015;0.5958333333333333;3.223333333333333;15.093044270833339;6.8806298183432535;4.091875026010494;False;0.4458225399510144
hist_poisson__official_plus_forecast;hist_poisson;official_plus_forecast;raw;70;2.3313340571944456;3.1416458962693348;0.00466073176744819;0.6300931203647961;5.215277777777778;4.74615203717831;3.1511818531385956;1.4041648874353994;0.44559944581961936;2.9352475340353377;7.250428807944147;4.315181273908809;0.4315181273908809;0.5388888888888889;1.9176102404735293;13.452285794473944;2.820408948851716;4.124374698985034;False;0.4437733174278592
hist_poisson__weather_calendar;hist_poisson;weather_calendar;isotonic;90;2.4736312014869717;3.396861421581542;-0.16362309390660323;0.5782428814796787;5.215277777777778;5.456287014307141;3.1511818531385956;1.7983242954834582;0.5706824865382861;3.5284337471275484;7.7272727272727275;4.1988389801451795;0.419883898014518;0.8027777777777778;1.7817802022553777;23.0;9.096236526311152;12.583048230003602;False;0.44321092769175446
xgb_squared__all_operational;xgb_squared;all_operational;isotonic;108;2.344620993733406;3.0871317967081007;0.03890345900579939;0.6057755120339178;5.215277777777778;5.394805121752951;3.1511818531385956;1.8942830626046594;0.6011341620027236;4.11874635219574;8.199999809265137;4.081253457069397;0.4081253457069397;0.8666666666666667;2.354330539703369;21.9161376953125;3.406411733136294;2.317599932983483;False;0.44002091056532117
poisson_glm__all_operational;poisson_glm;all_operational;round;108;2.2708333333333335;3.005319358145561;0.08916873438270534;0.6327893840222361;5.215277777777778;4.916666666666667;3.1511818531385956;1.6388027788551345;0.520059728454858;3.0;7.0;4.0;0.4;0.675;3.0;38.0;0.1521044431528784;-0.3939306752366756;False;0.43902687780468613
poisson_glm__all_operational;poisson_glm;all_operational;affine;108;2.3215078221573497;3.1042821595242476;0.028195176352739937;0.631284343738392;5.215277777777778;5.326847268995547;3.1511818531385956;1.958826830866008;0.621616562343111;3.7181855038582383;6.63589258644577;2.917707082587532;0.2917707082587532;0.7222222222222222;2.866305438182152;51.21769359125172;2.387035832792339;2.88601880100825;False;0.43740275650051913
official_temporal;official_xgb;official_50;isotonic;50;2.453945027126206;3.2702140196396225;-0.07847237344632885;0.6319952351065056;5.215277777777778;5.544808716575305;3.1511818531385956;1.81359642066043;0.5755289618890377;4.167905998229981;7.547618865966797;3.3797128677368162;0.3379712867736816;0.7027777777777777;2.857672691345215;23.0;8.228003811155716;8.385540945648962;False;0.43672242766529995
poisson_glm__weather_calendar;poisson_glm;weather_calendar;isotonic;90;2.477676890349379;3.2843229489789683;-0.08779831626195489;0.5828412598788282;5.215277777777778;5.567629572103611;3.1511818531385956;1.896233076723456;0.6017529819279699;4.17948717948718;7.8;3.62051282051282;0.362051282051282;0.8111111111111111;2.792868142844252;20.04505190017699;9.274666289316947;8.853156804863428;False;0.435284568363313
xgb_poisson__official_50;xgb_poisson;official_50;isotonic;50;2.437080657813284;3.2412924548816338;-0.059480844260926036;0.6237655467459108;5.215277777777778;5.601758165160815;3.1511818531385956;1.7174472376425178;0.5450168596052082;4.135802268981934;7.842105388641357;3.706303119659424;0.37063031196594237;0.6986111111111111;3.0;23.0;7.484223080089736;7.426986116373713;False;0.43525597378820124
extra_trees__all_operational;extra_trees;all_operational;affine;108;2.3892349244445388;3.0607631137112596;0.05525171941215801;0.6512149197525329;5.215277777777778;5.58928508407252;3.1511818531385956;1.4008127449743502;0.4445356727283551;3.8869507168388906;8.419313927535534;4.5323632106966425;0.45323632106966427;0.6222222222222222;3.1790639158082885;13.629311843335106;5.374050213077974;1.4436559178599984;False;0.4342293206576978
xgb_tweedie__official_plus_forecast;xgb_tweedie;official_plus_forecast;spread;70;2.386827322492997;3.093526789165312;0.03491751252448683;0.6288122350168437;5.215277777777778;5.516677948540008;3.1511818531385956;1.3815435419585727;0.4384207596849884;3.6597686185439415;7.996404545307159;4.336635926763217;0.43366359267632165;0.5763888888888888;2.764769702487521;13.04037293593089;5.267866109397246;2.5295508061237593;False;0.4337938215171796
hist_poisson__history_calendar;hist_poisson;history_calendar;raw;30;2.4632330777232943;3.3228390045646563;-0.11346167113983907;0.5701604949340984;5.215277777777778;4.7766212663167344;3.1511818531385956;1.3320609018232805;0.42271787662668214;2.9437650840114884;7.11616073369742;4.172395649685932;0.41723956496859316;0.5166666666666667;1.9742956371240992;11.832014478052747;8.637641013418973;10.129704301350362;False;0.43292355888768125
hist_poisson__official_50;hist_poisson;official_50;raw;50;2.351359244798708;3.1730105423887185;-0.015312428697362712;0.6278387621523995;5.215277777777778;4.7904116191551775;3.1511818531385956;1.3316571920520177;0.4225897628617274;2.94249856053596;7.296301128622565;4.353802568086605;0.43538025680866055;0.5513888888888889;1.6306099188779675;10.94212311845372;3.7035933952821676;5.163901199636767;False;0.4322707053930307
xgb_absolute__all_operational;xgb_absolute;all_operational;spread;108;2.342443981047398;3.0666679346105865;0.0516029885111402;0.6559541955399573;5.215277777777778;5.387622402945051;3.1511818531385956;1.3505040686998695;0.4285706543260141;3.4874013741811103;7.779157820940019;4.291756446758908;0.42917564467589087;0.5666666666666667;2.7317895889282227;13.18328953319126;3.310397464408288;1.6393609094957684;False;0.4297349367499348
xgb_tweedie__official_50;xgb_tweedie;official_50;spread;50;2.4009175925545487;3.136946269393677;0.007636385038247484;0.6338333055808174;5.215277777777778;5.561539157038486;3.1511818531385956;1.3594194005732891;0.4313998569201265;3.765071785449982;8.112209287352032;4.347137501902051;0.4347137501902051;0.5972222222222222;2.689105987548828;12.483048396640356;5.88929885750884;3.9686137615962958;False;0.4268353037361842
hist_poisson__official_plus_forecast;hist_poisson;official_plus_forecast;round;70;2.3027777777777776;3.143335100741815;0.00359009324904902;0.6275633718025899;5.215277777777778;4.743055555555555;3.1511818531385956;1.4450843624895366;0.4585848833351919;3.0;7.0;4.0;0.4;0.6;2.0;13.0;1.5609719674296363;4.180360435520325;False;0.42636319750083634
xgb_poisson__all_operational;xgb_poisson;all_operational;spread;108;2.3487000274253482;3.0041257428467705;0.08989209593400527;0.651778509305632;5.215277777777778;5.498317709454784;3.1511818531385956;1.377913202183771;0.43726870310939414;3.7900691095987944;8.007710494200383;4.217641384601588;0.4217641384601588;0.5944444444444444;3.192499876022339;15.00405188136631;3.5863121258008723;-0.4334909728390568;False;0.42549947597139404
xgb_tweedie__official_50;xgb_tweedie;official_50;isotonic;50;2.444500359892845;3.187833169858873;-0.02482059110445123;0.6012732000358649;5.215277777777778;5.5580179635021425;3.1511818531385956;1.4931778963457096;0.473846945665321;3.7238322615623476;7.956521511077881;4.232689249515533;0.4232689249515533;0.6888888888888889;2.689105987548828;23.0;7.811459239036922;5.655171338820386;False;0.4235974715046603
hist_absolute__official_plus_forecast;hist_absolute;official_plus_forecast;isotonic;70;2.4387615863390204;3.2696879843404396;-0.07812544269128097;0.5948367511624034;5.215277777777778;5.450718264039214;3.1511818531385956;1.615150632663358;0.5125539267290012;3.822232908256413;7.74193548387097;3.919702575614557;0.3919702575614557;0.7236111111111111;2.0799048881254145;23.0;7.558358212245775;8.368106422979803;False;0.42311663495233787
poisson_glm__official_plus_forecast;poisson_glm;official_plus_forecast;affine;70;2.3492059829413683;2.9742927323656745;0.10787832269496955;0.6428635472838825;5.215277777777778;5.436253495077352;3.1511818531385956;1.3628032089593607;0.43247367891573785;3.691484139645958;7.743880949910299;4.052396810264341;0.4052396810264341;0.5736111111111111;3.0775119111158924;19.997299222397952;3.6086266254782506;-1.4222540811897222;False;0.42172482164911174
gradient_huber__official_50;gradient_huber;official_50;isotonic;50;2.455740878243023;3.383942537832679;-0.15478898291808907;0.6317390580369151;5.215277777777778;5.478579950846867;3.1511818531385956;1.7889602888756289;0.56771090094144;4.056169745379931;7.090909090909091;3.03473934552916;0.303473934552916;0.7069444444444445;2.4840200044406133;23.0;8.307207452381004;12.154874356634672;False;0.42029689362827977
hist_poisson__all_operational;hist_poisson;all_operational;spread;108;2.3955614268477934;3.122157301998627;0.016971220382574592;0.60005635895531;5.215277777777778;5.461557486377627;3.1511818531385956;1.3644815137544117;0.4330062742635371;3.4915665821637343;7.635960656034007;4.144394073870274;0.41443940738702734;0.6;1.7863407955690331;15.924141179633661;5.653072244395685;3.4784592269041736;False;0.41990661600405127
rf_absolute__weather_calendar;rf_absolute;weather_calendar;affine;90;2.433635440546772;3.156925633188668;-0.005044694508632874;0.6209668122606344;5.215277777777778;5.614757924611147;3.1511818531385956;1.3698192908157734;0.4347001711283103;3.9073333333333333;8.19570581322868;4.2883724798953455;0.42883724798953454;0.6361111111111111;3.223333333333333;13.885037136715173;7.332276323610443;4.630794933735172;False;0.4184858915818545
xgb_poisson__official_plus_forecast;xgb_poisson;official_plus_forecast;spread;70;2.3361071617220657;2.999303323061323;0.09281168056244771;0.6547373544594024;5.215277777777778;5.462213678944994;3.1511818531385956;1.3517748131281786;0.4289739139560616;3.808980564938651;7.970967576503752;4.161987011565101;0.4161987011565101;0.6027777777777777;3.018852763705783;13.654749552408859;3.030920418870786;-0.5933216670913954;False;0.41815225112945065
hist_poisson__history_calendar;hist_poisson;history_calendar;round;30;2.4555555555555557;3.3470550903410268;-0.12975011355821908;0.5564678305644861;5.215277777777778;4.779166666666667;3.1511818531385956;1.3589897970287976;0.43126352599271156;3.0;7.0;4.0;0.4;0.5916666666666667;2.0;12.0;8.299034040057673;10.932304235389978;False;0.41573525336338685
extra_trees__weather_calendar;extra_trees;weather_calendar;spread;90;2.4214952497931015;3.113403105181603;0.022476108157663544;0.6282230277567855;5.215277777777778;5.614082824240715;3.1511818531385956;1.3835558183682026;0.4390593380036677;3.918256392438459;8.101886206872225;4.183629814433766;0.4183629814433766;0.6430555555555556;2.9055632678595114;13.410954559833137;6.796849247358794;3.1883166393366524;False;0.4153926344957211
gradient_huber__official_plus_forecast;gradient_huber;official_plus_forecast;affine;70;2.3400498114850317;3.025600623158006;0.07683384444716868;0.6621152540636088;5.215277777777778;5.413030277760357;3.1511818531385956;1.3291391348430959;0.42179067943008924;3.6635963721253177;7.798059297668868;4.13446292554355;0.41344629255435505;0.6013888888888889;2.6244585172200123;12.263231317548868;3.204805778508213;0.27825648628683197;False;0.4142342303597867
extra_trees__official_plus_forecast;extra_trees;official_plus_forecast;affine;70;2.4327477086115135;3.1234813119332334;0.01613729965686328;0.6356905893353484;5.215277777777778;5.625560243267582;3.1511818531385956;1.3200407686866586;0.4189033925071288;3.932387873040973;8.227035865007016;4.294647991966043;0.4294647991966043;0.6236111111111111;2.9699172804903955;11.372007558211745;7.2931240792812435;3.522341227323089;False;0.41409698412479723
poisson_glm__all_operational;poisson_glm;all_operational;raw;108;2.283784699028012;2.991581265546341;0.09747699218040695;0.6384316839799669;5.215277777777778;4.91101252749487;3.1511818531385956;1.6224972923332108;0.5148853249193455;3.4467791437166326;6.599984420282649;3.153205276566016;0.3153205276566016;0.6416666666666667;2.8822281158343697;38.18306958831185;0.7233073186324823;-0.8492557973801995;False;0.4137272475601827
poisson_glm__weather_calendar;poisson_glm;weather_calendar;affine;90;2.382414036747706;3.078855334978811;0.04404986444789716;0.6048724878636113;5.215277777777778;5.374790318047938;3.1511818531385956;1.5979121668658387;0.5070834503804688;3.6747275705783027;7.030764536146723;3.3560369655684203;0.335603696556842;0.6611111111111111;2.451093538420282;38.562456086142234;5.073223971459684;2.0432910418045847;False;0.4134266242438834
hist_poisson__official_50;hist_poisson;official_50;round;50;2.3541666666666665;3.186996147541513;-0.024282491997428268;0.6194873896837493;5.215277777777778;4.780555555555556;3.1511818531385956;1.3535754834507223;0.42954534093376845;3.0;7.0;4.0;0.4;0.6013888888888889;2.0;11.0;3.8274110282227047;5.6274296937458335;False;0.41301762564241806
hist_poisson__weather_calendar;hist_poisson;weather_calendar;raw;90;2.3738340316772857;3.2474932110801293;-0.06353840245740505;0.5943564191569212;5.215277777777778;4.539112218524072;3.1511818531385956;1.2775956946794982;0.40543381950711777;2.826983200192745;6.66392664948165;3.836943449288905;0.3836943449288905;0.5277777777777778;1.7817802022553777;11.378611409720047;4.694814181836704;7.63249936743613;False;0.4111826839477591
xgb_squared__all_operational;xgb_squared;all_operational;affine;108;2.324030927154753;2.959828745546627;0.11653400130208258;0.6536870284740813;5.215277777777778;5.436137947771284;3.1511818531385956;1.3521456035744501;0.42909158106115175;3.8089705109596252;7.894788432121276;4.0858179211616505;0.4085817921161651;0.625;2.354330539703369;15.163326263427734;2.498314045733685;-1.901637701404879;False;0.41109483871817604
xgb_squared__official_50;xgb_squared;official_50;isotonic;50;2.3821487761206095;3.135655958355618;0.008452589252618159;0.6217161301891868;5.215277777777778;5.478870974977811;3.1511818531385956;1.4534361343979625;0.46123524510346225;4.144651532173157;8.210526466369629;4.065874934196472;0.40658749341964723;0.7;2.712630271911621;22.81639862060547;5.061525001905354;3.9258486523378933;False;0.40986148299343456
gradient_huber__all_operational;gradient_huber;all_operational;affine;108;2.3092697458549627;2.9694453011717097;0.11078387023456793;0.6618078415801002;5.215277777777778;5.413800736548652;3.1511818531385956;1.3549815293133016;0.42999153729059847;3.6829024507531365;7.7354656398048185;4.052563189051682;0.4052563189051682;0.6319444444444444;2.4257332867141614;16.195942050323097;1.8472916437193287;-1.582913734961433;False;0.4089470145086893
hist_poisson__official_50;hist_poisson;official_50;isotonic;50;2.4318360793145626;3.2329277372947525;-0.05401955196666641;0.5789409639943128;5.215277777777778;5.45724120373224;3.1511818531385956;1.4612248847702538;0.46370693691157977;3.7264347084185077;7.5;3.7735652915814923;0.3773565291581492;0.6694444444444444;2.0;23.0;7.252917873382514;7.1497521386991725;False;0.4068540179266742
xgb_squared__weather_calendar;xgb_squared;weather_calendar;spread;90;2.3898773584174524;3.0766715385163352;0.045405472257829205;0.6253922711378105;5.215277777777778;5.468120562952978;3.1511818531385956;1.3782411189166393;0.43737276461652097;3.7092391045888258;7.592116526365279;3.8828774217764535;0.38828774217764533;0.6319444444444444;2.340484576755099;14.947504025035439;5.402383914811448;1.9709129162509997;False;0.4063295649507214
xgb_absolute__weather_calendar;xgb_absolute;weather_calendar;isotonic;90;2.4176676005125044;3.2336387215023157;-0.05448320208181223;0.6131021762242063;5.215277777777778;5.367600857218107;3.1511818531385956;1.6364035314245247;0.5192983482672247;3.7498162627220153;7.782608509063721;4.032792246341705;0.4032792246341705;0.8513888888888889;2.7352676391601562;21.357309341430664;6.628035832083001;7.173316470415014;False;0.40455420756443294
xgb_poisson__all_operational;xgb_poisson;all_operational;affine;108;2.346110485990842;3.0004788939162514;0.09210039995318675;0.651189302045574;5.215277777777778;5.49808843963676;3.1511818531385956;1.3218750693521744;0.41948549178003774;3.8778645277023314;7.883160853385925;4.005296325683593;0.40052963256835933;0.6222222222222222;3.192499876022339;14.443748474121094;3.472103821562267;-0.55435942111417;False;0.4045093982554983
hist_absolute__weather_calendar;hist_absolute;weather_calendar;isotonic;90;2.462272077958899;3.3302308152302955;-0.11842107628030396;0.5799464589924557;5.215277777777778;5.444198395410142;3.1511818531385956;1.425914522497974;0.4525015022785038;3.542393280886891;8.018509974242148;4.476116693355257;0.4476116693355257;0.7791666666666667;2.0658727829429226;15.0;8.595257388270984;10.374692975715917;False;0.4044564269594274
poisson_glm__official_50;poisson_glm;official_50;spread;50;2.422297223302942;3.0731747723904435;0.04757411254450816;0.6398534667161943;5.215277777777778;5.533199296975282;3.1511818531385956;1.322852097763583;0.419795543201042;3.929046224958167;7.937631538478179;4.008585313520012;0.40085853135200117;0.6305555555555555;3.1471197683891634;14.22284282972544;6.832219229620007;1.8550187008146146;False;0.40309736930255824
xgb_tweedie__weather_calendar;xgb_tweedie;weather_calendar;isotonic;90;2.4014404167731604;3.2500998821726665;-0.06524643215945569;0.5849611251296896;5.215277777777778;5.441134831971592;3.1511818531385956;1.6723140339022928;0.5306942321455229;3.805989122390747;6.903186058998107;3.0971969366073595;0.30971969366073593;0.7222222222222222;2.499779462814331;23.0;5.912357329030815;7.7188929351767355;False;0.4027698528022985
hist_poisson__weather_calendar;hist_poisson;weather_calendar;round;90;2.35;3.251495382469768;-0.06616140148836647;0.5850443826773066;5.215277777777778;4.540277777777778;3.1511818531385956;1.3147456982115773;0.41722304820398826;3.0;7.0;4.0;0.4;0.6291666666666667;2.0;11.0;3.6436456989692223;7.7651443589926705;False;0.4019170383584614
hist_poisson__official_plus_forecast;hist_poisson;official_plus_forecast;affine;70;2.39856112817391;3.135469107392056;0.008570756597180762;0.6240729592294194;5.215277777777778;5.50313859575007;3.1511818531385956;1.2737115315838763;0.40420121432066897;3.525678301593496;7.735977741832207;4.210299440238711;0.4210299440238711;0.6388888888888888;1.9176102404735293;12.015051001793355;5.785370108841126;3.9196558029891415;False;0.4014732490748782
xgb_tweedie__all_operational;xgb_tweedie;all_operational;spread;108;2.364226563556327;3.0531859150064453;0.05992355082531331;0.6332825248811979;5.215277777777778;5.48026268426467;3.1511818531385956;1.2788156131826898;0.4058209499743666;3.734562554558118;7.652576825088925;3.918014270530807;0.3918014270530807;0.5958333333333333;2.4775798320770264;14.632467524210615;4.271089491627;1.192522880223379;False;0.4005832602903765
hist_poisson__weather_calendar;hist_poisson;weather_calendar;spread;90;2.4242195970123888;3.215533924175398;-0.042708380284121716;0.5880672720984745;5.215277777777778;5.43567374480431;3.1511818531385956;1.2870860994090425;0.4084455164423777;3.624350196010959;7.6180569043013;3.9937067082903406;0.39937067082903405;0.6152777777777778;1.7817802022553777;11.899929017814735;6.917002982659559;6.573264534913381;False;0.4005246616336763
xgb_absolute__official_plus_forecast;xgb_absolute;official_plus_forecast;spread;70;2.35450525338635;3.08267624820158;0.04167569055056597;0.648704384470546;5.215277777777778;5.410126961955319;3.1511818531385956;1.2564700996383749;0.39872979669101716;3.6957737510071857;7.616572302579881;3.920798551572695;0.3920798551572695;0.5819444444444445;2.7909011840820312;11.29160800509983;3.842343948228355;2.169928547505773;False;0.4002674689271132
hist_poisson__all_operational;hist_poisson;all_operational;raw;108;2.325390924707226;3.129003943126981;0.012655086193866238;0.605231135761038;5.215277777777778;4.584197042416691;3.1511818531385956;1.2741648421953211;0.4043450684784331;2.8779892257004733;6.536834462922089;3.6588452372216156;0.36588452372216157;0.55;1.7863407955690331;14.342336754803792;2.5582949412570777;3.7053792076457315;False;0.4000148641180514
extra_trees__official_50;extra_trees;official_50;spread;50;2.4542073113286063;3.1771067909747583;-0.017935588368936273;0.6214855708265552;5.215277777777778;5.622212515481554;3.1511818531385956;1.253053535798373;0.39764558003858913;3.915841681226421;8.101817807465832;4.18597612623941;0.418597612623941;0.6277777777777778;2.916116750996628;10.429298363385762;8.239571509430599;5.299664215812294;False;0.39989411988018886
hist_poisson__all_operational;hist_poisson;all_operational;round;108;2.3069444444444445;3.127165916075875;0.013814709947505444;0.6141076712223489;5.215277777777778;4.572222222222222;3.1511818531385956;1.302743678173677;0.4134143121178921;3.0;7.0;4.0;0.4;0.6333333333333333;2.0;14.0;1.744737296683141;3.6444610062648763;False;0.39936977378638483
xgb_absolute__official_50;xgb_absolute;official_50;spread;50;2.4092731500095055;3.1870114435600225;-0.024292324128268428;0.6119045484238705;5.215277777777778;5.463252982304052;3.1511818531385956;1.232810802175333;0.3912217255717712;3.771291732390721;7.893753746350607;4.122462013959886;0.4122462013959886;0.6097222222222223;2.5404226779937744;9.558629838625592;6.2578096815424145;5.627936653605503;False;0.3983915025514486
hist_poisson__history_calendar;hist_poisson;history_calendar;spread;30;2.505239658959431;3.3005027228632535;-0.09854249939522353;0.565587734241908;5.215277777777778;5.441858863594934;3.1511818531385956;1.2751631975559654;0.40466188782024604;3.6399293043228784;7.636110604366312;3.9961813000434336;0.3996181300043434;0.6222222222222222;2.493384995737094;11.927072278179615;10.490285789020316;9.389407195294996;False;0.39751975057618644
gradient_huber__official_50;gradient_huber;official_50;spread;50;2.366951082141301;3.1106887764624696;0.0241798159486194;0.6505744770785568;5.215277777777778;5.4099182353086155;3.1511818531385956;1.317804157861523;0.4181936236237786;3.8070739491042764;7.779531808053634;3.9724578589493578;0.39724578589493575;0.6569444444444444;2.4840200044406133;14.247558709383574;4.391250784785017;3.0983549473003746;False;0.395834266805039
rf_absolute__official_50;rf_absolute;official_50;affine;50;2.431502857163629;3.1900073559939566;-0.026218977048812153;0.6145815988010914;5.215277777777778;5.576019647117742;3.1511818531385956;1.2880763436747098;0.4087597617991416;3.9528788906759895;8.08947790003188;4.136599009355891;0.4136599009355891;0.6680555555555555;3.1;10.723317393399924;7.238221550595103;5.727230946831452;False;0.39511174702595875
gradient_huber__weather_calendar;gradient_huber;weather_calendar;isotonic;90;2.3758296357494144;3.186509990544689;-0.023970019627457928;0.630823225013129;5.215277777777778;5.385950272613188;3.1511818531385956;1.8614341662541602;0.5907098520512744;3.9490141189210055;6.421052631578948;2.4720385126579423;0.24720385126579422;0.7888888888888889;2.3890723470513775;23.0;4.7828276632865485;5.611316867866911;False;0.39456300358832364
xgb_poisson__official_plus_forecast;xgb_poisson;official_plus_forecast;affine;70;2.3297309113873377;2.9927525900893195;0.09677010561194244;0.6544683685363324;5.215277777777778;5.455657124519348;3.1511818531385956;1.2752003871261384;0.40467368960507033;3.885363507270813;7.818356227874755;3.9329927206039423;0.3932992720603942;0.6263888888888889;3.247523784637451;13.093255996704102;2.749704320751434;-0.8104342880076665;False;0.3944801277656419
gradient_huber__weather_calendar;gradient_huber;weather_calendar;spread;90;2.3745350980501234;3.060350479225074;0.05550643330483629;0.6415954707894096;5.215277777777778;5.424866521566944;3.1511818531385956;1.3307674123228703;0.422307399046938;3.804574084351137;7.594502096979868;3.789928012628731;0.3789928012628731;0.6444444444444445;2.3890723470513775;16.07851004840439;4.725733788116648;1.4299798673845787;False;0.3937969211242388
poisson_glm__weather_calendar;poisson_glm;weather_calendar;round;90;2.2958333333333334;3.039782521460668;0.06815924801601392;0.614940246698518;5.215277777777778;4.844444444444444;3.1511818531385956;1.3470091413761869;0.4274615697074283;3.0;7.0;4.0;0.4;0.6944444444444444;3.0;28.0;1.2546964186738174;0.7482907745440803;False;0.39346881747945384
poisson_glm__all_operational;poisson_glm;all_operational;isotonic;108;2.3504443523065075;3.0701479132040523;0.0494493325071611;0.6013756708637009;5.215277777777778;5.381494161795657;3.1511818531385956;1.7725591535059746;0.562506144080671;4.187013088892905;6.996237803377223;2.8092247144843183;0.28092247144843185;0.8;2.942895189240753;20.0;3.6632432704675866;1.7546987314446927;False;0.3914506298432531
hist_absolute__all_operational;hist_absolute;all_operational;spread;108;2.3718666001260225;3.1018340032253477;0.029727377255462817;0.6369586658298215;5.215277777777778;5.441084612093058;3.1511818531385956;1.207062601576982;0.38305075931264987;3.6595376656362157;7.539822263658965;3.880284598022749;0.3880284598022749;0.5847222222222223;2.4877540572256938;10.009177953894707;4.608043212204316;2.804878929678045;False;0.3912383581770442
extra_trees__weather_calendar;extra_trees;weather_calendar;affine;90;2.426544461000064;3.128306981846669;0.013094884000897311;0.6301443557787141;5.215277777777778;5.62526394618591;3.1511818531385956;1.2769965591341075;0.40524368908199043;3.9427919415130357;7.889846975783262;3.947055034270226;0.3947055034270226;0.6486111111111111;2.9055632678595114;13.227231786880601;7.019538037739093;3.682279641399888;False;0.39078436406413136
gradient_huber__all_operational;gradient_huber;all_operational;isotonic;108;2.293526254280357;3.0325881401400863;0.07256488184806253;0.6209796211141141;5.215277777777778;5.318554828165968;3.1511818531385956;1.773415816116152;0.5627779984674066;4.037740333078342;7.006383594362869;2.9686432612845266;0.29686432612845265;0.8333333333333334;2.4257332867141614;23.0;1.1529457446456615;0.5098455515349487;False;0.39048594678862475
xgb_squared__official_plus_forecast;xgb_squared;official_plus_forecast;affine;70;2.330793578094906;3.0128607819176874;0.08459179457250376;0.6549551049685544;5.215277777777778;5.437508390347163;3.1511818531385956;1.2355420116366216;0.3920884510064103;3.783786654472351;7.721948814392089;3.938162159919738;0.3938162159919738;0.6236111111111111;2.8568084239959717;12.697738647460938;2.7965718321281585;-0.14398333535817764;False;0.3895532563278532
hist_poisson__all_operational;hist_poisson;all_operational;isotonic;108;2.3763145308387763;3.129510567339144;0.012335333746449906;0.5728247364578397;5.215277777777778;5.3913952175728515;3.1511818531385956;1.4677376908836162;0.46577371896888176;3.628089556404863;7.376706266270249;3.7486167098653858;0.37486167098653855;0.7902777777777777;1.7863407955690331;23.0;4.804213320666539;3.7221703836854747;False;0.38274420282572974
official_temporal;official_xgb;official_50;affine;50;2.3750125408172607;3.0904985560026956;0.036806013634569146;0.6477181027526226;5.215277777777778;5.501644437842899;3.1511818531385956;1.2601046293690377;0.39988318291245745;3.997968077659607;7.894850397109978;3.896882319450371;0.3896882319450371;0.6694444444444444;2.857672691345215;11.645513534545898;4.746790770669285;2.429185298707859;False;0.38244942460248
poisson_glm__weather_calendar;poisson_glm;weather_calendar;spread;90;2.3868902153434606;3.0435886744360605;0.06582424616694793;0.6084333491309193;5.215277777777778;5.448345514544895;3.1511818531385956;1.3743590820911198;0.43614083418329225;3.936396801094825;7.30022761968539;3.3638308185905648;0.33638308185905647;0.6680555555555555;2.792868142844252;30.180710437941958;5.270639915486797;0.8744390775855093;False;0.38038634292204015
xgb_squared__all_operational;xgb_squared;all_operational;round;108;2.234722222222222;2.9427405971682625;0.1267056833578606;0.639104148787642;5.215277777777778;4.947222222222222;3.1511818531385956;1.208451027791716;0.38349136422834235;3.0;7.0;4.0;0.4;0.6833333333333333;2.0;14.0;-1.4405284103773952;-2.4679945803814496;False;0.3759044472360874
xgb_tweedie__official_plus_forecast;xgb_tweedie;official_plus_forecast;affine;70;2.366750471128358;3.0741112460169444;0.04699356787239806;0.6277106736176045;5.215277777777778;5.48233931892448;3.1511818531385956;1.1802084720171853;0.37452883617036914;3.8050609707832335;7.605430054664612;3.800369083881378;0.3800369083881378;0.6319444444444444;2.8659417629241943;11.52963638305664;4.382403101062127;1.8860564861032936;False;0.3751620053236255
poisson_glm__official_50;poisson_glm;official_50;isotonic;50;2.412750804225471;3.1210674134144725;0.017657415688856815;0.5901102842284588;5.215277777777778;5.5098648191334645;3.1511818531385956;1.4117538770070936;0.44800774528482973;4.0;7.71451584347189;3.71451584347189;0.371451584347189;0.7833333333333333;3.23609651477928;18.516697655489708;6.411187026828835;3.4423367703754426;False;0.37494487323302284
xgb_tweedie__official_plus_forecast;xgb_tweedie;official_plus_forecast;isotonic;70;2.3534206453296873;3.0613968050137412;0.05486048316123893;0.6042192363361555;5.215277777777778;5.4392649859189985;3.1511818531385956;1.3261706761414722;0.42084866502407614;3.765095901489258;7.15625;3.391154098510742;0.3391154098510742;0.6708333333333333;2.8659417629241943;20.799373626708984;3.794508742633873;1.4646585110234867;False;0.3739056260420436
hist_absolute__official_plus_forecast;hist_absolute;official_plus_forecast;spread;70;2.3867117980908;3.140273784560587;0.005529969403572199;0.6213318645848009;5.215277777777778;5.412164761016519;3.1511818531385956;1.1408094934592168;0.3620259149191799;3.6290275840239743;7.4270403332027;3.7980127491787257;0.3798012749178726;0.6111111111111112;2.0799048881254145;9.286149305820919;5.262771058243687;4.078898449144086;False;0.37361988571266413
xgb_squared__history_calendar;xgb_squared;history_calendar;round;30;2.326388888888889;3.1466472457027796;0.0014891446123798113;0.5888678254409447;5.215277777777778;4.966666666666667;3.1511818531385956;1.1870886301600883;0.37671219418128504;3.0;7.0;4.0;0.4;0.6819444444444445;3.0;15.0;2.6023088331994293;4.29013570439527;False;0.37313159849268934
xgb_tweedie__weather_calendar;xgb_tweedie;weather_calendar;spread;90;2.3960490095615388;3.1451334265901685;0.0024496597893378658;0.6017215099076483;5.215277777777778;5.461796908864268;3.1511818531385956;1.1791851108523548;0.37420408145530526;3.729813539981842;7.468685375849406;3.7388718358675637;0.3738871835867564;0.6333333333333333;2.499779462814331;11.597771053844031;5.674576435898815;4.239962809768549;False;0.37258568424358546
poisson_glm__official_50;poisson_glm;official_50;affine;50;2.3893686643824923;3.040501396572407;0.06771845573613255;0.6390337000935047;5.215277777777778;5.479358297180605;3.1511818531385956;1.2188650753043653;0.3867961711223897;3.964351861184588;7.65070559845554;3.686353737270952;0.3686353737270952;0.6541666666666667;3.23609651477928;14.47482708617305;5.379948636373744;0.7721166365183274;False;0.3722473244762253
xgb_absolute__all_operational;xgb_absolute;all_operational;affine;108;2.334884390566084;3.064468548825491;0.05296286376294834;0.6525854670748421;5.215277777777778;5.387130180332396;3.1511818531385956;1.157358503936787;0.36727759865209025;3.688707208633423;7.466257405281065;3.7775501966476424;0.3777550196647642;0.6263888888888889;2.7317895889282227;11.633148193359375;2.9769917122914435;1.5664661030292404;False;0.3722113984983303
xgb_tweedie__official_50;xgb_tweedie;official_50;affine;50;2.3989634785387253;3.1369666152415725;0.007623512299660851;0.6247774461707932;5.215277777777778;5.552218050426907;3.1511818531385956;1.1982601168258988;0.38025736776581925;3.9135908603668215;7.842918395996093;3.9293275356292714;0.3929327535629271;0.6833333333333333;2.689105987548828;11.36775016784668;5.803115240184842;3.969288089244838;False;0.37197561257497647
xgb_squared__official_plus_forecast;xgb_squared;official_plus_forecast;isotonic;70;2.3240763041708203;3.0500341946948772;0.06186337950464671;0.6200573836635883;5.215277777777778;5.413565776083204;3.1511818531385956;1.4044504203376778;0.445690057188809;4.142341065406799;7.583333492279053;3.4409924268722536;0.34409924268722536;0.7458333333333333;2.7560667991638184;18.074705123901367;2.500315339085235;1.0880646065975164;False;0.37182859400882623
xgb_tweedie__all_operational;xgb_tweedie;all_operational;isotonic;108;2.356765029827754;3.102711864697408;0.029178098678604325;0.6177902165977124;5.215277777777778;5.425930931833055;3.1511818531385956;1.382529509769124;0.43873364794612424;3.948844516277313;7.740740776062012;3.7918962597846986;0.37918962597846984;0.7986111111111112;2.4775798320770264;20.90704345703125;3.942008403058872;2.8339741173181165;False;0.37042428844599806
xgb_poisson__weather_calendar;xgb_poisson;weather_calendar;spread;90;2.386454238385698;3.0986717762591156;0.03170469665337705;0.6245340779546823;5.215277777777778;5.524984040961223;3.1511818531385956;1.248507413500145;0.3962029078888685;4.0070307970047;7.635329733292261;3.6282989362875613;0.3628298936287561;0.6763888888888889;3.0744705200195312;12.644451289706764;5.2514117276811545;2.700072431305278;False;0.3700039935422777
poisson_glm__weather_calendar;poisson_glm;weather_calendar;raw;90;2.3234904338676983;3.0366165171077797;0.0700993049108366;0.6131341983579051;5.215277777777778;4.837756101517473;3.1511818531385956;1.3226644547363926;0.4197359963275401;3.4084757304050437;6.518238620713738;3.1097628903086947;0.3109762890308695;0.6486111111111111;2.5457778988540367;28.20780586008458;2.4744763032884975;0.6433590812777501;False;0.36800067728597513
extra_trees__history_calendar;extra_trees;history_calendar;spread;30;2.4430332585123735;3.196442149367465;-0.03036327299565178;0.5993134454534975;5.215277777777778;5.493563989398024;3.1511818531385956;1.2031440725245228;0.3818072483903727;3.8809460303648495;7.612059314418125;3.7311132840532752;0.3731113284053275;0.6777777777777778;2.9187926770520884;14.903135373542852;7.746754670661571;5.940500951935901;False;0.3668466711619768
xgb_poisson__official_50;xgb_poisson;official_50;affine;50;2.393762074245347;3.130403821613817;0.011771436246133193;0.6335899373647065;5.215277777777778;5.544977046052614;3.1511818531385956;1.2275562897083145;0.389554251997758;4.151710462570191;7.979892444610596;3.8281819820404053;0.3828181982040405;0.7194444444444444;3.278984308242798;12.172737121582031;5.573714174772082;3.7517757389255335;False;0.3653968938815164
xgb_squared__weather_calendar;xgb_squared;weather_calendar;affine;90;2.386106193727917;3.080335670652892;0.04313038812574965;0.6268524804344763;5.215277777777778;5.49162237379286;3.1511818531385956;1.2214673837353136;0.38762199094245386;3.877598559856415;7.454549336433411;3.576950776576996;0.3576950776576996;0.6722222222222223;2.563995122909546;13.47127914428711;5.236061677809456;2.0923541862510664;False;0.3651787286598546
xgb_squared__official_50;xgb_squared;official_50;affine;50;2.366483365164863;3.0884176295658414;0.038102672412224314;0.6453484648589105;5.215277777777778;5.489517803324594;3.1511818531385956;1.183642906672847;0.37561872396984386;3.971037483215332;7.718143439292906;3.7471059560775735;0.3747105956077573;0.6791666666666667;2.712630271911621;11.701550483703613;4.370622745383601;2.360216620764466;False;0.3643438009158115
xgb_squared__weather_calendar;xgb_squared;weather_calendar;round;90;2.2944444444444443;3.0541410867505414;0.059335263742003486;0.6179247095592474;5.215277777777778;4.798611111111111;3.1511818531385956;1.1649724435852933;0.3696938158059567;3.0;7.0;4.0;0.4;0.7125;2.0;12.0;1.1934413089226492;1.224180382013218;False;0.3638622171126805
hist_absolute__weather_calendar;hist_absolute;weather_calendar;spread;90;2.4125108100985164;3.19226326177531;-0.02767093100578233;0.598032560105545;5.215277777777778;5.423681291651442;3.1511818531385956;1.1018669762734188;0.3496678476921136;3.5733283162824057;7.2642258505346105;3.690897534252205;0.3690897534252205;0.6208333333333333;2.0658727829429226;9.143549354635692;6.400602402886735;5.801999010012016;False;0.36236527849361166
xgb_squared__weather_calendar;xgb_squared;weather_calendar;isotonic;90;2.3563436183664535;3.104530803401048;0.028039492698041846;0.6115843270868824;5.215277777777778;5.423784530162811;3.1511818531385956;1.5779517909832992;0.5007491996730211;4.049256706237793;7.124689292907704;3.075432586669911;0.3075432586669911;0.8597222222222223;2.563995122909546;21.8635311126709;3.923422607233973;2.8942596687092426;False;0.3610328359418619
gradient_huber__weather_calendar;gradient_huber;weather_calendar;affine;90;2.3696135462656227;3.059395039003962;0.05609608228964946;0.6422743400238244;5.215277777777778;5.435868849806255;3.1511818531385956;1.1922560550675587;0.37835203127996714;3.8766194210306635;7.402139177012668;3.525519755982004;0.3525519755982004;0.6833333333333333;2.3890723470513775;14.51814249093534;4.508675247928595;1.3983134673922537;False;0.3569849388686887
hist_absolute__official_50;hist_absolute;official_50;isotonic;50;2.429613414275809;3.22147735059876;-0.04656651895301689;0.5923582380141154;5.215277777777778;5.421948719238642;3.1511818531385956;1.2152795775594722;0.3856583447727863;3.881537068741456;7.8;3.918462931258544;0.3918462931258544;0.7722222222222223;1.9879217382425307;10.375;7.154890167942485;6.770249039321352;False;0.35624801329735845
hist_absolute__all_operational;hist_absolute;all_operational;affine;108;2.367957062650146;3.10616596430166;0.02701535702951252;0.6350245289544132;5.215277777777778;5.446082258189709;3.1511818531385956;1.0962311719516549;0.34787937448287926;3.7417462839818483;7.33259197882595;3.5908456948441017;0.35908456948441014;0.6361111111111111;2.4877540572256938;9.437399088340097;4.435618226248339;2.9484542252984136;False;0.355003095614617
xgb_tweedie__history_calendar;xgb_tweedie;history_calendar;round;30;2.338888888888889;3.197221015541813;-0.03086546439232496;0.5757643683313907;5.215277777777778;4.804166666666666;3.1511818531385956;1.0945480646937784;0.347345255115506;3.0;7.0;4.0;0.4;0.7083333333333334;3.0;13.0;3.153604820959921;5.9663151130654235;False;0.354638698135311
xgb_tweedie__official_plus_forecast;xgb_tweedie;official_plus_forecast;round;70;2.2625;3.06752705321766;0.051071532437771516;0.6221452267807508;5.215277777777778;4.805555555555555;3.1511818531385956;1.083943874174906;0.34398010800147616;3.0;7.0;4.0;0.4;0.7013888888888888;3.0;11.0;-0.21542621535409756;1.6678348975604385;False;0.35451327082288653
extra_trees__history_calendar;extra_trees;history_calendar;round;30;2.3208333333333333;3.159421536364599;-0.0066345234494076255;0.5952018034865698;5.215277777777778;4.863888888888889;3.1511818531385956;1.0761422828557965;0.34150434123119633;3.0;7.0;4.0;0.4;0.6986111111111111;3.0;14.0;2.3572883941947786;4.713517292041569;False;0.3539547313318161
gradient_huber__official_plus_forecast;gradient_huber;official_plus_forecast;round;70;2.2402777777777776;3.022370298660014;0.07880405444180416;0.6420565895146724;5.215277777777778;4.847222222222222;3.1511818531385956;1.077778096407876;0.3420234523546785;3.0;7.0;4.0;0.4;0.7027777777777777;3.0;10.0;-1.1955079713727335;0.1711930139751905;False;0.3533549980040498
xgb_tweedie__official_50;xgb_tweedie;official_50;round;50;2.2569444444444446;3.069337604978203;0.0499510264982147;0.636676871053272;5.215277777777778;4.836111111111111;3.1511818531385956;1.0709601525159225;0.33985983749215865;3.0;7.0;4.0;0.4;0.7027777777777777;3.0;11.0;-0.4604466543587482;1.7278424783481183;False;0.35238137131591585
hist_absolute__official_50;hist_absolute;official_50;spread;50;2.379107523000986;3.1549933867090956;-0.0038147638835921427;0.6095861459440766;5.215277777777778;5.355282068562859;3.1511818531385956;1.0784494123496138;0.3422364885972772;3.628860588798099;7.25157179612312;3.6227112073250205;0.36227112073250206;0.6430555555555556;1.9879217382425307;8.9393256671908;4.927394550496356;4.566753993701589;False;0.35219020101403936
hist_poisson__all_operational;hist_poisson;all_operational;affine;108;2.3894640852638167;3.127730361354879;0.013458670080830681;0.5955860690909557;5.215277777777778;5.438603972092815;3.1511818531385956;1.1168140812262977;0.3544111807174646;3.628089556404863;7.225641612563905;3.5975520561590417;0.3597552056159042;0.6694444444444444;1.7863407955690331;13.372373296972794;5.384157048295579;3.663168560734298;False;0.35151046439953665
xgb_tweedie__history_calendar;xgb_tweedie;history_calendar;spread;30;2.438500334204715;3.2078396574655814;-0.037724276351744246;0.5735932676666111;5.215277777777778;5.463606183451636;3.1511818531385956;1.1083617837918764;0.35172891805274314;3.8739908059438073;7.400846952862209;3.526856146918402;0.3526856146918402;0.6652777777777777;2.9108779430389404;13.199558454089697;7.546836031970838;6.318251482399018;False;0.34866242271032294
xgb_absolute__official_plus_forecast;xgb_absolute;official_plus_forecast;affine;70;2.3536075399981606;3.087575878736149;0.03862693281446539;0.6421078249285906;5.215277777777778;5.407911458942626;3.1511818531385956;1.080828521941103;0.34299147821779674;3.8621466994285583;7.3425919055938715;3.4804452061653133;0.34804452061653135;0.6388888888888888;2.7909011840820312;10.121110916137695;3.8027514851029176;2.332318257394417;False;0.34838396963601675
xgb_absolute__weather_calendar;xgb_absolute;weather_calendar;spread;90;2.3872496179537275;3.115160721755137;0.02137210902862685;0.6268396715809967;5.215277777777778;5.370533449721558;3.1511818531385956;1.0948342578555188;0.34743607601226106;3.6556027164061864;7.146985992590586;3.4913832761843993;0.34913832761843994;0.6527777777777778;2.7352676391601562;11.461084000269574;5.286490892849249;3.246569775661512;False;0.3479890933164159
xgb_squared__history_calendar;xgb_squared;history_calendar;raw;30;2.3428563631243176;3.129704213169521;0.012213101814294358;0.5856592076443238;5.215277777777778;4.97097605433729;3.1511818531385956;1.1436100335918462;0.36291464183598415;3.493797743320465;6.8338490247726424;3.3400512814521774;0.33400512814521777;0.6625;2.890702247619629;14.595878601074219;3.3285850311626897;3.7285884370456657;False;0.3477133836770191
xgb_poisson__weather_calendar;xgb_poisson;weather_calendar;affine;90;2.3842276354630787;3.0964198385875683;0.03311158869097752;0.6258661987165527;5.215277777777778;5.544678886731465;3.1511818531385956;1.1472485194445863;0.36406928349816436;4.051459169387817;7.541566228866573;3.490107059478756;0.34901070594787564;0.6916666666666667;3.0744705200195312;11.811172485351562;5.153210347075099;2.6254358842044745;False;0.34765159132259715
hist_absolute__history_calendar;hist_absolute;history_calendar;round;30;2.352777777777778;3.252776591706777;-0.0670017809430341;0.561950019853723;5.215277777777778;4.659722222222222;3.1511818531385956;1.0572170308926732;0.3354985780461;3.0;7.0;4.0;0.4;0.7194444444444444;2.0;10.0;3.7661559184715365;7.80760780492733;False;0.34708547123185607
xgb_poisson__official_plus_forecast;xgb_poisson;official_plus_forecast;isotonic;70;2.3138539281156327;2.9986445571612497;0.0932101458288016;0.6160802346581957;5.215277777777778;5.377994172440635;3.1511818531385956;1.2614015417784101;0.40029474672242316;4.059467005729675;7.3358642578124975;3.2763972520828224;0.3276397252082822;0.7402777777777778;2.0;19.19230842590332;2.049470946716947;-0.6151553140659294;False;0.3467509842924337
xgb_tweedie__all_operational;xgb_tweedie;all_operational;affine;108;2.358067376083798;3.067291610966513;0.051217193275766904;0.6260711403722252;5.215277777777778;5.448815086815093;3.1511818531385956;1.088939178046947;0.3455653239949822;3.869109606742859;7.29788565635681;3.4287760496139508;0.3428776049613951;0.6513888888888889;2.4775798320770264;12.626583099365234;3.999446664309425;1.6600315747201666;False;0.34523377975645253
xgb_squared__history_calendar;xgb_squared;history_calendar;spread;30;2.4093803499712623;3.151635997574298;-0.0016794797991384058;0.5797543261902627;5.215277777777778;5.409756209557807;3.1511818531385956;1.155269595299703;0.3666147017662747;3.9727404973904283;7.35586510737737;3.3831246099869414;0.33831246099869416;0.6930555555555555;3.0369985103607178;15.102923923068579;6.262537594246798;4.455479185583622;False;0.34477486603325547
xgb_poisson__history_calendar;xgb_poisson;history_calendar;spread;30;2.427577648869267;3.180153437066465;-0.019888797157354476;0.5798567970180989;5.215277777777778;5.490844350148131;3.1511818531385956;1.150194579020022;0.3650041897373906;4.120720296700796;7.603767785496181;3.4830474887953855;0.34830474887953855;0.7069444444444445;3.512403964996338;14.894981437259252;7.06510542389065;5.400639987653677;False;0.3447696586007754
extra_trees__history_calendar;extra_trees;history_calendar;isotonic;30;2.4430356784886778;3.240145495793851;-0.058731164188278395;0.5762190826299137;5.215277777777778;5.456660972351271;3.1511818531385956;1.1516546612335463;0.36546753405757637;3.863724918524241;7.103448275862069;3.2397233573378283;0.3239723357337828;0.6875;2.9187926770520884;17.0;7.7468614005197445;7.388972157524143;False;0.34035070783273336
rf_absolute__history_calendar;rf_absolute;history_calendar;spread;30;2.432658647633745;3.177355316788794;-0.01809484846439635;0.571953734421232;5.215277777777778;5.44608875771605;3.1511818531385956;1.1331413426370882;0.35959249432351004;3.9295355902777773;7.281556307870371;3.352020717592594;0.33520207175925937;0.6972222222222222;3.3216666666666668;14.658240740740743;7.289196162504452;5.307901170528839;False;0.33969290311687583
xgb_tweedie__official_plus_forecast;xgb_tweedie;official_plus_forecast;raw;70;2.2641830917861725;3.0434634588259586;0.0659011100229302;0.6366256356393539;5.215277777777778;4.797442377607028;3.1511818531385956;1.0466715801149706;0.3321520714751767;3.3350391507148744;6.681710100173948;3.3466709494590736;0.33466709494590735;0.6486111111111111;2.630112648010254;11.107975006103516;-0.14119567545414213;0.870289024544868;False;0.33687969317267485
hist_poisson__official_50;hist_poisson;official_50;affine;50;2.405808137353012;3.195168525803883;-0.029542339320007382;0.5958166284535871;5.215277777777778;5.429808690021751;3.1511818531385956;1.0820251858964267;0.3433712290576703;3.7454563408901924;7.248149718925557;3.5026933780353646;0.3502693378035365;0.7027777777777777;2.0090859036608655;10.092499394356315;6.104989875537292;5.898288919918748;False;0.3365557657516339
xgb_squared__weather_calendar;xgb_squared;weather_calendar;raw;90;2.301687558823162;3.03962409194307;0.06825637814463514;0.6260455226652661;5.215277777777778;4.8099771436717775;3.1511818531385956;1.117432166752329;0.3546073247532065;3.405668818950653;6.559878253936767;3.154209434986114;0.3154209434986114;0.675;2.3549628257751465;12.209550857543945;1.5128893005928346;0.743039904459275;False;0.3349706263634569
gradient_huber__history_calendar;gradient_huber;history_calendar;isotonic;30;2.4663787594428013;3.3977452008912503;-0.16422866455982987;0.5569737802769273;5.215277777777778;5.478416770076128;3.1511818531385956;1.5088461467296277;0.47881912788587816;4.023388652147233;6.208333333333333;2.1849446811861;0.21849446811861;0.7888888888888889;3.067599776941615;20.0;8.776377150277836;12.612339554052742;False;0.33416389361238086
xgb_absolute__history_calendar;xgb_absolute;history_calendar;spread;30;2.390032233579291;3.199270755792149;-0.0321876649844004;0.5690333158279002;5.215277777777778;5.339995293788335;3.1511818531385956;1.102247060294633;0.34978846403192776;3.9121635286013277;7.229972714847989;3.317809186246661;0.33178091862466613;0.7166666666666667;3.0185461044311523;13.964490085177955;5.409214479237479;6.0342501792404635;False;0.33019479699966725
poisson_glm__official_plus_forecast;poisson_glm;official_plus_forecast;isotonic;70;2.3527149836259773;3.035147743644172;0.07099865004947503;0.6002228740505438;5.215277777777778;5.379634087469388;3.1511818531385956;1.4177113016152612;0.4498982818789758;4.106382978723404;6.675161772025882;2.568778793302478;0.2568778793302478;0.8125;3.216990555522876;18.743978576362778;3.7633864653561444;0.5946791461347578;False;0.32986148461112585
gradient_huber__history_calendar;gradient_huber;history_calendar;spread;30;2.3968604753855876;3.1910655397103977;-0.02689992113509332;0.5922941937467178;5.215277777777778;5.396853095399829;3.1511818531385956;1.1036694353800653;0.3502398423248103;3.956087013430884;7.136295315440977;3.180208302010093;0.3180208302010093;0.6972222222222222;3.067599776941615;12.732122057674609;5.710365064139045;5.7623026008081;False;0.32947077517207346
xgb_tweedie__history_calendar;xgb_tweedie;history_calendar;raw;30;2.3511641383171082;3.1903790934215857;-0.026458165356332497;0.5790370303954093;5.215277777777778;4.7978864967823025;3.1511818531385956;1.052956200545965;0.3341464408019532;3.3342763066291807;6.573699855804443;3.239423549175262;0.3239423549175262;0.6722222222222223;2.587418556213379;12.823174476623535;3.6949884816428247;5.739551535619025;False;0.32930127813756865
hist_absolute__history_calendar;hist_absolute;history_calendar;raw;30;2.360605655422662;3.234276620759095;-0.0548992784935558;0.5693791548718474;5.215277777777778;4.66045948965651;3.1511818531385956;1.000769018187302;0.31758529492372206;3.208129727907341;6.532672855517104;3.324543127609763;0.3324543127609763;0.65;2.09239523524861;9.52704124796853;4.111394121535916;7.194458528885694;False;0.32927239218201665
xgb_tweedie__official_50;xgb_tweedie;official_50;raw;50;2.2719679050975374;3.0652549421718382;0.05247675059350754;0.644093197217917;5.215277777777778;4.846076425578859;3.1511818531385956;1.0370123964012938;0.3290868140054892;3.3393381714820864;6.606115889549255;3.266777718067168;0.3266777718067168;0.6736111111111112;2.689105987548828;10.861708641052246;0.2021432320674421;1.5925297391484738;False;0.3277040642125988
hist_absolute__official_plus_forecast;hist_absolute;official_plus_forecast;raw;70;2.296684275266003;3.1423472455923775;0.00421627783107581;0.6297472813208489;5.215277777777778;4.611304358694434;3.1511818531385956;0.9810100307535896;0.31131495307911156;3.1102562944249463;6.318186420459617;3.207930126034671;0.3207930126034671;0.6236111111111111;2.0799048881254145;8.043840702374093;1.2922260885376513;4.147619699255145;False;0.32764706107459146
poisson_glm__official_plus_forecast;poisson_glm;official_plus_forecast;round;70;2.283333333333333;2.964606025914555;0.11367980181051196;0.6262184421872397;5.215277777777778;5.0125;3.1511818531385956;1.1043519298571165;0.3504564259778202;4.0;7.0;3.0;0.3;0.6763888888888889;3.0;16.0;0.7034004309133479;-1.7433030744302358;False;0.3274276139122413
xgb_tweedie__weather_calendar;xgb_tweedie;weather_calendar;raw;90;2.302511386738883;3.1441223605580704;0.003090921708578276;0.6068066247390196;5.215277777777778;4.588915197054545;3.1511818531385956;1.0002573987431296;0.31742293696787677;3.290894341468811;6.346036291122435;3.055141949653624;0.3055141949653624;0.6166666666666667;2.1147077083587646;9.733829498291016;1.5492231425562109;4.206452789273674;False;0.3264369565400881
extra_trees__official_50;extra_trees;official_50;affine;50;2.462019996904749;3.2123130481757274;-0.04062054512583768;0.5769107607178081;5.215277777777778;5.613817695018138;3.1511818531385956;0.9957939422942856;0.3160064981024402;4.160503430107114;7.546743785638357;3.3862403555312435;0.33862403555312437;0.6972222222222222;2.916116750996628;9.056531104748526;8.584139686371529;6.466514216601915;False;0.3212768921452472
gradient_huber__weather_calendar;gradient_huber;weather_calendar;raw;90;2.2868945777090834;3.0537005746030124;0.0596065965637681;0.6414545734011349;5.215277777777778;4.619442691515932;3.1511818531385956;1.017239575615644;0.3228120822676316;3.3202903729339037;6.36920462186751;3.0489142489336065;0.30489142489336063;0.6597222222222222;2.1651700117416737;12.099195585900231;0.8604644097762071;1.2095803750667766;False;0.320032991288666
xgb_tweedie__weather_calendar;xgb_tweedie;weather_calendar;affine;90;2.383302511440383;3.132333321999791;0.010552823472041006;0.6007992724571225;5.215277777777778;5.451325324177742;3.1511818531385956;0.9878844226780058;0.3134964812310236;3.797808825969696;7.068407821655273;3.270598995685577;0.32705989956855774;0.6888888888888889;2.499779462814331;10.332379341125488;5.112408974123661;3.8157256644755666;False;0.31776660362517806
hist_absolute__weather_calendar;hist_absolute;weather_calendar;raw;90;2.3369359590669063;3.22856739078406;-0.05117829379993455;0.6117124156216777;5.215277777777778;4.396866355524926;3.1511818531385956;0.9242697536024733;0.29330892239110073;3.0505318635051624;5.989204582138982;2.93867271863382;0.293867271863382;0.5888888888888889;1.943023203347503;7.601331549622799;3.067473430940959;7.00523605735599;False;0.31706478245040126
hist_absolute__official_plus_forecast;hist_absolute;official_plus_forecast;round;70;2.2888888888888888;3.1714875584389945;-0.01433800178386102;0.6186676230610598;5.215277777777778;4.590277777777778;3.1511818531385956;1.0322558202810461;0.327577356176037;3.0;6.0;3.0;0.3;0.6777777777777778;2.0;8.0;0.9484208699179986;5.113424552465973;False;0.31685425472366113
xgb_tweedie__all_operational;xgb_tweedie;all_operational;raw;108;2.250807510813077;3.027288897756804;0.07580331001779683;0.6390208912400251;5.215277777777778;4.725398683879111;3.1511818531385956;1.0051352426439706;0.31897087806685925;3.322097146511078;6.317795634269713;2.995698487758635;0.29956984877586346;0.6583333333333333;2.444720983505249;13.164401054382324;-0.7311080054087649;0.3342114037804711;False;0.3167196755349722
extra_trees__history_calendar;extra_trees;history_calendar;raw;30;2.337174169901495;3.1488303394462;0.00010316213581151867;0.6078697595778202;5.215277777777778;4.8714249924617885;3.1511818531385956;1.0239918271268993;0.32495485022770026;3.3406705690310456;6.57702971212494;3.2363591430938943;0.3236359143093894;0.7180555555555556;2.808195099419018;13.770197278911574;3.07797940512895;4.3624905395512;False;0.3158911414996403
hist_absolute__history_calendar;hist_absolute;history_calendar;spread;30;2.4183245778140323;3.2118044118076186;-0.04029102833071807;0.5657670581906213;5.215277777777778;5.292698167694762;3.1511818531385956;1.0329101596347634;0.3277850050469093;3.838301602599958;7.0995858919351935;3.2612842893352356;0.32612842893352356;0.7305555555555555;2.371575654065038;10.301583638175602;6.657010948113573;6.449656351162214;False;0.31553709128673135
poisson_glm__history_calendar;poisson_glm;history_calendar;isotonic;30;2.3904943553598406;3.102957655481881;0.029024279349846416;0.5469380435757195;5.215277777777778;5.425530120518906;3.1511818531385956;1.454737672435985;0.46164827681622306;4.240378316266445;6.653126051156998;2.4127477348905533;0.24127477348905532;0.8944444444444445;3.2772920932641187;20.0;5.429595749915372;2.8421204242492726;False;0.31329900639958086
poisson_glm__official_50;poisson_glm;official_50;round;50;2.286111111111111;3.021221239462244;0.07950437065402727;0.6248478948649306;5.215277777777778;5.004166666666666;3.1511818531385956;1.0179115629220739;0.32302533156194335;4.0;7.0;3.0;0.3;0.6944444444444444;3.0;13.0;0.8259106504156843;0.13310945064233248;False;0.31147251031398565
xgb_tweedie__all_operational;xgb_tweedie;all_operational;round;108;2.2319444444444443;3.0479956984513246;0.06311697128800797;0.6228240960151655;5.215277777777778;4.722222222222222;3.1511818531385956;1.04451973674567;0.3314692028025365;3.0;6.0;3.0;0.3;0.7138888888888889;2.0;13.0;-1.5630386298797205;1.0205022034195377;False;0.31138336348336365
hist_absolute__all_operational;hist_absolute;all_operational;raw;108;2.2798795116970676;3.1001885417658186;0.030756525002404667;0.645143523203238;5.215277777777778;4.603843920187384;3.1511818531385956;0.938497928688192;0.29782410931106457;3.200857694359863;6.225565367585652;3.024707673225789;0.30247076732257894;0.6430555555555556;2.4877540572256938;8.176508207795456;0.5510741900722538;2.7503429790261213;False;0.3112745066417706
gradient_huber__official_50;gradient_huber;official_50;affine;50;2.3680614947624594;3.10878235865056;0.025375532431531567;0.6381626980568968;5.215277777777778;5.429903695558125;3.1511818531385956;1.0176027360106261;0.32292732804267954;4.005101258079618;7.27226081104422;3.2671595529646025;0.32671595529646025;0.75;2.4840200044406133;11.729345475338139;4.440224066609266;3.035170053415337;False;0.30966788197296685
extra_trees__official_plus_forecast;extra_trees;official_plus_forecast;round;70;2.275;3.029026246172192;0.0747422204109105;0.6186484097808406;5.215277777777778;4.906944444444444;3.1511818531385956;1.0340283229723495;0.3281398444023315;4.0;7.0;3.0;0.3;0.7152777777777778;3.0;12.0;0.33586977240636084;0.39179278734804424;False;0.30960737442549363
gradient_huber__official_50;gradient_huber;official_50;raw;50;2.2772141016331484;3.0643915488555105;0.053010454993699385;0.6571838454739916;5.215277777777778;4.837050631052376;3.1511818531385956;1.001999832900175;0.31797588320781206;3.420282019331383;6.429253910600821;3.0089718912694376;0.30089718912694374;0.6944444444444444;2.4840200044406133;11.38297589496622;0.4335198001542695;1.5639140732999879;False;0.30951427474905685
official_temporal;official_xgb;official_50;round;50;2.25;3.024896692450835;0.07726335877491353;0.6333914001357738;5.215277777777778;5.029166666666667;3.1511818531385956;1.014764098322065;0.32202651119971193;4.0;7.0;3.0;0.3;0.7027777777777777;3.0;11.0;-0.7667222031145782;0.2549259305413054;False;0.30935637448431486
xgb_absolute__official_50;xgb_absolute;official_50;affine;50;2.3976294312212203;3.1763144238005907;-0.017427907501565976;0.6001972563435847;5.215277777777778;5.436226862668991;3.1511818531385956;0.9577481569202196;0.3039330008727668;3.972144663333893;7.290551543235774;3.3184068799018815;0.3318406879901882;0.7222222222222222;2.5404226779937744;8.661031723022461;5.744278845494999;5.2734025875873725;False;0.3084696467448665
gradient_huber__official_50;gradient_huber;official_50;round;50;2.2625;3.075214536328229;0.04630938219465486;0.6433246660091454;5.215277777777778;4.838888888888889;3.1511818531385956;1.02494011569774;0.3252557813116668;3.0;6.0;3.0;0.3;0.7152777777777778;2.0;11.0;-0.21542621535409756;1.9226231195072607;False;0.3083095460346945
xgb_tweedie__weather_calendar;xgb_tweedie;weather_calendar;round;90;2.2625;3.1373644282351956;0.007371800795053396;0.6062174174789614;5.215277777777778;4.597222222222222;3.1511818531385956;1.0396816970670377;0.32993389322533345;3.0;6.0;3.0;0.3;0.7333333333333333;2.0;10.0;-0.21542621535409756;3.982472907195622;False;0.3068035852847334
xgb_absolute__weather_calendar;xgb_absolute;weather_calendar;affine;90;2.392434079779519;3.131861094968789;0.010851136859481136;0.6259558606909096;5.215277777777778;5.389148823420206;3.1511818531385956;0.9528270611894956;0.3023713341838632;3.7354141354560855;6.921353673934935;3.18593953847885;0.31859395384788497;0.7069444444444445;2.7352676391601562;10.767858505249023;5.515144733109767;3.800074523022179;False;0.3061860953406093
gradient_huber__history_calendar;gradient_huber;history_calendar;raw;30;2.3158472641018863;3.1783165952125154;-0.018710971344939598;0.5981990752007789;5.215277777777778;4.705277587820706;3.1511818531385956;0.9723375175219876;0.3085628068572221;3.37620784714449;6.332229545583496;2.9560216984390055;0.29560216984390053;0.6819444444444445;2.8127507301462153;11.916058200091337;2.1373843972353646;5.339761067565774;False;0.30592513364222623
gradient_huber__weather_calendar;gradient_huber;weather_calendar;round;90;2.283333333333333;3.0709209621147133;0.04897058380110242;0.6283895428520193;5.215277777777778;4.623611111111111;3.1511818531385956;1.060741212962786;0.33661694640259543;3.0;6.0;3.0;0.3;0.7527777777777778;2.0;12.0;0.7034004309133479;1.7803200895136984;False;0.3059220703256124
hist_absolute__official_50;hist_absolute;official_50;raw;50;2.3120654844204105;3.1550543926340016;-0.003853584402473631;0.6166438242112948;5.215277777777778;4.667141700595481;3.1511818531385956;0.9315945966250185;0.2956333972592362;3.162877027863481;6.220257003005762;3.057379975142281;0.30573799751422814;0.6736111111111112;1.9879217382425307;7.37766200639426;1.97059400003603;4.56877592869791;False;0.3053211056744139
extra_trees__official_plus_forecast;extra_trees;official_plus_forecast;raw;70;2.282072866917689;3.0217520781133733;0.07918087393075546;0.6376503439177159;5.215277777777778;4.908744396343009;3.1511818531385956;0.9924399391323535;0.3149421345340249;3.5952686980738746;6.540811569782961;2.9455428717090864;0.29455428717090865;0.6986111111111111;2.9699172804903955;11.570850340136058;0.6478092247012235;0.15070317203549344;False;0.3050957388279071
extra_trees__weather_calendar;extra_trees;weather_calendar;raw;90;2.2809157442627837;3.0476428050769457;0.06333390117027826;0.6319632129728068;5.215277777777778;4.74866685176398;3.1511818531385956;1.0045044798759721;0.3187707110192577;3.500176862959319;6.368199208677769;2.86802234571845;0.286802234571845;0.6986111111111111;2.9055632678595114;12.43378911564626;0.5967758585415428;1.0088061679158988;False;0.3041053798365895
hist_absolute__official_plus_forecast;hist_absolute;official_plus_forecast;affine;70;2.378825147554464;3.1369097312226666;0.007659502386895944;0.6166182065043357;5.215277777777778;5.399389457743862;3.1511818531385956;0.9178989829934906;0.2912872140588325;3.822232908256413;7.027726955281097;3.2054940470246844;0.32054940470246845;0.7055555555555556;2.0799048881254145;8.18240429390682;4.9149407544395896;3.96740276763492;False;0.30216042686122746
extra_trees__official_50;extra_trees;official_50;round;50;2.2875;3.101299010988066;0.030062046071080095;0.6216200637880903;5.215277777777778;4.955555555555556;3.1511818531385956;0.9700506688354866;0.30783709542796156;4.0;7.0;3.0;0.3;0.7111111111111111;3.0;9.0;0.8871657601668526;2.7871475449150696;False;0.3013044707203605
hist_absolute__official_50;hist_absolute;official_50;round;50;2.3027777777777776;3.151719107619417;-0.0017323099638462125;0.6181296512149197;5.215277777777778;4.668055555555555;3.1511818531385956;0.9593006244901116;0.3044256628777684;3.0;6.0;3.0;0.3;0.7041666666666667;2.0;7.0;1.5609719674296363;4.458233723098326;False;0.30115821496166245
hist_absolute__weather_calendar;hist_absolute;weather_calendar;round;90;2.3194444444444446;3.235652089524528;-0.05579672154746551;0.5951313547924325;5.215277777777778;4.401388888888889;3.1511818531385956;0.9689179338841757;0.307477631898371;3.0;6.0;3.0;0.3;0.7166666666666667;2.0;8.0;2.2960332844436104;7.2400460425162905;False;0.3000316010209336
hist_absolute__all_operational;hist_absolute;all_operational;round;108;2.2444444444444445;3.084459253886958;0.040566789254425806;0.6492807828771247;5.215277777777778;4.606944444444444;3.1511818531385956;0.9737623847163256;0.30901497599906924;3.0;6.0;3.0;0.3;0.725;2.0;8.0;-1.01174264211924;2.229023161668109;False;0.29905673919958115
xgb_tweedie__history_calendar;xgb_tweedie;history_calendar;isotonic;30;2.4427038808663686;3.21965849514868;-0.0453850635932993;0.5300559746897056;5.215277777777778;5.44057214723693;3.1511818531385956;1.0411426804159163;0.3303975235129423;3.6871498703956602;6.207416558265685;2.5202666878700244;0.2520266687870024;0.6902777777777778;2.9108779430389404;17.0;7.732227904685529;6.709966247224308;False;0.29883266410071935
gradient_huber__history_calendar;gradient_huber;history_calendar;round;30;2.3097222222222222;3.192656504473282;-0.02792413630098811;0.5825978916627172;5.215277777777778;4.7;3.1511818531385956;1.0056861979713085;0.3191457189211848;3.0;6.0;3.0;0.3;0.7569444444444444;3.0;12.0;1.8672475161854551;5.815032353483329;False;0.2972266846256443
poisson_glm__official_50;poisson_glm;official_50;raw;50;2.295952054048917;2.997504725048439;0.09389938507277695;0.6387134787565165;5.215277777777778;5.014053590785739;3.1511818531385956;0.9737733696955952;0.30901846198616284;3.698944088369886;6.646561148958824;2.947617060588938;0.2947617060588938;0.7263888888888889;3.166192725900029;13.308918670586065;1.259932439007061;-0.6529330617583651;False;0.2969471272366083
poisson_glm__history_calendar;poisson_glm;history_calendar;spread;30;2.3667696850216045;3.076057185232026;0.04578666324531744;0.5912310589079172;5.215277777777778;5.396485665948928;3.1511818531385956;1.107352881189674;0.35140875163607077;4.181125275242068;6.8523796218971516;2.6712543466550835;0.26712543466550837;0.7736111111111111;3.2772920932641187;20.066488935970888;4.383250504442615;1.9505512479774056;False;0.2969056181469375
xgb_poisson__history_calendar;xgb_poisson;history_calendar;round;30;2.311111111111111;3.1229437679500056;0.016475911553953004;0.5773270484558927;5.215277777777778;4.9875;3.1511818531385956;0.9830889271397639;0.31197467266467077;4.0;7.0;3.0;0.3;0.7472222222222222;3.0;13.0;1.9285026259366234;3.504525269390557;False;0.2959441582546574
xgb_poisson__official_50;xgb_poisson;official_50;raw;50;2.265435498290592;3.034427641376318;0.07143941714002588;0.6412112051850238;5.215277777777778;5.0076728641986845;3.1511818531385956;0.9664662774693902;0.3066996201779926;3.7513283133506774;6.620514297485351;2.8691859841346736;0.28691859841346734;0.7333333333333333;3.278984308242798;10.102396965026855;-0.08595994097961857;0.5708126122110357;False;0.2917696718581436
xgb_poisson__history_calendar;xgb_poisson;history_calendar;raw;30;2.320496689942148;3.121023919785178;0.017684794364701495;0.5848138233146751;5.215277777777778;4.947226914101177;3.1511818531385956;0.9673224603753998;0.30697132233480623;3.6676265239715575;6.504412126541137;2.8367856025695795;0.2836785602569579;0.7305555555555555;3.249661922454834;13.491683006286621;2.3424411821254543;3.440895249878473;False;0.291313480029487
extra_trees__official_50;extra_trees;official_50;raw;50;2.312531818155427;3.0954462229782447;0.033719535738753637;0.6274288788410549;5.215277777777778;4.928246790957582;3.1511818531385956;0.9138959472488054;0.29001688567689604;3.5478715569719794;6.5619186487286685;3.014047091756689;0.3014047091756689;0.7236111111111111;2.916116750996628;8.68247921398242;1.9911610334017782;2.593167092664861;False;0.29127702454386517
xgb_absolute__history_calendar;xgb_absolute;history_calendar;isotonic;30;2.420316815045145;3.2556564125439484;-0.06889194099788742;0.5249644554315943;5.215277777777778;5.385415315296915;3.1511818531385956;1.101725577640795;0.3496229760727614;4.076169490814209;6.684210300445557;2.6080408096313477;0.2608040809631348;0.7986111111111112;0.0;12.0;6.744875939487915;7.903054444623958;False;0.28888954534761757
xgb_absolute__weather_calendar;xgb_absolute;weather_calendar;raw;90;2.3063033961587482;3.1775123941007504;-0.018195513035463406;0.6385213459543236;5.215277777777778;4.310559749934408;3.1511818531385956;0.7883741029742259;0.25018362624454715;3.1573660731315614;5.610825872421263;2.453459799289702;0.2453459799289702;0.5875;2.4494574069976807;8.555047035217285;1.7164647088539375;5.313107224115687;False;0.2809537247851858
xgb_absolute__history_calendar;xgb_absolute;history_calendar;round;30;2.313888888888889;3.232216301892901;-0.05355570966835166;0.5736252898003099;5.215277777777778;4.481944444444444;3.1511818531385956;0.9329133020684853;0.2960518768979639;3.0;6.0;3.0;0.3;0.7902777777777777;3.0;12.0;2.05101284543896;7.126172852935464;False;0.28016778904852824
xgb_absolute__history_calendar;xgb_absolute;history_calendar;raw;30;2.3107749505175486;3.2106156841342544;-0.039521122240131934;0.5808558875895019;5.215277777777778;4.490095428956879;3.1511818531385956;0.8632586331457613;0.2739475769340163;3.3487550377845765;5.943704342842101;2.5949493050575243;0.25949493050575245;0.6708333333333333;2.7447314262390137;11.576553344726562;1.9136767070186966;6.410258045381334;False;0.27993296863065403
xgb_absolute__all_operational;xgb_absolute;all_operational;raw;108;2.250104080306159;3.091119770333145;0.036418755699974104;0.6638444492833446;5.215277777777778;4.460162625047896;3.1511818531385956;0.8184270891440297;0.25972067855394365;3.2835854649543763;5.864424657821653;2.5808391928672765;0.25808391928672764;0.6430555555555556;2.5391340255737305;8.987236022949219;-0.762131878699357;2.4497743643911996;False;0.2785925659885182
hist_poisson__weather_calendar;hist_poisson;weather_calendar;affine;90;2.395282323841327;3.181784218752481;-0.02093506266209455;0.5872218877688258;5.215277777777778;5.371669997258326;3.1511818531385956;0.8861373576476093;0.28120794005113076;3.6510722284242774;6.695925002060579;3.044852773636302;0.3044852773636302;0.775;1.7817802022553777;9.347453297548503;5.640762774984731;5.4546894028116855;False;0.2781134201002794
hist_absolute__weather_calendar;hist_absolute;weather_calendar;affine;90;2.398836076403523;3.1803680917408452;-0.02002648314671096;0.5940490066734128;5.215277777777778;5.380539692177209;3.1511818531385956;0.8326883694225249;0.26424637111728805;3.5964965926768833;6.619097577915224;3.022600985238341;0.30226009852383406;0.7347222222222223;2.0658727829429226;7.988256429122639;5.797496337307306;5.407754342512239;False;0.2777574570416771
hist_poisson__history_calendar;hist_poisson;history_calendar;isotonic;30;2.4481017012091684;3.237951672838535;-0.05729796779414409;0.5310358519808892;5.215277777777778;5.415415568119135;3.1511818531385956;0.8264777076333256;0.2622754719186228;3.759318036267836;6.5966835994802;2.8373655632123644;0.28373655632123645;0.7069444444444445;2.493384995737094;8.909823252584095;7.9702916404965185;7.316261721349959;False;0.27594286818692415
poisson_glm__history_calendar;poisson_glm;history_calendar;raw;30;2.30297199075316;3.067223488480053;0.05125933646550518;0.596252129471891;5.215277777777778;4.881844854802529;3.1511818531385956;1.0545730444385253;0.3346595320699008;3.778735557816559;6.201496329237281;2.4227607714207218;0.24227607714207217;0.8013888888888889;3.2772920932641187;19.23717029014056;1.5695374741575785;1.6577737737012876;False;0.2751156386534028
xgb_absolute__all_operational;xgb_absolute;all_operational;round;108;2.2430555555555554;3.106221355781186;0.026980654737298715;0.6551728554777061;5.215277777777778;4.477777777777778;3.1511818531385956;0.8759214853298043;0.2779660223218731;3.0;6.0;3.0;0.3;0.7805555555555556;3.0;9.0;-1.0729977518704081;2.9502900792933273;False;0.27397359893373174
rf_absolute__history_calendar;rf_absolute;history_calendar;isotonic;30;2.4010719334697543;3.1846849407929017;-0.022797413192094718;0.5489426291452651;5.215277777777778;5.370426209654824;3.1511818531385956;1.2087669843842896;0.38359163028955334;4.0;6.178524590163929;2.1785245901639287;0.21785245901639289;0.8847222222222222;2.9882352941176484;17.0;5.896105859692846;5.550828776441619;False;0.2719201498415921
rf_absolute__history_calendar;rf_absolute;history_calendar;round;30;2.3069444444444445;3.158981903504144;-0.0063543969645183385;0.561706651637612;5.215277777777778;4.677777777777778;3.1511818531385956;0.9052807865111294;0.2872829397673335;3.0;6.0;3.0;0.3;0.8166666666666667;3.0;12.0;1.744737296683141;4.69894642753188;False;0.27094398956196675
xgb_absolute__official_plus_forecast;xgb_absolute;official_plus_forecast;round;70;2.2111111111111112;3.090756829285956;0.036645018465976786;0.6571005879263747;5.215277777777778;4.495833333333334;3.1511818531385956;0.8438499593083812;0.2677884040452638;3.0;6.0;3.0;0.3;0.7958333333333333;3.0;8.0;-2.481865276147166;2.437745316293838;False;0.26633811515370204
poisson_glm__history_calendar;poisson_glm;history_calendar;round;30;2.301388888888889;3.078825533651861;0.04406837031554112;0.5897452319042923;5.215277777777778;4.861111111111111;3.1511818531385956;1.098811541010565;0.3486982320351148;4.0;6.0;2.0;0.2;0.8041666666666667;3.0;19.0;1.4997168576784903;2.042303328791628;False;0.26608087108246836
extra_trees__weather_calendar;extra_trees;weather_calendar;round;90;2.2708333333333335;3.0666213764771593;0.05163178540754998;0.6268012450205581;5.215277777777778;4.730555555555555;3.1511818531385956;1.042709491915646;0.3308947374386221;3.950000000000003;6.0;2.049999999999997;0.2049999999999997;0.7777777777777778;3.0;12.0;0.1521044431528784;1.6378178213533268;False;0.2650970762918243
poisson_glm__history_calendar;poisson_glm;history_calendar;affine;30;2.366824056138854;3.0766843572375806;0.04539751774822898;0.5832895697506116;5.215277777777778;5.4067365784272035;3.1511818531385956;0.9617776384155938;0.3052117215823827;4.276688568811552;6.756747542886953;2.4800589740754013;0.24800589740754014;0.7972222222222223;3.2772920932641187;17.436051506528795;4.385648470745784;1.971337770412851;False;0.26470289436026684
xgb_absolute__official_50;xgb_absolute;official_50;raw;50;2.2851203878720603;3.159136867706921;-0.0064531330362311845;0.6301571646321936;5.215277777777778;4.496670138173633;3.1511818531385956;0.7776380019094702;0.24677661847250681;3.352722632884979;5.852934169769287;2.500211536884308;0.2500211536884308;0.6708333333333333;2.5404226779937744;7.615335941314697;0.7822161106820991;4.704082445799895;False;0.2643902154369122
xgb_absolute__official_plus_forecast;xgb_absolute;official_plus_forecast;raw;70;2.251015161474546;3.0969329866999136;0.0327910907602712;0.6608343687156563;5.215277777777778;4.501471829745505;3.1511818531385956;0.7933575988067774;0.25176509505999745;3.3435120463371275;5.845634841918945;2.5021227955818173;0.2502122795581817;0.6833333333333333;2.7909011840820312;8.02785873413086;-0.7219498472868846;2.6424432835391087;False;0.2642019239556958
hist_absolute__official_50;hist_absolute;official_50;affine;50;2.3775999833900445;3.146805820975581;0.0013885021770041472;0.6005302865340524;5.215277777777778;5.375658317847445;3.1511818531385956;0.8390336655082734;0.266259995332415;4.0545104076425;6.81539803412126;2.76088762647876;0.27608876264787596;0.7625;1.9879217382425307;8.559469434521684;4.8609065073841995;4.295391405282101;False;0.26394806482634336
xgb_absolute__official_50;xgb_absolute;official_50;round;50;2.2583333333333333;3.165789352155671;-0.010696357480301177;0.6142613774641031;5.215277777777778;4.490277777777778;3.1511818531385956;0.8321862759241475;0.26408703613702433;3.0;6.0;3.0;0.3;0.8;3.0;8.0;-0.3991915446076022;4.92456744197447;False;0.26383916626166093
xgb_poisson__weather_calendar;xgb_poisson;weather_calendar;raw;90;2.2722597271203995;3.059154182099001;0.056244697832382284;0.6270061866762306;5.215277777777778;4.75693765911791;3.1511818531385956;0.8724140553305212;0.2768529700885373;3.6922635436058044;6.26190288066864;2.569639337062836;0.25696393370628356;0.7555555555555555;3.0744705200195312;9.56758975982666;0.21501365689495788;1.390330685293617;False;0.26341010222593
xgb_absolute__weather_calendar;xgb_absolute;weather_calendar;round;90;2.2944444444444443;3.1924389840162437;-0.027784073058543468;0.6206529953503861;5.215277777777778;4.320833333333334;3.1511818531385956;0.8262786693962906;0.26221230887494235;3.0;6.0;3.0;0.3;0.8069444444444445;2.0;9.0;1.1934413089226492;5.80782301725602;False;0.26160665010483514
extra_trees__history_calendar;extra_trees;history_calendar;affine;30;2.4370263367187746;3.1918340035093533;-0.02739457122826927;0.5646398790844231;5.215277777777778;5.474219165548721;3.1511818531385956;0.8219721770581789;0.26084568119719587;4.19017422251059;6.944058784281304;2.7538845617707137;0.27538845617707136;0.7861111111111111;2.9187926770520884;11.303021608426157;7.481827319973422;5.787771993345325;False;0.25654429397849093
xgb_poisson__all_operational;xgb_poisson;all_operational;round;108;2.2305555555555556;2.975828549422086;0.10695676617317063;0.6332761204544582;5.215277777777778;4.904166666666667;3.1511818531385956;0.9407979775128933;0.2985540096887309;4.0;6.0499999999999545;2.0499999999999545;0.20499999999999546;0.7513888888888889;3.0;11.0;-1.6242937396308665;-1.3713521030766618;False;0.25582152658214957
rf_absolute__history_calendar;rf_absolute;history_calendar;raw;30;2.309275462962963;3.1396427186007902;0.005929624445704773;0.5799784811261545;5.215277777777778;4.674483796296296;3.1511818531385956;0.8424703996767001;0.2673506128621535;3.474833333333333;5.969749999999998;2.4949166666666645;0.24949166666666645;0.7597222222222222;2.935;11.983333333333333;1.8475437892155;4.057982868385701;False;0.2556854146768579
xgb_squared__history_calendar;xgb_squared;history_calendar;isotonic;30;2.4162337051497564;3.1754601337194783;-0.016880693612698172;0.5405976611033546;5.215277777777778;5.405162011252509;3.1511818531385956;1.0817180520489562;0.3432737628174517;4.029411792755127;6.199999809265137;2.1705880165100098;0.21705880165100097;0.8805555555555555;3.0369985103607178;17.0;6.564795771254905;5.245088632595496;False;0.2543326627345925
rf_absolute__weather_calendar;rf_absolute;weather_calendar;raw;90;2.2720902777777776;3.1103457075580345;0.024395044873734006;0.6396229073535629;5.215277777777778;4.487224537037037;3.1511818531385956;0.7670616495080276;0.2434203055415636;3.5510833333333336;5.79675;2.2456666666666667;0.22456666666666666;0.6722222222222223;3.005;9.313333333333333;0.20754031747767243;3.086984526720693;False;0.2536930263825925
rf_absolute__history_calendar;rf_absolute;history_calendar;affine;30;2.442232104785246;3.2031150876295738;-0.034669765611701875;0.5365628722573043;5.215277777777778;5.424391065343439;3.1511818531385956;0.8441056155565001;0.26786953431956523;4.136166666666667;6.752675103254798;2.6165084365881306;0.2616508436588131;0.7930555555555555;3.3216666666666668;11.507341274518874;7.711420843834005;6.161663854086052;False;0.25350797461327784
xgb_absolute__history_calendar;xgb_absolute;history_calendar;affine;30;2.3933639456828435;3.1903796362746397;-0.026458514666543476;0.5446324499494051;5.215277777777778;5.374218712581529;3.1511818531385956;0.8059925884767353;0.2557746985227025;4.100932765007019;6.788158082962036;2.6872253179550167;0.26872253179550165;0.8097222222222222;3.0185461044311523;10.360239028930664;5.556155240442395;5.7395695275368475;False;0.2472070560191973
xgb_poisson__history_calendar;xgb_poisson;history_calendar;isotonic;30;2.4440300878551273;3.226643832577368;-0.049926097366379096;0.5398419387480627;5.215277777777778;5.475006239612897;3.1511818531385956;1.0015975333998155;0.3178482169799939;4.118153738975525;6.19065248966217;2.0724987506866457;0.20724987506866457;0.8430555555555556;2.8333332538604736;17.0;7.790718512032946;6.94148307497604;False;0.24695804280391873
rf_absolute__official_50;rf_absolute;official_50;raw;50;2.2510555555555554;3.0766293610554785;0.04543164476071082;0.6497098794686889;5.215277777777778;4.654106481481481;3.1511818531385956;0.7724968525458791;0.24514511968786176;3.583;5.947749999999998;2.364749999999998;0.23647499999999982;0.7513888888888889;3.066666666666667;8.963333333333333;-0.7201683197037068;1.9695150178617116;False;0.24280377608175996
xgb_squared__history_calendar;xgb_squared;history_calendar;affine;30;2.4334450523058573;3.1956901103382127;-0.029878495104672442;0.5141986140820535;5.215277777777778;5.419721559683482;3.1511818531385956;0.7864882304861043;0.24958516110479545;4.25153911113739;6.7861544370651234;2.5346153259277333;0.2534615325927733;0.8097222222222222;3.0369985103607178;11.338314056396484;7.32387950174378;5.915575929748296;False;0.2390804144601842
xgb_tweedie__history_calendar;xgb_tweedie;history_calendar;affine;30;2.456618297431204;3.2559320062577424;-0.06907291363783297;0.47828258892546527;5.215277777777778;5.396933926145236;3.1511818531385956;0.7361404402651415;0.23360773023363957;3.9330562233924864;6.509549069404602;2.5764928460121155;0.25764928460121156;0.7944444444444444;2.9108779430389404;8.702171325683594;8.345904866623254;7.912188517675878;False;0.23641183932667298
xgb_poisson__weather_calendar;xgb_poisson;weather_calendar;round;90;2.25;3.050956134285338;0.06129614913622805;0.6320848970808622;5.215277777777778;4.7625;3.1511818531385956;0.9122771795319962;0.28950318390014934;4.0;6.0;2.0;0.2;0.8194444444444444;3.0;10.0;-0.7667222031145782;1.1186206866067083;False;0.2363875438661783
xgb_poisson__history_calendar;xgb_poisson;history_calendar;affine;30;2.449403155181143;3.238410202581243;-0.05759743915185833;0.48618565152233223;5.215277777777778;5.439211021860441;3.1511818531385956;0.7482832639282593;0.2374611491186917;4.301478123664856;6.732902359962464;2.431424236297608;0.2431424236297608;0.7986111111111112;2.4485621452331543;10.538535118103027;8.027690548736889;7.331458890068765;False;0.23223514315160532
hist_poisson__history_calendar;hist_poisson;history_calendar;affine;30;2.447544708776087;3.2477971443569777;-0.06373748514485511;0.48982336591051734;5.215277777777778;5.370990439277955;3.1511818531385956;0.7376876109017286;0.23409871130318533;3.759318036267836;6.403356378861084;2.6440383425932485;0.26440383425932484;0.8319444444444445;2.493384995737094;8.909823252584095;7.945726225010863;7.642572705885775;False;0.2314968731883082
gradient_huber__history_calendar;gradient_huber;history_calendar;affine;30;2.3994925942294776;3.18808023117839;-0.024979447183444803;0.5680854606704154;5.215277777777778;5.403971847196749;3.1511818531385956;0.7551505074793994;0.23964040879686618;4.122247248750153;6.5517792207414765;2.4295319719913238;0.2429531971991324;0.8125;3.067599776941615;9.75321475308699;5.826451188774673;5.663359755419961;False;0.2303718029782861
rf_absolute__official_plus_forecast;rf_absolute;official_plus_forecast;round;70;2.216666666666667;3.046856303361439;0.06381728750023097;0.6375478730898798;5.215277777777778;4.631944444444445;3.1511818531385956;0.8741896925759813;0.2774164530381778;4.0;6.0;2.0;0.2;0.8277777777777777;3.0;10.0;-2.2368448371425043;0.9827389400898667;False;0.22928184831162446
hist_absolute__history_calendar;hist_absolute;history_calendar;isotonic;30;2.4274766246468378;3.2191656070876054;-0.04506501823557296;0.519200471365808;5.215277777777778;5.344761084317842;3.1511818531385956;0.8417566240616442;0.2671241024135912;4.2;6.222222222222222;2.022222222222222;0.20222222222222222;0.8305555555555556;2.371575654065038;10.166666666666666;7.060649884011294;6.693630331958689;False;0.2248725127527827
rf_absolute__all_operational;rf_absolute;all_operational;round;108;2.2111111111111112;3.011090610836324;0.08566715332159003;0.6413905291337372;5.215277777777778;4.659722222222222;3.1511818531385956;0.8566454162520204;0.27184893039378116;4.0;6.0;2.0;0.2;0.8430555555555556;3.0;11.0;-2.481865276147166;-0.20265256895196648;False;0.2237209075660904
rf_absolute__official_50;rf_absolute;official_50;round;50;2.236111111111111;3.081305639569766;0.04252767464865037;0.6409934546758719;5.215277777777778;4.6625;3.1511818531385956;0.8297221245057272;0.26330505923652714;4.0;6.0;2.0;0.2;0.8347222222222223;3.0;9.0;-1.379273300626216;2.1245021145286813;False;0.22154283221199278
rf_absolute__weather_calendar;rf_absolute;weather_calendar;round;90;2.2680555555555557;3.135150182473986;0.008772433219499498;0.6112512968964147;5.215277777777778;4.491666666666666;3.1511818531385956;0.7928312323591777;0.2515980572715958;4.0;6.0;2.0;0.2;0.8638888888888889;3.0;9.0;0.02959422365056419;3.9090855927342405;False;0.2104413479944403
hist_absolute__history_calendar;hist_absolute;history_calendar;affine;30;2.4280635893896934;3.211989022866989;-0.040410621384068035;0.5035416479870887;5.215277777777778;5.371155239149823;3.1511818531385956;0.6277045457666307;0.19919654752436242;4.320250403340931;6.318883184338537;1.9986327809976059;0.1998632780997606;0.8597222222222223;2.371575654065038;7.976306635332811;7.086537188626751;6.455774962792593;False;0.18764614927643486
