FECHA_DIA;EVENTOS;TEMP_MAX;TEMP_MIN;TEMP_MEDIA;HUM_MAX;HUM_MIN;HUM_MEDIA;VIENTO_MAX;VIENTO_MEDIO;LLUVIA;EVENTOS_lag_1;EVENTOS_lag_2;EVENTOS_lag_3;EVENTOS_rolling_mean_3d;LLUVIA_lag_1;LLUVIA_lag_2;LLUVIA_lag_3;LLUVIA_accum_3d;MES;DIA_SEMANA;ES_FIN_SEMANA;ES_FERIADO
2022-01-07;5;21.8;13.9;18.1;98;65;83;25.5;15.7;0.0;6.0;4.0;6.0;5.333333333333333;0.0;0.0;0.0;0.0;1;4;0;0
2022-01-08;6;18.0;12.1;15.9;98;76;87;29.5;15.8;0.2;5.0;6.0;4.0;5.0;0.0;0.0;0.0;0.0;1;5;1;0
2022-01-09;3;19.0;14.4;16.5;98;72;85;24.6;13.8;0.3;6.0;5.0;6.0;5.666666666666667;0.2;0.0;0.0;0.2;1;6;1;0
2022-01-10;11;19.6;13.1;16.7;96;75;85;17.9;11.9;0.0;3.0;6.0;5.0;4.666666666666667;0.3;0.2;0.0;0.5;1;0;0;0
2022-01-11;3;19.7;12.9;16.4;96;68;85;15.5;8.6;0.0;11.0;3.0;6.0;6.666666666666667;0.0;0.3;0.2;0.5;1;1;0;0
2022-01-12;1;18.8;12.1;15.8;96;64;81;20.5;11.9;0.0;3.0;11.0;3.0;5.666666666666667;0.0;0.0;0.3;0.3;1;2;0;0
2022-01-13;2;19.2;13.8;16.5;94;65;80;17.3;12.6;0.0;1.0;3.0;11.0;5.0;0.0;0.0;0.0;0.0;1;3;0;0
2022-01-14;5;20.9;12.8;17.5;95;70;84;21.8;13.3;0.0;2.0;1.0;3.0;2.0;0.0;0.0;0.0;0.0;1;4;0;0
2022-01-15;4;21.0;14.4;17.3;95;55;73;37.0;24.9;0.0;5.0;2.0;1.0;2.6666666666666665;0.0;0.0;0.0;0.0;1;5;1;0
2022-01-16;3;18.2;13.1;15.6;80;55;66;27.5;21.4;0.0;4.0;5.0;2.0;3.6666666666666665;0.0;0.0;0.0;0.0;1;6;1;0
2022-01-17;4;16.7;11.1;14.4;81;44;58;34.9;21.7;0.7;3.0;4.0;5.0;4.0;0.0;0.0;0.0;0.0;1;0;0;0
2022-01-18;2;18.6;10.6;14.7;78;43;59;28.8;20.8;0.0;4.0;3.0;4.0;3.6666666666666665;0.7;0.0;0.0;0.7;1;1;0;0
2022-01-19;4;17.8;12.1;14.9;89;55;72;26.7;22.8;0.0;2.0;4.0;3.0;3.0;0.0;0.7;0.0;0.7;1;2;0;0
2022-01-20;11;17.6;11.8;14.8;86;57;71;17.6;13.8;0.0;4.0;2.0;4.0;3.3333333333333335;0.0;0.0;0.7;0.7;1;3;0;0
2022-01-21;2;18.8;10.1;14.7;96;64;81;18.8;11.1;0.0;11.0;4.0;2.0;5.666666666666667;0.0;0.0;0.0;0.0;1;4;0;0
2022-01-22;5;17.6;12.9;15.1;91;73;82;29.2;18.8;2.6;2.0;11.0;4.0;5.666666666666667;0.0;0.0;0.0;0.0;1;5;1;0
2022-01-23;2;19.1;10.8;15.8;88;64;75;26.9;18.8;0.0;5.0;2.0;11.0;6.0;2.6;0.0;0.0;2.6;1;6;1;0
2022-01-24;1;20.5;13.4;16.6;95;59;77;31.1;20.7;0.0;2.0;5.0;2.0;3.0;0.0;2.6;0.0;2.6;1;0;0;0
2022-01-25;9;20.2;12.9;16.3;98;63;82;23.2;14.8;0.0;1.0;2.0;5.0;2.6666666666666665;0.0;0.0;2.6;2.6;1;1;0;0
2022-01-26;2;19.4;11.9;15.9;98;69;85;16.5;10.6;0.0;9.0;1.0;2.0;4.0;0.0;0.0;0.0;0.0;1;2;0;0
2022-01-27;5;18.7;12.9;15.8;95;74;85;16.3;10.5;0.0;2.0;9.0;1.0;4.0;0.0;0.0;0.0;0.0;1;3;0;0
2022-01-28;1;17.6;14.0;15.9;97;79;87;13.9;9.9;3.6;5.0;2.0;9.0;5.333333333333333;0.0;0.0;0.0;0.0;1;4;0;0
2022-01-29;3;17.8;13.7;15.5;96;73;84;19.9;12.8;0.1;1.0;5.0;2.0;2.6666666666666665;3.6;0.0;0.0;3.6;1;5;1;0
2022-01-30;9;20.5;13.3;16.4;96;59;77;32.8;19.0;0.0;3.0;1.0;5.0;3.0;0.1;3.6;0.0;3.7;1;6;1;0
2022-01-31;2;20.2;12.5;16.2;88;50;68;26.7;18.2;0.0;9.0;3.0;1.0;4.333333333333333;0.0;0.1;3.6;3.7;1;0;0;0
2022-02-01;6;19.9;12.6;15.9;98;67;85;15.1;11.6;0.0;2.0;9.0;3.0;4.666666666666667;0.0;0.0;0.1;0.1;2;1;0;0
2022-02-02;3;17.2;12.7;14.9;100;78;89;16.2;10.5;0.0;6.0;2.0;9.0;5.666666666666667;0.0;0.0;0.0;0.0;2;2;0;0
2022-02-03;8;19.5;12.7;16.3;98;71;85;26.6;12.7;0.0;3.0;6.0;2.0;3.6666666666666665;0.0;0.0;0.0;0.0;2;3;0;0
2022-02-04;5;21.5;14.1;17.2;98;63;82;33.9;22.3;0.0;8.0;3.0;6.0;5.666666666666667;0.0;0.0;0.0;0.0;2;4;0;0
2022-02-05;8;21.0;13.4;17.3;96;56;77;30.2;19.2;0.0;5.0;8.0;3.0;5.333333333333333;0.0;0.0;0.0;0.0;2;5;1;0
2022-02-06;4;22.5;13.1;18.2;93;58;75;23.8;15.4;0.0;8.0;5.0;8.0;7.0;0.0;0.0;0.0;0.0;2;6;1;0
2022-02-07;3;20.1;13.1;16.2;100;70;86;28.8;14.7;0.0;4.0;8.0;5.0;5.666666666666667;0.0;0.0;0.0;0.0;2;0;0;0
2022-02-08;12;23.1;14.1;17.9;96;58;80;34.3;21.8;0.0;3.0;4.0;8.0;5.0;0.0;0.0;0.0;0.0;2;1;0;0
2022-02-09;4;21.8;13.1;16.9;94;50;74;29.3;18.9;0.0;12.0;3.0;4.0;6.333333333333333;0.0;0.0;0.0;0.0;2;2;0;0
2022-02-10;0;20.9;14.1;17.1;91;44;70;34.5;20.6;0.0;4.0;12.0;3.0;6.333333333333333;0.0;0.0;0.0;0.0;2;3;0;0
2022-02-11;5;19.9;9.9;15.7;83;41;59;27.6;16.2;0.0;0.0;4.0;12.0;5.333333333333333;0.0;0.0;0.0;0.0;2;4;0;0
2022-02-12;5;25.2;12.9;18.1;88;38;64;18.8;12.1;0.0;5.0;0.0;4.0;3.0;0.0;0.0;0.0;0.0;2;5;1;0
2022-02-13;7;17.8;12.9;15.1;97;76;85;27.1;19.7;0.2;5.0;5.0;0.0;3.3333333333333335;0.0;0.0;0.0;0.0;2;6;1;0
2022-02-14;4;17.6;12.2;14.9;98;71;83;13.4;9.5;0.0;7.0;5.0;5.0;5.666666666666667;0.2;0.0;0.0;0.2;2;0;0;0
2022-02-15;4;16.5;12.0;13.7;94;66;85;15.9;11.3;0.2;4.0;7.0;5.0;5.333333333333333;0.0;0.2;0.0;0.2;2;1;0;0
2022-02-16;3;21.8;10.6;16.5;97;58;77;26.5;14.5;0.0;4.0;4.0;7.0;5.0;0.2;0.0;0.2;0.4;2;2;0;0
2022-02-17;10;20.9;12.2;16.4;97;51;73;32.9;19.7;0.0;3.0;4.0;4.0;3.6666666666666665;0.0;0.2;0.0;0.2;2;3;0;0
2022-02-18;6;19.6;12.0;15.4;91;55;74;34.0;22.8;0.0;10.0;3.0;4.0;5.666666666666667;0.0;0.0;0.2;0.2;2;4;0;0
2022-02-19;8;20.0;13.4;16.0;98;67;85;28.6;20.3;0.0;6.0;10.0;3.0;6.333333333333333;0.0;0.0;0.0;0.0;2;5;1;0
2022-02-20;13;18.2;13.1;15.6;99;65;78;25.3;19.5;0.0;8.0;6.0;10.0;8.0;0.0;0.0;0.0;0.0;2;6;1;0
2022-02-21;7;18.8;12.3;15.4;95;61;79;19.1;11.8;0.0;13.0;8.0;6.0;9.0;0.0;0.0;0.0;0.0;2;0;0;0
2022-02-22;3;18.4;13.6;15.8;95;73;84;23.4;15.7;0.2;7.0;13.0;8.0;9.333333333333334;0.0;0.0;0.0;0.0;2;1;0;0
2022-02-23;9;17.5;12.5;15.2;97;74;87;30.6;19.2;0.8;3.0;7.0;13.0;7.666666666666667;0.2;0.0;0.0;0.2;2;2;0;0
2022-02-24;5;18.3;12.6;15.6;99;79;90;25.6;18.5;5.0;9.0;3.0;7.0;6.333333333333333;0.8;0.2;0.0;1.0;2;3;0;0
2022-02-25;6;18.0;12.6;15.3;99;81;92;12.4;7.5;0.0;5.0;9.0;3.0;5.666666666666667;5.0;0.8;0.2;6.0;2;4;0;0
2022-02-26;6;19.4;14.3;16.5;98;70;87;13.0;11.1;2.7;6.0;5.0;9.0;6.666666666666667;0.0;5.0;0.8;5.8;2;5;1;0
2022-02-27;4;19.0;12.6;16.2;93;60;76;27.7;16.2;0.2;6.0;6.0;5.0;5.666666666666667;2.7;0.0;5.0;7.7;2;6;1;0
2022-02-28;13;21.2;11.2;15.6;88;47;70;38.3;21.5;0.0;4.0;6.0;6.0;5.333333333333333;0.2;2.7;0.0;2.9000000000000004;2;0;0;0
2022-03-01;9;20.3;12.6;16.4;86;54;74;33.9;23.0;0.0;13.0;4.0;6.0;7.666666666666667;0.0;0.2;2.7;2.9000000000000004;3;1;0;0
2022-03-02;10;22.1;15.2;18.2;93;64;80;37.3;24.0;0.0;9.0;13.0;4.0;8.666666666666666;0.0;0.0;0.2;0.2;3;2;0;0
2022-03-03;6;20.0;13.6;16.9;98;71;86;25.5;16.6;0.0;10.0;9.0;13.0;10.666666666666666;0.0;0.0;0.0;0.0;3;3;0;0
2022-03-04;17;19.0;14.5;16.3;94;47;72;31.2;21.8;0.0;6.0;10.0;9.0;8.333333333333334;0.0;0.0;0.0;0.0;3;4;0;0
2022-03-05;2;18.6;10.1;14.9;88;45;68;29.6;18.0;0.0;17.0;6.0;10.0;11.0;0.0;0.0;0.0;0.0;3;5;1;0
2022-03-06;3;17.6;12.0;15.0;95;65;80;24.2;13.7;1.9;2.0;17.0;6.0;8.333333333333334;0.0;0.0;0.0;0.0;3;6;1;0
2022-03-07;5;18.2;11.9;15.0;98;65;84;23.8;13.5;0.2;3.0;2.0;17.0;7.333333333333333;1.9;0.0;0.0;1.9;3;0;0;0
2022-03-08;10;17.5;11.2;14.9;95;71;85;22.8;13.8;2.0;5.0;3.0;2.0;3.3333333333333335;0.2;1.9;0.0;2.1;3;1;0;0
2022-03-09;3;19.6;12.9;15.5;96;47;70;35.3;21.6;0.0;10.0;5.0;3.0;6.0;2.0;0.2;1.9;4.1;3;2;0;0
2022-03-10;8;20.2;11.7;15.4;89;53;76;36.5;20.4;0.0;3.0;10.0;5.0;6.0;0.0;2.0;0.2;2.2;3;3;0;0
2022-03-11;7;22.0;11.4;16.8;98;56;78;18.3;12.4;0.0;8.0;3.0;10.0;7.0;0.0;0.0;2.0;2.0;3;4;0;0
2022-03-12;5;17.6;11.2;14.6;100;76;89;14.2;8.6;0.0;7.0;8.0;3.0;6.0;0.0;0.0;0.0;0.0;3;5;1;0
2022-03-13;4;22.1;10.8;16.8;100;57;81;20.2;12.2;0.0;5.0;7.0;8.0;6.666666666666667;0.0;0.0;0.0;0.0;3;6;1;0
2022-03-14;2;22.6;12.5;17.3;93;47;73;22.7;13.6;0.0;4.0;5.0;7.0;5.333333333333333;0.0;0.0;0.0;0.0;3;0;0;0
2022-03-15;6;17.5;12.9;15.3;99;77;87;18.5;9.0;0.0;2.0;4.0;5.0;3.6666666666666665;0.0;0.0;0.0;0.0;3;1;0;0
2022-03-16;4;15.6;12.3;13.8;100;80;91;18.0;9.8;0.1;6.0;2.0;4.0;4.0;0.0;0.0;0.0;0.0;3;2;0;0
2022-03-17;5;19.9;13.1;15.6;94;49;75;32.1;17.6;0.0;4.0;6.0;2.0;4.0;0.1;0.0;0.0;0.1;3;3;0;0
2022-03-18;9;17.6;7.3;13.6;85;49;64;19.3;12.7;0.0;5.0;4.0;6.0;5.0;0.0;0.1;0.0;0.1;3;4;0;0
2022-03-19;1;17.6;10.4;14.3;94;55;74;20.0;11.7;0.1;9.0;5.0;4.0;6.0;0.0;0.0;0.1;0.1;3;5;1;0
2022-03-20;0;16.5;11.1;13.5;92;72;82;17.6;12.2;1.2;1.0;9.0;5.0;5.0;0.1;0.0;0.0;0.1;3;6;1;0
2022-03-21;8;17.1;11.0;14.6;98;73;85;22.0;11.7;0.5;0.0;1.0;9.0;3.3333333333333335;1.2;0.1;0.0;1.3;3;0;0;0
2022-03-22;7;17.5;11.8;14.2;91;56;77;28.2;18.4;0.0;8.0;0.0;1.0;3.0;0.5;1.2;0.1;1.8;3;1;0;0
2022-03-23;6;16.0;11.7;13.7;95;49;71;32.7;21.1;3.1;7.0;8.0;0.0;5.0;0.0;0.5;1.2;1.7;3;2;0;0
2022-03-24;19;18.1;10.3;13.6;79;47;66;36.3;20.3;0.0;6.0;7.0;8.0;7.0;3.1;0.0;0.5;3.6;3;3;0;0
2022-03-25;2;20.0;12.1;15.3;95;60;72;21.0;13.7;0.0;19.0;6.0;7.0;10.666666666666666;0.0;3.1;0.0;3.1;3;4;0;0
2022-03-26;8;15.9;10.6;12.8;99;72;91;15.5;7.3;0.5;2.0;19.0;6.0;9.0;0.0;0.0;3.1;3.1;3;5;1;0
2022-03-27;10;16.9;9.6;13.4;99;66;83;23.9;11.5;0.0;8.0;2.0;19.0;9.666666666666666;0.5;0.0;0.0;0.5;3;6;1;0
2022-03-28;3;17.0;11.1;13.8;94;59;74;19.1;12.0;0.1;10.0;8.0;2.0;6.666666666666667;0.0;0.5;0.0;0.5;3;0;0;0
2022-03-29;6;16.8;11.3;13.7;94;40;64;36.9;23.1;0.7;3.0;10.0;8.0;7.0;0.1;0.0;0.5;0.6;3;1;0;0
2022-03-30;0;17.4;8.9;12.6;88;42;63;32.0;21.2;0.0;6.0;3.0;10.0;6.333333333333333;0.7;0.1;0.0;0.7999999999999999;3;2;0;0
2022-03-31;1;16.8;6.4;12.0;95;53;78;24.1;13.6;0.0;0.0;6.0;3.0;3.0;0.0;0.7;0.1;0.7999999999999999;3;3;0;0
2022-04-01;11;19.0;8.1;13.1;99;62;84;30.0;16.3;0.0;1.0;0.0;6.0;2.3333333333333335;0.0;0.0;0.7;0.7;4;4;0;0
2022-04-02;7;16.5;11.3;13.7;98;73;90;26.3;15.1;2.2;11.0;1.0;0.0;4.0;0.0;0.0;0.0;0.0;4;5;1;0
2022-04-03;3;16.5;8.1;12.2;87;45;68;31.8;19.5;0.0;7.0;11.0;1.0;6.333333333333333;2.2;0.0;0.0;2.2;4;6;1;0
2022-04-04;5;18.0;8.7;12.8;89;48;72;29.8;17.6;0.0;3.0;7.0;11.0;7.0;0.0;2.2;0.0;2.2;4;0;0;0
2022-04-05;10;18.0;9.1;13.4;96;62;83;25.0;13.4;0.0;5.0;3.0;7.0;5.0;0.0;0.0;2.2;2.2;4;1;0;0
2022-04-06;4;16.1;10.7;13.3;94;64;85;21.2;15.6;0.0;10.0;5.0;3.0;6.0;0.0;0.0;0.0;0.0;4;2;0;0
2022-04-07;7;16.7;11.8;13.8;99;81;92;19.7;12.3;0.1;4.0;10.0;5.0;6.333333333333333;0.0;0.0;0.0;0.0;4;3;0;0
2022-04-08;3;15.3;11.0;12.7;100;77;91;21.4;14.3;0.0;7.0;4.0;10.0;7.0;0.1;0.0;0.0;0.1;4;4;0;0
2022-04-09;4;14.9;8.9;12.0;98;80;92;26.0;12.9;3.0;3.0;7.0;4.0;4.666666666666667;0.0;0.1;0.0;0.1;4;5;1;0
2022-04-10;5;14.5;7.3;11.5;97;62;82;25.2;14.7;2.0;4.0;3.0;7.0;4.666666666666667;3.0;0.0;0.1;3.1;4;6;1;0
2022-04-11;9;14.9;5.7;11.0;97;55;80;19.4;12.5;0.2;5.0;4.0;3.0;4.0;2.0;3.0;0.0;5.0;4;0;0;0
2022-04-12;7;16.2;9.6;12.7;91;57;76;21.8;14.0;0.0;9.0;5.0;4.0;6.0;0.2;2.0;3.0;5.2;4;1;0;0
2022-04-13;4;17.9;8.8;12.5;98;49;74;24.5;14.7;0.0;7.0;9.0;5.0;7.0;0.0;0.2;2.0;2.2;4;2;0;0
2022-04-14;12;14.1;7.8;11.0;99;73;89;11.2;7.3;0.0;4.0;7.0;9.0;6.666666666666667;0.0;0.0;0.2;0.2;4;3;0;0
2022-04-15;7;14.1;9.9;11.9;97;75;87;10.6;7.1;0.7;12.0;4.0;7.0;7.666666666666667;0.0;0.0;0.0;0.0;4;4;0;1
2022-04-16;9;14.9;8.2;11.7;97;72;86;9.8;6.8;0.0;7.0;12.0;4.0;7.666666666666667;0.7;0.0;0.0;0.7;4;5;1;1
2022-04-17;7;14.7;8.1;11.6;96;79;88;21.7;10.9;0.0;9.0;7.0;12.0;9.333333333333334;0.0;0.7;0.0;0.7;4;6;1;0
2022-04-18;3;15.9;7.9;11.7;99;79;91;10.3;6.1;0.0;7.0;9.0;7.0;7.666666666666667;0.0;0.0;0.7;0.7;4;0;0;0
2022-04-19;7;14.4;10.0;12.3;98;81;92;22.3;10.8;9.5;3.0;7.0;9.0;6.333333333333333;0.0;0.0;0.0;0.0;4;1;0;0
2022-04-20;5;14.8;9.6;12.0;92;64;80;21.6;14.4;0.0;7.0;3.0;7.0;5.666666666666667;9.5;0.0;0.0;9.5;4;2;0;0
2022-04-21;6;12.9;9.1;11.4;97;75;87;33.4;17.2;24.2;5.0;7.0;3.0;5.0;0.0;9.5;0.0;9.5;4;3;0;0
2022-04-22;11;15.1;12.1;13.1;98;92;95;23.9;10.9;4.0;6.0;5.0;7.0;6.0;24.2;0.0;9.5;33.7;4;4;0;0
2022-04-23;6;14.9;12.4;13.3;99;93;97;28.0;19.8;13.2;11.0;6.0;5.0;7.333333333333333;4.0;24.2;0.0;28.2;4;5;1;0
2022-04-24;9;15.2;8.6;13.0;99;77;92;49.5;29.4;30.8;6.0;11.0;6.0;7.666666666666667;13.2;4.0;24.2;41.4;4;6;1;0
2022-04-25;5;13.5;8.1;11.4;94;77;87;39.6;22.5;1.8;9.0;6.0;11.0;8.666666666666666;30.8;13.2;4.0;48.0;4;0;0;0
2022-04-26;10;13.6;10.6;12.4;94;68;82;46.5;24.3;25.0;5.0;9.0;6.0;6.666666666666667;1.8;30.8;13.2;45.8;4;1;0;0
2022-04-27;6;12.9;8.6;11.4;87;72;80;32.5;20.1;11.9;10.0;5.0;9.0;8.0;25.0;1.8;30.8;57.6;4;2;0;0
2022-04-28;3;14.1;5.2;9.2;90;59;80;18.4;12.6;0.0;6.0;10.0;5.0;7.0;11.9;25.0;1.8;38.699999999999996;4;3;0;0
2022-04-29;9;13.6;4.4;9.2;94;69;81;19.5;11.4;0.0;3.0;6.0;10.0;6.333333333333333;0.0;11.9;25.0;36.9;4;4;0;0
2022-04-30;5;12.9;4.9;9.1;95;70;85;17.1;8.6;0.0;9.0;3.0;6.0;6.0;0.0;0.0;11.9;11.9;4;5;1;0
2022-05-01;4;14.4;5.4;9.9;95;77;89;26.6;13.0;0.0;5.0;9.0;3.0;5.666666666666667;0.0;0.0;0.0;0.0;5;6;1;1
2022-05-02;3;14.9;6.8;11.0;96;75;89;20.8;13.8;0.0;4.0;5.0;9.0;6.0;0.0;0.0;0.0;0.0;5;0;0;0
2022-05-03;3;16.8;6.7;11.5;94;75;86;21.1;11.5;0.0;3.0;4.0;5.0;4.0;0.0;0.0;0.0;0.0;5;1;0;0
2022-05-04;7;15.9;9.6;12.5;98;78;86;12.8;8.6;0.0;3.0;3.0;4.0;3.3333333333333335;0.0;0.0;0.0;0.0;5;2;0;0
2022-05-05;4;15.2;10.8;12.3;100;80;94;12.4;6.2;0.0;7.0;3.0;3.0;4.333333333333333;0.0;0.0;0.0;0.0;5;3;0;0
2022-05-06;3;14.9;7.3;11.6;99;83;93;17.9;11.6;0.0;4.0;7.0;3.0;4.666666666666667;0.0;0.0;0.0;0.0;5;4;0;0
2022-05-07;8;14.7;9.6;11.8;99;74;91;23.2;11.9;0.0;3.0;4.0;7.0;4.666666666666667;0.0;0.0;0.0;0.0;5;5;1;0
2022-05-08;0;13.3;10.1;12.1;99;92;95;14.7;10.0;0.8;8.0;3.0;4.0;5.0;0.0;0.0;0.0;0.0;5;6;1;0
2022-05-09;0;13.9;11.6;12.8;96;91;94;11.8;7.6;1.2;0.0;8.0;3.0;3.6666666666666665;0.8;0.0;0.0;0.8;5;0;0;0
2022-05-10;0;13.7;8.5;11.3;97;82;89;9.8;6.3;0.0;0.0;0.0;8.0;2.6666666666666665;1.2;0.8;0.0;2.0;5;1;0;0
2022-05-11;0;13.9;7.5;10.7;97;80;92;9.1;6.0;0.4;0.0;0.0;0.0;0.0;0.0;1.2;0.8;2.0;5;2;0;0
2022-05-12;0;13.6;9.0;11.7;97;89;93;14.5;10.5;23.2;0.0;0.0;0.0;0.0;0.4;0.0;1.2;1.6;5;3;0;0
2022-05-13;0;13.9;8.6;10.7;97;66;82;18.1;12.8;0.0;0.0;0.0;0.0;0.0;23.2;0.4;0.0;23.599999999999998;5;4;0;0
2022-05-14;0;13.2;7.0;9.8;90;59;77;12.4;7.9;0.0;0.0;0.0;0.0;0.0;0.0;23.2;0.4;23.599999999999998;5;5;1;0
2022-05-15;0;17.8;6.9;11.6;83;59;71;15.8;11.6;0.0;0.0;0.0;0.0;0.0;0.0;0.0;23.2;23.2;5;6;1;0
2022-05-16;6;13.9;8.0;10.7;95;52;73;18.2;10.8;0.0;0.0;0.0;0.0;0.0;0.0;0.0;0.0;0.0;5;0;0;0
2022-05-17;4;13.1;7.0;9.4;100;83;92;9.6;5.7;0.0;6.0;0.0;0.0;2.0;0.0;0.0;0.0;0.0;5;1;0;0
2022-05-18;2;11.8;8.6;10.5;95;76;86;22.9;13.1;0.4;4.0;6.0;0.0;3.3333333333333335;0.0;0.0;0.0;0.0;5;2;0;0
2022-05-19;4;13.9;11.3;12.9;91;79;85;43.4;32.8;9.3;2.0;4.0;6.0;4.0;0.4;0.0;0.0;0.4;5;3;0;0
2022-05-20;7;14.9;9.4;12.7;95;79;88;45.6;16.3;13.2;4.0;2.0;4.0;3.3333333333333335;9.3;0.4;0.0;9.700000000000001;5;4;0;0
2022-05-21;9;13.0;5.2;9.5;100;92;95;8.7;4.9;0.0;7.0;4.0;2.0;4.333333333333333;13.2;9.3;0.4;22.9;5;5;1;1
2022-05-22;4;13.1;7.4;11.8;96;82;91;38.2;20.9;33.1;9.0;7.0;4.0;6.666666666666667;0.0;13.2;9.3;22.5;5;6;1;0
2022-05-23;3;10.8;5.2;8.4;94;70;84;10.7;7.7;1.2;4.0;9.0;7.0;6.666666666666667;33.1;0.0;13.2;46.3;5;0;0;0
2022-05-24;3;11.4;8.7;9.9;93;80;84;12.4;6.8;0.0;3.0;4.0;9.0;5.333333333333333;1.2;33.1;0.0;34.300000000000004;5;1;0;0
2022-05-25;9;12.6;4.8;8.9;93;75;85;17.2;11.4;0.0;3.0;3.0;4.0;3.3333333333333335;0.0;1.2;33.1;34.300000000000004;5;2;0;0
2022-05-26;15;10.4;3.0;6.4;89;67;79;14.5;7.3;0.0;9.0;3.0;3.0;5.0;0.0;0.0;1.2;1.2;5;3;0;0
2022-05-27;6;9.7;3.7;6.3;92;66;77;14.1;9.4;0.0;15.0;9.0;3.0;9.0;0.0;0.0;0.0;0.0;5;4;0;0
2022-05-28;8;10.0;2.1;5.6;82;69;75;14.6;10.7;0.0;6.0;15.0;9.0;10.0;0.0;0.0;0.0;0.0;5;5;1;0
2022-05-29;4;9.9;1.1;5.2;86;63;75;13.8;8.9;0.0;8.0;6.0;15.0;9.666666666666666;0.0;0.0;0.0;0.0;5;6;1;0
2022-05-30;11;9.1;1.7;5.0;94;70;82;9.4;7.2;0.0;4.0;8.0;6.0;6.0;0.0;0.0;0.0;0.0;5;0;0;0
2022-05-31;0;7.9;0.2;3.9;91;72;83;13.4;7.1;0.0;11.0;4.0;8.0;7.666666666666667;0.0;0.0;0.0;0.0;5;1;0;0
2022-06-01;2;9.2;0.4;4.4;95;72;86;17.8;9.7;0.0;0.0;11.0;4.0;5.0;0.0;0.0;0.0;0.0;6;2;0;0
2022-06-02;6;12.8;5.8;9.3;82;67;77;28.0;17.3;1.6;2.0;0.0;11.0;4.333333333333333;0.0;0.0;0.0;0.0;6;3;0;0
2022-06-03;13;11.8;9.5;10.9;96;77;90;44.2;28.0;35.2;6.0;2.0;0.0;2.6666666666666665;1.6;0.0;0.0;1.6;6;4;0;0
2022-06-04;8;12.6;11.2;11.8;95;85;91;36.7;24.4;59.2;13.0;6.0;2.0;7.0;35.2;1.6;0.0;36.800000000000004;6;5;1;0
2022-06-05;10;13.2;11.6;12.4;97;81;88;35.6;26.1;9.3;8.0;13.0;6.0;9.0;59.2;35.2;1.6;96.0;6;6;1;0
2022-06-06;4;12.4;9.9;11.1;96;80;89;20.7;11.7;1.2;10.0;8.0;13.0;10.333333333333334;9.3;59.2;35.2;103.7;6;0;0;0
2022-06-07;6;12.6;10.1;11.5;100;86;92;25.6;17.1;4.7;4.0;10.0;8.0;7.333333333333333;1.2;9.3;59.2;69.7;6;1;0;0
2022-06-08;5;11.9;9.9;10.6;99;84;92;14.5;7.8;0.1;6.0;4.0;10.0;6.666666666666667;4.7;1.2;9.3;15.200000000000001;6;2;0;0
2022-06-09;5;13.1;7.2;10.1;98;62;83;18.4;10.6;1.2;5.0;6.0;4.0;5.0;0.1;4.7;1.2;6.0;6;3;0;0
2022-06-10;9;13.2;3.9;8.5;84;54;67;13.2;8.4;0.0;5.0;5.0;6.0;5.333333333333333;1.2;0.1;4.7;6.0;6;4;0;0
2022-06-11;4;12.1;3.3;7.4;97;78;86;13.4;7.7;0.0;9.0;5.0;5.0;6.333333333333333;0.0;1.2;0.1;1.3;6;5;1;0
2022-06-12;4;10.6;6.8;9.0;95;76;86;10.3;8.0;0.4;4.0;9.0;5.0;6.0;0.0;0.0;1.2;1.2;6;6;1;0
2022-06-13;7;10.9;4.9;8.6;96;78;87;19.5;11.7;0.0;4.0;4.0;9.0;5.666666666666667;0.4;0.0;0.0;0.4;6;0;0;0
2022-06-14;4;12.0;9.6;10.6;95;82;88;29.2;20.4;25.9;7.0;4.0;4.0;5.0;0.0;0.4;0.0;0.4;6;1;0;0
2022-06-15;12;12.0;6.6;9.1;98;82;93;9.7;5.9;0.4;4.0;7.0;4.0;5.0;25.9;0.0;0.4;26.299999999999997;6;2;0;0
2022-06-16;4;10.9;4.8;7.8;97;79;90;9.4;6.1;0.0;12.0;4.0;7.0;7.666666666666667;0.4;25.9;0.0;26.299999999999997;6;3;0;0
2022-06-17;8;12.1;7.1;10.1;91;77;85;16.8;12.0;1.1;4.0;12.0;4.0;6.666666666666667;0.0;0.4;25.9;26.299999999999997;6;4;0;0
2022-06-18;9;10.6;4.7;8.0;91;73;81;16.7;8.3;0.0;8.0;4.0;12.0;8.0;1.1;0.0;0.4;1.5;6;5;1;0
2022-06-19;5;12.4;6.0;9.9;93;85;89;12.4;9.3;1.7;9.0;8.0;4.0;7.0;0.0;1.1;0.0;1.1;6;6;1;0
2022-06-20;5;11.8;9.8;10.7;97;87;93;18.8;11.5;9.4;5.0;9.0;8.0;7.333333333333333;1.7;0.0;1.1;2.8;6;0;0;0
2022-06-21;6;13.8;9.2;11.1;93;73;87;17.4;10.3;0.6;5.0;5.0;9.0;6.333333333333333;9.4;1.7;0.0;11.1;6;1;0;1
2022-06-22;7;10.9;6.3;8.9;91;66;83;20.2;16.6;4.5;6.0;5.0;5.0;5.333333333333333;0.6;9.4;1.7;11.7;6;2;0;0
2022-06-23;9;12.1;8.2;10.6;93;82;89;33.6;24.4;16.2;7.0;6.0;5.0;6.0;4.5;0.6;9.4;14.5;6;3;0;0
2022-06-24;7;12.1;8.1;10.2;94;84;91;9.4;6.1;0.6;9.0;7.0;6.0;7.333333333333333;16.2;4.5;0.6;21.3;6;4;0;0
2022-06-25;5;13.0;5.9;8.4;92;59;73;20.4;13.1;0.0;7.0;9.0;7.0;7.666666666666667;0.6;16.2;4.5;21.3;6;5;1;0
2022-06-26;10;11.9;6.8;10.1;96;79;91;16.1;11.8;6.6;5.0;7.0;9.0;7.0;0.0;0.6;16.2;16.8;6;6;1;0
2022-06-27;2;12.3;10.6;11.4;96;88;93;25.9;14.2;3.9;10.0;5.0;7.0;7.333333333333333;6.6;0.0;0.6;7.199999999999999;6;0;0;1
2022-06-28;4;12.6;11.6;12.2;95;82;88;34.9;29.8;2.7;2.0;10.0;5.0;5.666666666666667;3.9;6.6;0.0;10.5;6;1;0;0
2022-06-29;9;13.2;7.4;11.8;96;80;91;33.0;19.9;20.0;4.0;2.0;10.0;5.333333333333333;2.7;3.9;6.6;13.2;6;2;0;0
2022-06-30;4;12.2;4.2;8.1;96;75;88;42.5;16.7;15.4;9.0;4.0;2.0;5.0;20.0;2.7;3.9;26.599999999999998;6;3;0;0
2022-07-01;7;12.4;7.2;10.2;90;64;79;34.6;22.0;5.7;4.0;9.0;4.0;5.666666666666667;15.4;20.0;2.7;38.1;7;4;0;0
2022-07-02;4;12.2;5.0;9.5;89;59;76;38.3;19.9;9.1;7.0;4.0;9.0;6.666666666666667;5.7;15.4;20.0;41.1;7;5;1;0
2022-07-03;6;11.3;5.7;8.7;97;65;82;29.5;14.5;10.2;4.0;7.0;4.0;5.0;9.1;5.7;15.4;30.200000000000003;7;6;1;0
2022-07-04;4;11.8;6.2;9.9;92;74;82;26.0;14.2;6.5;6.0;4.0;7.0;5.666666666666667;10.2;9.1;5.7;24.999999999999996;7;0;0;0
2022-07-05;4;11.5;10.8;11.1;93;71;85;31.5;28.9;24.5;4.0;6.0;4.0;4.666666666666667;6.5;10.2;9.1;25.799999999999997;7;1;0;0
2022-07-06;3;11.6;7.5;9.7;89;59;73;41.9;22.4;9.2;4.0;4.0;6.0;4.666666666666667;24.5;6.5;10.2;41.2;7;2;0;0
2022-07-07;4;11.6;5.2;8.3;87;61;75;10.2;7.2;0.0;3.0;4.0;4.0;3.6666666666666665;9.2;24.5;6.5;40.2;7;3;0;0
2022-07-08;9;12.1;4.0;9.3;89;70;80;39.6;23.5;0.4;4.0;3.0;4.0;3.6666666666666665;0.0;9.2;24.5;33.7;7;4;0;0
2022-07-09;7;11.7;9.5;10.8;90;79;86;57.8;32.2;44.1;9.0;4.0;3.0;5.333333333333333;0.4;0.0;9.2;9.6;7;5;1;0
2022-07-10;3;11.6;6.8;9.2;92;72;82;15.8;9.6;2.5;7.0;9.0;4.0;6.666666666666667;44.1;0.4;0.0;44.5;7;6;1;0
2022-07-11;12;10.8;4.9;8.6;92;63;80;21.9;11.1;0.9;3.0;7.0;9.0;6.333333333333333;2.5;44.1;0.4;47.0;7;0;0;0
2022-07-12;5;11.6;9.3;10.6;95;60;82;32.4;20.2;26.3;12.0;3.0;7.0;7.333333333333333;0.9;2.5;44.1;47.5;7;1;0;0
2022-07-13;9;9.2;4.9;7.6;96;84;90;13.8;7.5;10.9;5.0;12.0;3.0;6.666666666666667;26.3;0.9;2.5;29.7;7;2;0;0
2022-07-14;7;7.9;3.5;5.5;92;83;89;18.7;14.1;5.9;9.0;5.0;12.0;8.666666666666666;10.9;26.3;0.9;38.1;7;3;0;0
2022-07-15;3;9.6;4.0;6.3;93;73;85;18.1;11.4;0.3;7.0;9.0;5.0;7.0;5.9;10.9;26.3;43.1;7;4;0;0
2022-07-16;4;10.8;3.0;7.5;93;63;78;27.8;15.6;0.9;3.0;7.0;9.0;6.333333333333333;0.3;5.9;10.9;17.1;7;5;1;1
2022-07-17;9;11.8;5.2;10.0;95;64;86;40.0;22.1;31.9;4.0;3.0;7.0;4.666666666666667;0.9;0.3;5.9;7.1000000000000005;7;6;1;0
2022-07-18;6;10.9;3.5;6.4;92;67;83;17.1;11.2;0.0;9.0;4.0;3.0;5.333333333333333;31.9;0.9;0.3;33.099999999999994;7;0;0;0
2022-07-19;6;11.2;1.1;6.2;91;66;83;17.2;11.6;0.0;6.0;9.0;4.0;6.333333333333333;0.0;31.9;0.9;32.8;7;1;0;0
2022-07-20;4;12.7;7.5;10.5;97;89;93;18.8;11.1;2.6;6.0;6.0;9.0;7.0;0.0;0.0;31.9;31.9;7;2;0;0
2022-07-21;3;12.1;8.6;10.2;99;86;94;12.0;6.1;0.2;4.0;6.0;6.0;5.333333333333333;2.6;0.0;0.0;2.6;7;3;0;0
2022-07-22;8;13.3;10.9;11.8;97;89;95;14.5;11.7;2.8;3.0;4.0;6.0;4.333333333333333;0.2;2.6;0.0;2.8000000000000003;7;4;0;0
2022-07-23;11;12.1;11.4;11.8;96;93;94;26.3;22.7;8.2;8.0;3.0;4.0;5.0;2.8;0.2;2.6;5.6;7;5;1;0
2022-07-24;1;12.2;11.4;11.8;97;89;94;32.0;24.2;6.2;11.0;8.0;3.0;7.333333333333333;8.2;2.8;0.2;11.2;7;6;1;0
2022-07-25;11;13.4;11.2;12.1;92;79;87;47.9;35.2;11.8;1.0;11.0;8.0;6.666666666666667;6.2;8.2;2.8;17.2;7;0;0;0
2022-07-26;11;13.0;10.6;11.6;95;83;89;40.0;27.5;15.6;11.0;1.0;11.0;7.666666666666667;11.8;6.2;8.2;26.2;7;1;0;0
2022-07-27;7;12.8;7.6;10.8;94;78;87;21.9;14.8;1.0;11.0;11.0;1.0;7.666666666666667;15.6;11.8;6.2;33.6;7;2;0;0
2022-07-28;5;13.8;6.8;9.6;91;72;85;15.3;11.5;0.0;7.0;11.0;11.0;9.666666666666666;1.0;15.6;11.8;28.400000000000002;7;3;0;0
2022-07-29;5;12.8;3.5;8.2;95;76;86;17.2;10.6;0.0;5.0;7.0;11.0;7.666666666666667;0.0;1.0;15.6;16.6;7;4;0;0
2022-07-30;8;12.6;5.8;8.6;91;72;80;15.3;9.1;0.0;5.0;5.0;7.0;5.666666666666667;0.0;0.0;1.0;1.0;7;5;1;0
2022-07-31;3;12.1;5.8;9.0;93;75;85;16.3;7.2;0.0;8.0;5.0;5.0;6.0;0.0;0.0;0.0;0.0;7;6;1;0
2022-08-01;3;11.8;6.4;9.0;91;69;80;16.5;11.7;0.0;3.0;8.0;5.0;5.333333333333333;0.0;0.0;0.0;0.0;8;0;0;0
2022-08-02;6;11.3;4.1;7.4;90;69;81;14.5;9.3;0.0;3.0;3.0;8.0;4.666666666666667;0.0;0.0;0.0;0.0;8;1;0;0
2022-08-03;5;11.6;2.7;7.8;94;71;84;17.2;10.1;0.1;6.0;3.0;3.0;4.0;0.0;0.0;0.0;0.0;8;2;0;0
2022-08-04;5;11.8;8.1;9.9;92;73;83;16.4;9.1;2.1;5.0;6.0;3.0;4.666666666666667;0.1;0.0;0.0;0.1;8;3;0;0
2022-08-05;5;12.7;9.9;11.3;99;89;94;20.3;13.3;10.1;5.0;5.0;6.0;5.333333333333333;2.1;0.1;0.0;2.2;8;4;0;0
2022-08-06;8;11.8;9.5;10.6;96;88;92;24.1;11.1;28.0;5.0;5.0;5.0;5.0;10.1;2.1;0.1;12.299999999999999;8;5;1;0
2022-08-07;3;11.1;8.1;9.7;92;72;84;15.0;9.9;1.2;8.0;5.0;5.0;6.0;28.0;10.1;2.1;40.2;8;6;1;0
2022-08-08;4;12.7;5.6;8.8;92;69;84;19.4;11.3;0.0;3.0;8.0;5.0;5.333333333333333;1.2;28.0;10.1;39.3;8;0;0;0
2022-08-09;3;12.9;5.3;8.8;92;68;80;12.0;9.9;0.0;4.0;3.0;8.0;5.0;0.0;1.2;28.0;29.2;8;1;0;0
2022-08-10;5;11.6;7.1;8.9;94;68;84;16.3;10.8;0.0;3.0;4.0;3.0;3.3333333333333335;0.0;0.0;1.2;1.2;8;2;0;0
2022-08-11;4;12.3;4.0;8.5;94;76;87;12.9;8.9;0.0;5.0;3.0;4.0;4.0;0.0;0.0;0.0;0.0;8;3;0;0
2022-08-12;7;12.0;10.4;11.2;91;80;84;33.0;24.1;8.1;4.0;5.0;3.0;4.0;0.0;0.0;0.0;0.0;8;4;0;0
2022-08-13;8;12.9;11.3;11.9;95;84;90;37.4;29.6;9.9;7.0;4.0;5.0;5.333333333333333;8.1;0.0;0.0;8.1;8;5;1;0
2022-08-14;5;12.4;8.1;10.1;95;64;83;41.0;20.7;11.0;8.0;7.0;4.0;6.333333333333333;9.9;8.1;0.0;18.0;8;6;1;0
2022-08-15;5;11.1;6.3;9.1;90;60;77;39.2;21.9;18.1;5.0;8.0;7.0;6.666666666666667;11.0;9.9;8.1;29.0;8;0;0;1
2022-08-16;9;12.0;8.5;11.0;97;81;90;40.9;31.2;22.0;5.0;5.0;8.0;6.0;18.1;11.0;9.9;39.0;8;1;0;0
2022-08-17;4;11.6;5.2;8.5;88;59;78;25.6;13.7;1.1;9.0;5.0;5.0;6.333333333333333;22.0;18.1;11.0;51.1;8;2;0;0
2022-08-18;6;12.6;3.6;8.1;89;66;80;23.0;13.9;0.0;4.0;9.0;5.0;6.0;1.1;22.0;18.1;41.2;8;3;0;0
2022-08-19;5;14.4;6.4;10.2;94;73;82;23.6;13.8;0.0;6.0;4.0;9.0;6.333333333333333;0.0;1.1;22.0;23.1;8;4;0;0
2022-08-20;5;14.8;8.1;11.0;98;82;91;21.4;13.1;0.0;5.0;6.0;4.0;5.0;0.0;0.0;1.1;1.1;8;5;1;0
2022-08-21;11;16.8;9.2;12.7;95;70;82;17.1;12.1;0.0;5.0;5.0;6.0;5.333333333333333;0.0;0.0;0.0;0.0;8;6;1;0
2022-08-22;8;12.2;7.8;10.5;97;84;91;15.1;7.9;0.5;11.0;5.0;5.0;7.0;0.0;0.0;0.0;0.0;8;0;0;0
2022-08-23;3;13.0;7.7;10.5;95;77;86;8.7;5.6;0.0;8.0;11.0;5.0;8.0;0.5;0.0;0.0;0.5;8;1;0;0
2022-08-24;8;12.6;7.7;9.8;95;74;87;18.8;11.1;0.0;3.0;8.0;11.0;7.333333333333333;0.0;0.5;0.0;0.5;8;2;0;0
2022-08-25;4;13.9;4.6;8.8;92;72;82;20.9;11.9;0.0;8.0;3.0;8.0;6.333333333333333;0.0;0.0;0.5;0.5;8;3;0;0
2022-08-26;4;12.4;6.2;9.4;93;63;79;28.0;17.0;0.0;4.0;8.0;3.0;5.0;0.0;0.0;0.0;0.0;8;4;0;0
2022-08-27;5;13.5;5.3;9.5;91;52;73;22.3;15.1;0.0;4.0;4.0;8.0;5.333333333333333;0.0;0.0;0.0;0.0;8;5;1;0
2022-08-28;6;17.0;6.3;11.1;87;56;69;16.1;12.7;0.0;5.0;4.0;4.0;4.333333333333333;0.0;0.0;0.0;0.0;8;6;1;0
2022-08-29;8;14.7;4.5;10.4;94;66;84;20.8;13.3;0.0;6.0;5.0;4.0;5.0;0.0;0.0;0.0;0.0;8;0;0;0
2022-08-30;4;11.6;8.5;10.7;93;76;86;15.9;10.0;0.7;8.0;6.0;5.0;6.333333333333333;0.0;0.0;0.0;0.0;8;1;0;0
2022-08-31;7;12.9;6.3;10.2;94;77;87;20.7;11.6;0.0;4.0;8.0;6.0;6.0;0.7;0.0;0.0;0.7;8;2;0;0
2022-09-01;4;13.8;7.1;10.6;92;69;82;25.1;14.6;0.0;7.0;4.0;8.0;6.333333333333333;0.0;0.7;0.0;0.7;9;3;0;0
2022-09-02;7;17.2;7.1;11.8;87;56;72;22.4;14.3;0.0;4.0;7.0;4.0;5.0;0.0;0.0;0.7;0.7;9;4;0;0
2022-09-03;4;15.9;6.1;11.1;99;71;81;23.1;13.6;0.0;7.0;4.0;7.0;6.0;0.0;0.0;0.0;0.0;9;5;1;0
2022-09-04;2;14.9;7.6;10.8;97;73;88;12.8;9.2;0.0;4.0;7.0;4.0;5.0;0.0;0.0;0.0;0.0;9;6;1;0
2022-09-05;5;14.9;4.7;10.3;97;78;86;14.2;7.2;0.0;2.0;4.0;7.0;4.333333333333333;0.0;0.0;0.0;0.0;9;0;0;0
2022-09-06;7;12.7;6.5;10.6;94;76;85;30.0;14.1;1.2;5.0;2.0;4.0;3.6666666666666665;0.0;0.0;0.0;0.0;9;1;0;0
2022-09-07;10;10.9;7.6;9.8;91;61;74;25.3;18.6;2.8;7.0;5.0;2.0;4.666666666666667;1.2;0.0;0.0;1.2;9;2;0;0
2022-09-08;6;10.4;5.5;8.2;86;64;76;15.1;11.1;0.2;10.0;7.0;5.0;7.333333333333333;2.8;1.2;0.0;4.0;9;3;0;0
2022-09-09;5;13.7;6.2;9.4;87;54;73;19.9;14.5;0.0;6.0;10.0;7.0;7.666666666666667;0.2;2.8;1.2;4.2;9;4;0;0
2022-09-10;5;13.4;4.5;9.3;89;71;80;13.4;7.0;0.0;5.0;6.0;10.0;7.0;0.0;0.2;2.8;3.0;9;5;1;0
2022-09-11;6;12.3;6.1;9.5;94;80;87;10.0;6.6;0.3;5.0;5.0;6.0;5.333333333333333;0.0;0.0;0.2;0.2;9;6;1;0
2022-09-12;9;12.9;4.6;9.2;96;75;87;15.7;9.4;0.0;6.0;5.0;5.0;5.333333333333333;0.3;0.0;0.0;0.3;9;0;0;0
2022-09-13;11;12.9;6.4;10.2;95;81;90;12.2;6.4;0.0;9.0;6.0;5.0;6.666666666666667;0.0;0.3;0.0;0.3;9;1;0;0
2022-09-14;6;12.6;5.6;9.4;98;81;91;15.1;8.5;0.0;11.0;9.0;6.0;8.666666666666666;0.0;0.0;0.3;0.3;9;2;0;0
2022-09-15;5;13.2;8.9;11.4;97;83;91;16.0;9.5;0.3;6.0;11.0;9.0;8.666666666666666;0.0;0.0;0.0;0.0;9;3;0;0
2022-09-16;6;12.8;10.3;11.7;95;82;90;34.4;22.9;9.4;5.0;6.0;11.0;7.333333333333333;0.3;0.0;0.0;0.3;9;4;0;1
2022-09-17;3;10.0;7.1;8.9;95;66;84;24.9;15.4;9.0;6.0;5.0;6.0;5.666666666666667;9.4;0.3;0.0;9.700000000000001;9;5;1;0
2022-09-18;5;10.6;5.7;8.1;84;60;72;18.8;12.8;0.0;3.0;6.0;5.0;4.666666666666667;9.0;9.4;0.3;18.7;9;6;1;1
2022-09-19;2;11.4;3.0;7.9;94;60;77;27.4;15.5;0.0;5.0;3.0;6.0;4.666666666666667;0.0;9.0;9.4;18.4;9;0;0;1
2022-09-20;2;11.1;7.4;9.1;87;66;76;20.7;14.1;0.8;2.0;5.0;3.0;3.3333333333333335;0.0;0.0;9.0;9.0;9;1;0;0
2022-09-21;1;11.4;6.1;9.0;88;68;78;12.2;5.9;2.3;2.0;2.0;5.0;3.0;0.8;0.0;0.0;0.8;9;2;0;0
2022-09-22;4;14.1;7.4;10.9;91;71;82;21.3;10.4;0.0;1.0;2.0;2.0;1.6666666666666667;2.3;0.8;0.0;3.0999999999999996;9;3;0;0
2022-09-23;2;14.4;9.7;11.9;94;79;86;21.8;16.4;0.0;4.0;1.0;2.0;2.3333333333333335;0.0;2.3;0.8;3.0999999999999996;9;4;0;0
2022-09-24;7;13.4;7.9;10.5;96;65;83;21.8;12.6;0.0;2.0;4.0;1.0;2.3333333333333335;0.0;0.0;2.3;2.3;9;5;1;0
2022-09-25;7;12.8;9.1;10.6;95;68;81;15.0;8.8;0.0;7.0;2.0;4.0;4.333333333333333;0.0;0.0;0.0;0.0;9;6;1;0
2022-09-26;7;13.2;8.7;11.1;95;81;87;20.1;13.5;1.9;7.0;7.0;2.0;5.333333333333333;0.0;0.0;0.0;0.0;9;0;0;0
2022-09-27;6;16.1;9.6;12.4;92;70;84;23.4;13.6;0.0;7.0;7.0;7.0;7.0;1.9;0.0;0.0;1.9;9;1;0;0
2022-09-28;0;17.4;8.6;12.6;98;66;79;15.2;9.9;0.0;6.0;7.0;7.0;6.666666666666667;0.0;1.9;0.0;1.9;9;2;0;0
2022-09-29;7;14.6;8.7;11.3;99;77;90;21.1;10.8;0.3;0.0;6.0;7.0;4.333333333333333;0.0;0.0;1.9;1.9;9;3;0;0
2022-09-30;7;15.6;9.4;12.2;95;75;87;20.1;12.9;0.0;7.0;0.0;6.0;4.333333333333333;0.3;0.0;0.0;0.3;9;4;0;0
2022-10-01;5;15.9;10.1;12.4;99;77;90;15.1;6.8;0.0;7.0;7.0;0.0;4.666666666666667;0.0;0.3;0.0;0.3;10;5;1;0
2022-10-02;5;13.3;6.8;10.7;93;79;88;15.7;8.3;0.0;5.0;7.0;7.0;6.333333333333333;0.0;0.0;0.3;0.3;10;6;1;0
2022-10-03;2;13.2;9.7;11.2;89;71;80;25.6;14.3;0.8;5.0;5.0;7.0;5.666666666666667;0.0;0.0;0.0;0.0;10;0;0;0
2022-10-04;2;13.3;9.9;11.4;94;82;89;21.6;11.8;6.9;2.0;5.0;5.0;4.0;0.8;0.0;0.0;0.8;10;1;0;0
2022-10-05;7;14.0;7.7;10.9;97;74;86;15.5;9.5;0.6;2.0;2.0;5.0;3.0;6.9;0.8;0.0;7.7;10;2;0;0
2022-10-06;6;12.6;10.9;11.8;97;86;90;20.0;14.2;4.5;7.0;2.0;2.0;3.6666666666666665;0.6;6.9;0.8;8.3;10;3;0;0
2022-10-07;9;14.6;8.8;11.8;99;69;89;28.6;16.5;7.4;6.0;7.0;2.0;5.0;4.5;0.6;6.9;12.0;10;4;0;0
2022-10-08;2;14.6;5.3;9.8;89;52;69;31.6;16.4;0.0;9.0;6.0;7.0;7.333333333333333;7.4;4.5;0.6;12.5;10;5;1;0
2022-10-09;5;16.5;7.8;11.8;84;39;65;29.1;18.4;0.0;2.0;9.0;6.0;5.666666666666667;0.0;7.4;4.5;11.9;10;6;1;0
2022-10-10;4;14.2;5.9;10.5;98;60;79;28.0;14.8;0.0;5.0;2.0;9.0;5.333333333333333;0.0;0.0;7.4;7.4;10;0;0;1
2022-10-11;12;13.3;8.0;10.6;92;61;79;22.6;17.3;0.0;4.0;5.0;2.0;3.6666666666666665;0.0;0.0;0.0;0.0;10;1;0;0
2022-10-12;8;14.1;9.7;11.5;94;57;75;33.5;22.8;0.0;12.0;4.0;5.0;7.0;0.0;0.0;0.0;0.0;10;2;0;0
2022-10-13;4;13.0;7.3;9.9;91;60;74;31.2;21.0;0.0;8.0;12.0;4.0;8.0;0.0;0.0;0.0;0.0;10;3;0;0
2022-10-14;4;15.6;7.8;11.7;91;67;82;30.8;18.2;0.0;4.0;8.0;12.0;8.0;0.0;0.0;0.0;0.0;10;4;0;0
2022-10-15;9;18.6;10.1;13.9;95;64;78;27.7;18.5;0.0;4.0;4.0;8.0;5.333333333333333;0.0;0.0;0.0;0.0;10;5;1;0
2022-10-16;4;14.7;9.9;11.9;96;71;84;28.0;22.8;0.0;9.0;4.0;4.0;5.666666666666667;0.0;0.0;0.0;0.0;10;6;1;0
2022-10-17;4;14.4;9.8;11.7;97;81;90;16.2;10.4;0.1;4.0;9.0;4.0;5.666666666666667;0.0;0.0;0.0;0.0;10;0;0;0
2022-10-18;5;14.3;10.1;11.9;96;75;88;16.9;11.5;10.1;4.0;4.0;9.0;5.666666666666667;0.1;0.0;0.0;0.1;10;1;0;0
2022-10-19;6;13.9;9.0;11.8;96;83;87;15.5;10.5;1.0;5.0;4.0;4.0;4.333333333333333;10.1;0.1;0.0;10.2;10;2;0;0
2022-10-20;3;14.1;7.7;11.9;94;68;80;23.3;11.5;0.0;6.0;5.0;4.0;5.0;1.0;10.1;0.1;11.2;10;3;0;0
2022-10-21;6;14.7;9.1;11.9;91;64;77;26.3;18.3;0.0;3.0;6.0;5.0;4.666666666666667;0.0;1.0;10.1;11.1;10;4;0;0
2022-10-22;4;14.4;7.3;10.9;100;74;87;18.5;11.9;0.0;6.0;3.0;6.0;5.0;0.0;0.0;1.0;1.0;10;5;1;0
2022-10-23;4;13.1;8.8;10.9;86;57;71;12.7;9.1;0.0;4.0;6.0;3.0;4.333333333333333;0.0;0.0;0.0;0.0;10;6;1;0
2022-10-24;5;15.4;6.7;11.8;95;75;84;13.9;8.8;0.0;4.0;4.0;6.0;4.666666666666667;0.0;0.0;0.0;0.0;10;0;0;0
2022-10-25;5;14.9;8.9;12.5;97;78;87;24.5;14.4;0.2;5.0;4.0;4.0;4.333333333333333;0.0;0.0;0.0;0.0;10;1;0;0
2022-10-26;4;15.8;11.4;13.4;96;76;88;19.0;14.6;1.2;5.0;5.0;4.0;4.666666666666667;0.2;0.0;0.0;0.2;10;2;0;0
2022-10-27;4;15.4;10.4;12.8;95;67;82;20.4;13.7;0.2;4.0;5.0;5.0;4.666666666666667;1.2;0.2;0.0;1.4;10;3;0;0
2022-10-28;9;13.5;12.4;13.0;97;91;95;24.2;18.1;15.1;4.0;4.0;5.0;4.333333333333333;0.2;1.2;0.2;1.5999999999999999;10;4;0;0
2022-10-29;3;14.2;9.1;12.5;98;72;89;30.6;21.7;4.8;9.0;4.0;4.0;5.666666666666667;15.1;0.2;1.2;16.5;10;5;1;0
2022-10-30;3;15.8;6.6;11.3;82;41;58;30.8;20.7;0.0;3.0;9.0;4.0;5.333333333333333;4.8;15.1;0.2;20.099999999999998;10;6;1;0
2022-10-31;6;23.0;10.1;16.3;51;30;43;31.5;24.5;0.0;3.0;3.0;9.0;5.0;0.0;4.8;15.1;19.9;10;0;0;1
2022-11-01;4;24.9;13.4;18.0;99;39;60;29.5;18.7;0.0;6.0;3.0;3.0;4.0;0.0;0.0;4.8;4.8;11;1;0;1
2022-11-02;7;14.6;10.4;12.8;97;73;88;21.7;14.2;0.0;4.0;6.0;3.0;4.333333333333333;0.0;0.0;0.0;0.0;11;2;0;0
2022-11-03;7;13.6;10.1;11.8;97;78;87;14.3;9.0;0.0;7.0;4.0;6.0;5.666666666666667;0.0;0.0;0.0;0.0;11;3;0;0
2022-11-04;6;13.9;10.0;12.0;92;71;82;15.0;8.2;0.1;7.0;7.0;4.0;6.0;0.0;0.0;0.0;0.0;11;4;0;0
2022-11-05;4;14.7;9.6;12.0;92;75;84;15.0;9.3;0.1;6.0;7.0;7.0;6.666666666666667;0.1;0.0;0.0;0.1;11;5;1;0
2022-11-06;1;15.9;9.4;12.4;95;68;82;21.6;15.4;0.0;4.0;6.0;7.0;5.666666666666667;0.1;0.1;0.0;0.2;11;6;1;0
2022-11-07;5;16.5;8.8;13.2;96;74;86;18.6;10.7;0.0;1.0;4.0;6.0;3.6666666666666665;0.0;0.1;0.1;0.2;11;0;0;0
2022-11-08;6;16.2;12.4;14.4;96;70;86;30.6;19.1;0.9;5.0;1.0;4.0;3.3333333333333335;0.0;0.0;0.1;0.1;11;1;0;0
2022-11-09;7;15.6;12.4;13.6;90;74;83;34.2;23.5;3.7;6.0;5.0;1.0;4.0;0.9;0.0;0.0;0.9;11;2;0;0
2022-11-10;6;15.1;11.8;13.3;97;81;87;26.9;17.6;1.4;7.0;6.0;5.0;6.0;3.7;0.9;0.0;4.6000000000000005;11;3;0;0
2022-11-11;3;15.5;11.7;13.1;96;69;86;30.3;20.8;14.6;6.0;7.0;6.0;6.333333333333333;1.4;3.7;0.9;6.0;11;4;0;0
2022-11-12;4;15.4;11.4;13.1;93;76;84;23.8;18.1;3.9;3.0;6.0;7.0;5.333333333333333;14.6;1.4;3.7;19.7;11;5;1;0
2022-11-13;3;15.6;11.7;13.5;96;79;88;21.3;14.6;2.7;4.0;3.0;6.0;4.333333333333333;3.9;14.6;1.4;19.9;11;6;1;0
2022-11-14;6;17.4;10.6;13.8;98;76;89;13.0;9.3;0.2;3.0;4.0;3.0;3.3333333333333335;2.7;3.9;14.6;21.2;11;0;0;0
2022-11-15;0;17.7;11.9;14.8;95;77;86;23.6;17.3;0.0;6.0;3.0;4.0;4.333333333333333;0.2;2.7;3.9;6.800000000000001;11;1;0;0
2022-11-16;9;18.0;12.5;15.1;95;75;86;24.5;17.1;0.0;0.0;6.0;3.0;3.0;0.0;0.2;2.7;2.9000000000000004;11;2;0;0
2022-11-17;5;18.4;12.8;15.4;96;76;87;26.3;18.4;0.0;9.0;0.0;6.0;5.0;0.0;0.0;0.2;0.2;11;3;0;0
2022-11-18;7;18.8;13.3;15.9;93;74;84;28.3;21.1;0.0;5.0;9.0;0.0;4.666666666666667;0.0;0.0;0.0;0.0;11;4;0;0
2022-11-19;8;17.3;12.1;14.7;90;53;70;36.4;29.0;0.0;7.0;5.0;9.0;7.0;0.0;0.0;0.0;0.0;11;5;1;0
2022-11-20;5;18.2;11.4;14.8;91;55;74;36.2;21.9;0.0;8.0;7.0;5.0;6.666666666666667;0.0;0.0;0.0;0.0;11;6;1;0
2022-11-21;11;21.0;10.6;16.0;90;59;73;34.7;20.9;0.0;5.0;8.0;7.0;6.666666666666667;0.0;0.0;0.0;0.0;11;0;0;0
2022-11-22;12;19.4;12.0;15.3;93;68;80;32.3;21.8;0.0;11.0;5.0;8.0;8.0;0.0;0.0;0.0;0.0;11;1;0;0
2022-11-23;4;19.5;13.1;16.1;93;70;81;32.7;23.3;0.0;12.0;11.0;5.0;9.333333333333334;0.0;0.0;0.0;0.0;11;2;0;0
2022-11-24;12;20.9;13.6;16.9;96;62;81;30.2;21.4;0.0;4.0;12.0;11.0;9.0;0.0;0.0;0.0;0.0;11;3;0;0
2022-11-25;6;21.3;11.9;16.5;99;56;78;21.5;11.2;0.0;12.0;4.0;12.0;9.333333333333334;0.0;0.0;0.0;0.0;11;4;0;0
2022-11-26;4;20.5;12.3;16.0;91;66;81;15.1;10.2;0.0;6.0;12.0;4.0;7.333333333333333;0.0;0.0;0.0;0.0;11;5;1;0
2022-11-27;9;16.1;11.3;13.4;99;82;92;16.3;12.4;0.0;4.0;6.0;12.0;7.333333333333333;0.0;0.0;0.0;0.0;11;6;1;0
2022-11-28;2;15.8;12.4;13.6;99;82;91;12.3;8.6;0.0;9.0;4.0;6.0;6.333333333333333;0.0;0.0;0.0;0.0;11;0;0;0
2022-11-29;4;18.1;11.9;14.6;95;70;84;29.6;18.8;0.0;2.0;9.0;4.0;5.0;0.0;0.0;0.0;0.0;11;1;0;0
2022-11-30;7;17.6;11.2;14.1;91;56;73;30.0;22.5;0.0;4.0;2.0;9.0;5.0;0.0;0.0;0.0;0.0;11;2;0;0
2022-12-01;4;18.2;10.9;14.1;93;55;75;29.1;17.3;0.0;7.0;4.0;2.0;4.333333333333333;0.0;0.0;0.0;0.0;12;3;0;0
2022-12-02;8;18.5;10.5;14.3;96;61;83;28.5;15.8;0.0;4.0;7.0;4.0;5.0;0.0;0.0;0.0;0.0;12;4;0;0
2022-12-03;9;18.6;12.9;15.6;92;72;83;25.6;19.7;0.0;8.0;4.0;7.0;6.333333333333333;0.0;0.0;0.0;0.0;12;5;1;0
2022-12-04;9;19.8;12.2;15.8;94;63;77;27.9;19.2;0.0;9.0;8.0;4.0;7.0;0.0;0.0;0.0;0.0;12;6;1;0
2022-12-05;5;18.4;12.4;15.3;96;69;83;23.2;16.7;0.0;9.0;9.0;8.0;8.666666666666666;0.0;0.0;0.0;0.0;12;0;0;0
2022-12-06;7;20.0;12.4;16.2;100;68;85;18.6;12.6;0.0;5.0;9.0;9.0;7.666666666666667;0.0;0.0;0.0;0.0;12;1;0;0
2022-12-07;3;17.2;12.1;14.7;99;84;93;24.8;14.8;1.7;7.0;5.0;9.0;7.0;0.0;0.0;0.0;0.0;12;2;0;0
2022-12-08;6;18.8;14.6;16.1;100;89;97;20.8;16.5;3.4;3.0;7.0;5.0;5.0;1.7;0.0;0.0;1.7;12;3;0;1
2022-12-09;4;19.9;14.9;17.0;100;82;93;15.5;9.7;0.3;6.0;3.0;7.0;5.333333333333333;3.4;1.7;0.0;5.1;12;4;0;0
2022-12-10;5;20.4;13.1;17.0;92;60;76;32.7;20.2;0.0;4.0;6.0;3.0;4.333333333333333;0.3;3.4;1.7;5.3999999999999995;12;5;1;0
2022-12-11;7;20.2;13.8;17.0;87;58;71;37.3;25.8;0.0;5.0;4.0;6.0;5.0;0.0;0.3;3.4;3.6999999999999997;12;6;1;0
2022-12-12;4;19.6;12.7;16.1;85;54;69;36.0;23.7;0.0;7.0;5.0;4.0;5.333333333333333;0.0;0.0;0.3;0.3;12;0;0;0
2022-12-13;5;20.3;12.9;16.4;93;63;78;29.4;19.5;0.0;4.0;7.0;5.0;5.333333333333333;0.0;0.0;0.0;0.0;12;1;0;0
2022-12-14;6;19.9;13.4;16.5;96;63;81;29.7;23.8;0.0;5.0;4.0;7.0;5.333333333333333;0.0;0.0;0.0;0.0;12;2;0;0
2022-12-15;4;22.2;14.2;18.0;96;63;78;36.2;22.7;0.0;6.0;5.0;4.0;5.0;0.0;0.0;0.0;0.0;12;3;0;0
2022-12-16;7;20.1;13.2;16.2;95;59;75;37.3;23.3;0.0;4.0;6.0;5.0;5.0;0.0;0.0;0.0;0.0;12;4;0;0
2022-12-17;15;20.0;12.1;15.8;89;59;76;30.0;21.7;0.0;7.0;4.0;6.0;5.666666666666667;0.0;0.0;0.0;0.0;12;5;1;0
2022-12-18;4;19.0;12.9;15.6;97;64;80;22.1;17.3;0.0;15.0;7.0;4.0;8.666666666666666;0.0;0.0;0.0;0.0;12;6;1;0
2022-12-19;5;17.0;10.9;14.2;94;64;81;15.3;11.2;2.4;4.0;15.0;7.0;8.666666666666666;0.0;0.0;0.0;0.0;12;0;0;0
2022-12-20;9;18.2;12.6;15.4;95;67;81;20.5;14.4;0.0;5.0;4.0;15.0;8.0;2.4;0.0;0.0;2.4;12;1;0;0
2022-12-21;9;18.5;13.6;15.9;99;78;89;14.1;9.0;0.0;9.0;5.0;4.0;6.0;0.0;2.4;0.0;2.4;12;2;0;0
2022-12-22;10;18.0;13.8;15.7;98;67;84;25.0;20.2;8.4;9.0;9.0;5.0;7.666666666666667;0.0;0.0;2.4;2.4;12;3;0;0
2022-12-23;8;19.0;12.4;15.3;89;50;69;43.6;27.7;0.0;10.0;9.0;9.0;9.333333333333334;8.4;0.0;0.0;8.4;12;4;0;0
2022-12-24;2;25.1;10.9;18.8;90;28;63;34.9;21.2;0.0;8.0;10.0;9.0;9.0;0.0;8.4;0.0;8.4;12;5;1;0
2022-12-25;9;24.0;13.4;18.2;96;27;66;37.3;19.0;0.0;2.0;8.0;10.0;6.666666666666667;0.0;0.0;8.4;8.4;12;6;1;1
2022-12-26;2;18.0;13.9;15.9;95;75;85;24.2;17.6;0.9;9.0;2.0;8.0;6.333333333333333;0.0;0.0;0.0;0.0;12;0;0;0
2022-12-27;8;20.8;13.4;16.7;96;54;78;29.0;17.2;0.0;2.0;9.0;2.0;4.333333333333333;0.9;0.0;0.0;0.9;12;1;0;0
2022-12-28;7;19.3;11.9;16.0;78;55;66;31.0;19.3;0.0;8.0;2.0;9.0;6.333333333333333;0.0;0.9;0.0;0.9;12;2;0;0
2022-12-29;3;22.2;10.6;17.4;91;60;71;24.7;15.1;0.0;7.0;8.0;2.0;5.666666666666667;0.0;0.0;0.9;0.9;12;3;0;0
2022-12-30;6;20.1;11.4;16.3;100;66;80;19.3;11.4;0.0;3.0;7.0;8.0;6.0;0.0;0.0;0.0;0.0;12;4;0;0
2022-12-31;5;17.9;11.6;14.5;97;75;86;29.4;18.7;0.0;6.0;3.0;7.0;5.333333333333333;0.0;0.0;0.0;0.0;12;5;1;0
2023-01-01;11;17.6;11.9;14.8;91;74;83;23.5;14.7;0.0;5.0;6.0;3.0;4.666666666666667;0.0;0.0;0.0;0.0;1;6;1;1
2023-01-02;5;19.0;12.1;15.3;95;52;74;34.2;23.1;0.0;11.0;5.0;6.0;7.333333333333333;0.0;0.0;0.0;0.0;1;0;0;1
2023-01-03;15;19.6;12.6;16.3;91;58;73;31.9;20.7;0.0;5.0;11.0;5.0;7.0;0.0;0.0;0.0;0.0;1;1;0;0
2023-01-04;12;22.0;12.3;17.8;95;63;77;19.6;12.2;0.0;15.0;5.0;11.0;10.333333333333334;0.0;0.0;0.0;0.0;1;2;0;0
2023-01-05;10;18.9;12.4;15.5;100;68;87;25.2;16.5;0.1;12.0;15.0;5.0;10.666666666666666;0.0;0.0;0.0;0.0;1;3;0;0
2023-01-06;4;18.8;13.4;16.0;100;70;87;15.8;8.1;0.0;10.0;12.0;15.0;12.333333333333334;0.1;0.0;0.0;0.1;1;4;0;0
2023-01-07;4;18.6;12.1;14.9;100;69;89;14.4;8.2;0.0;4.0;10.0;12.0;8.666666666666666;0.0;0.1;0.0;0.1;1;5;1;0
2023-01-08;2;17.8;11.9;14.9;99;76;88;21.7;12.3;0.0;4.0;4.0;10.0;6.0;0.0;0.0;0.1;0.1;1;6;1;0
2023-01-09;11;19.9;14.1;16.7;95;64;85;20.9;15.1;0.0;2.0;4.0;4.0;3.3333333333333335;0.0;0.0;0.0;0.0;1;0;0;0
2023-01-10;10;20.5;14.1;17.1;94;42;70;31.3;21.7;0.0;11.0;2.0;4.0;5.666666666666667;0.0;0.0;0.0;0.0;1;1;0;0
2023-01-11;10;18.9;12.2;15.4;85;49;63;35.8;23.1;0.0;10.0;11.0;2.0;7.666666666666667;0.0;0.0;0.0;0.0;1;2;0;0
2023-01-12;7;19.4;11.9;15.4;91;53;73;32.4;20.7;0.0;10.0;10.0;11.0;10.333333333333334;0.0;0.0;0.0;0.0;1;3;0;0
2023-01-13;6;19.2;12.1;15.3;95;58;78;32.3;18.4;0.0;7.0;10.0;10.0;9.0;0.0;0.0;0.0;0.0;1;4;0;0
2023-01-14;5;19.3;11.9;15.7;92;55;74;31.2;23.6;0.0;6.0;7.0;10.0;7.666666666666667;0.0;0.0;0.0;0.0;1;5;1;0
2023-01-15;7;20.2;12.2;15.6;95;59;76;28.3;18.8;0.0;5.0;6.0;7.0;6.0;0.0;0.0;0.0;0.0;1;6;1;0
2023-01-16;8;18.5;11.6;14.6;96;63;79;23.0;17.8;0.0;7.0;5.0;6.0;6.0;0.0;0.0;0.0;0.0;1;0;0;0
2023-01-17;20;17.4;10.4;13.9;95;74;86;18.2;9.3;0.0;8.0;7.0;5.0;6.666666666666667;0.0;0.0;0.0;0.0;1;1;0;0
2023-01-18;7;18.2;10.0;14.3;99;74;87;15.0;8.8;0.0;20.0;8.0;7.0;11.666666666666666;0.0;0.0;0.0;0.0;1;2;0;0
2023-01-19;15;16.4;11.1;13.8;100;75;88;17.7;11.5;0.6;7.0;20.0;8.0;11.666666666666666;0.0;0.0;0.0;0.0;1;3;0;0
2023-01-20;4;18.6;13.0;15.7;89;69;80;27.6;13.8;0.0;15.0;7.0;20.0;14.0;0.6;0.0;0.0;0.6;1;4;0;0
2023-01-21;8;20.1;12.9;16.3;94;65;79;31.4;20.4;0.0;4.0;15.0;7.0;8.666666666666666;0.0;0.6;0.0;0.6;1;5;1;0
2023-01-22;11;22.1;13.9;17.7;93;66;80;26.5;18.2;0.0;8.0;4.0;15.0;9.0;0.0;0.0;0.6;0.6;1;6;1;0
2023-01-23;6;19.1;13.7;16.4;95;75;86;18.0;14.7;0.2;11.0;8.0;4.0;7.666666666666667;0.0;0.0;0.0;0.0;1;0;0;0
2023-01-24;5;19.7;14.6;16.9;99;58;76;32.5;22.9;5.4;6.0;11.0;8.0;8.333333333333334;0.2;0.0;0.0;0.2;1;1;0;0
2023-01-25;10;18.6;12.5;15.5;92;52;71;29.6;19.8;0.0;5.0;6.0;11.0;7.333333333333333;5.4;0.2;0.0;5.6000000000000005;1;2;0;0
2023-01-26;7;19.6;12.5;16.1;92;60;77;30.3;19.0;0.0;10.0;5.0;6.0;7.0;0.0;5.4;0.2;5.6000000000000005;1;3;0;0
2023-01-27;8;19.5;12.9;16.2;89;56;72;31.1;20.7;0.0;7.0;10.0;5.0;7.333333333333333;0.0;0.0;5.4;5.4;1;4;0;0
2023-01-28;7;22.5;12.4;17.3;93;52;74;30.9;17.7;0.0;8.0;7.0;10.0;8.333333333333334;0.0;0.0;0.0;0.0;1;5;1;0
2023-01-29;7;21.2;14.1;17.2;97;68;84;36.1;24.0;0.0;7.0;8.0;7.0;7.333333333333333;0.0;0.0;0.0;0.0;1;6;1;0
2023-01-30;16;21.9;14.4;17.7;100;62;81;38.1;24.5;0.0;7.0;7.0;8.0;7.333333333333333;0.0;0.0;0.0;0.0;1;0;0;0
2023-01-31;11;20.0;12.7;15.8;96;59;76;27.8;17.5;0.0;16.0;7.0;7.0;10.0;0.0;0.0;0.0;0.0;1;1;0;0
2023-02-01;6;19.9;12.8;15.9;96;56;79;29.9;18.2;0.0;11.0;16.0;7.0;11.333333333333334;0.0;0.0;0.0;0.0;2;2;0;0
2023-02-02;15;23.3;12.3;17.7;93;47;70;42.8;23.7;0.0;6.0;11.0;16.0;11.0;0.0;0.0;0.0;0.0;2;3;0;0
2023-02-03;20;28.6;14.0;19.8;91;53;73;25.0;17.7;0.0;15.0;6.0;11.0;10.666666666666666;0.0;0.0;0.0;0.0;2;4;0;0
2023-02-04;18;17.7;13.4;15.2;99;83;92;22.0;12.4;0.0;20.0;15.0;6.0;13.666666666666666;0.0;0.0;0.0;0.0;2;5;1;0
2023-02-05;8;17.5;13.6;15.1;99;81;91;13.4;8.5;0.0;18.0;20.0;15.0;17.666666666666668;0.0;0.0;0.0;0.0;2;6;1;0
2023-02-06;18;20.8;14.0;16.8;100;65;82;26.3;17.2;0.0;8.0;18.0;20.0;15.333333333333334;0.0;0.0;0.0;0.0;2;0;0;0
2023-02-07;12;23.0;12.8;17.5;97;52;76;32.7;17.4;0.0;18.0;8.0;18.0;14.666666666666666;0.0;0.0;0.0;0.0;2;1;0;0
2023-02-08;13;19.3;13.4;16.4;96;74;85;27.0;16.3;0.0;12.0;18.0;8.0;12.666666666666666;0.0;0.0;0.0;0.0;2;2;0;0
2023-02-09;10;19.8;13.9;16.7;97;72;86;29.3;18.6;0.0;13.0;12.0;18.0;14.333333333333334;0.0;0.0;0.0;0.0;2;3;0;0
2023-02-10;10;20.1;14.8;17.4;96;66;83;31.4;22.8;0.0;10.0;13.0;12.0;11.666666666666666;0.0;0.0;0.0;0.0;2;4;0;0
2023-02-11;7;21.0;13.4;16.6;96;58;80;24.5;17.7;0.0;10.0;10.0;13.0;11.0;0.0;0.0;0.0;0.0;2;5;1;0
2023-02-12;11;19.6;13.7;16.8;96;74;86;20.2;11.5;0.4;7.0;10.0;10.0;9.0;0.0;0.0;0.0;0.0;2;6;1;0
2023-02-13;6;19.9;12.8;16.4;98;58;78;32.7;19.8;0.0;11.0;7.0;10.0;9.333333333333334;0.4;0.0;0.0;0.4;2;0;0;0
2023-02-14;7;20.4;13.6;16.9;89;51;70;34.6;23.9;0.0;6.0;11.0;7.0;8.0;0.0;0.4;0.0;0.4;2;1;0;0
2023-02-15;7;21.0;14.2;17.0;88;58;73;39.5;25.9;0.0;7.0;6.0;11.0;8.0;0.0;0.0;0.4;0.4;2;2;0;0
2023-02-16;12;19.0;12.5;15.5;89;47;68;32.6;20.1;0.0;7.0;7.0;6.0;6.666666666666667;0.0;0.0;0.0;0.0;2;3;0;0
2023-02-17;8;23.1;10.4;17.7;89;24;52;26.8;17.7;0.0;12.0;7.0;7.0;8.666666666666666;0.0;0.0;0.0;0.0;2;4;0;0
2023-02-18;6;20.0;10.9;15.6;91;37;57;15.5;9.4;0.0;8.0;12.0;7.0;9.0;0.0;0.0;0.0;0.0;2;5;1;0
2023-02-19;8;20.9;9.5;15.4;99;59;80;27.5;13.7;0.0;6.0;8.0;12.0;8.666666666666666;0.0;0.0;0.0;0.0;2;6;1;0
2023-02-20;11;20.8;13.1;16.5;91;52;71;24.7;15.3;0.0;8.0;6.0;8.0;7.333333333333333;0.0;0.0;0.0;0.0;2;0;0;0
2023-02-21;17;20.8;11.4;16.6;85;51;64;28.0;16.3;0.0;11.0;8.0;6.0;8.333333333333334;0.0;0.0;0.0;0.0;2;1;0;0
2023-02-22;10;21.2;10.9;16.3;100;53;76;24.2;13.8;0.0;17.0;11.0;8.0;12.0;0.0;0.0;0.0;0.0;2;2;0;0
2023-02-23;17;22.1;13.7;17.4;93;65;77;32.6;20.0;0.0;10.0;17.0;11.0;12.666666666666666;0.0;0.0;0.0;0.0;2;3;0;0
2023-02-24;7;20.0;11.3;15.7;96;59;82;30.8;17.9;0.0;17.0;10.0;17.0;14.666666666666666;0.0;0.0;0.0;0.0;2;4;0;0
2023-02-25;7;20.6;14.6;16.9;97;47;72;33.0;21.6;0.0;7.0;17.0;10.0;11.333333333333334;0.0;0.0;0.0;0.0;2;5;1;0
2023-02-26;13;20.2;12.1;16.1;84;48;64;29.5;18.4;0.0;7.0;7.0;17.0;10.333333333333334;0.0;0.0;0.0;0.0;2;6;1;0
2023-02-27;11;21.7;12.2;16.4;95;48;73;31.7;17.2;0.0;13.0;7.0;7.0;9.0;0.0;0.0;0.0;0.0;2;0;0;0
2023-02-28;6;21.4;12.7;16.6;97;59;78;33.2;20.2;0.0;11.0;13.0;7.0;10.333333333333334;0.0;0.0;0.0;0.0;2;1;0;0
2023-03-01;6;19.9;14.2;16.7;91;51;75;35.0;24.6;0.0;6.0;11.0;13.0;10.0;0.0;0.0;0.0;0.0;3;2;0;0
2023-03-02;8;21.4;12.7;16.6;94;54;75;39.2;23.6;0.0;6.0;6.0;11.0;7.666666666666667;0.0;0.0;0.0;0.0;3;3;0;0
2023-03-03;11;21.6;12.9;17.0;95;56;79;28.8;19.0;0.0;8.0;6.0;6.0;6.666666666666667;0.0;0.0;0.0;0.0;3;4;0;0
2023-03-04;4;22.8;11.0;16.7;98;40;71;31.2;16.2;0.0;11.0;8.0;6.0;8.333333333333334;0.0;0.0;0.0;0.0;3;5;1;0
2023-03-05;3;20.9;13.6;16.9;93;61;77;31.1;19.6;0.0;4.0;11.0;8.0;7.666666666666667;0.0;0.0;0.0;0.0;3;6;1;0
2023-03-06;8;17.0;13.6;15.0;100;81;92;17.3;10.1;0.1;3.0;4.0;11.0;6.0;0.0;0.0;0.0;0.0;3;0;0;0
2023-03-07;6;17.4;14.3;15.2;95;80;90;18.2;9.2;0.3;8.0;3.0;4.0;5.0;0.1;0.0;0.0;0.1;3;1;0;0
2023-03-08;5;18.5;14.4;15.9;95;75;86;23.0;15.6;0.5;6.0;8.0;3.0;5.666666666666667;0.3;0.1;0.0;0.4;3;2;0;0
2023-03-09;5;16.9;12.7;15.0;99;86;92;12.1;6.0;0.3;5.0;6.0;8.0;6.333333333333333;0.5;0.3;0.1;0.9;3;3;0;0
2023-03-10;6;17.2;11.9;14.3;100;74;90;15.5;7.9;0.0;5.0;5.0;6.0;5.333333333333333;0.3;0.5;0.3;1.1;3;4;0;0
2023-03-11;5;17.1;12.9;15.0;94;78;88;25.2;18.1;0.0;6.0;5.0;5.0;5.333333333333333;0.0;0.3;0.5;0.8;3;5;1;0
2023-03-12;8;18.2;14.8;16.2;99;83;89;15.3;11.0;0.1;5.0;6.0;5.0;5.333333333333333;0.0;0.0;0.3;0.3;3;6;1;0
2023-03-13;9;20.1;13.9;16.8;94;58;77;20.4;14.2;0.0;8.0;5.0;6.0;6.333333333333333;0.1;0.0;0.0;0.1;3;0;0;0
2023-03-14;3;18.6;11.7;15.2;97;64;79;14.2;9.2;0.0;9.0;8.0;5.0;7.333333333333333;0.0;0.1;0.0;0.1;3;1;0;0
2023-03-15;9;20.0;12.2;16.3;95;59;80;13.4;7.8;0.0;3.0;9.0;8.0;6.666666666666667;0.0;0.0;0.1;0.1;3;2;0;0
2023-03-16;11;19.5;14.4;16.6;98;77;89;20.5;8.9;0.4;9.0;3.0;9.0;7.0;0.0;0.0;0.0;0.0;3;3;0;0
2023-03-17;4;20.3;13.1;16.3;99;71;85;14.4;6.8;0.0;11.0;9.0;3.0;7.666666666666667;0.4;0.0;0.0;0.4;3;4;0;0
2023-03-18;4;21.0;14.1;17.1;97;69;85;17.7;11.7;0.0;4.0;11.0;9.0;8.0;0.0;0.4;0.0;0.4;3;5;1;0
2023-03-19;6;20.9;12.9;16.9;94;60;80;24.6;14.2;0.0;4.0;4.0;11.0;6.333333333333333;0.0;0.0;0.4;0.4;3;6;1;0
2023-03-20;2;19.1;9.7;15.2;96;48;68;16.3;10.3;0.0;6.0;4.0;4.0;4.666666666666667;0.0;0.0;0.0;0.0;3;0;0;0
2023-03-21;4;19.1;11.2;15.6;94;58;78;16.2;9.9;0.0;2.0;6.0;4.0;4.0;0.0;0.0;0.0;0.0;3;1;0;0
2023-03-22;4;19.6;11.0;15.5;97;59;80;19.4;11.7;0.0;4.0;2.0;6.0;4.0;0.0;0.0;0.0;0.0;3;2;0;0
2023-03-23;5;19.7;10.1;15.4;93;46;74;15.6;11.3;0.0;4.0;4.0;2.0;3.3333333333333335;0.0;0.0;0.0;0.0;3;3;0;0
2023-03-24;10;20.1;10.5;15.6;96;57;78;27.7;14.7;0.0;5.0;4.0;4.0;4.333333333333333;0.0;0.0;0.0;0.0;3;4;0;0
2023-03-25;7;20.2;13.5;16.2;91;61;72;27.9;16.4;0.0;10.0;5.0;4.0;6.333333333333333;0.0;0.0;0.0;0.0;3;5;1;0
2023-03-26;9;17.9;9.6;13.6;100;62;86;11.9;7.9;0.0;7.0;10.0;5.0;7.333333333333333;0.0;0.0;0.0;0.0;3;6;1;0
2023-03-27;12;16.0;10.4;12.8;95;65;83;20.1;11.6;0.0;9.0;7.0;10.0;8.666666666666666;0.0;0.0;0.0;0.0;3;0;0;0
2023-03-28;7;16.5;11.1;13.7;91;66;82;26.0;12.9;0.5;12.0;9.0;7.0;9.333333333333334;0.0;0.0;0.0;0.0;3;1;0;0
2023-03-29;5;15.8;10.8;13.1;92;51;71;28.3;17.7;0.0;7.0;12.0;9.0;9.333333333333334;0.5;0.0;0.0;0.5;3;2;0;0
2023-03-30;9;17.4;8.2;13.0;87;50;67;26.8;14.6;0.0;5.0;7.0;12.0;8.0;0.0;0.5;0.0;0.5;3;3;0;0
2023-03-31;8;17.5;8.9;13.9;84;56;66;21.5;12.7;0.0;9.0;5.0;7.0;7.0;0.0;0.0;0.5;0.5;3;4;0;0
2023-04-01;15;20.4;10.5;15.4;94;56;79;24.4;14.6;0.0;8.0;9.0;5.0;7.333333333333333;0.0;0.0;0.0;0.0;4;5;1;0
2023-04-02;7;17.6;11.8;14.2;97;76;87;20.1;15.3;0.0;15.0;8.0;9.0;10.666666666666666;0.0;0.0;0.0;0.0;4;6;1;0
2023-04-03;8;18.1;10.4;14.1;96;61;79;23.2;12.9;0.0;7.0;15.0;8.0;10.0;0.0;0.0;0.0;0.0;4;0;0;0
2023-04-04;8;17.2;8.2;13.0;94;64;79;15.0;9.0;0.0;8.0;7.0;15.0;10.0;0.0;0.0;0.0;0.0;4;1;0;0
2023-04-05;6;15.9;11.7;13.7;98;84;91;13.9;10.7;0.2;8.0;8.0;7.0;7.666666666666667;0.0;0.0;0.0;0.0;4;2;0;0
2023-04-06;12;17.8;11.9;14.7;96;67;83;26.4;13.7;0.6;6.0;8.0;8.0;7.333333333333333;0.2;0.0;0.0;0.2;4;3;0;0
2023-04-07;6;18.8;9.7;14.0;91;61;72;18.5;12.1;0.0;12.0;6.0;8.0;8.666666666666666;0.6;0.2;0.0;0.8;4;4;0;1
2023-04-08;10;17.0;8.6;12.5;93;62;82;12.9;8.8;0.0;6.0;12.0;6.0;8.0;0.0;0.6;0.2;0.8;4;5;1;1
2023-04-09;3;17.8;8.1;13.2;95;60;82;16.2;10.0;0.0;10.0;6.0;12.0;9.333333333333334;0.0;0.0;0.6;0.6;4;6;1;0
2023-04-10;5;17.6;13.9;15.3;100;88;95;13.7;9.9;0.3;3.0;10.0;6.0;6.333333333333333;0.0;0.0;0.0;0.0;4;0;0;0
2023-04-11;3;16.8;13.6;15.0;100;90;96;16.1;8.1;1.5;5.0;3.0;10.0;6.0;0.3;0.0;0.0;0.3;4;1;0;0
2023-04-12;5;15.2;12.0;13.4;100;89;97;10.9;6.9;0.0;3.0;5.0;3.0;3.6666666666666665;1.5;0.3;0.0;1.8;4;2;0;0
2023-04-13;7;15.1;12.1;13.6;99;88;94;12.3;7.5;1.1;5.0;3.0;5.0;4.333333333333333;0.0;1.5;0.3;1.8;4;3;0;0
2023-04-14;7;16.5;12.1;13.8;99;77;90;19.3;10.0;0.0;7.0;5.0;3.0;5.0;1.1;0.0;1.5;2.6;4;4;0;0
2023-04-15;4;16.4;9.3;13.0;97;59;84;12.8;8.9;0.0;7.0;7.0;5.0;6.333333333333333;0.0;1.1;0.0;1.1;4;5;1;0
2023-04-16;7;15.4;8.9;12.1;97;62;82;33.2;14.5;0.0;4.0;7.0;7.0;6.0;0.0;0.0;1.1;1.1;4;6;1;0
2023-04-17;13;14.1;7.1;10.8;91;65;76;29.1;15.4;0.0;7.0;4.0;7.0;6.0;0.0;0.0;0.0;0.0;4;0;0;0
2023-04-18;10;14.6;6.8;11.2;90;62;77;20.9;10.4;0.0;13.0;7.0;4.0;8.0;0.0;0.0;0.0;0.0;4;1;0;0
2023-04-19;3;19.1;10.8;14.2;95;67;82;21.7;13.3;0.0;10.0;13.0;7.0;10.0;0.0;0.0;0.0;0.0;4;2;0;0
2023-04-20;8;14.9;9.6;12.3;99;83;94;25.8;13.9;1.2;3.0;10.0;13.0;8.666666666666666;0.0;0.0;0.0;0.0;4;3;0;0
2023-04-21;5;16.4;12.5;13.7;98;78;91;15.5;10.4;0.2;8.0;3.0;10.0;7.0;1.2;0.0;0.0;1.2;4;4;0;0
2023-04-22;6;16.1;8.8;12.5;97;76;88;21.4;11.4;0.0;5.0;8.0;3.0;5.333333333333333;0.2;1.2;0.0;1.4;4;5;1;0
2023-04-23;4;14.6;9.0;11.8;98;84;92;9.8;7.1;0.0;6.0;5.0;8.0;6.333333333333333;0.0;0.2;1.2;1.4;4;6;1;0
2023-04-24;4;14.0;9.0;11.0;100;78;92;13.7;6.1;0.1;4.0;6.0;5.0;5.0;0.0;0.0;0.2;0.2;4;0;0;0
2023-04-25;3;14.8;7.4;11.1;97;79;90;9.1;5.7;0.0;4.0;4.0;6.0;4.666666666666667;0.1;0.0;0.0;0.1;4;1;0;0
2023-04-26;7;17.7;9.5;13.0;97;76;89;10.1;6.9;0.0;3.0;4.0;4.0;3.6666666666666665;0.0;0.1;0.0;0.1;4;2;0;0
2023-04-27;6;14.5;11.8;13.1;100;91;96;25.3;14.6;0.8;7.0;3.0;4.0;4.666666666666667;0.0;0.0;0.1;0.1;4;3;0;0
2023-04-28;19;14.6;13.6;14.0;96;89;93;54.9;41.0;55.4;6.0;7.0;3.0;5.333333333333333;0.8;0.0;0.0;0.8;4;4;0;0
2023-04-29;7;14.7;12.5;13.8;95;80;87;32.8;24.7;9.8;19.0;6.0;7.0;10.666666666666666;55.4;0.8;0.0;56.199999999999996;4;5;1;0
2023-04-30;8;14.6;9.9;12.3;88;68;78;17.3;10.6;0.4;7.0;19.0;6.0;10.666666666666666;9.8;55.4;0.8;66.0;4;6;1;0
2023-05-01;10;13.8;7.7;10.5;92;58;79;21.6;11.3;0.0;8.0;7.0;19.0;11.333333333333334;0.4;9.8;55.4;65.6;5;0;0;1
2023-05-02;0;15.1;6.6;10.9;94;72;86;20.5;11.7;0.0;10.0;8.0;7.0;8.333333333333334;0.0;0.4;9.8;10.200000000000001;5;1;0;0
2023-05-03;8;13.1;6.8;9.8;98;75;88;16.9;8.2;0.0;0.0;10.0;8.0;6.0;0.0;0.0;0.4;0.4;5;2;0;0
2023-05-04;8;12.9;7.4;10.3;96;75;88;10.4;5.9;0.0;8.0;0.0;10.0;6.0;0.0;0.0;0.0;0.0;5;3;0;0
2023-05-05;10;16.3;6.6;11.3;99;84;94;12.9;8.1;0.0;8.0;8.0;0.0;5.333333333333333;0.0;0.0;0.0;0.0;5;4;0;0
2023-05-06;6;14.1;10.5;11.9;100;86;94;11.8;5.3;0.0;10.0;8.0;8.0;8.666666666666666;0.0;0.0;0.0;0.0;5;5;1;0
2023-05-07;3;15.2;9.1;12.2;98;84;90;16.4;9.4;0.0;6.0;10.0;8.0;8.0;0.0;0.0;0.0;0.0;5;6;1;0
2023-05-08;3;13.7;5.2;9.8;93;65;82;16.5;9.7;0.0;3.0;6.0;10.0;6.333333333333333;0.0;0.0;0.0;0.0;5;0;0;0
2023-05-09;10;17.1;7.2;12.2;96;68;82;13.3;9.7;0.0;3.0;3.0;6.0;4.0;0.0;0.0;0.0;0.0;5;1;0;0
2023-05-10;4;15.0;8.3;11.7;95;78;87;14.6;9.4;0.1;10.0;3.0;3.0;5.333333333333333;0.0;0.0;0.0;0.0;5;2;0;0
2023-05-11;10;17.4;9.2;13.3;95;84;91;19.0;12.2;0.0;4.0;10.0;3.0;5.666666666666667;0.1;0.0;0.0;0.1;5;3;0;0
2023-05-12;3;17.4;10.5;13.9;99;86;94;20.1;11.8;0.0;10.0;4.0;10.0;8.0;0.0;0.1;0.0;0.1;5;4;0;0
2023-05-13;7;17.5;12.1;14.2;95;81;89;17.5;13.8;0.0;3.0;10.0;4.0;5.666666666666667;0.0;0.0;0.1;0.1;5;5;1;0
2023-05-14;3;14.7;8.3;12.2;92;72;85;35.0;17.3;0.1;7.0;3.0;10.0;6.666666666666667;0.0;0.0;0.0;0.0;5;6;1;0
2023-05-15;6;14.7;13.2;13.8;98;90;94;21.2;16.5;1.1;3.0;7.0;3.0;4.333333333333333;0.1;0.0;0.0;0.1;5;0;0;0
2023-05-16;6;15.9;12.3;13.8;93;81;87;18.4;9.2;1.3;6.0;3.0;7.0;5.333333333333333;1.1;0.1;0.0;1.2000000000000002;5;1;0;0
2023-05-17;4;14.1;8.1;11.5;87;69;80;17.2;8.5;2.1;6.0;6.0;3.0;5.0;1.3;1.1;0.1;2.5000000000000004;5;2;0;0
2023-05-18;6;14.7;5.9;10.4;97;76;87;13.3;9.4;0.0;4.0;6.0;6.0;5.333333333333333;2.1;1.3;1.1;4.5;5;3;0;0
2023-05-19;8;15.0;7.3;11.1;99;67;87;18.1;12.2;0.0;6.0;4.0;6.0;5.333333333333333;0.0;2.1;1.3;3.4000000000000004;5;4;0;0
2023-05-20;5;12.6;5.3;9.3;98;71;83;29.6;12.4;0.1;8.0;6.0;4.0;6.0;0.0;0.0;2.1;2.1;5;5;1;0
2023-05-21;15;13.1;11.5;12.2;96;83;91;48.7;30.7;64.0;5.0;8.0;6.0;6.333333333333333;0.1;0.0;0.0;0.1;5;6;1;1
2023-05-22;7;13.3;10.2;12.1;94;85;90;40.1;19.2;4.4;15.0;5.0;8.0;9.333333333333334;64.0;0.1;0.0;64.1;5;0;0;0
2023-05-23;7;14.1;10.9;12.9;93;71;83;43.8;19.9;17.3;7.0;15.0;5.0;9.0;4.4;64.0;0.1;68.5;5;1;0;0
2023-05-24;5;13.9;10.4;12.4;95;73;88;34.7;19.2;25.5;7.0;7.0;15.0;9.666666666666666;17.3;4.4;64.0;85.7;5;2;0;0
2023-05-25;8;13.3;9.4;11.4;98;85;92;24.3;14.1;6.6;5.0;7.0;7.0;6.333333333333333;25.5;17.3;4.4;47.199999999999996;5;3;0;0
2023-05-26;7;12.9;7.8;11.5;90;76;83;25.7;14.9;13.2;8.0;5.0;7.0;6.666666666666667;6.6;25.5;17.3;49.400000000000006;5;4;0;0
2023-05-27;12;11.3;5.2;8.5;96;60;76;20.3;11.9;0.0;7.0;8.0;5.0;6.666666666666667;13.2;6.6;25.5;45.3;5;5;1;0
2023-05-28;4;10.0;2.6;7.0;93;77;82;14.3;7.1;0.0;12.0;7.0;8.0;9.0;0.0;13.2;6.6;19.799999999999997;5;6;1;0
2023-05-29;9;13.2;4.8;8.8;92;75;85;14.0;9.3;0.0;4.0;12.0;7.0;7.666666666666667;0.0;0.0;13.2;13.2;5;0;0;0
2023-05-30;7;13.5;6.7;11.3;94;77;87;19.9;8.9;9.6;9.0;4.0;12.0;8.333333333333334;0.0;0.0;0.0;0.0;5;1;0;0
2023-05-31;7;14.8;10.9;12.8;97;85;92;20.4;10.5;0.4;7.0;9.0;4.0;6.666666666666667;9.6;0.0;0.0;9.6;5;2;0;0
2023-06-01;6;13.6;7.8;11.3;96;82;91;45.9;21.0;13.0;7.0;7.0;9.0;7.666666666666667;0.4;9.6;0.0;10.0;6;3;0;0
2023-06-02;10;14.5;11.9;13.1;96;85;93;25.9;16.0;0.7;6.0;7.0;7.0;6.666666666666667;13.0;0.4;9.6;23.0;6;4;0;0
2023-06-03;6;14.1;8.2;12.4;96;88;92;31.5;21.8;18.7;10.0;6.0;7.0;7.666666666666667;0.7;13.0;0.4;14.1;6;5;1;0
2023-06-04;5;12.8;7.8;10.2;94;68;82;18.1;13.2;0.0;6.0;10.0;6.0;7.333333333333333;18.7;0.7;13.0;32.4;6;6;1;0
2023-06-05;7;13.9;6.2;10.6;96;75;88;11.8;6.4;0.0;5.0;6.0;10.0;7.0;0.0;18.7;0.7;19.4;6;0;0;0
2023-06-06;6;15.1;11.1;13.2;99;79;92;19.9;12.0;6.4;7.0;5.0;6.0;6.0;0.0;0.0;18.7;18.7;6;1;0;0
2023-06-07;5;14.9;8.8;11.6;96;77;87;27.0;12.9;0.1;6.0;7.0;5.0;6.0;6.4;0.0;0.0;6.4;6;2;0;0
2023-06-08;8;15.1;11.4;13.7;97;76;92;50.1;35.4;46.0;5.0;6.0;7.0;6.0;0.1;6.4;0.0;6.5;6;3;0;0
2023-06-09;4;11.6;6.8;9.9;89;63;77;18.0;9.6;1.5;8.0;5.0;6.0;6.333333333333333;46.0;0.1;6.4;52.5;6;4;0;0
2023-06-10;8;11.7;4.9;8.7;88;65;79;18.1;11.4;0.3;4.0;8.0;5.0;5.666666666666667;1.5;46.0;0.1;47.6;6;5;1;0
2023-06-11;8;10.7;5.4;7.7;85;62;75;18.2;12.0;0.0;8.0;4.0;8.0;6.666666666666667;0.3;1.5;46.0;47.8;6;6;1;0
2023-06-12;10;14.1;3.0;8.6;86;42;68;26.1;14.0;0.0;8.0;8.0;4.0;6.666666666666667;0.0;0.3;1.5;1.8;6;0;0;0
2023-06-13;4;12.6;5.2;8.5;90;52;69;16.6;9.7;0.0;10.0;8.0;8.0;8.666666666666666;0.0;0.0;0.3;0.3;6;1;0;0
2023-06-14;6;14.8;5.6;10.2;94;69;83;22.9;11.8;0.0;4.0;10.0;8.0;7.333333333333333;0.0;0.0;0.0;0.0;6;2;0;0
2023-06-15;5;14.1;8.8;10.9;98;79;90;22.2;12.0;0.0;6.0;4.0;10.0;6.666666666666667;0.0;0.0;0.0;0.0;6;3;0;0
2023-06-16;12;14.1;6.4;9.7;86;64;76;13.4;9.8;0.0;5.0;6.0;4.0;5.0;0.0;0.0;0.0;0.0;6;4;0;0
2023-06-17;7;13.6;4.3;7.8;93;62;72;13.9;10.6;0.0;12.0;5.0;6.0;7.666666666666667;0.0;0.0;0.0;0.0;6;5;1;0
2023-06-18;2;12.4;4.2;8.0;91;62;76;16.2;9.6;0.1;7.0;12.0;5.0;8.0;0.0;0.0;0.0;0.0;6;6;1;0
2023-06-19;7;12.8;6.7;10.0;92;82;88;19.6;13.9;1.0;2.0;7.0;12.0;7.0;0.1;0.0;0.0;0.1;6;0;0;0
2023-06-20;8;14.4;10.1;11.9;98;79;88;15.9;11.7;0.5;7.0;2.0;7.0;5.333333333333333;1.0;0.1;0.0;1.1;6;1;0;0
2023-06-21;4;13.4;11.5;12.3;98;87;93;41.1;25.1;18.1;8.0;7.0;2.0;5.666666666666667;0.5;1.0;0.1;1.6;6;2;0;1
2023-06-22;3;15.1;12.4;13.4;100;88;94;43.7;32.5;31.6;4.0;8.0;7.0;6.333333333333333;18.1;0.5;1.0;19.6;6;3;0;0
2023-06-23;5;14.8;13.3;14.3;98;95;96;42.2;33.2;36.7;3.0;4.0;8.0;5.0;31.6;18.1;0.5;50.2;6;4;0;0
2023-06-24;3;14.9;12.8;13.7;99;90;97;34.6;16.3;34.7;5.0;3.0;4.0;4.0;36.7;31.6;18.1;86.4;6;5;1;0
2023-06-25;4;14.7;12.2;13.7;99;88;94;39.4;26.4;39.7;3.0;5.0;3.0;3.6666666666666665;34.7;36.7;31.6;103.0;6;6;1;0
2023-06-26;4;13.4;11.2;12.2;93;87;90;27.8;17.0;6.2;4.0;3.0;5.0;4.0;39.7;34.7;36.7;111.10000000000001;6;0;0;1
2023-06-27;5;12.7;7.4;10.6;92;72;84;14.7;7.8;3.3;4.0;4.0;3.0;3.6666666666666665;6.2;39.7;34.7;80.60000000000001;6;1;0;0
2023-06-28;11;13.8;6.6;9.3;91;66;80;24.8;15.7;0.0;5.0;4.0;4.0;4.333333333333333;3.3;6.2;39.7;49.2;6;2;0;0
2023-06-29;7;14.1;6.0;9.2;91;67;83;10.8;6.0;0.0;11.0;5.0;4.0;6.666666666666667;0.0;3.3;6.2;9.5;6;3;0;0
2023-06-30;8;15.6;6.2;11.2;99;68;85;10.7;4.9;0.0;7.0;11.0;5.0;7.666666666666667;0.0;0.0;3.3;3.3;6;4;0;0
2023-07-01;5;13.1;7.7;10.8;100;89;94;39.0;13.6;0.3;8.0;7.0;11.0;8.666666666666666;0.0;0.0;0.0;0.0;7;5;1;0
2023-07-02;5;13.4;11.2;12.5;97;89;94;43.0;17.6;23.4;5.0;8.0;7.0;6.666666666666667;0.3;0.0;0.0;0.3;7;6;1;0
2023-07-03;7;13.8;11.2;12.1;95;83;90;28.0;20.8;0.4;5.0;5.0;8.0;6.0;23.4;0.3;0.0;23.7;7;0;0;0
2023-07-04;7;13.2;6.2;11.6;94;74;85;36.7;20.3;17.2;7.0;5.0;5.0;5.666666666666667;0.4;23.4;0.3;24.099999999999998;7;1;0;0
2023-07-05;6;11.9;6.6;9.6;94;76;86;13.0;7.3;3.9;7.0;7.0;5.0;6.333333333333333;17.2;0.4;23.4;41.0;7;2;0;0
2023-07-06;4;12.1;6.6;9.8;94;74;87;8.7;6.1;0.6;6.0;7.0;7.0;6.666666666666667;3.9;17.2;0.4;21.499999999999996;7;3;0;0
2023-07-07;11;11.6;4.3;8.3;92;74;85;44.2;17.4;9.0;4.0;6.0;7.0;5.666666666666667;0.6;3.9;17.2;21.7;7;4;0;0
2023-07-08;7;13.1;6.7;11.3;95;69;81;47.1;16.6;15.1;11.0;4.0;6.0;7.0;9.0;0.6;3.9;13.5;7;5;1;0
2023-07-09;6;12.1;4.7;8.3;94;72;84;13.6;7.7;0.0;7.0;11.0;4.0;7.333333333333333;15.1;9.0;0.6;24.700000000000003;7;6;1;0
2023-07-10;7;12.8;4.3;8.2;79;66;73;15.9;11.4;0.0;6.0;7.0;11.0;8.0;0.0;15.1;9.0;24.1;7;0;0;0
2023-07-11;5;12.2;4.8;9.5;93;69;84;17.4;11.1;12.2;7.0;6.0;7.0;6.666666666666667;0.0;0.0;15.1;15.1;7;1;0;0
2023-07-12;7;11.2;5.7;8.7;91;64;80;21.9;9.7;0.1;5.0;7.0;6.0;6.0;12.2;0.0;0.0;12.2;7;2;0;0
2023-07-13;4;11.2;3.8;7.6;90;66;78;14.5;9.9;0.0;7.0;5.0;7.0;6.333333333333333;0.1;12.2;0.0;12.299999999999999;7;3;0;0
2023-07-14;4;12.4;5.3;8.9;85;71;80;20.8;11.2;0.0;4.0;7.0;5.0;5.333333333333333;0.0;0.1;12.2;12.299999999999999;7;4;0;0
2023-07-15;3;11.9;3.5;7.5;89;62;78;13.9;9.5;0.0;4.0;4.0;7.0;5.0;0.0;0.0;0.1;0.1;7;5;1;0
2023-07-16;10;11.8;4.2;7.4;83;61;73;12.4;9.1;0.0;3.0;4.0;4.0;3.6666666666666665;0.0;0.0;0.0;0.0;7;6;1;1
2023-07-17;2;11.4;3.0;6.8;87;67;76;9.0;6.3;0.0;10.0;3.0;4.0;5.666666666666667;0.0;0.0;0.0;0.0;7;0;0;0
2023-07-18;3;14.8;3.9;9.4;85;55;74;14.4;7.9;0.2;2.0;10.0;3.0;5.0;0.0;0.0;0.0;0.0;7;1;0;0
2023-07-19;6;13.3;10.7;12.3;97;63;86;22.8;16.6;2.5;3.0;2.0;10.0;5.0;0.2;0.0;0.0;0.2;7;2;0;0
2023-07-20;8;13.6;12.1;12.9;98;88;94;45.3;33.2;31.3;6.0;3.0;2.0;3.6666666666666665;2.5;0.2;0.0;2.7;7;3;0;0
2023-07-21;6;13.4;10.8;12.4;94;85;89;35.3;23.1;23.3;8.0;6.0;3.0;5.666666666666667;31.3;2.5;0.2;34.0;7;4;0;0
2023-07-22;0;12.4;8.4;10.6;91;75;85;18.7;12.1;10.5;6.0;8.0;6.0;6.666666666666667;23.3;31.3;2.5;57.1;7;5;1;0
2023-07-23;0;11.3;5.1;8.4;96;81;87;14.0;8.4;0.0;0.0;6.0;8.0;4.666666666666667;10.5;23.3;31.3;65.1;7;6;1;0
2023-07-24;6;13.0;5.2;9.9;95;77;86;26.8;16.7;1.9;0.0;0.0;6.0;2.0;0.0;10.5;23.3;33.8;7;0;0;0
2023-07-25;5;12.9;7.2;11.3;95;75;85;22.6;15.4;3.0;6.0;0.0;0.0;2.0;1.9;0.0;10.5;12.4;7;1;0;0
2023-07-26;3;13.1;5.0;8.5;96;77;89;19.2;11.5;0.0;5.0;6.0;0.0;3.6666666666666665;3.0;1.9;0.0;4.9;7;2;0;0
2023-07-27;1;13.5;6.9;10.3;93;80;87;7.6;5.5;0.0;3.0;5.0;6.0;4.666666666666667;0.0;3.0;1.9;4.9;7;3;0;0
2023-07-28;2;14.3;7.2;10.5;99;87;93;13.2;8.8;0.0;1.0;3.0;5.0;3.0;0.0;0.0;3.0;3.0;7;4;0;0
2023-07-29;1;14.1;8.1;11.4;99;89;95;8.9;5.3;0.1;2.0;1.0;3.0;2.0;0.0;0.0;0.0;0.0;7;5;1;0
2023-07-30;0;16.5;9.6;12.3;100;89;96;14.8;7.8;0.0;1.0;2.0;1.0;1.3333333333333333;0.1;0.0;0.0;0.1;7;6;1;0
2023-07-31;0;14.0;9.8;12.1;100;85;93;28.0;16.6;1.6;0.0;1.0;2.0;1.0;0.0;0.1;0.0;0.1;7;0;0;0
2023-08-01;4;14.1;10.1;12.0;98;75;89;18.4;10.4;0.4;0.0;0.0;1.0;0.3333333333333333;1.6;0.0;0.1;1.7000000000000002;8;1;0;0
2023-08-02;6;14.1;6.7;10.1;89;60;77;21.9;13.2;0.0;4.0;0.0;0.0;1.3333333333333333;0.4;1.6;0.0;2.0;8;2;0;0
2023-08-03;5;13.3;3.4;8.0;88;46;66;12.8;10.0;0.0;6.0;4.0;0.0;3.3333333333333335;0.0;0.4;1.6;2.0;8;3;0;0
2023-08-04;1;14.6;6.5;9.4;87;39;59;18.0;12.3;0.0;5.0;6.0;4.0;5.0;0.0;0.0;0.4;0.4;8;4;0;0
2023-08-05;2;13.8;6.9;10.5;85;66;78;21.3;13.9;0.0;1.0;5.0;6.0;4.0;0.0;0.0;0.0;0.0;8;5;1;0
2023-08-06;3;14.5;8.1;11.2;93;71;85;11.7;7.9;0.0;2.0;1.0;5.0;2.6666666666666665;0.0;0.0;0.0;0.0;8;6;1;0
2023-08-07;2;14.1;4.8;10.0;93;78;84;13.0;9.3;0.0;3.0;2.0;1.0;2.0;0.0;0.0;0.0;0.0;8;0;0;0
2023-08-08;0;12.1;4.8;9.2;97;88;92;9.5;5.0;0.0;2.0;3.0;2.0;2.3333333333333335;0.0;0.0;0.0;0.0;8;1;0;0
2023-08-09;2;12.8;10.4;11.8;93;79;88;42.9;24.1;14.2;0.0;2.0;3.0;1.6666666666666667;0.0;0.0;0.0;0.0;8;2;0;0
2023-08-10;4;12.9;8.4;11.3;94;71;82;27.2;21.1;30.9;2.0;0.0;2.0;1.3333333333333333;14.2;0.0;0.0;14.2;8;3;0;0
2023-08-11;7;12.1;5.3;8.9;90;57;76;19.3;12.2;0.0;4.0;2.0;0.0;2.0;30.9;14.2;0.0;45.099999999999994;8;4;0;0
2023-08-12;4;13.0;5.7;9.4;88;69;77;18.4;12.2;0.0;7.0;4.0;2.0;4.333333333333333;0.0;30.9;14.2;45.099999999999994;8;5;1;0
2023-08-13;3;14.1;5.0;9.8;92;75;85;16.8;10.2;0.0;4.0;7.0;4.0;5.0;0.0;0.0;30.9;30.9;8;6;1;0
2023-08-14;1;13.5;7.8;10.8;97;86;91;9.9;6.3;0.0;3.0;4.0;7.0;4.666666666666667;0.0;0.0;0.0;0.0;8;0;0;0
2023-08-15;4;13.1;9.9;12.1;97;91;94;31.1;20.4;8.4;1.0;3.0;4.0;2.6666666666666665;0.0;0.0;0.0;0.0;8;1;0;1
2023-08-16;1;13.4;11.2;12.5;97;92;94;33.8;22.8;33.0;4.0;1.0;3.0;2.6666666666666665;8.4;0.0;0.0;8.4;8;2;0;0
2023-08-17;7;12.4;7.0;10.6;95;64;82;16.5;12.0;3.8;1.0;4.0;1.0;2.0;33.0;8.4;0.0;41.4;8;3;0;0
2023-08-18;4;12.4;5.9;9.9;89;69;80;25.0;10.8;6.2;7.0;1.0;4.0;4.0;3.8;33.0;8.4;45.199999999999996;8;4;0;0
2023-08-19;6;13.9;9.6;12.7;96;84;92;44.7;27.8;32.2;4.0;7.0;1.0;4.0;6.2;3.8;33.0;43.0;8;5;1;0
2023-08-20;3;14.6;12.2;13.3;98;92;95;46.7;28.3;36.6;6.0;4.0;7.0;5.666666666666667;32.2;6.2;3.8;42.2;8;6;1;0
2023-08-21;4;13.6;10.0;12.6;96;79;87;36.2;22.2;12.7;3.0;6.0;4.0;4.333333333333333;36.6;32.2;6.2;75.00000000000001;8;0;0;0
2023-08-22;3;12.6;9.0;10.5;92;82;87;21.0;13.1;13.7;4.0;3.0;6.0;4.333333333333333;12.7;36.6;32.2;81.5;8;1;0;0
2023-08-23;5;11.2;7.7;9.7;94;75;83;19.8;12.5;11.9;3.0;4.0;3.0;3.3333333333333335;13.7;12.7;36.6;63.0;8;2;0;0
2023-08-24;2;11.3;6.8;9.0;91;69;81;13.6;7.5;6.9;5.0;3.0;4.0;4.0;11.9;13.7;12.7;38.3;8;3;0;0
2023-08-25;5;12.1;4.3;8.2;88;64;80;16.6;9.0;0.0;2.0;5.0;3.0;3.3333333333333335;6.9;11.9;13.7;32.5;8;4;0;0
2023-08-26;6;11.9;3.5;7.9;91;66;81;13.8;8.6;0.0;5.0;2.0;5.0;4.0;0.0;6.9;11.9;18.8;8;5;1;0
2023-08-27;2;14.6;2.8;8.9;95;50;79;12.1;7.5;0.6;6.0;5.0;2.0;4.333333333333333;0.0;0.0;6.9;6.9;8;6;1;0
2023-08-28;3;12.8;9.0;10.9;91;83;88;33.2;17.2;22.9;2.0;6.0;5.0;4.333333333333333;0.6;0.0;0.0;0.6;8;0;0;0
2023-08-29;5;12.0;6.7;10.0;90;62;76;26.3;11.8;0.6;3.0;2.0;6.0;3.6666666666666665;22.9;0.6;0.0;23.5;8;1;0;0
2023-08-30;3;13.1;8.6;11.3;90;63;76;34.4;16.6;8.9;5.0;3.0;2.0;3.3333333333333335;0.6;22.9;0.6;24.1;8;2;0;0
2023-08-31;9;12.2;4.0;9.0;87;64;77;20.6;10.8;0.0;3.0;5.0;3.0;3.6666666666666665;8.9;0.6;22.9;32.4;8;3;0;0
2023-09-01;3;13.2;9.4;11.4;95;80;88;19.8;9.9;2.6;9.0;3.0;5.0;5.666666666666667;0.0;8.9;0.6;9.5;9;4;0;0
2023-09-02;2;11.6;7.9;9.7;94;77;87;17.9;11.6;10.2;3.0;9.0;3.0;5.0;2.6;0.0;8.9;11.5;9;5;1;0
2023-09-03;4;12.9;5.4;9.5;91;60;75;22.7;12.4;0.3;2.0;3.0;9.0;4.666666666666667;10.2;2.6;0.0;12.799999999999999;9;6;1;0
2023-09-04;4;11.6;7.3;9.1;86;62;72;10.6;6.0;0.8;4.0;2.0;3.0;3.0;0.3;10.2;2.6;13.1;9;0;0;0
2023-09-05;7;12.3;8.8;10.6;96;75;87;39.8;21.7;36.6;4.0;4.0;2.0;3.3333333333333335;0.8;0.3;10.2;11.299999999999999;9;1;0;0
2023-09-06;3;13.7;10.1;11.7;95;67;83;21.6;14.0;3.7;7.0;4.0;4.0;5.0;36.6;0.8;0.3;37.699999999999996;9;2;0;0
2023-09-07;5;12.3;9.9;10.9;90;79;85;21.8;13.8;16.4;3.0;7.0;4.0;4.666666666666667;3.7;36.6;0.8;41.1;9;3;0;0
2023-09-08;6;13.3;8.1;10.9;97;79;86;15.6;7.3;0.6;5.0;3.0;7.0;5.0;16.4;3.7;36.6;56.7;9;4;0;0
2023-09-09;1;14.6;11.2;12.7;97;85;93;37.0;22.7;21.2;6.0;5.0;3.0;4.666666666666667;0.6;16.4;3.7;20.7;9;5;1;0
2023-09-10;3;13.8;11.8;12.6;98;88;93;30.1;22.9;29.6;1.0;6.0;5.0;4.0;21.2;0.6;16.4;38.2;9;6;1;0
2023-09-11;4;13.7;8.9;11.4;85;63;73;28.8;14.4;0.8;3.0;1.0;6.0;3.3333333333333335;29.6;21.2;0.6;51.4;9;0;0;0
2023-09-12;1;12.8;4.9;9.6;88;72;80;18.3;10.8;0.0;4.0;3.0;1.0;2.6666666666666665;0.8;29.6;21.2;51.6;9;1;0;0
2023-09-13;1;12.7;6.5;10.4;93;74;83;36.4;18.2;11.0;1.0;4.0;3.0;2.6666666666666665;0.0;0.8;29.6;30.400000000000002;9;2;0;0
2023-09-14;7;14.1;11.9;13.1;98;89;95;38.2;17.4;25.2;1.0;1.0;4.0;2.0;11.0;0.0;0.8;11.8;9;3;0;0
2023-09-15;3;13.6;11.6;12.8;98;87;92;31.8;19.9;3.8;7.0;1.0;1.0;3.0;25.2;11.0;0.0;36.2;9;4;0;0
2023-09-16;7;13.4;8.2;11.7;95;72;81;28.1;18.1;4.4;3.0;7.0;1.0;3.6666666666666665;3.8;25.2;11.0;40.0;9;5;1;0
2023-09-17;7;11.6;5.3;8.9;88;61;75;22.2;12.8;0.0;7.0;3.0;7.0;5.666666666666667;4.4;3.8;25.2;33.4;9;6;1;0
2023-09-18;0;12.6;3.8;8.8;86;53;73;29.7;13.2;0.0;7.0;7.0;3.0;5.666666666666667;0.0;4.4;3.8;8.2;9;0;0;1
2023-09-19;2;15.8;6.6;10.5;78;56;67;17.7;12.9;0.0;0.0;7.0;7.0;4.666666666666667;0.0;0.0;4.4;4.4;9;1;0;1
2023-09-20;3;14.2;4.4;10.4;91;67;80;30.6;16.3;5.7;2.0;0.0;7.0;3.0;0.0;0.0;0.0;0.0;9;2;0;0
2023-09-21;7;14.4;11.4;12.9;93;82;88;39.8;29.4;8.7;3.0;2.0;0.0;1.6666666666666667;5.7;0.0;0.0;5.7;9;3;0;0
2023-09-22;6;12.9;9.0;11.8;95;70;83;31.1;18.6;2.0;7.0;3.0;2.0;4.0;8.7;5.7;0.0;14.399999999999999;9;4;0;0
2023-09-23;4;12.4;6.2;9.6;90;67;78;20.6;12.8;0.0;6.0;7.0;3.0;5.333333333333333;2.0;8.7;5.7;16.4;9;5;1;0
2023-09-24;7;12.8;6.9;10.2;89;65;77;18.1;13.5;0.0;4.0;6.0;7.0;5.666666666666667;0.0;2.0;8.7;10.7;9;6;1;0
2023-09-25;0;11.7;5.4;9.3;95;76;85;18.7;10.7;3.7;7.0;4.0;6.0;5.666666666666667;0.0;0.0;2.0;2.0;9;0;0;0
2023-09-26;5;13.2;7.2;10.0;89;64;77;28.4;16.8;0.2;0.0;7.0;4.0;3.6666666666666665;3.7;0.0;0.0;3.7;9;1;0;0
2023-09-27;20;13.6;7.2;10.4;88;71;78;20.8;16.5;0.6;5.0;0.0;7.0;4.0;0.2;3.7;0.0;3.9000000000000004;9;2;0;0
2023-09-28;4;15.8;8.4;11.7;89;57;74;27.5;19.4;0.2;20.0;5.0;0.0;8.333333333333334;0.6;0.2;3.7;4.5;9;3;0;0
2023-09-29;1;18.1;10.4;14.0;89;46;66;18.8;14.1;0.0;4.0;20.0;5.0;9.666666666666666;0.2;0.6;0.2;1.0;9;4;0;0
2023-09-30;2;16.6;7.5;12.3;96;56;76;13.4;9.3;0.0;1.0;4.0;20.0;8.333333333333334;0.0;0.2;0.6;0.8;9;5;1;0
2023-10-01;8;12.8;8.1;10.6;93;65;81;14.0;10.8;0.0;2.0;1.0;4.0;2.3333333333333335;0.0;0.0;0.2;0.2;10;6;1;0
2023-10-02;2;13.5;7.9;10.8;92;71;80;14.6;8.5;0.5;8.0;2.0;1.0;3.6666666666666665;0.0;0.0;0.0;0.0;10;0;0;0
2023-10-03;4;13.6;8.4;10.7;93;70;83;18.2;12.0;0.1;2.0;8.0;2.0;4.0;0.5;0.0;0.0;0.5;10;1;0;0
2023-10-04;6;14.8;6.8;11.3;90;67;79;20.7;12.1;0.0;4.0;2.0;8.0;4.666666666666667;0.1;0.5;0.0;0.6;10;2;0;0
2023-10-05;6;13.9;5.5;10.5;91;66;77;20.7;12.0;0.0;6.0;4.0;2.0;4.0;0.0;0.1;0.5;0.6;10;3;0;0
2023-10-06;3;14.0;8.6;11.2;92;67;80;15.7;9.8;1.8;6.0;6.0;4.0;5.333333333333333;0.0;0.0;0.1;0.1;10;4;0;0
2023-10-07;2;14.2;7.5;10.7;91;53;74;29.8;17.1;0.0;3.0;6.0;6.0;5.0;1.8;0.0;0.0;1.8;10;5;1;0
2023-10-08;1;14.8;7.2;11.1;91;64;79;25.2;16.1;0.0;2.0;3.0;6.0;3.6666666666666665;0.0;1.8;0.0;1.8;10;6;1;0
2023-10-09;3;15.0;8.2;11.4;93;65;80;25.8;17.2;0.0;1.0;2.0;3.0;2.0;0.0;0.0;1.8;1.8;10;0;0;1
2023-10-10;2;14.8;9.4;11.9;86;56;70;31.9;21.3;0.0;3.0;1.0;2.0;2.0;0.0;0.0;0.0;0.0;10;1;0;0
2023-10-11;4;15.9;7.1;11.6;90;56;69;27.7;16.6;0.0;2.0;3.0;1.0;2.0;0.0;0.0;0.0;0.0;10;2;0;0
2023-10-12;3;16.1;5.2;11.4;93;58;77;27.3;13.7;0.0;4.0;2.0;3.0;3.0;0.0;0.0;0.0;0.0;10;3;0;0
2023-10-13;0;16.3;6.2;11.6;94;59;79;24.9;14.2;0.0;3.0;4.0;2.0;3.0;0.0;0.0;0.0;0.0;10;4;0;0
2023-10-14;2;16.0;8.1;11.9;94;61;79;27.7;15.9;0.0;0.0;3.0;4.0;2.3333333333333335;0.0;0.0;0.0;0.0;10;5;1;0
2023-10-15;0;14.7;8.3;11.3;92;57;74;33.7;23.6;0.0;2.0;0.0;3.0;1.6666666666666667;0.0;0.0;0.0;0.0;10;6;1;0
2023-10-16;3;16.5;7.8;12.1;87;54;73;32.1;17.7;0.0;0.0;2.0;0.0;0.6666666666666666;0.0;0.0;0.0;0.0;10;0;0;0
2023-10-17;2;18.8;8.1;13.8;87;56;73;18.3;10.1;0.0;3.0;0.0;2.0;1.6666666666666667;0.0;0.0;0.0;0.0;10;1;0;0
2023-10-18;1;15.2;9.2;12.4;94;68;84;34.4;19.9;0.3;2.0;3.0;0.0;1.6666666666666667;0.0;0.0;0.0;0.0;10;2;0;0
2023-10-19;4;16.9;7.3;12.6;96;66;80;23.7;15.3;0.0;1.0;2.0;3.0;2.0;0.3;0.0;0.0;0.3;10;3;0;0
2023-10-20;11;19.2;9.1;14.1;97;64;79;20.4;13.1;0.0;4.0;1.0;2.0;2.3333333333333335;0.0;0.3;0.0;0.3;10;4;0;0
2023-10-21;2;16.1;9.4;12.8;93;66;79;20.9;14.0;0.0;11.0;4.0;1.0;5.333333333333333;0.0;0.0;0.3;0.3;10;5;1;0
2023-10-22;2;16.9;9.4;12.7;95;61;80;25.0;15.5;0.0;2.0;11.0;4.0;5.666666666666667;0.0;0.0;0.0;0.0;10;6;1;0
2023-10-23;3;14.9;9.2;12.0;91;64;77;25.4;20.2;0.0;2.0;2.0;11.0;5.0;0.0;0.0;0.0;0.0;10;0;0;0
2023-10-24;3;16.8;9.2;12.6;91;60;77;29.1;19.4;0.0;3.0;2.0;2.0;2.3333333333333335;0.0;0.0;0.0;0.0;10;1;0;0
2023-10-25;3;18.0;8.3;13.1;94;56;77;29.1;15.4;0.0;3.0;3.0;2.0;2.6666666666666665;0.0;0.0;0.0;0.0;10;2;0;0
2023-10-26;8;16.5;8.4;12.5;94;57;79;28.8;16.4;0.0;3.0;3.0;3.0;3.0;0.0;0.0;0.0;0.0;10;3;0;0
2023-10-27;5;12.6;10.0;11.7;94;77;87;36.0;24.2;5.3;8.0;3.0;3.0;4.666666666666667;0.0;0.0;0.0;0.0;10;4;0;1
2023-10-28;7;14.2;10.2;12.1;96;72;88;46.7;35.9;27.5;5.0;8.0;3.0;5.333333333333333;5.3;0.0;0.0;5.3;10;5;1;0
2023-10-29;1;12.2;7.1;10.2;83;65;74;36.9;22.8;10.1;7.0;5.0;8.0;6.666666666666667;27.5;5.3;0.0;32.8;10;6;1;0
2023-10-30;5;12.4;4.8;9.9;90;50;65;24.1;13.2;0.0;1.0;7.0;5.0;4.333333333333333;10.1;27.5;5.3;42.9;10;0;0;0
2023-10-31;4;13.4;4.7;9.8;90;54;73;24.5;15.1;0.0;5.0;1.0;7.0;4.333333333333333;0.0;10.1;27.5;37.6;10;1;0;0
2023-11-01;6;14.1;7.9;11.0;92;66;79;26.4;14.5;0.6;4.0;5.0;1.0;3.3333333333333335;0.0;0.0;10.1;10.1;11;2;0;1
2023-11-02;4;14.7;7.4;11.7;93;67;82;25.0;14.5;0.0;6.0;4.0;5.0;5.0;0.6;0.0;0.0;0.6;11;3;0;0
2023-11-03;3;16.4;9.0;12.6;94;63;80;27.1;16.8;0.0;4.0;6.0;4.0;4.666666666666667;0.0;0.6;0.0;0.6;11;4;0;0
2023-11-04;7;15.1;9.3;12.1;94;70;83;26.4;15.8;0.0;3.0;4.0;6.0;4.333333333333333;0.0;0.0;0.6;0.6;11;5;1;0
2023-11-05;3;14.3;10.1;12.4;95;73;84;19.7;12.9;0.5;7.0;3.0;4.0;4.666666666666667;0.0;0.0;0.0;0.0;11;6;1;0
2023-11-06;2;15.1;7.7;12.0;96;77;88;28.0;16.1;6.2;3.0;7.0;3.0;4.333333333333333;0.5;0.0;0.0;0.5;11;0;0;0
2023-11-07;9;15.6;11.2;13.2;95;62;78;23.6;17.0;1.5;2.0;3.0;7.0;4.0;6.2;0.5;0.0;6.7;11;1;0;0
2023-11-08;7;16.9;9.1;13.1;92;68;80;32.0;19.0;0.0;9.0;2.0;3.0;4.666666666666667;1.5;6.2;0.5;8.2;11;2;0;0
2023-11-09;5;16.5;9.7;12.8;94;67;83;19.7;13.1;0.0;7.0;9.0;2.0;6.0;0.0;1.5;6.2;7.7;11;3;0;0
2023-11-10;4;14.0;10.1;12.1;91;61;74;31.4;18.4;0.7;5.0;7.0;9.0;7.0;0.0;0.0;1.5;1.5;11;4;0;0
2023-11-11;7;12.8;8.8;11.6;91;56;73;38.2;25.9;12.2;4.0;5.0;7.0;5.333333333333333;0.7;0.0;0.0;0.7;11;5;1;0
2023-11-12;4;14.2;5.9;10.1;81;46;65;34.1;18.9;0.0;7.0;4.0;5.0;5.333333333333333;12.2;0.7;0.0;12.899999999999999;11;6;1;0
2023-11-13;5;14.7;5.2;10.8;91;54;72;32.1;17.6;0.0;4.0;7.0;4.0;5.0;0.0;12.2;0.7;12.899999999999999;11;0;0;0
2023-11-14;6;14.1;8.1;11.2;91;54;69;33.1;22.0;0.0;5.0;4.0;7.0;5.333333333333333;0.0;0.0;12.2;12.2;11;1;0;0
2023-11-15;4;13.6;7.6;11.0;81;58;68;21.1;15.3;0.0;6.0;5.0;4.0;5.0;0.0;0.0;0.0;0.0;11;2;0;0
2023-11-16;4;14.6;8.9;12.2;93;71;83;27.4;15.6;8.1;4.0;6.0;5.0;5.0;0.0;0.0;0.0;0.0;11;3;0;0
2023-11-17;3;13.8;10.8;12.6;96;67;80;35.6;24.8;13.5;4.0;4.0;6.0;4.666666666666667;8.1;0.0;0.0;8.1;11;4;0;0
2023-11-18;5;14.2;7.8;11.8;85;64;72;10.5;6.6;0.1;3.0;4.0;4.0;3.6666666666666665;13.5;8.1;0.0;21.6;11;5;1;0
2023-11-19;8;15.4;6.5;12.0;95;74;82;19.0;10.5;0.0;5.0;3.0;4.0;4.0;0.1;13.5;8.1;21.7;11;6;1;0
2023-11-20;4;15.6;11.6;13.5;96;76;87;19.5;13.4;2.9;8.0;5.0;3.0;5.333333333333333;0.0;0.1;13.5;13.6;11;0;0;0
2023-11-21;0;15.6;9.6;12.8;85;69;77;26.7;19.0;0.0;4.0;8.0;5.0;5.666666666666667;2.9;0.0;0.1;3.0;11;1;0;0
2023-11-22;7;16.5;10.4;13.3;84;59;73;32.9;20.7;0.0;0.0;4.0;8.0;4.0;0.0;2.9;0.0;2.9;11;2;0;0
2023-11-23;3;19.8;9.5;14.4;95;60;76;28.0;18.0;0.0;7.0;0.0;4.0;3.6666666666666665;0.0;0.0;2.9;2.9;11;3;0;0
2023-11-24;9;17.5;9.6;13.9;98;72;85;21.9;13.8;0.0;3.0;7.0;0.0;3.3333333333333335;0.0;0.0;0.0;0.0;11;4;0;0
2023-11-25;6;17.9;10.2;13.7;97;72;85;25.4;16.4;0.0;9.0;3.0;7.0;6.333333333333333;0.0;0.0;0.0;0.0;11;5;1;0
2023-11-26;4;18.2;10.4;14.3;97;75;87;13.9;9.4;0.0;6.0;9.0;3.0;6.0;0.0;0.0;0.0;0.0;11;6;1;0
2023-11-27;1;15.8;12.0;13.5;96;76;87;27.8;17.2;1.9;4.0;6.0;9.0;6.333333333333333;0.0;0.0;0.0;0.0;11;0;0;0
2023-11-28;5;16.2;11.4;13.6;93;69;80;30.1;18.4;0.0;1.0;4.0;6.0;3.6666666666666665;1.9;0.0;0.0;1.9;11;1;0;0
2023-11-29;3;17.4;9.8;13.7;92;62;76;32.3;20.6;0.0;5.0;1.0;4.0;3.3333333333333335;0.0;1.9;0.0;1.9;11;2;0;0
2023-11-30;8;17.1;11.9;14.1;95;69;81;28.8;20.5;0.0;3.0;5.0;1.0;3.0;0.0;0.0;1.9;1.9;11;3;0;0
2023-12-01;5;15.9;12.2;13.8;93;74;85;18.8;12.6;3.8;8.0;3.0;5.0;5.333333333333333;0.0;0.0;0.0;0.0;12;4;0;0
2023-12-02;6;17.0;9.8;13.2;86;44;63;42.4;27.0;0.0;5.0;8.0;3.0;5.333333333333333;3.8;0.0;0.0;3.8;12;5;1;0
2023-12-03;3;17.5;8.9;13.0;89;50;67;36.8;24.0;0.0;6.0;5.0;8.0;6.333333333333333;0.0;3.8;0.0;3.8;12;6;1;0
2023-12-04;6;19.6;9.4;14.6;93;57;76;22.7;14.1;0.0;3.0;6.0;5.0;4.666666666666667;0.0;0.0;3.8;3.8;12;0;0;0
2023-12-05;3;16.1;10.1;13.3;100;71;84;16.8;12.0;0.2;6.0;3.0;6.0;5.0;0.0;0.0;0.0;0.0;12;1;0;0
2023-12-06;2;19.2;10.1;14.8;96;70;83;24.2;14.9;0.0;3.0;6.0;3.0;4.0;0.2;0.0;0.0;0.2;12;2;0;0
2023-12-07;3;19.2;12.0;15.3;94;69;81;31.3;20.1;0.0;2.0;3.0;6.0;3.6666666666666665;0.0;0.2;0.0;0.2;12;3;0;0
2023-12-08;3;17.8;11.2;14.0;91;60;75;34.4;28.3;0.0;3.0;2.0;3.0;2.6666666666666665;0.0;0.0;0.2;0.2;12;4;0;1
2023-12-09;6;19.0;10.2;14.9;88;56;70;29.8;19.9;0.0;3.0;3.0;2.0;2.6666666666666665;0.0;0.0;0.0;0.0;12;5;1;0
2023-12-10;1;20.2;11.4;15.8;85;59;68;37.2;22.4;0.0;6.0;3.0;3.0;4.0;0.0;0.0;0.0;0.0;12;6;1;0
2023-12-11;7;16.4;11.2;13.8;94;66;81;21.7;17.7;0.3;1.0;6.0;3.0;3.3333333333333335;0.0;0.0;0.0;0.0;12;0;0;0
2023-12-12;13;18.2;11.8;14.7;91;55;74;32.9;22.8;0.0;7.0;1.0;6.0;4.666666666666667;0.3;0.0;0.0;0.3;12;1;0;0
2023-12-13;2;18.5;9.9;14.0;93;58;75;27.6;19.0;0.0;13.0;7.0;1.0;7.0;0.0;0.3;0.0;0.3;12;2;0;0
2023-12-14;3;15.8;10.1;12.9;97;63;79;24.5;19.8;0.0;2.0;13.0;7.0;7.333333333333333;0.0;0.0;0.3;0.3;12;3;0;0
2023-12-15;0;16.1;8.6;13.1;93;60;77;20.4;11.7;0.0;3.0;2.0;13.0;6.0;0.0;0.0;0.0;0.0;12;4;0;0
2023-12-16;0;16.2;11.0;13.4;94;63;78;39.4;26.9;6.4;0.0;3.0;2.0;1.6666666666666667;0.0;0.0;0.0;0.0;12;5;1;0
2023-12-17;9;15.7;10.2;13.0;91;57;75;30.4;18.3;0.9;0.0;0.0;3.0;1.0;6.4;0.0;0.0;6.4;12;6;1;0
2023-12-18;2;17.3;9.2;13.5;88;52;68;32.6;20.6;0.0;9.0;0.0;0.0;3.0;0.9;6.4;0.0;7.300000000000001;12;0;0;0
2023-12-19;3;16.8;10.3;13.8;96;73;85;17.3;13.0;0.2;2.0;9.0;0.0;3.6666666666666665;0.0;0.9;6.4;7.300000000000001;12;1;0;0
2023-12-20;3;16.6;12.6;14.6;91;72;82;24.7;12.6;0.1;3.0;2.0;9.0;4.666666666666667;0.2;0.0;0.9;1.1;12;2;0;0
2023-12-21;5;18.8;11.8;15.0;97;69;83;26.5;18.7;0.0;3.0;3.0;2.0;2.6666666666666665;0.1;0.2;0.0;0.30000000000000004;12;3;0;0
2023-12-22;3;20.5;12.2;16.1;96;63;80;32.1;21.4;0.0;5.0;3.0;3.0;3.6666666666666665;0.0;0.1;0.2;0.30000000000000004;12;4;0;0
2023-12-23;6;21.0;12.6;16.6;92;58;76;26.5;17.0;0.0;3.0;5.0;3.0;3.6666666666666665;0.0;0.0;0.1;0.1;12;5;1;0
2023-12-24;1;20.6;12.4;16.6;92;51;71;26.6;15.8;0.0;6.0;3.0;5.0;4.666666666666667;0.0;0.0;0.0;0.0;12;6;1;0
2023-12-25;9;21.2;12.6;17.5;89;58;72;25.5;16.4;0.0;1.0;6.0;3.0;3.3333333333333335;0.0;0.0;0.0;0.0;12;0;0;1
2023-12-26;2;18.2;12.6;15.4;92;80;86;26.3;13.0;0.0;9.0;1.0;6.0;5.333333333333333;0.0;0.0;0.0;0.0;12;1;0;0
2023-12-27;3;17.8;13.2;15.1;96;73;87;17.7;10.2;0.6;2.0;9.0;1.0;4.0;0.0;0.0;0.0;0.0;12;2;0;0
2023-12-28;3;17.2;12.2;14.6;99;77;88;20.2;11.6;0.1;3.0;2.0;9.0;4.666666666666667;0.6;0.0;0.0;0.6;12;3;0;0
2023-12-29;8;21.5;12.8;17.1;94;70;82;18.3;10.6;0.0;3.0;3.0;2.0;2.6666666666666665;0.1;0.6;0.0;0.7;12;4;0;0
2023-12-30;5;18.2;13.2;15.4;96;73;86;31.6;21.5;0.6;8.0;3.0;3.0;4.666666666666667;0.0;0.1;0.6;0.7;12;5;1;0
2023-12-31;5;18.5;10.8;15.3;95;69;83;16.0;9.5;0.1;5.0;8.0;3.0;5.333333333333333;0.6;0.0;0.1;0.7;12;6;1;0
2024-01-01;6;19.7;12.0;16.0;96;68;82;28.1;15.0;0.0;5.0;5.0;8.0;6.0;0.1;0.6;0.0;0.7;1;0;0;1
2024-01-02;8;21.5;12.9;17.1;96;61;79;31.6;21.0;0.0;6.0;5.0;5.0;5.333333333333333;0.0;0.1;0.6;0.7;1;1;0;0
2024-01-03;3;20.8;13.1;17.3;94;64;78;27.3;18.8;0.0;8.0;6.0;5.0;6.333333333333333;0.0;0.0;0.1;0.1;1;2;0;0
2024-01-04;3;22.1;14.1;18.3;94;67;77;21.1;12.6;0.0;3.0;8.0;6.0;5.666666666666667;0.0;0.0;0.0;0.0;1;3;0;0
2024-01-05;3;19.2;14.6;16.5;93;74;86;17.1;12.8;0.0;3.0;3.0;8.0;4.666666666666667;0.0;0.0;0.0;0.0;1;4;0;0
2024-01-06;0;19.3;13.9;16.4;97;69;83;18.6;14.5;0.0;3.0;3.0;3.0;3.0;0.0;0.0;0.0;0.0;1;5;1;0
2024-01-07;2;19.0;14.6;16.7;97;67;80;27.9;18.0;0.3;0.0;3.0;3.0;2.0;0.0;0.0;0.0;0.0;1;6;1;0
2024-01-08;9;20.1;12.9;16.5;89;57;69;33.9;21.8;0.0;2.0;0.0;3.0;1.6666666666666667;0.3;0.0;0.0;0.3;1;0;0;0
2024-01-09;15;20.5;12.1;16.3;88;50;68;32.8;21.4;0.0;9.0;2.0;0.0;3.6666666666666665;0.0;0.3;0.0;0.3;1;1;0;0
2024-01-10;7;20.2;12.6;16.3;90;52;71;25.7;17.1;0.0;15.0;9.0;2.0;8.666666666666666;0.0;0.0;0.3;0.3;1;2;0;0
2024-01-11;8;20.1;11.0;16.2;95;51;72;27.0;15.5;0.0;7.0;15.0;9.0;10.333333333333334;0.0;0.0;0.0;0.0;1;3;0;0
2024-01-12;3;21.6;12.4;16.3;92;58;75;25.8;17.7;0.0;8.0;7.0;15.0;10.0;0.0;0.0;0.0;0.0;1;4;0;0
2024-01-13;6;20.0;11.8;15.5;95;53;75;30.3;21.6;0.0;3.0;8.0;7.0;6.0;0.0;0.0;0.0;0.0;1;5;1;0
2024-01-14;8;20.8;12.0;16.2;84;53;69;34.8;21.2;0.0;6.0;3.0;8.0;5.666666666666667;0.0;0.0;0.0;0.0;1;6;1;0
2024-01-15;5;20.4;11.9;15.9;95;62;79;31.0;20.5;0.0;8.0;6.0;3.0;5.666666666666667;0.0;0.0;0.0;0.0;1;0;0;0
2024-01-16;5;21.3;12.9;17.1;95;58;75;31.1;21.4;0.0;5.0;8.0;6.0;6.333333333333333;0.0;0.0;0.0;0.0;1;1;0;0
2024-01-17;6;19.1;12.3;15.9;92;65;76;36.4;25.2;0.0;5.0;5.0;8.0;6.0;0.0;0.0;0.0;0.0;1;2;0;0
2024-01-18;8;19.5;13.2;16.1;91;49;71;40.5;24.7;0.0;6.0;5.0;5.0;5.333333333333333;0.0;0.0;0.0;0.0;1;3;0;0
2024-01-19;4;22.0;11.1;16.2;95;47;72;38.4;22.1;0.0;8.0;6.0;5.0;6.333333333333333;0.0;0.0;0.0;0.0;1;4;0;0
2024-01-20;11;21.3;11.6;16.0;93;50;73;23.8;16.8;0.0;4.0;8.0;6.0;6.0;0.0;0.0;0.0;0.0;1;5;1;0
2024-01-21;13;20.6;12.4;16.4;96;56;76;16.3;10.9;0.0;11.0;4.0;8.0;7.666666666666667;0.0;0.0;0.0;0.0;1;6;1;0
2024-01-22;3;19.8;12.7;15.8;100;69;85;17.7;10.2;0.0;13.0;11.0;4.0;9.333333333333334;0.0;0.0;0.0;0.0;1;0;0;0
2024-01-23;7;17.5;12.1;14.5;100;74;87;14.2;9.4;0.0;3.0;13.0;11.0;9.0;0.0;0.0;0.0;0.0;1;1;0;0
2024-01-24;3;24.3;13.6;19.1;93;45;69;25.0;15.9;0.0;7.0;3.0;13.0;7.666666666666667;0.0;0.0;0.0;0.0;1;2;0;0
2024-01-25;4;19.1;13.5;16.2;95;68;81;21.3;12.2;0.0;3.0;7.0;3.0;4.333333333333333;0.0;0.0;0.0;0.0;1;3;0;0
2024-01-26;3;17.9;12.9;14.9;98;70;87;16.5;11.6;0.0;4.0;3.0;7.0;4.666666666666667;0.0;0.0;0.0;0.0;1;4;0;0
2024-01-27;4;22.9;13.3;17.5;96;61;80;23.2;14.2;0.0;3.0;4.0;3.0;3.3333333333333335;0.0;0.0;0.0;0.0;1;5;1;0
2024-01-28;2;20.5;13.1;16.9;95;59;77;20.1;11.6;0.0;4.0;3.0;4.0;3.6666666666666665;0.0;0.0;0.0;0.0;1;6;1;0
2024-01-29;1;21.9;12.4;17.4;94;50;72;22.6;13.4;0.0;2.0;4.0;3.0;3.0;0.0;0.0;0.0;0.0;1;0;0;0
2024-01-30;5;24.0;12.9;18.8;92;45;64;31.7;17.3;0.0;1.0;2.0;4.0;2.3333333333333335;0.0;0.0;0.0;0.0;1;1;0;0
2024-01-31;2;24.6;15.4;19.5;86;50;69;32.2;20.4;0.0;5.0;1.0;2.0;2.6666666666666665;0.0;0.0;0.0;0.0;1;2;0;0
2024-02-01;3;23.3;15.1;18.9;92;56;77;33.8;23.2;0.0;2.0;5.0;1.0;2.6666666666666665;0.0;0.0;0.0;0.0;2;3;0;0
2024-02-02;5;23.0;16.0;19.3;95;66;81;35.1;24.4;0.0;3.0;2.0;5.0;3.3333333333333335;0.0;0.0;0.0;0.0;2;4;0;0
2024-02-03;5;22.5;15.5;18.7;90;50;70;34.4;24.2;0.0;5.0;3.0;2.0;3.3333333333333335;0.0;0.0;0.0;0.0;2;5;1;0
2024-02-04;4;21.2;13.4;17.0;85;61;76;24.7;15.0;0.0;5.0;5.0;3.0;4.333333333333333;0.0;0.0;0.0;0.0;2;6;1;0
2024-02-05;6;20.8;11.8;16.8;100;67;83;20.1;15.3;0.0;4.0;5.0;5.0;4.666666666666667;0.0;0.0;0.0;0.0;2;0;0;0
2024-02-06;11;21.8;14.8;18.0;99;75;90;17.4;11.0;0.0;6.0;4.0;5.0;5.0;0.0;0.0;0.0;0.0;2;1;0;0
2024-02-07;8;25.5;15.9;19.6;100;43;73;33.2;20.6;0.0;11.0;6.0;4.0;7.0;0.0;0.0;0.0;0.0;2;2;0;0
2024-02-08;7;22.0;12.2;17.4;92;51;67;25.5;16.3;0.0;8.0;11.0;6.0;8.333333333333334;0.0;0.0;0.0;0.0;2;3;0;0
2024-02-09;11;20.1;13.3;16.6;97;59;80;18.2;12.3;0.0;7.0;8.0;11.0;8.666666666666666;0.0;0.0;0.0;0.0;2;4;0;0
2024-02-10;3;19.5;12.8;16.0;93;70;83;24.7;12.7;0.0;11.0;7.0;8.0;8.666666666666666;0.0;0.0;0.0;0.0;2;5;1;0
2024-02-11;1;20.5;13.9;16.8;92;59;76;32.0;23.7;0.0;3.0;11.0;7.0;7.0;0.0;0.0;0.0;0.0;2;6;1;0
2024-02-12;1;22.4;13.5;17.5;92;46;71;28.1;17.9;0.0;1.0;3.0;11.0;5.0;0.0;0.0;0.0;0.0;2;0;0;0
2024-02-13;3;23.1;14.1;17.7;97;57;76;22.6;14.2;0.0;1.0;1.0;3.0;1.6666666666666667;0.0;0.0;0.0;0.0;2;1;0;0
2024-02-14;3;17.9;13.4;15.2;100;77;89;26.3;13.6;0.1;3.0;1.0;1.0;1.6666666666666667;0.0;0.0;0.0;0.0;2;2;0;0
2024-02-15;4;17.4;11.4;14.4;99;72;86;13.5;8.5;0.0;3.0;3.0;1.0;2.3333333333333335;0.1;0.0;0.0;0.1;2;3;0;0
2024-02-16;7;19.7;12.0;15.8;94;69;84;24.8;14.8;0.0;4.0;3.0;3.0;3.3333333333333335;0.0;0.1;0.0;0.1;2;4;0;0
2024-02-17;2;22.9;13.4;17.7;96;43;71;37.5;24.6;0.0;7.0;4.0;3.0;4.666666666666667;0.0;0.0;0.1;0.1;2;5;1;0
2024-02-18;4;24.3;14.1;18.3;86;46;64;32.3;20.1;0.0;2.0;7.0;4.0;4.333333333333333;0.0;0.0;0.0;0.0;2;6;1;0
2024-02-19;4;18.5;11.6;15.2;97;76;87;32.7;16.5;0.0;4.0;2.0;7.0;4.333333333333333;0.0;0.0;0.0;0.0;2;0;0;0
2024-02-20;2;19.0;12.8;16.0;92;66;80;16.8;9.0;0.1;4.0;4.0;2.0;3.3333333333333335;0.0;0.0;0.0;0.0;2;1;0;0
2024-02-21;4;18.1;12.1;15.0;97;74;86;17.0;9.2;0.0;2.0;4.0;4.0;3.3333333333333335;0.1;0.0;0.0;0.1;2;2;0;0
2024-02-22;3;18.9;12.6;16.0;94;64;79;27.0;12.2;2.5;4.0;2.0;4.0;3.3333333333333335;0.0;0.1;0.0;0.1;2;3;0;0
2024-02-23;1;21.0;13.1;16.7;81;52;67;29.0;18.6;0.0;3.0;4.0;2.0;3.0;2.5;0.0;0.1;2.6;2;4;0;0
2024-02-24;4;22.0;13.2;17.6;78;51;62;19.2;12.7;0.0;1.0;3.0;4.0;2.6666666666666665;0.0;2.5;0.0;2.5;2;5;1;0
2024-02-25;2;20.1;12.7;16.8;89;58;70;28.8;16.6;0.0;4.0;1.0;3.0;2.6666666666666665;0.0;0.0;2.5;2.5;2;6;1;0
2024-02-26;4;21.1;12.9;16.3;90;58;76;25.6;18.2;0.0;2.0;4.0;1.0;2.3333333333333335;0.0;0.0;0.0;0.0;2;0;0;0
2024-02-27;3;19.8;13.1;16.1;94;65;83;25.8;18.5;0.0;4.0;2.0;4.0;3.3333333333333335;0.0;0.0;0.0;0.0;2;1;0;0
2024-02-28;7;22.0;14.9;18.1;96;55;78;28.9;20.0;0.0;3.0;4.0;2.0;3.0;0.0;0.0;0.0;0.0;2;2;0;0
2024-02-29;4;21.2;12.5;16.5;95;51;74;29.7;17.1;0.0;7.0;3.0;4.0;4.666666666666667;0.0;0.0;0.0;0.0;2;3;0;0
2024-03-01;7;21.3;12.3;16.2;93;48;72;31.6;21.2;0.0;4.0;7.0;3.0;4.666666666666667;0.0;0.0;0.0;0.0;3;4;0;0
2024-03-02;5;21.4;13.0;16.8;86;49;66;36.2;22.1;0.0;7.0;4.0;7.0;6.0;0.0;0.0;0.0;0.0;3;5;1;0
2024-03-03;0;20.9;10.5;15.8;92;44;67;30.7;16.5;0.0;5.0;7.0;4.0;5.333333333333333;0.0;0.0;0.0;0.0;3;6;1;0
2024-03-04;10;19.9;11.0;15.3;94;53;72;22.6;14.0;0.0;0.0;5.0;7.0;4.0;0.0;0.0;0.0;0.0;3;0;0;0
2024-03-05;2;20.2;11.3;15.4;94;51;77;29.5;20.0;0.0;10.0;0.0;5.0;5.0;0.0;0.0;0.0;0.0;3;1;0;0
2024-03-06;3;18.5;12.2;15.2;93;50;73;27.8;20.1;0.0;2.0;10.0;0.0;4.0;0.0;0.0;0.0;0.0;3;2;0;0
2024-03-07;8;16.7;10.8;13.7;90;54;75;20.0;14.6;0.0;3.0;2.0;10.0;5.0;0.0;0.0;0.0;0.0;3;3;0;0
2024-03-08;12;15.8;11.6;13.9;100;81;89;26.0;16.1;6.6;8.0;3.0;2.0;4.333333333333333;0.0;0.0;0.0;0.0;3;4;0;0
2024-03-09;4;18.6;10.6;14.4;97;60;80;29.1;15.6;0.0;12.0;8.0;3.0;7.666666666666667;6.6;0.0;0.0;6.6;3;5;1;0
2024-03-10;2;18.0;9.8;14.1;96;67;84;19.5;11.7;0.0;4.0;12.0;8.0;8.0;0.0;6.6;0.0;6.6;3;6;1;0
2024-03-11;7;15.8;10.1;13.6;99;82;91;30.4;14.6;0.7;2.0;4.0;12.0;6.0;0.0;0.0;6.6;6.6;3;0;0;0
2024-03-12;0;18.2;13.6;15.5;94;76;87;29.2;19.2;1.0;7.0;2.0;4.0;4.333333333333333;0.7;0.0;0.0;0.7;3;1;0;0
2024-03-13;3;18.2;11.8;14.9;89;54;73;21.3;12.2;0.0;0.0;7.0;2.0;3.0;1.0;0.7;0.0;1.7;3;2;0;0
2024-03-14;3;19.3;12.6;15.2;93;43;73;34.1;20.8;0.0;3.0;0.0;7.0;3.3333333333333335;0.0;1.0;0.7;1.7;3;3;0;0
2024-03-15;8;18.4;10.4;14.4;90;53;74;30.3;19.1;0.0;3.0;3.0;0.0;2.0;0.0;0.0;1.0;1.0;3;4;0;0
2024-03-16;12;19.0;10.2;14.6;92;58;73;30.6;18.6;0.0;8.0;3.0;3.0;4.666666666666667;0.0;0.0;0.0;0.0;3;5;1;0
2024-03-17;17;18.8;8.2;13.9;94;45;71;31.4;18.2;0.0;12.0;8.0;3.0;7.666666666666667;0.0;0.0;0.0;0.0;3;6;1;0
2024-03-18;5;18.1;9.9;14.1;89;56;74;21.9;13.8;0.0;17.0;12.0;8.0;12.333333333333334;0.0;0.0;0.0;0.0;3;0;0;0
2024-03-19;9;17.4;12.4;14.5;95;70;84;25.1;13.6;0.1;5.0;17.0;12.0;11.333333333333334;0.0;0.0;0.0;0.0;3;1;0;0
2024-03-20;3;15.6;13.4;14.0;97;70;84;32.1;18.9;36.3;9.0;5.0;17.0;10.333333333333334;0.1;0.0;0.0;0.1;3;2;0;0
2024-03-21;4;18.1;12.8;15.0;90;53;71;20.1;12.8;0.0;3.0;9.0;5.0;5.666666666666667;36.3;0.1;0.0;36.4;3;3;0;0
2024-03-22;3;19.9;11.2;15.0;96;59;84;10.4;6.1;0.0;4.0;3.0;9.0;5.333333333333333;0.0;36.3;0.1;36.4;3;4;0;0
2024-03-23;4;18.4;13.7;15.4;100;91;97;19.9;11.6;3.6;3.0;4.0;3.0;3.3333333333333335;0.0;0.0;36.3;36.3;3;5;1;0
2024-03-24;1;19.0;12.6;15.5;98;78;89;24.0;15.1;0.0;4.0;3.0;4.0;3.6666666666666665;3.6;0.0;0.0;3.6;3;6;1;0
2024-03-25;4;19.4;12.8;15.8;97;72;85;21.4;13.9;0.0;1.0;4.0;3.0;2.6666666666666665;0.0;3.6;0.0;3.6;3;0;0;0
2024-03-26;5;21.4;14.1;17.1;95;79;89;26.1;17.1;0.0;4.0;1.0;4.0;3.0;0.0;0.0;3.6;3.6;3;1;0;0
2024-03-27;2;19.1;13.2;15.8;96;76;87;20.5;15.3;0.0;5.0;4.0;1.0;3.3333333333333335;0.0;0.0;0.0;0.0;3;2;0;0
2024-03-28;5;20.2;11.8;16.1;96;68;81;23.7;13.0;0.0;2.0;5.0;4.0;3.6666666666666665;0.0;0.0;0.0;0.0;3;3;0;0
2024-03-29;3;19.9;12.1;16.0;97;67;81;29.7;16.7;0.0;5.0;2.0;5.0;4.0;0.0;0.0;0.0;0.0;3;4;0;1
2024-03-30;2;20.2;11.5;15.5;70;48;58;20.5;15.8;0.0;3.0;5.0;2.0;3.3333333333333335;0.0;0.0;0.0;0.0;3;5;1;1
2024-03-31;3;16.8;11.1;13.6;90;53;72;26.6;15.7;0.0;2.0;3.0;5.0;3.3333333333333335;0.0;0.0;0.0;0.0;3;6;1;0
2024-04-01;3;16.4;8.9;13.0;88;61;77;16.6;9.9;0.0;3.0;2.0;3.0;2.6666666666666665;0.0;0.0;0.0;0.0;4;0;0;0
2024-04-02;6;16.0;11.9;13.6;97;82;88;36.9;16.8;6.0;3.0;3.0;2.0;2.6666666666666665;0.0;0.0;0.0;0.0;4;1;0;0
2024-04-03;6;16.2;9.6;13.1;95;71;83;20.2;10.7;0.0;6.0;3.0;3.0;4.0;6.0;0.0;0.0;6.0;4;2;0;0
2024-04-04;3;17.3;8.4;13.1;94;65;81;24.0;13.1;0.0;6.0;6.0;3.0;5.0;0.0;6.0;0.0;6.0;4;3;0;0
2024-04-05;8;17.1;8.7;13.5;98;72;85;22.2;13.6;0.0;3.0;6.0;6.0;5.0;0.0;0.0;6.0;6.0;4;4;0;0
2024-04-06;8;17.0;8.6;13.2;95;70;86;17.7;11.5;0.0;8.0;3.0;6.0;5.666666666666667;0.0;0.0;0.0;0.0;4;5;1;0
2024-04-07;4;17.0;11.5;13.9;94;71;86;21.1;14.3;0.0;8.0;8.0;3.0;6.333333333333333;0.0;0.0;0.0;0.0;4;6;1;0
2024-04-08;2;18.1;12.1;14.8;100;81;93;14.7;12.0;0.2;4.0;8.0;8.0;6.666666666666667;0.0;0.0;0.0;0.0;4;0;0;0
2024-04-09;5;16.9;11.2;14.0;95;61;74;19.6;12.4;0.0;2.0;4.0;8.0;4.666666666666667;0.2;0.0;0.0;0.2;4;1;0;0
2024-04-10;4;15.4;7.4;11.3;93;66;76;16.5;7.6;0.2;5.0;2.0;4.0;3.6666666666666665;0.0;0.2;0.0;0.2;4;2;0;0
2024-04-11;4;15.9;9.1;12.4;94;74;87;17.7;12.2;0.1;4.0;5.0;2.0;3.6666666666666665;0.2;0.0;0.2;0.4;4;3;0;0
2024-04-12;4;15.2;8.2;11.6;97;80;90;11.4;5.3;0.0;4.0;4.0;5.0;4.333333333333333;0.1;0.2;0.0;0.30000000000000004;4;4;0;0
2024-04-13;1;15.4;10.2;13.0;98;73;86;17.7;8.8;0.0;4.0;4.0;4.0;4.0;0.0;0.1;0.2;0.30000000000000004;4;5;1;0
2024-04-14;3;16.4;9.9;12.8;98;89;94;15.3;6.5;0.0;1.0;4.0;4.0;3.0;0.0;0.0;0.1;0.1;4;6;1;0
2024-04-15;3;15.4;9.9;13.1;98;80;91;20.0;11.5;0.1;3.0;1.0;4.0;2.6666666666666665;0.0;0.0;0.0;0.0;4;0;0;0
2024-04-16;2;16.1;12.7;14.1;97;82;91;23.1;17.4;2.8;3.0;3.0;1.0;2.3333333333333335;0.1;0.0;0.0;0.1;4;1;0;0
2024-04-17;7;19.5;10.4;14.4;96;75;89;17.6;9.7;0.0;2.0;3.0;3.0;2.6666666666666665;2.8;0.1;0.0;2.9;4;2;0;0
2024-04-18;8;16.9;10.2;13.8;97;73;89;12.8;8.0;0.0;7.0;2.0;3.0;4.0;0.0;2.8;0.1;2.9;4;3;0;0
2024-04-19;8;16.1;10.3;13.4;94;66;80;21.2;12.5;0.0;8.0;7.0;2.0;5.666666666666667;0.0;0.0;2.8;2.8;4;4;0;0
2024-04-20;3;14.9;10.2;12.5;91;60;78;17.3;11.6;0.0;8.0;8.0;7.0;7.666666666666667;0.0;0.0;0.0;0.0;4;5;1;0
2024-04-21;7;16.0;9.8;12.6;95;55;77;34.6;16.4;11.5;3.0;8.0;8.0;6.333333333333333;0.0;0.0;0.0;0.0;4;6;1;0
2024-04-22;6;14.1;8.6;12.3;95;68;81;40.0;13.6;31.9;7.0;3.0;8.0;6.0;11.5;0.0;0.0;11.5;4;0;0;0
2024-04-23;3;15.0;8.1;11.0;93;62;80;17.7;11.7;0.0;6.0;7.0;3.0;5.333333333333333;31.9;11.5;0.0;43.4;4;1;0;0
2024-04-24;5;14.2;5.4;11.0;96;77;85;26.6;14.2;7.2;3.0;6.0;7.0;5.333333333333333;0.0;31.9;11.5;43.4;4;2;0;0
2024-04-25;3;15.2;12.6;13.6;94;82;90;22.4;14.7;6.1;5.0;3.0;6.0;4.666666666666667;7.2;0.0;31.9;39.1;4;3;0;0
2024-04-26;2;14.2;8.6;12.0;94;60;79;13.6;8.9;5.1;3.0;5.0;3.0;3.6666666666666665;6.1;7.2;0.0;13.3;4;4;0;0
2024-04-27;6;13.1;7.1;10.3;90;70;80;12.5;7.6;0.2;2.0;3.0;5.0;3.3333333333333335;5.1;6.1;7.2;18.4;4;5;1;0
2024-04-28;6;13.6;5.8;10.4;88;70;81;27.1;11.4;2.2;6.0;2.0;3.0;3.6666666666666665;0.2;5.1;6.1;11.399999999999999;4;6;1;0
2024-04-29;10;13.9;11.3;12.6;92;61;80;48.4;35.4;30.4;6.0;6.0;2.0;4.666666666666667;2.2;0.2;5.1;7.5;4;0;0;0
2024-04-30;3;12.4;9.1;11.0;91;63;78;24.1;17.0;14.8;10.0;6.0;6.0;7.333333333333333;30.4;2.2;0.2;32.800000000000004;4;1;0;0
2024-05-01;5;12.1;5.3;8.7;90;60;78;19.1;11.4;0.0;3.0;10.0;6.0;6.333333333333333;14.8;30.4;2.2;47.400000000000006;5;2;0;1
2024-05-02;4;12.8;4.1;8.3;88;68;79;21.4;12.9;0.0;5.0;3.0;10.0;6.0;0.0;14.8;30.4;45.2;5;3;0;0
2024-05-03;3;13.2;4.8;9.5;94;73;86;36.9;20.4;25.1;4.0;5.0;3.0;4.0;0.0;0.0;14.8;14.8;5;4;0;0
2024-05-04;11;14.1;10.9;12.6;94;64;77;36.4;20.3;10.3;3.0;4.0;5.0;4.0;25.1;0.0;0.0;25.1;5;5;1;0
2024-05-05;5;12.5;10.0;11.0;92;67;78;17.3;8.3;2.4;11.0;3.0;4.0;6.0;10.3;25.1;0.0;35.400000000000006;5;6;1;0
2024-05-06;3;13.0;10.9;11.8;90;66;81;43.7;33.1;19.5;5.0;11.0;3.0;6.333333333333333;2.4;10.3;25.1;37.800000000000004;5;0;0;0
2024-05-07;2;11.9;6.3;9.9;90;66;77;27.1;11.7;18.1;3.0;5.0;11.0;6.333333333333333;19.5;2.4;10.3;32.2;5;1;0;0
2024-05-08;1;13.0;6.1;9.0;93;57;78;14.5;10.2;0.0;2.0;3.0;5.0;3.3333333333333335;18.1;19.5;2.4;40.0;5;2;0;0
2024-05-09;3;13.3;6.0;10.2;89;77;83;17.1;12.4;0.0;1.0;2.0;3.0;2.0;0.0;18.1;19.5;37.6;5;3;0;0
2024-05-10;2;12.8;4.7;9.6;96;72;82;13.7;6.3;0.2;3.0;1.0;2.0;2.0;0.0;0.0;18.1;18.1;5;4;0;0
2024-05-11;5;12.3;5.8;8.5;92;77;86;9.0;7.1;4.6;2.0;3.0;1.0;2.0;0.2;0.0;0.0;0.2;5;5;1;0
2024-05-12;6;12.3;3.9;7.6;97;70;85;14.2;7.7;0.0;5.0;2.0;3.0;3.3333333333333335;4.6;0.2;0.0;4.8;5;6;1;0
2024-05-13;9;11.7;2.5;7.4;89;68;79;12.4;8.3;0.0;6.0;5.0;2.0;4.333333333333333;0.0;4.6;0.2;4.8;5;0;0;0
2024-05-14;3;11.6;3.2;7.3;90;65;76;14.5;8.6;0.0;9.0;6.0;5.0;6.666666666666667;0.0;0.0;4.6;4.6;5;1;0;0
2024-05-15;10;12.4;3.2;8.1;92;67;82;23.4;14.6;2.3;3.0;9.0;6.0;6.0;0.0;0.0;0.0;0.0;5;2;0;0
2024-05-16;0;13.0;7.0;10.0;92;73;85;22.0;11.9;2.6;10.0;3.0;9.0;7.333333333333333;2.3;0.0;0.0;2.3;5;3;0;0
2024-05-17;6;12.4;2.8;8.0;94;79;86;9.4;6.1;0.0;0.0;10.0;3.0;4.333333333333333;2.6;2.3;0.0;4.9;5;4;0;0
2024-05-18;7;11.7;4.2;7.4;97;76;88;7.4;4.8;0.0;6.0;0.0;10.0;5.333333333333333;0.0;2.6;2.3;4.9;5;5;1;0
2024-05-19;6;12.8;4.7;9.0;91;66;81;20.3;11.6;9.5;7.0;6.0;0.0;4.333333333333333;0.0;0.0;2.6;2.6;5;6;1;0
2024-05-20;5;12.9;9.1;11.0;94;73;88;22.1;9.6;10.8;6.0;7.0;6.0;6.333333333333333;9.5;0.0;0.0;9.5;5;0;0;0
2024-05-21;5;12.9;6.6;10.0;91;72;84;14.8;9.5;0.0;5.0;6.0;7.0;6.0;10.8;9.5;0.0;20.3;5;1;0;1
2024-05-22;2;11.3;5.1;7.8;91;80;86;17.7;7.0;0.0;5.0;5.0;6.0;5.333333333333333;0.0;10.8;9.5;20.3;5;2;0;0
2024-05-23;5;11.3;4.6;7.2;88;72;82;16.8;9.2;0.0;2.0;5.0;5.0;4.0;0.0;0.0;10.8;10.8;5;3;0;0
2024-05-24;6;11.9;4.9;7.4;89;71;80;16.1;12.2;0.0;5.0;2.0;5.0;4.0;0.0;0.0;0.0;0.0;5;4;0;0
2024-05-25;8;12.6;6.8;9.7;89;63;78;23.8;12.6;0.0;6.0;5.0;2.0;4.333333333333333;0.0;0.0;0.0;0.0;5;5;1;0
2024-05-26;3;13.6;8.7;10.7;92;70;82;13.8;10.9;0.2;8.0;6.0;5.0;6.333333333333333;0.0;0.0;0.0;0.0;5;6;1;0
2024-05-27;10;14.0;5.8;8.8;99;87;93;10.3;6.5;0.0;3.0;8.0;6.0;5.666666666666667;0.2;0.0;0.0;0.2;5;0;0;0
2024-05-28;4;12.8;7.0;10.5;97;88;92;31.7;17.3;3.2;10.0;3.0;8.0;7.0;0.0;0.2;0.0;0.2;5;1;0;0
2024-05-29;9;13.2;10.7;12.3;96;89;92;27.0;16.8;5.4;4.0;10.0;3.0;5.666666666666667;3.2;0.0;0.2;3.4000000000000004;5;2;0;0
2024-05-30;5;13.7;8.0;10.9;96;84;92;13.8;5.8;0.0;9.0;4.0;10.0;7.666666666666667;5.4;3.2;0.0;8.600000000000001;5;3;0;0
2024-05-31;7;12.9;6.9;10.2;98;83;92;26.5;10.1;10.2;5.0;9.0;4.0;6.0;0.0;5.4;3.2;8.600000000000001;5;4;0;0
2024-06-01;4;11.8;7.6;10.3;99;61;82;19.7;11.0;0.6;7.0;5.0;9.0;7.0;10.2;0.0;5.4;15.6;6;5;1;0
2024-06-02;5;12.6;6.0;8.7;83;66;74;20.3;13.1;0.0;4.0;7.0;5.0;5.333333333333333;0.6;10.2;0.0;10.799999999999999;6;6;1;0
2024-06-03;5;11.9;6.1;9.5;92;71;84;15.1;9.6;2.2;5.0;4.0;7.0;5.333333333333333;0.0;0.6;10.2;10.799999999999999;6;0;0;0
2024-06-04;13;14.0;9.5;11.6;90;63;74;36.1;18.8;8.0;5.0;5.0;4.0;4.666666666666667;2.2;0.0;0.6;2.8000000000000003;6;1;0;0
2024-06-05;8;13.9;11.9;13.1;99;87;93;42.5;36.4;51.0;13.0;5.0;5.0;7.666666666666667;8.0;2.2;0.0;10.2;6;2;0;0
2024-06-06;4;14.6;13.2;13.9;99;95;97;24.5;20.6;12.1;8.0;13.0;5.0;8.666666666666666;51.0;8.0;2.2;61.2;6;3;0;0
2024-06-07;9;15.2;9.9;13.1;100;88;96;11.5;6.4;0.1;4.0;8.0;13.0;8.333333333333334;12.1;51.0;8.0;71.1;6;4;0;0
2024-06-08;5;13.6;11.1;12.5;100;91;94;51.1;30.9;34.6;9.0;4.0;8.0;7.0;0.1;12.1;51.0;63.2;6;5;1;0
2024-06-09;1;13.4;11.2;12.3;95;83;89;33.7;26.9;18.5;5.0;9.0;4.0;6.0;34.6;0.1;12.1;46.800000000000004;6;6;1;0
2024-06-10;9;13.2;12.1;12.9;93;87;90;51.2;38.8;29.3;1.0;5.0;9.0;5.0;18.5;34.6;0.1;53.2;6;0;0;0
2024-06-11;20;13.7;13.1;13.4;94;86;92;44.7;39.6;59.9;9.0;1.0;5.0;5.0;29.3;18.5;34.6;82.4;6;1;0;0
2024-06-12;20;14.1;12.4;13.2;95;90;92;55.9;43.3;66.5;20.0;9.0;1.0;10.0;59.9;29.3;18.5;107.7;6;2;0;0
2024-06-13;20;13.7;11.9;12.7;95;86;90;40.4;29.2;56.4;20.0;20.0;9.0;16.333333333333332;66.5;59.9;29.3;155.70000000000002;6;3;0;0
2024-06-14;5;12.8;11.3;12.1;92;84;89;32.8;24.6;22.3;20.0;20.0;20.0;20.0;56.4;66.5;59.9;182.8;6;4;0;0
2024-06-15;6;13.2;8.6;11.3;96;84;90;18.9;8.3;7.6;5.0;20.0;20.0;15.0;22.3;56.4;66.5;145.2;6;5;1;0
2024-06-16;3;12.2;9.0;10.9;98;83;90;28.0;15.8;3.0;6.0;5.0;20.0;10.333333333333334;7.6;22.3;56.4;86.3;6;6;1;0
2024-06-17;5;13.1;11.1;12.0;94;75;86;43.6;27.1;36.5;3.0;6.0;5.0;4.666666666666667;3.0;7.6;22.3;32.9;6;0;0;0
2024-06-18;4;11.9;7.8;10.6;95;76;84;27.2;15.0;26.4;5.0;3.0;6.0;4.666666666666667;36.5;3.0;7.6;47.1;6;1;0;0
2024-06-19;9;11.9;7.0;9.9;95;73;84;28.2;12.6;5.0;4.0;5.0;3.0;4.0;26.4;36.5;3.0;65.9;6;2;0;0
2024-06-20;5;13.1;11.0;12.1;91;80;86;52.6;41.6;43.5;9.0;4.0;5.0;6.0;5.0;26.4;36.5;67.9;6;3;0;1
2024-06-21;18;11.9;9.2;10.9;89;77;83;47.1;28.9;40.8;5.0;9.0;4.0;6.0;43.5;5.0;26.4;74.9;6;4;0;0
2024-06-22;3;11.2;6.3;9.1;85;66;75;25.3;15.3;12.2;18.0;5.0;9.0;10.666666666666666;40.8;43.5;5.0;89.3;6;5;1;0
2024-06-23;5;10.9;4.2;7.0;89;64;80;8.5;5.7;0.0;3.0;18.0;5.0;8.666666666666666;12.2;40.8;43.5;96.5;6;6;1;0
2024-06-24;10;10.2;2.0;5.7;94;73;85;13.9;8.8;0.0;5.0;3.0;18.0;8.666666666666666;0.0;12.2;40.8;53.0;6;0;0;0
2024-06-25;3;10.4;1.6;5.9;89;70;81;10.5;6.4;0.0;10.0;5.0;3.0;6.0;0.0;0.0;12.2;12.2;6;1;0;0
2024-06-26;4;12.1;10.2;11.3;95;66;86;18.5;16.2;7.8;3.0;10.0;5.0;6.0;0.0;0.0;0.0;0.0;6;2;0;0
2024-06-27;11;12.7;7.8;11.3;95;71;84;27.2;21.1;2.9;4.0;3.0;10.0;5.666666666666667;7.8;0.0;0.0;7.8;6;3;0;0
2024-06-28;2;11.4;5.3;7.6;85;57;74;21.8;15.7;0.0;11.0;4.0;3.0;6.0;2.9;7.8;0.0;10.7;6;4;0;0
2024-06-29;10;12.8;6.2;8.7;84;48;65;21.8;16.3;0.0;2.0;11.0;4.0;5.666666666666667;0.0;2.9;7.8;10.7;6;5;1;1
2024-06-30;4;11.9;2.8;7.7;93;76;84;14.8;5.4;0.0;10.0;2.0;11.0;7.666666666666667;0.0;0.0;2.9;2.9;6;6;1;0
2024-07-01;3;13.2;8.4;11.4;96;87;93;17.1;11.4;1.6;4.0;10.0;2.0;5.333333333333333;0.0;0.0;0.0;0.0;7;0;0;0
2024-07-02;3;12.8;7.9;11.4;97;76;88;21.9;13.9;3.8;3.0;4.0;10.0;5.666666666666667;1.6;0.0;0.0;1.6;7;1;0;0
2024-07-03;7;11.5;5.7;8.4;87;59;75;24.8;13.1;0.0;3.0;3.0;4.0;3.3333333333333335;3.8;1.6;0.0;5.4;7;2;0;0
2024-07-04;8;10.1;4.6;7.0;84;57;73;23.7;17.0;0.0;7.0;3.0;3.0;4.333333333333333;0.0;3.8;1.6;5.4;7;3;0;0
2024-07-05;3;10.9;3.5;6.9;84;59;68;20.5;13.5;0.0;8.0;7.0;3.0;6.0;0.0;0.0;3.8;3.8;7;4;0;0
2024-07-06;5;12.1;2.8;7.2;86;61;75;27.2;12.0;0.0;3.0;8.0;7.0;6.0;0.0;0.0;0.0;0.0;7;5;1;0
2024-07-07;2;10.9;2.3;6.6;93;74;85;17.6;8.7;0.0;5.0;3.0;8.0;5.333333333333333;0.0;0.0;0.0;0.0;7;6;1;0
2024-07-08;5;10.8;1.5;5.1;89;69;82;14.9;8.5;0.0;2.0;5.0;3.0;3.3333333333333335;0.0;0.0;0.0;0.0;7;0;0;0
2024-07-09;11;9.2;0.8;4.7;90;71;81;9.1;6.2;0.0;5.0;2.0;5.0;4.0;0.0;0.0;0.0;0.0;7;1;0;0
2024-07-10;10;10.0;2.6;5.6;84;61;71;14.8;10.4;0.0;11.0;5.0;2.0;6.0;0.0;0.0;0.0;0.0;7;2;0;0
2024-07-11;4;11.8;2.3;6.0;91;69;84;20.2;9.2;0.0;10.0;11.0;5.0;8.666666666666666;0.0;0.0;0.0;0.0;7;3;0;0
2024-07-12;9;13.6;2.5;7.4;90;62;77;15.9;9.1;0.0;4.0;10.0;11.0;8.333333333333334;0.0;0.0;0.0;0.0;7;4;0;0
2024-07-13;5;11.3;6.2;8.9;92;73;85;15.7;11.4;0.1;9.0;4.0;10.0;7.666666666666667;0.0;0.0;0.0;0.0;7;5;1;0
2024-07-14;5;11.2;3.2;7.0;96;71;87;9.1;6.7;0.0;5.0;9.0;4.0;6.0;0.1;0.0;0.0;0.1;7;6;1;0
2024-07-15;5;10.6;2.6;6.6;93;81;88;9.9;5.8;0.0;5.0;5.0;9.0;6.333333333333333;0.0;0.1;0.0;0.1;7;0;0;0
2024-07-16;7;16.0;4.9;9.6;95;72;86;23.6;12.0;0.0;5.0;5.0;5.0;5.0;0.0;0.0;0.1;0.1;7;1;0;1
2024-07-17;13;12.3;3.5;8.7;96;85;91;14.2;6.1;0.2;7.0;5.0;5.0;5.666666666666667;0.0;0.0;0.0;0.0;7;2;0;0
2024-07-18;4;12.2;7.4;9.9;95;60;79;24.5;19.6;0.0;13.0;7.0;5.0;8.333333333333334;0.2;0.0;0.0;0.2;7;3;0;0
2024-07-19;14;12.6;5.1;8.2;78;49;63;22.1;15.8;0.0;4.0;13.0;7.0;8.0;0.0;0.2;0.0;0.2;7;4;0;0
2024-07-20;4;11.6;2.8;7.0;88;64;74;16.8;8.7;0.0;14.0;4.0;13.0;10.333333333333334;0.0;0.0;0.2;0.2;7;5;1;0
2024-07-21;3;12.2;1.6;7.2;89;60;77;13.6;7.8;0.0;4.0;14.0;4.0;7.333333333333333;0.0;0.0;0.0;0.0;7;6;1;0
2024-07-22;9;13.1;3.6;7.4;98;75;88;11.8;7.8;0.0;3.0;4.0;14.0;7.0;0.0;0.0;0.0;0.0;7;0;0;0
2024-07-23;4;11.8;4.2;9.7;99;81;90;22.8;15.3;1.4;9.0;3.0;4.0;5.333333333333333;0.0;0.0;0.0;0.0;7;1;0;0
2024-07-24;2;12.9;7.1;10.0;97;79;90;16.3;10.9;0.0;4.0;9.0;3.0;5.333333333333333;1.4;0.0;0.0;1.4;7;2;0;0
2024-07-25;1;11.9;8.1;10.4;97;87;93;20.0;11.5;3.0;2.0;4.0;9.0;5.0;0.0;1.4;0.0;1.4;7;3;0;0
2024-07-26;2;10.5;3.6;7.3;94;57;80;28.5;12.7;0.0;1.0;2.0;4.0;2.3333333333333335;3.0;0.0;1.4;4.4;7;4;0;0
2024-07-27;5;12.6;3.8;7.4;77;57;69;23.6;15.1;0.0;2.0;1.0;2.0;1.6666666666666667;0.0;3.0;0.0;3.0;7;5;1;0
2024-07-28;7;12.7;0.9;7.4;80;36;60;20.2;13.6;0.0;5.0;2.0;1.0;2.6666666666666665;0.0;0.0;3.0;3.0;7;6;1;0
2024-07-29;5;14.6;5.7;8.8;81;38;59;18.0;11.4;0.0;7.0;5.0;2.0;4.666666666666667;0.0;0.0;0.0;0.0;7;0;0;0
2024-07-30;5;11.8;5.1;9.0;96;48;77;19.5;10.6;0.0;5.0;7.0;5.0;5.666666666666667;0.0;0.0;0.0;0.0;7;1;0;0
2024-07-31;20;11.9;10.1;11.1;92;82;89;56.1;40.2;36.2;5.0;5.0;7.0;5.666666666666667;0.0;0.0;0.0;0.0;7;2;0;0
2024-08-01;20;12.0;11.3;11.7;95;88;91;67.9;52.1;104.4;20.0;5.0;5.0;10.0;36.2;0.0;0.0;36.2;8;3;0;0
2024-08-02;20;12.1;9.9;11.0;93;85;89;27.1;19.8;24.7;20.0;20.0;5.0;15.0;104.4;36.2;0.0;140.60000000000002;8;4;0;0
2024-08-03;5;12.3;7.7;10.3;95;79;88;24.8;13.7;8.1;20.0;20.0;20.0;20.0;24.7;104.4;36.2;165.3;8;5;1;0
2024-08-04;12;11.9;6.9;10.0;93;78;86;49.6;27.4;11.7;5.0;20.0;20.0;15.0;8.1;24.7;104.4;137.2;8;6;1;0
2024-08-05;9;11.1;5.4;9.5;95;74;84;48.3;12.7;8.0;12.0;5.0;20.0;12.333333333333334;11.7;8.1;24.7;44.5;8;0;0;0
2024-08-06;11;9.4;4.6;7.3;92;76;84;12.4;8.0;2.7;9.0;12.0;5.0;8.666666666666666;8.0;11.7;8.1;27.799999999999997;8;1;0;0
2024-08-07;5;10.9;2.8;6.5;91;66;83;16.0;9.5;0.0;11.0;9.0;12.0;10.666666666666666;2.7;8.0;11.7;22.4;8;2;0;0
2024-08-08;0;12.2;2.9;7.1;90;73;83;16.4;8.9;0.0;5.0;11.0;9.0;8.333333333333334;0.0;2.7;8.0;10.7;8;3;0;0
2024-08-09;11;12.3;2.2;7.4;92;75;84;21.4;11.4;0.0;0.0;5.0;11.0;5.333333333333333;0.0;0.0;2.7;2.7;8;4;0;0
2024-08-10;6;12.9;8.5;10.8;97;77;88;22.3;14.8;1.4;11.0;0.0;5.0;5.333333333333333;0.0;0.0;0.0;0.0;8;5;1;0
2024-08-11;6;14.6;6.8;10.2;90;64;78;19.5;13.3;0.0;6.0;11.0;0.0;5.666666666666667;1.4;0.0;0.0;1.4;8;6;1;0
2024-08-12;7;13.5;5.7;9.9;90;64;80;20.6;11.1;0.0;6.0;6.0;11.0;7.666666666666667;0.0;1.4;0.0;1.4;8;0;0;0
2024-08-13;7;12.9;6.8;10.1;97;83;91;15.4;9.0;0.0;7.0;6.0;6.0;6.333333333333333;0.0;0.0;1.4;1.4;8;1;0;0
2024-08-14;8;13.1;9.6;11.2;97;81;91;16.6;9.0;1.1;7.0;7.0;6.0;6.666666666666667;0.0;0.0;0.0;0.0;8;2;0;0
2024-08-15;3;12.6;4.6;8.9;95;68;86;24.0;12.9;0.0;8.0;7.0;7.0;7.333333333333333;1.1;0.0;0.0;1.1;8;3;0;1
2024-08-16;4;11.9;4.0;8.2;91;66;82;22.8;13.4;0.0;3.0;8.0;7.0;6.0;0.0;1.1;0.0;1.1;8;4;0;0
2024-08-17;4;12.4;5.4;8.3;86;63;76;29.8;15.8;0.0;4.0;3.0;8.0;5.0;0.0;0.0;1.1;1.1;8;5;1;0
2024-08-18;8;10.9;2.4;7.1;90;56;76;18.4;10.6;0.0;4.0;4.0;3.0;3.6666666666666665;0.0;0.0;0.0;0.0;8;6;1;0
2024-08-19;5;9.9;3.0;7.0;90;56;75;12.6;8.9;0.0;8.0;4.0;4.0;5.333333333333333;0.0;0.0;0.0;0.0;8;0;0;0
2024-08-20;1;10.6;3.5;7.6;89;63;74;26.8;15.9;8.8;5.0;8.0;4.0;5.666666666666667;0.0;0.0;0.0;0.0;8;1;0;0
2024-08-21;3;9.4;6.6;8.0;89;79;84;28.9;21.3;11.1;1.0;5.0;8.0;4.666666666666667;8.8;0.0;0.0;8.8;8;2;0;0
2024-08-22;5;10.1;4.7;8.0;92;71;84;21.7;11.3;9.5;3.0;1.0;5.0;3.0;11.1;8.8;0.0;19.9;8;3;0;0
2024-08-23;9;10.8;4.7;7.5;90;69;83;15.3;11.0;1.4;5.0;3.0;1.0;3.0;9.5;11.1;8.8;29.400000000000002;8;4;0;0
2024-08-24;4;13.6;4.6;8.3;86;59;76;21.6;13.8;0.0;9.0;5.0;3.0;5.666666666666667;1.4;9.5;11.1;22.0;8;5;1;0
2024-08-25;4;11.4;1.9;7.6;87;79;83;14.8;7.6;1.0;4.0;9.0;5.0;6.0;0.0;1.4;9.5;10.9;8;6;1;0
2024-08-26;7;12.9;8.5;10.6;95;72;86;20.7;16.9;1.9;4.0;4.0;9.0;5.666666666666667;1.0;0.0;1.4;2.4;8;0;0;0
2024-08-27;10;12.1;4.6;8.9;90;72;82;17.3;11.4;0.0;7.0;4.0;4.0;5.0;1.9;1.0;0.0;2.9;8;1;0;0
2024-08-28;5;13.0;2.5;7.9;94;71;82;11.4;8.4;0.0;10.0;7.0;4.0;7.0;0.0;1.9;1.0;2.9;8;2;0;0
2024-08-29;7;12.7;4.6;9.3;95;64;80;15.0;9.3;0.0;5.0;10.0;7.0;7.333333333333333;0.0;0.0;1.9;1.9;8;3;0;0
2024-08-30;5;12.7;6.2;9.9;98;74;87;18.8;9.0;0.0;7.0;5.0;10.0;7.333333333333333;0.0;0.0;0.0;0.0;8;4;0;0
2024-08-31;5;14.1;4.5;9.0;91;79;87;18.2;9.9;0.0;5.0;7.0;5.0;5.666666666666667;0.0;0.0;0.0;0.0;8;5;1;0
2024-09-01;6;12.2;6.8;9.8;97;71;85;30.1;14.2;4.6;5.0;5.0;7.0;5.666666666666667;0.0;0.0;0.0;0.0;9;6;1;0
2024-09-02;6;12.1;7.8;10.5;95;62;81;29.1;21.3;5.7;6.0;5.0;5.0;5.333333333333333;4.6;0.0;0.0;4.6;9;0;0;0
2024-09-03;7;11.4;3.6;8.3;89;66;80;14.5;9.9;0.3;6.0;6.0;5.0;5.666666666666667;5.7;4.6;0.0;10.3;9;1;0;0
2024-09-04;8;14.6;5.8;9.6;92;58;82;24.3;14.6;0.0;7.0;6.0;6.0;6.333333333333333;0.3;5.7;4.6;10.6;9;2;0;0
2024-09-05;6;12.4;5.7;9.8;93;70;83;20.4;13.7;1.0;8.0;7.0;6.0;7.0;0.0;0.3;5.7;6.0;9;3;0;0
2024-09-06;5;12.4;9.6;10.7;96;76;86;17.3;11.7;0.8;6.0;8.0;7.0;7.0;1.0;0.0;0.3;1.3;9;4;0;0
2024-09-07;9;12.8;5.6;9.6;91;67;83;20.5;12.2;0.0;5.0;6.0;8.0;6.333333333333333;0.8;1.0;0.0;1.8;9;5;1;0
2024-09-08;1;12.5;4.2;9.2;91;68;82;22.7;13.4;0.0;9.0;5.0;6.0;6.666666666666667;0.0;0.8;1.0;1.8;9;6;1;0
2024-09-09;4;12.7;4.1;9.4;95;75;87;15.3;8.4;6.6;1.0;9.0;5.0;5.0;0.0;0.0;0.8;0.8;9;0;0;0
2024-09-10;5;12.5;8.3;10.5;97;73;86;23.7;13.2;1.5;4.0;1.0;9.0;4.666666666666667;6.6;0.0;0.0;6.6;9;1;0;0
2024-09-11;3;12.5;5.7;8.9;90;66;78;28.3;15.5;0.0;5.0;4.0;1.0;3.3333333333333335;1.5;6.6;0.0;8.1;9;2;0;0
2024-09-12;2;12.8;5.6;9.0;93;65;82;28.0;15.4;0.0;3.0;5.0;4.0;4.0;0.0;1.5;6.6;8.1;9;3;0;0
2024-09-13;9;13.5;4.6;9.7;94;68;81;23.3;12.7;0.0;2.0;3.0;5.0;3.3333333333333335;0.0;0.0;1.5;1.5;9;4;0;0
2024-09-14;10;14.1;6.6;10.3;84;67;76;30.0;18.5;0.0;9.0;2.0;3.0;4.666666666666667;0.0;0.0;0.0;0.0;9;5;1;0
2024-09-15;3;16.6;6.3;11.3;87;51;74;20.0;13.7;0.0;10.0;9.0;2.0;7.0;0.0;0.0;0.0;0.0;9;6;1;0
2024-09-16;9;16.8;9.5;12.6;86;46;64;19.7;17.1;0.0;3.0;10.0;9.0;7.333333333333333;0.0;0.0;0.0;0.0;9;0;0;0
2024-09-17;1;12.8;5.2;9.8;98;74;87;21.7;10.8;0.0;9.0;3.0;10.0;7.333333333333333;0.0;0.0;0.0;0.0;9;1;0;0
2024-09-18;1;12.4;7.2;10.3;98;78;88;47.7;26.1;6.4;1.0;9.0;3.0;4.333333333333333;0.0;0.0;0.0;0.0;9;2;0;1
2024-09-19;7;13.2;9.5;11.5;94;83;88;49.3;28.7;12.8;1.0;1.0;9.0;3.6666666666666665;6.4;0.0;0.0;6.4;9;3;0;1
2024-09-20;2;11.9;8.6;10.4;93;78;85;23.4;11.8;0.3;7.0;1.0;1.0;3.0;12.8;6.4;0.0;19.200000000000003;9;4;0;1
2024-09-21;5;11.7;9.9;11.0;95;78;88;36.4;25.9;24.4;2.0;7.0;1.0;3.3333333333333335;0.3;12.8;6.4;19.5;9;5;1;0
2024-09-22;3;13.1;9.4;10.9;87;70;80;25.3;17.3;1.4;5.0;2.0;7.0;4.666666666666667;24.4;0.3;12.8;37.5;9;6;1;0
2024-09-23;4;12.9;8.6;10.6;93;79;86;16.4;11.4;2.7;3.0;5.0;2.0;3.3333333333333335;1.4;24.4;0.3;26.099999999999998;9;0;0;0
2024-09-24;2;12.4;6.7;9.6;96;67;82;16.1;10.4;0.0;4.0;3.0;5.0;4.0;2.7;1.4;24.4;28.5;9;1;0;0
2024-09-25;5;13.6;6.8;9.9;90;59;74;23.4;15.0;0.0;2.0;4.0;3.0;3.0;0.0;2.7;1.4;4.1;9;2;0;0
2024-09-26;2;13.8;5.0;9.7;84;57;70;17.4;12.5;0.0;5.0;2.0;4.0;3.6666666666666665;0.0;0.0;2.7;2.7;9;3;0;0
2024-09-27;3;12.2;7.5;9.7;89;72;80;15.8;8.8;0.0;2.0;5.0;2.0;3.0;0.0;0.0;0.0;0.0;9;4;0;0
2024-09-28;2;14.8;9.2;11.8;97;84;91;10.5;5.2;0.0;3.0;2.0;5.0;3.3333333333333335;0.0;0.0;0.0;0.0;9;5;1;0
2024-09-29;5;12.4;10.6;11.5;100;76;92;30.6;17.5;3.5;2.0;3.0;2.0;2.3333333333333335;0.0;0.0;0.0;0.0;9;6;1;0
2024-09-30;5;13.3;10.4;11.8;95;82;89;39.2;21.3;31.9;5.0;2.0;3.0;3.3333333333333335;3.5;0.0;0.0;3.5;9;0;0;0
2024-10-01;0;12.7;7.6;10.2;95;53;74;26.7;14.3;4.4;5.0;5.0;2.0;4.0;31.9;3.5;0.0;35.4;10;1;0;0
2024-10-02;1;13.8;6.1;9.7;86;61;71;24.7;18.0;0.0;0.0;5.0;5.0;3.3333333333333335;4.4;31.9;3.5;39.8;10;2;0;0
2024-10-03;5;13.6;5.0;9.9;92;73;83;15.5;9.4;0.0;1.0;0.0;5.0;2.0;0.0;4.4;31.9;36.3;10;3;0;0
2024-10-04;4;13.0;6.8;10.2;96;75;86;20.5;12.0;0.0;5.0;1.0;0.0;2.0;0.0;0.0;4.4;4.4;10;4;0;0
2024-10-05;6;15.4;6.9;11.2;96;79;89;16.4;9.0;0.0;4.0;5.0;1.0;3.3333333333333335;0.0;0.0;0.0;0.0;10;5;1;0
2024-10-06;4;15.4;8.6;12.0;98;84;90;18.5;12.3;0.0;6.0;4.0;5.0;5.0;0.0;0.0;0.0;0.0;10;6;1;0
2024-10-07;5;17.1;10.7;13.8;98;81;91;18.9;12.4;0.0;4.0;6.0;4.0;4.666666666666667;0.0;0.0;0.0;0.0;10;0;0;0
2024-10-08;2;14.9;11.0;12.7;98;81;91;22.9;12.8;2.0;5.0;4.0;6.0;5.0;0.0;0.0;0.0;0.0;10;1;0;0
2024-10-09;2;15.5;10.8;13.0;94;84;90;18.8;11.2;0.0;2.0;5.0;4.0;3.6666666666666665;2.0;0.0;0.0;2.0;10;2;0;0
2024-10-10;1;14.1;9.6;12.0;94;73;84;19.8;16.1;0.6;2.0;2.0;5.0;3.0;0.0;2.0;0.0;2.0;10;3;0;0
2024-10-11;3;13.9;10.1;12.4;96;80;89;17.7;14.3;7.7;1.0;2.0;2.0;1.6666666666666667;0.6;0.0;2.0;2.6;10;4;0;0
2024-10-12;5;14.9;7.7;11.4;87;62;73;27.0;15.5;0.0;3.0;1.0;2.0;2.0;7.7;0.6;0.0;8.3;10;5;1;1
2024-10-13;7;15.2;7.2;11.7;92;66;82;21.0;12.3;0.0;5.0;3.0;1.0;3.0;0.0;7.7;0.6;8.3;10;6;1;0
2024-10-14;2;16.6;8.2;12.4;93;71;84;23.5;14.2;0.0;7.0;5.0;3.0;5.0;0.0;0.0;7.7;7.7;10;0;0;0
2024-10-15;3;16.9;8.0;12.1;96;67;83;13.4;8.8;0.0;2.0;7.0;5.0;4.666666666666667;0.0;0.0;0.0;0.0;10;1;0;0
2024-10-16;6;13.9;10.4;12.1;94;71;83;37.0;23.7;3.1;3.0;2.0;7.0;4.0;0.0;0.0;0.0;0.0;10;2;0;0
2024-10-17;1;16.5;10.0;13.4;97;72;85;25.0;16.7;0.1;6.0;3.0;2.0;3.6666666666666665;3.1;0.0;0.0;3.1;10;3;0;0
2024-10-18;0;15.5;9.9;12.3;99;80;90;21.1;12.1;0.0;1.0;6.0;3.0;3.3333333333333335;0.1;3.1;0.0;3.2;10;4;0;0
2024-10-19;6;13.9;9.8;11.6;99;73;85;25.4;14.0;0.3;0.0;1.0;6.0;2.3333333333333335;0.0;0.1;3.1;3.2;10;5;1;0
2024-10-20;7;14.6;11.4;12.6;94;84;89;37.5;26.8;13.7;6.0;0.0;1.0;2.3333333333333335;0.3;0.0;0.1;0.4;10;6;1;0
2024-10-21;3;17.1;8.6;13.5;98;74;86;25.4;13.7;0.0;7.0;6.0;0.0;4.333333333333333;13.7;0.3;0.0;14.0;10;0;0;0
2024-10-22;1;18.5;9.2;13.7;95;75;85;26.2;10.1;2.4;3.0;7.0;6.0;5.333333333333333;0.0;13.7;0.3;14.0;10;1;0;0
2024-10-23;2;14.0;10.8;12.7;97;88;93;21.2;12.0;10.0;1.0;3.0;7.0;3.6666666666666665;2.4;0.0;13.7;16.099999999999998;10;2;0;0
2024-10-24;5;14.9;8.4;11.6;98;71;83;28.8;14.6;0.7;2.0;1.0;3.0;2.0;10.0;2.4;0.0;12.4;10;3;0;0
2024-10-25;1;16.2;6.7;12.2;93;52;72;34.5;20.8;0.0;5.0;2.0;1.0;2.6666666666666665;0.7;10.0;2.4;13.1;10;4;0;0
2024-10-26;5;21.6;8.9;14.3;96;57;76;26.0;17.8;0.0;1.0;5.0;2.0;2.6666666666666665;0.0;0.7;10.0;10.7;10;5;1;0
2024-10-27;1;17.2;8.9;13.3;98;70;84;24.4;12.3;0.0;5.0;1.0;5.0;3.6666666666666665;0.0;0.0;0.7;0.7;10;6;1;0
2024-10-28;2;21.5;9.8;16.0;96;56;72;18.7;11.5;0.0;1.0;5.0;1.0;2.3333333333333335;0.0;0.0;0.0;0.0;10;0;0;0
2024-10-29;3;15.9;8.9;13.3;91;62;84;27.8;17.2;0.0;2.0;1.0;5.0;2.6666666666666665;0.0;0.0;0.0;0.0;10;1;0;0
2024-10-30;3;15.4;11.6;13.6;91;72;83;17.8;12.4;0.7;3.0;2.0;1.0;2.0;0.0;0.0;0.0;0.0;10;2;0;0
2024-10-31;3;15.9;10.9;13.2;96;78;87;16.4;10.4;0.0;3.0;3.0;2.0;2.6666666666666665;0.7;0.0;0.0;0.7;10;3;0;1
2024-11-01;5;13.4;8.4;12.2;93;72;87;27.5;18.7;6.6;3.0;3.0;3.0;3.0;0.0;0.7;0.0;0.7;11;4;0;1
2024-11-02;8;15.1;6.4;11.2;98;66;84;18.5;9.2;0.0;5.0;3.0;3.0;3.6666666666666665;6.6;0.0;0.7;7.3;11;5;1;0
2024-11-03;3;14.1;8.0;11.8;94;71;82;32.2;16.4;10.9;8.0;5.0;3.0;5.333333333333333;0.0;6.6;0.0;6.6;11;6;1;0
2024-11-04;5;15.1;9.9;12.5;89;65;79;16.2;10.1;0.1;3.0;8.0;5.0;5.333333333333333;10.9;0.0;6.6;17.5;11;0;0;0
2024-11-05;5;15.6;9.5;12.8;88;70;79;28.4;17.1;0.0;5.0;3.0;8.0;5.333333333333333;0.1;10.9;0.0;11.0;11;1;0;0
2024-11-06;5;17.5;9.2;13.6;91;69;80;26.0;16.9;0.0;5.0;5.0;3.0;4.333333333333333;0.0;0.1;10.9;11.0;11;2;0;0
2024-11-07;2;17.5;10.7;13.6;94;64;79;26.4;16.7;0.0;5.0;5.0;5.0;5.0;0.0;0.0;0.1;0.1;11;3;0;0
2024-11-08;3;18.8;9.2;14.3;96;63;83;20.0;11.1;1.1;2.0;5.0;5.0;4.0;0.0;0.0;0.0;0.0;11;4;0;0
2024-11-09;6;16.3;11.7;13.9;97;81;89;15.9;8.5;1.4;3.0;2.0;5.0;3.3333333333333335;1.1;0.0;0.0;1.1;11;5;1;0
2024-11-10;3;15.6;11.1;13.4;88;66;77;21.8;13.9;0.9;6.0;3.0;2.0;3.6666666666666665;1.4;1.1;0.0;2.5;11;6;1;0
2024-11-11;2;17.1;10.6;13.7;89;60;72;30.8;20.4;0.0;3.0;6.0;3.0;4.0;0.9;1.4;1.1;3.4;11;0;0;0
2024-11-12;12;18.6;10.0;14.3;84;55;70;27.4;19.0;0.0;2.0;3.0;6.0;3.6666666666666665;0.0;0.9;1.4;2.3;11;1;0;0
2024-11-13;4;20.9;11.6;15.6;96;55;73;23.5;17.6;0.0;12.0;2.0;3.0;5.666666666666667;0.0;0.0;0.9;0.9;11;2;0;0
2024-11-14;3;17.5;12.1;14.2;100;69;86;21.4;11.8;0.0;4.0;12.0;2.0;6.0;0.0;0.0;0.0;0.0;11;3;0;0
2024-11-15;5;16.6;11.1;13.9;94;55;75;25.2;14.4;0.5;3.0;4.0;12.0;6.333333333333333;0.0;0.0;0.0;0.0;11;4;0;0
2024-11-16;10;16.6;9.4;13.1;88;48;68;28.1;18.3;0.0;5.0;3.0;4.0;4.0;0.5;0.0;0.0;0.5;11;5;1;0
2024-11-17;2;18.3;9.4;14.0;97;44;72;19.9;12.0;0.0;10.0;5.0;3.0;6.0;0.0;0.5;0.0;0.5;11;6;1;0
2024-11-18;3;18.1;10.2;13.9;99;55;83;14.1;7.7;0.0;2.0;10.0;5.0;5.666666666666667;0.0;0.0;0.5;0.5;11;0;0;0
2024-11-19;3;14.6;11.1;12.6;96;66;81;20.0;11.1;0.6;3.0;2.0;10.0;5.0;0.0;0.0;0.0;0.0;11;1;0;0
2024-11-20;0;17.1;10.6;13.8;90;55;74;20.0;14.9;0.0;3.0;3.0;2.0;2.6666666666666665;0.6;0.0;0.0;0.6;11;2;0;0
2024-11-21;3;16.1;10.7;13.4;97;65;81;13.3;10.2;0.0;0.0;3.0;3.0;2.0;0.0;0.6;0.0;0.6;11;3;0;0
2024-11-22;5;17.7;10.2;14.2;90;56;76;12.7;7.8;0.0;3.0;0.0;3.0;2.0;0.0;0.0;0.6;0.6;11;4;0;0
2024-11-23;4;18.6;11.6;15.4;98;57;80;12.9;8.2;0.0;5.0;3.0;0.0;2.6666666666666665;0.0;0.0;0.0;0.0;11;5;1;0
2024-11-24;5;18.5;13.6;15.5;93;64;78;14.3;9.7;0.1;4.0;5.0;3.0;4.0;0.0;0.0;0.0;0.0;11;6;1;0
2024-11-25;9;18.0;10.9;15.0;91;49;74;20.3;10.1;1.5;5.0;4.0;5.0;4.666666666666667;0.1;0.0;0.0;0.1;11;0;0;0
2024-11-26;8;17.0;10.8;14.4;94;53;71;18.3;11.0;0.0;9.0;5.0;4.0;6.0;1.5;0.1;0.0;1.6;11;1;0;0
2024-11-27;4;16.5;11.1;13.9;85;51;67;24.5;17.1;0.0;8.0;9.0;5.0;7.333333333333333;0.0;1.5;0.1;1.6;11;2;0;0
2024-11-28;6;17.6;10.4;14.4;88;48;66;28.1;17.3;0.0;4.0;8.0;9.0;7.0;0.0;0.0;1.5;1.5;11;3;0;0
2024-11-29;5;19.7;11.7;15.7;87;41;64;19.6;12.5;0.0;6.0;4.0;8.0;6.0;0.0;0.0;0.0;0.0;11;4;0;0
2024-11-30;6;18.6;12.1;15.0;96;61;77;27.7;18.4;0.0;5.0;6.0;4.0;5.0;0.0;0.0;0.0;0.0;11;5;1;0
2024-12-01;4;17.1;12.2;14.6;77;51;65;22.2;14.9;0.0;6.0;5.0;6.0;5.666666666666667;0.0;0.0;0.0;0.0;12;6;1;0
2024-12-02;12;18.0;10.4;14.5;81;44;62;30.2;18.0;0.0;4.0;6.0;5.0;5.0;0.0;0.0;0.0;0.0;12;0;0;0
2024-12-03;6;19.1;9.9;14.6;88;41;62;19.5;11.1;0.0;12.0;4.0;6.0;7.333333333333333;0.0;0.0;0.0;0.0;12;1;0;0
2024-12-04;2;16.6;10.6;13.6;95;58;75;21.9;14.8;0.0;6.0;12.0;4.0;7.333333333333333;0.0;0.0;0.0;0.0;12;2;0;0
2024-12-05;3;15.2;11.1;13.1;88;75;81;20.0;11.3;3.9;2.0;6.0;12.0;6.666666666666667;0.0;0.0;0.0;0.0;12;3;0;0
2024-12-06;4;17.9;9.7;13.9;91;50;68;29.7;14.7;0.0;3.0;2.0;6.0;3.6666666666666665;3.9;0.0;0.0;3.9;12;4;0;0
2024-12-07;4;20.1;9.9;14.7;83;48;64;26.1;17.3;0.0;4.0;3.0;2.0;3.0;0.0;3.9;0.0;3.9;12;5;1;0
2024-12-08;6;17.8;11.4;14.2;86;53;69;28.0;20.3;0.0;4.0;4.0;3.0;3.6666666666666665;0.0;0.0;3.9;3.9;12;6;1;1
2024-12-09;5;17.4;10.2;13.7;92;50;69;23.4;17.7;0.0;6.0;4.0;4.0;4.666666666666667;0.0;0.0;0.0;0.0;12;0;0;0
2024-12-10;5;17.4;10.5;13.9;89;53;70;29.0;21.4;0.0;5.0;6.0;4.0;5.0;0.0;0.0;0.0;0.0;12;1;0;0
2024-12-11;7;19.8;10.9;14.9;90;49;69;29.7;18.8;0.0;5.0;5.0;6.0;5.333333333333333;0.0;0.0;0.0;0.0;12;2;0;0
2024-12-12;4;18.5;10.9;14.7;85;54;72;27.2;19.5;0.0;7.0;5.0;5.0;5.666666666666667;0.0;0.0;0.0;0.0;12;3;0;0
2024-12-13;8;19.1;11.9;15.4;91;54;72;26.2;18.4;0.0;4.0;7.0;5.0;5.333333333333333;0.0;0.0;0.0;0.0;12;4;0;0
2024-12-14;11;21.4;11.9;16.3;90;42;67;18.9;13.1;0.0;8.0;4.0;7.0;6.333333333333333;0.0;0.0;0.0;0.0;12;5;1;0
2024-12-15;5;18.8;11.9;15.3;97;60;79;17.2;11.1;0.0;11.0;8.0;4.0;7.666666666666667;0.0;0.0;0.0;0.0;12;6;1;0
2024-12-16;4;17.8;11.4;14.6;98;63;81;17.7;13.4;0.0;5.0;11.0;8.0;8.0;0.0;0.0;0.0;0.0;12;0;0;0
2024-12-17;4;18.8;12.1;15.4;95;57;76;29.8;19.9;0.0;4.0;5.0;11.0;6.666666666666667;0.0;0.0;0.0;0.0;12;1;0;0
2024-12-18;5;19.9;12.4;15.8;92;48;72;30.3;22.0;0.0;4.0;4.0;5.0;4.333333333333333;0.0;0.0;0.0;0.0;12;2;0;0
2024-12-19;3;19.6;11.1;15.2;92;41;71;31.4;20.8;0.0;5.0;4.0;4.0;4.333333333333333;0.0;0.0;0.0;0.0;12;3;0;0
2024-12-20;11;18.8;13.5;15.8;95;62;80;23.7;17.5;0.0;3.0;5.0;4.0;4.0;0.0;0.0;0.0;0.0;12;4;0;0
2024-12-21;9;22.1;13.4;17.9;94;56;73;25.1;15.2;0.0;11.0;3.0;5.0;6.333333333333333;0.0;0.0;0.0;0.0;12;5;1;0
2024-12-22;5;22.7;13.6;18.2;86;45;63;30.2;18.4;0.0;9.0;11.0;3.0;7.666666666666667;0.0;0.0;0.0;0.0;12;6;1;0
2024-12-23;9;21.6;13.8;17.6;92;53;71;27.4;21.7;0.0;5.0;9.0;11.0;8.333333333333334;0.0;0.0;0.0;0.0;12;0;0;0
2024-12-24;9;24.0;13.7;18.2;93;38;60;26.1;18.8;0.0;9.0;5.0;9.0;7.666666666666667;0.0;0.0;0.0;0.0;12;1;0;0
2024-12-25;6;17.6;11.4;14.4;100;69;87;15.8;11.0;0.0;9.0;9.0;5.0;7.666666666666667;0.0;0.0;0.0;0.0;12;2;0;1
2024-12-26;4;17.1;12.8;14.6;95;67;82;12.1;7.5;0.0;6.0;9.0;9.0;8.0;0.0;0.0;0.0;0.0;12;3;0;0
2024-12-27;6;17.5;10.8;14.1;99;68;84;11.0;7.4;0.0;4.0;6.0;9.0;6.333333333333333;0.0;0.0;0.0;0.0;12;4;0;0
2024-12-28;1;16.5;11.5;13.8;100;74;88;10.3;7.1;0.0;6.0;4.0;6.0;5.333333333333333;0.0;0.0;0.0;0.0;12;5;1;0
2024-12-29;6;20.0;11.1;15.6;100;59;78;23.0;11.4;0.0;1.0;6.0;4.0;3.6666666666666665;0.0;0.0;0.0;0.0;12;6;1;0
2024-12-30;14;20.5;12.2;16.2;87;46;72;20.8;15.1;0.0;6.0;1.0;6.0;4.333333333333333;0.0;0.0;0.0;0.0;12;0;0;0
2024-12-31;11;20.0;12.6;16.4;96;42;65;26.7;18.8;0.0;14.0;6.0;1.0;7.0;0.0;0.0;0.0;0.0;12;1;0;0
2025-01-01;7;21.6;12.2;16.8;90;43;64;25.2;15.8;0.0;11.0;14.0;6.0;10.333333333333334;0.0;0.0;0.0;0.0;1;2;0;1
2025-01-02;3;22.7;13.2;17.9;86;42;63;23.2;14.6;0.0;7.0;11.0;14.0;10.666666666666666;0.0;0.0;0.0;0.0;1;3;0;0
2025-01-03;11;20.5;13.8;17.1;96;61;77;13.7;9.2;0.0;3.0;7.0;11.0;7.0;0.0;0.0;0.0;0.0;1;4;0;0
2025-01-04;3;17.8;12.6;14.8;99;74;88;12.1;8.5;0.0;11.0;3.0;7.0;7.0;0.0;0.0;0.0;0.0;1;5;1;0
2025-01-05;8;19.8;13.5;16.6;97;64;80;11.9;7.8;0.0;3.0;11.0;3.0;5.666666666666667;0.0;0.0;0.0;0.0;1;6;1;0
2025-01-06;7;18.0;12.1;15.6;97;68;80;14.7;7.6;0.0;8.0;3.0;11.0;7.333333333333333;0.0;0.0;0.0;0.0;1;0;0;0
2025-01-07;7;19.5;12.3;16.0;93;58;76;20.4;13.7;0.0;7.0;8.0;3.0;6.0;0.0;0.0;0.0;0.0;1;1;0;0
2025-01-08;7;21.0;13.4;17.1;91;55;74;26.3;17.7;0.0;7.0;7.0;8.0;7.333333333333333;0.0;0.0;0.0;0.0;1;2;0;0
2025-01-09;3;20.8;14.9;17.5;95;55;73;26.4;19.1;0.0;7.0;7.0;7.0;7.0;0.0;0.0;0.0;0.0;1;3;0;0
2025-01-10;4;22.2;13.4;17.7;93;39;63;27.4;15.5;0.0;3.0;7.0;7.0;5.666666666666667;0.0;0.0;0.0;0.0;1;4;0;0
2025-01-11;9;24.4;13.9;18.8;90;39;63;28.6;17.7;0.0;4.0;3.0;7.0;4.666666666666667;0.0;0.0;0.0;0.0;1;5;1;0
2025-01-12;4;22.6;14.1;18.2;93;50;75;28.3;19.0;0.0;9.0;4.0;3.0;5.333333333333333;0.0;0.0;0.0;0.0;1;6;1;0
2025-01-13;6;20.9;13.7;17.0;94;49;69;30.2;18.8;0.0;4.0;9.0;4.0;5.666666666666667;0.0;0.0;0.0;0.0;1;0;0;0
2025-01-14;9;19.4;12.3;15.9;89;44;68;18.9;10.4;0.0;6.0;4.0;9.0;6.333333333333333;0.0;0.0;0.0;0.0;1;1;0;0
2025-01-15;4;17.9;15.1;16.4;96;78;86;15.4;10.1;1.7;9.0;6.0;4.0;6.333333333333333;0.0;0.0;0.0;0.0;1;2;0;0
2025-01-16;5;20.5;13.4;16.6;92;48;69;26.3;17.4;0.0;4.0;9.0;6.0;6.333333333333333;1.7;0.0;0.0;1.7;1;3;0;0
2025-01-17;5;20.4;12.7;16.2;84;46;65;30.0;20.7;0.0;5.0;4.0;9.0;6.0;0.0;1.7;0.0;1.7;1;4;0;0
2025-01-18;8;21.6;12.4;16.6;94;44;69;25.0;16.7;0.0;5.0;5.0;4.0;4.666666666666667;0.0;0.0;1.7;1.7;1;5;1;0
2025-01-19;3;22.0;14.1;17.5;83;47;65;25.1;15.4;0.0;8.0;5.0;5.0;6.0;0.0;0.0;0.0;0.0;1;6;1;0
2025-01-20;7;19.9;12.8;16.2;87;55;75;25.3;18.5;0.0;3.0;8.0;5.0;5.333333333333333;0.0;0.0;0.0;0.0;1;0;0;0
2025-01-21;9;20.0;13.8;16.9;98;57;77;20.4;15.5;0.0;7.0;3.0;8.0;6.0;0.0;0.0;0.0;0.0;1;1;0;0
2025-01-22;4;18.5;12.0;15.3;93;51;71;17.7;11.9;0.0;9.0;7.0;3.0;6.333333333333333;0.0;0.0;0.0;0.0;1;2;0;0
2025-01-23;2;19.9;13.2;16.3;89;59;73;24.7;11.7;0.0;4.0;9.0;7.0;6.666666666666667;0.0;0.0;0.0;0.0;1;3;0;0
2025-01-24;3;20.9;12.8;16.9;85;50;65;30.5;19.6;0.0;2.0;4.0;9.0;5.0;0.0;0.0;0.0;0.0;1;4;0;0
2025-01-25;10;22.5;12.5;17.4;91;43;67;26.8;16.4;0.0;3.0;2.0;4.0;3.0;0.0;0.0;0.0;0.0;1;5;1;0
2025-01-26;4;19.9;13.4;16.7;92;59;77;22.9;16.2;0.0;10.0;3.0;2.0;5.0;0.0;0.0;0.0;0.0;1;6;1;0
2025-01-27;3;21.1;14.9;17.7;93;44;69;28.4;17.2;0.0;4.0;10.0;3.0;5.666666666666667;0.0;0.0;0.0;0.0;1;0;0;0
2025-01-28;7;22.8;11.9;17.1;89;36;63;24.6;15.1;0.0;3.0;4.0;10.0;5.666666666666667;0.0;0.0;0.0;0.0;1;1;0;0
2025-01-29;4;22.2;12.6;17.0;96;45;73;21.7;13.7;0.0;7.0;3.0;4.0;4.666666666666667;0.0;0.0;0.0;0.0;1;2;0;0
2025-01-30;4;19.4;12.1;15.9;95;62;77;20.1;13.5;0.0;4.0;7.0;3.0;4.666666666666667;0.0;0.0;0.0;0.0;1;3;0;0
2025-01-31;2;22.7;13.9;17.8;89;59;73;23.4;15.9;0.0;4.0;4.0;7.0;5.0;0.0;0.0;0.0;0.0;1;4;0;0
2025-02-01;7;20.3;13.2;16.7;92;46;67;30.0;19.7;0.0;2.0;4.0;4.0;3.3333333333333335;0.0;0.0;0.0;0.0;2;5;1;0
2025-02-02;10;20.5;12.8;16.7;85;52;69;22.6;14.0;0.0;7.0;2.0;4.0;4.333333333333333;0.0;0.0;0.0;0.0;2;6;1;0
2025-02-03;5;20.4;13.4;16.8;93;43;68;23.5;16.1;0.0;10.0;7.0;2.0;6.333333333333333;0.0;0.0;0.0;0.0;2;0;0;0
2025-02-04;4;21.8;13.9;17.5;77;43;61;18.2;11.3;0.0;5.0;10.0;7.0;7.333333333333333;0.0;0.0;0.0;0.0;2;1;0;0
2025-02-05;11;20.2;14.7;17.1;90;66;79;22.2;10.7;0.1;4.0;5.0;10.0;6.333333333333333;0.0;0.0;0.0;0.0;2;2;0;0
2025-02-06;1;22.5;13.6;17.9;92;47;70;27.5;18.3;0.0;11.0;4.0;5.0;6.666666666666667;0.1;0.0;0.0;0.1;2;3;0;0
2025-02-07;0;22.2;14.0;18.2;90;51;69;24.6;15.2;0.0;1.0;11.0;4.0;5.333333333333333;0.0;0.1;0.0;0.1;2;4;0;0
2025-02-08;9;26.4;14.9;19.8;81;40;64;30.1;19.4;0.0;0.0;1.0;11.0;4.0;0.0;0.0;0.1;0.1;2;5;1;0
2025-02-09;19;27.8;16.5;21.2;78;32;53;32.2;20.3;0.0;9.0;0.0;1.0;3.3333333333333335;0.0;0.0;0.0;0.0;2;6;1;0
2025-02-10;1;22.5;15.7;18.7;90;42;68;29.6;20.7;0.0;19.0;9.0;0.0;9.333333333333334;0.0;0.0;0.0;0.0;2;0;0;0
2025-02-11;3;20.5;12.8;16.3;77;40;60;27.0;18.6;0.0;1.0;19.0;9.0;9.666666666666666;0.0;0.0;0.0;0.0;2;1;0;0
2025-02-12;3;20.4;12.1;16.0;86;41;64;22.4;14.0;0.0;3.0;1.0;19.0;7.666666666666667;0.0;0.0;0.0;0.0;2;2;0;0
2025-02-13;4;19.4;12.8;15.8;91;52;71;25.3;16.8;0.0;3.0;3.0;1.0;2.3333333333333335;0.0;0.0;0.0;0.0;2;3;0;0
2025-02-14;12;19.4;12.0;15.3;84;54;70;24.2;18.0;0.0;4.0;3.0;3.0;3.3333333333333335;0.0;0.0;0.0;0.0;2;4;0;0
2025-02-15;7;18.6;11.8;14.6;94;58;76;24.2;18.2;0.0;12.0;4.0;3.0;6.333333333333333;0.0;0.0;0.0;0.0;2;5;1;0
2025-02-16;6;19.5;11.6;15.2;93;49;72;24.9;16.6;0.0;7.0;12.0;4.0;7.666666666666667;0.0;0.0;0.0;0.0;2;6;1;0
2025-02-17;3;20.6;11.9;16.0;89;46;68;23.4;15.8;0.0;6.0;7.0;12.0;8.333333333333334;0.0;0.0;0.0;0.0;2;0;0;0
2025-02-18;5;23.5;12.2;17.6;93;42;68;19.5;11.7;0.0;3.0;6.0;7.0;5.333333333333333;0.0;0.0;0.0;0.0;2;1;0;0
2025-02-19;3;16.9;11.7;14.2;99;72;85;20.1;13.2;0.2;5.0;3.0;6.0;4.666666666666667;0.0;0.0;0.0;0.0;2;2;0;0
2025-02-20;3;18.1;12.2;15.1;92;56;77;19.6;9.4;0.0;3.0;5.0;3.0;3.6666666666666665;0.2;0.0;0.0;0.2;2;3;0;0
2025-02-21;2;20.0;11.4;15.7;94;49;76;18.4;11.7;0.0;3.0;3.0;5.0;3.6666666666666665;0.0;0.2;0.0;0.2;2;4;0;0
2025-02-22;4;20.4;14.1;16.9;94;58;80;19.1;14.0;0.0;2.0;3.0;3.0;2.6666666666666665;0.0;0.0;0.2;0.2;2;5;1;0
2025-02-23;2;20.9;14.4;17.3;100;75;89;21.1;14.6;0.0;4.0;2.0;3.0;3.0;0.0;0.0;0.0;0.0;2;6;1;0
2025-02-24;5;22.5;15.3;18.4;100;47;74;24.6;15.4;0.0;2.0;4.0;2.0;2.6666666666666665;0.0;0.0;0.0;0.0;2;0;0;0
2025-02-25;9;22.5;13.5;17.5;89;46;68;27.7;17.5;0.0;5.0;2.0;4.0;3.6666666666666665;0.0;0.0;0.0;0.0;2;1;0;0
2025-02-26;6;22.8;13.8;17.6;88;45;69;21.4;14.7;0.0;9.0;5.0;2.0;5.333333333333333;0.0;0.0;0.0;0.0;2;2;0;0
2025-02-27;14;20.5;13.2;16.8;90;57;76;17.3;9.6;0.0;6.0;9.0;5.0;6.666666666666667;0.0;0.0;0.0;0.0;2;3;0;0
2025-02-28;11;17.9;15.4;16.5;97;86;94;20.0;13.8;3.0;14.0;6.0;9.0;9.666666666666666;0.0;0.0;0.0;0.0;2;4;0;0
2025-03-01;4;17.5;14.1;16.0;99;81;90;14.5;10.4;0.0;11.0;14.0;6.0;10.333333333333334;3.0;0.0;0.0;3.0;3;5;1;0
2025-03-02;6;18.7;11.1;15.2;93;63;81;15.2;8.4;0.0;4.0;11.0;14.0;9.666666666666666;0.0;3.0;0.0;3.0;3;6;1;0
2025-03-03;4;19.1;14.5;16.4;95;75;85;12.3;9.2;0.6;6.0;4.0;11.0;7.0;0.0;0.0;3.0;3.0;3;0;0;0
2025-03-04;7;20.8;12.7;17.1;93;58;79;13.0;8.2;0.0;4.0;6.0;4.0;4.666666666666667;0.6;0.0;0.0;0.6;3;1;0;0
2025-03-05;5;19.5;14.9;17.1;99;74;86;11.0;8.5;0.0;7.0;4.0;6.0;5.666666666666667;0.0;0.6;0.0;0.6;3;2;0;0
2025-03-06;9;19.1;15.9;17.2;99;77;90;30.3;21.4;4.6;5.0;7.0;4.0;5.333333333333333;0.0;0.0;0.6;0.6;3;3;0;0
2025-03-07;6;18.2;13.9;16.4;98;63;80;25.7;16.9;26.2;9.0;5.0;7.0;7.0;4.6;0.0;0.0;4.6;3;4;0;0
2025-03-08;4;19.6;11.9;15.4;84;56;70;27.5;19.5;0.0;6.0;9.0;5.0;6.666666666666667;26.2;4.6;0.0;30.799999999999997;3;5;1;0
2025-03-09;6;23.5;13.2;17.4;81;57;67;29.8;18.1;0.0;4.0;6.0;9.0;6.333333333333333;0.0;26.2;4.6;30.799999999999997;3;6;1;0
2025-03-10;13;21.8;14.3;17.1;88;63;76;28.9;21.1;0.0;6.0;4.0;6.0;5.333333333333333;0.0;0.0;26.2;26.2;3;0;0;0
2025-03-11;9;20.8;12.4;16.6;91;51;66;21.5;13.9;0.0;13.0;6.0;4.0;7.666666666666667;0.0;0.0;0.0;0.0;3;1;0;0
2025-03-12;7;22.6;14.8;18.8;91;48;61;18.0;12.3;0.0;9.0;13.0;6.0;9.333333333333334;0.0;0.0;0.0;0.0;3;2;0;0
2025-03-13;4;21.9;13.5;17.0;99;46;77;19.4;12.5;0.0;7.0;9.0;13.0;9.666666666666666;0.0;0.0;0.0;0.0;3;3;0;0
2025-03-14;8;16.5;12.2;14.0;100;65;85;15.3;9.5;0.0;4.0;7.0;9.0;6.666666666666667;0.0;0.0;0.0;0.0;3;4;0;0
2025-03-15;3;17.2;9.5;13.5;93;67;81;19.1;9.2;0.0;8.0;4.0;7.0;6.333333333333333;0.0;0.0;0.0;0.0;3;5;1;0
2025-03-16;8;18.0;11.4;14.4;97;63;80;24.4;14.1;0.0;3.0;8.0;4.0;5.0;0.0;0.0;0.0;0.0;3;6;1;0
2025-03-17;7;20.4;11.1;15.5;95;58;78;25.8;14.5;0.0;8.0;3.0;8.0;6.333333333333333;0.0;0.0;0.0;0.0;3;0;0;0
2025-03-18;12;19.6;12.4;15.7;87;54;72;22.0;15.1;0.0;7.0;8.0;3.0;6.0;0.0;0.0;0.0;0.0;3;1;0;0
2025-03-19;8;20.6;11.5;15.5;95;48;77;19.4;12.2;0.0;12.0;7.0;8.0;9.0;0.0;0.0;0.0;0.0;3;2;0;0
2025-03-20;6;20.6;13.6;16.6;96;70;87;27.9;18.0;0.0;8.0;12.0;7.0;9.0;0.0;0.0;0.0;0.0;3;3;0;0
2025-03-21;4;20.0;13.8;16.6;98;57;80;27.8;18.7;0.0;6.0;8.0;12.0;8.666666666666666;0.0;0.0;0.0;0.0;3;4;0;0
2025-03-22;7;18.4;11.6;14.6;94;52;77;21.0;14.4;0.0;4.0;6.0;8.0;6.0;0.0;0.0;0.0;0.0;3;5;1;0
2025-03-23;10;24.0;11.4;17.6;93;24;50;26.6;18.3;0.0;7.0;4.0;6.0;5.666666666666667;0.0;0.0;0.0;0.0;3;6;1;0
2025-03-24;16;22.6;12.6;16.6;80;30;48;26.3;13.6;0.0;10.0;7.0;4.0;7.0;0.0;0.0;0.0;0.0;3;0;0;0
2025-03-25;10;16.5;11.9;14.0;98;67;83;21.0;14.1;0.0;16.0;10.0;7.0;11.0;0.0;0.0;0.0;0.0;3;1;0;0
2025-03-26;10;17.7;12.6;14.6;99;68;87;13.4;9.2;0.1;10.0;16.0;10.0;12.0;0.0;0.0;0.0;0.0;3;2;0;0
2025-03-27;6;15.6;11.6;13.3;99;79;92;16.4;9.4;0.3;10.0;10.0;16.0;12.0;0.1;0.0;0.0;0.1;3;3;0;0
2025-03-28;0;18.5;12.6;15.2;100;65;85;11.1;7.0;0.0;6.0;10.0;10.0;8.666666666666666;0.3;0.1;0.0;0.4;3;4;0;0
2025-03-29;6;15.4;11.9;13.6;100;88;95;39.9;20.5;22.7;0.0;6.0;10.0;5.333333333333333;0.0;0.3;0.1;0.4;3;5;1;0
2025-03-30;6;15.0;11.4;13.1;96;64;79;19.4;16.6;0.1;6.0;0.0;6.0;4.0;22.7;0.0;0.3;23.0;3;6;1;0
2025-03-31;3;17.2;9.6;12.9;89;59;77;24.7;15.3;0.0;6.0;6.0;0.0;4.0;0.1;22.7;0.0;22.8;3;0;0;0
2025-04-01;2;16.7;9.0;12.5;90;60;78;18.4;13.0;0.0;3.0;6.0;6.0;5.0;0.0;0.1;22.7;22.8;4;1;0;0
2025-04-02;3;16.4;10.2;13.4;86;59;75;18.6;8.3;0.0;2.0;3.0;6.0;3.6666666666666665;0.0;0.0;0.1;0.1;4;2;0;0
2025-04-03;5;18.5;11.6;15.4;88;63;76;16.3;11.5;0.0;3.0;2.0;3.0;2.6666666666666665;0.0;0.0;0.0;0.0;4;3;0;0
2025-04-04;1;21.0;11.9;15.3;95;49;66;15.9;11.7;0.0;5.0;3.0;2.0;3.3333333333333335;0.0;0.0;0.0;0.0;4;4;0;0
2025-04-05;7;16.4;11.6;13.7;96;70;85;19.1;13.9;0.0;1.0;5.0;3.0;3.0;0.0;0.0;0.0;0.0;4;5;1;0
2025-04-06;8;17.3;11.7;14.3;94;67;84;15.2;8.4;0.0;7.0;1.0;5.0;4.333333333333333;0.0;0.0;0.0;0.0;4;6;1;0
2025-04-07;7;17.5;11.1;14.2;95;70;85;16.5;11.2;0.0;8.0;7.0;1.0;5.333333333333333;0.0;0.0;0.0;0.0;4;0;0;0
2025-04-08;3;16.6;10.9;13.7;96;73;87;20.4;10.4;0.0;7.0;8.0;7.0;7.333333333333333;0.0;0.0;0.0;0.0;4;1;0;0
2025-04-09;6;16.5;10.8;13.9;95;71;86;20.9;9.9;0.4;3.0;7.0;8.0;6.0;0.0;0.0;0.0;0.0;4;2;0;0
2025-04-10;2;15.3;11.8;13.8;99;66;81;24.9;11.3;27.1;6.0;3.0;7.0;5.333333333333333;0.4;0.0;0.0;0.4;4;3;0;0
2025-04-11;6;14.6;9.4;12.3;90;69;82;12.0;7.4;0.0;2.0;6.0;3.0;3.6666666666666665;27.1;0.4;0.0;27.5;4;4;0;0
2025-04-12;4;16.0;9.8;12.7;87;65;80;20.0;13.4;0.0;6.0;2.0;6.0;4.666666666666667;0.0;27.1;0.4;27.5;4;5;1;0
2025-04-13;3;15.1;8.6;11.7;93;75;85;17.8;6.8;0.0;4.0;6.0;2.0;4.0;0.0;0.0;27.1;27.1;4;6;1;0
2025-04-14;4;16.0;10.6;13.3;95;81;89;20.5;11.5;3.3;3.0;4.0;6.0;4.333333333333333;0.0;0.0;0.0;0.0;4;0;0;0
2025-04-15;1;14.8;8.4;11.8;97;79;90;12.4;7.2;0.0;4.0;3.0;4.0;3.6666666666666665;3.3;0.0;0.0;3.3;4;1;0;0
2025-04-16;7;15.6;9.9;12.8;96;81;87;17.1;11.8;0.8;1.0;4.0;3.0;2.6666666666666665;0.0;3.3;0.0;3.3;4;2;0;0
2025-04-17;3;16.1;10.1;13.2;90;66;78;24.0;13.6;0.0;7.0;1.0;4.0;4.0;0.8;0.0;3.3;4.1;4;3;0;0
2025-04-18;7;15.6;9.9;12.6;90;58;74;15.4;10.2;0.0;3.0;7.0;1.0;3.6666666666666665;0.0;0.8;0.0;0.8;4;4;0;1
2025-04-19;1;15.3;7.6;11.4;92;70;83;10.2;5.7;0.0;7.0;3.0;7.0;5.666666666666667;0.0;0.0;0.8;0.8;4;5;1;1
2025-04-20;3;14.5;8.4;11.5;97;75;88;11.7;6.3;0.0;1.0;7.0;3.0;3.6666666666666665;0.0;0.0;0.0;0.0;4;6;1;0
2025-04-21;5;14.6;10.9;13.2;95;82;91;15.7;9.5;4.0;3.0;1.0;7.0;3.6666666666666665;0.0;0.0;0.0;0.0;4;0;0;0
2025-04-22;5;15.2;14.2;14.6;100;95;98;20.5;17.5;24.6;5.0;3.0;1.0;3.0;4.0;0.0;0.0;4.0;4;1;0;0
2025-04-23;4;19.0;13.9;15.6;100;81;96;13.2;7.6;2.7;5.0;5.0;3.0;4.333333333333333;24.6;4.0;0.0;28.6;4;2;0;0
2025-04-24;2;15.1;13.1;14.4;100;84;94;42.6;21.3;17.5;4.0;5.0;5.0;4.666666666666667;2.7;24.6;4.0;31.3;4;3;0;0
2025-04-25;12;14.4;10.1;13.0;95;76;84;23.6;11.3;4.4;2.0;4.0;5.0;3.6666666666666665;17.5;2.7;24.6;44.8;4;4;0;0
2025-04-26;6;15.6;8.3;11.9;84;58;74;19.5;12.2;0.0;12.0;2.0;4.0;6.0;4.4;17.5;2.7;24.599999999999998;4;5;1;0
2025-04-27;6;17.1;9.2;12.8;87;69;78;17.2;11.1;0.0;6.0;12.0;2.0;6.666666666666667;0.0;4.4;17.5;21.9;4;6;1;0
2025-04-28;3;15.4;9.1;12.1;95;74;83;18.0;10.9;0.0;6.0;6.0;12.0;8.0;0.0;0.0;4.4;4.4;4;0;0;0
2025-04-29;2;14.4;8.5;11.4;97;74;88;14.4;8.8;0.0;3.0;6.0;6.0;5.0;0.0;0.0;0.0;0.0;4;1;0;0
2025-04-30;4;14.1;7.6;11.3;96;77;87;28.7;15.3;0.0;2.0;3.0;6.0;3.6666666666666665;0.0;0.0;0.0;0.0;4;2;0;0
2025-05-01;6;15.2;10.4;12.8;97;68;87;26.8;9.3;7.3;4.0;2.0;3.0;3.0;0.0;0.0;0.0;0.0;5;3;0;1
2025-05-02;3;14.5;6.8;10.5;95;66;84;10.8;6.3;0.0;6.0;4.0;2.0;4.0;7.3;0.0;0.0;7.3;5;4;0;0
2025-05-03;5;14.6;9.4;12.2;98;76;86;15.8;8.3;6.0;3.0;6.0;4.0;4.333333333333333;0.0;7.3;0.0;7.3;5;5;1;0
2025-05-04;6;14.1;9.6;11.5;95;66;85;19.6;12.6;0.0;5.0;3.0;6.0;4.666666666666667;6.0;0.0;7.3;13.3;5;6;1;0
2025-05-05;5;13.9;6.3;10.1;92;57;80;13.3;7.6;0.0;6.0;5.0;3.0;4.666666666666667;0.0;6.0;0.0;6.0;5;0;0;0
2025-05-06;5;13.6;9.2;12.0;96;81;90;26.5;16.5;10.9;5.0;6.0;5.0;5.333333333333333;0.0;0.0;6.0;6.0;5;1;0;0
2025-05-07;2;14.1;11.6;12.7;97;81;92;24.5;14.5;20.7;5.0;5.0;6.0;5.333333333333333;10.9;0.0;0.0;10.9;5;2;0;0
2025-05-08;9;14.4;11.8;13.1;96;80;91;27.2;17.4;10.1;2.0;5.0;5.0;4.0;20.7;10.9;0.0;31.6;5;3;0;0
2025-05-09;9;15.6;12.0;13.8;96;83;90;19.0;11.2;0.6;9.0;2.0;5.0;5.333333333333333;10.1;20.7;10.9;41.699999999999996;5;4;0;0
2025-05-10;2;17.9;11.6;14.0;93;72;83;21.0;14.5;0.0;9.0;9.0;2.0;6.666666666666667;0.6;10.1;20.7;31.4;5;5;1;0
2025-05-11;6;14.6;9.2;11.7;97;82;92;10.1;6.0;0.0;2.0;9.0;9.0;6.666666666666667;0.0;0.6;10.1;10.7;5;6;1;0
2025-05-12;5;15.1;9.1;12.3;96;77;89;12.2;9.4;0.0;6.0;2.0;9.0;5.666666666666667;0.0;0.0;0.6;0.6;5;0;0;0
2025-05-13;6;14.6;6.8;11.5;98;88;93;11.6;6.5;0.5;5.0;6.0;2.0;4.333333333333333;0.0;0.0;0.0;0.0;5;1;0;0
2025-05-14;6;15.0;11.5;13.1;99;68;88;17.4;9.8;0.0;6.0;5.0;6.0;5.666666666666667;0.5;0.0;0.0;0.5;5;2;0;0
2025-05-15;1;15.1;7.7;11.1;97;80;87;9.2;4.3;0.0;6.0;6.0;5.0;5.666666666666667;0.0;0.5;0.0;0.5;5;3;0;0
2025-05-16;2;13.6;9.8;12.3;98;88;93;39.3;21.1;1.1;1.0;6.0;6.0;4.333333333333333;0.0;0.0;0.5;0.5;5;4;0;0
2025-05-17;6;14.1;9.8;12.6;96;64;84;46.1;17.8;30.5;2.0;1.0;6.0;3.0;1.1;0.0;0.0;1.1;5;5;1;0
2025-05-18;5;13.6;5.8;9.5;96;58;84;14.5;8.6;0.0;6.0;2.0;1.0;3.0;30.5;1.1;0.0;31.6;5;6;1;0
2025-05-19;4;14.4;5.3;9.5;90;50;75;17.2;10.8;0.0;5.0;6.0;2.0;4.333333333333333;0.0;30.5;1.1;31.6;5;0;0;0
2025-05-20;4;16.1;9.4;11.6;90;52;69;18.1;8.4;0.0;4.0;5.0;6.0;5.0;0.0;0.0;30.5;30.5;5;1;0;0
2025-05-21;3;16.8;10.6;13.0;92;64;80;14.9;11.7;0.2;4.0;4.0;5.0;4.333333333333333;0.0;0.0;0.0;0.0;5;2;0;1
2025-05-22;6;12.9;6.3;9.9;90;58;71;10.9;7.9;0.0;3.0;4.0;4.0;3.6666666666666665;0.2;0.0;0.0;0.2;5;3;0;0
2025-05-23;5;10.9;7.2;8.9;95;80;90;9.4;4.8;6.4;6.0;3.0;4.0;4.333333333333333;0.0;0.2;0.0;0.2;5;4;0;0
2025-05-24;1;14.1;5.7;9.3;98;82;90;9.6;6.8;0.0;5.0;6.0;3.0;4.666666666666667;6.4;0.0;0.2;6.6000000000000005;5;5;1;0
2025-05-25;2;14.3;7.6;12.0;97;83;92;39.8;22.3;33.7;1.0;5.0;6.0;4.0;0.0;6.4;0.0;6.4;5;6;1;0
2025-05-26;10;13.4;8.6;11.4;93;70;82;19.7;11.7;3.4;2.0;1.0;5.0;2.6666666666666665;33.7;0.0;6.4;40.1;5;0;0;0
2025-05-27;7;11.4;5.2;8.2;85;59;76;15.6;9.7;0.0;10.0;2.0;1.0;4.333333333333333;3.4;33.7;0.0;37.1;5;1;0;0
2025-05-28;4;13.4;5.0;9.1;83;62;73;13.7;9.5;0.0;7.0;10.0;2.0;6.333333333333333;0.0;3.4;33.7;37.1;5;2;0;0
2025-05-29;6;16.5;6.4;11.2;92;66;82;26.0;11.3;0.0;4.0;7.0;10.0;7.0;0.0;0.0;3.4;3.4;5;3;0;0
2025-05-30;4;14.1;8.6;11.2;94;66;81;18.6;13.2;0.0;6.0;4.0;7.0;5.666666666666667;0.0;0.0;0.0;0.0;5;4;0;0
2025-05-31;9;14.1;7.2;9.7;78;53;67;13.7;10.5;0.0;4.0;6.0;4.0;4.666666666666667;0.0;0.0;0.0;0.0;5;5;1;0
2025-06-01;5;13.9;6.8;10.1;89;54;69;12.7;8.0;0.0;9.0;4.0;6.0;6.333333333333333;0.0;0.0;0.0;0.0;6;6;1;0
2025-06-02;2;13.8;7.7;10.3;96;78;89;8.3;4.8;0.0;5.0;9.0;4.0;6.0;0.0;0.0;0.0;0.0;6;0;0;0
2025-06-03;5;13.1;9.3;11.1;95;83;92;16.3;11.2;5.8;2.0;5.0;9.0;5.333333333333333;0.0;0.0;0.0;0.0;6;1;0;0
2025-06-04;4;15.5;9.4;11.9;97;70;89;10.6;7.7;2.5;5.0;2.0;5.0;4.0;5.8;0.0;0.0;5.8;6;2;0;0
2025-06-05;2;15.3;6.8;10.6;99;72;89;11.6;8.8;0.0;4.0;5.0;2.0;3.6666666666666665;2.5;5.8;0.0;8.3;6;3;0;0
2025-06-06;5;11.9;4.8;8.7;90;73;82;20.9;12.5;0.0;2.0;4.0;5.0;3.6666666666666665;0.0;2.5;5.8;8.3;6;4;0;0
2025-06-07;1;13.8;9.9;11.3;87;72;83;14.4;8.4;0.0;5.0;2.0;4.0;3.6666666666666665;0.0;0.0;2.5;2.5;6;5;1;0
2025-06-08;7;12.6;5.2;8.9;91;73;84;10.4;7.4;0.0;1.0;5.0;2.0;2.6666666666666665;0.0;0.0;0.0;0.0;6;6;1;0
2025-06-09;7;11.7;4.0;7.3;90;71;82;6.8;5.0;0.0;7.0;1.0;5.0;4.333333333333333;0.0;0.0;0.0;0.0;6;0;0;0
2025-06-10;7;12.7;4.0;7.7;95;72;84;8.1;4.8;0.0;7.0;7.0;1.0;5.0;0.0;0.0;0.0;0.0;6;1;0;0
2025-06-11;6;13.7;8.4;11.9;96;71;84;46.2;29.2;16.5;7.0;7.0;7.0;7.0;0.0;0.0;0.0;0.0;6;2;0;0
2025-06-12;13;11.3;8.8;10.3;96;84;90;24.2;12.5;15.6;6.0;7.0;7.0;6.666666666666667;16.5;0.0;0.0;16.5;6;3;0;0
2025-06-13;4;11.8;7.8;9.7;95;72;87;15.4;11.2;0.9;13.0;6.0;7.0;8.666666666666666;15.6;16.5;0.0;32.1;6;4;0;0
2025-06-14;16;12.1;9.2;11.1;95;70;85;60.3;37.5;41.9;4.0;13.0;6.0;7.666666666666667;0.9;15.6;16.5;33.0;6;5;1;0
2025-06-15;20;13.9;9.6;12.1;97;84;92;55.1;15.6;48.3;16.0;4.0;13.0;11.0;41.9;0.9;15.6;58.4;6;6;1;0
2025-06-16;7;11.8;8.6;10.2;96;84;91;19.3;12.9;14.4;20.0;16.0;4.0;13.333333333333334;48.3;41.9;0.9;91.1;6;0;0;0
2025-06-17;8;13.1;8.6;10.4;96;66;86;13.8;9.0;4.1;7.0;20.0;16.0;14.333333333333334;14.4;48.3;41.9;104.6;6;1;0;0
2025-06-18;4;11.9;5.4;8.3;90;68;82;18.2;10.5;0.0;8.0;7.0;20.0;11.666666666666666;4.1;14.4;48.3;66.8;6;2;0;0
2025-06-19;10;11.9;4.1;8.2;87;70;81;18.6;11.1;0.0;4.0;8.0;7.0;6.333333333333333;0.0;4.1;14.4;18.5;6;3;0;0
2025-06-20;8;13.1;6.7;10.0;94;86;90;15.5;10.1;0.0;10.0;4.0;8.0;7.333333333333333;0.0;0.0;4.1;4.1;6;4;0;1
2025-06-21;6;12.6;8.4;10.7;96;79;87;27.3;14.6;20.8;8.0;10.0;4.0;7.333333333333333;0.0;0.0;0.0;0.0;6;5;1;0
2025-06-22;4;11.4;7.2;9.7;94;57;78;24.6;14.2;0.0;6.0;8.0;10.0;8.0;20.8;0.0;0.0;20.8;6;6;1;0
2025-06-23;8;10.1;4.4;7.2;85;61;75;16.6;11.1;0.0;4.0;6.0;8.0;6.0;0.0;20.8;0.0;20.8;6;0;0;0
2025-06-24;3;12.2;3.8;8.0;94;78;84;21.0;7.7;0.7;8.0;4.0;6.0;6.0;0.0;0.0;20.8;20.8;6;1;0;0
2025-06-25;6;10.4;2.8;7.3;93;57;78;20.1;13.1;0.0;3.0;8.0;4.0;5.0;0.7;0.0;0.0;0.7;6;2;0;0
2025-06-26;7;11.1;3.8;7.3;90;73;81;7.3;4.7;0.0;6.0;3.0;8.0;5.666666666666667;0.0;0.7;0.0;0.7;6;3;0;0
2025-06-27;5;11.2;6.7;8.6;90;75;85;13.6;7.5;0.0;7.0;6.0;3.0;5.333333333333333;0.0;0.0;0.7;0.7;6;4;0;0
2025-06-28;2;10.1;4.3;6.7;88;71;81;13.3;7.6;0.0;5.0;7.0;6.0;6.0;0.0;0.0;0.0;0.0;6;5;1;0
2025-06-29;6;9.9;2.3;5.4;78;40;62;17.3;14.4;0.0;2.0;5.0;7.0;4.666666666666667;0.0;0.0;0.0;0.0;6;6;1;1
2025-06-30;5;9.9;2.3;5.4;80;41;56;15.7;10.2;0.0;6.0;2.0;5.0;4.333333333333333;0.0;0.0;0.0;0.0;6;0;0;0
2025-07-01;6;12.1;3.5;6.7;87;51;67;9.0;5.5;0.0;5.0;6.0;2.0;4.333333333333333;0.0;0.0;0.0;0.0;7;1;0;0
2025-07-02;6;13.9;3.3;7.7;83;63;76;10.6;8.3;0.0;6.0;5.0;6.0;5.666666666666667;0.0;0.0;0.0;0.0;7;2;0;0
2025-07-03;4;13.9;4.4;9.1;86;67;79;11.7;8.6;0.0;6.0;6.0;5.0;5.666666666666667;0.0;0.0;0.0;0.0;7;3;0;0
2025-07-04;9;14.2;5.6;9.1;92;75;85;12.3;8.6;0.0;4.0;6.0;6.0;5.333333333333333;0.0;0.0;0.0;0.0;7;4;0;0
2025-07-05;3;13.0;9.2;11.3;96;78;89;38.7;26.8;12.7;9.0;4.0;6.0;6.333333333333333;0.0;0.0;0.0;0.0;7;5;1;0
2025-07-06;4;12.4;11.0;11.9;98;89;95;39.8;28.0;53.1;3.0;9.0;4.0;5.333333333333333;12.7;0.0;0.0;12.7;7;6;1;0
2025-07-07;2;14.1;10.4;12.0;99;81;92;21.1;10.6;0.1;4.0;3.0;9.0;5.333333333333333;53.1;12.7;0.0;65.8;7;0;0;0
2025-07-08;5;13.4;6.5;9.6;99;77;89;18.3;10.1;0.0;2.0;4.0;3.0;3.0;0.1;53.1;12.7;65.9;7;1;0;0
2025-07-09;7;11.6;3.5;7.6;92;66;81;18.4;8.0;0.0;5.0;2.0;4.0;3.6666666666666665;0.0;0.1;53.1;53.2;7;2;0;0
2025-07-10;0;12.4;2.8;7.6;91;65;78;23.0;10.5;0.0;7.0;5.0;2.0;4.666666666666667;0.0;0.0;0.1;0.1;7;3;0;0
2025-07-11;9;13.7;5.0;9.0;93;70;83;23.9;13.7;0.0;0.0;7.0;5.0;4.0;0.0;0.0;0.0;0.0;7;4;0;0
2025-07-12;8;13.1;4.8;8.5;96;75;88;14.7;8.8;0.0;9.0;0.0;7.0;5.333333333333333;0.0;0.0;0.0;0.0;7;5;1;0
2025-07-13;6;11.1;4.8;8.2;97;76;87;15.3;7.1;0.0;8.0;9.0;0.0;5.666666666666667;0.0;0.0;0.0;0.0;7;6;1;0
2025-07-14;7;11.9;8.5;10.1;96;75;86;16.4;12.9;3.5;6.0;8.0;9.0;7.666666666666667;0.0;0.0;0.0;0.0;7;0;0;0
2025-07-15;3;12.6;7.8;10.6;95;66;82;21.8;15.4;2.6;7.0;6.0;8.0;7.0;3.5;0.0;0.0;3.5;7;1;0;0
2025-07-16;7;12.5;5.8;8.7;88;62;75;21.7;12.9;0.0;3.0;7.0;6.0;5.333333333333333;2.6;3.5;0.0;6.1;7;2;0;1
2025-07-17;5;14.5;5.4;9.5;94;61;74;21.2;12.0;0.0;7.0;3.0;7.0;5.666666666666667;0.0;2.6;3.5;6.1;7;3;0;0
2025-07-18;5;13.3;6.8;9.7;97;77;90;15.7;12.0;0.0;5.0;7.0;3.0;5.0;0.0;0.0;2.6;2.6;7;4;0;0
2025-07-19;0;13.3;7.6;10.5;94;84;90;20.5;10.4;0.0;5.0;5.0;7.0;5.666666666666667;0.0;0.0;0.0;0.0;7;5;1;0
2025-07-20;2;13.6;7.1;10.1;93;73;86;10.9;6.4;0.0;0.0;5.0;5.0;3.3333333333333335;0.0;0.0;0.0;0.0;7;6;1;0
2025-07-21;11;12.8;9.1;11.1;100;90;96;17.5;10.9;3.9;2.0;0.0;5.0;2.3333333333333335;0.0;0.0;0.0;0.0;7;0;0;0
2025-07-22;4;14.6;7.7;10.5;94;68;82;18.1;11.2;0.2;11.0;2.0;0.0;4.333333333333333;3.9;0.0;0.0;3.9;7;1;0;0
2025-07-23;7;12.1;5.2;8.7;91;68;83;10.9;6.5;0.0;4.0;11.0;2.0;5.666666666666667;0.2;3.9;0.0;4.1;7;2;0;0
2025-07-24;9;12.6;9.1;10.5;95;85;91;40.6;22.3;12.1;7.0;4.0;11.0;7.333333333333333;0.0;0.2;3.9;4.1;7;3;0;0
2025-07-25;7;12.5;10.8;11.5;96;87;92;30.6;20.5;28.7;9.0;7.0;4.0;6.666666666666667;12.1;0.0;0.2;12.299999999999999;7;4;0;0
2025-07-26;5;12.0;9.3;10.8;98;88;94;19.0;11.7;0.6;7.0;9.0;7.0;7.666666666666667;28.7;12.1;0.0;40.8;7;5;1;0
2025-07-27;2;12.1;10.7;11.3;97;89;94;32.9;25.4;24.0;5.0;7.0;9.0;7.0;0.6;28.7;12.1;41.4;7;6;1;0
2025-07-28;10;13.1;11.7;12.3;96;87;93;35.3;22.8;7.6;2.0;5.0;7.0;4.666666666666667;24.0;0.6;28.7;53.3;7;0;0;0
2025-07-29;3;13.8;11.0;11.9;100;90;97;24.1;13.7;2.6;10.0;2.0;5.0;5.666666666666667;7.6;24.0;0.6;32.2;7;1;0;0
2025-07-30;5;12.6;11.6;12.3;99;94;97;39.2;34.5;28.6;3.0;10.0;2.0;5.0;2.6;7.6;24.0;34.2;7;2;0;0
2025-07-31;6;13.6;11.2;12.2;97;81;92;44.4;36.6;40.0;5.0;3.0;10.0;6.0;28.6;2.6;7.6;38.800000000000004;7;3;0;0
2025-08-01;4;11.6;9.5;11.0;97;83;91;35.6;25.9;37.2;6.0;5.0;3.0;4.666666666666667;40.0;28.6;2.6;71.19999999999999;8;4;0;0
2025-08-02;2;12.0;8.6;9.8;90;65;80;21.6;10.8;8.6;4.0;6.0;5.0;5.0;37.2;40.0;28.6;105.80000000000001;8;5;1;0
2025-08-03;6;12.8;6.1;8.9;91;52;76;15.2;8.6;0.0;2.0;4.0;6.0;4.0;8.6;37.2;40.0;85.80000000000001;8;6;1;0
2025-08-04;3;14.6;6.0;10.2;84;61;71;15.8;10.3;0.0;6.0;2.0;4.0;4.0;0.0;8.6;37.2;45.800000000000004;8;0;0;0
2025-08-05;4;14.8;8.9;11.9;100;80;90;10.0;5.7;0.4;3.0;6.0;2.0;3.6666666666666665;0.0;0.0;8.6;8.6;8;1;0;0
2025-08-06;4;14.9;10.1;12.4;100;80;91;18.7;12.7;0.3;4.0;3.0;6.0;4.333333333333333;0.4;0.0;0.0;0.4;8;2;0;0
2025-08-07;1;14.9;8.1;11.3;89;69;80;13.4;9.6;0.0;4.0;4.0;3.0;3.6666666666666665;0.3;0.4;0.0;0.7;8;3;0;0
2025-08-08;5;16.6;7.9;11.2;92;59;77;14.3;8.2;0.0;1.0;4.0;4.0;3.0;0.0;0.3;0.4;0.7;8;4;0;0
2025-08-09;3;11.9;7.3;10.2;97;77;87;14.4;8.8;1.4;5.0;1.0;4.0;3.3333333333333335;0.0;0.0;0.3;0.3;8;5;1;0
2025-08-10;1;13.2;8.4;10.8;91;65;79;13.4;9.8;0.0;3.0;5.0;1.0;3.0;1.4;0.0;0.0;1.4;8;6;1;0
2025-08-11;0;14.4;10.6;12.1;96;87;92;10.3;5.8;0.0;1.0;3.0;5.0;3.0;0.0;1.4;0.0;1.4;8;0;0;0
2025-08-12;5;13.9;10.8;12.6;99;76;88;19.9;12.8;1.7;0.0;1.0;3.0;1.3333333333333333;0.0;0.0;1.4;1.4;8;1;0;0
2025-08-13;3;14.6;8.6;11.3;83;67;75;13.1;10.2;0.0;5.0;0.0;1.0;2.0;1.7;0.0;0.0;1.7;8;2;0;0
2025-08-14;3;18.6;9.2;12.1;100;60;78;16.7;11.6;0.0;3.0;5.0;0.0;2.6666666666666665;0.0;1.7;0.0;1.7;8;3;0;0
2025-08-15;2;15.0;10.9;12.4;99;76;87;20.8;16.2;0.6;3.0;3.0;5.0;3.6666666666666665;0.0;0.0;1.7;1.7;8;4;0;1
2025-08-16;3;14.2;9.9;12.4;95;77;88;22.6;15.3;2.8;2.0;3.0;3.0;2.6666666666666665;0.6;0.0;0.0;0.6;8;5;1;0
2025-08-17;1;15.6;8.4;11.5;94;72;89;12.8;5.7;0.1;3.0;2.0;3.0;2.6666666666666665;2.8;0.6;0.0;3.4;8;6;1;0
2025-08-18;1;14.8;9.4;12.0;95;79;88;11.7;6.8;0.0;1.0;3.0;2.0;2.0;0.1;2.8;0.6;3.5;8;0;0;0
2025-08-19;5;13.4;9.9;11.6;97;77;91;23.0;14.6;15.5;1.0;1.0;3.0;1.6666666666666667;0.0;0.1;2.8;2.9;8;1;0;0
2025-08-20;1;13.9;10.2;11.8;97;77;89;23.8;9.5;4.2;5.0;1.0;1.0;2.3333333333333335;15.5;0.0;0.1;15.6;8;2;0;0
2025-08-21;5;11.6;6.2;10.2;92;66;80;31.9;24.3;20.5;1.0;5.0;1.0;2.3333333333333335;4.2;15.5;0.0;19.7;8;3;0;0
2025-08-22;6;9.8;5.1;7.5;94;66;79;14.2;7.4;9.7;5.0;1.0;5.0;3.6666666666666665;20.5;4.2;15.5;40.2;8;4;0;0
2025-08-23;7;11.5;6.7;8.9;84;60;75;11.3;8.1;0.4;6.0;5.0;1.0;4.0;9.7;20.5;4.2;34.4;8;5;1;0
2025-08-24;1;12.8;8.4;10.8;94;76;83;18.4;11.2;1.1;7.0;6.0;5.0;6.0;0.4;9.7;20.5;30.6;8;6;1;0
2025-08-25;4;15.6;9.2;12.1;92;70;83;24.7;18.7;0.0;1.0;7.0;6.0;4.666666666666667;1.1;0.4;9.7;11.2;8;0;0;0
2025-08-26;6;17.5;9.1;12.6;90;68;79;17.4;11.2;0.0;4.0;1.0;7.0;4.0;0.0;1.1;0.4;1.5;8;1;0;0
2025-08-27;6;14.8;8.1;11.5;97;73;85;10.6;6.8;0.0;6.0;4.0;1.0;3.6666666666666665;0.0;0.0;1.1;1.1;8;2;0;0
2025-08-28;2;12.2;9.6;10.6;99;73;86;13.3;8.1;0.0;6.0;6.0;4.0;5.333333333333333;0.0;0.0;0.0;0.0;8;3;0;0
2025-08-29;2;14.4;8.2;11.0;92;62;83;13.9;6.3;0.0;2.0;6.0;6.0;4.666666666666667;0.0;0.0;0.0;0.0;8;4;0;0
2025-08-30;3;14.4;8.0;10.7;97;73;86;16.4;5.8;0.1;2.0;2.0;6.0;3.3333333333333335;0.0;0.0;0.0;0.0;8;5;1;0
2025-08-31;6;13.3;9.1;11.4;98;78;90;10.0;5.7;1.7;3.0;2.0;2.0;2.3333333333333335;0.1;0.0;0.0;0.1;8;6;1;0
2025-09-01;2;14.0;9.4;11.6;97;76;87;11.2;6.4;0.4;6.0;3.0;2.0;3.6666666666666665;1.7;0.1;0.0;1.8;9;0;0;0
2025-09-02;3;11.8;9.1;10.5;90;60;73;20.3;13.7;1.0;2.0;6.0;3.0;3.6666666666666665;0.4;1.7;0.1;2.2;9;1;0;0
2025-09-03;6;12.6;5.3;9.3;85;58;73;25.8;13.9;0.0;3.0;2.0;6.0;3.6666666666666665;1.0;0.4;1.7;3.0999999999999996;9;2;0;0
2025-09-04;5;13.5;5.9;9.6;89;59;72;18.6;12.2;0.0;6.0;3.0;2.0;3.6666666666666665;0.0;1.0;0.4;1.4;9;3;0;0
2025-09-05;1;13.8;7.3;10.3;93;58;74;16.2;10.5;0.0;5.0;6.0;3.0;4.666666666666667;0.0;0.0;1.0;1.0;9;4;0;0
2025-09-06;7;12.8;7.8;10.2;99;67;82;20.3;11.6;0.4;1.0;5.0;6.0;4.0;0.0;0.0;0.0;0.0;9;5;1;0
2025-09-07;4;12.1;9.5;10.5;89;70;82;17.0;13.5;4.1;7.0;1.0;5.0;4.333333333333333;0.4;0.0;0.0;0.4;9;6;1;0
2025-09-08;0;12.6;9.9;11.3;87;74;82;32.2;23.8;2.5;4.0;7.0;1.0;4.0;4.1;0.4;0.0;4.5;9;0;0;0
2025-09-09;6;13.2;11.4;12.4;97;82;88;37.0;31.7;25.3;0.0;4.0;7.0;3.6666666666666665;2.5;4.1;0.4;7.0;9;1;0;0
2025-09-10;10;15.0;9.6;12.6;93;73;84;21.6;11.6;2.2;6.0;0.0;4.0;3.3333333333333335;25.3;2.5;4.1;31.9;9;2;0;0
2025-09-11;2;14.6;7.1;11.3;91;72;82;19.7;10.9;0.0;10.0;6.0;0.0;5.333333333333333;2.2;25.3;2.5;30.0;9;3;0;0
2025-09-12;4;12.9;5.4;9.9;95;72;86;20.1;8.4;1.3;2.0;10.0;6.0;6.0;0.0;2.2;25.3;27.5;9;4;0;0
2025-09-13;0;14.4;9.9;12.2;97;68;84;16.7;7.5;9.5;4.0;2.0;10.0;5.333333333333333;1.3;0.0;2.2;3.5;9;5;1;0
2025-09-14;6;14.1;8.6;11.3;84;72;78;22.1;14.4;0.0;0.0;4.0;2.0;2.0;9.5;1.3;0.0;10.8;9;6;1;0
2025-09-15;13;14.6;6.6;11.1;89;63;79;20.6;12.8;0.0;6.0;0.0;4.0;3.3333333333333335;0.0;9.5;1.3;10.8;9;0;0;0
2025-09-16;10;15.9;10.2;12.5;94;75;85;20.0;13.8;0.0;13.0;6.0;0.0;6.333333333333333;0.0;0.0;9.5;9.5;9;1;0;0
2025-09-17;1;12.9;9.8;11.6;96;86;91;20.8;11.9;2.3;10.0;13.0;6.0;9.666666666666666;0.0;0.0;0.0;0.0;9;2;0;0
2025-09-18;2;13.6;11.6;12.3;95;82;87;22.5;18.9;7.5;1.0;10.0;13.0;8.0;2.3;0.0;0.0;2.3;9;3;0;1
2025-09-19;7;13.4;11.6;12.5;98;90;94;29.1;20.1;24.6;2.0;1.0;10.0;4.333333333333333;7.5;2.3;0.0;9.8;9;4;0;1
2025-09-20;6;13.1;9.9;11.9;95;78;87;27.7;20.5;40.2;7.0;2.0;1.0;3.3333333333333335;24.6;7.5;2.3;34.4;9;5;1;0
2025-09-21;1;13.1;8.8;10.9;94;68;80;20.9;13.5;6.0;6.0;7.0;2.0;5.0;40.2;24.6;7.5;72.30000000000001;9;6;1;0
2025-09-22;4;13.2;7.3;10.5;87;56;74;20.8;11.7;0.0;1.0;6.0;7.0;4.666666666666667;6.0;40.2;24.6;70.80000000000001;9;0;0;0
2025-09-23;8;14.0;9.5;11.5;89;67;79;14.8;11.3;0.0;4.0;1.0;6.0;3.6666666666666665;0.0;6.0;40.2;46.2;9;1;0;0
2025-09-24;1;16.8;8.6;12.3;93;71;83;13.4;7.6;0.0;8.0;4.0;1.0;4.333333333333333;0.0;0.0;6.0;6.0;9;2;0;0
2025-09-25;0;14.6;8.9;12.1;97;72;84;23.9;15.9;1.7;1.0;8.0;4.0;4.333333333333333;0.0;0.0;0.0;0.0;9;3;0;0
2025-09-26;3;14.5;11.0;12.6;96;67;81;24.9;14.4;7.5;0.0;1.0;8.0;3.0;1.7;0.0;0.0;1.7;9;4;0;0
2025-09-27;5;14.9;9.5;12.2;96;64;82;12.2;8.0;0.4;3.0;0.0;1.0;1.3333333333333333;7.5;1.7;0.0;9.2;9;5;1;0
2025-09-28;4;14.5;9.5;12.1;95;76;84;20.5;9.9;0.0;5.0;3.0;0.0;2.6666666666666665;0.4;7.5;1.7;9.6;9;6;1;0
2025-09-29;1;13.9;9.8;11.6;77;53;66;23.6;18.3;0.0;4.0;5.0;3.0;4.0;0.0;0.4;7.5;7.9;9;0;0;0
2025-09-30;1;16.4;8.6;12.4;88;62;75;24.8;16.4;0.0;1.0;4.0;5.0;3.3333333333333335;0.0;0.0;0.4;0.4;9;1;0;0
2025-10-01;6;16.4;8.9;12.2;94;67;80;23.4;15.1;0.0;1.0;1.0;4.0;2.0;0.0;0.0;0.0;0.0;10;2;0;0
2025-10-02;3;15.1;8.5;11.5;94;68;83;20.1;13.0;0.0;6.0;1.0;1.0;2.6666666666666665;0.0;0.0;0.0;0.0;10;3;0;0
2025-10-03;3;14.9;10.1;12.4;85;62;75;32.0;15.5;0.0;3.0;6.0;1.0;3.3333333333333335;0.0;0.0;0.0;0.0;10;4;0;0
2025-10-04;2;13.5;8.8;11.7;95;70;82;39.5;20.0;33.6;3.0;3.0;6.0;4.0;0.0;0.0;0.0;0.0;10;5;1;0
2025-10-05;4;13.0;7.6;10.4;92;66;78;19.3;11.0;8.5;2.0;3.0;3.0;2.6666666666666665;33.6;0.0;0.0;33.6;10;6;1;0
2025-10-06;3;14.9;6.9;10.9;88;58;73;24.4;17.6;0.0;4.0;2.0;3.0;3.0;8.5;33.6;0.0;42.1;10;0;0;0
2025-10-07;1;17.2;9.9;13.4;91;69;81;26.9;17.2;0.0;3.0;4.0;2.0;3.0;0.0;8.5;33.6;42.1;10;1;0;0
2025-10-08;6;16.8;10.3;13.1;93;75;84;26.3;17.6;0.0;1.0;3.0;4.0;2.6666666666666665;0.0;0.0;8.5;8.5;10;2;0;0
2025-10-09;2;15.9;9.9;12.8;94;70;84;19.6;14.9;0.0;6.0;1.0;3.0;3.3333333333333335;0.0;0.0;0.0;0.0;10;3;0;0
2025-10-10;1;14.6;9.1;12.0;96;73;87;20.0;11.2;9.3;2.0;6.0;1.0;3.0;0.0;0.0;0.0;0.0;10;4;0;0
2025-10-11;4;13.9;9.1;11.5;90;58;74;20.3;14.9;0.6;1.0;2.0;6.0;3.0;9.3;0.0;0.0;9.3;10;5;1;0
2025-10-12;1;14.6;8.2;11.4;88;64;76;26.4;16.8;0.0;4.0;1.0;2.0;2.3333333333333335;0.6;9.3;0.0;9.9;10;6;1;1
2025-10-13;6;16.4;8.0;12.6;90;68;81;22.7;16.4;0.0;1.0;4.0;1.0;2.0;0.0;0.6;9.3;9.9;10;0;0;0
2025-10-14;2;15.2;10.1;12.8;96;76;88;16.7;10.9;0.0;6.0;1.0;4.0;3.6666666666666665;0.0;0.0;0.6;0.6;10;1;0;0
2025-10-15;3;15.1;10.9;13.0;98;79;89;16.1;11.3;3.7;2.0;6.0;1.0;3.0;0.0;0.0;0.0;0.0;10;2;0;0
2025-10-16;7;16.0;8.4;12.2;89;58;75;26.5;16.5;0.0;3.0;2.0;6.0;3.6666666666666665;3.7;0.0;0.0;3.7;10;3;0;0
2025-10-17;8;17.0;9.1;13.2;90;65;78;18.7;12.8;0.0;7.0;3.0;2.0;4.0;0.0;3.7;0.0;3.7;10;4;0;0
2025-10-18;2;16.8;9.9;13.4;87;65;74;15.3;10.9;0.0;8.0;7.0;3.0;6.0;0.0;0.0;3.7;3.7;10;5;1;0
2025-10-19;8;15.1;10.2;12.2;94;69;83;21.2;13.8;0.0;2.0;8.0;7.0;5.666666666666667;0.0;0.0;0.0;0.0;10;6;1;0
2025-10-20;1;16.0;7.9;12.5;96;78;86;11.6;7.0;0.0;8.0;2.0;8.0;6.0;0.0;0.0;0.0;0.0;10;0;0;0
2025-10-21;3;16.4;9.4;13.4;94;64;79;19.1;13.1;0.0;1.0;8.0;2.0;3.6666666666666665;0.0;0.0;0.0;0.0;10;1;0;0
2025-10-22;9;15.9;9.6;12.8;89;59;77;24.8;15.1;0.0;3.0;1.0;8.0;4.0;0.0;0.0;0.0;0.0;10;2;0;0
2025-10-23;1;16.1;10.3;13.1;84;58;75;19.4;14.2;0.0;9.0;3.0;1.0;4.333333333333333;0.0;0.0;0.0;0.0;10;3;0;0
2025-10-24;6;14.9;9.2;12.2;89;50;66;30.1;18.3;0.0;1.0;9.0;3.0;4.333333333333333;0.0;0.0;0.0;0.0;10;4;0;0
2025-10-25;2;14.9;6.7;11.4;82;48;65;24.8;15.0;0.0;6.0;1.0;9.0;5.333333333333333;0.0;0.0;0.0;0.0;10;5;1;0
2025-10-26;2;16.8;10.4;13.6;85;71;77;24.4;13.1;0.0;2.0;6.0;1.0;3.0;0.0;0.0;0.0;0.0;10;6;1;0
2025-10-27;4;19.4;10.1;14.9;93;43;70;19.7;14.0;0.0;2.0;2.0;6.0;3.3333333333333335;0.0;0.0;0.0;0.0;10;0;0;0
2025-10-28;2;18.9;10.8;15.1;71;39;52;21.6;14.3;0.0;4.0;2.0;2.0;2.6666666666666665;0.0;0.0;0.0;0.0;10;1;0;0
2025-10-29;2;18.6;9.9;14.3;88;54;72;24.8;17.1;0.0;2.0;4.0;2.0;2.6666666666666665;0.0;0.0;0.0;0.0;10;2;0;0
2025-10-30;3;16.8;11.2;13.7;95;60;75;28.3;18.1;0.0;2.0;2.0;4.0;2.6666666666666665;0.0;0.0;0.0;0.0;10;3;0;0
2025-10-31;7;15.6;10.4;13.1;89;54;72;23.5;15.9;0.4;3.0;2.0;2.0;2.3333333333333335;0.0;0.0;0.0;0.0;10;4;0;1
2025-11-01;0;17.2;8.9;13.4;88;47;71;22.2;13.8;0.0;7.0;3.0;2.0;4.0;0.4;0.0;0.0;0.4;11;5;1;1
2025-11-02;4;18.0;10.6;14.3;86;57;73;15.9;11.1;0.0;0.0;7.0;3.0;3.3333333333333335;0.0;0.4;0.0;0.4;11;6;1;0
2025-11-03;6;15.4;10.7;12.9;95;66;81;18.5;9.3;2.1;4.0;0.0;7.0;3.6666666666666665;0.0;0.0;0.4;0.4;11;0;0;0
2025-11-04;3;16.6;10.6;13.7;92;66;78;18.2;10.3;0.0;6.0;4.0;0.0;3.3333333333333335;2.1;0.0;0.0;2.1;11;1;0;0
2025-11-05;3;18.2;9.9;14.4;90;59;76;19.3;10.9;0.0;3.0;6.0;4.0;4.333333333333333;0.0;2.1;0.0;2.1;11;2;0;0
2025-11-06;6;16.8;11.2;13.6;96;63;79;14.4;10.6;1.1;3.0;3.0;6.0;4.0;0.0;0.0;2.1;2.1;11;3;0;0
2025-11-07;10;16.6;10.0;13.6;94;52;73;19.6;10.6;0.0;6.0;3.0;3.0;4.0;1.1;0.0;0.0;1.1;11;4;0;0
2025-11-08;6;18.3;10.5;14.5;91;58;76;20.9;10.9;0.0;10.0;6.0;3.0;6.333333333333333;0.0;1.1;0.0;1.1;11;5;1;0
2025-11-09;3;16.6;9.9;13.6;95;63;78;14.4;9.5;1.1;6.0;10.0;6.0;7.333333333333333;0.0;0.0;1.1;1.1;11;6;1;0
2025-11-10;1;17.2;11.2;14.4;89;52;71;14.9;11.6;0.0;3.0;6.0;10.0;6.333333333333333;1.1;0.0;0.0;1.1;11;0;0;0
2025-11-11;2;16.5;11.2;13.8;92;59;77;20.8;11.6;2.5;1.0;3.0;6.0;3.3333333333333335;0.0;1.1;0.0;1.1;11;1;0;0
2025-11-12;6;19.1;10.2;14.6;86;50;71;28.9;18.4;0.0;2.0;1.0;3.0;2.0;2.5;0.0;1.1;3.6;11;2;0;0
2025-11-13;4;20.0;11.2;15.6;91;51;71;28.8;18.3;0.0;6.0;2.0;1.0;3.0;0.0;2.5;0.0;2.5;11;3;0;0
2025-11-14;8;20.1;11.2;15.4;95;52;73;25.3;16.8;0.0;4.0;6.0;2.0;4.0;0.0;0.0;2.5;2.5;11;4;0;0
2025-11-15;9;18.3;12.0;14.5;98;60;81;30.9;18.8;0.3;8.0;4.0;6.0;6.0;0.0;0.0;0.0;0.0;11;5;1;0
2025-11-16;5;17.9;10.8;14.2;84;44;64;24.7;17.8;0.0;9.0;8.0;4.0;7.0;0.3;0.0;0.0;0.3;11;6;1;0
2025-11-17;3;19.8;10.4;15.0;93;43;72;31.4;18.8;0.0;5.0;9.0;8.0;7.333333333333333;0.0;0.3;0.0;0.3;11;0;0;0
2025-11-18;4;19.9;12.4;15.9;95;42;70;24.2;19.5;0.0;3.0;5.0;9.0;5.666666666666667;0.0;0.0;0.3;0.3;11;1;0;0
2025-11-19;5;20.0;12.5;15.7;91;55;71;27.0;18.6;0.0;4.0;3.0;5.0;4.0;0.0;0.0;0.0;0.0;11;2;0;0
2025-11-20;5;17.4;12.6;15.4;95;55;72;23.7;16.8;0.4;5.0;4.0;3.0;4.0;0.0;0.0;0.0;0.0;11;3;0;0
2025-11-21;4;21.4;13.6;17.1;93;44;60;21.1;16.5;0.0;5.0;5.0;4.0;4.666666666666667;0.4;0.0;0.0;0.4;11;4;0;0
2025-11-22;5;20.9;10.4;16.1;99;45;73;14.3;8.0;0.0;4.0;5.0;5.0;4.666666666666667;0.0;0.4;0.0;0.4;11;5;1;0
2025-11-23;0;18.9;12.4;15.3;98;64;82;9.7;7.8;0.0;5.0;4.0;5.0;4.666666666666667;0.0;0.0;0.4;0.4;11;6;1;0
2025-11-24;6;17.0;11.1;13.8;99;72;86;14.9;9.6;0.0;0.0;5.0;4.0;3.0;0.0;0.0;0.0;0.0;11;0;0;0
2025-11-25;3;16.4;11.9;14.0;97;70;83;14.4;9.6;0.0;6.0;0.0;5.0;3.6666666666666665;0.0;0.0;0.0;0.0;11;1;0;0
2025-11-26;4;17.0;13.2;14.5;91;66;78;13.3;6.5;0.0;3.0;6.0;0.0;3.0;0.0;0.0;0.0;0.0;11;2;0;0
2025-11-27;7;18.9;12.4;15.2;97;59;80;13.9;6.9;0.0;4.0;3.0;6.0;4.333333333333333;0.0;0.0;0.0;0.0;11;3;0;0
2025-11-28;4;18.2;12.9;15.5;95;66;80;25.3;18.3;1.5;7.0;4.0;3.0;4.666666666666667;0.0;0.0;0.0;0.0;11;4;0;0
2025-11-29;2;18.0;14.1;15.7;93;68;83;23.6;18.2;0.7;4.0;7.0;4.0;5.0;1.5;0.0;0.0;1.5;11;5;1;0
2025-11-30;9;17.9;13.5;15.4;93;64;80;17.3;12.0;3.5;2.0;4.0;7.0;4.333333333333333;0.7;1.5;0.0;2.2;11;6;1;0
2025-12-01;5;18.9;11.1;15.4;94;60;79;21.1;10.9;0.0;9.0;2.0;4.0;5.0;3.5;0.7;1.5;5.7;12;0;0;0
2025-12-02;0;20.1;13.1;16.6;89;50;74;19.5;15.4;0.0;5.0;9.0;2.0;5.333333333333333;0.0;3.5;0.7;4.2;12;1;0;0
2025-12-03;9;22.4;14.4;17.9;94;57;75;29.9;18.1;0.0;0.0;5.0;9.0;4.666666666666667;0.0;0.0;3.5;3.5;12;2;0;0
2025-12-04;5;21.7;13.9;17.6;89;55;71;31.0;19.5;0.0;9.0;0.0;5.0;4.666666666666667;0.0;0.0;0.0;0.0;12;3;0;0
2025-12-05;11;21.2;12.1;17.0;89;44;65;25.3;16.9;0.0;5.0;9.0;0.0;4.666666666666667;0.0;0.0;0.0;0.0;12;4;0;0
2025-12-06;4;21.6;12.9;16.9;95;41;68;16.3;11.1;0.0;11.0;5.0;9.0;8.333333333333334;0.0;0.0;0.0;0.0;12;5;1;0
2025-12-07;5;19.5;12.4;16.1;96;68;84;11.8;7.1;0.0;4.0;11.0;5.0;6.666666666666667;0.0;0.0;0.0;0.0;12;6;1;0
2025-12-08;3;19.8;12.9;16.0;96;66;84;12.9;6.6;0.0;5.0;4.0;11.0;6.666666666666667;0.0;0.0;0.0;0.0;12;0;0;1
2025-12-09;8;18.4;13.8;16.0;98;66;84;16.2;8.6;0.8;3.0;5.0;4.0;4.0;0.0;0.0;0.0;0.0;12;1;0;0
2025-12-10;6;18.8;13.4;16.0;98;75;87;14.7;7.0;2.3;8.0;3.0;5.0;5.333333333333333;0.8;0.0;0.0;0.8;12;2;0;0
2025-12-11;1;19.5;14.1;16.3;95;64;79;21.9;14.4;0.0;6.0;8.0;3.0;5.666666666666667;2.3;0.8;0.0;3.0999999999999996;12;3;0;0
2025-12-12;7;18.6;13.7;16.1;90;64;78;18.6;12.6;0.1;1.0;6.0;8.0;5.0;0.0;2.3;0.8;3.0999999999999996;12;4;0;0
2025-12-13;7;17.8;13.1;15.5;95;54;72;25.2;15.4;1.3;7.0;1.0;6.0;4.666666666666667;0.1;0.0;2.3;2.4;12;5;1;0
2025-12-14;6;17.6;11.1;14.7;88;51;66;28.8;18.9;0.0;7.0;7.0;1.0;5.0;1.3;0.1;0.0;1.4000000000000001;12;6;1;0
2025-12-15;1;19.0;11.2;15.9;85;49;67;30.9;19.4;0.0;6.0;7.0;7.0;6.666666666666667;0.0;1.3;0.1;1.4000000000000001;12;0;0;0
2025-12-16;8;23.1;13.8;18.0;85;47;69;34.7;22.7;0.0;1.0;6.0;7.0;4.666666666666667;0.0;0.0;1.3;1.3;12;1;0;0
2025-12-17;3;22.6;13.1;18.0;89;49;68;27.1;19.5;0.0;8.0;1.0;6.0;5.0;0.0;0.0;0.0;0.0;12;2;0;0
2025-12-18;6;21.5;14.4;17.9;86;54;68;21.4;17.5;0.0;3.0;8.0;1.0;4.0;0.0;0.0;0.0;0.0;12;3;0;0
2025-12-19;3;19.2;12.6;15.5;96;59;80;16.1;12.0;0.3;6.0;3.0;8.0;5.666666666666667;0.0;0.0;0.0;0.0;12;4;0;0
2025-12-20;4;16.5;13.2;14.4;97;75;89;28.9;20.0;15.2;3.0;6.0;3.0;4.0;0.3;0.0;0.0;0.3;12;5;1;0
2025-12-21;6;17.5;13.4;15.2;99;73;86;17.0;11.8;5.8;4.0;3.0;6.0;4.333333333333333;15.2;0.3;0.0;15.5;12;6;1;0
2025-12-22;3;18.1;11.6;15.0;89;52;73;17.4;13.4;0.0;6.0;4.0;3.0;4.333333333333333;5.8;15.2;0.3;21.3;12;0;0;0
2025-12-23;9;19.6;13.1;16.2;91;54;74;30.6;14.9;0.0;3.0;6.0;4.0;4.333333333333333;0.0;5.8;15.2;21.0;12;1;0;0
2025-12-24;9;20.4;12.1;16.5;86;56;70;28.0;19.1;0.0;9.0;3.0;6.0;6.0;0.0;0.0;5.8;5.8;12;2;0;0
2025-12-25;1;21.9;12.3;17.1;90;50;70;26.8;20.2;0.0;9.0;9.0;3.0;7.0;0.0;0.0;0.0;0.0;12;3;0;1
2025-12-26;10;20.2;14.1;16.8;89;54;71;24.9;21.2;0.0;1.0;9.0;9.0;6.333333333333333;0.0;0.0;0.0;0.0;12;4;0;0
2025-12-27;5;20.9;12.9;17.0;83;49;66;26.2;17.3;0.0;10.0;1.0;9.0;6.666666666666667;0.0;0.0;0.0;0.0;12;5;1;0
2025-12-28;8;22.5;13.1;17.8;85;42;64;19.7;10.1;0.0;5.0;10.0;1.0;5.333333333333333;0.0;0.0;0.0;0.0;12;6;1;0
2025-12-29;6;23.9;13.6;18.5;94;47;69;25.4;15.9;0.0;8.0;5.0;10.0;7.666666666666667;0.0;0.0;0.0;0.0;12;0;0;0
2025-12-30;3;24.2;13.9;18.8;89;51;70;30.1;20.0;0.0;6.0;8.0;5.0;6.333333333333333;0.0;0.0;0.0;0.0;12;1;0;0
2025-12-31;1;24.5;13.9;19.5;98;50;73;17.7;13.4;0.0;3.0;6.0;8.0;5.666666666666667;0.0;0.0;0.0;0.0;12;2;0;0
2026-01-01;9;23.0;12.8;18.2;97;44;66;18.4;10.3;0.0;1.0;3.0;6.0;3.3333333333333335;0.0;0.0;0.0;0.0;1;3;0;1
2026-01-02;3;19.8;11.9;14.9;100;52;83;14.8;8.5;0.0;9.0;1.0;3.0;4.333333333333333;0.0;0.0;0.0;0.0;1;4;0;0
2026-01-03;0;17.8;12.3;15.0;98;74;86;10.9;6.5;0.0;3.0;9.0;1.0;4.333333333333333;0.0;0.0;0.0;0.0;1;5;1;0
2026-01-04;7;17.4;13.3;15.2;96;73;85;19.5;10.1;0.2;0.0;3.0;9.0;4.0;0.0;0.0;0.0;0.0;1;6;1;0
2026-01-05;6;18.9;13.4;15.8;97;61;83;15.9;7.7;0.0;7.0;0.0;3.0;3.3333333333333335;0.2;0.0;0.0;0.2;1;0;0;0
2026-01-06;3;19.9;13.2;16.7;99;61;79;18.7;10.7;0.0;6.0;7.0;0.0;4.333333333333333;0.0;0.2;0.0;0.2;1;1;0;0
2026-01-07;1;23.2;14.4;19.3;93;50;66;14.7;11.0;0.0;3.0;6.0;7.0;5.333333333333333;0.0;0.0;0.2;0.2;1;2;0;0
2026-01-08;5;18.9;13.2;15.8;99;70;84;13.6;10.1;0.0;1.0;3.0;6.0;3.3333333333333335;0.0;0.0;0.0;0.0;1;3;0;0
2026-01-09;6;22.5;13.2;17.6;97;52;77;24.5;14.6;0.0;5.0;1.0;3.0;3.0;0.0;0.0;0.0;0.0;1;4;0;0
2026-01-10;2;23.2;13.9;18.4;94;49;72;23.3;16.6;0.0;6.0;5.0;1.0;4.0;0.0;0.0;0.0;0.0;1;5;1;0
2026-01-11;4;21.6;14.6;18.1;88;53;74;24.6;15.5;0.0;2.0;6.0;5.0;4.333333333333333;0.0;0.0;0.0;0.0;1;6;1;0
2026-01-12;3;21.1;14.8;17.5;95;48;72;30.8;18.8;0.0;4.0;2.0;6.0;4.0;0.0;0.0;0.0;0.0;1;0;0;0
2026-01-13;2;22.6;13.2;17.9;73;37;53;26.3;17.9;0.0;3.0;4.0;2.0;3.0;0.0;0.0;0.0;0.0;1;1;0;0
2026-01-14;4;20.6;13.6;17.0;88;53;73;20.1;14.8;0.0;2.0;3.0;4.0;3.0;0.0;0.0;0.0;0.0;1;2;0;0
2026-01-15;9;19.8;14.3;17.0;92;40;66;26.7;17.5;0.0;4.0;2.0;3.0;3.0;0.0;0.0;0.0;0.0;1;3;0;0
2026-01-16;6;22.4;12.8;17.7;81;41;60;29.2;18.5;0.0;9.0;4.0;2.0;5.0;0.0;0.0;0.0;0.0;1;4;0;0
2026-01-17;11;22.0;13.9;18.2;87;43;64;30.8;22.0;0.0;6.0;9.0;4.0;6.333333333333333;0.0;0.0;0.0;0.0;1;5;1;0
2026-01-18;10;25.8;16.1;20.5;81;34;45;22.0;17.8;0.0;11.0;6.0;9.0;8.666666666666666;0.0;0.0;0.0;0.0;1;6;1;0
2026-01-19;6;22.0;13.6;16.6;95;47;77;16.2;9.5;0.0;10.0;11.0;6.0;9.0;0.0;0.0;0.0;0.0;1;0;0;0
2026-01-20;6;17.5;10.6;14.4;98;66;84;22.1;9.4;0.0;6.0;10.0;11.0;9.0;0.0;0.0;0.0;0.0;1;1;0;0
2026-01-21;15;19.8;12.6;15.8;95;57;76;23.4;17.1;0.0;6.0;6.0;10.0;7.333333333333333;0.0;0.0;0.0;0.0;1;2;0;0
2026-01-22;7;19.8;14.0;16.8;88;61;74;21.2;14.7;0.0;15.0;6.0;6.0;9.0;0.0;0.0;0.0;0.0;1;3;0;0
2026-01-23;4;20.4;13.1;16.4;96;58;79;20.3;12.3;0.0;7.0;15.0;6.0;9.333333333333334;0.0;0.0;0.0;0.0;1;4;0;0
2026-01-24;2;19.1;12.9;15.8;95;58;77;19.1;14.2;0.0;4.0;7.0;15.0;8.666666666666666;0.0;0.0;0.0;0.0;1;5;1;0
2026-01-25;0;18.9;12.7;15.6;90;51;72;17.6;12.3;0.0;2.0;4.0;7.0;4.333333333333333;0.0;0.0;0.0;0.0;1;6;1;0
2026-01-26;3;20.8;13.2;17.2;87;48;68;17.3;11.3;0.0;0.0;2.0;4.0;2.0;0.0;0.0;0.0;0.0;1;0;0;0
2026-01-27;3;20.6;13.4;17.3;95;64;84;15.5;9.3;0.0;3.0;0.0;2.0;1.6666666666666667;0.0;0.0;0.0;0.0;1;1;0;0
2026-01-28;5;23.9;16.0;20.0;94;62;77;27.6;17.0;0.0;3.0;3.0;0.0;2.0;0.0;0.0;0.0;0.0;1;2;0;0
2026-01-29;5;21.1;16.0;18.5;97;69;86;17.3;12.0;0.0;5.0;3.0;3.0;3.6666666666666665;0.0;0.0;0.0;0.0;1;3;0;0
2026-01-30;7;22.7;15.8;17.9;99;73;89;25.8;11.4;7.3;5.0;5.0;3.0;4.333333333333333;0.0;0.0;0.0;0.0;1;4;0;0
2026-01-31;8;23.0;15.8;19.0;97;67;84;23.6;15.7;0.0;7.0;5.0;5.0;5.666666666666667;7.3;0.0;0.0;7.3;1;5;1;0
2026-02-01;11;21.0;15.6;18.1;98;75;86;13.7;8.9;0.0;8.0;7.0;5.0;6.666666666666667;0.0;7.3;0.0;7.3;2;6;1;0
2026-02-02;7;18.2;13.4;15.9;99;66;85;22.4;14.4;0.2;11.0;8.0;7.0;8.666666666666666;0.0;0.0;7.3;7.3;2;0;0;0
2026-02-03;1;19.0;15.6;17.0;98;85;92;22.3;17.1;7.2;7.0;11.0;8.0;8.666666666666666;0.2;0.0;0.0;0.2;2;1;0;0
2026-02-04;2;18.6;15.5;16.6;99;80;92;10.8;6.3;3.1;1.0;7.0;11.0;6.333333333333333;7.2;0.2;0.0;7.4;2;2;0;0
2026-02-05;1;20.0;14.0;16.9;93;54;73;23.7;14.1;0.0;2.0;1.0;7.0;3.3333333333333335;3.1;7.2;0.2;10.5;2;3;0;0
2026-02-06;8;21.6;13.4;17.3;82;51;61;22.7;16.0;0.0;1.0;2.0;1.0;1.3333333333333333;0.0;3.1;7.2;10.3;2;4;0;0
2026-02-07;5;20.5;13.4;16.8;91;57;74;24.0;14.1;0.0;8.0;1.0;2.0;3.6666666666666665;0.0;0.0;3.1;3.1;2;5;1;0
2026-02-08;8;20.5;13.4;17.1;92;58;80;15.7;10.3;0.5;5.0;8.0;1.0;4.666666666666667;0.0;0.0;0.0;0.0;2;6;1;0
2026-02-09;6;21.8;14.6;17.9;92;60;76;23.9;15.3;0.0;8.0;5.0;8.0;7.0;0.5;0.0;0.0;0.5;2;0;0;0
2026-02-10;8;19.4;13.7;16.6;90;59;75;23.4;12.7;0.7;6.0;8.0;5.0;6.333333333333333;0.0;0.5;0.0;0.5;2;1;0;0
2026-02-11;5;18.9;12.6;16.0;87;43;66;24.6;13.6;0.0;8.0;6.0;8.0;7.333333333333333;0.7;0.0;0.5;1.2;2;2;0;0
2026-02-12;5;20.5;12.6;16.9;84;50;66;24.5;16.3;0.0;5.0;8.0;6.0;6.333333333333333;0.0;0.7;0.0;0.7;2;3;0;0
2026-02-13;8;22.0;14.0;18.0;90;52;73;20.9;14.0;0.0;5.0;5.0;8.0;6.0;0.0;0.0;0.7;0.7;2;4;0;0
2026-02-14;2;20.8;15.5;17.9;94;56;75;24.0;16.3;0.0;8.0;5.0;5.0;6.0;0.0;0.0;0.0;0.0;2;5;1;0
2026-02-15;5;18.9;12.4;15.8;91;49;69;22.0;16.2;0.0;2.0;8.0;5.0;5.0;0.0;0.0;0.0;0.0;2;6;1;0
2026-02-16;2;19.5;10.2;15.8;86;52;68;17.2;10.3;0.0;5.0;2.0;8.0;5.0;0.0;0.0;0.0;0.0;2;0;0;0
2026-02-17;5;20.2;15.6;17.2;93;72;83;20.4;14.3;6.8;2.0;5.0;2.0;3.0;0.0;0.0;0.0;0.0;2;1;0;0
2026-02-18;3;19.8;13.4;16.4;90;54;73;26.9;16.4;0.0;5.0;2.0;5.0;4.0;6.8;0.0;0.0;6.8;2;2;0;0
2026-02-19;3;21.6;12.6;17.1;91;54;71;24.4;14.0;0.0;3.0;5.0;2.0;3.3333333333333335;0.0;6.8;0.0;6.8;2;3;0;0
2026-02-20;7;18.5;12.3;15.9;96;70;85;19.9;10.2;0.0;3.0;3.0;5.0;3.6666666666666665;0.0;0.0;6.8;6.8;2;4;0;0
2026-02-21;11;21.1;13.9;17.5;99;60;80;17.2;8.4;0.0;7.0;3.0;3.0;4.333333333333333;0.0;0.0;0.0;0.0;2;5;1;0
2026-02-22;4;22.4;13.7;17.6;99;55;77;27.0;17.3;0.0;11.0;7.0;3.0;7.0;0.0;0.0;0.0;0.0;2;6;1;0
2026-02-23;9;22.6;13.6;17.7;96;58;78;26.6;17.5;0.0;4.0;11.0;7.0;7.333333333333333;0.0;0.0;0.0;0.0;2;0;0;0
2026-02-24;1;21.4;14.4;17.4;92;50;73;17.0;13.1;0.0;9.0;4.0;11.0;8.0;0.0;0.0;0.0;0.0;2;1;0;0
2026-02-25;5;18.2;11.1;15.0;100;60;81;16.4;9.1;0.0;1.0;9.0;4.0;4.666666666666667;0.0;0.0;0.0;0.0;2;2;0;0
2026-02-26;9;19.8;10.7;15.4;91;39;71;17.2;10.9;0.0;5.0;1.0;9.0;5.0;0.0;0.0;0.0;0.0;2;3;0;0
2026-02-27;6;19.1;13.0;16.1;100;73;83;14.6;8.4;2.5;9.0;5.0;1.0;5.0;0.0;0.0;0.0;0.0;2;4;0;0
2026-02-28;7;19.8;14.9;16.7;100;76;91;14.1;10.7;0.0;6.0;9.0;5.0;6.666666666666667;2.5;0.0;0.0;2.5;2;5;1;0
2026-03-01;4;18.6;15.3;16.9;99;87;95;26.3;16.8;5.3;7.0;6.0;9.0;7.333333333333333;0.0;2.5;0.0;2.5;3;6;1;0
2026-03-02;2;17.6;13.6;15.3;95;69;83;16.9;10.2;7.3;4.0;7.0;6.0;5.666666666666667;5.3;0.0;2.5;7.8;3;0;0;0
2026-03-03;2;18.8;11.1;15.4;83;56;72;21.7;13.4;0.0;2.0;4.0;7.0;4.333333333333333;7.3;5.3;0.0;12.6;3;1;0;0
2026-03-04;5;22.1;13.7;17.4;87;46;66;27.8;19.2;0.0;2.0;2.0;4.0;2.6666666666666665;0.0;7.3;5.3;12.6;3;2;0;0
2026-03-05;8;21.0;11.6;16.6;94;46;67;14.0;8.1;0.0;5.0;2.0;2.0;3.0;0.0;0.0;7.3;7.3;3;3;0;0
2026-03-06;6;19.1;11.0;15.6;97;73;85;12.4;6.1;0.0;8.0;5.0;2.0;5.0;0.0;0.0;0.0;0.0;3;4;0;0
2026-03-07;7;16.8;11.4;14.2;99;71;87;17.4;8.7;0.0;6.0;8.0;5.0;6.333333333333333;0.0;0.0;0.0;0.0;3;5;1;0
2026-03-08;3;18.7;11.7;15.3;94;63;85;20.1;12.3;2.1;7.0;6.0;8.0;7.0;0.0;0.0;0.0;0.0;3;6;1;0
2026-03-09;11;21.6;12.6;17.3;90;54;77;14.1;9.0;0.0;3.0;7.0;6.0;5.333333333333333;2.1;0.0;0.0;2.1;3;0;0;0
2026-03-10;5;20.2;12.9;16.9;96;64;80;19.0;11.8;0.0;11.0;3.0;7.0;7.0;0.0;2.1;0.0;2.1;3;1;0;0
2026-03-11;4;21.2;13.1;17.5;94;51;72;17.1;11.1;0.0;5.0;11.0;3.0;6.333333333333333;0.0;0.0;2.1;2.1;3;2;0;0
2026-03-12;2;21.6;14.6;17.9;99;49;77;30.2;18.4;0.0;4.0;5.0;11.0;6.666666666666667;0.0;0.0;0.0;0.0;3;3;0;0
2026-03-13;7;21.0;12.5;16.5;89;41;68;29.1;18.2;0.0;2.0;4.0;5.0;3.6666666666666665;0.0;0.0;0.0;0.0;3;4;0;0
2026-03-14;1;19.0;13.4;15.8;89;60;77;24.3;12.8;4.1;7.0;2.0;4.0;4.333333333333333;0.0;0.0;0.0;0.0;3;5;1;0
2026-03-15;15;17.0;13.5;15.4;99;80;91;39.1;19.2;49.4;1.0;7.0;2.0;3.3333333333333335;4.1;0.0;0.0;4.1;3;6;1;0
2026-03-16;5;16.2;13.3;14.8;96;85;91;24.0;18.1;8.3;15.0;1.0;7.0;7.666666666666667;49.4;4.1;0.0;53.5;3;0;0;0
2026-03-17;0;17.6;10.8;14.6;92;53;74;14.5;8.4;0.0;5.0;15.0;1.0;7.0;8.3;49.4;4.1;61.800000000000004;3;1;0;0
2026-03-18;3;18.7;10.3;14.8;86;56;71;14.2;9.2;0.0;0.0;5.0;15.0;6.666666666666667;0.0;8.3;49.4;57.7;3;2;0;0
2026-03-19;3;17.1;14.1;15.4;98;78;86;22.8;11.3;19.8;3.0;0.0;5.0;2.6666666666666665;0.0;0.0;8.3;8.3;3;3;0;0
2026-03-20;1;16.1;12.1;14.1;90;62;77;20.1;12.1;0.3;3.0;3.0;0.0;2.0;19.8;0.0;0.0;19.8;3;4;0;0
2026-03-21;0;15.1;10.7;13.0;94;76;86;24.1;12.3;10.1;1.0;3.0;3.0;2.3333333333333335;0.3;19.8;0.0;20.1;3;5;1;0
2026-03-22;8;15.1;11.2;13.3;94;58;75;29.0;16.7;14.8;0.0;1.0;3.0;1.3333333333333333;10.1;0.3;19.8;30.200000000000003;3;6;1;0
2026-03-23;4;16.1;9.0;13.1;81;55;70;17.2;11.3;0.0;8.0;0.0;1.0;3.0;14.8;10.1;0.3;25.2;3;0;0;0
2026-03-24;7;17.1;11.6;14.4;89;47;73;28.8;15.7;0.0;4.0;8.0;0.0;4.0;0.0;14.8;10.1;24.9;3;1;0;0
2026-03-25;6;16.9;9.1;12.7;84;53;69;26.8;16.9;0.0;7.0;4.0;8.0;6.333333333333333;0.0;0.0;14.8;14.8;3;2;0;0
2026-03-26;2;16.6;7.8;12.6;92;64;79;21.9;10.1;0.0;6.0;7.0;4.0;5.666666666666667;0.0;0.0;0.0;0.0;3;3;0;0
2026-03-27;3;16.1;8.8;12.7;93;63;80;19.6;10.7;0.0;2.0;6.0;7.0;5.0;0.0;0.0;0.0;0.0;3;4;0;0
2026-03-28;2;16.4;8.9;13.0;86;67;76;13.6;7.7;0.0;3.0;2.0;6.0;3.6666666666666665;0.0;0.0;0.0;0.0;3;5;1;0
2026-03-29;2;19.8;8.6;14.2;92;69;82;12.1;7.8;0.0;2.0;3.0;2.0;2.3333333333333335;0.0;0.0;0.0;0.0;3;6;1;0
2026-03-30;2;18.9;14.1;16.2;100;90;95;13.4;9.1;0.0;2.0;2.0;3.0;2.3333333333333335;0.0;0.0;0.0;0.0;3;0;0;0
2026-03-31;1;19.8;13.4;16.8;100;76;88;23.2;13.5;0.2;2.0;2.0;2.0;2.0;0.0;0.0;0.0;0.0;3;1;0;0
2026-04-01;5;17.2;9.9;13.7;92;55;76;23.3;14.2;0.0;1.0;2.0;2.0;1.6666666666666667;0.2;0.0;0.0;0.2;4;2;0;0
2026-04-02;8;17.3;9.1;13.3;89;55;74;26.1;13.3;0.0;5.0;1.0;2.0;2.6666666666666665;0.0;0.2;0.0;0.2;4;3;0;0
2026-04-03;3;20.7;10.9;15.1;86;64;77;24.0;15.5;0.0;8.0;5.0;1.0;4.666666666666667;0.0;0.0;0.2;0.2;4;4;0;1
2026-04-04;3;16.5;10.8;13.7;94;66;83;16.8;10.7;0.0;3.0;8.0;5.0;5.333333333333333;0.0;0.0;0.0;0.0;4;5;1;1
2026-04-05;5;16.5;11.6;14.0;96;73;85;15.0;11.4;0.1;3.0;3.0;8.0;4.666666666666667;0.0;0.0;0.0;0.0;4;6;1;0
2026-04-06;3;18.4;11.2;14.3;96;71;86;23.8;14.8;0.0;5.0;3.0;3.0;3.6666666666666665;0.1;0.0;0.0;0.1;4;0;0;0
2026-04-07;3;18.1;10.4;13.8;96;64;84;23.5;14.2;0.0;3.0;5.0;3.0;3.6666666666666665;0.0;0.1;0.0;0.1;4;1;0;0
2026-04-08;10;16.2;10.8;13.5;95;72;86;18.7;8.6;0.0;3.0;3.0;5.0;3.6666666666666665;0.0;0.0;0.1;0.1;4;2;0;0
2026-04-09;2;16.6;9.6;12.5;97;79;90;9.3;4.1;0.0;10.0;3.0;3.0;5.333333333333333;0.0;0.0;0.0;0.0;4;3;0;0
2026-04-10;4;13.0;8.9;11.2;98;86;93;16.9;8.4;0.0;2.0;10.0;3.0;5.0;0.0;0.0;0.0;0.0;4;4;0;0
2026-04-11;1;15.6;11.5;13.4;100;83;91;16.1;8.3;0.6;4.0;2.0;10.0;5.333333333333333;0.0;0.0;0.0;0.0;4;5;1;0
2026-04-12;5;16.9;9.8;13.2;97;74;88;18.5;10.2;0.0;1.0;4.0;2.0;2.3333333333333335;0.6;0.0;0.0;0.6;4;6;1;0
2026-04-13;11;14.4;7.6;11.5;92;69;84;13.6;7.5;0.0;5.0;1.0;4.0;3.3333333333333335;0.0;0.6;0.0;0.6;4;0;0;0
2026-04-14;2;14.8;8.4;12.4;92;71;83;25.9;13.2;0.0;11.0;5.0;1.0;5.666666666666667;0.0;0.0;0.6;0.6;4;1;0;0
2026-04-15;12;19.0;10.2;14.2;90;74;83;11.8;7.3;0.0;2.0;11.0;5.0;6.0;0.0;0.0;0.0;0.0;4;2;0;0
2026-04-16;5;15.6;12.9;14.1;100;86;94;17.4;9.3;11.1;12.0;2.0;11.0;8.333333333333334;0.0;0.0;0.0;0.0;4;3;0;0
2026-04-17;1;16.6;12.4;14.3;100;84;96;14.8;7.8;0.7;5.0;12.0;2.0;6.333333333333333;11.1;0.0;0.0;11.1;4;4;0;0
