Fecha;FECHA_DIA;Texto;UNIDADES_5TA
2022-01-04T16:04:42.000Z;2022-01-04;EMERGENCIA: 13:04 10-4 (RESCATE VEHICULAR), AVENIDA JORGE ALESSANDRI / AVENIDA SANTA MARIA, RB-5 B-9;RB-5
2022-01-06T22:04:19.000Z;2022-01-06;EMERGENCIA: 19:04 10-3 (RESCATE DE PERSONA), ACCESO MALL / CALLE SERVICIO MALL PLAZA, RB-5;RB-5
2022-01-07T22:46:09.000Z;2022-01-07;EMERGENCIA: 19:46 10-0 (LLAMADO ESTRUCTURAL), EL CARDON ALTURA DEL 4660, Q-2 B-4 B-5;B-5
2022-01-07T23:28:01.000Z;2022-01-07;EMERGENCIA: 20:27 10-7 (ACCIDENTE ELECTRICO), ALMIRANTE NEFF / LUIS ACEVEDO, B-5;B-5
2022-01-08T01:49:56.000Z;2022-01-07;EMERGENCIA: 22:49 10-8 (LLAMADO NO CLASIFICADO), LOS PINOS / AVENIDA COLON, B-5;B-5
2022-01-08T17:53:16.000Z;2022-01-08;EMERGENCIA: 14:53 10-4 (RESCATE VEHICULAR), AUTOPISTA CONCEPCION - TALCAHUANO / , RB-3 B-4 RB-5;RB-5
2022-01-09T02:46:34.000Z;2022-01-08;EMERGENCIA: 23:46 10-4 (RESCATE VEHICULAR), AVENIDA CRISTOBAL COLON / ALMIRANTE NEFF, H-4 RB-5;RB-5
2022-01-09T20:54:24.000Z;2022-01-09;EMERGENCIA: 17:54 10-4 (RESCATE VEHICULAR), A. ALESSANDRI / , RB-5 B-9;RB-5
2022-01-10T15:38:13.000Z;2022-01-10;EMERGENCIA: 12:38 10-2 (LLAMADO DE PASTIZALES), AVIACION / ACHAO, B-5;B-5
2022-01-10T18:36:18.000Z;2022-01-10;EMERGENCIA: 15:36 10-4 (RESCATE VEHICULAR), SAN MIGUEL / DOS PONIENTE, RB-5 B-9;RB-5
2022-01-10T22:59:53.000Z;2022-01-10;EMERGENCIA: 19:59 10-2 (LLAMADO DE PASTIZALES), LAGUNA LA POSADA / LAGUNA PINEDA, B-5;B-5
2022-01-11T10:01:34.000Z;2022-01-11;EMERGENCIA: 7:01 10-4 (RESCATE VEHICULAR), AVENIDA DESIDERIO GARCIA / AVENIDA CRISTOBAL COLON, RB-5 H-8;RB-5
2022-01-11T10:40:48.000Z;2022-01-11;EMERGENCIA: 7:40 10-3 (RESCATE DE PERSONA), LAGO PETROHUE ALTURA DEL 896, B-5;B-5
2022-01-14T08:17:31.000Z;2022-01-14;EMERGENCIA: 5:17 10-3 (RESCATE DE PERSONA), AVENIDA SANTA MARIA / AVENIDA JORGE ALESSANDRI, RB-5;RB-5
2022-01-14T12:13:10.000Z;2022-01-14;EMERGENCIA: 9:12 10-4 (RESCATE VEHICULAR), AVENIDA CRISTOBAL COLON / LAS AMAPOLAS, B-4 RB-5;RB-5
2022-01-16T14:49:42.000Z;2022-01-16;EMERGENCIA: 11:49 10-4 (RESCATE VEHICULAR), AVENIDA BLANCO ENCALADA / SAN MARTIN, B-1 RB-5;RB-5
2022-01-16T22:11:30.000Z;2022-01-16;EMERGENCIA: 19:11 10-0 (LLAMADO ESTRUCTURAL), SAN MIGUEL ALTURA DEL 168, Q-2 B-4 B-5;B-5
2022-01-19T03:52:39.000Z;2022-01-19;EMERGENCIA: 0:52 10-4 (RESCATE VEHICULAR), AUTOPISTA CONCEPCION - TALCAHUANO / EL TREBOL A ALESSANDRI, RB-5 B-9;RB-5
2022-01-19T15:07:51.000Z;2022-01-19;EMERGENCIA: 12:07 10-12 (APOYO A OTRO CUERPO), AVENIDA COSTANERA / ACCESO A AVENIDA JORGE ALESSANDRI, Q-2 B-5 Z-9;B-5
2022-01-19T23:26:28.000Z;2022-01-19;EMERGENCIA: 20:26 10-3 (RESCATE DE PERSONA), EL RETAMO / AVENIDA ALTO HORNO, RB-5;RB-5
2022-01-20T00:10:49.000Z;2022-01-19;EMERGENCIA: 21:10 10-4 (RESCATE VEHICULAR), VASCO NUÑEZ DE BALBOA / VERLUYS, RH-2 RB-5;RB-5
2022-01-20T00:23:56.000Z;2022-01-19;21:23, SALE B-5  A 10-4 (RESCATE VEHICULAR) VASCO NUÑEZ DE BALBOA / VERLUYS;B-5
2022-01-20T23:18:41.000Z;2022-01-20;EMERGENCIA: 20:18 10-4 (RESCATE VEHICULAR), HUALPEN / AVENIDA CRISTOBAL COLON, H-4 RB-5;RB-5
2022-01-20T23:35:17.000Z;2022-01-20;EMERGENCIA: 20:35 10-4 (RESCATE VEHICULAR), AVENIDA PRINCIPAL / PUENTE DE ARCO, RB-3 B-5;B-5
2022-01-22T17:47:36.000Z;2022-01-22;14:47, SALE RB-5  A 10-4 (RESCATE VEHICULAR) AVENIDA LA MARINA / RAMAL AL PUERTO DE SAN VICENTE;RB-5
2022-01-23T22:36:19.000Z;2022-01-23;EMERGENCIA: 19:36 10-4 (RESCATE VEHICULAR), AVENIDA GRAN BRETAÑA / ROTONDA HUACHIPATO, RB-5 B-11;RB-5
2022-01-25T04:46:43.000Z;2022-01-25;EMERGENCIA: 1:46 10-2 (LLAMADO DE PASTIZALES), LAGUNA REDONDA ALTURA DEL 926, B-5;B-5
2022-01-25T18:07:37.000Z;2022-01-25;EMERGENCIA: 15:07 10-7 (ACCIDENTE ELECTRICO), SAN LUCAS / RIO ÑUBLE, B-5;B-5
2022-01-27T01:45:48.000Z;2022-01-26;EMERGENCIA: 22:45 10-4 (RESCATE VEHICULAR), LOS ARAUCANOS / ANTIANO, F-1 RB-5 RB-6;RB-5
2022-01-27T12:48:59.000Z;2022-01-27;9:48, SALE B-5  A 10-2 (LLAMADO DE PASTIZALES) CHIMBARONGO / TOCOPILLA;B-5
2022-01-27T21:47:42.000Z;2022-01-27;EMERGENCIA: 18:47 10-4 (RESCATE VEHICULAR), AUTOPISTA CONCEPCION - TALCAHUANO / MALL PLAZA EL TREBOL, RB-5 B-9;RB-5
2022-01-28T14:05:13.000Z;2022-01-28;EMERGENCIA: 11:04 10-4 (RESCATE VEHICULAR), ACCESO A AV. JORGE ALESSANDRI / AVENIDA 21 DE MAYO, RB-5 B-9;RB-5
2022-01-30T02:27:45.000Z;2022-01-29;23:27, SALE RB-5  A 10-8 (LLAMADO NO CLASIFICADO) JAIME REPULLO / MONSEÑOR ALARCON;RB-5
2022-01-30T14:52:19.000Z;2022-01-30;EMERGENCIA: 11:51 10-2 (LLAMADO DE PASTIZALES), LAGO LLANQUIHUE / LAGO RANCO, RB-5;RB-5
2022-02-01T11:55:02.000Z;2022-02-01;EMERGENCIA: 8:54 10-4 (RESCATE VEHICULAR), AVENIDA CLAUDIO GAY ORIENTE / PASAJE 21, B-4 RB-5;RB-5
2022-02-01T13:11:54.000Z;2022-02-01;EMERGENCIA: 10:11 10-4 (RESCATE VEHICULAR), AUTOPISTA CONCEPCION - TALCAHUANO / CALLE DE SERVICIO RUTA 154, RB-3 H-4 RB-5;RB-5
2022-02-02T22:50:40.000Z;2022-02-02;EMERGENCIA: 19:50 10-3 (RESCATE DE PERSONA), LAS HORTENSIAS / LAGO LLANQUIHUE, RB-5;RB-5
2022-02-03T03:54:36.000Z;2022-02-03;EMERGENCIA: 0:54 10-4 (RESCATE VEHICULAR), AVENIDA GRAN BRETAÑA / FRENTE GASCO, RB-5 H-8;RB-5
2022-02-03T17:00:03.000Z;2022-02-03;EMERGENCIA: 13:59 10-4 (RESCATE VEHICULAR), SIMON BOLIVAR / AVENIDA CRISTOBAL COLON, B-4 RB-5;RB-5
2022-02-03T18:49:39.000Z;2022-02-03;EMERGENCIA: 15:49 10-4 (RESCATE VEHICULAR), AVENIDA SANTA MARIA / ENTRADA MALL, RB-5 B-9;RB-5
2022-02-04T10:58:42.000Z;2022-02-04;EMERGENCIA: 7:58 10-4 (RESCATE VEHICULAR), AVENIDA GRAN BRETAÑA / LAS GOLONDRINAS, RB-5 B-9;RB-5
2022-02-05T17:51:37.000Z;2022-02-05;14:51, SALE RB-5  A 10-2 (LLAMADO DE PASTIZALES) LA MARINA / AVIACION;RB-5
2022-02-05T21:02:08.000Z;2022-02-05;EMERGENCIA: 18:01 10-4 (RESCATE VEHICULAR), MONSEÑOR ALARCON / GOMEZ CARREÑO, B-4 RB-5;RB-5
2022-02-08T00:55:10.000Z;2022-02-07;EMERGENCIA: 21:54 10-3 (RESCATE DE PERSONA), RIO LOA ALTURA DEL 243, RB-5;RB-5
2022-02-08T12:49:49.000Z;2022-02-08;EMERGENCIA: 9:49 10-3 (RESCATE DE PERSONA), MALL / , RB-5;RB-5
2022-02-08T12:54:17.000Z;2022-02-08;EMERGENCIA: 9:53 10-4 (RESCATE VEHICULAR), AUTOPISTA CONCEPCION - TALCAHUANO / ARTEAGA ALEMPARTE, RB-5 B-9;RB-5
2022-02-20T21:21:27.000Z;2022-02-20;EMERGENCIA: 18:20 10-2 (LLAMADO DE PASTIZALES), LAGUNA REDONDA / LAGO PIRIHUEICO, B-5;B-5
2022-02-23T00:37:13.000Z;2022-02-22;EMERGENCIA: 21:36 10-3 (RESCATE DE PERSONA), IQUIQUE / ALBERT OLBRECHT, B-5;B-5
2022-02-23T23:17:48.000Z;2022-02-23;EMERGENCIA: 20:17 10-4 (RESCATE VEHICULAR), AVENIDA CRISTOBAL COLON / HUALPEN, B-1 B-5;B-5
2022-02-25T07:39:11.000Z;2022-02-25;EMERGENCIA: 4:38 10-2 (LLAMADO DE PASTIZALES), SANTA CLAUDIA ALTURA DEL 5145, B-5;B-5
2022-02-28T11:40:15.000Z;2022-02-28;EMERGENCIA: 8:39 10-4 (RESCATE VEHICULAR), AVENIDA JORGE ALESSANDRI / EL TREBOL A ALESSANDRI, B-5 B-9;B-5
2022-03-01T19:22:12.000Z;2022-03-01;EMERGENCIA: 16:21 10-0 (LLAMADO ESTRUCTURAL), 4 PONIENTE / 7 NORTE, Q-2 B-5 B-9;B-5
2022-03-02T00:20:20.000Z;2022-03-01;EMERGENCIA: 21:19 10-4 (RESCATE VEHICULAR), AUTOPISTA CONCEPCION - TALCAHUANO / ARTEAGA ALEMPARTE, B-5 B-9;B-5
2022-03-02T14:33:06.000Z;2022-03-02;EMERGENCIA: 11:32 10-4 (RESCATE VEHICULAR), JORGE ALESANDRI  / ROTONDA AEROPUERTO, B-4 B-5;B-5
2022-03-02T18:12:40.000Z;2022-03-02;15:11, SALE B-5  A 10-12 (APOYO A OTRO CUERPO) SECTOR FUNDO  SAN JOSE  , ,;B-5
2022-03-03T18:51:12.000Z;2022-03-03;EMERGENCIA: 15:50 10-3 (RESCATE DE PERSONA), RIO MAULE / IGLESIA SAN PABLO, B-5;B-5
2022-03-04T11:02:22.000Z;2022-03-04;8:01, SALE Q-2 B-4 B-5 RB-6  A 10-0 (LLAMADO ESTRUCTURAL) CHACABUCO ALTURA DEL 38;B-5
2022-03-05T23:49:01.000Z;2022-03-05;EMERGENCIA: 20:48 10-8 (LLAMADO NO CLASIFICADO), LAGUNA LA INVERNADA ALTURA DEL 807, B-5;B-5
2022-03-07T21:39:40.000Z;2022-03-07;EMERGENCIA: 18:38 10-3 (RESCATE DE PERSONA), AUOPISTA  / SHELL, B-5;B-5
2022-03-08T16:37:02.000Z;2022-03-08;13:36, SALE B-5  A 10-9 (OTROS SERVICIOS) AVENIDA LAS GOLONDRINAS / AVENIDA GRAN BRETAÑA;B-5
2022-03-08T17:04:55.000Z;2022-03-08;14:04, SALE B-5  A 10-4 (RESCATE VEHICULAR) AVENIDA BLANCO ENCALADA / VALDIVIA;B-5
2022-03-08T22:35:42.000Z;2022-03-08;EMERGENCIA: 19:34 10-4 (RESCATE VEHICULAR), AVENIDA ALTO HORNO / DANIEL PAINE, B-5 B-8;B-5
2022-03-09T01:00:16.000Z;2022-03-08;EMERGENCIA: 21:59 10-4 (RESCATE VEHICULAR), AVENIDA GRAN BRETAÑA / ROTONDA, RB-3 B-5 B-8;B-5
2022-03-10T21:25:16.000Z;2022-03-10;EMERGENCIA: 18:24 10-4 (RESCATE VEHICULAR), RIO DIGUILLIN / LAS HORTENSIAS, B-4 B-5;B-5
2022-03-10T23:58:30.000Z;2022-03-10;EMERGENCIA: 20:57 10-4 (RESCATE VEHICULAR), JUAN GUILLERMO SOSA / AVENIDA CRISTOBAL COLON, B-4 B-5;B-5
2022-03-12T18:43:45.000Z;2022-03-12;EMERGENCIA: 15:42 10-4 (RESCATE VEHICULAR), PORVENIR / 12 OCTUBRE, B-5 B-9;B-5
2022-03-12T20:31:28.000Z;2022-03-12;EMERGENCIA: 17:30 10-4 (RESCATE VEHICULAR), JUAN GUILLERMO SOSA / GOMEZ CARREÑO, B-4 B-5;B-5
2022-03-13T00:05:23.000Z;2022-03-12;EMERGENCIA: 21:04 10-0 (LLAMADO ESTRUCTURAL), ALMIRANTE LATORRE / AVENIDA ARGENTINA, B-5 H-8 H-11;B-5
2022-03-14T11:10:58.000Z;2022-03-14;EMERGENCIA: 8:10 10-4 (RESCATE VEHICULAR), CLAUDIO GAY / ALMIRANTE NEFF, B-5 B-8;B-5
2022-03-16T17:59:19.000Z;2022-03-16;EMERGENCIA: 14:58 10-4 (RESCATE VEHICULAR), AVENIDA GRAN BRETAÑA / AVENIDA LAS GOLONDRINAS, B-5 B-9;B-5
2022-03-17T15:05:30.000Z;2022-03-17;EMERGENCIA: 12:04 10-3 (RESCATE DE PERSONA), LA VEGA / SAN JOSE, B-5;B-5
2022-03-17T15:59:18.000Z;2022-03-17;EMERGENCIA: 12:58 10-4 (RESCATE VEHICULAR), GRISELDA / SAN JOSE, B-5 B-9;B-5
2022-03-17T20:32:11.000Z;2022-03-17;EMERGENCIA: 17:31 10-3 (RESCATE DE PERSONA), LAGO CALAFQUEN / LAGO LLANQUIHUE, Q-2 B-5;B-5
2022-03-18T23:46:02.000Z;2022-03-18;EMERGENCIA: 20:45 10-3 (RESCATE DE PERSONA), COVEÑA ALTURA DEL 448, B-5;B-5
2022-03-21T01:53:22.000Z;2022-03-20;EMERGENCIA: 22:52 10-3 (RESCATE DE PERSONA), ACCESO A AV. JORGE ALESSANDRI / CALLE DE SERVICIO JORGE ALESSANDRI, B-5;B-5
2022-03-21T23:57:28.000Z;2022-03-21;EMERGENCIA: 20:56 10-4 (RESCATE VEHICULAR), LAS HORTENCIAS / LAS ROSAS, B-4 B-5;B-5
2022-03-22T20:15:16.000Z;2022-03-22;EMERGENCIA: 17:14 10-3 (RESCATE DE PERSONA), PARQUE ARAUCARIA ALTURA DEL 90, B-5;B-5
2022-03-23T12:31:48.000Z;2022-03-23;EMERGENCIA: 9:30 10-4 (RESCATE VEHICULAR), AVENIDA CRISTOBAL COLON / PUENTE PERALES, B-5 B-9;B-5
2022-03-23T18:18:58.000Z;2022-03-23;15:17, SALE B-5  A 10-7 (ACCIDENTE ELECTRICO) FREIRINA / IQUIQUE;B-5
2022-03-24T00:02:20.000Z;2022-03-23;EMERGENCIA: 21:01 10-4 (RESCATE VEHICULAR), AVENIDA BLANCO ENCALADA / ARTURO PRAT, B-1 B-5;B-5
2022-03-24T22:46:01.000Z;2022-03-24;EMERGENCIA: 19:44 10-3 (RESCATE DE PERSONA), AVENIDA LAS GOLONDRINAS / AVIACION, B-5;B-5
2022-03-25T23:42:10.000Z;2022-03-25;EMERGENCIA: 20:41 10-3 (RESCATE DE PERSONA), AVENIDA COLON / PUENTE PERALES, B-5;B-5
2022-03-26T15:09:05.000Z;2022-03-26;EMERGENCIA: 12:07 10-4 (RESCATE VEHICULAR), AVENIDA GRAN BRETAÑA / AVENIDA LAS GOLONDRINAS, B-5 B-9;B-5
2022-03-26T23:24:42.000Z;2022-03-26;EMERGENCIA: 20:23 10-4 (RESCATE VEHICULAR), AVENIDA DESIDERIO GARCIA / AVENIDA CRISTOBAL COLON, B-5 H-8;B-5
2022-03-27T22:51:48.000Z;2022-03-27;EMERGENCIA: 19:50 10-9 (OTROS SERVICIOS), INGRESO CERRO LA U / QUILLAY, B-5;B-5
2022-03-28T16:40:06.000Z;2022-03-28;EMERGENCIA: 13:38 10-3 (RESCATE DE PERSONA), MONSEÑOR ALARCON / AVENIDA CRISTOBAL COLON, B-5;B-5
2022-03-28T19:17:16.000Z;2022-03-28;EMERGENCIA: 16:16 10-3 (RESCATE DE PERSONA), CHEPICA  / TARAPACA, B-5;B-5
2022-03-28T20:52:33.000Z;2022-03-28;EMERGENCIA: 17:51 10-9 (OTROS SERVICIOS), LAGO LLANQUIHUE ALTURA DEL 531, B-5;B-5
2022-03-29T04:06:13.000Z;2022-03-29;1:05, SALE B-5  A 10-3 (RESCATE DE PERSONA) SAN VICENTE ALTURA DEL 1260;B-5
2022-04-01T11:33:25.000Z;2022-04-01;EMERGENCIA: 8:32 10-3 (RESCATE DE PERSONA), ALTO HORNO / CARLOS DITTBORN, B-5;B-5
2022-04-01T14:07:44.000Z;2022-04-01;EMERGENCIA: 11:06 10-0 (LLAMADO ESTRUCTURAL), AUTOPISTA CONCEPCION - TALCAHUANO / RESTAURANT LA RUTA, Q-2 B-5 B-9;B-5
2022-04-01T15:51:57.000Z;2022-04-01;EMERGENCIA: 12:50 10-4 (RESCATE VEHICULAR), BARROS ARANA / COLON, B-1 RB-3 B-5;B-5
2022-04-02T03:49:48.000Z;2022-04-02;EMERGENCIA: 0:48 10-3 (RESCATE DE PERSONA), AVENIDA SANTA MARIA / ENTRADA MALL, B-5;B-5
2022-04-02T18:56:14.000Z;2022-04-02;15:55, SALE B-5  A 10-0 (LLAMADO ESTRUCTURAL) CARLOS DITTBORN / PANAMA;B-5
2022-04-02T22:55:33.000Z;2022-04-02;EMERGENCIA: 19:54 10-4 (RESCATE VEHICULAR), AVENIDA ROCOTO / AVENIDA GRAN BRETAÑA, B-5 B-8;B-5
2022-04-03T19:54:06.000Z;2022-04-03;EMERGENCIA: 15:52 10-3 (RESCATE DE PERSONA), INGRESO CERRO LA U / QUILLAY, B-5;B-5
2022-04-04T00:50:07.000Z;2022-04-03;EMERGENCIA: 20:48 10-7 (ACCIDENTE ELECTRICO), TARAPACA / LICANTEN, B-5;B-5
2022-04-05T00:31:59.000Z;2022-04-04;EMERGENCIA: 20:30 10-3 (RESCATE DE PERSONA), CALLE J / CALLE L, B-5;B-5
2022-04-05T12:30:05.000Z;2022-04-05;EMERGENCIA: 8:28 10-4 (RESCATE VEHICULAR), MANUEL BAYON / PEDRO LIRA, B-5 B-8;B-5
2022-04-05T23:27:02.000Z;2022-04-05;EMERGENCIA: 19:25 10-8 (LLAMADO NO CLASIFICADO), PASAJE 3 4862 / , B-5;B-5
2022-04-07T11:31:55.000Z;2022-04-07;EMERGENCIA: 7:30 10-4 (RESCATE VEHICULAR), AVENIDA GRAN BRETAÑA / ATENAS, B-4 B-5;B-5
2022-04-09T04:07:23.000Z;2022-04-09;EMERGENCIA: 0:05 10-4 (RESCATE VEHICULAR), 1 PONIENTE / AVENIDA TALCAHUANO, B-5 B-9;B-5
2022-04-09T23:43:25.000Z;2022-04-09;EMERGENCIA: 19:41 10-3 (RESCATE DE PERSONA), AVENIDA DESIDERIO GARCIA / GERMAN RIESCO, B-5;B-5
2022-04-10T00:34:15.000Z;2022-04-09;EMERGENCIA: 20:32 10-4 (RESCATE VEHICULAR), ALMIRANTE NEFF / CORCOLEN, B-4 B-5;B-5
2022-04-11T13:47:40.000Z;2022-04-11;EMERGENCIA: 9:47 10-4 (RESCATE VEHICULAR), LAS HORTENCIAS / LAS ROSAS, B-1 B-5;B-5
2022-04-11T19:06:42.000Z;2022-04-11;EMERGENCIA: 15:06 10-4 (RESCATE VEHICULAR), LUIS ACEVEDO / JOSE MERCEDES CRUZ, B-4 B-5;B-5
2022-04-11T23:30:57.000Z;2022-04-11;EMERGENCIA: 19:30 10-4 (RESCATE VEHICULAR), ALMIRANTE NEFF / LUIS ACEVEDO, B-4 B-5;B-5
2022-04-12T14:03:19.000Z;2022-04-12;EMERGENCIA: 10:02 10-4 (RESCATE VEHICULAR), AVENIDA LAS GOLONDRINAS / AVENIDA GRAN BRETAÑA, B-5 B-9;B-5
2022-04-12T16:30:42.000Z;2022-04-12;12:30, SALE B-5  A 10-4 (RESCATE VEHICULAR) AVENIDA BLANCO ENCALADA / BULNES;B-5
2022-04-13T20:08:27.000Z;2022-04-13;EMERGENCIA: 16:08 10-4 (RESCATE VEHICULAR), CASINO MARINA DEL SOL / , RH-2 B-5;B-5
2022-04-13T21:24:10.000Z;2022-04-13;EMERGENCIA: 17:23 10-3 (RESCATE DE PERSONA), TIERRAS COLORADAS - JARIN DE LOS CARMINES / , B-5;B-5
2022-04-14T16:00:54.000Z;2022-04-14;EMERGENCIA: 12:00 10-4 (RESCATE VEHICULAR), COPEC AUTOPISTA / , RH-2 B-5;B-5
2022-04-14T21:14:50.000Z;2022-04-14;EMERGENCIA: 17:14 10-4 (RESCATE VEHICULAR), AVENIDA CRISTOBAL COLON ALTURA DEL 81, B-5 B-8;B-5
2022-04-15T01:02:44.000Z;2022-04-14;21:02, SALE B-5  A 10-2 (LLAMADO DE PASTIZALES) 6WH3 5H TALCAHUANO / ,  CHILE;B-5
2022-04-15T15:00:09.000Z;2022-04-15;EMERGENCIA: 10:59 10-4 (RESCATE VEHICULAR), AVENIDA JUAN ANTONIO RIOS ALTURA DEL 801, B-1 RB-3 B-5;B-5
2022-04-15T17:42:53.000Z;2022-04-15;EMERGENCIA: 13:42 10-4 (RESCATE VEHICULAR), CLAUDIO GAY ALTURA DEL 4180, B-5 B-9;B-5
2022-04-15T20:41:20.000Z;2022-04-15;EMERGENCIA: 16:40 10-4 (RESCATE VEHICULAR), AVENIDA OHIGGINS / ANGAMOS, B-5 B-9;B-5
2022-04-16T04:06:32.000Z;2022-04-16;EMERGENCIA: 0:06 10-4 (RESCATE VEHICULAR), MONSEÑOR ALARCON / JAIME REPULLO, H-4 B-5;B-5
2022-04-16T06:04:52.000Z;2022-04-16;EMERGENCIA: 2:04 10-12 (APOYO A OTRO CUERPO), AUTOP. - TALCAHUANO 8696 TALCAHUANO / ,  CONCEPCIÓN, B-5;B-5
2022-04-17T23:01:58.000Z;2022-04-17;EMERGENCIA: 19:01 10-0 (LLAMADO ESTRUCTURAL), BULNES / AVENIDA BLANCO ENCALADA, B-5 B-7 B-8 H-11;B-5
2022-04-18T18:11:56.000Z;2022-04-18;14:11, SALE B-5  A 10-8 (LLAMADO NO CLASIFICADO) JUAN GUILLERMO SOSA / AVENIDA CLAUDIO GAY ORIENTE;B-5
2022-04-19T18:22:20.000Z;2022-04-19;EMERGENCIA: 14:21 10-0 (LLAMADO ESTRUCTURAL), LOS CEREZOS / LAS ACACIAS, B-5 B-7 B-8;B-5
2022-04-20T17:37:00.000Z;2022-04-20;EMERGENCIA: 13:36 10-9 (OTROS SERVICIOS), RIO MOLLES / RIO MAULE, B-5;B-5
2022-04-21T17:15:42.000Z;2022-04-21;EMERGENCIA: 13:14 10-4 (RESCATE VEHICULAR), VICTOR DOMINGO SILVA / FEDERICO ELTON, B-3 B-5 B-8;B-5
2022-04-22T12:00:48.000Z;2022-04-22;7:59, SALE Q-2 B-3 B-5  A 10-4 (RESCATE VEHICULAR) AVENIDA ROCOTO / AVENIDA GRAN BRETAÑA;B-5
2022-04-22T17:59:27.000Z;2022-04-22;EMERGENCIA: 13:58 10-3 (RESCATE DE PERSONA), IQUIQUE / AVENIDA CRISTOBAL COLON, B-5;B-5
2022-04-22T18:32:22.000Z;2022-04-22;EMERGENCIA: 14:31 10-4 (RESCATE VEHICULAR), EL TREBOL A ALESSANDRI / AUTOPISTA CONCEPCION - TALCAHUANO, B-5 B-9;B-5
2022-04-24T00:48:15.000Z;2022-04-23;EMERGENCIA: 20:47 10-4 (RESCATE VEHICULAR), AVENIDA COLON / 16 NORTE, B-5 B-8;B-5
2022-04-24T05:31:27.000Z;2022-04-24;EMERGENCIA: 1:30 10-4 (RESCATE VEHICULAR), ALMIRANTE NEFF / AVENIDA CRISTOBAL COLON, B-4 B-5;B-5
2022-04-24T14:38:15.000Z;2022-04-24;EMERGENCIA: 10:37 10-9 (OTROS SERVICIOS), RIO PETROHUE ALTURA DEL 468, B-5;B-5
2022-04-26T17:25:03.000Z;2022-04-26;EMERGENCIA: 13:24 10-3 (RESCATE DE PERSONA), CLAUDIO GAY ALTURA DEL 3666, B-4 B-5;B-5
2022-04-26T19:39:19.000Z;2022-04-26;EMERGENCIA: 15:38 10-4 (RESCATE VEHICULAR), AUTOPISTA CONCEPCION - TALCAHUANO / ARTEAGA ALEMPARTE, B-4 B-5;B-5
2022-04-27T15:42:44.000Z;2022-04-27;EMERGENCIA: 11:42 10-3 (RESCATE DE PERSONA), SIMON BOLIVAR / AVENIDA CRISTOBAL COLON, B-5;B-5
2022-04-27T17:45:14.000Z;2022-04-27;EMERGENCIA: 13:44 10-4 (RESCATE VEHICULAR), AVENIDA GRAN BRETAÑA ALTURA DEL 394, B-5 B-8;B-5
2022-04-28T04:07:02.000Z;2022-04-28;EMERGENCIA: 0:06 10-4 (RESCATE VEHICULAR), AVENIDA DEL PESCADOR / SUBIDA VISTA HERMOSA, B-1 B-5 RB-6;B-5
2022-04-29T18:50:18.000Z;2022-04-29;EMERGENCIA: 14:49 10-4 (RESCATE VEHICULAR), AVENIDA LAS GOLONDRINAS / AVENIDA GRAN BRETAÑA, B-4 B-5;B-5
2022-04-29T19:44:33.000Z;2022-04-29;EMERGENCIA: 15:43 10-3 (RESCATE DE PERSONA), VASCO NUÑEZ DE BALBOA / , B-5;B-5
2022-04-29T21:36:58.000Z;2022-04-29;EMERGENCIA: 17:36 10-4 (RESCATE VEHICULAR), JUAN GUILLERMO SOSA / AVENIDA CRISTOBAL COLON, B-4 B-5;B-5
2022-04-29T22:25:23.000Z;2022-04-29;18:24, SALE B-5  A 10-4 (RESCATE VEHICULAR) AVENIDA GRAN BRETAÑA / ROTONDA;B-5
2022-04-30T23:35:40.000Z;2022-04-30;19:35, SALE B-5  A 10-0 (LLAMADO ESTRUCTURAL) WENCESLAO VARGAS / IQUIQUE;B-5
2022-05-01T19:07:30.000Z;2022-05-01;EMERGENCIA: 15:06 10-8 (LLAMADO NO CLASIFICADO), RIO LOA ALTURA DEL 44, B-5;B-5
2022-05-01T20:59:07.000Z;2022-05-01;EMERGENCIA: 16:58 10-0 (LLAMADO ESTRUCTURAL), CARLOS DITTBORN ALTURA DEL 395, B-3 B-5 B-8;B-5
2022-05-02T07:05:12.000Z;2022-05-02;EMERGENCIA: 3:04 10-0 (LLAMADO ESTRUCTURAL), ISLA SAN AMBROSIO ALTURA DEL 44, F-1 B-3 B-5 B-11;B-5
2022-05-03T11:52:14.000Z;2022-05-03;EMERGENCIA: 7:51 10-3 (RESCATE DE PERSONA), ALMIRANTE NEFF / AVENIDA CRISTOBAL COLON, B-5;B-5
2022-05-04T03:12:12.000Z;2022-05-03;EMERGENCIA: 23:11 10-0 (LLAMADO ESTRUCTURAL), MANUEL GAETE / VICTOR GREGORIO AMUNATEGUI, B-4 B-5 B-8;B-5
2022-05-04T12:43:08.000Z;2022-05-04;EMERGENCIA: 8:42 10-4 (RESCATE VEHICULAR), AUTOPISTA CONCEPCION - TALCAHUANO / OREJA A TALCAHUANO, B-5 B-9;B-5
2022-05-04T17:30:08.000Z;2022-05-04;EMERGENCIA: 13:29 10-3 (RESCATE DE PERSONA), EJERCITO ALTURA DEL 280, B-5;B-5
2022-05-07T06:41:59.000Z;2022-05-07;EMERGENCIA: 2:41 10-8 (LLAMADO NO CLASIFICADO), RIO CISNE / RIO MAPOCHO, B-5;B-5
2022-05-07T14:40:33.000Z;2022-05-07;EMERGENCIA: 10:39 10-4 (RESCATE VEHICULAR), ALGARROBO / VOLCAN LLAIMA, B-4 B-5;B-5
2022-05-07T16:27:21.000Z;2022-05-07;EMERGENCIA: 12:26 10-4 (RESCATE VEHICULAR), MONSEÑOR ALARCON / AVENIDA CRISTOBAL COLON, B-4 B-5;B-5
2022-05-07T22:23:16.000Z;2022-05-07;EMERGENCIA: 18:22 10-4 (RESCATE VEHICULAR), AISEN / SALIDA, B-5 B-9;B-5
2022-05-16T00:45:24.000Z;2022-05-15;EMERGENCIA: 20:44 10-4 (RESCATE VEHICULAR), AISEN / CHIMBARONGO, B-5 B-8;B-5
2022-05-16T13:14:27.000Z;2022-05-16;EMERGENCIA: 9:13 10-4 (RESCATE VEHICULAR), VALDIVIA / AVENIDA TUMBES, B-3 B-5 B-11;B-5
2022-05-16T22:24:36.000Z;2022-05-16;EMERGENCIA: 18:23 10-9 (OTROS SERVICIOS), RIO YESO ALTURA DEL 5335, B-5;B-5
2022-05-17T15:15:38.000Z;2022-05-17;11:14, SALE B-5  A 10-9 (OTROS SERVICIOS) CLAUDIO GAY ORIENTE ALTURA DEL 4101;B-5
2022-05-19T19:02:36.000Z;2022-05-19;EMERGENCIA: 15:01 10-17 (VOLADURA DE TECHUMBRE), RIO MAULE ALTURA DEL 5406, B-5;B-5
2022-05-19T21:27:18.000Z;2022-05-19;EMERGENCIA: 17:26 10-4 (RESCATE VEHICULAR), IQUIQUE / BOMBERO SEPULVEDA, B-5 B-8;B-5
2022-05-20T04:26:01.000Z;2022-05-20;EMERGENCIA: 0:25 10-4 (RESCATE VEHICULAR), AVENIDA DESIDERIO GARCIA ALTURA DEL 470, B-5 B-8;B-5
2022-05-20T15:37:27.000Z;2022-05-20;EMERGENCIA: 11:36 10-3 (RESCATE DE PERSONA), DANIEL PAINE / CARLOS DITTBORN, B-5;B-5
2022-05-21T00:27:05.000Z;2022-05-20;EMERGENCIA: 20:26 10-0 (LLAMADO ESTRUCTURAL), SIETE PONIENTE / DOS NORTE, B-4 B-5 B-9;B-5
2022-05-21T08:48:07.000Z;2022-05-21;4:47, SALE B-5  A 10-7 (ACCIDENTE ELECTRICO) JUAN GUILLERMO SOSA / AVENIDA CLAUDIO GAY ORIENTE;B-5
2022-05-21T22:30:19.000Z;2022-05-21;EMERGENCIA: 18:29 10-0 (LLAMADO ESTRUCTURAL), CARLOS OLIVER / LOS TULIPANES, Q-2 B-5 B-8;B-5
2022-05-22T17:49:08.000Z;2022-05-22;EMERGENCIA: 13:48 10-4 (RESCATE VEHICULAR), JAIME REPULLO / AUTOPISTA CONCEPCION - TALCAHUANO, B-4 B-5;B-5
2022-05-23T13:20:03.000Z;2022-05-23;EMERGENCIA: 9:19 10-3 (RESCATE DE PERSONA), AEROPUERTO CARRIEL SUR TERMINAL / AVENIDA JORGE ALESSANDRI, B-5;B-5
2022-05-24T15:24:43.000Z;2022-05-24;EMERGENCIA: 11:23 10-0 (LLAMADO ESTRUCTURAL), RETORNO / AVENIDA LAS GOLONDRINAS, RH-2 B-4 B-5 H-9;B-5
2022-05-25T00:26:03.000Z;2022-05-24;EMERGENCIA: 20:24 10-4 (RESCATE VEHICULAR), CINCO PONIENTE / RETORNO A GOLONDRINAS, B-5 B-9;B-5
2022-05-25T01:23:23.000Z;2022-05-24;EMERGENCIA: 21:22 10-0 (LLAMADO ESTRUCTURAL), CINCO PONIENTE ALTURA DEL 5557, Q-2 B-5 B-9;B-5
2022-05-25T04:15:08.000Z;2022-05-25;EMERGENCIA: 0:14 10-3 (RESCATE DE PERSONA), RIO RENAICO / RIO PETORCA, B-5 B-9;B-5
2022-05-25T22:35:58.000Z;2022-05-25;18:34, SALE B-5  A 10-0 (LLAMADO ESTRUCTURAL) CALAMA ALTURA DEL 9;B-5
2022-05-26T06:06:28.000Z;2022-05-26;EMERGENCIA: 2:05 10-4 (RESCATE VEHICULAR), CALLE INACAP / VASCO NUÑEZ DE BALBOA, RH-2 B-5;B-5
2022-05-26T07:31:16.000Z;2022-05-26;EMERGENCIA: 3:30 10-3 (RESCATE DE PERSONA), BASILIO URRUTIA ALTURA DEL 4858, B-4 B-5;B-5
2022-05-28T21:07:21.000Z;2022-05-28;EMERGENCIA: 17:06 10-4 (RESCATE VEHICULAR), EJERCITO / SIETE PONIENTE, B-5 B-9;B-5
2022-05-28T23:24:31.000Z;2022-05-28;EMERGENCIA: 19:23 10-4 (RESCATE VEHICULAR), HIGUERAS / AVENIDA CRISTOBAL COLON, B-5 RB-6 B-8;B-5
2022-05-29T00:38:16.000Z;2022-05-28;EMERGENCIA: 20:37 10-0 (LLAMADO ESTRUCTURAL), EL CARMEN / SAN CARLOS, B-5 H-8 B-9;B-5
2022-05-29T13:47:35.000Z;2022-05-29;EMERGENCIA: 9:46 10-3 (RESCATE DE PERSONA), LAS HORTENSIAS / LAGO LLANQUIHUE, B-5;B-5
2022-05-30T03:39:16.000Z;2022-05-29;EMERGENCIA: 23:38 10-4 (RESCATE VEHICULAR), LAS HORTENCIAS / LAS AMAPOLAS, B-5 B-9;B-5
2022-05-30T16:34:26.000Z;2022-05-30;EMERGENCIA: 12:33 10-0 (LLAMADO ESTRUCTURAL), BOLIVIA ALTURA DEL 841, B-1 B-5 B-7;B-5
2022-05-30T17:09:44.000Z;2022-05-30;13:08, SALE B-5  A 10-8 (LLAMADO NO CLASIFICADO) LAS DALIAS ALTURA DEL 3755;B-5
2022-06-02T15:46:00.000Z;2022-06-02;EMERGENCIA: 11:44 10-8 (LLAMADO NO CLASIFICADO), AVENIDA ALTO HORNO / LOS NARANJOS, B-5;B-5
2022-06-03T14:13:52.000Z;2022-06-03;EMERGENCIA: 10:12 10-0 (LLAMADO ESTRUCTURAL), LOS JACINTOS ALTURA DEL 5554, B-4 B-5 Q-2;B-5
2022-06-03T18:09:59.000Z;2022-06-03;EMERGENCIA: 14:08 10-4 (RESCATE VEHICULAR), LAS AMAPOLAS / LAS HORTENSIAS, B-5;B-5
2022-06-04T17:28:12.000Z;2022-06-04;13:26, SALE B-5  A 10-7 (ACCIDENTE ELECTRICO) ISLA NAVARINO / ISLA MOCHA;B-5
2022-06-05T03:58:14.000Z;2022-06-04;EMERGENCIA: 23:56 10-4 (RESCATE VEHICULAR), BENAVENTE / LA VEGA, B-5 B-9;B-5
2022-06-05T05:25:15.000Z;2022-06-05;EMERGENCIA: 1:23 10-0 (LLAMADO ESTRUCTURAL), 28 DE OCTUBRE / ACCESO BASE NAVAL, B-1 B-4 B-5;B-5
2022-06-09T01:22:35.000Z;2022-06-08;EMERGENCIA: 21:21 10-0 (LLAMADO ESTRUCTURAL), JAIME REPULLO ALTURA DEL 3545, Q-2 B-4 B-5 B-9;B-5
2022-06-09T22:45:02.000Z;2022-06-09;EMERGENCIA: 18:43 10-4 (RESCATE VEHICULAR), SAN CARLOS / RIO COLORADO, B-5 B-9;B-5
2022-06-10T20:04:00.000Z;2022-06-10;EMERGENCIA: 16:02 10-3 (RESCATE DE PERSONA), RIO MAPOCHO / LAS HORTENSIAS, B-5;B-5
2022-06-11T02:23:01.000Z;2022-06-10;EMERGENCIA: 22:21 10-4 (RESCATE VEHICULAR), SALIDA A LAS HORTENSIAS / AVENIDA COLON, B-4 B-5;B-5
2022-06-12T17:47:02.000Z;2022-06-12;EMERGENCIA: 13:45 10-3 (RESCATE DE PERSONA), CALLE A / AVENIDA IFARLE, B-5;B-5
2022-06-13T06:03:19.000Z;2022-06-13;EMERGENCIA: 2:01 10-0 (LLAMADO ESTRUCTURAL), LA VEGA / LOURDES, Q-2 H-4 B-5 B-9;B-5
2022-06-13T18:30:12.000Z;2022-06-13;EMERGENCIA: 14:28 10-3 (RESCATE DE PERSONA), JAIME REPULLO / AUTOPISTA CONCEPCION - TALCAHUANO, B-5;B-5
2022-06-13T19:26:22.000Z;2022-06-13;EMERGENCIA: 15:24 10-3 (RESCATE DE PERSONA), IQUIQUE / AVENIDA CRISTOBAL COLON, B-5;B-5
2022-06-15T02:12:42.000Z;2022-06-14;EMERGENCIA: 22:11 10-0 (LLAMADO ESTRUCTURAL), PASAJE NUEVA VISION / 17 NORTE, B-4 B-5 B-9;B-5
2022-06-15T10:32:11.000Z;2022-06-15;EMERGENCIA: 6:30 10-4 (RESCATE VEHICULAR), ALMIRANTE VILLAROEL / SUBIDA EL PESCADOR, B-3 B-5 B-7;B-5
2022-06-15T12:52:23.000Z;2022-06-15;EMERGENCIA: 8:50 10-3 (RESCATE DE PERSONA), LAS AMAPOLAS / AVENIDA CRISTOBAL COLON, B-4 B-5;B-5
2022-06-15T22:20:36.000Z;2022-06-15;18:19, SALE B-5  A 10-1 (LLAMADO VEHICULAR) LAS AMAPOLAS / AVENIDA CRISTOBAL COLON,  TALCAHUANO;B-5
2022-06-17T16:16:54.000Z;2022-06-17;EMERGENCIA: 12:15 10-0 (LLAMADO ESTRUCTURAL), CINCO SUR 9393 ALTURA DEL 4122,  TALCAHUANO, B-4 B-5 Q-2;B-5
2022-06-17T17:16:06.000Z;2022-06-17;EMERGENCIA: 13:14 10-4 (RESCATE VEHICULAR), AVENIDA IFARLE ALTURA DEL 4122,  TALCAHUANO, RH-2 B-5;B-5
2022-06-17T18:44:23.000Z;2022-06-17;14:43, SALE B-5  A 10-4 (RESCATE VEHICULAR) LOS ARAUCANOS ALTURA DEL 1254;B-5
2022-06-18T18:30:52.000Z;2022-06-18;EMERGENCIA: 14:29 10-4 (RESCATE VEHICULAR), VOLCAN PARINACOTA / VOLCAN CHILLAN, B-4 B-5;B-5
2022-06-19T01:20:24.000Z;2022-06-18;EMERGENCIA: 21:19 10-7 (ACCIDENTE ELECTRICO), VOLCAN OSORNO / LAS CAOBAS, B-5;B-5
2022-06-19T16:16:19.000Z;2022-06-19;EMERGENCIA: 12:14 10-0 (LLAMADO ESTRUCTURAL), RIO TENO / RIO MAULLIN, Q-2 B-4 B-5;B-5
2022-06-20T02:17:16.000Z;2022-06-19;EMERGENCIA: 22:15 10-0 (LLAMADO ESTRUCTURAL), LAS MAGNOLIAS / LAS MORENAS, B-5 B-7 B-8;B-5
2022-06-22T13:52:36.000Z;2022-06-22;EMERGENCIA: 9:51 10-4 (RESCATE VEHICULAR), PUENTE LA TROMPETA / AUTOPISTA, B-4 B-5;B-5
2022-06-23T01:43:29.000Z;2022-06-22;EMERGENCIA: 21:41 10-4 (RESCATE VEHICULAR), LAS GOLONDRINAS ALTURA DEL 823, B-5 B-9;B-5
2022-06-23T20:23:31.000Z;2022-06-23;EMERGENCIA: 16:21 10-4 (RESCATE VEHICULAR), RETORNO / AVENIDA GRAN BRETAÑA, B-5 B-9;B-5
2022-06-23T22:05:19.000Z;2022-06-23;EMERGENCIA: 18:03 10-0 (LLAMADO ESTRUCTURAL), COLCHAGUA / AISEN, Q-2 B-5 H-8;B-5
2022-06-25T06:24:34.000Z;2022-06-25;EMERGENCIA: 2:22 10-4 (RESCATE VEHICULAR), LAS AMAPOLAS / AVENIDA CRISTOBAL COLON, B-4 B-5;B-5
2022-06-26T00:40:33.000Z;2022-06-25;EMERGENCIA: 20:38 10-3 (RESCATE DE PERSONA), AUTOPISTA CONCEPCION - TALCAHUANO / ENTRADA MALL, B-5;B-5
2022-06-26T07:43:51.000Z;2022-06-26;EMERGENCIA: 3:42 10-4 (RESCATE VEHICULAR), ALMIRANTE NEFF / AVENIDA CRISTOBAL COLON, B-4 B-5;B-5
2022-06-26T17:47:48.000Z;2022-06-26;EMERGENCIA: 13:45 10-0 (LLAMADO ESTRUCTURAL), LUIS URIBE / SIMON BOLIVAR, B-1 B-5 B-8;B-5
2022-06-26T21:45:08.000Z;2022-06-26;EMERGENCIA: 17:43 10-4 (RESCATE VEHICULAR), AVENIDA JORGE ALESSANDRI / CALLE SUR MALL PLAZA TREBOL, B-5 B-9;B-5
2022-06-26T23:10:38.000Z;2022-06-26;EMERGENCIA: 19:08 10-0 (LLAMADO ESTRUCTURAL), PUERTO EDÉN / CHEPICA, Q-2 B-5 B-8 H-9;B-5
2022-06-28T16:28:38.000Z;2022-06-28;EMERGENCIA: 12:26 10-9 (OTROS SERVICIOS), LOS CAPULIES / EL CARDON, B-5;B-5
2022-06-30T02:53:02.000Z;2022-06-29;EMERGENCIA: 22:50 10-4 (RESCATE VEHICULAR), AUTOPISTA CONCEPCION - TALCAHUANO / PUENTE LA TROMPETA, B-4 B-5;B-5
2022-07-01T14:11:17.000Z;2022-07-01;EMERGENCIA: 10:09 10-4 (RESCATE VEHICULAR), AVENIDA JUAN ANTONIO RIOS / ISLA DE PASCUA, B-5 B-11;B-5
2022-07-01T21:00:30.000Z;2022-07-01;EMERGENCIA: 16:58 10-17 (INUNDACION), LAGO LLANQUIHUE / LAS HORTENSIAS, B-5;B-5
2022-07-02T12:28:04.000Z;2022-07-02;EMERGENCIA: 8:25 10-4 (RESCATE VEHICULAR), AUTOPISTA CONCEPCION - TALCAHUANO / EL TREBOL A CONCEPCION, B-5 B-9;B-5
2022-07-02T15:49:02.000Z;2022-07-02;EMERGENCIA: 11:46 10-4 (RESCATE VEHICULAR), LUIS ACEVEDO / ALMIRANTE NEFF, B-4 B-5;B-5
2022-07-03T08:31:45.000Z;2022-07-03;EMERGENCIA: 4:29 10-4 (RESCATE VEHICULAR), AUTOPISTA CONCEPCION - TALCAHUANO / MALL PLAZA DEL TREBOL, B-5 B-9;B-5
2022-07-03T20:11:55.000Z;2022-07-03;EMERGENCIA: 16:09 10-4 (RESCATE VEHICULAR), CALLE 1 / VASCO NUÑEZ DE BALBOA, RH-2 B-5;B-5
2022-07-04T13:23:37.000Z;2022-07-04;EMERGENCIA: 9:21 10-4 (RESCATE VEHICULAR), RIO MAULE / RIO MAPOCHO, B-4 B-5;B-5
2022-07-05T01:31:51.000Z;2022-07-04;EMERGENCIA: 21:31 10-3 (RESCATE DE PERSONA), VOLCAN TACORA / EL BELLOTO, B-5;B-5
2022-07-07T16:10:29.000Z;2022-07-07;EMERGENCIA: 12:10 10-4 (RESCATE VEHICULAR), CALLE DE SERVICIO RUTA 154 / AUTOPISTA CONCEPCION - TALCAHUANO, B-4 B-5;B-5
2022-07-08T23:54:34.000Z;2022-07-08;EMERGENCIA: 19:54 10-8 (LLAMADO NO CLASIFICADO), LAS MANZANAS / AVENIDA ALTO HORNO, B-5;B-5
2022-07-09T21:12:35.000Z;2022-07-09;EMERGENCIA: 17:12 10-3 (RESCATE DE PERSONA), CARLOS DITTBORN / ALTO HORNO, RH-2 B-5;B-5
2022-07-11T16:21:51.000Z;2022-07-11;EMERGENCIA: 12:21 10-4 (RESCATE VEHICULAR), VOLCAN CHILLAN / LOS LLEUQUES, B-4 B-5;B-5
2022-07-13T01:06:43.000Z;2022-07-12;EMERGENCIA: 21:06 10-3 (RESCATE DE PERSONA), LA MARINA 7245 / ,  TALCAHUANO, B-5;B-5
2022-07-13T21:36:08.000Z;2022-07-13;EMERGENCIA: 17:36 10-4 (RESCATE VEHICULAR), RETORNO / AVENIDA GRAN BRETAÑA, B-5 B-9;B-5
2022-07-14T16:03:01.000Z;2022-07-14;EMERGENCIA: 12:02 10-9 (OTROS SERVICIOS), RIO BUENO ALTURA DEL 5216, B-5;B-5
2022-07-14T22:41:28.000Z;2022-07-14;EMERGENCIA: 18:41 10-3 (RESCATE DE PERSONA), CARRIEL SUR ALTURA DEL 5216, B-5;B-5
2022-07-14T23:28:35.000Z;2022-07-14;EMERGENCIA: 19:28 10-4 (RESCATE VEHICULAR), AUTOPISTA CONCEPCION - TALCAHUANO ALTURA DEL 5216, B-5 B-9;B-5
2022-07-15T22:41:55.000Z;2022-07-15;EMERGENCIA: 18:41 10-3 (RESCATE DE PERSONA), AVENIDA CRISTOBAL COLON / AVENIDA DESIDERIO GARCIA, B-5;B-5
2022-07-16T07:15:58.000Z;2022-07-16;EMERGENCIA: 3:15 10-3 (RESCATE DE PERSONA), JAIME REPULLO ALTURA DEL 2975, B-5;B-5
2022-07-17T19:07:56.000Z;2022-07-17;15:07, SALE B-5  A 10-0 (LLAMADO ESTRUCTURAL) AVENIDA DESIDERIO GARCIA ALTURA DEL 234;B-5
2022-07-18T18:14:59.000Z;2022-07-18;EMERGENCIA: 14:14 10-4 (RESCATE VEHICULAR), JAIME REPULLO / AUTOPISTA CONCEPCION - TALCAHUANO, B-4 B-5;B-5
2022-07-18T20:27:10.000Z;2022-07-18;EMERGENCIA: 16:27 10-4 (RESCATE VEHICULAR), EL TREBOL A CONCEPCION / AUTOPISTA CONCEPCION - TALCAHUANO, B-4 B-5;B-5
2022-07-19T14:02:39.000Z;2022-07-19;EMERGENCIA: 10:02 10-15 (SIMULACRO), CALLE ESTE MALL PLAZA TREBOL / ESTACIONAMIENTO MALL PLAZA TREBOL, Q-2 B-5;B-5
2022-07-19T19:52:30.000Z;2022-07-19;EMERGENCIA: 15:52 10-0 (LLAMADO ESTRUCTURAL), RIO MAULE / RIO DIGUILLIN, Q-2 B-5 B-8;B-5
2022-07-20T20:44:31.000Z;2022-07-20;16:44, SALE B-5  A 10-3 (RESCATE DE PERSONA) AVENIDA ALTO HORNO / HUALPEN;B-5
2022-07-21T04:59:23.000Z;2022-07-21;EMERGENCIA: 0:59 10-4 (RESCATE VEHICULAR), CALLE INACAP / VASCO NUÑEZ DE BALBOA, RH-2 B-5;B-5
2022-07-22T19:29:00.000Z;2022-07-22;EMERGENCIA: 15:28 10-4 (RESCATE VEHICULAR), JAIME REPULLO / AVENIDA CLAUDIO GAY, B-4 B-5;B-5
2022-07-23T00:19:48.000Z;2022-07-22;EMERGENCIA: 20:19 10-12 (APOYO A OTRO CUERPO), SALIDA A COLON / AVENIDA COLON, B-5;B-5
2022-07-23T05:10:33.000Z;2022-07-23;EMERGENCIA: 1:10 10-4 (RESCATE VEHICULAR), SIMON BOLIVAR / AVENIDA CRISTOBAL COLON, B-4 B-5;B-5
2022-07-23T17:29:36.000Z;2022-07-23;EMERGENCIA: 13:29 10-0 (LLAMADO ESTRUCTURAL), GRISELDA ALTURA DEL 130, B-4 B-5 B-8;B-5
2022-07-23T22:34:37.000Z;2022-07-23;EMERGENCIA: 18:34 10-3 (RESCATE DE PERSONA), AVENIDA ALTO HORNO ALTURA DEL 180, B-5;B-5
2022-07-25T12:37:16.000Z;2022-07-25;EMERGENCIA: 8:37 10-12 (APOYO A OTRO CUERPO), GIBRALTAR / LA TIRANA, Q-2 B-5;B-5
2022-07-25T14:28:56.000Z;2022-07-25;EMERGENCIA: 10:28 10-4 (RESCATE VEHICULAR), AUTOPISTA CONCEPCION - TALCAHUANO / CALLE DE SERVICIO RUTA 154, B-4 B-5;B-5
2022-07-26T11:37:42.000Z;2022-07-26;7:37, SALE B-5  A 10-17 (VOLADURA DE TECHUMBRE) JUAN GUILLERMO SOSA / VOLCAN OSORNO;B-5
2022-07-26T22:18:27.000Z;2022-07-26;EMERGENCIA: 18:18 10-3 (RESCATE DE PERSONA), GOMEZ CARREÑO ALTURA DEL 4369, B-5;B-5
2022-07-26T23:11:53.000Z;2022-07-26;EMERGENCIA: 19:11 10-3 (RESCATE DE PERSONA), SIMON BOLIVAR / AVENIDA CRISTOBAL COLON, B-5;B-5
2022-07-27T12:06:12.000Z;2022-07-27;EMERGENCIA: 8:06 10-3 (RESCATE DE PERSONA), DOS NORTE / TRES PONIENTE, B-5;B-5
2022-07-27T19:00:52.000Z;2022-07-27;EMERGENCIA: 15:00 10-3 (RESCATE DE PERSONA), ALMIRANTE NEFF / CLAUDIO GAY, B-5;B-5
2022-07-27T21:35:24.000Z;2022-07-27;EMERGENCIA: 17:35 10-3 (RESCATE DE PERSONA), JUAN GUILLERMO SOSA / VOLCAN LASKAR, B-5;B-5
2022-07-28T13:39:28.000Z;2022-07-28;EMERGENCIA: 9:39 10-6 (ESCAPE DE GAS), ARTEAGA ALEMPARTE / EL CARMEN, H-4 B-5 B-9;B-5
2022-07-30T00:03:16.000Z;2022-07-29;EMERGENCIA: 20:03 10-0 (LLAMADO ESTRUCTURAL), LAGO BUDI ALTURA DEL 74, B-4 B-5 B-9;B-5
2022-07-30T11:54:27.000Z;2022-07-30;EMERGENCIA: 7:54 10-0 (LLAMADO ESTRUCTURAL), EJERCITO / 6 PONIENTE, B-5 B-9 Q-2;B-5
2022-08-01T20:37:01.000Z;2022-08-01;EMERGENCIA: 16:36 10-4 (RESCATE VEHICULAR), AVENIDA LAS GOLONDRINAS / AVENIDA GRAN BRETAÑA, B-5 B-9;B-5
2022-08-02T23:59:56.000Z;2022-08-02;EMERGENCIA: 19:59 10-4 (RESCATE VEHICULAR), PUNTA CORRALILLO / PUNTA LILEMO, B-5 RB-6;B-5
2022-08-03T03:33:12.000Z;2022-08-02;EMERGENCIA: 23:33 10-8 (LLAMADO NO CLASIFICADO), AUTOPISTA CONCEPCION - TALCAHUANO / JAIME REPULLO, H-4 B-5;B-5
2022-08-03T13:24:06.000Z;2022-08-03;EMERGENCIA: 9:24 10-6 (ESCAPE DE GAS), MANUEL MONTT / MANUEL BAYON, H-4 B-5 H-8;B-5
2022-08-04T14:20:24.000Z;2022-08-04;EMERGENCIA: 10:20 10-4 (RESCATE VEHICULAR), AVENIDA TUMBES / PRINCIPAL, B-1 B-5 RB-6;B-5
2022-08-05T01:07:21.000Z;2022-08-04;EMERGENCIA: 21:07 10-7 (ACCIDENTE ELECTRICO), LICANTEN / COLCHAGUA, B-5;B-5
2022-08-06T01:08:48.000Z;2022-08-05;EMERGENCIA: 21:08 10-0 (LLAMADO ESTRUCTURAL), TARAPACA / 968, B-5 B-9;B-5
2022-08-08T00:21:43.000Z;2022-08-07;EMERGENCIA: 20:21 10-3 (RESCATE DE PERSONA), ISLA SAN AMBROSIO / ISLA SANTA MARIA, B-5;B-5
2022-08-09T19:05:19.000Z;2022-08-09;EMERGENCIA: 15:05 10-4 (RESCATE VEHICULAR), RIO MAPOCHO / RIO MAULE, B-4 B-5;B-5
2022-08-11T12:52:59.000Z;2022-08-11;EMERGENCIA: 8:52 10-4 (RESCATE VEHICULAR), AVENIDA GRAN BRETAÑA / ROCOTO, B-3 B-5 B-9;B-5
2022-08-12T13:09:11.000Z;2022-08-12;EMERGENCIA: 9:09 10-4 (RESCATE VEHICULAR), BENAVENTE / LA VEGA, B-5 B-9;B-5
2022-08-12T16:59:25.000Z;2022-08-12;EMERGENCIA: 12:59 10-4 (RESCATE VEHICULAR), AUTOPISTA CONCEPCION - TALCAHUANO / BENAVENTE, B-5 B-9;B-5
2022-08-12T22:43:06.000Z;2022-08-12;18:43, SALE B-5  A 10-4 (RESCATE VEHICULAR) ALTO HORNO ALTURA DEL 250;B-5
2022-08-13T23:22:15.000Z;2022-08-13;EMERGENCIA: 19:22 10-3 (RESCATE DE PERSONA), CALLE DE SERVICIO RUTA 154 / AUTOPISTA CONCEPCION - TALCAHUANO, B-5;B-5
2022-08-13T23:48:58.000Z;2022-08-13;EMERGENCIA: 19:48 10-4 (RESCATE VEHICULAR), ALTO HORNO / VINICIO, B-5 B-8;B-5
2022-08-15T17:09:21.000Z;2022-08-15;EMERGENCIA: 13:09 10-8 (LLAMADO NO CLASIFICADO), LAGO LLANQUIHUE ALTURA DEL 56101, B-5;B-5
2022-08-16T17:46:19.000Z;2022-08-16;13:46, SALE B-5  A 10-9 (OTROS SERVICIOS) VOLCAN HUDSON ALTURA DEL 4691;B-5
2022-08-16T20:09:26.000Z;2022-08-16;16:09, SALE B-5  A 10-17 (VOLADURA DE TECHUMBRE) GOMEZ CARREÑO ALTURA DEL 3849;B-5
2022-08-18T16:54:50.000Z;2022-08-18;EMERGENCIA: 12:54 10-8 (LLAMADO NO CLASIFICADO), RIO MAULE / RIO MAPOCHO, B-5;B-5
2022-08-18T21:50:31.000Z;2022-08-18;EMERGENCIA: 17:50 10-0 (LLAMADO ESTRUCTURAL), LOS PINOS / 1 PONIENTE, B-5 B-9 Q-2;B-5
2022-08-19T21:42:53.000Z;2022-08-19;17:42, SALE B-5  A 10-3 (RESCATE DE PERSONA) COPEC / VALDIVIA;B-5
2022-08-20T05:26:16.000Z;2022-08-20;EMERGENCIA: 1:26 10-4 (RESCATE VEHICULAR), LA SERENA / PORTEZUELO, B-5 B-8;B-5
2022-08-20T19:57:05.000Z;2022-08-20;EMERGENCIA: 15:57 10-0 (LLAMADO ESTRUCTURAL), CINCO PONIENTE / TRES SUR, B-4 B-5 B-9;B-5
2022-08-21T02:21:13.000Z;2022-08-20;EMERGENCIA: 22:21 10-4 (RESCATE VEHICULAR), JUAN GUILLERMO SOSA / AVENIDA CRISTOBAL COLON, B-5 B-9;B-5
2022-08-21T07:26:39.000Z;2022-08-21;EMERGENCIA: 3:26 10-0 (LLAMADO ESTRUCTURAL), LA SERENA ALTURA DEL 157, B-4 B-5 B-8;B-5
2022-08-21T22:34:26.000Z;2022-08-21;EMERGENCIA: 18:34 10-0 (LLAMADO ESTRUCTURAL), EJERCITO / 6 PONIENTE, B-5 B-9 Q-2;B-5
2022-08-22T00:05:06.000Z;2022-08-21;EMERGENCIA: 20:05 10-0 (LLAMADO ESTRUCTURAL), CALLE 1 / PASAJE CUATRO, B-4 B-5 H-8 B-11;B-5
2022-08-24T02:36:36.000Z;2022-08-23;EMERGENCIA: 22:36 10-3 (RESCATE DE PERSONA), LOS PINOS ALTURA DEL 6296, B-5;B-5
2022-08-24T21:26:25.000Z;2022-08-24;EMERGENCIA: 17:26 10-4 (RESCATE VEHICULAR), AUTOPISTA CONCEPCION - TALCAHUANO / PASO NIVEL OHIGGINS, B-5 B-9;B-5
2022-08-25T14:24:23.000Z;2022-08-25;EMERGENCIA: 10:24 10-3 (RESCATE DE PERSONA), CALLE 12 ALTURA DEL 6065, Q-2 B-5;B-5
2022-08-25T21:38:42.000Z;2022-08-25;EMERGENCIA: 17:38 10-3 (RESCATE DE PERSONA), DANIEL PAINE ALTURA DEL 6065, B-3 B-5 H-8;B-5
2022-08-26T02:14:37.000Z;2022-08-25;EMERGENCIA: 22:14 10-3 (RESCATE DE PERSONA), CALLE A / AVENIDA IFARLE, B-5;B-5
2022-08-26T21:19:47.000Z;2022-08-26;EMERGENCIA: 17:19 10-8 (LLAMADO NO CLASIFICADO), PASAJE ONCE ALTURA DEL 936, B-5;B-5
2022-08-28T23:53:57.000Z;2022-08-28;EMERGENCIA: 19:53 10-0 (LLAMADO ESTRUCTURAL), ATACAMA / PUEBLO HUNDIDO, B-5 B-9 Q-2;B-5
2022-08-29T02:44:20.000Z;2022-08-28;EMERGENCIA: 22:44 10-0 (LLAMADO ESTRUCTURAL), MONSEÑOR ALARCON ALTURA DEL 31, H-4 B-5 B-9;B-5
2022-08-29T03:45:27.000Z;2022-08-28;EMERGENCIA: 23:45 10-3 (RESCATE DE PERSONA), PUENTE PERALES ALTURA DEL 31, B-5;B-5
2022-08-29T11:11:14.000Z;2022-08-29;EMERGENCIA: 7:11 10-4 (RESCATE VEHICULAR), AV. VASCO NÚÑEZ DE BALBOA 6170 / ,  TALCAHUANO, B-5 B-9;B-5
2022-08-29T16:22:49.000Z;2022-08-29;EMERGENCIA: 12:22 10-4 (RESCATE VEHICULAR), JUAN GUILLERMO SOSA / LOS LIRIOS, B-5 H-8;B-5
2022-08-29T22:54:51.000Z;2022-08-29;EMERGENCIA: 18:54 10-3 (RESCATE DE PERSONA), RIO LONGAVI / LAGO RANCO, B-5;B-5
2022-08-31T03:10:42.000Z;2022-08-30;EMERGENCIA: 23:10 10-4 (RESCATE VEHICULAR), VASCO NUÑEZ DE BALBOA / , B-5 B-9;B-5
2022-08-31T20:25:22.000Z;2022-08-31;EMERGENCIA: 16:25 10-8 (LLAMADO NO CLASIFICADO), CALLE 4 / PASAJE 10-A, B-5;B-5
2022-09-02T12:57:11.000Z;2022-09-02;EMERGENCIA: 8:57 10-4 (RESCATE VEHICULAR), AVENIDA IFARLE / AVENIDA FARLE, B-5 B-9;B-5
2022-09-02T22:22:09.000Z;2022-09-02;EMERGENCIA: 18:22 10-0 (LLAMADO ESTRUCTURAL), LAS MARGARITAS ALTURA DEL 5442, B-5 B-9 Q-2;B-5
2022-09-02T23:47:35.000Z;2022-09-02;EMERGENCIA: 19:47 10-4 (RESCATE VEHICULAR), ARTEAGA ALEMPARTE ALTURA DEL 5442, B-3 B-5 B-9;B-5
2022-09-06T00:32:45.000Z;2022-09-05;EMERGENCIA: 20:32 10-8 (LLAMADO NO CLASIFICADO), RIO TOLTEN / RIO DIGUILLIN, B-5;B-5
2022-09-06T00:57:58.000Z;2022-09-05;EMERGENCIA: 20:57 10-0 (LLAMADO ESTRUCTURAL), ISLA LENNOX / AVENIDA ALTO HORNO, Q-2 B-5 H-8 B-11;B-5
2022-09-06T12:05:42.000Z;2022-09-06;EMERGENCIA: 8:05 10-4 (RESCATE VEHICULAR), GRAN BRETAÑA 2820 / ,  TALCAHUANO, B-5 H-8;B-5
2022-09-07T15:50:21.000Z;2022-09-07;EMERGENCIA: 11:49 10-9 (OTROS SERVICIOS), RIO YESO ALTURA DEL 5335, B-5;B-5
2022-09-07T19:48:58.000Z;2022-09-07;15:48, SALE B-5  A 10-4 (RESCATE VEHICULAR) GABRIEL TORO / RIQUELME;B-5
2022-09-08T18:15:23.000Z;2022-09-08;EMERGENCIA: 14:14 10-4 (RESCATE VEHICULAR), AVENIDA ALTO HORNO / GABRIELA MISTRAL, B-5 H-8;B-5
2022-09-08T19:31:47.000Z;2022-09-08;EMERGENCIA: 15:31 10-3 (RESCATE DE PERSONA), IQUIQUE / ERRAZURIZ, B-5;B-5
2022-09-09T19:27:13.000Z;2022-09-09;EMERGENCIA: 15:26 10-4 (RESCATE VEHICULAR), ALMIRANTE LATORRE / SUBIDA LA GLORIA, B-3 B-5 H-11;B-5
2022-09-10T12:56:52.000Z;2022-09-10;EMERGENCIA: 8:56 10-4 (RESCATE VEHICULAR), AV COLON / LAS AMAPOLAS, B-4 B-5;B-5
2022-09-11T13:46:35.000Z;2022-09-11;EMERGENCIA: 10:45 10-12 (APOYO A OTRO CUERPO), CAMINO A LENGA / HUALPEN GAS, B-5;B-5
2022-09-11T16:00:27.000Z;2022-09-11;EMERGENCIA: 12:59 10-9 (OTROS SERVICIOS), LAS HORTENSIAS ALTURA DEL 5154, B-5;B-5
2022-09-11T23:14:30.000Z;2022-09-11;EMERGENCIA: 20:13 10-3 (RESCATE DE PERSONA), SEDORETI / SERRANO, B-5;B-5
2022-09-12T17:11:05.000Z;2022-09-12;14:10, SALE B-5  A 10-8 (LLAMADO NO CLASIFICADO) LOS LAMINADORES / MEJILLONES;B-5
2022-09-12T18:29:59.000Z;2022-09-12;EMERGENCIA: 15:28 10-4 (RESCATE VEHICULAR), HUALPEN / AVENIDA CRISTOBAL COLON, B-1 B-3 B-5;B-5
2022-09-13T18:46:07.000Z;2022-09-13;15:45, SALE B-5  A 10-8 (LLAMADO NO CLASIFICADO) CARRIEL NORTE ALTURA DEL 899;B-5
2022-09-14T22:30:22.000Z;2022-09-14;EMERGENCIA: 19:29 10-3 (RESCATE DE PERSONA), ALMIRANTE NEFF / CLAUDIO GAY, B-5;B-5
2022-09-15T06:28:59.000Z;2022-09-15;EMERGENCIA: 3:27 10-4 (RESCATE VEHICULAR), CARRIER NORTE / VASCO NUÑEZ DE BALBOA, RH-2 B-5;B-5
2022-09-15T21:11:14.000Z;2022-09-15;EMERGENCIA: 18:09 10-0 (LLAMADO ESTRUCTURAL), TARAPACA ALTURA DEL 7171, B-5 B-9 H-8 Q-2;B-5
2022-09-16T07:11:40.000Z;2022-09-16;EMERGENCIA: 4:10 10-3 (RESCATE DE PERSONA), RIO TOLTEN / RIO DIGUILLIN, B-5;B-5
2022-09-17T17:26:39.000Z;2022-09-17;EMERGENCIA: 14:25 10-3 (RESCATE DE PERSONA), RIO PILMAIQUEN ALTURA DEL 590, B-5;B-5
2022-09-22T21:42:32.000Z;2022-09-22;EMERGENCIA: 18:41 10-4 (RESCATE VEHICULAR), JAIME REPULLO / AUTOPISTA CONCEPCION - TALCAHUANO,  CHILE, B-4 B-5;B-5
2022-09-24T05:55:08.000Z;2022-09-24;EMERGENCIA: 2:53 10-4 (RESCATE VEHICULAR), CONCEPCIÓN / LA MARINA, B-5 B-9;B-5
2022-09-24T18:54:29.000Z;2022-09-24;EMERGENCIA: 15:52 10-3 (RESCATE DE PERSONA), GENERAL BEAUCHEFF ALTURA DEL 321, B-1 B-5;B-5
2022-09-25T01:50:04.000Z;2022-09-24;EMERGENCIA: 22:48 10-4 (RESCATE VEHICULAR), SALIDA A TALCAHUANO / RUTA 154 - VIA EXCLUSIVA PARA BUSES, B-5 B-9;B-5
2022-09-25T03:16:15.000Z;2022-09-25;EMERGENCIA: 0:14 10-4 (RESCATE VEHICULAR), AVENIDA BLANCO ENCALADA / LIBERTAD, F-1 B-5;B-5
2022-09-25T16:46:39.000Z;2022-09-25;13:45, SALE B-5  A 10-3 (RESCATE DE PERSONA) VERLUYS /;B-5
2022-09-27T00:12:46.000Z;2022-09-26;EMERGENCIA: 21:11 10-8 (LLAMADO NO CLASIFICADO), LAGO RANCO / RIO PETROHUE, B-5;B-5
2022-09-29T02:34:52.000Z;2022-09-28;EMERGENCIA: 23:33 10-4 (RESCATE VEHICULAR), ALMIRANTE NEFF / AVENIDA CRISTOBAL COLON, H-4 B-5;B-5
2022-09-29T10:56:36.000Z;2022-09-29;EMERGENCIA: 7:54 10-4 (RESCATE VEHICULAR), JOTABECHE / MANUEL MONTT, B-5 H-8;B-5
2022-09-30T15:15:44.000Z;2022-09-30;12:13, SALE B-5  A 10-4 (RESCATE VEHICULAR) ZENTENO / COLON;B-5
2022-10-01T01:06:29.000Z;2022-09-30;EMERGENCIA: 22:04 10-4 (RESCATE VEHICULAR), LA MARINA / LOS PINOS, B-5 B-9;B-5
2022-10-01T18:35:18.000Z;2022-10-01;EMERGENCIA: 15:33 10-3 (RESCATE DE PERSONA), LOS FRESNOS ALTURA DEL 706, B-5;B-5
2022-10-02T23:19:27.000Z;2022-10-02;EMERGENCIA: 20:17 10-0 (LLAMADO ESTRUCTURAL), EL BELLOTO / LOS CIRUELOS, B-5 H-8 Q-2;B-5
2022-10-05T13:23:04.000Z;2022-10-05;EMERGENCIA: 10:23 10-0 (LLAMADO ESTRUCTURAL), NAHUELBUTA / PORVENIR, B-1 B-3 B-5 B-7 H-8 B-11;B-5
2022-10-05T19:37:48.000Z;2022-10-05;16:37, SALE B-5  A 10-9 (OTROS SERVICIOS) VOLCAN LASKAR ALTURA DEL 4142;B-5
2022-10-06T16:14:48.000Z;2022-10-06;EMERGENCIA: 13:14 10-4 (RESCATE VEHICULAR), LAGUNA AVENDAÑO / LAGUNA VERDE, H-4 B-5;B-5
2022-10-06T18:54:03.000Z;2022-10-06;EMERGENCIA: 15:54 10-3 (RESCATE DE PERSONA), AVENIDA DESIDERIO GARCIA / AVENIDA ALTO HORNO, B-5;B-5
2022-10-07T10:53:46.000Z;2022-10-07;EMERGENCIA: 7:53 10-4 (RESCATE VEHICULAR), BOMBERO SEPULVEDA / MANUEL BAYON, B-5 H-8;B-5
2022-10-07T11:57:22.000Z;2022-10-07;EMERGENCIA: 8:57 10-3 (RESCATE DE PERSONA), PORTALES 398 4270828 ALTURA DEL 389,  TALCAHUANO, B-5;B-5
2022-10-07T16:35:15.000Z;2022-10-07;EMERGENCIA: 13:35 10-3 (RESCATE DE PERSONA), ALTO HORNO 249 ALTURA DEL 389,  TALCAHUANO, B-5;B-5
2022-10-07T19:12:24.000Z;2022-10-07;EMERGENCIA: 16:12 10-4 (RESCATE VEHICULAR), MONSEÑOR ALARCON ALTURA DEL 389,  TALCAHUANO, B-5 H-8;B-5
2022-10-07T20:41:17.000Z;2022-10-07;EMERGENCIA: 17:41 10-4 (RESCATE VEHICULAR), AVENIDA BLANCO ENCALADA / LIBERTAD,  TALCAHUANO, RB-3 B-5 B-7;B-5
2022-10-09T09:31:10.000Z;2022-10-09;EMERGENCIA: 6:31 10-4 (RESCATE VEHICULAR), SALIDA A OHIGGINS / AUTOPISTA CONCEPCION - TALCAHUANO, B-5 B-9;B-5
2022-10-11T04:42:07.000Z;2022-10-11;EMERGENCIA: 1:42 10-0 (LLAMADO ESTRUCTURAL), 8 PONIENTE / 6 SUR, Q-2 B-5 B-9;B-5
2022-10-11T14:04:18.000Z;2022-10-11;11:04, SALE B-5  A 10-2 (LLAMADO DE PASTIZALES) AVENIDA ALTO HORNO / LAS MANZANAS;B-5
2022-10-12T11:10:34.000Z;2022-10-12;EMERGENCIA: 8:10 10-4 (RESCATE VEHICULAR), AVENIDA LAS GOLONDRINAS / COLON, B-5 B-9;B-5
2022-10-12T18:25:11.000Z;2022-10-12;EMERGENCIA: 15:25 10-3 (RESCATE DE PERSONA), RIO TOLTEN / PASAJE 12, B-5;B-5
2022-10-14T20:45:11.000Z;2022-10-14;EMERGENCIA: 17:45 10-3 (RESCATE DE PERSONA), EL PAJONAL / AVENIDA ALTO HORNO, B-5;B-5
2022-10-14T23:38:23.000Z;2022-10-14;EMERGENCIA: 20:38 10-3 (RESCATE DE PERSONA), CALLE 1 / VASCO NUÑEZ DE BALBOA, RH-2 B-5;B-5
2022-10-15T01:16:30.000Z;2022-10-14;EMERGENCIA: 22:16 10-4 (RESCATE VEHICULAR), CLAUDIO GAY / JAIME REPULLO, H-4 B-5;B-5
2022-10-15T01:20:24.000Z;2022-10-14;EMERGENCIA: 22:20 10-4 (RESCATE VEHICULAR), CLAUDIO GAY / JAIME REPULLO, H-4 B-5;B-5
2022-10-15T19:15:59.000Z;2022-10-15;EMERGENCIA: 16:15 10-3 (RESCATE DE PERSONA), CALLE DE SERVICIO OHIGGINS / AMERICO VESPUCIO, B-5;B-5
2022-10-18T22:05:20.000Z;2022-10-18;EMERGENCIA: 19:05 10-4 (RESCATE VEHICULAR), LAGO LLANQUIHUE / LAS HORTENSIAS, B-4 B-5;B-5
2022-10-19T16:00:12.000Z;2022-10-19;EMERGENCIA: 13:00 10-3 (RESCATE DE PERSONA), CALLE J ALTURA DEL 889, RH-2 B-5;B-5
2022-10-19T22:06:33.000Z;2022-10-19;EMERGENCIA: 19:06 10-8 (LLAMADO NO CLASIFICADO), LAGO LLANQUIHUE / CALLE 3, B-5;B-5
2022-10-21T09:45:49.000Z;2022-10-21;EMERGENCIA: 6:45 10-3 (RESCATE DE PERSONA), PUERTO CRISTAL  ALTURA DEL 1475, B-5;B-5
2022-10-23T21:31:36.000Z;2022-10-23;EMERGENCIA: 18:31 10-3 (RESCATE DE PERSONA), AV. PDTE. JORGE ALESSANDRI RODRIGUEZ 1650 / ,  TALCAHUANO, B-5;B-5
2022-10-24T01:02:20.000Z;2022-10-23;EMERGENCIA: 22:02 10-0 (LLAMADO ESTRUCTURAL), RIO CALLE CALLE / RIO ALLIPEN, Q-2 B-5 B-9;B-5
2022-10-24T11:01:57.000Z;2022-10-24;8:01, SALE B-5  A 10-4 (RESCATE VEHICULAR) JUAN ANTONIO RÍOS 1315 / ,  TALCAHUANO;B-5
2022-10-25T14:18:34.000Z;2022-10-25;EMERGENCIA: 11:18 10-4 (RESCATE VEHICULAR), RUTA INTERPORTUARIA / ACCESO A RUTA INTERPORTUARIA, B-11 RB-3 B-5;B-5
2022-10-25T15:27:43.000Z;2022-10-25;EMERGENCIA: 12:27 10-4 (RESCATE VEHICULAR), AVENIDA CLAUDIO GAY ORIENTE / JAIME REPULLO, B-4 B-5;B-5
2022-10-26T03:16:29.000Z;2022-10-26;EMERGENCIA: 0:16 10-0 (LLAMADO ESTRUCTURAL), EJERCITO / SIETE PONIENTE, Q-2 B-5 B-9;B-5
2022-10-26T13:06:06.000Z;2022-10-26;EMERGENCIA: 10:06 10-3 (RESCATE DE PERSONA), GERMAN RIESCO ALTURA DEL 3279, B-5;B-5
2022-10-28T16:15:29.000Z;2022-10-28;EMERGENCIA: 13:15 10-4 (RESCATE VEHICULAR), AUTOPISTA CONCEPCION - TALCAHUANO / , B-5 B-9;B-5
2022-10-29T03:58:28.000Z;2022-10-29;EMERGENCIA: 0:58 10-4 (RESCATE VEHICULAR), AVENIDA GRAN BRETAÑA / ROTONDA, B-5 H-8;B-5
2022-10-29T15:50:11.000Z;2022-10-29;EMERGENCIA: 12:50 10-4 (RESCATE VEHICULAR), LAS AMAPOLAS / LAS HORTENSIAS, B-4 B-5;B-5
2022-10-31T21:10:57.000Z;2022-10-31;EMERGENCIA: 18:10 10-3 (RESCATE DE PERSONA), HIGUERAS ALTURA DEL 3332, B-5;B-5
2022-11-01T04:27:34.000Z;2022-11-01;EMERGENCIA: 1:27 10-4 (RESCATE VEHICULAR), CALLE 1 / VASCO NUÑEZ DE BALBOA, RH-2 B-5;B-5
2022-11-02T01:48:59.000Z;2022-11-01;EMERGENCIA: 22:48 10-0 (LLAMADO ESTRUCTURAL), JAIME REPULLO ALTURA DEL 2803, Q-2 H-4 B-5 B-9;B-5
2022-11-02T17:35:37.000Z;2022-11-02;EMERGENCIA: 14:35 10-4 (RESCATE VEHICULAR), SALIDA A PENCO / AVENIDA JORGE ALESSANDRI, B-5;B-5
2022-11-03T09:50:58.000Z;2022-11-03;EMERGENCIA: 6:50 10-4 (RESCATE VEHICULAR), HUALPEN / AVENIDA CRISTOBAL COLON, B-3 B-5;B-5
2022-11-03T18:57:34.000Z;2022-11-03;EMERGENCIA: 15:57 10-4 (RESCATE VEHICULAR), COLON / CALLE LIRCAY, F-1 RB-3 B-5;B-5
2022-11-04T11:15:28.000Z;2022-11-04;EMERGENCIA: 8:15 10-4 (RESCATE VEHICULAR), MONSEÑOR ALARCON / GOMEZ CARREÑO, RB-3 B-4 B-5;B-5
2022-11-05T17:13:24.000Z;2022-11-05;EMERGENCIA: 14:13 10-6 (ESCAPE DE GAS), AVENIDA MALL PLAZA DEL TREBOL / ACCESO 2° PISO, H-4 B-5 B-9;B-5
2022-11-09T14:41:47.000Z;2022-11-09;EMERGENCIA: 11:41 10-4 (RESCATE VEHICULAR), SALIDA A TALCAHUANO / RUTA 154 - VIA EXCLUSIVA PARA BUSES, B-5 B-9;B-5
2022-11-10T03:28:28.000Z;2022-11-10;EMERGENCIA: 0:28 10-4 (RESCATE VEHICULAR), ACCESO A AV. JORGE ALESSANDRI / ENTRADA A JORGE ALESSANDRI, B-5 B-9;B-5
2022-11-11T17:01:07.000Z;2022-11-11;EMERGENCIA: 14:01 10-4 (RESCATE VEHICULAR), CARRERA PINTO / AVENIDA CRISTOBAL COLON, F-1 B-5;B-5
2022-11-13T15:04:58.000Z;2022-11-13;EMERGENCIA: 12:04 10-3 (RESCATE DE PERSONA), TOCOPILLA / AISEN, B-5;B-5
2022-11-14T14:43:06.000Z;2022-11-14;11:43, SALE B-5  A 10-3 (RESCATE DE PERSONA) LOS ALELIES / GOMEZ CARREÑO;B-5
2022-11-14T18:27:32.000Z;2022-11-14;15:27, SALE B-5  A 10-1 (LLAMADO VEHICULAR) AVENIDA GRAN BRETAÑA / COSTANERA;B-5
2022-11-16T16:41:08.000Z;2022-11-16;13:41, SALE B-5  A 10-2 (LLAMADO DE PASTIZALES) JAIME REPULLO / AUTOPISTA CONCEPCION - TALCAHUANO;B-5
2022-11-16T21:37:26.000Z;2022-11-16;EMERGENCIA: 18:37 10-3 (RESCATE DE PERSONA), EL CARMEN / GRISELDA, B-5;B-5
2022-11-17T11:53:53.000Z;2022-11-17;EMERGENCIA: 8:53 10-4 (RESCATE VEHICULAR), AVENIDA CONCEPCION / TRES PONIENTE, B-5 B-9;B-5
2022-11-17T15:55:28.000Z;2022-11-17;EMERGENCIA: 12:55 10-3 (RESCATE DE PERSONA), DARIO BASTIAS ALTURA DEL 154, B-5;B-5
2022-11-18T10:38:19.000Z;2022-11-18;EMERGENCIA: 7:38 10-4 (RESCATE VEHICULAR), JUAN GUILLERMO SOSA / LAS DALIAS, H-4 B-5;B-5
2022-11-18T23:24:11.000Z;2022-11-18;EMERGENCIA: 20:24 10-4 (RESCATE VEHICULAR), INDEPENDECIA / AVENIDA COLON, RB-3 B-4 B-5;B-5
2022-11-19T00:19:05.000Z;2022-11-18;EMERGENCIA: 21:19 10-4 (RESCATE VEHICULAR), AUTOPISTA CONCEPCION - TALCAHUANO / RIO COLORADO, B-5 B-9;B-5
2022-11-19T02:20:40.000Z;2022-11-18;EMERGENCIA: 23:20 10-3 (RESCATE DE PERSONA), TARAPACA  ALTURA DEL 976, B-5 B-9;B-5
2022-11-19T03:18:11.000Z;2022-11-19;EMERGENCIA: 0:18 10-3 (RESCATE DE PERSONA), AUTOPISTA CONCEPCION - TALCAHUANO / PASARELA PEATONAL MALL PLAZA TREBOL, B-5;B-5
2022-11-19T20:47:07.000Z;2022-11-19;EMERGENCIA: 17:47 10-4 (RESCATE VEHICULAR), AV. STA. MARÍA TALCAHUANO / COSTADO SODIMAC,  CONCEPCIÓN, B-5 B-9;B-5
2022-11-20T12:18:56.000Z;2022-11-20;EMERGENCIA: 9:18 10-4 (RESCATE VEHICULAR), VOLCAN COPAHUE ALTURA DEL 408, B-4 B-5;B-5
2022-11-21T02:05:58.000Z;2022-11-20;EMERGENCIA: 23:05 10-0 (LLAMADO ESTRUCTURAL), CATORCE NORTE ALTURA DEL 150, RH-2 B-5 B-8;B-5
2022-11-21T03:13:13.000Z;2022-11-21;EMERGENCIA: 0:13 10-3 (RESCATE DE PERSONA), LOS LIRIOS ALTURA DEL 5246, B-4 B-5;B-5
2022-11-21T12:52:15.000Z;2022-11-21;EMERGENCIA: 9:52 10-8 (LLAMADO NO CLASIFICADO), LAS AMAPOLAS / LAS HORTENSIAS, B-5;B-5
2022-11-22T16:28:07.000Z;2022-11-22;EMERGENCIA: 13:28 10-4 (RESCATE VEHICULAR), CALLE DE SERVICIO RUTA 154 / AUTOPISTA CONCEPCION - TALCAHUANO,  TALCAHUANO, B-5 B-9;B-5
2022-11-22T19:43:56.000Z;2022-11-22;EMERGENCIA: 16:43 10-4 (RESCATE VEHICULAR), C. G 909 / ,  TALCAHUANO, RH-2 B-5;B-5
2022-11-22T20:56:46.000Z;2022-11-22;EMERGENCIA: 17:56 10-0 (LLAMADO ESTRUCTURAL), 6WQF 5V TALCAHUANO / ,  CHILE, BM-2 B-4 B-5;B-5
2022-11-23T15:58:11.000Z;2022-11-23;12:58, SALE B-5  A 10-4 (RESCATE VEHICULAR) MICHIMALONCO ALTURA DEL 4873;B-5
2022-11-24T00:20:18.000Z;2022-11-23;EMERGENCIA: 21:20 10-3 (RESCATE DE PERSONA), EL CHAGUAL / LAS HORTENSIAS, B-5;B-5
2022-11-24T15:19:51.000Z;2022-11-24;12:19, SALE B-5  A 10-3 (RESCATE DE PERSONA) COLON  / MAIPU;B-5
2022-11-25T00:09:43.000Z;2022-11-24;EMERGENCIA: 21:09 10-0 (LLAMADO ESTRUCTURAL), RIO MAPOCHO / LOS JACINTOS, RH-2 H-4 B-5;B-5
2022-11-25T02:29:36.000Z;2022-11-24;EMERGENCIA: 23:29 10-4 (RESCATE VEHICULAR), JUAN GUILLERMO SOSA / VOLCAN LASKAR, H-4 B-5;B-5
2022-11-26T13:56:14.000Z;2022-11-26;EMERGENCIA: 10:56 10-3 (RESCATE DE PERSONA), LAS VIOLETAS ALTURA DEL 4929, B-5;B-5
2022-11-27T20:54:10.000Z;2022-11-27;EMERGENCIA: 17:54 10-3 (RESCATE DE PERSONA), SALIDA A OHIGGINS / AUTOPISTA CONCEPCION - TALCAHUANO, B-5;B-5
2022-11-27T23:19:46.000Z;2022-11-27;EMERGENCIA: 20:19 10-4 (RESCATE VEHICULAR), AEROPUERTO CARRIEL SUR TERMINAL / AVENIDA JORGE ALESSANDRI, B-5 B-9;B-5
2022-11-27T23:42:02.000Z;2022-11-27;EMERGENCIA: 20:42 10-4 (RESCATE VEHICULAR), PEAJE ALESSANDRI / , B-5 B-9;B-5
2022-11-30T12:01:04.000Z;2022-11-30;EMERGENCIA: 9:01 10-3 (RESCATE DE PERSONA), ROTONDA HUACHIPATO / AV. GRAN BRETAÑA, B-5;B-5
2022-12-01T03:05:59.000Z;2022-12-01;EMERGENCIA: 0:05 10-8 (LLAMADO NO CLASIFICADO), LA MARINA / 1 SUR, B-5;B-5
2022-12-02T15:48:36.000Z;2022-12-02;12:48, SALE B-5  A 10-2 (LLAMADO DE PASTIZALES) RUTA INTERPORTUARIA / ACCESO A RUTA INTERPORTUARIA;B-5
2022-12-03T03:59:39.000Z;2022-12-03;EMERGENCIA: 0:59 10-4 (RESCATE VEHICULAR), ENTRADA MALL / AUTOPISTA CONCEPCION - TALCAHUANO, B-5 B-9;B-5
2022-12-03T17:43:48.000Z;2022-12-03;EMERGENCIA: 14:43 10-4 (RESCATE VEHICULAR), COLCHAGUA / PANQUEHUE, B-5 B-9;B-5
2022-12-03T22:33:20.000Z;2022-12-03;EMERGENCIA: 19:33 10-4 (RESCATE VEHICULAR), AVENIDA GRAN BRETAÑA / ROTONDA, B-5 B-8;B-5
2022-12-03T23:28:14.000Z;2022-12-03;20:28, SALE B-5  A 10-2 (LLAMADO DE PASTIZALES) CALLE 3 / CALLE 2;B-5
2022-12-04T15:18:51.000Z;2022-12-04;EMERGENCIA: 12:18 10-4 (RESCATE VEHICULAR), AVENIDA LAS GOLONDRINAS / DINAHUE, B-5 B-9;B-5
2022-12-04T23:42:34.000Z;2022-12-04;EMERGENCIA: 20:42 10-3 (RESCATE DE PERSONA), MONSEÑOR ALARCON / AVENIDA CRISTOBAL COLON, B-5;B-5
2022-12-05T12:40:12.000Z;2022-12-05;EMERGENCIA: 9:40 10-3 (RESCATE DE PERSONA), LAGO RUPANCO ALTURA DEL 8621, B-5;B-5
2022-12-05T20:46:03.000Z;2022-12-05;EMERGENCIA: 17:46 10-4 (RESCATE VEHICULAR), AVENIDA LOS BUDES / AVENIDA JORGE ALESSANDRI, B-5 B-9;B-5
2022-12-06T01:50:03.000Z;2022-12-05;EMERGENCIA: 22:50 10-3 (RESCATE DE PERSONA), ARTEAGA ALEMPARTE / SANTIAGO, B-5;B-5
2022-12-06T16:17:18.000Z;2022-12-06;EMERGENCIA: 13:17 10-3 (RESCATE DE PERSONA), ERCILLA / AVENIDA CRISTOBAL COLON, B-5;B-5
2022-12-06T21:42:37.000Z;2022-12-06;EMERGENCIA: 18:42 10-4 (RESCATE VEHICULAR), SALIDA A OHIGGINS / AUTOPISTA CONCEPCION - TALCAHUANO, B-5 B-9;B-5
2022-12-07T15:39:30.000Z;2022-12-07;EMERGENCIA: 12:39 10-4 (RESCATE VEHICULAR), ACCESO A RUTA INTERPORTUARIA / AVENIDA CRISTOBAL COLON, F-1 RB-3 B-5;B-5
2022-12-08T03:11:42.000Z;2022-12-08;EMERGENCIA: 0:11 10-4 (RESCATE VEHICULAR), AVENIDA DESIDERIO GARCIA / AVENIDA ALTO HORNO, B-5 B-8;B-5
2022-12-08T22:59:54.000Z;2022-12-08;EMERGENCIA: 19:59 10-4 (RESCATE VEHICULAR), AUTOPISTA CONCEPCION - TALCAHUANO / PARADERO MALL PLAZA TREBOL, B-5 B-9;B-5
2022-12-09T21:06:01.000Z;2022-12-09;18:06, SALE B-5  A 10-4 (RESCATE VEHICULAR) GRAN BRETAÑA 4385 / ,  TALCAHUANO;B-5
2022-12-10T07:11:41.000Z;2022-12-10;EMERGENCIA: 4:11 10-4 (RESCATE VEHICULAR), CALLE DE SERVICIO OHIGGINS / AMERICO VESPUCIO, B-5 B-9;B-5
2022-12-11T23:14:49.000Z;2022-12-11;EMERGENCIA: 20:14 10-4 (RESCATE VEHICULAR), MONSEÑOR ALARCON / AVENIDA CLAUDIO GAY ORIENTE, B-4 B-5;B-5
2022-12-15T21:13:16.000Z;2022-12-15;EMERGENCIA: 18:13 10-4 (RESCATE VEHICULAR), AUTOPISTA CONCEPCION TALCAHUANO / SHELL, B-5 B-9;B-5
2022-12-16T15:54:55.000Z;2022-12-16;EMERGENCIA: 12:54 10-4 (RESCATE VEHICULAR), AVENIDA JUAN ANTONIO RIOS / ISLA SANTA MARIA, B-5 H-11;B-5
2022-12-17T09:01:50.000Z;2022-12-17;EMERGENCIA: 6:01 10-4 (RESCATE VEHICULAR), CALDERA / AVENIDA LAS GOLONDRINAS, B-5 B-9;B-5
2022-12-17T16:50:02.000Z;2022-12-17;EMERGENCIA: 13:49 10-4 (RESCATE VEHICULAR), GOMEZ CARREÑO / LAS ROSAS, B-4 B-5;B-5
2022-12-17T20:01:36.000Z;2022-12-17;EMERGENCIA: 17:01 10-4 (RESCATE VEHICULAR), JOTABECHE / MERINO JARPA, B-5 B-8;B-5
2022-12-18T16:11:43.000Z;2022-12-18;EMERGENCIA: 13:11 10-0 (LLAMADO ESTRUCTURAL), BASILIO URRUTIA ALTURA DEL 3775, Q-2 B-4 B-5;B-5
2022-12-19T00:55:27.000Z;2022-12-18;EMERGENCIA: 21:55 10-4 (RESCATE VEHICULAR), LAS AMAPOLAS / LAS HORTENSIAS, H-4 B-5;B-5
2022-12-19T22:06:06.000Z;2022-12-19;EMERGENCIA: 19:06 10-4 (RESCATE VEHICULAR), CALLE DE SERVICIO RUTA 154 / AUTOPISTA CONCEPCION - TALCAHUANO, B-5 B-9;B-5
2022-12-20T06:39:11.000Z;2022-12-20;EMERGENCIA: 3:39 10-0 (LLAMADO ESTRUCTURAL), RIO PILMAIQUEN ALTURA DEL 5369, Q-2 B-4 B-5;B-5
2022-12-21T20:37:17.000Z;2022-12-21;EMERGENCIA: 17:37 10-3 (RESCATE DE PERSONA), JAIME REPULLO / AUTOPISTA CONCEPCION - TALCAHUANO, B-5;B-5
2022-12-22T14:51:57.000Z;2022-12-22;EMERGENCIA: 11:51 10-3 (RESCATE DE PERSONA), LAS AMAPOLAS / AVENIDA CRISTOBAL COLON, B-5;B-5
2022-12-22T15:18:06.000Z;2022-12-22;EMERGENCIA: 12:18 10-4 (RESCATE VEHICULAR), CARLOS DITTBORN ALTURA DEL 354, B-5 B-8;B-5
2022-12-23T02:05:59.000Z;2022-12-22;EMERGENCIA: 23:05 10-4 (RESCATE VEHICULAR), AVENIDA GRAN BRETAÑA / AVENIDA LAS GOLONDRINAS, B-5 B-8;B-5
2022-12-25T07:19:41.000Z;2022-12-25;EMERGENCIA: 4:19 10-0 (LLAMADO ESTRUCTURAL), MONSEÑOR ALARCON ALTURA DEL 444, Q-2 B-4 B-5;B-5
2022-12-25T20:06:43.000Z;2022-12-25;17:06, SALE B-5  A 10-4 (RESCATE VEHICULAR) PLAYA PINGUERAL / FINAL / ,  TALCAHUANO;B-5
2022-12-27T00:06:12.000Z;2022-12-26;EMERGENCIA: 21:06 10-4 (RESCATE VEHICULAR), EL TREBOL A ALESSANDRI / AUTOPISTA CONCEPCION - TALCAHUANO, B-4 B-5;B-5
2022-12-27T18:25:32.000Z;2022-12-27;EMERGENCIA: 15:25 10-3 (RESCATE DE PERSONA), LAS MANZANAS / AVENIDA ALTO HORNO, B-5;B-5
2022-12-27T19:24:24.000Z;2022-12-27;EMERGENCIA: 16:24 10-0 (LLAMADO ESTRUCTURAL), LAGUNA AVENDAÑO / LAGUNA SAN PEDRO, Q-2 B-4 B-5;B-5
2022-12-28T14:36:51.000Z;2022-12-28;EMERGENCIA: 11:36 10-4 (RESCATE VEHICULAR), AVENIDA GRAN BRETAÑA / RETORNO AL SUR, RB-3 B-5 B-9;B-5
2022-12-31T07:47:17.000Z;2022-12-31;EMERGENCIA: 4:47 10-3 (RESCATE DE PERSONA), AUTOPISTA CONCEPCION TALCAHUANO / INACAP, B-5;B-5
2023-01-01T00:49:15.000Z;2022-12-31;EMERGENCIA: 21:49 10-8 (LLAMADO NO CLASIFICADO), RIO MAPOCHO / LAS HORTENSIAS, B-5;B-5
2023-01-01T03:06:38.000Z;2023-01-01;EMERGENCIA: 0:06 10-2 (LLAMADO DE PASTIZALES), AVENIDA COLON / PUENTE PERALES, B-5;B-5
2023-01-01T03:16:31.000Z;2023-01-01;0:16, SALE B-5  A 10-0 (LLAMADO ESTRUCTURAL) PASAJE 21 / AVENIDA CLAUDIO GAY ORIENTE;B-5
2023-01-01T03:48:04.000Z;2023-01-01;EMERGENCIA: 0:48 10-4 (RESCATE VEHICULAR), BAHIA SAN VICENTE ALTURA DEL 670, B-5 RB-6;B-5
2023-01-01T06:02:12.000Z;2023-01-01;EMERGENCIA: 3:02 10-3 (RESCATE DE PERSONA), EL CARMEN ALTURA DEL 191, B-5;B-5
2023-01-03T14:05:09.000Z;2023-01-03;EMERGENCIA: 11:05 10-3 (RESCATE DE PERSONA), AVENIDA CLAUDIO GAY ORIENTE ALTURA DEL 5069, B-5;B-5
2023-01-03T22:37:58.000Z;2023-01-03;EMERGENCIA: 19:37 10-4 (RESCATE VEHICULAR), EJERCITO / SEIS PONIENTE, B-5 B-9;B-5
2023-01-04T00:47:22.000Z;2023-01-03;EMERGENCIA: 21:47 10-0 (LLAMADO ESTRUCTURAL), AVIACION / TRES SUR, B-5 B-9 Q-2;B-5
2023-01-04T04:58:42.000Z;2023-01-04;EMERGENCIA: 1:58 10-8 (LLAMADO NO CLASIFICADO), AVIACION / ACHAO, B-5;B-5
2023-01-04T16:52:49.000Z;2023-01-04;EMERGENCIA: 13:52 10-8 (LLAMADO NO CLASIFICADO), AVIACION / TARAPACA, B-5;B-5
2023-01-05T02:02:15.000Z;2023-01-04;EMERGENCIA: 23:02 10-4 (RESCATE VEHICULAR), MONSEÑOR ALARCON / AVENIDA CRISTOBAL COLON, B-5 B-8;B-5
2023-01-05T04:00:57.000Z;2023-01-05;EMERGENCIA: 1:00 10-4 (RESCATE VEHICULAR), PUENTE PERALES / AUTOPISTA CONCEPCION - TALCAHUANO, B-4 B-5;B-5
2023-01-06T18:25:15.000Z;2023-01-06;EMERGENCIA: 15:25 10-2 (LLAMADO DE PASTIZALES), JAIME REPULLO ALTURA DEL 1905, B-5;B-5
2023-01-06T20:39:26.000Z;2023-01-06;EMERGENCIA: 17:39 10-4 (RESCATE VEHICULAR), LUIS URIBE / AVENIDA CRISTOBAL COLON, B-4 B-5;B-5
2023-01-07T04:40:11.000Z;2023-01-07;EMERGENCIA: 1:40 10-4 (RESCATE VEHICULAR), PASARELA PEATONAL MALL PLAZA TREBOL / AUTOPISTA CONCEPCION - TALCAHUANO, B-5 B-9;B-5
2023-01-09T00:58:45.000Z;2023-01-08;EMERGENCIA: 21:58 10-4 (RESCATE VEHICULAR), LOS ARAUCANOS ALTURA DEL 572, B-5 RB-6 H-11;B-5
2023-01-09T19:09:49.000Z;2023-01-09;EMERGENCIA: 16:09 10-4 (RESCATE VEHICULAR), AVENIDA GRAN BRETAÑA / COSTANERA,  TALCAHUANO, B-5 B-9;B-5
2023-01-10T15:33:58.000Z;2023-01-10;EMERGENCIA: 12:33 10-0 (LLAMADO ESTRUCTURAL), OVALLE 133 TALCAHUANO ALTURA DEL 90, F-1 B-4 B-5;B-5
2023-01-10T23:09:54.000Z;2023-01-10;EMERGENCIA: 20:09 10-4 (RESCATE VEHICULAR), ZENTENO / COLON, RB-3 B-5 B-8;B-5
2023-01-11T17:43:39.000Z;2023-01-11;14:43, SALE B-5  A 10-1 (LLAMADO VEHICULAR) ENTRADA MALL / LINK AL MALL;B-5
2023-01-12T16:11:03.000Z;2023-01-12;EMERGENCIA: 13:10 10-6 (ESCAPE DE GAS), SAN MIGUEL ALTURA DEL 526, B-5 H-9;B-5
2023-01-13T23:42:52.000Z;2023-01-13;EMERGENCIA: 20:42 10-3 (RESCATE DE PERSONA), LAGO LLANQUIHUE / LAS HORTENSIAS, B-5;B-5
2023-01-14T19:07:51.000Z;2023-01-14;EMERGENCIA: 16:07 10-3 (RESCATE DE PERSONA), AVENIDA GRAN BRETAÑA ALTURA DEL 2360, B-5;B-5
2023-01-16T12:29:13.000Z;2023-01-16;EMERGENCIA: 9:29 10-0 (LLAMADO ESTRUCTURAL), CALLE 5 SUR / SEIS PONIENTE, Q-2 B-5 B-9;B-5
2023-01-16T15:35:06.000Z;2023-01-16;EMERGENCIA: 12:35 10-4 (RESCATE VEHICULAR), MONSEÑOR ALARCON / AVENIDA CRISTOBAL COLON, B-4 B-5;B-5
2023-01-16T18:48:42.000Z;2023-01-16;EMERGENCIA: 15:48 10-0 (LLAMADO ESTRUCTURAL), PANQUEHUE ALTURA DEL 7141, Q-2 B-5 B-9;B-5
2023-01-17T17:27:58.000Z;2023-01-17;EMERGENCIA: 14:27 10-3 (RESCATE DE PERSONA), AUTOPISTA CONCEPCIÓN - TALCAHUANO / FRENTE INACAP,  TALCAHUANO, B-5;B-5
2023-01-17T20:12:39.000Z;2023-01-17;17:12, SALE B-5  A 10-9 (OTROS SERVICIOS) VOLCAN LLAIMA ALTURA DEL 307;B-5
2023-01-18T09:47:29.000Z;2023-01-18;EMERGENCIA: 6:47 10-4 (RESCATE VEHICULAR), IQUIQUE / HIGUERAS, B-5 B-8;B-5
2023-01-18T11:18:23.000Z;2023-01-18;EMERGENCIA: 8:18 10-4 (RESCATE VEHICULAR), IQUIQUE / HIGUERAS, B-5 B-8;B-5
2023-01-19T17:14:40.000Z;2023-01-19;EMERGENCIA: 14:14 10-3 (RESCATE DE PERSONA), LOS JACINTOS / LAS AMAPOLAS, B-5;B-5
2023-01-19T19:28:18.000Z;2023-01-19;EMERGENCIA: 16:28 10-4 (RESCATE VEHICULAR), LAS HORTENSIAS / LAGO LLANQUIHUE, B-5 H-9;B-5
2023-01-19T19:46:17.000Z;2023-01-19;EMERGENCIA: 16:46 10-4 (RESCATE VEHICULAR), LAS AMAPOLAS / RAMAL SAN ROSENDO - TALCAHUANO, B-5 H-9;B-5
2023-01-20T17:45:48.000Z;2023-01-20;EMERGENCIA: 14:45 10-8 (LLAMADO NO CLASIFICADO), LAS AMAPOLAS / LAS GARDENIAS, B-5;B-5
2023-01-21T06:50:30.000Z;2023-01-21;EMERGENCIA: 3:50 10-8 (LLAMADO NO CLASIFICADO), UNO ORIENTE / UNO NORTE,  CHILE, B-5;B-5
2023-01-22T00:40:36.000Z;2023-01-21;EMERGENCIA: 21:40 10-4 (RESCATE VEHICULAR), ALMIRANTE LATORRE ALTURA DEL 1430, B-5 B-11;B-5
2023-01-22T22:48:52.000Z;2023-01-22;EMERGENCIA: 19:48 10-3 (RESCATE DE PERSONA), LA LIGUA / TARAPACA, B-5;B-5
2023-01-23T04:48:00.000Z;2023-01-23;EMERGENCIA: 1:47 10-8 (LLAMADO NO CLASIFICADO), DOS NORTE / LA MARINA, B-5;B-5
2023-01-23T23:52:42.000Z;2023-01-23;EMERGENCIA: 20:52 10-4 (RESCATE VEHICULAR), AVENIDA BLANCO ENCALADA / COVADONGA, F-1 B-5;B-5
2023-01-25T17:31:49.000Z;2023-01-25;EMERGENCIA: 14:31 10-3 (RESCATE DE PERSONA), AVENIDA GRAN BRETAÑA / ROTONDA, B-5;B-5
2023-01-27T11:58:39.000Z;2023-01-27;EMERGENCIA: 8:58 10-3 (RESCATE DE PERSONA), AVENIDA CRISTOBAL COLON / HUALPEN, B-5;B-5
2023-01-29T14:57:51.000Z;2023-01-29;EMERGENCIA: 11:57 10-4 (RESCATE VEHICULAR), AVENIDA COLON / DESIDERIO GARCIA, RB-5 B-8;RB-5
2023-01-29T19:55:33.000Z;2023-01-29;16:55, SALE B-5  A 10-2 (LLAMADO DE PASTIZALES) DINAHUE / LAS GOLONDRINAS;B-5
2023-01-29T20:20:22.000Z;2023-01-29;EMERGENCIA: 17:20 10-3 (RESCATE DE PERSONA), COLCHAGUA / PAPUDO, B-5 H-9;B-5
2023-01-30T23:08:42.000Z;2023-01-30;EMERGENCIA: 20:08 10-2 (LLAMADO DE PASTIZALES), LAGO RUPANCO / LAGO LLANQUIHUE, B-5;B-5
2023-01-31T05:13:06.000Z;2023-01-31;EMERGENCIA: 2:13 10-2 (LLAMADO DE PASTIZALES), LAGO LLANQUIHUE ALTURA DEL 1725, B-5;B-5
2023-01-31T13:30:21.000Z;2023-01-31;EMERGENCIA: 10:30 10-10 (REBROTE DE EMERGENCIA ANTERIOR), LAGO LLANQUIHUE / LAGO RANCO, B-5;B-5
2023-01-31T17:50:04.000Z;2023-01-31;EMERGENCIA: 14:50 10-10 (REBROTE DE EMERGENCIA ANTERIOR), LAGO LLANQUIHUE / LAGO RANCO, B-5;B-5
2023-01-31T21:37:22.000Z;2023-01-31;EMERGENCIA: 18:37 10-10 (REBROTE DE EMERGENCIA ANTERIOR), LAGO LLANQUIHUE / LAGO RANCO, B-5;B-5
2023-02-01T02:11:47.000Z;2023-01-31;EMERGENCIA: 23:11 10-2 (LLAMADO DE PASTIZALES), LAGO LLANQUIHUE / LAGO RANCO PONIENTE, B-5;B-5
2023-02-02T16:17:15.000Z;2023-02-02;13:17, SALE B-5  A 10-2 (LLAMADO DE PASTIZALES) CARRIER NORTE / VASCO NUÑEZ DE BALBOA;B-5
2023-02-02T23:17:27.000Z;2023-02-02;EMERGENCIA: 20:17 10-2 (LLAMADO DE PASTIZALES), LAGO PIRIHUEICO / LAGUNA VERDE, B-5;B-5
2023-02-03T11:26:50.000Z;2023-02-03;EMERGENCIA: 8:26 10-12 (APOYO A OTRO CUERPO), MAIPU / MANUEL MONTT, TOME, B-5;B-5
2023-02-03T22:45:10.000Z;2023-02-03;EMERGENCIA: 19:45 10-12 (APOYO A OTRO CUERPO), FLORIDA / , B-5 F-8;B-5
2023-02-04T00:57:31.000Z;2023-02-03;EMERGENCIA: 21:57 10-4 (RESCATE VEHICULAR), AVENIDA TALCAHUANO / LA MARINA, RB-5 B-9;RB-5
2023-02-04T08:22:46.000Z;2023-02-04;EMERGENCIA: 5:22 10-3 (RESCATE DE PERSONA), PASAJE NUEVA VISION / 1 ORIENTE, RB-5;RB-5
2023-02-05T05:56:09.000Z;2023-02-05;EMERGENCIA: 2:56 10-4 (RESCATE VEHICULAR), CALLE DE SERVICIO RUTA 154 / AUTOPISTA CONCEPCION - TALCAHUANO, RB-5 B-9;RB-5
2023-02-05T20:17:05.000Z;2023-02-05;EMERGENCIA: 17:17 10-12 (APOYO A OTRO CUERPO), CUERPO DE BOMBEROS DE QUILLON  / SECTOR LIOCURA ,  QUILLÓN, B-5 H-8;B-5
2023-02-06T00:36:36.000Z;2023-02-05;21:36, SALE B-5 F-6 Z-6 H-8  A 10-12 (APOYO A OTRO CUERPO) CUERPO DE BOMBEROS YUMBEL / ESTACIÓN YUMBEL,  YUMBEL;B-5
2023-02-06T13:16:12.000Z;2023-02-06;10:16, SALE B-5 H-8  A 10-12 (APOYO A OTRO CUERPO) CUERPO DE BOMBEROS YUMBEL / ESTACIÓN YUMBEL,  YUMBEL;B-5
2023-02-07T00:17:03.000Z;2023-02-06;EMERGENCIA: 21:17 10-3 (RESCATE DE PERSONA), ALEMPARTE ALTURA DEL 6295, RB-5;RB-5
2023-02-07T21:09:55.000Z;2023-02-07;EMERGENCIA: 18:09 10-12 (APOYO A OTRO CUERPO), CB. QUILLON  / , B-5 H-8;B-5
2023-02-07T23:05:34.000Z;2023-02-07;EMERGENCIA: 20:05 10-12 (APOYO A OTRO CUERPO), C.BTOME  / SECTOR CORONEY, B-5 H-8;B-5
2023-02-09T02:12:35.000Z;2023-02-08;EMERGENCIA: 23:12 10-0 (LLAMADO ESTRUCTURAL), PUERTO NATALES ALTURA DEL 831, Q-2 B-5 B-9;B-5
2023-02-09T11:36:02.000Z;2023-02-09;EMERGENCIA: 8:35 10-4 (RESCATE VEHICULAR), AVENIDA DESIDERIO GARCIA / AVENIDA ALTO HORNO, RB-5 B-8;RB-5
2023-02-09T14:22:08.000Z;2023-02-09;EMERGENCIA: 11:22 10-3 (RESCATE DE PERSONA), ALGARROBO ALTURA DEL 3728, RB-5;RB-5
2023-02-09T14:57:22.000Z;2023-02-09;EMERGENCIA: 11:57 10-2 (LLAMADO DE PASTIZALES), AVENIDA TALCAHUANO / 6 PONIENTE, B-5;B-5
2023-02-09T20:38:30.000Z;2023-02-09;EMERGENCIA: 17:38 10-3 (RESCATE DE PERSONA), LAS GOLONDRINAS / 8 PONIENTE, RB-5;RB-5
2023-02-11T21:53:44.000Z;2023-02-11;18:53, SALE B-5  A 10-2 (LLAMADO DE PASTIZALES) INGRESO CERRO LA U /;B-5
2023-02-12T02:44:04.000Z;2023-02-11;23:44, SALE B-5  A 10-2 (LLAMADO DE PASTIZALES) LAS MANZANAS / AVENIDA ALTO HORNO;B-5
2023-02-12T03:54:19.000Z;2023-02-12;EMERGENCIA: 0:54 10-2 (LLAMADO DE PASTIZALES), LAS MANZANAS / AVENIDA ALTO HORNO, B-5 F-8;B-5
2023-02-14T18:05:23.000Z;2023-02-14;EMERGENCIA: 15:05 10-2 (LLAMADO DE PASTIZALES), LAS MANZANAS / AVENIDA ALTO HORNO, B-5;B-5
2023-02-15T18:12:33.000Z;2023-02-15;EMERGENCIA: 15:12 10-2 (LLAMADO DE PASTIZALES), LAS MANZANAS / AVENIDA ALTO HORNO, B-5 F-8;B-5
2023-02-15T23:50:51.000Z;2023-02-15;EMERGENCIA: 20:50 10-4 (RESCATE VEHICULAR), GOMEZ CARREÑO / ALMIRANTE NEFF, B-5 B-8;B-5
2023-02-16T09:07:48.000Z;2023-02-16;EMERGENCIA: 6:07 10-1 (LLAMADO VEHICULAR), LAS GOLONDRINAS / FRANKFURT, B-5;B-5
2023-02-16T18:29:43.000Z;2023-02-16;EMERGENCIA: 15:29 10-4 (RESCATE VEHICULAR), GRAN BRETAÑA 4385 / ,  TALCAHUANO, RB-5 B-9;RB-5
2023-02-16T20:26:02.000Z;2023-02-16;EMERGENCIA: 17:25 10-0 (LLAMADO ESTRUCTURAL), JAIME REPULLO ALTURA DEL 668, Q-2 B-4 B-5;B-5
2023-02-18T00:10:54.000Z;2023-02-17;EMERGENCIA: 21:10 10-4 (RESCATE VEHICULAR), GRAN BRETAÑA 4991 TALCAHUANO / ,  4271569 CONCEPCIÓN, RB-5 B-9;RB-5
2023-02-19T11:30:25.000Z;2023-02-19;EMERGENCIA: 8:30 10-12 (APOYO A OTRO CUERPO), CB CORONEL  / GIMNASIO MUNICIPAL , CORONEL, B-5 F-8;B-5
2023-02-19T20:03:21.000Z;2023-02-19;EMERGENCIA: 17:03 10-4 (RESCATE VEHICULAR), AV. GRAN BRETAÑA / ALGARROBO, RB-5 H-8;RB-5
2023-02-20T13:38:18.000Z;2023-02-20;EMERGENCIA: 10:38 10-4 (RESCATE VEHICULAR), CARRIER NORTE / VASCO NUÑEZ DE BALBOA, RB-5 B-9;RB-5
2023-02-21T00:17:50.000Z;2023-02-20;EMERGENCIA: 21:17 10-0 (LLAMADO ESTRUCTURAL), RIO RARINCO ALTURA DEL 720, Q-2 H-4 RB-5;RB-5
2023-02-21T16:17:55.000Z;2023-02-21;EMERGENCIA: 13:17 10-12 (APOYO A OTRO CUERPO), CB CORONEL / SECTOR PATAGUAL, CORONEL, B-5 Z-6 F-7;B-5
2023-02-22T02:11:52.000Z;2023-02-21;23:11, SALE B-4 B-5  A 10-8 (LLAMADO NO CLASIFICADO) JAIME REPULLO ALTURA DEL 1225;B-5
2023-02-22T18:13:52.000Z;2023-02-22;EMERGENCIA: 15:13 10-2 (LLAMADO DE PASTIZALES), JAIME REPULLO / , RB-5 F-8;RB-5
2023-02-22T23:29:53.000Z;2023-02-22;EMERGENCIA: 20:29 10-4 (RESCATE VEHICULAR), LAS GOLONDRINAS / PORVENIR, RB-5 H-9;RB-5
2023-02-23T03:28:26.000Z;2023-02-23;EMERGENCIA: 0:28 10-4 (RESCATE VEHICULAR), GOMEZ CARREÑO ALTURA DEL 4763, RB-5 B-8;RB-5
2023-02-23T07:02:14.000Z;2023-02-23;EMERGENCIA: 4:02 10-4 (RESCATE VEHICULAR), VASCO NUÑEZ DE BALBOA / CALLE UNIVERSIDAD ANDRES BELLO, BM-2 RB-5;RB-5
2023-02-23T11:02:08.000Z;2023-02-23;8:02, SALE B-5 F-6 F-7  A 10-12 (APOYO A OTRO CUERPO) C.B CORONEL  / KILOMETRO 16.5;B-5
2023-02-24T13:49:50.000Z;2023-02-24;EMERGENCIA: 10:49 10-2 (LLAMADO DE PASTIZALES), LOS NARANJOS / AVENIDA ALTO HORNO, B-5 F-8;B-5
2023-02-25T02:00:59.000Z;2023-02-24;EMERGENCIA: 23:00 10-12 (APOYO A OTRO CUERPO), EL PATAGUAL / , CORONEL, B-5 Z-6 F-7;B-5
2023-02-25T19:53:28.000Z;2023-02-25;EMERGENCIA: 16:53 10-2 (LLAMADO DE PASTIZALES), ALTO HORNO / CARLOS DITTBORN, F-1 B-5;B-5
2023-02-27T13:52:41.000Z;2023-02-27;EMERGENCIA: 10:52 10-0 (LLAMADO ESTRUCTURAL), ANTONIO DE LA FUENTE ALTURA DEL 249,  CHILE, BR-01 B-3 B-5;B-5
2023-02-27T16:28:07.000Z;2023-02-27;EMERGENCIA: 13:28 10-4 (RESCATE VEHICULAR), SALIDA A OHIGGINS / RAMAL SAN ROSENDO - TALCAHUANO,  CHILE, B-5 H-8;B-5
2023-02-27T17:08:15.000Z;2023-02-27;EMERGENCIA: 14:08 10-0 (LLAMADO ESTRUCTURAL), GRAN BRETAÑA 1100 / ,  TALCAHUANO, BR-01 B-3 B-5 H-8;B-5
2023-02-27T21:22:25.000Z;2023-02-27;EMERGENCIA: 18:22 10-4 (RESCATE VEHICULAR), AV. LAS GOLONDRINAS 330 / ,  HUALPÉN, B-5 H-9;B-5
2023-02-28T19:08:39.000Z;2023-02-28;EMERGENCIA: 16:08 10-4 (RESCATE VEHICULAR), EL TREBOL A TALCAHUANO / AVENIDA JORGE ALESSANDRI, RB-5 H-9;RB-5
2023-02-28T21:21:33.000Z;2023-02-28;EMERGENCIA: 18:21 10-4 (RESCATE VEHICULAR), SEDORETI / SERRANO, BR-01 B-3 RB-5;RB-5
2023-03-01T00:37:51.000Z;2023-02-28;EMERGENCIA: 21:37 10-3 (RESCATE DE PERSONA), AVENIDA CLAUDIO GAY ORIENTE ALTURA DEL 4635, RB-5;RB-5
2023-03-02T23:56:21.000Z;2023-03-02;EMERGENCIA: 20:56 10-3 (RESCATE DE PERSONA), AVENIDA ALTO HORNO / LAS PATAGUAS, RB-5;RB-5
2023-03-03T01:17:18.000Z;2023-03-02;EMERGENCIA: 22:17 10-4 (RESCATE VEHICULAR), JAIME REPULLO / MONSEÑOR ALARCON, H-4 RB-5;RB-5
2023-03-03T11:25:05.000Z;2023-03-03;EMERGENCIA: 8:25 10-3 (RESCATE DE PERSONA), AVENIDA ALTO HORNO / AVENIDA DESIDERIO GARCIA, RB-5;RB-5
2023-03-03T17:44:19.000Z;2023-03-03;EMERGENCIA: 14:44 10-4 (RESCATE VEHICULAR), AVENIDA COLON / MERINO JARPA, B-4 RB-5;RB-5
2023-03-04T04:17:30.000Z;2023-03-04;EMERGENCIA: 1:17 10-4 (RESCATE VEHICULAR), GOMEZ CARREÑO / JUAN GUILLERMO SOSA, H-4 RB-5;RB-5
2023-03-04T20:53:16.000Z;2023-03-04;EMERGENCIA: 17:53 10-3 (RESCATE DE PERSONA), RIO MAULLIN ALTURA DEL 5355, RB-5;RB-5
2023-03-07T10:58:01.000Z;2023-03-07;EMERGENCIA: 7:57 10-3 (RESCATE DE PERSONA), ZENTENO / COLON, RB-5;RB-5
2023-03-07T11:29:26.000Z;2023-03-07;EMERGENCIA: 8:29 10-4 (RESCATE VEHICULAR), SIMPSON / HUALPEN, RB-3 RB-5 H-8;RB-5
2023-03-08T04:32:16.000Z;2023-03-08;EMERGENCIA: 1:32 ALARMA DE INCENDIO, CABILDO 7341 TALCAHUANO / ,  4300510 CONCEPCIÓN, Q-2 H-4 RB-5 H-8 H-9;RB-5
2023-03-08T13:48:36.000Z;2023-03-08;EMERGENCIA: 10:48 10-4 (RESCATE VEHICULAR), SALIDA A CONCEPCION / AVENIDA OHIGGINS, RB-5 B-9;RB-5
2023-03-08T23:19:03.000Z;2023-03-08;EMERGENCIA: 20:19 10-3 (RESCATE DE PERSONA), AUTOPISTA CONCEPCION - TALCAHUANO / PASARELA PEATONAL MALL PLAZA TREBOL, RB-5;RB-5
2023-03-09T01:04:19.000Z;2023-03-08;EMERGENCIA: 22:04 10-2 (LLAMADO DE PASTIZALES), LAGO LLANQUIHUE / LAGO VILLARRICA, RB-5;RB-5
2023-03-12T03:28:25.000Z;2023-03-12;EMERGENCIA: 0:28 10-4 (RESCATE VEHICULAR), IQUIQUE / AVENIDA CRISTOBAL COLON, RB-5 H-8;RB-5
2023-03-12T20:45:18.000Z;2023-03-12;EMERGENCIA: 17:45 10-3 (RESCATE DE PERSONA), LAGO LLANQUIHUE ALTURA DEL 767, RB-5;RB-5
2023-03-13T19:17:28.000Z;2023-03-13;EMERGENCIA: 16:17 10-3 (RESCATE DE PERSONA), IQUIQUE ALTURA DEL 491, RB-5;RB-5
2023-03-15T01:03:04.000Z;2023-03-14;EMERGENCIA: 22:03 10-4 (RESCATE VEHICULAR), GRAN BRETANIA ALTURA DEL 2910, RB-5 H-8;RB-5
2023-03-15T05:06:20.000Z;2023-03-15;EMERGENCIA: 2:06 10-4 (RESCATE VEHICULAR), AUTOPISTA CONCEPCION - TALCAHUANO / SALIDA A TALCAHUANO, RB-3 RB-5 B-9;RB-5
2023-03-15T19:35:46.000Z;2023-03-15;EMERGENCIA: 16:35 10-4 (RESCATE VEHICULAR), RETORNO ALTURA DEL 1400, RB-5 B-9;RB-5
2023-03-16T02:31:32.000Z;2023-03-15;EMERGENCIA: 23:31 10-4 (RESCATE VEHICULAR), AVENIDA JORGE ALESSANDRI / AVENIDA SANTA MARIA, RB-5 B-9;RB-5
2023-03-16T21:18:39.000Z;2023-03-16;18:18, SALE RB-5  A 10-3 (RESCATE DE PERSONA) ARTURO PRAT / AVENIDA COLON,  CHILE;RB-5
2023-03-17T14:30:24.000Z;2023-03-17;EMERGENCIA: 11:30 10-4 (RESCATE VEHICULAR), A COLON / ALMIRANTE NEFF, RB-3 H-4 RB-5;RB-5
2023-03-18T19:08:41.000Z;2023-03-18;EMERGENCIA: 16:08 10-4 (RESCATE VEHICULAR), ROTONDA CEMENTOS BIOBIO / , RB-5 H-8;RB-5
2023-03-19T02:59:30.000Z;2023-03-18;EMERGENCIA: 23:59 10-3 (RESCATE DE PERSONA), SIMON BOLIVAR / AVENIDA CRISTOBAL COLON, RB-5;RB-5
2023-03-22T10:52:43.000Z;2023-03-22;EMERGENCIA: 7:52 10-3 (RESCATE DE PERSONA), RIO MAPOCHO / SANTA CLAUDIA, RB-5;RB-5
2023-03-22T22:29:07.000Z;2023-03-22;EMERGENCIA: 19:29 10-0 (LLAMADO ESTRUCTURAL), 18 DE SEPTIEMBRE / COLON, BR-01 BM-2 RB-3 X-4 RB-5 B-7 H-8 B-11;RB-5
2023-03-23T21:55:23.000Z;2023-03-23;EMERGENCIA: 18:55 10-4 (RESCATE VEHICULAR), EL TAMARINDO / SANTA CLAUDIA, B-4 RB-5;RB-5
2023-03-24T18:28:57.000Z;2023-03-24;15:28, SALE RB-5  A 10-6 (ESCAPE DE GAS) PASAJE BERNARDITA / COLON;RB-5
2023-03-24T19:11:15.000Z;2023-03-24;16:11, SALE RB-5  A 10-4 (RESCATE VEHICULAR) AV. CRISTÓBAL COLÓN / PUENTE PERALES,  TALCAHUANO;RB-5
2023-03-25T19:43:21.000Z;2023-03-25;EMERGENCIA: 16:43 10-4 (RESCATE VEHICULAR), AVENIDA DESIDERIO GARCIA / AVENIDA CRISTOBAL COLON, RB-3 RB-5 H-8;RB-5
2023-03-25T23:28:22.000Z;2023-03-25;EMERGENCIA: 20:28 10-0 (LLAMADO ESTRUCTURAL), 6WQG J5 TALCAHUANO / ,  CHILE, Q-2 B-5 B-9;B-5
2023-03-26T01:15:18.000Z;2023-03-25;EMERGENCIA: 22:15 10-4 (RESCATE VEHICULAR), LAS AMAPOLAS / AVENIDA CRISTOBAL COLON,  CHILE, RB-5 H-8;RB-5
2023-03-26T03:07:51.000Z;2023-03-26;EMERGENCIA: 0:07 10-4 (RESCATE VEHICULAR), AVENIDA GRAN BRETAÑA / COSTANERA,  CHILE, RB-5 B-9;RB-5
2023-03-26T17:33:56.000Z;2023-03-26;EMERGENCIA: 14:33 10-4 (RESCATE VEHICULAR), VALDIVIA / 149, RB-5;RB-5
2023-03-27T23:36:53.000Z;2023-03-27;EMERGENCIA: 20:36 10-0 (LLAMADO ESTRUCTURAL), PUERTO NATALES / CHILOE, B-5 B-9 Q-2;B-5
2023-03-28T11:27:35.000Z;2023-03-28;EMERGENCIA: 8:27 10-4 (RESCATE VEHICULAR), RETORNO / AVENIDA GRAN BRETAÑA, B-5 B-9;B-5
2023-03-28T15:47:36.000Z;2023-03-28;EMERGENCIA: 12:47 10-4 (RESCATE VEHICULAR), ARTURO PRAT / AVENIDA BLANCO ENCALADA, BR-01 RB-3 B-5;B-5
2023-03-28T21:11:31.000Z;2023-03-28;EMERGENCIA: 18:11 10-0 (LLAMADO ESTRUCTURAL), LOS LLEUQUES ALTURA DEL 450, B-4 B-5 Q-2;B-5
2023-03-29T14:50:59.000Z;2023-03-29;EMERGENCIA: 11:50 10-3 (RESCATE DE PERSONA), ALMIRANTE NEFF ALTURA DEL 99, B-5;B-5
2023-03-29T20:05:13.000Z;2023-03-29;EMERGENCIA: 17:05 10-3 (RESCATE DE PERSONA), LOS PENSAMIENTOS / LAS AZUCENAS, B-5;B-5
2023-03-30T09:53:15.000Z;2023-03-30;6:53, SALE B-5  A 10-2 (LLAMADO DE PASTIZALES) AVENIDA COLON / PUENTE PERALES;B-5
2023-03-31T00:24:01.000Z;2023-03-30;EMERGENCIA: 21:24 10-3 (RESCATE DE PERSONA), AUTOP. CONCEPCIÓN - TALCAHUANO / INACAP,  TALCAHUANO, RB-5;RB-5
2023-04-01T09:28:07.000Z;2023-04-01;EMERGENCIA: 6:28 10-0 (LLAMADO ESTRUCTURAL), EJERCITO / 1 PONIENTE, Q-2 B-5 B-9;B-5
2023-04-01T12:46:31.000Z;2023-04-01;EMERGENCIA: 9:46 10-4 (RESCATE VEHICULAR), JAIME REPULLO / AUTOPISTA CONCEPCION - TALCAHUANO, RB-3 B-4 RB-5;RB-5
2023-04-01T17:44:44.000Z;2023-04-01;EMERGENCIA: 14:44 10-0 (LLAMADO ESTRUCTURAL), VOLCAN CHILLAN ALTURA DEL 3545, B-4 B-5 H-8;B-5
2023-04-04T02:18:19.000Z;2023-04-03;EMERGENCIA: 22:18 10-4 (RESCATE VEHICULAR), AVENIDA LAS GOLONDRINAS / AVENIDA GRAN BRETAÑA, RB-5 B-9;RB-5
2023-04-04T12:38:49.000Z;2023-04-04;EMERGENCIA: 8:38 10-4 (RESCATE VEHICULAR), JAIME REPULLO / CLAUDIO GAY, B-4 RB-5;RB-5
2023-04-04T18:14:17.000Z;2023-04-04;EMERGENCIA: 14:14 10-3 (RESCATE DE PERSONA), CALLE UNO / LAS DALIAS, B-5;B-5
2023-04-04T23:57:32.000Z;2023-04-04;EMERGENCIA: 19:57 10-3 (RESCATE DE PERSONA), MONSEÑOR ALARCON / AVENIDA CLAUDIO GAY ORIENTE, RB-5;RB-5
2023-04-05T15:17:33.000Z;2023-04-05;EMERGENCIA: 11:17 10-3 (RESCATE DE PERSONA), AVENIDA DESIDERIO GARCIA / AVENIDA CRISTOBAL COLON, RB-5;RB-5
2023-04-05T16:58:50.000Z;2023-04-05;12:58, SALE RB-5  A 10-3 (RESCATE DE PERSONA) CALLE 1 ALTURA DEL 945;RB-5
2023-04-06T00:26:33.000Z;2023-04-05;EMERGENCIA: 20:26 10-4 (RESCATE VEHICULAR), CALLE DE SERVICIO RUTA 154 / AUTOPISTA CONCEPCION - TALCAHUANO, RB-5 B-9;RB-5
2023-04-06T11:13:22.000Z;2023-04-06;EMERGENCIA: 7:13 10-4 (RESCATE VEHICULAR), LAS AMAPOLAS / AVENIDA CRISTOBAL COLON, B-4 RB-5;RB-5
2023-04-06T11:29:03.000Z;2023-04-06;7:29, SALE RB-5  A 10-3 (RESCATE DE PERSONA) GOMEZ CARREÑO / PASAJE 3;RB-5
2023-04-06T18:47:42.000Z;2023-04-06;14:47, SALE B-5  A 10-8 (LLAMADO NO CLASIFICADO) ALMIRANTE LATORRE / SUBIDA LA GLORIA;B-5
2023-04-08T16:43:13.000Z;2023-04-08;EMERGENCIA: 12:43 10-4 (RESCATE VEHICULAR), RUTA INTERPORTUARIA / PEAJE AEROPUERTO,  TALCAHUANO, B-5 B-9;B-5
2023-04-09T22:23:59.000Z;2023-04-09;EMERGENCIA: 18:23 10-3 (RESCATE DE PERSONA), AUTOPISTA CONCEPCION - TALCAHUANO / JAIME REPULLO, B-5;B-5
2023-04-10T16:56:42.000Z;2023-04-10;EMERGENCIA: 12:56 10-3 (RESCATE DE PERSONA), AVENIDA JORGE ALESSANDRI / AVENIDA SANTA MARIA, B-5;B-5
2023-04-12T00:23:37.000Z;2023-04-11;EMERGENCIA: 20:23 10-3 (RESCATE DE PERSONA), SIETE NORTE / TRES PONIENTE, RB-5 B-9;RB-5
2023-04-15T12:08:41.000Z;2023-04-15;EMERGENCIA: 8:08 10-4 (RESCATE VEHICULAR), EL TREBOL A CONCEPCION / AUTOPISTA CONCEPCION - TALCAHUANO, RB-5 B-9;RB-5
2023-04-15T15:04:28.000Z;2023-04-15;EMERGENCIA: 11:04 10-4 (RESCATE VEHICULAR), SALIDA A LAS GOLONDRINAS / AVENIDA LAS GOLONDRINAS, RB-5 B-9;RB-5
2023-04-15T22:50:56.000Z;2023-04-15;EMERGENCIA: 18:50 10-12 (APOYO A OTRO CUERPO), CALETERA ACCESO JUMBO-EASY / AVENIDA COSTANERA, RB-5;RB-5
2023-04-16T06:04:03.000Z;2023-04-16;EMERGENCIA: 2:04 10-4 (RESCATE VEHICULAR), SALIDA A TALCAHUANO / RUTA 154 - VIA EXCLUSIVA PARA BUSES, B-5 B-9;B-5
2023-04-16T14:17:14.000Z;2023-04-16;EMERGENCIA: 10:17 10-4 (RESCATE VEHICULAR), LAS GOLONDRINAS / PORVENIR, RB-5 B-9;RB-5
2023-04-17T01:34:37.000Z;2023-04-16;EMERGENCIA: 21:34 10-4 (RESCATE VEHICULAR), AVENIDA GRAN BRETAÑA / ROTONDA, B-5 B-11;B-5
2023-04-17T12:57:53.000Z;2023-04-17;8:57, SALE B-5  A 10-9 (OTROS SERVICIOS) URUGUAY ALTURA DEL 798;B-5
2023-04-17T14:02:13.000Z;2023-04-17;EMERGENCIA: 10:02 10-4 (RESCATE VEHICULAR), AVENIDA GRAN BRETAÑA ALTURA DEL 798, RB-5 B-9;RB-5
2023-04-17T14:05:35.000Z;2023-04-17;10:05, SALE RB-3 B-5  A 10-4 (RESCATE VEHICULAR) AVENIDA GRAN BRETAÑA ALTURA DEL 798;B-5
2023-04-18T00:48:44.000Z;2023-04-17;EMERGENCIA: 20:48 10-0 (LLAMADO ESTRUCTURAL), EL VOQUI ALTURA DEL 146, BR-01 B-5 B-8;B-5
2023-04-18T14:57:58.000Z;2023-04-18;EMERGENCIA: 10:57 10-4 (RESCATE VEHICULAR), AUTOPISTA CONCEPCION - TALCAHUANO / CALLE DE SERVICIO RUTA 154, RB-5 B-9;RB-5
2023-04-20T23:17:15.000Z;2023-04-20;EMERGENCIA: 19:17 10-4 (RESCATE VEHICULAR), AUTOP. - TALCAHUANO 8696 TALCAHUANO / ,  CONCEPCIÓN, B-5 B-9;B-5
2023-04-21T13:21:06.000Z;2023-04-21;EMERGENCIA: 9:21 10-4 (RESCATE VEHICULAR), ALTO HORNO / LOS AROMOS, RB-5 B-8;RB-5
2023-04-21T23:38:49.000Z;2023-04-21;EMERGENCIA: 19:38 10-3 (RESCATE DE PERSONA), AVENIDA GRAN BRETAÑA / AVENIDA LAS GOLONDRINAS, RB-5;RB-5
2023-04-22T17:23:58.000Z;2023-04-22;EMERGENCIA: 13:23 10-3 (RESCATE DE PERSONA), ARTURO PRAT / COLON, RB-5;RB-5
2023-04-22T17:53:53.000Z;2023-04-22;13:53, SALE B-5  A 10-12 (APOYO A OTRO CUERPO) PORTUGAL / , HUALPEN;B-5
2023-04-23T21:59:42.000Z;2023-04-23;EMERGENCIA: 17:59 10-4 (RESCATE VEHICULAR), AVENIDA CRISTOBAL COLON / JUAN GUILLERMO SOSA, RB-5 B-8;RB-5
2023-04-24T01:21:25.000Z;2023-04-23;EMERGENCIA: 21:21 10-9 (OTROS SERVICIOS), LAS AZUCENAS ALTURA DEL 4924, B-5;B-5
2023-04-24T17:27:09.000Z;2023-04-24;EMERGENCIA: 13:27 10-3 (RESCATE DE PERSONA), CINCO PONIENTE / RETORNO A GOLONDRINAS, RB-5;RB-5
2023-04-26T04:25:31.000Z;2023-04-26;EMERGENCIA: 0:25 10-8 (LLAMADO NO CLASIFICADO), LAGO LLANQUIHUE / LAS HORTENSIAS, B-5;B-5
2023-04-26T12:12:48.000Z;2023-04-26;EMERGENCIA: 8:12 10-0 (LLAMADO ESTRUCTURAL), EL VOQUI / LAS HORTENSIAS, B-5 B-7 B-8;B-5
2023-04-26T15:47:59.000Z;2023-04-26;EMERGENCIA: 11:47 10-3 (RESCATE DE PERSONA), EL VOQUI / CARLOS DITTBORN, RB-5;RB-5
2023-04-27T15:30:37.000Z;2023-04-27;EMERGENCIA: 11:30 10-0 (LLAMADO ESTRUCTURAL), AVENIDA SANTA MARIA / ESTACIONAMIENTO MALL PLAZA TREBOL, B-4 B-5 B-9 Q-2 RB-5;B-5,RB-5
2023-04-27T15:31:54.000Z;2023-04-27;EMERGENCIA: 11:31 10-0 (LLAMADO ESTRUCTURAL), AVENIDA SANTA MARIA / ESTACIONAMIENTO MALL PLAZA TREBOL, BR-01 BM-2 B-4 X-4 RB-5 B-8 B-9;RB-5
2023-04-28T20:42:29.000Z;2023-04-28;EMERGENCIA: 16:42 10-17 (INUNDACION), RIO ÑUBLE ALTURA DEL 768, B-5;B-5
2023-04-28T23:56:54.000Z;2023-04-28;EMERGENCIA: 19:56 10-4 (RESCATE VEHICULAR), LAS AMAPOLAS / AVENIDA CRISTOBAL COLON, B-4 RB-5;RB-5
2023-04-30T02:26:14.000Z;2023-04-29;EMERGENCIA: 22:26 10-11 (APOYO AEROPUERTO), MONSEÑOR ALARCON / AVENIDA CRISTOBAL COLON, RB-5 B-9;RB-5
2023-05-01T03:16:10.000Z;2023-04-30;EMERGENCIA: 23:16 10-12 (APOYO A OTRO CUERPO), PERALES 26 TALCAHUANO / ,  HUALPÉN, RB-5;RB-5
2023-05-01T21:15:43.000Z;2023-05-01;EMERGENCIA: 17:15 10-4 (RESCATE VEHICULAR), AVENIDA LAS GOLONDRINAS / AVENIDA GRAN BRETAÑA, RB-5 B-9;RB-5
2023-05-01T22:46:19.000Z;2023-05-01;EMERGENCIA: 18:46 10-0 (LLAMADO ESTRUCTURAL), LAS TUNAS / LAS HORTENSIAS, B-4 B-5 B-8;B-5
2023-05-01T23:55:39.000Z;2023-05-01;EMERGENCIA: 19:55 10-3 (RESCATE DE PERSONA), ITALIA / MALAQUIAS CONCHA, RB-5;RB-5
2023-05-03T06:21:58.000Z;2023-05-03;EMERGENCIA: 2:21 10-0 (LLAMADO ESTRUCTURAL), 1 ORIENTE / 13 NORTE, Q-2 B-5 B-9;B-5
2023-05-03T15:02:55.000Z;2023-05-03;EMERGENCIA: 11:02 10-15 (SIMULACRO), ESTACIONAMIENTO SUR MALL PLAZA TREBOL / AIRES MALL PLAZA TREBOL, BM-2 X-4 RB-5 B-9;RB-5
2023-05-03T21:17:55.000Z;2023-05-03;EMERGENCIA: 17:17 10-4 (RESCATE VEHICULAR), ATENAS / AVENIDA GRAN BRETAÑA, RB-3 RB-5 B-8;RB-5
2023-05-04T14:12:31.000Z;2023-05-04;10:12, SALE RB-5  A 10-4 (RESCATE VEHICULAR) AVENIDA BLANCO ENCALADA / BULNES;RB-5
2023-05-04T15:27:11.000Z;2023-05-04;EMERGENCIA: 11:27 10-3 (RESCATE DE PERSONA), MONSEÑOR ALARCON / 491, RB-5;RB-5
2023-05-04T20:51:50.000Z;2023-05-04;EMERGENCIA: 16:51 10-4 (RESCATE VEHICULAR), AVIACION / COLCHAGUA, RB-5 B-9;RB-5
2023-05-05T02:06:22.000Z;2023-05-04;EMERGENCIA: 22:06 10-4 (RESCATE VEHICULAR), LAS AMAPOLAS / AVENIDA CRISTOBAL COLON, RB-5 B-8;RB-5
2023-05-05T12:30:59.000Z;2023-05-05;EMERGENCIA: 8:30 10-0 (LLAMADO ESTRUCTURAL), JAIME REPULLO / AUTOPISTA CONCEPCION - TALCAHUANO, Q-2 B-4 B-5;B-5
2023-05-05T14:46:02.000Z;2023-05-05;EMERGENCIA: 10:45 10-4 (RESCATE VEHICULAR), JAIME REPULLO / AUTOPISTA CONCEPCION - TALCAHUANO, B-4 RB-5;RB-5
2023-05-06T20:08:39.000Z;2023-05-06;EMERGENCIA: 16:08 10-4 (RESCATE VEHICULAR), MONSEÑOR ALARCON / LOS LIRIOS, B-4 RB-5;RB-5
2023-05-09T01:27:59.000Z;2023-05-08;EMERGENCIA: 21:27 10-3 (RESCATE DE PERSONA), RIO MAULE ALTURA DEL 5250, RB-5;RB-5
2023-05-09T02:40:59.000Z;2023-05-08;EMERGENCIA: 22:40 10-3 (RESCATE DE PERSONA), EJERCITO / AVENIDA COLON, RB-5;RB-5
2023-05-09T11:22:44.000Z;2023-05-09;EMERGENCIA: 7:22 10-3 (RESCATE DE PERSONA), RIO MAPOCHO / LAS HORTENSIAS, RB-5;RB-5
2023-05-10T18:09:20.000Z;2023-05-10;EMERGENCIA: 14:09 10-4 (RESCATE VEHICULAR), AUTOPISTA CONCEPCION - TALCAHUANO / OREJA A TALCAHUANO, RB-5 B-9;RB-5
2023-05-11T17:28:20.000Z;2023-05-11;EMERGENCIA: 13:28 10-3 (RESCATE DE PERSONA), JUAN GUILLERMO SOSA / CALLE 4, RB-5;RB-5
2023-05-11T17:53:04.000Z;2023-05-11;13:53, SALE RB-5  A 10-4 (RESCATE VEHICULAR) HOSPITAL LAS HIGUERAS / AVENIDA ALTO HORNO;RB-5
2023-05-12T16:12:49.000Z;2023-05-12;EMERGENCIA: 12:12 10-9 (OTROS SERVICIOS), RIO LONTUE ALTURA DEL 597, RB-5;RB-5
2023-05-13T21:51:04.000Z;2023-05-13;EMERGENCIA: 17:51 10-0 (LLAMADO ESTRUCTURAL), LOS FRESNOS ALTURA DEL 3927, B-5 B-7 B-8;B-5
2023-05-15T11:42:42.000Z;2023-05-15;EMERGENCIA: 7:42 10-4 (RESCATE VEHICULAR), PEAJE ALESANDRI / , RB-5 B-9;RB-5
2023-05-17T01:34:11.000Z;2023-05-16;EMERGENCIA: 21:34 10-3 (RESCATE DE PERSONA), LAS HORTENCIAS / LOS DAMASCOS, RB-5;RB-5
2023-05-17T14:08:58.000Z;2023-05-17;EMERGENCIA: 10:08 10-6 (ESCAPE DE GAS), RETORNO / AVENIDA CRISTOBAL COLON, H-4 RB-5 H-8;RB-5
2023-05-17T20:23:34.000Z;2023-05-17;EMERGENCIA: 16:23 10-4 (RESCATE VEHICULAR), GÁLVEZ 305 TALCAHUANO / ,  4260215 CONCEPCION, RB-5 B-7;RB-5
2023-05-18T23:59:53.000Z;2023-05-18;EMERGENCIA: 19:59 10-4 (RESCATE VEHICULAR), AVENIDA CRISTOBAL COLON ALTURA DEL 3560, HUALPEN, RB-5 H-8;RB-5
2023-05-19T12:05:49.000Z;2023-05-19;EMERGENCIA: 8:05 10-4 (RESCATE VEHICULAR), LAS MORERAS / LAS MAGNOLIAS, RB-5 H-8;RB-5
2023-05-20T00:17:08.000Z;2023-05-19;EMERGENCIA: 20:17 10-4 (RESCATE VEHICULAR), AVENIDA GRAN BRETAÑA / ROTONDA, RB-3 RB-5 H-8;RB-5
2023-05-20T14:01:21.000Z;2023-05-20;EMERGENCIA: 10:01 10-4 (RESCATE VEHICULAR), GRISELDA / BALMACEDA, B-5 B-9;B-5
2023-05-21T09:33:28.000Z;2023-05-21;EMERGENCIA: 5:33 10-0 (LLAMADO ESTRUCTURAL), SAN CARLOS / LOURDES, B-4 B-5 B-9;B-5
2023-05-21T16:38:07.000Z;2023-05-21;EMERGENCIA: 12:38 10-8 (LLAMADO NO CLASIFICADO), SAN CARLOS / EL CARMEN, B-5;B-5
2023-05-21T22:19:42.000Z;2023-05-21;EMERGENCIA: 18:19 10-0 (LLAMADO ESTRUCTURAL), DINAHUE / CALLE UNO, B-5 B-9 Q-2;B-5
2023-05-21T23:48:41.000Z;2023-05-21;EMERGENCIA: 19:48 10-3 (RESCATE DE PERSONA), IQUIQUE / AVENIDA CRISTOBAL COLON, B-5;B-5
2023-05-22T16:27:32.000Z;2023-05-22;EMERGENCIA: 12:27 10-4 (RESCATE VEHICULAR), MONSEÑOR ALARCON / CARLOS OLIVER, B-4 B-5;B-5
2023-05-22T21:27:46.000Z;2023-05-22;EMERGENCIA: 17:27 10-12 (APOYO A OTRO CUERPO), ARTEAGA ALEMPARTE / SALFA, HUALPEN, B-5;B-5
2023-05-23T18:53:24.000Z;2023-05-23;EMERGENCIA: 14:53 10-3 (RESCATE DE PERSONA), GOMEZ CARREÑO / ALMIRANTE NEFF, RB-5;RB-5
2023-05-24T09:42:26.000Z;2023-05-24;EMERGENCIA: 5:42 10-3 (RESCATE DE PERSONA), RETORNO ALTURA DEL 1400, RB-5;RB-5
2023-05-25T01:31:21.000Z;2023-05-24;EMERGENCIA: 21:31 10-12 (APOYO A OTRO CUERPO), LIVERPOOL 1965 / ,  HUALPÉN, RB-5;RB-5
2023-05-25T21:13:45.000Z;2023-05-25;EMERGENCIA: 17:13 10-3 (RESCATE DE PERSONA), AUTOPISTA CONCEPCION - TALCAHUANO ALTURA DEL 7001, RB-5;RB-5
2023-05-26T00:56:02.000Z;2023-05-25;EMERGENCIA: 20:56 10-4 (RESCATE VEHICULAR), SUBIDA LA GLORIA / ALMIRANTE LATORRE, RB-3 RB-5 B-11;RB-5
2023-05-26T02:40:25.000Z;2023-05-25;EMERGENCIA: 22:40 10-4 (RESCATE VEHICULAR), EL TREBOL A CONCEPCION / AUTOPISTA CONCEPCION - TALCAHUANO, RB-5 B-9;RB-5
2023-05-27T20:21:04.000Z;2023-05-27;16:20, SALE B-5  A 10-9 (OTROS SERVICIOS) CONTINUACION COLON / AVENIDA CRISTOBAL COLON;B-5
2023-05-27T22:24:11.000Z;2023-05-27;EMERGENCIA: 18:24 10-9 (OTROS SERVICIOS), RIO JUNCAL ALTURA DEL 185, RB-5;RB-5
2023-05-27T22:42:02.000Z;2023-05-27;EMERGENCIA: 18:42 10-3 (RESCATE DE PERSONA), RAULI / LOS CASTAÑOS, RB-5;RB-5
2023-05-28T16:56:47.000Z;2023-05-28;EMERGENCIA: 12:56 10-4 (RESCATE VEHICULAR), ACCESO A RUTA INTERPORTUARIA / AVENIDA CRISTOBAL COLON, F-1 RB-3 RB-5;RB-5
2023-05-29T00:45:50.000Z;2023-05-28;EMERGENCIA: 20:45 10-4 (RESCATE VEHICULAR), AVENIDA ALTO HORNO / LOS SAUCES, RB-5 H-8;RB-5
2023-05-29T17:55:56.000Z;2023-05-29;EMERGENCIA: 13:55 10-3 (RESCATE DE PERSONA), AUTOPISTA CONCEPCION - TALCAHUANO / RIO COLORADO, RB-5;RB-5
2023-05-29T23:28:33.000Z;2023-05-29;19:28, SALE B-5  A 10-7 (ACCIDENTE ELECTRICO) LA LIGUA ALTURA DEL 7128;B-5
2023-05-30T14:59:14.000Z;2023-05-30;EMERGENCIA: 10:59 10-15 (SIMULACRO), AEROPUERTO CARRIEL SUR TERMINAL / CARRIEL SUR, RB-3 H-4 X-4 RB-5 H-8 B-9 Z-9 H-11;RB-5
2023-05-30T23:24:34.000Z;2023-05-30;EMERGENCIA: 19:24 10-3 (RESCATE DE PERSONA), LOS NARDOS ALTURA DEL 5040, B-5;B-5
2023-05-31T02:26:52.000Z;2023-05-30;EMERGENCIA: 22:26 10-4 (RESCATE VEHICULAR), PUENTE PERALES / AUTOPISTA CONCEPCION - TALCAHUANO, H-4 RB-5;RB-5
2023-05-31T20:03:33.000Z;2023-05-31;EMERGENCIA: 16:03 10-8 (LLAMADO NO CLASIFICADO), LOS CAPULIES ALTURA DEL 597, B-5;B-5
2023-06-01T16:51:26.000Z;2023-06-01;EMERGENCIA: 12:51 10-3 (RESCATE DE PERSONA), AVENIDA LAS GOLONDRINAS / CHILOE, RB-5;RB-5
2023-06-01T22:04:42.000Z;2023-06-01;EMERGENCIA: 18:04 10-4 (RESCATE VEHICULAR), AVENIDA COLON / SAN MIGUEL, RB-5 B-9;RB-5
2023-06-02T04:01:59.000Z;2023-06-02;0:01, SALE B-5  A 10-1 (LLAMADO VEHICULAR) ARTEAGA ALEMPARTE / BALMACEDA;B-5
2023-06-03T05:34:55.000Z;2023-06-03;EMERGENCIA: 1:34 10-3 (RESCATE DE PERSONA), CARRIEL SUR / CALLE DE SERVICIO RUTA 154,  TALCAHUANO, RB-5;RB-5
2023-06-04T17:46:34.000Z;2023-06-04;EMERGENCIA: 13:46 10-4 (RESCATE VEHICULAR), AVENIDA ALTO HORNO / LOS SAUCES, BR-01 B-3 RB-5;RB-5
2023-06-04T23:04:09.000Z;2023-06-04;EMERGENCIA: 19:04 10-0 (LLAMADO ESTRUCTURAL), RAULI ALTURA DEL 160, BR-01 B-5 B-7;B-5
2023-06-05T03:37:36.000Z;2023-06-04;EMERGENCIA: 23:37 10-4 (RESCATE VEHICULAR), CALLE DE SERVICIO RUTA 154 / AUTOPISTA CONCEPCION - TALCAHUANO, RB-5 B-9;RB-5
2023-06-05T22:20:24.000Z;2023-06-05;EMERGENCIA: 18:20 10-0 (LLAMADO ESTRUCTURAL), DANIEL SUNICO ALTURA DEL 427, H-4 B-5 B-8;B-5
2023-06-05T22:58:07.000Z;2023-06-05;EMERGENCIA: 18:58 10-4 (RESCATE VEHICULAR), LOS CÓNDORES / ,  TALCAHUANO, B-4 RB-5;RB-5
2023-06-06T09:17:28.000Z;2023-06-06;EMERGENCIA: 5:17 10-3 (RESCATE DE PERSONA), CALLE TRES / PASAJE 12, RH-2 RB-5;RB-5
2023-06-06T13:35:29.000Z;2023-06-06;EMERGENCIA: 9:35 10-4 (RESCATE VEHICULAR), LA VEGA / CALLE DE SERVICIO OHIGGINS, RB-5 B-9;RB-5
2023-06-06T17:16:11.000Z;2023-06-06;EMERGENCIA: 13:16 10-3 (RESCATE DE PERSONA), AVENIDA DESIDERIO GARCIA / AVENIDA CRISTOBAL COLON, RB-5;RB-5
2023-06-07T22:05:27.000Z;2023-06-07;18:05, SALE B-5  A 10-8 (LLAMADO NO CLASIFICADO) FEDERICO ELTON / MANUEL MATAMALA;B-5
2023-06-10T11:40:21.000Z;2023-06-10;7:40, SALE RB-5  A 10-4 (RESCATE VEHICULAR) GENERAL CRUZ ALTURA DEL 243;RB-5
2023-06-10T18:17:08.000Z;2023-06-10;EMERGENCIA: 14:17 10-3 (RESCATE DE PERSONA), LAS HORTENSIAS / LAS AMAPOLAS, RB-5;RB-5
2023-06-11T08:54:42.000Z;2023-06-11;EMERGENCIA: 4:54 10-4 (RESCATE VEHICULAR), MONSEÑOR ALARCON ALTURA DEL 1335, H-4 RB-5;RB-5
2023-06-12T11:08:15.000Z;2023-06-12;EMERGENCIA: 7:08 10-4 (RESCATE VEHICULAR), LINK A GOMEZ CARREÑO / AVENIDA CRISTOBAL COLON, H-4 RB-5;RB-5
2023-06-12T23:00:26.000Z;2023-06-12;EMERGENCIA: 19:00 10-4 (RESCATE VEHICULAR), CALLE DE SERVICIO OHIGGINS / AMERICO VESPUCIO, RB-5 B-9;RB-5
2023-06-14T00:22:20.000Z;2023-06-13;EMERGENCIA: 20:22 10-0 (LLAMADO ESTRUCTURAL), GRISELDA ALTURA DEL 135, Q-2 B-5 B-9;B-5
2023-06-15T20:03:41.000Z;2023-06-15;EMERGENCIA: 16:03 10-3 (RESCATE DE PERSONA), AVENIDA DESIDERIO GARCIA ALTURA DEL 696, RB-5;RB-5
2023-06-15T22:22:17.000Z;2023-06-15;EMERGENCIA: 18:22 10-3 (RESCATE DE PERSONA), SALIDA A OHIGGINS ALTURA DEL 696, RB-5;RB-5
2023-06-16T12:39:17.000Z;2023-06-16;EMERGENCIA: 8:39 10-4 (RESCATE VEHICULAR), CALLE DE SERVICIO RUTA 154 / AUTOPISTA CONCEPCION - TALCAHUANO, RB-5 B-9;RB-5
2023-06-17T02:31:56.000Z;2023-06-16;EMERGENCIA: 22:31 10-4 (RESCATE VEHICULAR), BARROS ARANA / COLON, BR-01 RB-3 RB-5;RB-5
2023-06-17T04:10:01.000Z;2023-06-17;EMERGENCIA: 0:09 10-8 (LLAMADO NO CLASIFICADO), LAGUNA VERDE / LAGUNA AVENDAÑO, B-5;B-5
2023-06-17T18:16:00.000Z;2023-06-17;EMERGENCIA: 14:15 10-4 (RESCATE VEHICULAR), GOMEZ CARREÑO / ALMIRANTE NEFF, RB-5 B-8;RB-5
2023-06-19T01:27:46.000Z;2023-06-18;EMERGENCIA: 21:27 10-4 (RESCATE VEHICULAR), CINCO PONIENTE / RETORNO A GOLONDRINAS, RB-5 B-9;RB-5
2023-06-20T00:21:27.000Z;2023-06-19;EMERGENCIA: 20:21 10-0 (LLAMADO ESTRUCTURAL), CORCOLEN ALTURA DEL 3633, RB-5 H-8 B-9;RB-5
2023-06-21T17:21:28.000Z;2023-06-21;EMERGENCIA: 13:21 10-4 (RESCATE VEHICULAR), SAN CARLOS / AUTOPISTA CONCEPCION - TALCAHUANO, RB-5 B-9;RB-5
2023-06-21T21:56:24.000Z;2023-06-21;EMERGENCIA: 17:56 10-3 (RESCATE DE PERSONA), LA MARINA / LOS PINOS, RB-5;RB-5
2023-06-24T12:37:29.000Z;2023-06-24;EMERGENCIA: 8:37 10-4 (RESCATE VEHICULAR), PUENTE PERALES / AUTOPISTA CONCEPCION - TALCAHUANO, B-4 RB-5;RB-5
2023-06-25T00:14:23.000Z;2023-06-24;EMERGENCIA: 20:14 10-4 (RESCATE VEHICULAR), AVENIDA SANTA MARIA / ESTACIONAMIENTO MALL PLAZA TREBOL, RB-5 B-9;RB-5
2023-06-26T18:46:46.000Z;2023-06-26;EMERGENCIA: 14:46 10-0 (LLAMADO ESTRUCTURAL), PORVENIR / PTO NATALES, Q-2 B-5 B-9;B-5
2023-06-27T20:42:12.000Z;2023-06-27;EMERGENCIA: 16:42 10-0 (LLAMADO ESTRUCTURAL), SAN CARLOS ALTURA DEL 613, Q-2 B-5 B-9;B-5
2023-06-28T02:29:55.000Z;2023-06-27;EMERGENCIA: 22:29 10-0 (LLAMADO ESTRUCTURAL), AISEN ALTURA DEL 7227, Q-2 B-5 B-9;B-5
2023-06-28T23:27:25.000Z;2023-06-28;EMERGENCIA: 19:27 10-0 (LLAMADO ESTRUCTURAL), LAGO PIRIHUEICO / LAGUNA LO GALINDO, Q-2 B-4 B-5;B-5
2023-06-30T15:41:27.000Z;2023-06-30;EMERGENCIA: 11:41 10-15 (SIMULACRO), SAN MIGUEL ALTURA DEL 546, B-5 B-9;B-5
2023-06-30T19:20:37.000Z;2023-06-30;15:20, SALE B-5  A 10-8 (LLAMADO NO CLASIFICADO) JUAN GUILLERMO SOSA / AVENIDA CRISTOBAL COLON;B-5
2023-07-01T02:59:22.000Z;2023-06-30;EMERGENCIA: 22:59 10-4 (RESCATE VEHICULAR), AVENIDA COSTANERA / GRAN BRETAÑA, RB-5 B-9;RB-5
2023-07-01T21:03:39.000Z;2023-07-01;EMERGENCIA: 17:03 10-3 (RESCATE DE PERSONA), OHIGGINS ALTURA DEL 35, RB-5 B-9;RB-5
2023-07-02T03:27:56.000Z;2023-07-01;EMERGENCIA: 23:27 10-4 (RESCATE VEHICULAR), PUENTE PERALES / AUTOPISTA CONCEPCION - TALCAHUANO, RB-5 B-8;RB-5
2023-07-03T14:30:32.000Z;2023-07-03;EMERGENCIA: 10:30 10-3 (RESCATE DE PERSONA), CALLE UNIVERSIDAD ANDRES BELLO / VASCO NUÑEZ DE BALBOA, RH-2 RB-5;RB-5
2023-07-03T22:32:45.000Z;2023-07-03;EMERGENCIA: 18:32 10-4 (RESCATE VEHICULAR), SIETE NORTE / SIETE PONIENTE, RB-5 B-9;RB-5
2023-07-04T04:02:54.000Z;2023-07-04;EMERGENCIA: 0:02 10-0 (LLAMADO ESTRUCTURAL), ALGARROBO ALTURA DEL 3607, Q-2 B-4 B-5;B-5
2023-07-04T11:08:21.000Z;2023-07-04;EMERGENCIA: 7:08 10-3 (RESCATE DE PERSONA), AVENIDA GRAN BRETAÑA / AVENIDA ALTO HORNO, RB-5;RB-5
2023-07-04T12:34:16.000Z;2023-07-04;EMERGENCIA: 8:34 10-4 (RESCATE VEHICULAR), ACCESO A RUTA INTERPORTUARIA / AVENIDA CRISTOBAL COLON, F-1 B-3 RB-5;RB-5
2023-07-05T00:21:15.000Z;2023-07-04;EMERGENCIA: 20:21 10-4 (RESCATE VEHICULAR), JUAN GUILLERMO SOSA / BASILIO URRUTIA, H-4 RB-5;RB-5
2023-07-06T12:16:13.000Z;2023-07-06;EMERGENCIA: 8:16 10-3 (RESCATE DE PERSONA), LAS AMAPOLAS / AVENIDA CRISTOBAL COLON, RB-5;RB-5
2023-07-06T15:42:51.000Z;2023-07-06;EMERGENCIA: 11:42 10-4 (RESCATE VEHICULAR), ALMIRANTE NAVARRETE / AVENIDA ALTO HORNO, RB-5 B-8;RB-5
2023-07-07T14:38:07.000Z;2023-07-07;10:38, SALE RB-5 F-7  A 10-6 (ESCAPE DE GAS) JUAN DE LA CRUZ TAPIA ALTURA DEL 360;RB-5
2023-07-08T03:10:46.000Z;2023-07-07;EMERGENCIA: 23:10 10-4 (RESCATE VEHICULAR), SEIS PONIENTE / AVENIDA LAS GOLONDRINAS, RB-5 B-9;RB-5
2023-07-09T00:25:34.000Z;2023-07-08;EMERGENCIA: 20:25 10-4 (RESCATE VEHICULAR), DOS PONIENTE / AVENIDA TALCAHUANO, RB-5 B-9;RB-5
2023-07-09T01:04:30.000Z;2023-07-08;EMERGENCIA: 21:04 10-3 (RESCATE DE PERSONA), PASEO ZONA BANCARIA MALL PLAZA TREBOL / PASEO BOULEVARD MALL PLAZA TREBOL, RB-5;RB-5
2023-07-09T22:41:45.000Z;2023-07-09;EMERGENCIA: 18:41 10-4 (RESCATE VEHICULAR), AVENIDA DESIDERIO GARCIA / AVENIDA CRISTOBAL COLON, RB-5 H-8;RB-5
2023-07-10T03:55:13.000Z;2023-07-09;EMERGENCIA: 23:55 10-9 (OTROS SERVICIOS), EL RETAMO ALTURA DEL 4620, B-5;B-5
2023-07-10T04:04:32.000Z;2023-07-10;EMERGENCIA: 0:04 10-3 (RESCATE DE PERSONA), LAS HORTENSIAS ALTURA DEL 5572, RB-5;RB-5
2023-07-11T14:10:59.000Z;2023-07-11;EMERGENCIA: 10:10 10-3 (RESCATE DE PERSONA), MONSEÑOR ALARCON ALTURA DEL 444, RB-5;RB-5
2023-07-11T23:27:16.000Z;2023-07-11;EMERGENCIA: 19:27 10-3 (RESCATE DE PERSONA), VASCO NUÑEZ DE BALBOA / INACAP, RH-2 RB-5;RB-5
2023-07-13T14:27:25.000Z;2023-07-13;10-3-4: Estamos respondiendo a un rescate de persona (s) en las esquinas de AUTOPISTA CONCEPCIÓN - TALCAHUANO y VASCO NUÑEZ DE BALBOA, en la comuna de TALCAHUANO. Concurre un carro de Bomberos de Talcahuano #Talcahuano #RB5 https://t.co/xoXMuRi2PT;RB-5
2023-07-13T22:04:25.000Z;2023-07-13;10-4-1: Estamos respondiendo a un rescate vehicular en las esquinas de AVENIDA GRAN BRETANA y ROTONDA, en la comuna de TALCAHUANO. Concurren 3 carros de Bomberos de Talcahuano #Talcahuano #RB3 #B11 #RB5 https://t.co/dCGKtw1ovA;RB-5
2023-07-15T18:10:52.000Z;2023-07-15;10-0-1: Estamos respondiendo a un Incendio estructural en las esquinas de LAGO PALENA y LAGO LLANQUIHUE, en la comuna de TALCAHUANO. Concurren 3 carros de Bomberos de Talcahuano #Talcahuano #B5 #B4 #Q2 https://t.co/NUtbyDlAf7;B-5
2023-07-15T23:01:12.000Z;2023-07-15;10-8: Estamos respondiendo a una emergencia en las esquinas de LAGO LLANQUIHUE y LAGO LANALHUE, en la comuna de TALCAHUANO. Concurre un carro de Bomberos de Talcahuano #Talcahuano #B5 https://t.co/Fad6V8he9C;B-5
2023-07-16T01:34:19.000Z;2023-07-15;10-3-4: Estamos respondiendo a una emergencia por rescate de persona (s) en las esquinas de AVENIDA IFARLE y CALLE J, en la comuna de TALCAHUANO. Concurre un carro de Bomberos de Talcahuano #Talcahuano #RB5 https://t.co/jq8Qn69n9m;RB-5
2023-07-16T08:13:28.000Z;2023-07-16;10-3-10: Estamos respondiendo a un rescate de persona (s) en las esquinas de PASAJE CATORCE y CALLE 5, en la comuna de TALCAHUANO. Concurre un carro de Bomberos de Talcahuano #Talcahuano #RB5 https://t.co/DEOvBzJNun;RB-5
2023-07-16T08:56:31.000Z;2023-07-16;10-4-1: Estamos respondiendo a un Rescate en accidente de tránsito en las esquinas de ALTO HORNO y LOS OLMOS, en la comuna de TALCAHUANO. Concurren 2 carros de Bomberos de Talcahuano #Talcahuano #RB5 #H8 https://t.co/iNynUPdSwM;RB-5
2023-07-16T18:44:53.000Z;2023-07-16;10-8: Estamos respondiendo a una emergencia No Clasificada en las esquinas de RIO ALLIPEN y RIO CALLE CALLE, en la comuna de TALCAHUANO. Concurre un carro de Bomberos de Talcahuano #Talcahuano #B5 https://t.co/rgl0m5nBtV;B-5
2023-07-17T21:13:36.000Z;2023-07-17;10-4-1: Estamos respondiendo a un Rescate en accidente de tránsito en las esquinas de JAIME REPULLO y CLAUDIO GAY, en la comuna de TALCAHUANO. Concurren 2 carros de Bomberos de Talcahuano #Talcahuano #RB5 #H8 https://t.co/XEr8QlERfC;RB-5
2023-07-18T15:41:33.000Z;2023-07-18;10-4-1: Estamos respondiendo a un Rescate en accidente de tránsito en las esquinas de LAS HORTENSIAS y LAS AMAPOLAS, en la comuna de TALCAHUANO. Concurren 2 carros de Bomberos de Talcahuano #Talcahuano #RB5 #B4 https://t.co/BOSmM1YKW9;RB-5
2023-07-19T14:23:25.000Z;2023-07-19;10-3-4: Estamos respondiendo a un rescate de persona (s) en las esquinas de INACAP UNIVERSIDAD TECNOLÓGICA DE CHILE y , en la comuna de TALCAHUANO. Concurre un carro de Bomberos de Talcahuano #Talcahuano #RB5 https://t.co/T9OGDhxkiX;RB-5
2023-07-19T19:23:57.000Z;2023-07-19;10-4-1: Estamos respondiendo a un Rescate en accidente de tránsito en las esquinas de GRAN BRETAÑA y ROTONDA, en la comuna de TALCAHUANO. Concurren 3 carros de Bomberos de Talcahuano #Talcahuano #RB3 #RB5 #H8 https://t.co/SD288soupr;RB-5
2023-07-20T05:21:28.000Z;2023-07-20;10-4-1: Estamos respondiendo a un Rescate en accidente de tránsito en las esquinas de PEDRO DE CINTRA y SUIZACOSTANERA, en la comuna de TALCAHUANO. Concurren 2 carros de Bomberos de Talcahuano #Talcahuano #RB5 #B9 https://t.co/xMO0sp3D4U;RB-5
2023-07-20T18:51:44.000Z;2023-07-20;10-4-1: Estamos respondiendo a un Rescate en accidente de tránsito en las esquinas de RUTA INTERPORTUARIA y PUENTE LAS BALLENAS, en la comuna de TALCAHUANO. Concurren 3 carros de Bomberos de Talcahuano #Talcahuano #RB3 #B9 #RB5 https://t.co/Tb23atpKF8;RB-5
2023-07-21T14:39:17.000Z;2023-07-21;10-3-10: Estamos respondiendo a una emergencia por rescate de persona (s) en las esquinas de LOS LIRIOS y LAS ROSAS, en la comuna de TALCAHUANO. Concurre un carro de Bomberos de Talcahuano #Talcahuano #RB5 https://t.co/7u5QH6K2Vm;RB-5
2023-07-21T20:53:37.000Z;2023-07-21;10-3-4: Estamos respondiendo a un rescate de persona (s) en las esquinas de AVENIDA LAS GOLONDRINAS y AISEN, en la comuna de TALCAHUANO. Concurre un carro de Bomberos de Talcahuano #Talcahuano #RB5 https://t.co/cEKY2yT7WW;RB-5
2023-07-21T21:52:38.000Z;2023-07-21;10-3-10: Estamos respondiendo a una emergencia por rescate de persona (s) en las esquinas de AVENIDA COLON y MANUEL MONTT, en la comuna de TALCAHUANO. Concurre un carro de Bomberos de Talcahuano #Talcahuano #RB5 https://t.co/Ib85Bk9LxM;RB-5
2023-07-21T22:49:02.000Z;2023-07-21;10-0-5: Estamos respondiendo a un Incendio en bodega o fabrica en las esquinas de CALLE 1 y AVENIDA GRAN BRETANA, en la comuna de TALCAHUANO. Concurren 4 carros de Bomberos de Talcahuano #Talcahuano #H9 #H4 #BM2 #B5 https://t.co/0Hv32bVp3W;B-5
2023-07-21T22:56:19.000Z;2023-07-21;10-0-5: Estamos respondiendo a un Incendio en bodega o fabrica en las esquinas de CALLE 1 y AVENIDA GRAN BRETANA, en la comuna de TALCAHUANO. Concurren 5 carros de Bomberos de Talcahuano #Talcahuano #H9 #H4 #BM2 #B5 #H8 https://t.co/0Hv32bVp3W;B-5
2023-07-24T00:22:33.000Z;2023-07-23;10-4-1: Estamos respondiendo a un rescate vehicular en las esquinas de CARLOS DITTBORN y LAS ACACIAS, en la comuna de TALCAHUANO. Concurren 2 carros de Bomberos de Talcahuano #Talcahuano #RB5 #H8 https://t.co/v3r8sE6Iq6;RB-5
2023-07-24T12:01:55.000Z;2023-07-24;10-4-2: Estamos respondiendo a un Rescate en accidente de tránsito en las esquinas de AVENIDA ALTO HORNO y AVENIDA GRAN BRETANA, en la comuna de TALCAHUANO. Concurren 3 carros de Bomberos de Talcahuano #Talcahuano #RB3 #RB5 #BR01 https://t.co/UWRwWfxn76;RB-5
2023-07-24T21:39:43.000Z;2023-07-24;10-4-1: Estamos respondiendo a un Rescate en accidente de tránsito en las esquinas de ALMIRANTE NEFF y MANUEL BARROS BORGONO, en la comuna de TALCAHUANO. Concurren 2 carros de Bomberos de Talcahuano #Talcahuano #RB5 #B4 https://t.co/jjCaPge8K7;RB-5
2023-07-25T17:06:44.000Z;2023-07-25;10-4-1: Estamos respondiendo a un Rescate en accidente de tránsito en las esquinas de ARTEAGA ALEMPARTE y JAIME REPULLO, en la comuna de TALCAHUANO. Concurren 2 carros de Bomberos de Talcahuano #Talcahuano #RB5 #B9 https://t.co/AwaqjpSIi9;RB-5
2023-07-25T22:20:20.000Z;2023-07-25;10-3-4: Estamos respondiendo a una emergencia por rescate de persona (s) en las esquinas de AVENIDA LAS GOLONDRINAS y AVENIDA GRAN BRETANA, en la comuna de TALCAHUANO. Concurre un carro de Bomberos de Talcahuano #Talcahuano #RB5 https://t.co/g9z42rxVOn;RB-5
2023-07-27T13:07:20.000Z;2023-07-27;10-4-1: Estamos respondiendo a un rescate vehicular en las esquinas de AVENIDA COLON y AUTOPISTA CONCEPCION - TALCAHUANO, en la comuna de TALCAHUANO. Concurren 2 carros de Bomberos de Talcahuano #Talcahuano #RB5 #B4 https://t.co/DOLJkqdSht;RB-5
2023-07-28T19:27:56.000Z;2023-07-28;10-8: Estamos respondiendo a una emergencia No Clasificada en las esquinas de SANTA INÉS y SANTA CLAUDIA, en la comuna de TALCAHUANO. Concurre un carro de Bomberos de Talcahuano #Talcahuano #B5 https://t.co/eBtG5BRJOj;B-5
2023-07-29T14:36:51.000Z;2023-07-29;10-3-4: Estamos respondiendo a un rescate de persona (s) en las esquinas de JAIME REPULLO y MONSENOR ALARCON, en la comuna de TALCAHUANO. Concurre un carro de Bomberos de Talcahuano #Talcahuano #RB5 https://t.co/TBMSAgEhzA;RB-5
2023-08-01T16:11:13.000Z;2023-08-01;10-0-4: Estamos respondiendo a una emergencia estructural en las esquinas de LICANTÉN y COLCHAGUA, en la comuna de TALCAHUANO. Concurren 4 carros de Bomberos de Talcahuano #Talcahuano #B9 #BM2 #B5 #B4 https://t.co/ylMGfGwtah;B-5
2023-08-02T17:14:34.000Z;2023-08-02;10-9: Estamos respondiendo a Otros servicios (no es una emergencia) en las esquinas de EL TAMARINDO y LOS CAPULIES, en la comuna de TALCAHUANO. Concurre un carro de Bomberos de Talcahuano #Talcahuano #B5 https://t.co/SbUATWyAUQ;B-5
2023-08-03T00:43:43.000Z;2023-08-02;10-3-4: Estamos respondiendo a un rescate de persona (s) en las esquinas de VOLCAN TACORA y CLAUDIO GAY, en la comuna de TALCAHUANO. Concurre un carro de Bomberos de Talcahuano #Talcahuano #RB5 https://t.co/eRdSalnoce;RB-5
2023-08-03T14:52:25.000Z;2023-08-03;10-7: Estamos respondiendo a una emergencia por Accidente eléctrico en las esquinas de LOS JACINTOS y RIO CHOAPA, en la comuna de TALCAHUANO. Concurre un carro de Bomberos de Talcahuano #Talcahuano #B5 https://t.co/dnVpzNQHzP;B-5
2023-08-05T11:53:57.000Z;2023-08-05;10-3-4: Estamos respondiendo a una emergencia por rescate de persona (s) en las esquinas de AUTOPISTA CONCEPCION - TALCAHUANO y BENAVENTE, en la comuna de TALCAHUANO. Concurre un carro de Bomberos de Talcahuano #Talcahuano #RB5 https://t.co/hvR6t7rmox;RB-5
2023-08-05T22:56:31.000Z;2023-08-05;10-3-4: Estamos respondiendo a una emergencia por rescate de persona (s) en las esquinas de AVENIDA COLON y MANUEL GAETE, en la comuna de TALCAHUANO. Concurre un carro de Bomberos de Talcahuano #Talcahuano #RB5 https://t.co/d9qo1364oI;RB-5
2023-08-06T23:51:07.000Z;2023-08-06;10-4-1: Estamos respondiendo a un rescate vehicular en las esquinas de SAN MIGUEL y 2 PONIENTE, en la comuna de TALCAHUANO. Concurren 2 carros de Bomberos de Talcahuano #Talcahuano #RB5 #B9 https://t.co/JPcgnVwheI;RB-5
2023-08-07T14:52:35.000Z;2023-08-07;10-0-1: Estamos respondiendo a un Incendio estructural en las esquinas de PEUMO y LOS SAUCES, en la comuna de TALCAHUANO. Concurren 3 carros de Bomberos de Talcahuano #Talcahuano #B7 #H8 #B5 https://t.co/qEHcJPKGd7;B-5
2023-08-07T19:43:41.000Z;2023-08-07;10-4-1: Estamos respondiendo a un rescate vehicular en las esquinas de AVENIDA GRAN BRETANA y ROTONDA, en la comuna de TALCAHUANO. Concurren 3 carros de Bomberos de Talcahuano #Talcahuano #RB3 #H8 #RB5 https://t.co/felmWqwND3;RB-5
2023-08-09T00:37:16.000Z;2023-08-08;10-4-1: Estamos respondiendo a un rescate vehicular en las esquinas de AVENIDA BRASIL y CIPRIANO POMERI, en la comuna de TALCAHUANO. Concurren 2 carros de Bomberos de Talcahuano #Talcahuano #RB5 #BR01 https://t.co/qBjuzieS6r;RB-5
2023-08-09T16:23:35.000Z;2023-08-09;10-9: Estamos respondiendo a prestar apoyo en un incidente que no es una emergencia en las esquinas de LOS NARDOS y RIO MATAQUITO, en la comuna de TALCAHUANO. Concurre un carro de Bomberos de Talcahuano #Talcahuano #RB5 https://t.co/RSya9inRPE;RB-5
2023-08-10T07:20:44.000Z;2023-08-10;10-0-1: Estamos respondiendo a un Incendio estructural en las esquinas de CHILOÉ y TOCOPILLA, en la comuna de TALCAHUANO. Concurren 3 carros de Bomberos de Talcahuano #Talcahuano #B9 #B5 #BM2 https://t.co/RjbvfADyHu;B-5
2023-08-10T22:00:46.000Z;2023-08-10;10-4-1: Estamos respondiendo a un Rescate en accidente de tránsito en las esquinas de ALMIRANTE NEFF y PASAJE 1, en la comuna de TALCAHUANO. Concurren 2 carros de Bomberos de Talcahuano #Talcahuano #RB5 #B4 https://t.co/sMQv0er961;RB-5
2023-08-11T01:07:11.000Z;2023-08-10;10-0-1: Estamos respondiendo a un Incendio estructural en las esquinas de GÓMEZ CARREÑO y PASAJE 3, en la comuna de TALCAHUANO. Concurren 3 carros de Bomberos de Talcahuano #Talcahuano #Q2 #B4 #B5 https://t.co/myoHDlPiQT;B-5
2023-08-11T12:33:07.000Z;2023-08-11;10-4-1: Estamos respondiendo a un rescate vehicular en las esquinas de AVENIDA COLON y SAN MIGUEL, en la comuna de TALCAHUANO. Concurren 2 carros de Bomberos de Talcahuano #Talcahuano #RB5 #B9 https://t.co/fzIxOsp4jH;RB-5
2023-08-11T21:31:13.000Z;2023-08-11;10-3-4: Estamos respondiendo a un rescate de persona (s) en las esquinas de AVENIDA O\'HIGGINS y SAN CARLOS, en la comuna de TALCAHUANO. Concurre un carro de Bomberos de Talcahuano #Talcahuano #RB5 https://t.co/Q1KcT4kPbH;RB-5
2023-08-12T01:55:19.000Z;2023-08-11;10-4-1: Estamos respondiendo a un Rescate en accidente de tránsito en las esquinas de AVENIDA COLON y ZENTENO, en la comuna de TALCAHUANO. Concurren 3 carros de Bomberos de Talcahuano #Talcahuano #B3 #B4 #RB5 https://t.co/TDU8I7Mejz;RB-5
2023-08-12T23:59:02.000Z;2023-08-12;10-4-1: Estamos respondiendo a un rescate vehicular en las esquinas de SIMON BOLIVAR y AVENIDA COLON, en la comuna de TALCAHUANO. Concurren 2 carros de Bomberos de Talcahuano #Talcahuano #RB5 #B4 https://t.co/stu8BmZLQI;RB-5
2023-08-13T20:32:16.000Z;2023-08-13;10-0-1: Estamos respondiendo a una emergencia estructural en las esquinas de ROTONDA BIOBIO y , en la comuna de TALCAHUANO. Concurren 3 carros de Bomberos de Talcahuano #Talcahuano #B3 #B7 #B5 https://t.co/HK74Ck6x6O;B-5
2023-08-13T20:36:29.000Z;2023-08-13;10-0-1: Estamos respondiendo a una emergencia estructural en las esquinas de ROTONDA BIOBIO y , en la comuna de TALCAHUANO. Concurren 4 carros de Bomberos de Talcahuano #Talcahuano #B3 #B7 #B5 #Q2 https://t.co/HK74Ck6x6O;B-5
2023-08-15T06:01:10.000Z;2023-08-15;10-4-1: Estamos respondiendo a un rescate vehicular en las esquinas de AVENIDA GRAN BRETANA y AVENIDA COSTANERA, en la comuna de TALCAHUANO. Concurren 3 carros de Bomberos de Talcahuano #Talcahuano #RB3 #B9 #RB5 https://t.co/ytURbVkp9Z;RB-5
2023-08-15T07:33:52.000Z;2023-08-15;10-4-1: Estamos respondiendo a un rescate vehicular en las esquinas de AVENIDA LAS GOLONDRINAS y AVENIDA O\'HIGGINS, en la comuna de TALCAHUANO. Concurren 2 carros de Bomberos de Talcahuano #Talcahuano #RB5 #B9 https://t.co/kJNUemm0NM;RB-5
2023-08-17T17:29:55.000Z;2023-08-17;10-3-4: Estamos respondiendo a una emergencia por rescate de persona (s) en las esquinas de VASCO NUNEZ DE BALBOA y CALLE UNIVERSIDAD ANDRES BELLO, en la comuna de TALCAHUANO. Concurre un carro de Bomberos de Talcahuano #Talcahuano #RB5 https://t.co/a4dO0quGyu;RB-5
2023-08-17T23:21:16.000Z;2023-08-17;10-0-1: Estamos respondiendo a una emergencia estructural en las esquinas de NUEVA VISIÓN y 16 NORTE, en la comuna de TALCAHUANO. Concurren 3 carros de Bomberos de Talcahuano #Talcahuano #Q2 #B9 #B5 https://t.co/m8i5i4LkSU;B-5
2023-08-18T20:28:56.000Z;2023-08-18;10-0-1: Estamos respondiendo a un Incendio estructural en las esquinas de LAGUNA ESCUADRÓN y LAGO PIRIHUEICO, en la comuna de TALCAHUANO. Concurren 3 carros de Bomberos de Talcahuano #Talcahuano #Q2 #B5 #B4 https://t.co/aeop3mcDBb;B-5
2023-08-19T00:56:37.000Z;2023-08-18;10-3-4: Estamos respondiendo a una emergencia por rescate de persona (s) en las esquinas de LAS HORTENSIAS y RIO MAPOCHO, en la comuna de TALCAHUANO. Concurre un carro de Bomberos de Talcahuano #Talcahuano #RB5 https://t.co/1UdSbFDFZh;RB-5
2023-08-19T17:06:18.000Z;2023-08-19;10-3-3: Estamos respondiendo a un rescate de persona (s) en las esquinas de VASCO NUNEZ DE BALBOA y CALLE UNIVERSIDAD ANDRES BELLO, en la comuna de TALCAHUANO. Concurren 2 carros de Bomberos de Talcahuano #Talcahuano #RB5 #Q2 https://t.co/a4dO0quGyu;RB-5
2023-08-19T23:09:36.000Z;2023-08-19;10-8: Estamos respondiendo a una emergencia No Clasificada en las esquinas de RÍO PAINE y LAS MARGARITAS, en la comuna de TALCAHUANO. Concurre un carro de Bomberos de Talcahuano #Talcahuano #B5 https://t.co/SBL4z4T86o;B-5
2023-08-19T23:16:04.000Z;2023-08-19;10-4-1: Estamos respondiendo a un Rescate en accidente de tránsito en las esquinas de ROTONDA y AVENIDA GRAN BRETANA, en la comuna de TALCAHUANO. Concurren 3 carros de Bomberos de Talcahuano #Talcahuano #RB3 #H8 #RB5 https://t.co/dxBN7MVgmA;RB-5
2023-08-20T13:15:06.000Z;2023-08-20;10-4-1: Estamos respondiendo a un Rescate en accidente de tránsito en las esquinas de AUTOPISTA CONCEPCION - TALCAHUANO y BENAVENTE, en la comuna de TALCAHUANO. Concurren 2 carros de Bomberos de Talcahuano #Talcahuano #RB5 #B9 https://t.co/hvR6t7rmox;RB-5
2023-08-20T22:58:46.000Z;2023-08-20;10-4-2: Estamos respondiendo a un rescate vehicular en las esquinas de ROTONDA y AVENIDA GRAN BRETANA, en la comuna de TALCAHUANO. Concurren 3 carros de Bomberos de Talcahuano #Talcahuano #RB3 #H8 #RB5 https://t.co/dxBN7MVgmA;RB-5
2023-08-22T23:25:24.000Z;2023-08-22;10-0-1: Estamos respondiendo a una emergencia estructural en las esquinas de VOLCAN OSORNO y JUAN GUILLERMO SOSA, en la comuna de TALCAHUANO. Concurren 3 carros de Bomberos de Talcahuano #Talcahuano #Q2 #B4 #B5 https://t.co/DE66DOOADw;B-5
2023-08-23T14:04:11.000Z;2023-08-23;10-4-2: Estamos respondiendo a un rescate vehicular en las esquinas de AVENIDA JUAN ANTONIO RIOS y AVENIDA LA MARINA, en la comuna de TALCAHUANO. Concurren 3 carros de Bomberos de Talcahuano #Talcahuano #RB3 #B11 #RB5 https://t.co/TtK7FqbzYs;RB-5
2023-08-23T17:03:21.000Z;2023-08-23;10-8: Estamos respondiendo a una emergencia No Clasificada en las esquinas de RIO TOLTEN y LAS FUCSIAS, en la comuna de TALCAHUANO. Concurre un carro de Bomberos de Talcahuano #Talcahuano #B5 https://t.co/Kay9xic0xJ;B-5
2023-08-25T06:48:47.000Z;2023-08-25;10-0-1: Estamos respondiendo a una emergencia estructural en las esquinas de CARRIEL NORTE y CARRIEL NORTE 181, en la comuna de TALCAHUANO. Concurren 3 carros de Bomberos de Talcahuano #Talcahuano #H4 #B5 #BM2 https://t.co/Fv3tZTuhOZ;B-5
2023-08-25T17:32:26.000Z;2023-08-25;10-3-1: Estamos respondiendo a un rescate de persona (s) en las esquinas de RÍO DIGUILLÍN y RIO TOLTEN, en la comuna de TALCAHUANO. Concurre un carro de Bomberos de Talcahuano #Talcahuano #RB5 https://t.co/z0Y2xvwJki;RB-5
2023-08-25T22:08:41.000Z;2023-08-25;10-3-4: Estamos respondiendo a un rescate de persona (s) en las esquinas de AVENIDA COLON y SIMON BOLIVAR, en la comuna de TALCAHUANO. Concurre un carro de Bomberos de Talcahuano #Talcahuano #RB5 https://t.co/01iJOUC8NX;RB-5
2023-08-26T00:31:38.000Z;2023-08-25;10-4-1: Estamos respondiendo a un rescate vehicular en las esquinas de AVENIDA ALTO HORNO y LAS PATAGUAS, en la comuna de TALCAHUANO. Concurren 3 carros de Bomberos de Talcahuano #Talcahuano #RB3 #B8 #RB5 https://t.co/EsDlXWyzjB;RB-5
2023-08-27T22:55:09.000Z;2023-08-27;10-4-1: Estamos respondiendo a un rescate vehicular en las esquinas de AVENIDA COLON y AUTOPISTA ALTURA PUENTE PERALES DIRECCION THNO-CCP, en la comuna de TALCAHUANO. Concurren 2 carros de Bomberos de Talcahuano #Talcahuano #B5 #B8 https://t.co/nm0r88D4BP;B-5
2023-08-28T00:52:12.000Z;2023-08-27;10-4-1: Estamos respondiendo a un rescate vehicular en las esquinas de LAS HORTENSIAS y LAS AMAPOLAS, en la comuna de TALCAHUANO. Concurren 2 carros de Bomberos de Talcahuano #Talcahuano #RB5 #H8 https://t.co/ezYMxL7RhO;RB-5
2023-08-28T12:50:10.000Z;2023-08-28;10-3-4: Estamos respondiendo a una emergencia por rescate de persona (s) en las esquinas de AVENIDA COLON y PUENTE PERALES, en la comuna de TALCAHUANO. Concurre un carro de Bomberos de Talcahuano #Talcahuano #RB5 https://t.co/YjwgFqxvQF;RB-5
2023-08-30T15:34:30.000Z;2023-08-30;10-3-4: Estamos respondiendo a una emergencia por rescate de persona (s) en las esquinas de SANTA CLAUDIA y NUESTRA SENORA DEL ROSARIO, en la comuna de TALCAHUANO. Concurre un carro de Bomberos de Talcahuano #Talcahuano #RB5 https://t.co/iDEbUmIzy8;RB-5
2023-08-31T11:32:18.000Z;2023-08-31;10-8: Estamos respondiendo a una emergencia No Clasificada en las esquinas de CINCO PONIENTE y TALCAHUANO, en la comuna de TALCAHUANO. Concurre un carro de Bomberos de Talcahuano #Talcahuano #B5 https://t.co/OO2vdeNMP9;B-5
2023-08-31T14:16:17.000Z;2023-08-31;10-4-1: Estamos respondiendo a un Rescate en accidente de tránsito en las esquinas de LAS AMAPOLAS y LAS HORTENSIAS, en la comuna de TALCAHUANO. Concurren 2 carros de Bomberos de Talcahuano #Talcahuano #RB5 #H8 https://t.co/ezYMxL8p7m;RB-5
2023-08-31T19:58:06.000Z;2023-08-31;10-9: Estamos respondiendo a prestar apoyo en un incidente que no es una emergencia en las esquinas de JORDÁN VALDIVIESO y PEREZ GACITUA, en la comuna de TALCAHUANO. Concurre un carro de Bomberos de Talcahuano #Talcahuano #RB5 https://t.co/kMzP77oTXQ;RB-5
2023-08-31T22:07:30.000Z;2023-08-31;10-3-4: Estamos respondiendo a una emergencia por rescate de persona (s) en las esquinas de RÍO LOA y RIO MAULE, en la comuna de TALCAHUANO. Concurre un carro de Bomberos de Talcahuano #Talcahuano #B5 https://t.co/izNWYj9VdN;B-5
2023-08-31T22:14:07.000Z;2023-08-31;10-3-4: Estamos respondiendo a un rescate de persona (s) en las esquinas de RÍO LOA y RIO MAULE, en la comuna de TALCAHUANO. Concurren 2 carros de Bomberos de Talcahuano #Talcahuano #B5 #RB5 https://t.co/izNWYj9VdN;B-5,RB-5
2023-09-01T12:35:23.000Z;2023-09-01;10-4-2: Estamos respondiendo a un Rescate en accidente de tránsito en las esquinas de AVENIDA GRAN BRETANA y ISLA SANTA MARIA, en la comuna de TALCAHUANO. Concurren 3 carros de Bomberos de Talcahuano #Talcahuano #RB3 #RB5 #B8 https://t.co/EsTdZZOmNH;RB-5
2023-09-02T17:08:30.000Z;2023-09-02;10-4-1: Estamos respondiendo a un Rescate en accidente de tránsito en las esquinas de AVENIDA GRAN BRETANA y AVENIDA COSTANERA, en la comuna de TALCAHUANO. Concurren 2 carros de Bomberos de Talcahuano #Talcahuano #RB5 #B9 https://t.co/nXLwxWI4Q5;RB-5
2023-09-03T07:56:41.000Z;2023-09-03;10-4-1: Estamos respondiendo a un rescate vehicular en las esquinas de AUTOPISTA y SAN CARLOS, en la comuna de TALCAHUANO. Concurren 2 carros de Bomberos de Talcahuano #Talcahuano #RB5 #B9 https://t.co/EoWj1CImLI;RB-5
2023-09-04T15:25:55.000Z;2023-09-04;10-4-1: Estamos respondiendo a un rescate vehicular en las esquinas de AVENIDA GRAN BRETANA y ROTONDA, en la comuna de TALCAHUANO. Concurren 3 carros de Bomberos de Talcahuano #Talcahuano #RB3 #B11 #RB5 https://t.co/KlmAdUxo1c;RB-5
2023-09-04T15:31:01.000Z;2023-09-04;10-4-1: Estamos respondiendo a un rescate vehicular en las esquinas de AVENIDA GRAN BRETANA y ROTONDA, en la comuna de TALCAHUANO. Concurren 4 carros de Bomberos de Talcahuano #Talcahuano #RB3 #B11 #RB5 #B8 https://t.co/KlmAdUxo1c;RB-5
2023-09-05T11:25:41.000Z;2023-09-05;10-4-1: Estamos respondiendo a un Rescate en accidente de tránsito en las esquinas de PASARELA INACAP AUTOPISTA y , en la comuna de TALCAHUANO. Concurren 2 carros de Bomberos de Talcahuano #Talcahuano #RB5 #B4 https://t.co/iYq76E7trf;RB-5
2023-09-05T12:05:26.000Z;2023-09-05;10-4-1: Estamos respondiendo a un rescate vehicular en las esquinas de RIO MAPOCHO y RIO MAULE, en la comuna de TALCAHUANO. Concurre un carro de Bomberos de Talcahuano #Talcahuano #RB5 https://t.co/2Fm34nkYzp;RB-5
2023-09-05T14:37:29.000Z;2023-09-05;10-4-1: Estamos respondiendo a un Rescate en accidente de tránsito en las esquinas de AVENIDA COLON y PUENTE PERALES, en la comuna de TALCAHUANO. Concurren 2 carros de Bomberos de Talcahuano #Talcahuano #RB5 #B9 https://t.co/YjwgFqy3Gd;RB-5
2023-09-06T11:20:15.000Z;2023-09-06;10-0-1: Estamos respondiendo a un Incendio estructural en las esquinas de AUTOPISTA CONCEPCION - TALCAHUANO y JAIME REPULLO, en la comuna de TALCAHUANO. Concurren 3 carros de Bomberos de Talcahuano #Talcahuano #B4 #B5 #B8 https://t.co/GvPyzFeCMp;B-5
2023-09-07T19:03:08.000Z;2023-09-07;10-4-1: Estamos respondiendo a un rescate vehicular en las esquinas de LAS HORTENSIAS y LAS AMAPOLAS, en la comuna de TALCAHUANO. Concurren 2 carros de Bomberos de Talcahuano #Talcahuano #RB5 #H4 https://t.co/ezYMxL7RhO;RB-5
2023-09-08T01:47:06.000Z;2023-09-07;10-0-1: Estamos respondiendo a una emergencia estructural en las esquinas de MICHIMALONGO y LINCOYAN, en la comuna de TALCAHUANO. Concurren 5 carros de Bomberos de Talcahuano #Talcahuano #B7 #BR01 #B3 #BM2 #B5 https://t.co/XiuEJCEi4E;B-5
2023-09-08T01:56:53.000Z;2023-09-07;10-0-1: Estamos respondiendo a una emergencia estructural en las esquinas de MICHIMALONGO y LINCOYAN, en la comuna de TALCAHUANO. Concurren 6 carros de Bomberos de Talcahuano #Talcahuano #B7 #BR01 #B3 #BM2 #B5 #Z6 https://t.co/XiuEJCEi4E;B-5
2023-09-10T04:47:44.000Z;2023-09-10;10-4-1: Estamos respondiendo a un rescate vehicular en las esquinas de AVENIDA LAS GOLONDRINAS y AVENIDA COLON, en la comuna de TALCAHUANO. Concurren 2 carros de Bomberos de Talcahuano #Talcahuano #RB5 #B8 https://t.co/mguRHk6hjz;RB-5
2023-09-11T17:08:54.000Z;2023-09-11;10-3-4: Estamos respondiendo a un rescate de persona (s) en las esquinas de AVENIDA COLON y MOLINA, en la comuna de TALCAHUANO. Concurre un carro de Bomberos de Talcahuano #Talcahuano #RB5 https://t.co/YccJ1od7u4;RB-5
2023-09-12T16:44:28.000Z;2023-09-12;10-4-2: Estamos respondiendo a un Rescate en accidente de tránsito en las esquinas de SUBIDA LA GLORIA y CAYUCUPIL, en la comuna de TALCAHUANO. Concurren 3 carros de Bomberos de Talcahuano #Talcahuano #RB3 #RB5 #BR01 https://t.co/s9lzNx3FV4;RB-5
2023-09-14T13:01:54.000Z;2023-09-14;10-0-3: Estamos respondiendo a un incendio dentro de lugar de gran afluencia de público en las esquinas de VÍCTOR GREGORIO AMUNÁTEGUI y IQUIQUE, en la comuna de TALCAHUANO. Concurren 6 carros de Bomberos de Talcahuano #Talcahuano #B8 #BR01 #B5 #Q2 #RB3 #B9 https://t.co/eLDcehDliq;B-5
2023-09-14T18:25:16.000Z;2023-09-14;10-0-1: Estamos respondiendo a una emergencia estructural en las esquinas de LAS DALIAS y LUIS ACEVEDO, en la comuna de TALCAHUANO. Concurren 3 carros de Bomberos de Talcahuano #Talcahuano #Q2 #B5 #B9 https://t.co/DYcZ2IQ15L;B-5
2023-09-16T20:23:20.000Z;2023-09-16;10-8: Estamos respondiendo a una emergencia en las esquinas de LOS CAPULIES y EL CARDON, en la comuna de TALCAHUANO. Concurre un carro de Bomberos de Talcahuano #Talcahuano #B5 https://t.co/wYlXYg1YS6;B-5
2023-09-17T13:27:13.000Z;2023-09-17;10-4-1: Estamos respondiendo a un Rescate en accidente de tránsito en las esquinas de AVENIDA COLON y MONSENOR ALARCON, en la comuna de TALCAHUANO. Concurren 2 carros de Bomberos de Talcahuano #Talcahuano #RB5 #B4 https://t.co/gmSPHV5j2R;RB-5
2023-09-17T21:25:53.000Z;2023-09-17;10-4-1: Estamos respondiendo a un Rescate en accidente de tránsito en las esquinas de AUTOPISTA CONCEPCIÓN -TALCAHUANO ALTURA COPEC y , en la comuna de TALCAHUANO. Concurren 2 carros de Bomberos de Talcahuano #Talcahuano #RB5 #B9 https://t.co/AcJcjZYH01;RB-5
2023-09-17T21:27:40.000Z;2023-09-17;10-4-1: Estamos respondiendo a un Rescate en accidente de tránsito en las esquinas de AUTOPISTA CONCEPCIÓN -TALCAHUANO ALTURA COPEC y , en la comuna de TALCAHUANO. Concurren 3 carros de Bomberos de Talcahuano #Talcahuano #RB5 #B9 #B4 https://t.co/AcJcjZYH01;RB-5
2023-09-17T23:10:27.000Z;2023-09-17;10-9: Estamos respondiendo a Otros servicios (no es una emergencia) en las esquinas de LOS JACINTOS y RIO MATAQUITO, en la comuna de TALCAHUANO. Concurre un carro de Bomberos de Talcahuano #Talcahuano #B5 https://t.co/bGIJtLbuXI;B-5
2023-09-20T03:46:18.000Z;2023-09-20;10-9: Estamos respondiendo a Otros servicios (no es una emergencia) en las esquinas de RÍO ACONCAGUA y RIO MAULE, en la comuna de TALCAHUANO. Concurre un carro de Bomberos de Talcahuano #Talcahuano #RB5 https://t.co/6ZrIfPXFKH;RB-5
2023-09-21T10:29:26.000Z;2023-09-21;10-4-1: Estamos respondiendo a un rescate vehicular en las esquinas de AUTOPISTA CONCEPCION - TALCAHUANO y AVENIDA COLON, en la comuna de TALCAHUANO. Concurren 2 carros de Bomberos de Talcahuano #Talcahuano #RB5 #B9 https://t.co/nm0r88DCrn;RB-5
2023-09-21T10:34:07.000Z;2023-09-21;10-4-1: Estamos respondiendo a un rescate vehicular en las esquinas de AUTOPISTA CONCEPCION - TALCAHUANO y AVENIDA COLON, en la comuna de TALCAHUANO. Concurren 3 carros de Bomberos de Talcahuano #Talcahuano #RB5 #B9 #B8 https://t.co/nm0r88DCrn;RB-5
2023-09-23T16:48:26.000Z;2023-09-23;10-0-4: Estamos respondiendo a una emergencia estructural en las esquinas de ISLA CAMPANA y ISLA ATILIO, en la comuna de TALCAHUANO. Concurren 3 carros de Bomberos de Talcahuano #Talcahuano #H8 #B7 #B5 https://t.co/dzrbccZdDo;B-5
2023-09-24T06:23:08.000Z;2023-09-24;10-4-1: Estamos respondiendo a un Rescate en accidente de tránsito en las esquinas de AVENIDA LAS GOLONDRINAS y AISEN, en la comuna de TALCAHUANO. Concurren 2 carros de Bomberos de Talcahuano #Talcahuano #RB5 #B9 https://t.co/Y2Q87klZY4;RB-5
2023-09-24T20:12:26.000Z;2023-09-24;10-12 A INCENDIO: Estamos respondiendo a apoyo fuera de nuestra jurisdicción en las esquinas de FINLANDIA y SUIZA, en la comuna de HUALPÉN. Concurren 3 carros de Bomberos de Talcahuano #Hualpén #Z9 #B5 #Q2 https://t.co/tRaDtOGQA5;B-5
2023-09-24T21:00:41.000Z;2023-09-24;10-4-1: Estamos respondiendo a un rescate vehicular en las esquinas de HUALPEN y AVENIDA ALTO HORNO, en la comuna de TALCAHUANO. Concurren 2 carros de Bomberos de Talcahuano #Talcahuano #RB5 #B8 https://t.co/RKPCa0vmeG;RB-5
2023-09-24T21:03:57.000Z;2023-09-24;10-4-1: Estamos respondiendo a un rescate vehicular en las esquinas de HUALPEN y AVENIDA ALTO HORNO, en la comuna de TALCAHUANO. Concurren 3 carros de Bomberos de Talcahuano #Talcahuano #RB5 #B8 #B5 https://t.co/RKPCa0vmeG;B-5,RB-5
2023-09-24T23:47:02.000Z;2023-09-24;10-3-4: Estamos respondiendo a una emergencia por rescate de persona (s) en las esquinas de BILBAO y BALMACEDA, en la comuna de TALCAHUANO. Concurren 2 carros de Bomberos de Talcahuano #Talcahuano #B3 #RB5 https://t.co/Yn8a9gigSB;RB-5
2023-09-26T16:04:03.000Z;2023-09-26;10-3-4: Estamos respondiendo a un rescate de persona (s) en las esquinas de VOLCÁN PARINACOTA y VOLCAN CHILLAN, en la comuna de TALCAHUANO. Concurre un carro de Bomberos de Talcahuano #Talcahuano #RB5 https://t.co/FAr3Tk4j4X;RB-5
2023-09-27T01:26:48.000Z;2023-09-26;10-4-1: Estamos respondiendo a un Rescate en accidente de tránsito en las esquinas de FREIRINA y IQUIQUE, en la comuna de TALCAHUANO. Concurren 2 carros de Bomberos de Talcahuano #Talcahuano #RB5 #B8 https://t.co/CCXtC4YK5C;RB-5
2023-09-27T10:06:04.000Z;2023-09-27;10-4-2: Estamos respondiendo a un Rescate en accidente de tránsito en las esquinas de AVENIDA DESIDERIO GARCIA y AVENIDA COLON, en la comuna de TALCAHUANO. Concurren 3 carros de Bomberos de Talcahuano #Talcahuano #RB5 #RB3 #H8 https://t.co/bB2503IuG0;RB-5
2023-09-27T14:29:05.000Z;2023-09-27;10-6-3: Estamos respondiendo a una Emanación de gas en las esquinas de ALTO HORNO y CAPITAN ENOS, en la comuna de TALCAHUANO. Concurren 3 carros de Bomberos de Talcahuano #Talcahuano #H11 #H9 #RB5 https://t.co/Jj1pFyQ5yd;RB-5
2023-09-27T19:39:17.000Z;2023-09-27;10-10: Estamos respondiendo a rebrote de incendio en las esquinas de VALDIVIA y MIRANDA, en la comuna de TALCAHUANO. Concurren 2 carros de Bomberos de Talcahuano #Talcahuano #RB3 #B5 https://t.co/2OY6BuqvSS;B-5
2023-09-27T20:48:21.000Z;2023-09-27;10-10: Estamos respondiendo a emergencia por rebrote de incendio en las esquinas de VALDIVIA y MIRANDA, en la comuna de TALCAHUANO. Concurren 3 carros de Bomberos de Talcahuano #Talcahuano #RB3 #B5 #Q2 https://t.co/2OY6BuqvSS;B-5
2023-09-28T15:00:39.000Z;2023-09-28;10-3-4: Estamos respondiendo a un rescate de persona (s) en las esquinas de PASAJE ONCE A y RIO TOLTEN, en la comuna de TALCAHUANO. Concurre un carro de Bomberos de Talcahuano #Talcahuano #RB5 https://t.co/mdjxzC0n6B;RB-5
2023-09-30T14:11:11.000Z;2023-09-30;10-4-1: Estamos respondiendo a un rescate vehicular en las esquinas de AVENIDA COLON y HUALPEN, en la comuna de TALCAHUANO. Concurren 2 carros de Bomberos de Talcahuano #Talcahuano #RB5 #F1 https://t.co/E7tYXuqu5q;RB-5
2023-09-30T20:11:46.000Z;2023-09-30;10-4-1: Estamos respondiendo a un Rescate en accidente de tránsito en las esquinas de VASCO NUNEZ DE BALBOA y CALLE 1, en la comuna de TALCAHUANO. Concurren 2 carros de Bomberos de Talcahuano #Talcahuano #RB5 #BM2 https://t.co/ersQZwNgVq;RB-5
2023-10-01T13:23:11.000Z;2023-10-01;10-4-1: Estamos respondiendo a un rescate vehicular en las esquinas de AVENIDA GRAN BRETANA y AVENIDA ROCOTO, en la comuna de TALCAHUANO. Concurren 2 carros de Bomberos de Talcahuano #Talcahuano #RB5 #B11 https://t.co/6cBPteLaEd;RB-5
2023-10-01T14:02:32.000Z;2023-10-01;10-0-1: Estamos respondiendo a una emergencia estructural en las esquinas de LUMA y CIRUELILLO, en la comuna de TALCAHUANO. Concurren 3 carros de Bomberos de Talcahuano #Talcahuano #Q2 #B5 #H8 https://t.co/Q4Blb0dthm;B-5
2023-10-01T14:13:44.000Z;2023-10-01;10-0-5: Estamos respondiendo a un Incendio en bodega o fabrica en las esquinas de CALLE 2 y PESQUERA LANDES, en la comuna de TALCAHUANO. Concurren 3 carros de Bomberos de Talcahuano #Talcahuano #H11 #B7 #RB5 https://t.co/u4BpjDBN8S;RB-5
2023-10-01T14:20:12.000Z;2023-10-01;10-0-5: Estamos respondiendo a un Incendio en bodega o fabrica en las esquinas de CALLE 2 y PESQUERA LANDES, en la comuna de TALCAHUANO. Concurren 4 carros de Bomberos de Talcahuano #Talcahuano #H11 #B7 #RB5 #H4 https://t.co/u4BpjDBN8S;RB-5
2023-10-01T14:32:29.000Z;2023-10-01;10-0-5: Estamos respondiendo a un Incendio en bodega o fabrica en las esquinas de CALLE 2 y PESQUERA LANDES, en la comuna de TALCAHUANO. Concurren 5 carros de Bomberos de Talcahuano #Talcahuano #H11 #B7 #RB5 #H4 #BM2 https://t.co/u4BpjDBN8S;RB-5
2023-10-01T14:46:56.000Z;2023-10-01;10-0-5: Estamos respondiendo a un incendio dentro de una bodega o fabrica en las esquinas de CALLE 2 y PESQUERA LANDES, en la comuna de TALCAHUANO. Concurren 6 carros de Bomberos de Talcahuano #Talcahuano #H11 #B7 #RB5 #H4 #BM2 #Z6 https://t.co/u4BpjDBN8S;RB-5
2023-10-01T16:15:59.000Z;2023-10-01;10-4-1: Estamos respondiendo a un Rescate en accidente de tránsito en las esquinas de PUNTA CORRALILLO y PUNTA DE ARCO, en la comuna de TALCAHUANO. Concurren 2 carros de Bomberos de Talcahuano #Talcahuano #B5 #B8 https://t.co/ZtHKsdHhZX;B-5
2023-10-01T16:21:33.000Z;2023-10-01;10-4-1: Estamos respondiendo a un rescate vehicular en las esquinas de PUNTA CORRALILLO y PUNTA DE ARCO, en la comuna de TALCAHUANO. Concurren 3 carros de Bomberos de Talcahuano #Talcahuano #B5 #B8 #RB6 https://t.co/ZtHKsdHhZX;B-5
2023-10-02T18:54:30.000Z;2023-10-02;10-4-1: Estamos respondiendo a un Rescate en accidente de tránsito en las esquinas de IQUIQUE y JOTABECHE, en la comuna de TALCAHUANO. Concurren 2 carros de Bomberos de Talcahuano #Talcahuano #RB5 #B8 https://t.co/72M7cNTjns;RB-5
2023-10-03T12:26:37.000Z;2023-10-03;10-4-1: Estamos respondiendo a un Rescate en accidente de tránsito en las esquinas de AUTOPISTA CONCEPCION - TALCAHUANO y PASARELA PEATONAL MALL PLAZA TREBOL, en la comuna de TALCAHUANO. Concurren 2 carros de Bomberos de Talcahuano #Talcahuano #RB5 #B9 https://t.co/hxnXPMwjZ8;RB-5
2023-10-04T16:32:29.000Z;2023-10-04;10-8: Estamos respondiendo a una emergencia No Clasificada en las esquinas de LAS HORTENSIAS y AVENIDA COLON, en la comuna de TALCAHUANO. Concurre un carro de Bomberos de Talcahuano #Talcahuano #B5 https://t.co/YnhGQf8Gcx;B-5
2023-10-04T16:45:03.000Z;2023-10-04;10-8: Estamos respondiendo a una emergencia en las esquinas de LAS HORTENSIAS y AVENIDA COLON, en la comuna de TALCAHUANO. Concurren 3 carros de Bomberos de Talcahuano #Talcahuano #B5 #H9 #H8 https://t.co/YnhGQf8Gcx;B-5
2023-10-04T17:02:35.000Z;2023-10-04;10-8: Estamos respondiendo a una emergencia No Clasificada en las esquinas de LAS HORTENSIAS y AVENIDA COLON, en la comuna de TALCAHUANO. Concurren 4 carros de Bomberos de Talcahuano #Talcahuano #B5 #H9 #H8 #H4 https://t.co/YnhGQf8Gcx;B-5
2023-10-05T10:29:21.000Z;2023-10-05;10-8: Estamos respondiendo a una emergencia en las esquinas de SAN MIGUEL y AVENIDA COLON, en la comuna de TALCAHUANO. Concurre un carro de Bomberos de Talcahuano #Talcahuano #B5 https://t.co/ZwanY7d2yN;B-5
2023-10-05T14:21:27.000Z;2023-10-05;10-4-2: Estamos respondiendo a un Rescate en accidente de tránsito en las esquinas de ROTONDA BIOBIO y , en la comuna de TALCAHUANO. Concurren 3 carros de Bomberos de Talcahuano #Talcahuano #RB3 #RB5 #B8 https://t.co/f0AOeonGMz;RB-5
2023-10-06T17:54:20.000Z;2023-10-06;10-3-10: Estamos respondiendo a una emergencia por rescate de persona (s) en las esquinas de CALLE 5 y PASAJE 30, en la comuna de TALCAHUANO. Concurre un carro de Bomberos de Talcahuano #Talcahuano #RB5 https://t.co/5U1LjU3PD9;RB-5
2023-10-10T02:41:26.000Z;2023-10-09;10-4-1: Estamos respondiendo a un rescate vehicular en las esquinas de AUTOPISTA CONCEPCIÓN -TALCAHUANO ALTURA MALL PLAZA TRÉBOL y , en la comuna de TALCAHUANO. Concurren 2 carros de Bomberos de Talcahuano #Talcahuano #RB5 #B9 https://t.co/sqQMPuTfOI;RB-5
2023-10-11T13:33:40.000Z;2023-10-11;10-0-4: Estamos respondiendo a un Incendio estructural en las esquinas de PARQUES DE CARRIEL y AVENIDA TIERRAS COLORADAS, en la comuna de TALCAHUANO. Concurren 4 carros de Bomberos de Talcahuano #Talcahuano #B9 #Q2 #B4 #B5 https://t.co/xzVqOyMWbt;B-5
2023-10-11T20:02:03.000Z;2023-10-11;10-4-1: Estamos respondiendo a un Rescate en accidente de tránsito en las esquinas de AUTOPISTA CONCEPCION - TALCAHUANO y BENAVENTE, en la comuna de TALCAHUANO. Concurren 2 carros de Bomberos de Talcahuano #Talcahuano #RB5 #B4 https://t.co/rVlxcsdOuU;RB-5
2023-10-12T21:07:25.000Z;2023-10-12;10-3-4: Estamos respondiendo a un rescate de persona (s) en las esquinas de LAS HORTENSIAS y AVENIDA DESIDERIO GARCIA, en la comuna de TALCAHUANO. Concurre un carro de Bomberos de Talcahuano #Talcahuano #RB5 https://t.co/4BVrwosDM1;RB-5
2023-10-14T16:15:07.000Z;2023-10-14;10-3-9: Estamos respondiendo a un rescate de persona (s) en las esquinas de AV. DESIDERIO GARCÍA y ALTO HORNO, en la comuna de TALCAHUANO. Concurren 2 carros de Bomberos de Talcahuano #Talcahuano #RB5 #B8 https://t.co/Vu2eFRr5GG;RB-5
2023-10-16T14:32:28.000Z;2023-10-16;10-4-1: Estamos respondiendo a un Rescate en accidente de tránsito en las esquinas de AVENIDA COLON y JUAN GUILLERMO SOSA, en la comuna de TALCAHUANO. Concurren 2 carros de Bomberos de Talcahuano #Talcahuano #RB5 #B9 https://t.co/FOr9W3zpak;RB-5
2023-10-17T01:17:13.000Z;2023-10-16;10-9: Estamos respondiendo a prestar apoyo en un incidente que no es una emergencia en las esquinas de LAS MORERAS y AVENIDA ALTO HORNO, en la comuna de TALCAHUANO. Concurre un carro de Bomberos de Talcahuano #Talcahuano #B5 https://t.co/oagiRuCtTe;B-5
2023-10-17T10:49:26.000Z;2023-10-17;10-4-1: Estamos respondiendo a un Rescate en accidente de tránsito en las esquinas de ALMIRANTE NEFF y AVENIDA CLAUDIO GAY ORIENTE, en la comuna de TALCAHUANO. Concurren 2 carros de Bomberos de Talcahuano #Talcahuano #RB5 #B4 https://t.co/42hndIgihD;RB-5
2023-10-18T23:14:36.000Z;2023-10-18;10-4-2: Estamos respondiendo a un rescate vehicular en las esquinas de AVENIDA COSTANERA y AVENIDA LAS GOLONDRINAS, en la comuna de TALCAHUANO. Concurren 3 carros de Bomberos de Talcahuano #Talcahuano #RB5 #RB3 #B9 https://t.co/v50rOsPWnC;RB-5
2023-10-20T00:27:33.000Z;2023-10-19;10-4-1: Estamos respondiendo a un rescate vehicular en las esquinas de GENERAL BEAUCHEFF y BARROS ARANA, en la comuna de TALCAHUANO. Concurren 2 carros de Bomberos de Talcahuano #Talcahuano #B7 #RB5 https://t.co/MRgQ2KwxLv;RB-5
2023-10-20T00:46:43.000Z;2023-10-19;10-0-1: Estamos respondiendo a un Incendio estructural en las esquinas de VENECIA y ALDUNATE, en la comuna de TALCAHUANO. Concurren 3 carros de Bomberos de Talcahuano #Talcahuano #B8 #B4 #B5 https://t.co/tLRpEQeb6o;B-5
2023-10-20T19:08:35.000Z;2023-10-20;10-4-2: Estamos respondiendo a un Rescate en accidente de tránsito en las esquinas de SEMÁFORO AUTOPISTA ALTURA SHELL y , en la comuna de TALCAHUANO. Concurren 3 carros de Bomberos de Talcahuano #Talcahuano #RB5 #RB3 #B4 https://t.co/RRbsoShpXq;RB-5
2023-10-21T07:08:15.000Z;2023-10-21;10-4-1: Estamos respondiendo a un rescate vehicular en las esquinas de MONSENOR ALARCON y JAIME REPULLO, en la comuna de TALCAHUANO. Concurren 2 carros de Bomberos de Talcahuano #Talcahuano #RB5 #H4 https://t.co/4Mc1sKJq6J;RB-5
2023-10-23T11:05:31.000Z;2023-10-23;10-4-1: Estamos respondiendo a un rescate vehicular en las esquinas de AVENIDA GRAN BRETANA y ROTONDA, en la comuna de TALCAHUANO. Concurren 3 carros de Bomberos de Talcahuano #Talcahuano #RB3 #B11 #RB5 https://t.co/fR2oTpdFsn;RB-5
2023-10-24T22:43:27.000Z;2023-10-24;10-3-4: Estamos respondiendo a un rescate de persona (s) en las esquinas de JUAN GUILLERMO SOSA y VOLCAN LASKAR, en la comuna de TALCAHUANO. Concurre un carro de Bomberos de Talcahuano #Talcahuano #RB5 https://t.co/KZctZ4APvI;RB-5
2023-10-25T23:24:28.000Z;2023-10-25;10-4-1: Estamos respondiendo a un Rescate en accidente de tránsito en las esquinas de ALMIRANTE LATORRE y SUBIDA LA GLORIA, en la comuna de TALCAHUANO. Concurren 2 carros de Bomberos de Talcahuano #Talcahuano #RB5 #F1 https://t.co/qjbJsfgv9e;RB-5
2023-10-25T23:27:45.000Z;2023-10-25;10-4-1: Estamos respondiendo a un Rescate en accidente de tránsito en las esquinas de ALMIRANTE LATORRE y SUBIDA LA GLORIA, en la comuna de TALCAHUANO. Concurren 3 carros de Bomberos de Talcahuano #Talcahuano #RB5 #F1 #RB3 https://t.co/qjbJsfgv9e;RB-5
2023-10-26T11:35:12.000Z;2023-10-26;10-0-1: Estamos respondiendo a una emergencia estructural en las esquinas de 8 PONIENTE y AVIACION, en la comuna de TALCAHUANO. Concurren 3 carros de Bomberos de Talcahuano #Talcahuano #Q2 #B9 #B5 https://t.co/TjWGiCJwh9;B-5
2023-10-26T11:36:01.000Z;2023-10-26;10-0-1: Estamos respondiendo a una emergencia estructural en las esquinas de 8 PONIENTE y AVIACION, en la comuna de TALCAHUANO. Concurren 4 carros de Bomberos de Talcahuano #Talcahuano #Q2 #B9 #B5 #H4 https://t.co/TjWGiCJwh9;B-5
2023-10-26T22:34:12.000Z;2023-10-26;10-3-4: Estamos respondiendo a una emergencia por rescate de persona (s) en las esquinas de AVENIDA IFARLE ORIENTE y PUERTO MARINA, en la comuna de TALCAHUANO. Concurren 2 carros de Bomberos de Talcahuano #Talcahuano #RB5 #RH2 https://t.co/hlSYQ9pQNP;RB-5
2023-10-27T13:55:26.000Z;2023-10-27;10-4-1: Estamos respondiendo a un Rescate en accidente de tránsito en las esquinas de AVENIDA JORGE ALESSANDRI y AEROPUERTO CARRIEL SUR TERMINAL, en la comuna de TALCAHUANO. Concurren 3 carros de Bomberos de Talcahuano #Talcahuano #RB5 #B9 #RB3 https://t.co/vYk6wATtkF;RB-5
2023-10-27T17:55:52.000Z;2023-10-27;10-4-1: Estamos respondiendo a un Rescate en accidente de tránsito en las esquinas de AUTOPISTA CONCEPCION - TALCAHUANO y PASARELA PEATONAL MALL PLAZA TREBOL, en la comuna de TALCAHUANO. Concurren 2 carros de Bomberos de Talcahuano #Talcahuano #RB5 #B8 https://t.co/hxnXPMwjZ8;RB-5
2023-10-28T15:24:14.000Z;2023-10-28;10-0-1: Estamos respondiendo a un Incendio estructural en las esquinas de LAGO LLANQUIHUE y LAGO LANALHUE, en la comuna de TALCAHUANO. Concurren 3 carros de Bomberos de Talcahuano #Talcahuano #Q2 #B5 #B4 https://t.co/SqP9gRXsAh;B-5
2023-10-28T15:28:27.000Z;2023-10-28;10-0-1: Estamos respondiendo a un Incendio estructural en las esquinas de LAGO LLANQUIHUE y LAGO LANALHUE, en la comuna de TALCAHUANO. Concurren 6 carros de Bomberos de Talcahuano #Talcahuano #Q2 #B5 #B4 #B9 #B8 #F1 https://t.co/SqP9gRXsAh;B-5
2023-10-28T15:36:51.000Z;2023-10-28;10-0-1: Estamos respondiendo a un Incendio estructural en las esquinas de LAGO LLANQUIHUE y LAGO LANALHUE, en la comuna de TALCAHUANO. Concurren 8 carros de Bomberos de Talcahuano #Talcahuano #Q2 #B5 #B4 #B9 #B8 #F1 #B9 #H4 https://t.co/SqP9gRXsAh;B-5
2023-10-28T18:55:54.000Z;2023-10-28;10-10: Estamos respondiendo a emergencia por rebrote de incendio en las esquinas de LAGO LLANQUIHUE y LAGO LANALHUE, en la comuna de TALCAHUANO. Concurre un carro de Bomberos de Talcahuano #Talcahuano #B5 https://t.co/SqP9gRXsAh;B-5
2023-10-28T20:35:39.000Z;2023-10-28;10-4-1: Estamos respondiendo a un rescate vehicular en las esquinas de AVENIDA JUAN ANTONIO RIOS y ROTONDA, en la comuna de TALCAHUANO. Concurren 2 carros de Bomberos de Talcahuano #Talcahuano #B8 #RB5 https://t.co/JRyhhGzap9;RB-5
2023-10-29T23:49:47.000Z;2023-10-29;10-8: Estamos respondiendo a una emergencia en las esquinas de LOS CAPULIES y EL CARDON, en la comuna de TALCAHUANO. Concurre un carro de Bomberos de Talcahuano #Talcahuano #B5 https://t.co/wYlXYg1YS6;B-5
2023-10-31T01:13:19.000Z;2023-10-30;10-4-1: Estamos respondiendo a un rescate vehicular en las esquinas de RUTA 164 y PEAJE, en la comuna de TALCAHUANO. Concurren 3 carros de Bomberos de Talcahuano #Talcahuano #RB5 #B9 #RB3 https://t.co/vcKiJJuPKt;RB-5
2023-10-31T07:23:12.000Z;2023-10-31;10-0-1: Estamos respondiendo a una emergencia estructural en las esquinas de AVENIDA CRISTÓBAL COLÓN y ., en la comuna de TALCAHUANO. Concurren 3 carros de Bomberos de Talcahuano #Talcahuano #Q2 #B9 #B5 https://t.co/u2EyUIYX2d;B-5
2023-10-31T23:44:52.000Z;2023-10-31;10-0-1: Estamos respondiendo a un Incendio estructural en las esquinas de DOMINGO CANESA y JOSÉ MERCEDES CHANDÍA, en la comuna de TALCAHUANO. Concurren 3 carros de Bomberos de Talcahuano #Talcahuano #F7 #B8 #B5 https://t.co/HOCTTzD9Yl;B-5
2023-11-01T05:54:07.000Z;2023-11-01;10-4-1: Estamos respondiendo a un rescate vehicular en las esquinas de HUALPEN y AVENIDA COLON, en la comuna de TALCAHUANO. Concurren 2 carros de Bomberos de Talcahuano #Talcahuano #RB5 #F1 https://t.co/E7tYXuqu5q;RB-5
2023-11-01T13:00:42.000Z;2023-11-01;10-9: Estamos respondiendo a prestar apoyo en un incidente que no es una emergencia en las esquinas de COLCHAGUA y CHIMBARONGO, en la comuna de TALCAHUANO. Concurren 2 carros de Bomberos de Talcahuano #Talcahuano #B9 #B5 https://t.co/LLghvpwNAk;B-5
2023-11-01T15:06:08.000Z;2023-11-01;10-9: Estamos respondiendo a Otros servicios (no es una emergencia) en las esquinas de COLCHAGUA y CHIMBARONGO, en la comuna de TALCAHUANO. Concurre un carro de Bomberos de Talcahuano #Talcahuano #B5 https://t.co/LLghvpwNAk;B-5
2023-11-01T22:08:40.000Z;2023-11-01;10-4-1: Estamos respondiendo a un rescate vehicular en las esquinas de AVENIDA LAS GOLONDRINAS y AVENIDA COLON, en la comuna de TALCAHUANO. Concurren 2 carros de Bomberos de Talcahuano #Talcahuano #RB5 #B9 https://t.co/mguRHk6hjz;RB-5
2023-11-02T16:11:41.000Z;2023-11-02;10-0-1: Estamos respondiendo a un Incendio estructural en las esquinas de MAGALLANES y TARAPACA, en la comuna de TALCAHUANO. Concurren 3 carros de Bomberos de Talcahuano #Talcahuano #Q2 #B9 #B5 https://t.co/UjtQTuPt7O;B-5
2023-11-02T19:57:48.000Z;2023-11-02;10-3-4: Estamos respondiendo a un rescate de persona (s) en las esquinas de MONSENOR ALARCON y C. OLIVER, en la comuna de TALCAHUANO. Concurre un carro de Bomberos de Talcahuano #Talcahuano #RB5 https://t.co/GHYhFkxZEM;RB-5
2023-11-03T16:10:59.000Z;2023-11-03;10-3-4: Estamos respondiendo a una emergencia por rescate de persona (s) en las esquinas de GOMEZ CARRENO y LOS GLADIOLOS, en la comuna de TALCAHUANO. Concurre un carro de Bomberos de Talcahuano #Talcahuano #RB5 https://t.co/H0unBC3mZW;RB-5
2023-11-04T13:32:30.000Z;2023-11-04;10-4-1: Estamos respondiendo a un Rescate en accidente de tránsito en las esquinas de AVENIDA COLON y RUTA INTERPORTUARIA, en la comuna de TALCAHUANO. Concurren 2 carros de Bomberos de Talcahuano #Talcahuano #RB5 #F1 https://t.co/FKQyouPhWP;RB-5
2023-11-04T15:52:11.000Z;2023-11-04;10-3-4: Estamos respondiendo a una emergencia por rescate de persona (s) en las esquinas de AVENIDA BLANCO ENCALADA y VALDIVIA, en la comuna de TALCAHUANO. Concurre un carro de Bomberos de Talcahuano #Talcahuano #RB5 https://t.co/MRmqqfrN6O;RB-5
2023-11-04T16:59:51.000Z;2023-11-04;10-3-10: Estamos respondiendo a un rescate de persona (s) en las esquinas de COLÓN y MANUEL DE SALAS, en la comuna de TALCAHUANO. Concurre un carro de Bomberos de Talcahuano #Talcahuano #RB5 https://t.co/g1YaLYnPoA;RB-5
2023-11-05T00:10:48.000Z;2023-11-04;10-0-1: Estamos respondiendo a una emergencia estructural en las esquinas de JUAN GUILLERMO SOSA y VOLCAN LINZOR, en la comuna de TALCAHUANO. Concurren 3 carros de Bomberos de Talcahuano #Talcahuano #Q2 #B5 #B9 https://t.co/LmTBja2Gaq;B-5
2023-11-05T20:21:21.000Z;2023-11-05;10-4-1: Estamos respondiendo a un rescate vehicular en las esquinas de LOS ARAUCANOS y MALALCAHUELLO, en la comuna de TALCAHUANO. Concurren 3 carros de Bomberos de Talcahuano #Talcahuano #RB6 #RB3 #B5 https://t.co/gbHpKlRQWf;B-5
2023-11-06T10:18:55.000Z;2023-11-06;10-4-1: Estamos respondiendo a un Rescate en accidente de tránsito en las esquinas de TAL TAL y LOS LAMINADORES, en la comuna de TALCAHUANO. Concurren 2 carros de Bomberos de Talcahuano #Talcahuano #RB5 #F1 https://t.co/eFkAu7MQel;RB-5
2023-11-07T00:52:46.000Z;2023-11-06;10-3-4: Estamos respondiendo a un rescate de persona (s) en las esquinas de ALTO HORNO y DANIEL PAINE, en la comuna de TALCAHUANO. Concurre un carro de Bomberos de Talcahuano #Talcahuano #RB5 https://t.co/2BUW67hM0y;RB-5
2023-11-07T17:47:04.000Z;2023-11-07;10-0-1: Estamos respondiendo a un Incendio estructural en las esquinas de CARRIEL NORTE y INCENDIO, en la comuna de TALCAHUANO. Concurren 3 carros de Bomberos de Talcahuano #Talcahuano #Q2 #B5 #B9 https://t.co/4zjbg2TlTc;B-5
2023-11-07T17:54:09.000Z;2023-11-07;10-0-1: Estamos respondiendo a un Incendio estructural en las esquinas de CARRIEL NORTE y INCENDIO, en la comuna de TALCAHUANO. Concurren 4 carros de Bomberos de Talcahuano #Talcahuano #Q2 #B5 #B9 #B4 https://t.co/4zjbg2TlTc;B-5
2023-11-08T10:10:42.000Z;2023-11-08;10-3-4: Estamos respondiendo a una emergencia por rescate de persona (s) en las esquinas de COLCHAGUA y FUTALEUFU, en la comuna de TALCAHUANO. Concurre un carro de Bomberos de Talcahuano #Talcahuano #RB5 https://t.co/Wj98GHEWSa;RB-5
2023-11-08T11:06:29.000Z;2023-11-08;10-3-4: Estamos respondiendo a una emergencia por rescate de persona (s) en las esquinas de ALMIRANTE NEFF y MANUEL BARROS BORGONO, en la comuna de TALCAHUANO. Concurre un carro de Bomberos de Talcahuano #Talcahuano #RB5 https://t.co/jSoqZc0gf4;RB-5
2023-11-08T11:26:55.000Z;2023-11-08;10-4-1: Estamos respondiendo a un Rescate en accidente de tránsito en las esquinas de AVENIDA JORGE ALESSANDRI y AVENIDA SANTA MARIA, en la comuna de TALCAHUANO. Concurren 3 carros de Bomberos de Talcahuano #Talcahuano #RB5 #B9 #RB3 https://t.co/HqqmcsmgUu;RB-5
2023-11-09T11:17:17.000Z;2023-11-09;10-4-1: Estamos respondiendo a un rescate vehicular en las esquinas de AVENIDA GRAN BRETANA y ROTONDA, en la comuna de TALCAHUANO. Concurren 3 carros de Bomberos de Talcahuano #Talcahuano #RB3 #B8 #RB5 https://t.co/KlmAdUxo1c;RB-5
2023-11-09T18:51:11.000Z;2023-11-09;10-0-1: Estamos respondiendo a una emergencia estructural en las esquinas de BALMACEDA y BARROS ARANA, en la comuna de TALCAHUANO. Concurren 3 carros de Bomberos de Talcahuano #Talcahuano #B3 #B8 #B5 https://t.co/PZ4xGWwiY5;B-5
2023-11-09T18:59:55.000Z;2023-11-09;10-0-1: Estamos respondiendo a una emergencia estructural en las esquinas de BALMACEDA y BARROS ARANA, en la comuna de TALCAHUANO. Concurren 4 carros de Bomberos de Talcahuano #Talcahuano #B3 #B8 #B5 #Q2 https://t.co/PZ4xGWwiY5;B-5
2023-11-09T19:01:30.000Z;2023-11-09;10-0-1: Estamos respondiendo a una emergencia estructural en las esquinas de BALMACEDA y BARROS ARANA, en la comuna de TALCAHUANO. Concurren 5 carros de Bomberos de Talcahuano #Talcahuano #B3 #B8 #B5 #Q2 #F1 https://t.co/PZ4xGWwiY5;B-5
2023-11-09T20:50:52.000Z;2023-11-09;10-3-4: Estamos respondiendo a un rescate de persona (s) en las esquinas de RIO NUBLE y RIO BLANCO, en la comuna de TALCAHUANO. Concurre un carro de Bomberos de Talcahuano #Talcahuano #RB5 https://t.co/pI0D84OIxU;RB-5
2023-11-10T14:16:04.000Z;2023-11-10;10-0-1: Estamos respondiendo a un Incendio estructural en las esquinas de ACHAO y CALDERA, en la comuna de TALCAHUANO. Concurren 3 carros de Bomberos de Talcahuano #Talcahuano #Q2 #B9 #B5 https://t.co/TEO3ofrfJI;B-5
2023-11-11T00:17:26.000Z;2023-11-10;10-3-9: Estamos respondiendo a un rescate de persona (s) en las esquinas de TARAPACÁ y CALDERA, en la comuna de TALCAHUANO. Concurren 2 carros de Bomberos de Talcahuano #Talcahuano #B5 #B9 https://t.co/AZHpybMEc7;B-5
2023-11-11T14:35:44.000Z;2023-11-11;10-4-2: Estamos respondiendo a un Rescate en accidente de tránsito en las esquinas de COLÓN y MANUEL MONTT, en la comuna de TALCAHUANO. Concurren 3 carros de Bomberos de Talcahuano #Talcahuano #RB5 #RB3 #B8 https://t.co/KyUOITalBQ;RB-5
2023-11-11T19:09:28.000Z;2023-11-11;10-0-1: Estamos respondiendo a una emergencia estructural en las esquinas de HONDURAS y HONDURAS, en la comuna de TALCAHUANO. Concurren 3 carros de Bomberos de Talcahuano #Talcahuano #B8 #B4 #B5 https://t.co/KcSYM1p7M6;B-5
2023-11-11T23:08:56.000Z;2023-11-11;10-0-1: Estamos respondiendo a una emergencia estructural en las esquinas de BILBAO y BALMACEDA, en la comuna de TALCAHUANO. Concurren 3 carros de Bomberos de Talcahuano #Talcahuano #F1 #B5 #B9 https://t.co/pWWQ3lCa7i;B-5
2023-11-11T23:12:31.000Z;2023-11-11;10-0-1: Estamos respondiendo a un Incendio estructural en las esquinas de BILBAO y BALMACEDA, en la comuna de TALCAHUANO. Concurren 4 carros de Bomberos de Talcahuano #Talcahuano #F1 #B5 #B9 #B3 https://t.co/pWWQ3lCa7i;B-5
2023-11-12T02:45:38.000Z;2023-11-11;10-3-4: Estamos respondiendo a una emergencia por rescate de persona (s) en las esquinas de VALDIVIA y SARGENTO ALDEA, en la comuna de TALCAHUANO. Concurre un carro de Bomberos de Talcahuano #Talcahuano #RB5 https://t.co/xoxwE0eFnw;RB-5
2023-11-12T02:47:42.000Z;2023-11-11;10-3-4: Estamos respondiendo a un rescate de persona (s) en las esquinas de VALDIVIA y SARGENTO ALDEA, en la comuna de TALCAHUANO. Concurren 2 carros de Bomberos de Talcahuano #Talcahuano #RB5 #F1 https://t.co/xoxwE0eFnw;RB-5
2023-11-12T03:44:52.000Z;2023-11-12;10-4-1: Estamos respondiendo a un rescate vehicular en las esquinas de AUTOPISTA CONCEPCIÓN -TALCAHUANO ALTURA MALL PLAZA TRÉBOL y , en la comuna de TALCAHUANO. Concurren 2 carros de Bomberos de Talcahuano #Talcahuano #RB5 #B9 https://t.co/sqQMPuTfOI;RB-5
2023-11-12T14:44:58.000Z;2023-11-12;10-4-2: Estamos respondiendo a un rescate vehicular en las esquinas de MOLINA y AVENIDA COLON, en la comuna de TALCAHUANO. Concurren 3 carros de Bomberos de Talcahuano #Talcahuano #RB5 #RB3 #B8 https://t.co/EOqjpmEpPp;RB-5
2023-11-13T10:36:18.000Z;2023-11-13;10-3-4: Estamos respondiendo a una emergencia por rescate de persona (s) en las esquinas de LAGUNA AVENDANO y LAGO LLANQUIHUE, en la comuna de TALCAHUANO. Concurre un carro de Bomberos de Talcahuano #Talcahuano #RB5 https://t.co/3Ney8pkFhz;RB-5
2023-11-13T10:50:20.000Z;2023-11-13;10-4-1: Estamos respondiendo a un Rescate en accidente de tránsito en las esquinas de AVENIDA ALTO HORNO y LOS OLMOS, en la comuna de TALCAHUANO. Concurren 2 carros de Bomberos de Talcahuano #Talcahuano #RB5 #B8 https://t.co/I6fqm1tRAO;RB-5
2023-11-13T10:54:32.000Z;2023-11-13;10-4-1: Estamos respondiendo a un rescate vehicular en las esquinas de AVENIDA ALTO HORNO y LOS OLMOS, en la comuna de TALCAHUANO. Concurren 3 carros de Bomberos de Talcahuano #Talcahuano #RB5 #B8 #F1 https://t.co/I6fqm1tRAO;RB-5
2023-11-13T18:16:26.000Z;2023-11-13;10-3-4: Estamos respondiendo a un rescate de persona (s) en las esquinas de AUTOPISTA y RIO MAIPO, en la comuna de TALCAHUANO. Concurre un carro de Bomberos de Talcahuano #Talcahuano #RB5 https://t.co/U0BKBMusqE;RB-5
2023-11-14T16:51:05.000Z;2023-11-14;10-4-1: Estamos respondiendo a un rescate vehicular en las esquinas de AVENIDA PRESIDENTE JORGE ALESSANDRI RODRIGUEZ y AUTOPISTA, en la comuna de TALCAHUANO. Concurren 2 carros de Bomberos de Talcahuano #Talcahuano #RB5 #B8 https://t.co/P7YpPPdkIZ;RB-5
2023-11-15T00:02:14.000Z;2023-11-14;10-0-1: Estamos respondiendo a un Incendio estructural en las esquinas de LICANTÉN y PTO AGUIRRE, en la comuna de TALCAHUANO. Concurren 4 carros de Bomberos de Talcahuano #Talcahuano #Q2 #B9 #H9 #B5 https://t.co/IxnzzXZ0Z8;B-5
2023-11-16T06:17:33.000Z;2023-11-16;10-2-1: Estamos respondiendo a un Incendio de árbol o vegetación en las esquinas de OLLAGÜE y DIEGO PORTALES, en la comuna de TALCAHUANO. Concurre un carro de Bomberos de Talcahuano #Talcahuano #B5 https://t.co/TkCdjmj79a;B-5
2023-11-16T20:39:47.000Z;2023-11-16;10-3-10: Estamos respondiendo a una emergencia por rescate de persona (s) en las esquinas de JAIME REPULLO y CARRIEL NORTE, en la comuna de TALCAHUANO. Concurre un carro de Bomberos de Talcahuano #Talcahuano #RB5 https://t.co/DjKkqU72qZ;RB-5
2023-11-17T21:50:43.000Z;2023-11-17;10-4-1: Estamos respondiendo a un Rescate en accidente de tránsito en las esquinas de LAS HORTENSIAS y LOS DAMASCOS, en la comuna de TALCAHUANO. Concurren 2 carros de Bomberos de Talcahuano #Talcahuano #RB5 #B8 https://t.co/sPm510VDTu;RB-5
2023-11-18T16:00:23.000Z;2023-11-18;10-4-1: Estamos respondiendo a un Rescate en accidente de tránsito en las esquinas de JUAN GUILLERMO SOSA y GOMEZ CARRENO, en la comuna de TALCAHUANO. Concurren 2 carros de Bomberos de Talcahuano #Talcahuano #RB5 #H4 https://t.co/BZE4fzKdsT;RB-5
2023-11-18T17:58:31.000Z;2023-11-18;10-8: Estamos respondiendo a una emergencia en las esquinas de RIO MAULE y RIO CLARO, en la comuna de TALCAHUANO. Concurre un carro de Bomberos de Talcahuano #Talcahuano #B5 https://t.co/zGzdEA88h5;B-5
2023-11-18T23:06:44.000Z;2023-11-18;10-0-1: Estamos respondiendo a una emergencia estructural en las esquinas de JOTABECHE y ALMIRANTE NEFF, en la comuna de TALCAHUANO. Concurren 3 carros de Bomberos de Talcahuano #Talcahuano #Q2 #B5 #B8 https://t.co/U5zD0uFZF4;B-5
2023-11-18T23:09:47.000Z;2023-11-18;10-0-1: Estamos respondiendo a una emergencia estructural en las esquinas de JOTABECHE y ALMIRANTE NEFF, en la comuna de TALCAHUANO. Concurren 4 carros de Bomberos de Talcahuano #Talcahuano #Q2 #B5 #B8 #B4 https://t.co/U5zD0uFZF4;B-5
2023-11-19T15:37:26.000Z;2023-11-19;10-0-1: Estamos respondiendo a una emergencia estructural en las esquinas de RÍO CHOAPA y LOS JACINTOS, en la comuna de TALCAHUANO. Concurren 3 carros de Bomberos de Talcahuano #Talcahuano #Q2 #B5 #B4 https://t.co/9NSrgExw3R;B-5
2023-11-19T23:02:26.000Z;2023-11-19;10-4-1: Estamos respondiendo a un Rescate en accidente de tránsito en las esquinas de SUBIDA LA GLORIA y ALMIRANTE LATORRE, en la comuna de TALCAHUANO. Concurren 2 carros de Bomberos de Talcahuano #Talcahuano #RB5 #F1 https://t.co/qjbJsfgv9e;RB-5
2023-11-19T23:34:33.000Z;2023-11-19;10-3-5: Estamos respondiendo a una emergencia por rescate de persona (s) en las esquinas de AVENIDA AVIACION y 6 PONIENTE, en la comuna de TALCAHUANO. Concurren 2 carros de Bomberos de Talcahuano #Talcahuano #RB5 #RH2 https://t.co/eY1536zIOl;RB-5
2023-11-19T23:43:31.000Z;2023-11-19;10-3-5: Estamos respondiendo a un rescate de persona (s) en las esquinas de AVENIDA AVIACION y 6 PONIENTE, en la comuna de TALCAHUANO. Concurren 3 carros de Bomberos de Talcahuano #Talcahuano #RB5 #RH2 #RB6 https://t.co/eY1536zIOl;RB-5
2023-11-22T19:35:54.000Z;2023-11-22;10-3-4: Estamos respondiendo a una emergencia por rescate de persona (s) en las esquinas de COLÓN y PASAJE SANTA BERNADITA, en la comuna de TALCAHUANO. Concurre un carro de Bomberos de Talcahuano #Talcahuano #RB5 https://t.co/LdR0uln11w;RB-5
2023-11-22T19:47:40.000Z;2023-11-22;10-5-1: Estamos respondiendo a una emergencia donde están involucrados Materiales Peligrosos en las esquinas de GRAN BRETAÑA y CALLE 1, en la comuna de TALCAHUANO. Concurren 5 carros de Bomberos de Talcahuano #Talcahuano #B9 #H8 #H4 #H11 #RB5 https://t.co/RQuz0nFTe2;RB-5
2023-11-22T20:01:28.000Z;2023-11-22;10-5-1: Estamos respondiendo a una emergencia donde están involucrados Materiales Peligrosos en las esquinas de GRAN BRETAÑA y CALLE 1, en la comuna de TALCAHUANO. Concurren 6 carros de Bomberos de Talcahuano #Talcahuano #B9 #H8 #H4 #H11 #RB5 #X4 https://t.co/RQuz0nFTe2;RB-5
2023-11-23T18:08:59.000Z;2023-11-23;10-15: Estamos respondiendo a una emergencia simulada (Simulacro) en las esquinas de HOSPITAL LAS HIGUERAS y , en la comuna de TALCAHUANO. Concurren 4 carros de Bomberos de Talcahuano #Talcahuano #B8 #B5 #F1 #RB5 https://t.co/PKn9HhzBOn;B-5,RB-5
2023-11-24T09:27:44.000Z;2023-11-24;10-4-1 ALMIRANTE NEFF / AVENIDA COLON RB-5, H-8 https://t.co/BrHNGH0h6g;RB-5
2023-11-24T17:24:32.000Z;2023-11-24;10-4-2 RUTA INTERPORTUARIA / PUENTE LAS BALLENAS RB-3, RB-5, F-1 https://t.co/AHYELdy4xT;RB-5
2023-11-24T22:33:53.000Z;2023-11-24;10-3-10 EJERCITO / AVENIDA COLON RB-5 https://t.co/IPVxU2D2bm;RB-5
2023-11-24T23:18:21.000Z;2023-11-24;10-4-1 AUTOPISTA CONCEPCION - TALCAHUANO / PUENTE PERALES RB-5 https://t.co/hw4GpOBqUU;RB-5
2023-11-25T12:13:33.000Z;2023-11-25;10-8 1 ORIENTE / 2 NORTE B-5 https://t.co/O3d51BjNgj;B-5
2023-11-25T15:00:51.000Z;2023-11-25;10-4-1 AVENIDA COLON / MONSENOR ALARCON RB-5, H-4 https://t.co/gmSPHV5j2R;RB-5
2023-11-25T23:02:33.000Z;2023-11-25;10-4-1 AUTOPISTA CONCEPCION - TALCAHUANO / PASO NIVEL O\'HIGGINS RB-5, B-8 https://t.co/NexrS7pbdL;RB-5
2023-11-26T12:45:11.000Z;2023-11-26;10-4-1 GRAN BRETAÑA / ALGARROBO RB-5, RB-3, F-1 https://t.co/Xku7VOjs6B;RB-5
2023-11-27T01:46:34.000Z;2023-11-26;10-4-1 RUTA INTERPORTUARIA / PEAJE TRONCAL ALESSANDRI /  RB-5, H-9, RB-3 https://t.co/Xd8Qx7HZ4p;RB-5
2023-11-28T14:24:31.000Z;2023-11-28;10-4-1 AVENIDA LAS GOLONDRINAS / LONDRES RB-5, H-9 https://t.co/n8q7P7tks5;RB-5
2023-11-28T16:07:59.000Z;2023-11-28;10-4-2 AVENIDA COLON / AVENIDA LAS GOLONDRINAS RB-5, H-9 https://t.co/mguRHk6hjz;RB-5
2023-11-30T00:00:59.000Z;2023-11-29;10-3-10 CALLE A / CALLE J RB-5, Q-2 https://t.co/Q8PY6VQZza;RB-5
2023-11-30T20:41:41.000Z;2023-11-30;SALE RB-5 A 10-4-1 RUTA INTERPORTUARIA / PUENTE LAS BALLENAS https://t.co/AHYELdy4xT;RB-5
2023-11-30T22:07:34.000Z;2023-11-30;10-3-4 CARLOS DITTBORN / CARLOS URZUA RB-5 https://t.co/iLx20PKNpt;RB-5
2023-11-30T22:45:19.000Z;2023-11-30;SALE B-5 A 10-8 COLCHAGUA / CHEPICA https://t.co/FUAKfgyvUe;B-5
2023-12-01T21:31:34.000Z;2023-12-01;10-3-4 LOS TILOS / BOLDO RB-5 https://t.co/Td71OQiPx8;RB-5
2023-12-02T12:54:49.000Z;2023-12-02;10-3-4 ALMIRANTE VILLARROEL / RETORNO A TALCAHUANO RB-5 https://t.co/Oi3fnYyIxg;RB-5
2023-12-02T18:28:48.000Z;2023-12-02;10-3-4 JUAN GUILLERMO SOSA / LAS DALIAS RB-5 https://t.co/PShOQnhEdq;RB-5
2023-12-02T20:50:40.000Z;2023-12-02;10-3-10 SAN MIGUEL / EJERCITO RB-5 https://t.co/KJ3qogeshx;RB-5
2023-12-02T21:51:34.000Z;2023-12-02;10-4-2 IQUIQUE / AVENIDA COLON RB-5, B-8, B-3 https://t.co/LzVJdvK2An;RB-5
2023-12-03T19:01:38.000Z;2023-12-03;10-3-4 AVENIDA JORGE ALESSANDRI / PASARELA LOMAS DE SAN ANDRES RB-5 https://t.co/hrxA4Dsa3V;RB-5
2023-12-04T03:24:46.000Z;2023-12-04;10-8 MANUEL BAYON / PASAJE 1 B-5 https://t.co/l0KIqK2FWw;B-5
2023-12-04T22:04:01.000Z;2023-12-04;10-3-4 RÍO PAINE / RIO PILMAIQUEN RB-5 https://t.co/5DtMmqI7C2;RB-5
2023-12-06T10:33:57.000Z;2023-12-06;10-3-4 COLÓN / MANUEL MONTT RB-5 https://t.co/KyUOITalBQ;RB-5
2023-12-06T15:45:04.000Z;2023-12-06;10-3-4 AUTOPISTA CONCEPCIÓN-TALCAHUANO ALTURA ROSEN /  RB-5 https://t.co/naWk0f1Tdr;RB-5
2023-12-07T19:39:30.000Z;2023-12-07;10-1-1 AV. CLAUDIO GAY OTE. / C. 1 RB-5 https://t.co/WfHnKSOlZN;RB-5
2023-12-09T18:07:57.000Z;2023-12-09;SALE RB-5 A 10-4-1 JOSE TORIBIO MEDINA / SIMPSON https://t.co/Y7pTuJ6kuu;RB-5
2023-12-09T21:59:06.000Z;2023-12-09;10-4-1 JUAN GUILLERMO SOSA / VOLCAN OSORNO RB-5, B-4 https://t.co/96fOqBto4L;RB-5
2023-12-11T16:00:23.000Z;2023-12-11;10-3-7 CARRIEL NORTE / VASCO NUNEZ DE BALBOA RB-5, RH-2 https://t.co/dIZMX3yDGn;RB-5
2023-12-11T21:05:30.000Z;2023-12-11;10-4-2 AVENIDA TALCAHUANO / 1 ORIENTE RB-5, RB-3, H-9 https://t.co/4eNv1z9Y8m;RB-5
2023-12-11T23:09:01.000Z;2023-12-11;10-3-10 RÍO MAULE / LAS ILUSIONES RB-5 https://t.co/Us1DztBvBr;RB-5
2023-12-12T00:04:41.000Z;2023-12-11;10-4-1 AVENIDA COLON / MANUEL MONTT RB-5, H-8 https://t.co/RtOtQ9Ht3a;RB-5
2023-12-12T02:11:20.000Z;2023-12-11;10-0-1 ACHAO / CALDERA H-9, B-5, B-4 https://t.co/ZQJlaTjE69;B-5
2023-12-12T18:16:05.000Z;2023-12-12;10-6-3 GABRIEL TORO / THOMSON RB-5, F-1 https://t.co/DpzAyGORS4;RB-5
2023-12-13T02:30:05.000Z;2023-12-12;10-7 LAS MARGARITAS / RIO MAULE B-5 https://t.co/RatFZkKg8s;B-5
2023-12-13T15:25:43.000Z;2023-12-13;10-4-1 AVENIDA GRAN BRETANA / AVENIDA ROCOTO RB-3, B-9, RB-5 https://t.co/SkRcOVxJ6v;RB-5
2023-12-14T15:09:33.000Z;2023-12-14;10-3-10 GOMEZ CARRENO / CALLE 1 RB-5 https://t.co/jaJxL6FRmI;RB-5
2023-12-17T16:23:29.000Z;2023-12-17;10-0-1 CALLE 3 / PASAJE 10 F-7, B-5, B-9 https://t.co/8rM0LCsJNQ;B-5
2023-12-17T23:12:46.000Z;2023-12-17;10-3-4 AVENIDA COLON / HUALPEN RB-5 https://t.co/E7tYXuqu5q;RB-5
2023-12-19T18:22:00.000Z;2023-12-19;10-0-1 ANTONIO DE LA FUENTE / ECHEVERRIA Q-2, F-1, B-5 https://t.co/MvDIQ0CDdm;B-5
2023-12-20T11:55:20.000Z;2023-12-20;10-4-1 AUTOPISTA CONCEPCIÓN-TALCAHUANO ALTURA LA RUTA /  RB-5, B-9 https://t.co/5zdgencHX4;RB-5
2023-12-21T00:01:48.000Z;2023-12-20;10-3-4 CLAUDIO GAY / JUAN GUILLERMO SOSA RB-5 https://t.co/GmvQBDqaaT;RB-5
2023-12-22T22:13:16.000Z;2023-12-22;10-3-4 LAS AZUCENAS / LOS PENSAMIENTOS RB-5 https://t.co/z14upesrEB;RB-5
2023-12-23T05:48:44.000Z;2023-12-23;10-7 LAGO BUDI / LAGO LLANQUIHUE B-5 https://t.co/1kluLymZa7;B-5
2023-12-24T03:23:44.000Z;2023-12-24;10-3-9 BUENOS AIRES / ELEUTERIO RAMIREZ RB-5 https://t.co/SSgo68Tarz;RB-5
2023-12-25T05:40:28.000Z;2023-12-25;10-8 EL RETAMO / LOS CAPULIES B-5 https://t.co/mDgj4cU7kg;B-5
2023-12-26T22:32:28.000Z;2023-12-26;10-4-1 AVENIDA GRAN BRETANA / CALLE 1 RB-5, RB-3, H-8 https://t.co/yG4ubfXvvr;RB-5
2023-12-28T13:37:27.000Z;2023-12-28;10-12 A 10-0 BELGRADO / LAS GOLONDRINAS Q-2, B-5 https://t.co/KYZjmNPxY1;B-5
2023-12-30T21:13:15.000Z;2023-12-30;10-9 VALLENAR / PORTEZUELO RB-5 https://t.co/x281SyqSoG;RB-5
2023-12-31T14:54:02.000Z;2023-12-31;10-2-1 LAS HORTENSIAS / RIO ACONGAGUA B-5 https://t.co/g1beY5Lcj3;B-5
2023-12-31T15:21:19.000Z;2023-12-31;10-2-1 LOS PINOS / AVENIDA COLON B-5 https://t.co/QUtwRwOU24;B-5
2023-12-31T21:07:00.000Z;2023-12-31;10-3-4 GERMAN RIESCO / ERCILLA RB-5 https://t.co/tnkAv6ZAtJ;RB-5
2024-01-01T15:31:12.000Z;2024-01-01;10-3-9 LOS EUCALIPTUS / LAS MAGNOLIAS RB-5 https://t.co/PkcuwuZ2XW;RB-5
2024-01-01T02:33:59.000Z;2023-12-31;10-0-1 8 PONIENTE / EJERCITO Q-2, B-9, B-5 https://t.co/fbXRyMcIdW;B-5
2024-01-02T16:10:10.000Z;2024-01-02;10-0-1 CUATRO PONIENTE / CONCEPCION Q-2, B-9, B-5 https://t.co/64O2MT9HEu;B-5
2024-01-03T15:44:28.000Z;2024-01-03;10-3-4 JAIME REPULLO / MONSENOR ALARCON RB-5 https://t.co/Id2BjzrpXf;RB-5
2024-01-03T03:41:16.000Z;2024-01-03;10-4-1 RÍO DIGUILLÍN / LAS MARGARITAS RB-5, H-4 https://t.co/YGzUUvQGe0;RB-5
2024-01-04T22:37:46.000Z;2024-01-04;10-4-1 AVENIDA COLON / SAN MIGUEL RB-5, B-4 https://t.co/ZwanY7d2yN;RB-5
2024-01-04T21:11:16.000Z;2024-01-04;10-0-3 ENTRADA PRINCIPAL MALL PLAZA TREBOL / PASEO BOULEVARD MALL PLAZA TREBOL B-9, B-4, B-5, H-8, Q-2, RB-3 https://t.co/hBJWt6tTd3;B-5
2024-01-04T11:04:32.000Z;2024-01-04;10-4-1 AUTOPISTA CONCEPCIÓN-TALCAHUANO/ ENLACE PUENTE O\'HIGGINS /  RB-5, B-9 https://t.co/5rnSB4Iag4;RB-5
2024-01-07T14:31:32.000Z;2024-01-07;10-2-1 ARTEAGA ALEMPARTE / RIO HUERTA B-5 https://t.co/B3CxLQdTix;B-5
2024-01-10T21:01:37.000Z;2024-01-10;10-4-2 AUTOPISTA / RIO HUASCO RB-5, RB-3, B-9 https://t.co/WhgIv7ZfZV;RB-5
2024-01-10T18:18:55.000Z;2024-01-10;10-4-1 LAS HORTENSIAS / LOS DAMASCOS RB-5, B-8 https://t.co/qKUKsgWtqT;RB-5
2024-01-10T13:11:54.000Z;2024-01-10;10-4-2 ROTONDA HUACHIPATO /  RB-3, RB-5, B-8 https://t.co/heSfGBbNeZ;RB-5
2024-01-10T11:44:42.000Z;2024-01-10;10-6-3 LAS DALIAS / ALMIRANTE NEFF B-4, H-8, RB-5 https://t.co/eLCy1t4Z7Y;RB-5
2024-01-11T18:01:08.000Z;2024-01-11;10-4-1 AV. DESIDERIO GARCÍA / COLÓN RB-5, B-4 https://t.co/B2jgXOJtAW;RB-5
2024-01-11T01:07:48.000Z;2024-01-10;10-8 AVIACION / SAN MIGUEL B-5 https://t.co/8Bym6BQ60Y;B-5
2024-01-12T23:50:01.000Z;2024-01-12;SALE B-5 A 10-4-2 AVENIDA COLON / 18 DE SEPTIEMBRE https://t.co/ovqI1KOFjA;B-5
2024-01-12T23:45:33.000Z;2024-01-12;10-4-2 AVENIDA COLON / 18 DE SEPTIEMBRE RB-5, RB-6, F-1 https://t.co/ovqI1KOFjA;RB-5
2024-01-12T13:19:13.000Z;2024-01-12;10-4-2 AVENIDA LAS GOLONDRINAS / AVENIDA GRAN BRETANA RB-5, RB-3, B-4 https://t.co/ynTxweLxPu;RB-5
2024-01-13T16:33:57.000Z;2024-01-13;10-4-2 AVENIDA COLON / HUALPEN RB-3, B-5, F-1 https://t.co/E7tYXuqu5q;B-5
2024-01-14T12:21:22.000Z;2024-01-14;10-8 3 NORTE / 1 ORIENTE B-5 https://t.co/p9QuB1HJVL;B-5
2024-01-14T17:59:21.000Z;2024-01-14;10-2-1 LAS HORTENSIAS / AVENIDA COLON B-5 https://t.co/T7BwsE0SMv;B-5
2024-01-15T00:49:58.000Z;2024-01-14;10-9 4 PONIENTE / SAN MIGUEL B-5 https://t.co/U3cTzZUgcr;B-5
2024-01-15T03:23:24.000Z;2024-01-15;10-4-1 RIO TIRUA / RIO MAPOCHO B-5, B-4 https://t.co/l3MJLzH84B;B-5
2024-01-16T01:13:57.000Z;2024-01-15;10-4-1 SAN MIGUEL / AVENIDA COLON RB-5, H-4 https://t.co/ZwanY7d2yN;RB-5
2024-01-17T13:08:36.000Z;2024-01-17;10-3-4 AVENIDA COLON / MONSENOR ALARCON RB-5 https://t.co/gmSPHV5j2R;RB-5
2024-01-17T12:26:09.000Z;2024-01-17;10-4-1 AVENIDA COLON / MANUEL MONTT B-8, RB-5 https://t.co/RtOtQ9Ht3a;RB-5
2024-01-17T00:42:11.000Z;2024-01-16;10-8 QUILLOTA / COLCHAGUA B-5 https://t.co/wwrOePZL2Y;B-5
2024-01-18T21:18:46.000Z;2024-01-18;SALE B-5 A 10-2-1 AVIACION / COLCHAGUA https://t.co/l2LEPRvl6o;B-5
2024-01-18T20:49:28.000Z;2024-01-18;10-3-10 AVENIDA COLON / SAN MIGUEL RB-5 https://t.co/ZwanY7d2yN;RB-5
2024-01-18T01:24:22.000Z;2024-01-17;10-7 PASAJE CINCO / LAGO LLANQUIHUE B-5 https://t.co/AJwfQBPdW7;B-5
2024-01-19T18:43:51.000Z;2024-01-19;10-3-4 EL CARMEN / SAN CARLOS RB-5 https://t.co/RJu7dfc2dV;RB-5
2024-01-19T05:34:35.000Z;2024-01-19;10-4-1 MALL PLAZA DEL TREBOL /  RB-5, B-9 https://t.co/XKtT337rCU;RB-5
2024-01-20T22:01:03.000Z;2024-01-20;10-0-4 AISEN / COLCHAGUA B-5, Q-2, B-8, F-1 https://t.co/3m6DWI1ifl;B-5
2024-01-20T00:32:31.000Z;2024-01-19;10-3-4 JAIME REPULLO / ARTEAGA ALEMPARTE RB-5 https://t.co/eoYlwrfN1H;RB-5
2024-01-21T18:33:14.000Z;2024-01-21;10-0-1 LAGUNA REDONDA / LAGO PIRIHUEICO Q-2, B-5, B-9 https://t.co/kObirUCa5M;B-5
2024-01-21T00:52:26.000Z;2024-01-20;10-4-1 AUTOPISTA CONCEPCION - TALCAHUANO / AVENIDA JORGE ALESSANDRI B-5, B-8 https://t.co/3q3zhyQKL0;B-5
2024-01-21T00:48:01.000Z;2024-01-20;10-3-4 GOMEZ CARRENO / MONSENOR ALARCON RB-5 https://t.co/FLBdS2p7e3;RB-5
2024-01-23T15:44:53.000Z;2024-01-23;10-3-4 LAS HORTENSIAS / LAS AMAPOLAS RB-5 https://t.co/8wVx6ReQ8t;RB-5
2024-01-23T01:26:04.000Z;2024-01-22;10-3-4 AUTOPISTA CONCEPCION - TALCAHUANO / AVENIDA COLON RB-5 https://t.co/xb3y3s3dKj;RB-5
2024-01-25T01:09:55.000Z;2024-01-24;10-0-1 COPIAPÓ / IQUIQUE B-8, B-5, B-3, F-7 https://t.co/LzhaiVLBXl;B-5
2024-01-26T18:26:58.000Z;2024-01-26;10-4-1 LA MARINA / 4 NORTE RB-5, B-9 https://t.co/cGo2PeUGJ9;RB-5
2024-01-27T22:32:20.000Z;2024-01-27;10-4-1 VALDIVIA / AVENIDA TUMBES RB-5, B-11 https://t.co/i9jFe2loJp;RB-5
2024-01-30T19:22:32.000Z;2024-01-30;10-0-1 ERRAZURIZ / MANUEL MONTT Q-2, BR-01, B-5 https://t.co/pnO3MTH3mr;B-5
2024-01-30T14:19:26.000Z;2024-01-30;10-4-1 AVENIDA COLON / MONSENOR ALARCON RB-5, B-9 https://t.co/gmSPHV5j2R;RB-5
2024-02-01T23:28:03.000Z;2024-02-01;10-3-4 LUIS CRUCHAGA / IQUIQUE RB-5 https://t.co/SkeoIwp5ov;RB-5
2024-02-01T19:52:05.000Z;2024-02-01;10-4-1 LAS AMAPOLAS / LAS HORTENSIAS RB-5, B-4 https://t.co/ezYMxL7RhO;RB-5
2024-02-01T16:48:28.000Z;2024-02-01;10-4-2 AUTOPISTA CONCEPCIÓN-TALCAHUANO ALTURA LA RUTA /  RB-5, RB-3, B-9 https://t.co/zvitn2Ipgj;RB-5
2024-02-02T23:02:42.000Z;2024-02-02;10-3-4 CARLOS DITTBORN / LAS HORTENSIAS RB-5 https://t.co/DFYxr9UWhB;RB-5
2024-02-03T23:48:14.000Z;2024-02-03;10-0-1 CUATRO ESQUINAS - CALETA LENGA / AVENIDA LENGA B-9, RB-5, B-4 https://t.co/eIpHWq7hHP;RB-5
2024-02-03T23:44:01.000Z;2024-02-03;10-12 A 10-2 MINA REGALO FUSION / CAMINO MINA TORRE X-4, B-5, F-1, F-7, Z-6 https://t.co/uCD4le4jOg;B-5
2024-02-04T23:01:36.000Z;2024-02-04;10-4-1 INCHALAM-AVENIDA GRAN BRETAÑA /  RB-3, RB-5, B-8 https://t.co/AkBQDdNvej;RB-5
2024-02-05T10:54:02.000Z;2024-02-05;10-4-1 RUTA INTERPORTUARIA / PEAJE TRONCAL ALESSANDRI /  RB-5, B-4, RB-3 https://t.co/Xd8Qx7HZ4p;RB-5
2024-02-06T15:02:05.000Z;2024-02-06;10-12 A 10-0 LAS HERAS / COLO COLO RB-5 https://t.co/5f3Ul41p12;RB-5
2024-02-06T19:28:50.000Z;2024-02-06;10-4-2 AUTOPISTA CONCEPCIÓN - TALCAHUANO / PISTA HACIA TALCAHUANO RB-3, RB-5, B-9 https://t.co/maxhoN7y05;RB-5
2024-02-06T20:56:23.000Z;2024-02-06;10-3-4 CUATRO PONIENTE / CONCEPCION RB-5 https://t.co/BFzecLGP1J;RB-5
2024-02-07T00:38:54.000Z;2024-02-06;10-3-4 AVENIDA COLON / AUTOPISTA CONCEPCION - TALCAHUANO RB-5 https://t.co/nm0r88D4BP;RB-5
2024-02-07T01:02:40.000Z;2024-02-06;10-3-4 JUAN GUILLERMO SOSA / AVENIDA COLON RB-5 https://t.co/FOr9W3zpak;RB-5
2024-02-07T01:39:17.000Z;2024-02-06;10-4-1 MONSENOR ALARCON / AVENIDA COLON RB-5, RB-3 https://t.co/gmSPHV5j2R;RB-5
2024-02-07T22:07:51.000Z;2024-02-07;10-4-1 ROTONDA HUACHIPATO /  RB-3, B-8, RB-5 https://t.co/heSfGBbNeZ;RB-5
2024-02-08T13:05:03.000Z;2024-02-08;10-4-1 CLAUDIO GAY / ALMIRANTE NEFF B-4, RB-5 https://t.co/gq3tI2hlZO;RB-5
2024-02-08T22:35:38.000Z;2024-02-08;10-0-4 ROMERAL / TARAPACA Q-2, B-5, B-4, B-8 https://t.co/N46TDGwQPI;B-5
2024-02-12T19:00:48.000Z;2024-02-12;10-3-4 CALLE J / AVENIDA IFARLE RB-5, RH-2 https://t.co/CrTTWA9fu5;RB-5
2024-02-14T04:22:50.000Z;2024-02-14;SALE B-5 A 10-12 A 10-0 CAUTÍN / TRAIGUÉN https://t.co/Ga81AFN764;B-5
2024-02-14T15:51:28.000Z;2024-02-14;10-4-1 GRAN BRETAÑA / AVENIDA COSTANERA RB-5, B-9, RB-3 https://t.co/fXLnp1Vagb;RB-5
2024-02-15T13:22:47.000Z;2024-02-15;10-4-1 LAS HORTENSIAS / LAS AMAPOLAS RB-5, H-8 https://t.co/1KW3a7nv1b;RB-5
2024-02-15T17:24:59.000Z;2024-02-15;10-3-4 AUTOPISTA CONCEPCIÓN-TALCAHUANO ALTURA MALL PLAZA EL TRÉBOL /  RB-5 https://t.co/sqQMPuTfOI;RB-5
2024-02-16T22:42:13.000Z;2024-02-16;10-4-1 ROTONDA HUACHIPATO /  RB-3, B-8, RB-5 https://t.co/heSfGBbNeZ;RB-5
2024-02-16T23:08:14.000Z;2024-02-16;10-3-4 AUTOPISTA CONCEPCIÓN-TALCAHUANO ALTURA MALL PLAZA EL TRÉBOL /  RB-5 https://t.co/sqQMPuTfOI;RB-5
2024-02-17T02:16:32.000Z;2024-02-16;10-4-1 DANIEL PAINE / AVENIDA ALTO HORNO RB-5, B-8 https://t.co/55Y2zly4VS;RB-5
2024-02-17T21:18:19.000Z;2024-02-17;10-4-1 AMÉRICO VESPUCIO / CALLE DE SERVICIO O\'HIGGINS RB-5, B-9 https://t.co/CLf5RR7dvh;RB-5
2024-02-19T13:36:55.000Z;2024-02-19;10-0-1 5 PONIENTE / AVENIDA TALCAHUANO Q-2, B-9, B-5 https://t.co/lQ6ZdUrKSy;B-5
2024-02-21T00:35:08.000Z;2024-02-20;10-9 LAGO LLANQUIHUE / LAGO CALAFQUEN B-5 https://t.co/1Z64QpOOrI;B-5
2024-02-21T11:10:54.000Z;2024-02-21;10-4-2 PASARELA INACAP AUTOPISTA CONCEPCIÓN-TALCAHUANO /  RB-5, RB-3, B-9 https://t.co/iYq76E7trf;RB-5
2024-02-22T10:49:44.000Z;2024-02-22;10-4-1 AVENIDA LAS GOLONDRINAS / 2 PONIENTE RB-5, B-9 https://t.co/Gh6GhGBA5d;RB-5
2024-02-24T04:07:20.000Z;2024-02-24;10-0-1 HIGUERAS / IQUIQUE B-8, B-5, BR-01 https://t.co/Sm1eWqRBft;B-5
2024-02-24T17:22:03.000Z;2024-02-24;10-4-2 GRAN BRETAÑA / ISLA SANTA MARIA RB-5, RB-6, B-8 https://t.co/RYSnKuMmpV;RB-5
2024-02-26T18:18:03.000Z;2024-02-26;10-4-1 AUTOPISTA CONCEPCION - TALCAHUANO / JAIME REPULLO RB-5, B-9 https://t.co/GvPyzFeCMp;RB-5
2024-02-27T00:18:22.000Z;2024-02-26;10-9 SANTA INÉS / RIO NUBLE RB-5 https://t.co/ishYy5Hvdp;RB-5
2024-02-28T17:40:03.000Z;2024-02-28;10-0-1 8 PONIENTE / EJERCITO Q-2, B-9, B-5 https://t.co/fbXRyMcIdW;B-5
2024-02-28T23:34:03.000Z;2024-02-28;10-4-1 AVENIDA VASCO NÚÑEZ DE BALBOA / C. 13 RB-5, RH-2 https://t.co/HJa3Pn3JW1;RB-5
2024-02-29T02:57:25.000Z;2024-02-28;10-4-1 LAS HORTENSIAS / EL CIPRES RB-5, B-4 https://t.co/zOlnKv8Yrg;RB-5
2024-02-29T22:07:12.000Z;2024-02-29;10-9 RÍO PAINE / LAS MARGARITAS B-5 https://t.co/Iqwf5xT0ya;B-5
2024-03-01T19:23:55.000Z;2024-03-01;10-4-1 AVENIDA COLON / MOLINA RB-5, B-8 https://t.co/YccJ1od7u4;RB-5
2024-03-01T23:33:30.000Z;2024-03-01;10-0-1 GONZÁLEZ RÍOS / COLÓN Q-2, H-4, B-5 https://t.co/dIi0wUFlwk;B-5
2024-03-02T01:10:28.000Z;2024-03-01;10-3-10 EL CACTUS / LAS HORTENSIAS RB-5 https://t.co/29PQ23QJpW;RB-5
2024-03-02T20:13:17.000Z;2024-03-02;10-4-1 AVENIDA COLON / CONSTITUCION RB-3, B-5 https://t.co/PTpo5axMWt;B-5
2024-03-04T13:17:16.000Z;2024-03-04;10-3-10 LAS HERAS / AVENIDA COLON RB-5 https://t.co/cmPuXYF7ZH;RB-5
2024-03-04T23:30:51.000Z;2024-03-04;10-3-4 7 NORTE / LA MARINA RB-5 https://t.co/0lDjqQ6MmJ;RB-5
2024-03-06T17:58:40.000Z;2024-03-06;10-9 AEROPUERTO CARRIEL SUR TERMINAL / AVENIDA JORGE ALESSANDRI Z-9, B-5 https://t.co/vYk6wATtkF;B-5
2024-03-07T02:18:28.000Z;2024-03-06;10-8 LAGUNA LA POSADA / . B-5 https://t.co/NiNLI8pVY3;B-5
2024-03-08T02:38:53.000Z;2024-03-07;10-3-10 HOSPITAL LAS HIGUERAS /  RB-5 https://t.co/PKn9HhzBOn;RB-5
2024-03-08T15:21:19.000Z;2024-03-08;10-3-10 AV. DESIDERIO GARCÍA / COLEGIO ESPIRITU SANTO RB-5 https://t.co/QDeik7XWOQ;RB-5
2024-03-09T00:04:58.000Z;2024-03-08;10-0-1 CARLOS DITTBORN / LAS AZALEAS B-8, B-5, B-4 https://t.co/4JLIWBnnqx;B-5
2024-03-09T21:11:34.000Z;2024-03-09;10-3-10 COLÓN / HIGUERAS RB-5 https://t.co/dZ0q2cTSPZ;RB-5
2024-03-11T10:40:06.000Z;2024-03-11;10-8 1 ORIENTE / 1 NORTE B-5 https://t.co/iHDqgmahVG;B-5
2024-03-11T15:24:35.000Z;2024-03-11;10-9 ROMERAL / PUERTO EDEN RB-5 https://t.co/TsCVitUFxL;RB-5
2024-03-11T20:55:01.000Z;2024-03-11;SALE B-5 A 10-0-1 ALCATRAZ / LOS PITIGUES https://t.co/ROLiMeKDIU;B-5
2024-03-13T01:19:36.000Z;2024-03-12;10-2-1 CERRO MACERA /  B-5 https://t.co/SUOPZgq5EV;B-5
2024-03-15T00:50:41.000Z;2024-03-14;10-0-1 EL RETAMO / LOS CAPULIES Q-2, B-5, B-4 https://t.co/kfNtV58yIC;B-5
2024-03-15T11:04:43.000Z;2024-03-15;10-4-1 RUTA INTERPORTUARIA / PUENTE LAS BALLENAS B-3, BR-01, RB-5 https://t.co/AHYELdy4xT;RB-5
2024-03-15T15:53:03.000Z;2024-03-15;10-3-2 LOS JACINTOS / LAS AMAPOLAS RH-2, RB-5 https://t.co/3Ax0UunhaM;RB-5
2024-03-15T23:10:45.000Z;2024-03-15;10-4-1 AVENIDA GRAN BRETAÑA / ALTURA INDURA RB-5, B-8, RB-6 https://t.co/VGlmkBkkJz;RB-5
2024-03-15T23:40:06.000Z;2024-03-15;SALE B-5 A 10-12 A 10-0 FINLANDIA / GRAN BRETAÑA https://t.co/8bMDX6ccj5;B-5
2024-03-16T01:55:03.000Z;2024-03-15;10-3-9 SAN CARLOS / BALMACEDA RX-5, H-9 https://t.co/B4lxKtTgYs;RX-5
2024-03-16T12:39:01.000Z;2024-03-16;10-0-1 PASAJE 2 / QUILLOTA Q-2, B-5, B-4 https://t.co/u3hWnHuf64;B-5
2024-03-17T03:24:01.000Z;2024-03-17;10-4-1 VASCO NUNEZ DE BALBOA / CALLE 1 RX-5, B-9 https://t.co/ersQZwNgVq;RX-5
2024-03-17T05:27:23.000Z;2024-03-17;10-0-1 RÍO MAULE / LOS NARDOS Q-2, B-5, B-4 https://t.co/AMjVgnPaIq;B-5
2024-03-18T14:57:53.000Z;2024-03-18;SALE RX-5 A 10-4-1 VALDIVIA / LA UNION https://t.co/dVOdglleVK;RX-5
2024-03-19T00:34:22.000Z;2024-03-18;10-9 DALCAHUE / PUERTO EDEN B-5 https://t.co/238vyenOTA;B-5
2024-03-19T00:53:06.000Z;2024-03-18;SALE RX-5 A 10-9 DALCAHUE / PUERTO EDEN https://t.co/238vyenOTA;RX-5
2024-03-19T08:33:45.000Z;2024-03-19;10-0-1 EJERCITO / AVIACION Q-2, B-9, B-5 https://t.co/apAVIgVizZ;B-5
2024-03-19T10:01:33.000Z;2024-03-19;SALE RX-5 A 10-3-4 AVENIDA ESPANA / JUAN DE LA CRUZ TAPIA https://t.co/nTGIR0zUyA;RX-5
2024-03-21T02:13:41.000Z;2024-03-20;10-4-1 JUAN GUILLERMO SOSA / CLAUDIO GAY RX-5, H-8 https://t.co/GmvQBDqaaT;RX-5
2024-03-21T15:43:16.000Z;2024-03-21;10-3-9 CUATRO PONIENTE / AVIACION RX-5, H-9 https://t.co/lFuAql2tun;RX-5
2024-03-22T09:29:53.000Z;2024-03-22;10-0-1 SUECIA / GRECIA Q-2, B-5, B-9 https://t.co/9WgkNY4swB;B-5
2024-03-22T13:53:24.000Z;2024-03-22;10-4-1 LAS HORTENSIAS / LAS AMAPOLAS RX-5, B-4 https://t.co/ezYMxL7RhO;RX-5
2024-03-23T02:27:52.000Z;2024-03-22;10-4-1 PASARELA INACAP AUTOPISTA CONCEPCIÓN-TALCAHUANO /  RX-5, B-4 https://t.co/iYq76E7trf;RX-5
2024-03-23T11:17:42.000Z;2024-03-23;10-4-2 ROTONDA HUACHIPATO /  RB-3, RX-5, B-8 https://t.co/heSfGBbNeZ;RX-5
2024-03-25T11:48:40.000Z;2024-03-25;10-4-1 AVENIDA LAS GOLONDRINAS / 5 PONIENTE RX-5, B-9 https://t.co/V8KIGXzlAj;RX-5
2024-03-26T11:56:13.000Z;2024-03-26;10-4-1 AUTOPISTA CONCEPCIÓN - TALCAHUANO / CALLE DE SERVICIO RX-5, RH-2 https://t.co/yeS9k503N3;RX-5
2024-03-26T22:05:00.000Z;2024-03-26;10-3-4 AVENIDA LAS GOLONDRINAS / HOLANDA RX-5 https://t.co/c1OAYjTQe9;RX-5
2024-03-26T23:28:47.000Z;2024-03-26;10-9 RÍO PAINE / LAS MARGARITAS RX-5 https://t.co/Iqwf5xT0ya;RX-5
2024-03-27T14:28:07.000Z;2024-03-27;10-4-2 COLÓN / MARINERO FUENTEALBA RX-5, RB-3, B-9 https://t.co/3DpcCDZv82;RX-5
2024-03-28T21:28:05.000Z;2024-03-28;10-4-1 MANUEL MONTT / AVENIDA COLON RX-5, B-8 https://t.co/RtOtQ9Ht3a;RX-5
2024-03-30T03:14:10.000Z;2024-03-30;10-3-4 AVENIDA GRAN BRETANA / CALLE 1 RX-5 https://t.co/yG4ubfXvvr;RX-5
2024-04-02T19:16:31.000Z;2024-04-02;10-6-1 LA VEGA / BALMACEDA B-5 https://t.co/QedbpSMaeG;B-5
2024-04-03T12:03:20.000Z;2024-04-03;10-12 A 10-4 AV. COSTANERA / FINLANDIA RX-5 https://t.co/LnWwTOn6Sk;RX-5
2024-04-03T17:07:56.000Z;2024-04-03;10-4-1 AVENIDA COLON / ALMIRANTE NEFF RX-5, B-9 https://t.co/BrHNGH0h6g;RX-5
2024-04-04T18:34:06.000Z;2024-04-04;10-0-1 RÍO ALLIPÉN / RIO TINGUIRRICA Q-2, B-5, B-9 https://t.co/Kmk5kNhcqV;B-5
2024-04-06T07:11:29.000Z;2024-04-06;10-3-4 ACCESO AVENIDA IFARLE / AVENIDA IFARLE RX-5 https://t.co/ixIuV6rPVM;RX-5
2024-04-07T00:46:17.000Z;2024-04-06;10-12 A 10-0 VICUÑA MACKENNA / MARCOS RAMIREZ B-5 https://t.co/0fbO10YMxk;B-5
2024-04-07T04:50:22.000Z;2024-04-07;10-4-1 AUTOPISTA CONCEPCIÓN-TALCAHUANO ALTURA COPEC /  RX-5, B-4 https://t.co/AcJcjZYH01;RX-5
2024-04-07T19:56:21.000Z;2024-04-07;SALE RX-5 A 10-4-1 SAN MIGUEL / 4 PONIENTE https://t.co/U3cTzZUgcr;RX-5
2024-04-09T02:53:28.000Z;2024-04-08;10-0-1 LICANTÉN / PUERTO CRISTAL Q-2, B-5, B-4 https://t.co/oDvaB18q08;B-5
2024-04-09T22:21:18.000Z;2024-04-09;10-0-1 JAIME REPULLO / MONSENOR ALARCON Q-2, B-4, B-5 https://t.co/NVgC1BDHt4;B-5
2024-04-10T02:07:55.000Z;2024-04-09;10-2-1 AVIACIÓN / PASAJE 3 B-5 https://t.co/7cyCKQXE8a;B-5
2024-04-12T14:58:20.000Z;2024-04-12;10-3-4 LAGO PEÑUELAS / LAGO LLANQUIHUE RX-5 https://t.co/SCqRhh5eVW;RX-5
2024-04-12T17:35:17.000Z;2024-04-12;10-0-1 RÍO YESO / RIO PETROHUE Q-2, B-5, H-9 https://t.co/fwLaMLJ1nH;B-5
2024-04-13T14:24:51.000Z;2024-04-13;10-4-1 AUTOPISTA CONCEPCIÓN-TALCAHUANO ALTURA COPEC /  RX-5, B-9 https://t.co/AcJcjZYH01;RX-5
2024-04-14T00:56:28.000Z;2024-04-13;10-4-1 AUTOPISTA CONCEPCION - TALCAHUANO / BENAVENTE RX-5, B-9 https://t.co/rVlxcsdOuU;RX-5
2024-04-15T11:29:46.000Z;2024-04-15;10-4-1 CARLOS DITTBORN / AVENIDA DESIDERIO GARCIA RX-5, B-11 https://t.co/ZaEzZLzxzq;RX-5
2024-04-15T16:44:55.000Z;2024-04-15;10-4-2 VALDIVIA / MIRANDA RB-3, RX-5, B-1 https://t.co/1sWpjpMhwS;RX-5
2024-04-15T23:45:55.000Z;2024-04-15;10-4-1 AVENIDA LAS GOLONDRINAS / PANQUEHUE RX-5, B-9 https://t.co/HGK0CAfmcm;RX-5
2024-04-16T12:59:59.000Z;2024-04-16;10-3-10 AVENIDA ALTO HORNO / DANIEL PAINE RX-5 https://t.co/55Y2zly4VS;RX-5
2024-04-17T15:59:15.000Z;2024-04-17;10-0-4 PLAYA LAS BALSAS / PLAYA EL GALGO B-3, H-8, B-5 https://t.co/ReTC5gBlq0;B-5
2024-04-17T18:01:15.000Z;2024-04-17;10-6-3 AV. DESIDERIO GARCÍA / PISA RX-5 https://t.co/6XvzfsMyrY;RX-5
2024-04-18T15:58:04.000Z;2024-04-18;SALE RX-5 A 10-3-9 AVENIDA ESPANA / AVENIDA PEDRO MONTT https://t.co/O4YR96BFnt;RX-5
2024-04-18T21:00:51.000Z;2024-04-18;10-4-1 AVENIDA GRAN BRETANA / CALLE 1 RX-5, B-9, RB-3 https://t.co/yG4ubfXvvr;RX-5
2024-04-18T21:25:07.000Z;2024-04-18;10-4-1 AVENIDA ALTO HORNO / MEXICO RX-5, B-8 https://t.co/jT2zIh3GDr;RX-5
2024-04-18T21:40:03.000Z;2024-04-18;10-3-4 AVENIDA LAS GOLONDRINAS / 5 PONIENTE RX-5 https://t.co/V8KIGXzlAj;RX-5
2024-04-19T12:26:31.000Z;2024-04-19;SALE RX-5 A 10-4-1 AVENIDA COLON / HUALPEN https://t.co/E7tYXuqu5q;RX-5
2024-04-19T19:26:53.000Z;2024-04-19;10-4-1 LAS HORTENSIAS / LAS AMAPOLAS RX-5, B-4 https://t.co/ezYMxL7RhO;RX-5
2024-04-19T19:36:25.000Z;2024-04-19;SALE RX-5 A 10-4-1 AVENIDA JORGE ALESSANDRI / AEROPUERTO CARRIEL SUR TERMINAL https://t.co/vYk6wATtkF;RX-5
2024-04-20T01:18:49.000Z;2024-04-19;10-3-4 QUILLOTA / AVENIDA LAS GOLONDRINAS RX-5 https://t.co/M13gkUoDCh;RX-5
2024-04-21T00:09:23.000Z;2024-04-20;10-0-1 LOS YAGANES / LOS PEHUENCHES B-8, B-4, B-5 https://t.co/TcK3qDri0w;B-5
2024-04-21T05:09:38.000Z;2024-04-21;10-0-1 JOTABECHE / ALMIRANTE NEFF B-7, B-4, B-5 https://t.co/JBrvKbQds1;B-5
2024-04-23T19:05:23.000Z;2024-04-23;10-4-1 AV. DESIDERIO GARCÍA / ALTO HORNO RX-5, H-8 https://t.co/QDeik7XWOQ;RX-5
2024-04-23T22:32:48.000Z;2024-04-23;10-3-4 6 PONIENTE / AVENIDA TALCAHUANO RX-5 https://t.co/ty8pdn88YH;RX-5
2024-04-24T17:02:01.000Z;2024-04-24;10-3-10 CARLOS DITTBORN / CARLOS URZUA RX-5 https://t.co/iLx20PKNpt;RX-5
2024-04-24T20:21:41.000Z;2024-04-24;10-3-4 CANELO / LAS PATAGUAS RX-5 https://t.co/ZvrsDKnN0L;RX-5
2024-04-24T22:10:21.000Z;2024-04-24;10-3-9 LAS AZUCENAS / LAS AMAPOLAS RX-5 https://t.co/rJu6fd84ul;RX-5
2024-04-25T15:18:23.000Z;2024-04-25;10-8 AVENIDA CLAUDIO GAY ORIENTE / TOROMIRO B-5 https://t.co/fe73jhssxp;B-5
2024-04-26T16:33:11.000Z;2024-04-26;10-0-1 JAIME REPULLO / GUINDO Q-2, B-5, B-9 https://t.co/6HgtyHiZBM;B-5
2024-04-27T00:21:31.000Z;2024-04-26;10-4-1 PASARELA INACAP AUTOPISTA CONCEPCIÓN-TALCAHUANO /  RX-5, RH-2 https://t.co/iYq76E7trf;RX-5
2024-04-27T07:14:00.000Z;2024-04-27;10-0-1 FEDERICO ELTON / JOSE MIGUEL CHANDIA H-8, B-4, B-5 https://t.co/nEoXLnTErT;B-5
2024-04-27T23:42:59.000Z;2024-04-27;10-4-2 AVENIDA COLON / MOLINA RX-5, RB-3, H-8 https://t.co/YccJ1od7u4;RX-5
2024-04-28T14:22:55.000Z;2024-04-28;10-4-1 AVENIDA COSTANERA / AVENIDA GRAN BRETANA RX-5, B-9, RB-3 https://t.co/eerYuh6hLA;RX-5
2024-04-28T15:46:19.000Z;2024-04-28;10-4-1 LAS HORTENSIAS / LAS AMAPOLAS RX-5, B-4 https://t.co/pSTbPZKP7s;RX-5
2024-04-29T00:53:31.000Z;2024-04-28;10-3-4 AVENIDA LAS GOLONDRINAS / SUECIA RX-5 https://t.co/gf3pyfaVCx;RX-5
2024-04-29T11:42:37.000Z;2024-04-29;10-4-1 AVENIDA GRAN BRETAÑA / ALTURA INDURA RB-3, H-8, RX-5 https://t.co/VGlmkBkkJz;RX-5
2024-04-29T13:02:54.000Z;2024-04-29;10-4-2 JUAN GUILLERMO SOSA / AVENIDA COLON RX-5, RB-3, H-8 https://t.co/FOr9W3zpak;RX-5
2024-04-29T17:24:05.000Z;2024-04-29;10-17-2 LAS AZUCENAS / LAS AMAPOLAS B-5 https://t.co/yYrZ51wjqL;B-5
2024-05-01T09:30:03.000Z;2024-05-01;10-0-1 ALGARROBO / LOS LLEUQUES Q-2, B-4, B-5 https://t.co/po86LQmV4V;B-5
2024-05-01T17:20:34.000Z;2024-05-01;10-3-4 AV. DINAHUE / C. 1 RX-5 https://t.co/pa0N8hZb4K;RX-5
2024-05-02T02:56:16.000Z;2024-05-01;10-4-1 AVENIDA COLON / LAS AMAPOLAS RX-5, B-4 https://t.co/JKj25zoPrO;RX-5
2024-05-02T10:50:13.000Z;2024-05-02;10-6-3 AV. DESIDERIO GARCÍA / LOS LAMINADORES H-8, H-4, RX-5 https://t.co/cuK3Dhs7xA;RX-5
2024-05-03T20:57:56.000Z;2024-05-03;10-4-1 UNIVERSIDAD ANDRÉS BELLO /  RX-5, RH-2 https://t.co/jpzNVcN7ps;RX-5
2024-05-04T00:48:56.000Z;2024-05-03;10-17-1 2 ORIENTE / SAN MIGUEL B-5 https://t.co/Eq0dLNEzeS;B-5
2024-05-04T02:22:15.000Z;2024-05-03;10-0-1 EL CARMEN / SAN CARLOS Q-2, B-4, B-5 https://t.co/hgU78c9SNF;B-5
2024-05-04T17:18:08.000Z;2024-05-04;10-3-9 GÓMEZ CARREÑO / INTERIOR SUPERMERCADO ACUENTA RX-5, H-4 https://t.co/18xwJW9Y0E;RX-5
2024-05-04T19:04:07.000Z;2024-05-04;SALE RX-5 A 10-4-1 COLÓN / HUALPÉN https://t.co/otounqQJo6;RX-5
2024-05-04T19:44:45.000Z;2024-05-04;10-4-2 COLÓN / HUALPÉN RB-3, RX-5, B-1 https://t.co/otounqQJo6;RX-5
2024-05-05T09:08:17.000Z;2024-05-05;10-4-1 AUTOPISTA CONCEPCIÓN-TALCAHUANO ALTURA MALL PLAZA EL TRÉBOL /  RX-5, B-9 https://t.co/sqQMPuTfOI;RX-5
2024-05-05T23:51:06.000Z;2024-05-05;10-3-4 ACCESO A AEROPUERTO CARRIEL SUR / CALLE DE SERVICIO JORGE ALESSANDRI RX-5 https://t.co/AE1NvpEww2;RX-5
2024-05-08T17:58:50.000Z;2024-05-08;10-3-4 AVENIDA CRISTÓBAL COLÓN / CUATRO NORTE RX-5 https://t.co/sajAIIx3xf;RX-5
2024-05-09T01:35:42.000Z;2024-05-08;10-4-1 AVENIDA GRAN BRETANA / AVENIDA COSTANERA RB-3, RX-5, H-8 https://t.co/nXLwxWI4Q5;RX-5
2024-05-09T20:31:41.000Z;2024-05-09;10-3-4 SEIS NORTE / LA MARINA RX-5 https://t.co/keQBfkGzEr;RX-5
2024-05-09T23:43:48.000Z;2024-05-09;10-4-1 AUTOPISTA CONCEPCIÓN-TALCAHUANO ALTURA MALL PLAZA EL TRÉBOL /  RX-5, B-9 https://t.co/sqQMPuTfOI;RX-5
2024-05-10T01:36:26.000Z;2024-05-09;10-0-1 LOS NOTROS / ALGARROBO Q-2, B-4, B-5 https://t.co/QzwnBsxjq4;B-5
2024-05-10T04:19:26.000Z;2024-05-10;10-4-1 VASCO NUNEZ DE BALBOA / CALLE 1 RX-5, RH-2 https://t.co/ersQZwNgVq;RX-5
2024-05-11T18:10:51.000Z;2024-05-11;SALE B-5 A 10-0-4 AVENIDA PARQUES DE CARRIEL / VALLE DE AZAPA https://t.co/dfTcuCUS3x;B-5
2024-05-12T18:58:48.000Z;2024-05-12;10-12 A 10-0 BÉLGICA / BRISTOL B-5, Q-2 https://t.co/kNlKrP0qH3;B-5
2024-05-12T20:45:16.000Z;2024-05-12;10-4-1 ALMIRANTE NEFF / AVENIDA CLAUDIO GAY ORIENTE RX-5, B-4 https://t.co/42hndIgihD;RX-5
2024-05-12T22:31:49.000Z;2024-05-12;10-4-1 AUTOPISTA CONCEPCIÓN-TALCAHUANO ALTURA MALL PLAZA EL TRÉBOL /  RX-5, B-9 https://t.co/sqQMPuTfOI;RX-5
2024-05-12T23:17:03.000Z;2024-05-12;10-4-1 RUTA INTERPORTUARIA / AVENIDA JORGE ALESSANDRI RB-3, B-1, RX-5 https://t.co/Be5slx21pP;RX-5
2024-05-13T00:05:04.000Z;2024-05-12;10-4-2 AVENIDA DEL PESCADOR / LA CANCHA RB-6, RB-3, RX-5 https://t.co/PnMMjTePSM;RX-5
2024-05-13T05:49:42.000Z;2024-05-13;10-12 A 10-0 GRECIA / LEBU Z-9, B-5, Q-2 https://t.co/KIwjOnMSdd;B-5
2024-05-13T22:18:24.000Z;2024-05-13;10-0-1 JAIME REPULLO / VOLCAN OSORNO Q-2, B-4, B-5 https://t.co/BgEevjKxTB;B-5
2024-05-14T17:51:28.000Z;2024-05-14;10-3-9 COLCHAGUA / LA LIGUA RX-5, B-9 https://t.co/cKtEFqQQNf;RX-5
2024-05-15T00:04:25.000Z;2024-05-14;10-0-1 DOMINGO CANESA / DANIEL PAINE Q-2, B-4, RX-5 https://t.co/VoIM4vkVj0;RX-5
2024-05-15T04:36:25.000Z;2024-05-15;10-4-1 JUAN GUILLERMO SOSA / LAS DALIAS RX-5, B-4 https://t.co/AX7fEgYBz5;RX-5
2024-05-15T23:46:25.000Z;2024-05-15;10-0-1 LA LIGUA / TARAPACA Q-2, RX-5, H-8 https://t.co/0hquWErEl0;RX-5
2024-05-15T23:50:09.000Z;2024-05-15;SALE B-5 A 10-0-1 LA LIGUA / TARAPACA https://t.co/0hquWErEl0;B-5
2024-05-17T13:32:26.000Z;2024-05-17;10-3-4 LAGO LLANQUIHUE / LAGO PENUELAS RX-5 https://t.co/1vcRK1lVGS;RX-5
2024-05-17T15:05:02.000Z;2024-05-17;10-15 MALL PLAZA DEL TREBOL /  B-9, BM-2, RX-5 https://t.co/XKtT337rCU;RX-5
2024-05-18T21:57:07.000Z;2024-05-18;10-0-1 CARLOS OLIVER / LOS JUNCOS Q-2, B-4, RX-5 https://t.co/sYUqkEz7WZ;RX-5
2024-05-18T21:59:17.000Z;2024-05-18;SALE B-5 A 10-0-1 CARLOS OLIVER / LOS JUNCOS https://t.co/sYUqkEz7WZ;B-5
2024-05-19T00:12:29.000Z;2024-05-18;10-3-1 PASAJE CINCO / LAGO LLANQUIHUE B-5 https://t.co/CU7zdBsZ6Q;B-5
2024-05-19T00:15:55.000Z;2024-05-18;SALE RX-5 A 10-3-1 PASAJE CINCO / LAGO LLANQUIHUE https://t.co/CU7zdBsZ6Q;RX-5
2024-05-19T01:00:36.000Z;2024-05-18;10-8 COLCHAGUA / PUEBLO HUNDIDO B-5 https://t.co/O67NVCXz0v;B-5
2024-05-20T19:21:25.000Z;2024-05-20;10-0-3 SARGENTO ALDEA / SAN MARTIN B-1, RB-3, B-7, B-8, Q-2, RX-5 https://t.co/7j8ZZ8gU4N;RX-5
2024-05-20T22:03:56.000Z;2024-05-20;10-8 AVENIDA ALTO HORNO / LAS ALMENDRAS B-5 https://t.co/q4NO9MmZqV;B-5
2024-05-21T02:02:23.000Z;2024-05-20;10-4-2 COLÓN / CHACABUCO RB-3, RX-5, H-11 https://t.co/IDUjfFWkvN;RX-5
2024-05-21T02:19:07.000Z;2024-05-20;10-4-1 ALGARROBO / LOS MARDONOS B-4, RX-5 https://t.co/X9UD47OBNF;RX-5
2024-05-21T08:51:40.000Z;2024-05-21;10-12 A 10-4 ALONSO DE RIVERA / ALTURA LAGUNA LO GALINDO RX-5 https://t.co/BpfLGZnPdc;RX-5
2024-05-21T11:32:37.000Z;2024-05-21;10-12 A 10-0 C. TRANCURA / PJE. TRECE B-5, Q-2, Z-9 https://t.co/v3chGWlCRm;B-5
2024-05-22T16:19:29.000Z;2024-05-22;10-3-4 ALTO HORNO / EL NOGAL RX-5 https://t.co/z5OBd0qQaz;RX-5
2024-05-23T02:39:14.000Z;2024-05-22;10-8 RÍO MAULE / RÍO MAPOCHO B-5 https://t.co/skyu5j8FWq;B-5
2024-05-23T11:43:00.000Z;2024-05-23;10-4-2 GABRIEL TORO / ORELLA RB-3, RX-5, B-1 https://t.co/uLUMH7ARdC;RX-5
2024-05-24T12:39:30.000Z;2024-05-24;10-4-2 AVENIDA COLON / BILBAO RB-3, RX-5, B-1 https://t.co/iw6C6DX4Xu;RX-5
2024-05-24T14:35:01.000Z;2024-05-24;10-3-4 CARLOS DITTBORN / JOSE MIGUEL CHANDIA RX-5 https://t.co/1Esw0CrwPL;RX-5
2024-05-25T13:29:20.000Z;2024-05-25;10-4-1 AUTOPISTA CONCEPCION - TALCAHUANO / BENAVENTE RX-5, B-9 https://t.co/rVlxcsdOuU;RX-5
2024-05-25T22:31:40.000Z;2024-05-25;10-3-4 RÍO MAPOCHO / RIO PILMAIQUEN RX-5 https://t.co/tuBVHPhuxX;RX-5
2024-05-27T00:21:22.000Z;2024-05-26;10-4-1 LAS ACACIAS / CARLOS DITTBORN B-8, B-5 https://t.co/JVOLQ8RDOr;B-5
2024-05-27T00:31:36.000Z;2024-05-26;SALE RX-5 A 10-4-1 LAS ACACIAS / CARLOS DITTBORN https://t.co/JVOLQ8RDOr;RX-5
2024-05-27T00:58:58.000Z;2024-05-26;10-1-1 AVENIDA LAS GOLONDRINAS / AISEN B-5 https://t.co/Y2Q87klZY4;B-5
2024-05-27T01:31:53.000Z;2024-05-26;10-4-1 AVENIDA GRAN BRETANA / AVENIDA ROCOTO RX-5, B-8, RB-3 https://t.co/6cBPteLaEd;RX-5
2024-05-27T01:33:59.000Z;2024-05-26;SALE B-5 A 10-4-1 AVENIDA GRAN BRETANA / AVENIDA ROCOTO https://t.co/6cBPteLaEd;B-5
2024-05-27T02:45:58.000Z;2024-05-26;10-4-1 EJERCITO / AVENIDA COLON RX-5, H-4 https://t.co/YSMRTL9LnF;RX-5
2024-05-27T13:17:12.000Z;2024-05-27;10-6-3 CATEMU / COLCHAGUA H-4, H-11, RX-5 https://t.co/3ayMiBb901;RX-5
2024-05-27T19:16:05.000Z;2024-05-27;10-3-4 CATEMU / DALCAHUE RX-5 https://t.co/2omqxPCM1d;RX-5
2024-05-28T14:46:33.000Z;2024-05-28;10-0-1 DOCE NORTE / UNO ORIENTE Q-2, B-9, B-5 https://t.co/JAE4B6vTDc;B-5
2024-05-29T01:32:15.000Z;2024-05-28;10-4-2 AVENIDA LAS GOLONDRINAS / CALDERA RX-5, RB-3, B-4 https://t.co/zx1T19bvWe;RX-5
2024-05-29T12:39:44.000Z;2024-05-29;10-3-9 JAIME REPULLO / VOLCAN OSORNO RX-5, H-4 https://t.co/zkN5o7dfye;RX-5
2024-05-29T12:47:44.000Z;2024-05-29;10-3-9 CUATRO SUR / OCHO PONIENTE RX-5, H-9 https://t.co/a22KPi1MMI;RX-5
2024-05-30T03:33:08.000Z;2024-05-29;10-3-9 RIO TIRUA / LAGO LANALHUE RX-5 https://t.co/l3MJLzH84B;RX-5
2024-05-30T21:27:15.000Z;2024-05-30;10-3-9 LUMA / CLAUDIO GAY RX-5, H-9 https://t.co/yl9DmhMAlD;RX-5
2024-05-31T23:06:40.000Z;2024-05-31;10-4-1 ROTONDA BIO-BIO /  RB-3, B-8, RX-5 https://t.co/f0AOeon8X1;RX-5
2024-05-31T23:46:28.000Z;2024-05-31;10-4-2 ALGARROBO / GRAN BRETAÑA RB-3, RX-5, H-8 https://t.co/HjCySnEtvM;RX-5
2024-06-02T03:38:14.000Z;2024-06-01;SALE B-4, B-5, Q-2 A 10-0-1 SERRANO / BALMACEDA https://t.co/KTOkz15Iad;B-5
2024-06-03T05:58:24.000Z;2024-06-03;10-1-1 ATACAMA / FUTALEUFU B-5 https://t.co/lZ5OQkhBrz;B-5
2024-06-04T03:18:24.000Z;2024-06-03;10-0-1 LOS NARDOS / RIO MATAQUITO Q-2, B-5, H-8 https://t.co/Fs3HCuEtSt;B-5
2024-06-04T03:57:11.000Z;2024-06-03;10-4-1 CASINO MARINA DEL SOL /  RX-5, RH-2 https://t.co/6V92UQlOQd;RX-5
2024-06-04T12:10:47.000Z;2024-06-04;10-6-3 JUAN GUILLERMO SOSA / VOLCAN TOLGUACA H-4, H-9, RX-5 https://t.co/282UVIhVdA;RX-5
2024-06-05T23:00:24.000Z;2024-06-05;10-4-1 O\'HIGGINS / ARTEAGA ALEMPARTE RX-5, B-9 https://t.co/q8YdYEYnk3;RX-5
2024-06-06T20:53:33.000Z;2024-06-06;10-4-2 PASARELA INACAP AUTOPISTA CONCEPCIÓN-TALCAHUANO /  B-5, RB-3, B-9 https://t.co/iYq76E7trf;B-5
2024-06-07T00:21:46.000Z;2024-06-06;10-0-1 JAIME REPULLO / MONSENOR ALARCON H-4, B-5, B-8 https://t.co/DUxQIS11pF;B-5
2024-06-07T03:29:47.000Z;2024-06-06;10-6-1 RÍO PAINE / LAS MARGARITAS H-4, RX-5 https://t.co/xwnZh71129;RX-5
2024-06-07T21:24:56.000Z;2024-06-07;10-0-1 LAS HORTENSIAS / LAS AMAPOLAS Q-2, RX-5, H-4 https://t.co/1KW3a7nv1b;RX-5
2024-06-08T00:38:57.000Z;2024-06-07;10-0-1 LAGUNA AVENDAÑO / LAGUNA LA POSADA Q-2, RX-5, H-4 https://t.co/UF8cW3Dy8r;RX-5
2024-06-08T19:53:44.000Z;2024-06-08;10-3-10 HOSPITAL LAS HIGUERAS /  RX-5 https://t.co/PKn9HhzBOn;RX-5
2024-06-10T18:15:40.000Z;2024-06-10;10-12 A 10-0 FINLANDIA / GRAN BRETAÑA Q-2, Z-9, B-5 https://t.co/tRaDtOGQA5;B-5
2024-06-10T18:53:11.000Z;2024-06-10;10-9 CALLE 7 / CALLE 8 RX-5 https://t.co/fgkcksWSfl;RX-5
2024-06-11T17:14:30.000Z;2024-06-11;10-17-2 RIO MAULE / RIO LOA B-5 https://t.co/hfx5Cvppbf;B-5
2024-06-11T22:21:19.000Z;2024-06-11;10-3-4 AVENIDA COLON / IQUIQUE RX-5 https://t.co/wbSG5ZcifS;RX-5
2024-06-12T19:59:02.000Z;2024-06-12;10-17-2 RÍO MAULE / RIO MANSO B-5 https://t.co/pQPKaG3SlK;B-5
2024-06-12T20:38:09.000Z;2024-06-12;10-16 LAGUNA LO CUSTODIO / LAGUNA PINEDA B-5 https://t.co/RuWMQfWwRv;B-5
2024-06-12T20:40:02.000Z;2024-06-12;10-17-1 EL CHEQUEN / EL CARDON RX-5 https://t.co/TFewOOp0hG;RX-5
2024-06-13T13:37:24.000Z;2024-06-13;10-17-2 CINCO SUR / SEIS PONIENTE B-5 https://t.co/umHWNvSyWH;B-5
2024-06-13T16:56:39.000Z;2024-06-13;10-17-2 RÍO PILMAIQUÉN / RIO CALLE CALLE B-5 https://t.co/SaNOcff393;B-5
2024-06-13T18:41:14.000Z;2024-06-13;10-4-2 COLÓN / SIMON BOLIVAR RX-5, RB-3, H-4 https://t.co/x3Q2rvAATI;RX-5
2024-06-13T18:55:49.000Z;2024-06-13;SALE B-5 A 10-4-2 COLÓN / SIMON BOLIVAR https://t.co/x3Q2rvAATI;B-5
2024-06-14T22:56:26.000Z;2024-06-14;10-8 RIO CALLE CALLE / RIO ALLIPEN B-5 https://t.co/lGxG9IKfUm;B-5
2024-06-15T09:45:41.000Z;2024-06-15;10-4-1 ARTEAGA ALEMPARTE / BALMACEDA RX-5, H-4 https://t.co/3mkv89cCDC;RX-5
2024-06-17T16:22:14.000Z;2024-06-17;10-8 EL MICHAY / EL CHEQUEN B-5 https://t.co/hKDYn6MAJm;B-5
2024-06-17T18:18:09.000Z;2024-06-17;10-9 RÍO LONGAVÍ / RIO ANDALIEN B-5 https://t.co/vM8AdPkAxB;B-5
2024-06-19T01:12:58.000Z;2024-06-18;10-3-4 LAS FUCSIAS / LOS BESITOS RX-5 https://t.co/xsQmHZpm1m;RX-5
2024-06-19T15:23:01.000Z;2024-06-19;10-4-2 JUAN GUILLERMO SOSA / AVENIDA COLON RX-5, RB-3, H-4 https://t.co/xMA7SGBepa;RX-5
2024-06-20T07:22:47.000Z;2024-06-20;10-17-2 EL PAJONAL / AVENIDA ALTO HORNO B-5 https://t.co/HZthC2mKIR;B-5
2024-06-20T16:36:30.000Z;2024-06-20;10-8 LOS CAPULIES / EL CARDON B-5 https://t.co/9wCpbNslF7;B-5
2024-06-20T18:05:06.000Z;2024-06-20;10-17-2 LOS LIRIOS / JUAN GUILLERMO SOSA B-5 https://t.co/F3O4cJsled;B-5
2024-06-21T17:30:03.000Z;2024-06-21;10-4-1 GRAN BRETAÑA / ALTURA INDURA RX-5, RB-3, F-1 https://t.co/9oodpZM9VG;RX-5
2024-06-21T18:33:12.000Z;2024-06-21;SALE B-5 A 10-17-1 LA VEGA / LOURDES https://t.co/l8SuyiikKh;B-5
2024-06-21T20:42:06.000Z;2024-06-21;10-0-1 MERINO JARPA / MANUEL BAYÓN B-8, H-4, B-5 https://t.co/yrWkl6ruJz;B-5
2024-06-22T00:51:23.000Z;2024-06-21;10-8 JAIME REPULLO / CARRIEL NORTE B-5 https://t.co/FR3r3UW06x;B-5
2024-06-22T18:12:07.000Z;2024-06-22;10-0-1 CARLOS OLIVER / PASAJE LOS GERANIOS Q-2, H-4, B-5 https://t.co/qjoM30g6fy;B-5
2024-06-23T20:59:44.000Z;2024-06-23;10-0-3 CALLE B / RESTAURANT SAFARI B-9, H-4, B-5, H-8, Q-2, RB-3 https://t.co/z7NqCNIWYK;B-5
2024-06-23T22:59:20.000Z;2024-06-23;10-4-1 GRAN BRETAÑA / ALTURA INDURA RX-5, B-9, RB-3 https://t.co/9oodpZM9VG;RX-5
2024-06-24T01:31:36.000Z;2024-06-23;10-0-1 DOMINGO CANESA / VICTOR DOMINGO SILVA Q-2, H-4, B-5 https://t.co/FMDqJxF0O0;B-5
2024-06-24T02:46:36.000Z;2024-06-23;SALE RX-5 A 10-4-1 RUTA INTERPORTUARIA / PEAJE ROCUANT /  https://t.co/pnsxOxYAlT;RX-5
2024-06-24T03:16:34.000Z;2024-06-23;10-3-10 AVENIDA COLON / HUALPEN RX-5 https://t.co/zpjhD9bUU4;RX-5
2024-06-24T17:50:29.000Z;2024-06-24;10-4-1 AUTOPISTA CONCEPCIÓN-TALCAHUANO ALTURA AUTOMAC /  RX-5, H-4 https://t.co/TI902bdor7;RX-5
2024-06-24T18:56:28.000Z;2024-06-24;SALE B-7, B-5 A 10-0-1 SAN MARTIN / AVENIDA BLANCO ENCALADA https://t.co/PbYOZm0wKN;B-5
2024-06-25T18:14:54.000Z;2024-06-25;10-12 A 10-4 AVENIDA LAS GOLONDRINAS / AVENIDA COLÓN B-5 https://t.co/HGK0CAfmcm;B-5
2024-06-25T20:50:26.000Z;2024-06-25;10-3-4 13 NORTE / 1 ORIENTE B-5 https://t.co/HzyZv2KGbO;B-5
2024-06-26T22:22:47.000Z;2024-06-26;10-7 CRISANTEMOS / LAS DALIAS B-5 https://t.co/sf6dT21x2o;B-5
2024-06-27T02:37:51.000Z;2024-06-26;10-3-4 LAS AMAPOLAS / AVENIDA COLON RX-5 https://t.co/KjShlDVTyW;RX-5
2024-06-27T03:01:01.000Z;2024-06-26;SALE B-5 A 10-12 A 10-1 RUCALHUE / QUIEIHUE https://t.co/KvMjswnpoD;B-5
2024-06-28T13:45:34.000Z;2024-06-28;10-6-3 CARLOS DITTBORN / LAS ACACIAS H-4, H-9, RX-5 https://t.co/hcJ16Fp2DJ;RX-5
2024-06-29T03:18:42.000Z;2024-06-28;10-8 LAS HORTENSIAS / LAS TUNAS RX-5 https://t.co/LR88V5NmEB;RX-5
2024-06-29T22:50:38.000Z;2024-06-29;10-4-1 AVENIDA CLAUDIO GAY ORIENTE / JAIME REPULLO RX-5, H-4 https://t.co/0hpvB3TSJq;RX-5
2024-06-29T23:33:47.000Z;2024-06-29;10-4-1 AVENIDA JORGE ALESSANDRI / AUTOPISTA CONCEPCION - TALCAHUANO RX-5, H-4 https://t.co/ZgD6FcZtbP;RX-5
2024-06-30T00:30:17.000Z;2024-06-29;10-12 A 10-4 GRAN BRETAÑA / MÓNACO RX-5 https://t.co/6t0xURpt4V;RX-5
2024-06-30T22:59:57.000Z;2024-06-30;10-12 A 10-4 CALLE DE SERVICIO AVENIDA COSTANERA / ARENERAS DE HUALPEN RX-5 https://t.co/uw81K103xF;RX-5
2024-07-02T02:35:18.000Z;2024-07-01;10-8 LA MARINA / SIETE NORTE B-5 https://t.co/V0db7p3hv5;B-5
2024-07-02T13:40:46.000Z;2024-07-02;10-4-1 LAS AMAPOLAS / AVENIDA COLON RX-5, H-4 https://t.co/KjShlDVTyW;RX-5
2024-07-03T19:09:41.000Z;2024-07-03;SALE B-5, B-4 A 10-0-1 AVENIDA CRISTOBAL COLON / SAN MIGUEL https://t.co/HY0qWJ1zRD;B-5
2024-07-03T21:08:11.000Z;2024-07-03;10-3-4 LOS MAQUIS / VOLCAN CHILLAN RX-5 https://t.co/OCKlkfOnEw;RX-5
2024-07-04T02:15:44.000Z;2024-07-03;10-0-2 ANIBAL PINTO / SAN MARTIN B-8, B-4, BM-2, B-5 https://t.co/jOM2qD7GlF;B-5
2024-07-04T15:06:14.000Z;2024-07-04;10-4-1 AVENIDA ALTO HORNO / LOS OLMOS RX-5, B-8 https://t.co/KOAq5eO7BE;RX-5
2024-07-04T23:02:44.000Z;2024-07-04;10-3-4 EJERCITO / LA MARINA RX-5 https://t.co/d1cwKj2afH;RX-5
2024-07-06T00:00:58.000Z;2024-07-05;10-0-1 LAGUNA LA INVERNADA / LAGUNA AVENDANO Q-2, B-5, B-4 https://t.co/DZXnLe3fvg;B-5
2024-07-06T04:33:19.000Z;2024-07-06;10-0-1 EL CARMEN / SAN CARLOS Q-2, B-4, B-5 https://t.co/bgCvLsY7cV;B-5
2024-07-07T09:34:34.000Z;2024-07-07;10-8 RÍO HUERTA / RIO RENAICO B-5 https://t.co/pIJasKxby8;B-5
2024-07-07T21:03:28.000Z;2024-07-07;10-3-9 ESTADIO EL MORRO /  RX-5, B-1 https://t.co/QfJYh7ugfa;RX-5
2024-07-08T13:06:14.000Z;2024-07-08;10-4-1 ALMIRANTE LATORRE / LA UNION RB-3, RX-5 https://t.co/Pl8nd4fDNp;RX-5
2024-07-08T23:17:35.000Z;2024-07-08;10-3-4 VALDIVIA / CONDELL RX-5 https://t.co/zMn0yqDojo;RX-5
2024-07-09T02:00:28.000Z;2024-07-08;10-0-1 SEIS SUR / DOS PONIENTE Q-2, B-5, H-4 https://t.co/qAJCP4D9eI;B-5
2024-07-09T03:00:40.000Z;2024-07-08;10-0-4 AVENIDA PARQUES DE CARRIEL / VALLE DE COPIAPÓ B-9, Q-2, H-4, B-5 https://t.co/PCUKfRulbX;B-5
2024-07-09T16:19:47.000Z;2024-07-09;10-0-1 EL RETAMO / LAS QUILAS Q-2, B-5, B-4 https://t.co/choj9CTQ2z;B-5
2024-07-09T17:27:27.000Z;2024-07-09;10-0-1 COIHUE / . B-7, B-8, B-5 https://t.co/T9tkjdOZJr;B-5
2024-07-10T00:54:02.000Z;2024-07-09;10-8 QUILLOTA / AVIACION B-5 https://t.co/dYAQzqyRmG;B-5
2024-07-10T02:05:05.000Z;2024-07-09;10-3-10 LOS MARDONOS / ALGARROBO B-5 https://t.co/IriEtqlbTV;B-5
2024-07-11T03:21:45.000Z;2024-07-10;10-4-1 SIMON BOLIVAR / AVENIDA COLON RX-5, B-4 https://t.co/QogNm4zEKj;RX-5
2024-07-13T23:18:01.000Z;2024-07-13;10-0-1 GUAYACAN / PAIPOTE Q-2, B-8, B-5 https://t.co/YcfReLKhc6;B-5
2024-07-14T15:59:43.000Z;2024-07-14;10-3-9 BENAVENTE / GRISELDA RX-5, H-9 https://t.co/0Yjl6r0hvs;RX-5
2024-07-15T19:36:46.000Z;2024-07-15;10-4-1 ROTONDA HUACHIPATO /  RB-3, B-8, RX-5 https://t.co/TeJ2TKe63Z;RX-5
2024-07-15T21:12:53.000Z;2024-07-15;10-4-1 AUTOPISTA CONCEPCIÓN TALCAHUANO ALTURA PUENTE O\'HIGGINS /  RX-5, B-9 https://t.co/HwIaeSSwWK;RX-5
2024-07-16T15:10:34.000Z;2024-07-16;10-0-1 RÍO PETORCA / AUTOPISTA CONCEPCION - TALCAHUANO Q-2, H-4, B-5 https://t.co/mk3EPeGm6Y;B-5
2024-07-16T16:22:26.000Z;2024-07-16;10-3-9 LAS DALIAS / CALLE 1 RX-5, B-1 https://t.co/M4InA9IkZU;RX-5
2024-07-16T20:58:46.000Z;2024-07-16;10-3-9 CARRIEL SUR / CALLE DE SERVICIO RUTA 154 B-5 https://t.co/nwSi6vaE5b;B-5
2024-07-17T11:58:52.000Z;2024-07-17;SALE RX-5 A 10-4-1 COLÓN / HUALPÉN https://t.co/otounqQJo6;RX-5
2024-07-17T18:47:40.000Z;2024-07-17;10-0-4 ENSENADA HUANQUINIRRE / BAHIA DICHATO RB-6, B-1, RB-3, B-5 https://t.co/owce4CBOyt;B-5
2024-07-17T21:29:52.000Z;2024-07-17;10-4-2 LAS HORTENSIAS / LAS AMAPOLAS RX-5, RB-3, B-4 https://t.co/e4lgfvImRR;RX-5
2024-07-17T22:17:53.000Z;2024-07-17;10-3-10 CALLE NUEVA / RIO BLANCO RX-5 https://t.co/QuSwVjweb8;RX-5
2024-07-18T11:58:52.000Z;2024-07-18;10-4-1 AV. DESIDERIO GARCÍA / LOS LAMINADORES RX-5, B-8 https://t.co/ajHekCA8jq;RX-5
2024-07-19T11:31:49.000Z;2024-07-19;10-4-1 CUATRO ESQUINAS - CALETA LENGA / AVENIDA ROCOTO RX-5, B-9 https://t.co/Xq8iRgP0Ua;RX-5
2024-07-20T12:46:02.000Z;2024-07-20;10-3-1 SAN MIGUEL / 2 ORIENTE RX-5 https://t.co/iSeaZ84xqy;RX-5
2024-07-20T20:01:13.000Z;2024-07-20;10-4-1 LAS LILAS / GOMEZ CARRENO RX-5, B-8 https://t.co/0rlG4Medja;RX-5
2024-07-20T22:14:31.000Z;2024-07-20;10-0-1 LAS MARGARITAS / RIO LOA Q-2, B-5, B-4 https://t.co/W7A9Xcu4Xc;B-5
2024-07-22T20:14:39.000Z;2024-07-22;10-6-3 COLÓN / SIMON BOLIVAR B-4, H-8, RX-5 https://t.co/jEGyMfcDBK;RX-5
2024-07-23T18:57:59.000Z;2024-07-23;10-4-1 AVENIDA SANTA MARÍA / SODIMAC HOMECENTER MALL PLAZA EL TRÉBOL RX-5, B-4 https://t.co/YRzDT7n29A;RX-5
2024-07-24T18:43:25.000Z;2024-07-24;10-4-1 AUTOPISTA CONCEPCIÓN-TALCAHUANO/ ENLACE PUENTE O\'HIGGINS /  RX-5, B-9 https://t.co/KFgKJEjVcH;RX-5
2024-07-26T21:45:28.000Z;2024-07-26;10-3-4 CALLE NUEVA / RIO BLANCO RX-5 https://t.co/QuSwVjweb8;RX-5
2024-07-27T01:57:02.000Z;2024-07-26;10-3-4 FEDERICO ELTON / JOSE MIGUEL CHANDIA RX-5 https://t.co/Qa1FzBKSLF;RX-5
2024-07-27T04:33:37.000Z;2024-07-27;10-4-1 TALTAL / PISAGUA RX-5, B-8 https://t.co/lfEXVIMAHr;RX-5
2024-07-27T21:20:35.000Z;2024-07-27;10-8 RIO TOLTEN / PASAJE 11 B-5 https://t.co/nVXbPWzkXb;B-5
2024-07-28T01:49:52.000Z;2024-07-27;10-1-1 EJERCITO / LA MARINA B-5 https://t.co/d1cwKj2afH;B-5
2024-07-28T18:25:30.000Z;2024-07-28;10-8 LOS PINOS / 1 PONIENTE B-5 https://t.co/yug3Z4BHhn;B-5
2024-07-29T18:32:11.000Z;2024-07-29;10-3-4 AVENIDA JORGE ALESSANDRI / AVENIDA SANTA MARIA RX-5 https://t.co/7ZBKJgGQrn;RX-5
2024-07-29T23:59:10.000Z;2024-07-29;10-8 LOS CAPULIES / EL CARDON B-5 https://t.co/9wCpbNslF7;B-5
2024-07-30T16:41:19.000Z;2024-07-30;10-3-4 6 SUR / 6 PONIENTE RX-5 https://t.co/R2EaVnu3F2;RX-5
2024-07-30T17:54:18.000Z;2024-07-30;10-4-1 AVENIDA SANTA MARIA / AVENIDA JORGE ALESSANDRI RX-5, B-9 https://t.co/Rn28d33xZe;RX-5
2024-07-31T03:08:47.000Z;2024-07-30;SALE B-5, B-9 A 10-12 A 10-0 AVENIDA LAS GOLONDRINAS / LAS ANCLAS https://t.co/p6WB6BVmD8;B-5
2024-07-31T16:28:59.000Z;2024-07-31;10-17-2 NICARAGUA / URUGUAY B-5 https://t.co/S4ZjYPj8Os;B-5
2024-07-31T20:18:54.000Z;2024-07-31;10-0-1 CALLE 8 / PASAJE 30 B-9, B-5, RH-2 https://t.co/eTStG9DLUZ;B-5
2024-07-31T22:44:06.000Z;2024-07-31;10-4-1 AVENIDA JORGE ALESSANDRI / PASARELA LOMAS DE SAN ANDRES RX-5, B-9, RB-3 https://t.co/EP4MXxZdg2;RX-5
2024-08-01T21:35:33.000Z;2024-08-01;10-17-2 RÍO MAULE / RIO LOA B-5 https://t.co/arj5zl0sxA;B-5
2024-08-01T22:03:10.000Z;2024-08-01;10-17-2 RÍO MAULE / RIO PILMAIQUEN RX-5 https://t.co/Wej72zMHgK;RX-5
2024-08-01T22:15:30.000Z;2024-08-01;10-17-2 LOS JACINTOS / LOS GIRASOLES B-5 https://t.co/FVBcxFSMeL;B-5
2024-08-01T23:45:35.000Z;2024-08-01;10-17-2 RÍO PILMAIQUÉN / RIO CALLE CALLE B-5 https://t.co/SaNOcff393;B-5
2024-08-02T02:07:14.000Z;2024-08-01;10-17-2 LAGUNA LA POSADA / LAGUNA SAN PEDRO B-5 https://t.co/d9AQ9lNmnJ;B-5
2024-08-02T12:29:26.000Z;2024-08-02;10-4-1 AVENIDA COSTANERA / AVENIDA GRAN BRETANA RX-5, B-8, RB-3 https://t.co/n99InE1UTg;RX-5
2024-08-02T13:23:04.000Z;2024-08-02;10-17-2 LOS CAPULIES / RIO MAULE B-5 https://t.co/jdrpV2xcEj;B-5
2024-08-02T15:49:40.000Z;2024-08-02;10-17-2 RÍO MAPOCHO / RIO ANDALIEN B-5 https://t.co/We35joYKMV;B-5
2024-08-04T03:28:53.000Z;2024-08-03;10-3-4 AVENIDA JORGE ALESSANDRI / AVENIDA SANTA MARIA RX-5 https://t.co/7ZBKJgGQrn;RX-5
2024-08-04T17:46:56.000Z;2024-08-04;10-0-1 CALLE 4 / PASAJE 10 Q-2, B-4, B-5 https://t.co/UghVzno2FA;B-5
2024-08-06T02:06:11.000Z;2024-08-05;10-0-1 AVENIDA LAS GOLONDRINAS / CHILOE Q-2, B-5, H-4 https://t.co/LbzgtyNM4V;B-5
2024-08-06T06:00:19.000Z;2024-08-06;10-4-1 RUTA INTERPORTUARIA / PEAJE TRONCAL ALESSANDRI /  RX-5, B-9, RB-3 https://t.co/Xd8Qx7HZ4p;RX-5
2024-08-06T23:02:17.000Z;2024-08-06;10-8 RÍO MAULE / LOS CAPULIES B-5 https://t.co/zE8hfkfap7;B-5
2024-08-06T23:06:17.000Z;2024-08-06;SALE RX-5 A 10-8 RÍO MAULE / LOS CAPULIES https://t.co/zE8hfkfap7;RX-5
2024-08-09T00:00:16.000Z;2024-08-08;10-4-1 CALLE A / AVENIDA IFARLE RX-5, B-4 https://t.co/NAehQtNZZ9;RX-5
2024-08-09T17:59:28.000Z;2024-08-09;10-6-3 ALMIRANTE NEFF / JOTABECHE H-8, B-9, RX-5, B-3 https://t.co/j1FdfFy1h6;RX-5
2024-08-09T19:27:52.000Z;2024-08-09;10-4-1 AUTOPISTA CONCEPCIÓN-TALCAHUANO ALTURA AUTOMAC /  RX-5, B-9 https://t.co/TI902bdor7;RX-5
2024-08-09T20:54:26.000Z;2024-08-09;10-4-1 LAS HORTENSIAS / LAS AMAPOLAS RX-5, B-8 https://t.co/1KW3a7nv1b;RX-5
2024-08-09T22:01:44.000Z;2024-08-09;10-0-1 TRES PONIENTE / . B-7, B-9, RX-5 https://t.co/WBGAf2jnMV;RX-5
2024-08-09T23:16:35.000Z;2024-08-09;10-0-1 PASAJE SEIS / JUAN GUILLERMO SOSA Q-2, B-4, B-5 https://t.co/BJXbWzwrYT;B-5
2024-08-09T23:41:33.000Z;2024-08-09;10-4-1 AVENIDA LAS GOLONDRINAS / NORUEGA RX-5, B-9 https://t.co/lyVjaMPcuK;RX-5
2024-08-10T09:17:51.000Z;2024-08-10;10-4-1 MONSENOR ALARCON / AVENIDA COLON RX-5, B-4 https://t.co/Y9vxCLfupr;RX-5
2024-08-10T14:09:36.000Z;2024-08-10;10-3-4 7 PONIENTE / TALCAHUANO RX-5 https://t.co/uAx0YNlT6r;RX-5
2024-08-10T19:15:14.000Z;2024-08-10;10-4-1 ESPAÑA / ITALIA RX-5, H-8 https://t.co/AfX44Hy5Af;RX-5
2024-08-11T03:24:52.000Z;2024-08-10;10-4-1 ALMIRANTE NEFF / AVENIDA COLON RX-5, B-4 https://t.co/CZqjjaTF7Q;RX-5
2024-08-11T03:35:04.000Z;2024-08-10;10-4-1 MONSENOR ALARCON / AVENIDA COLON RX-5, H-4 https://t.co/Y9vxCLfupr;RX-5
2024-08-11T09:21:56.000Z;2024-08-11;10-4-1 AVENIDA JORGE ALESSANDRI / AUTOPISTA CONCEPCION - TALCAHUANO RX-5, B-9, RB-3 https://t.co/Pz0OXVq3FK;RX-5
2024-08-12T00:13:27.000Z;2024-08-11;10-9 LOS JACINTOS / RIO MAPOCHO B-5 https://t.co/B9dvONfMHx;B-5
2024-08-12T01:28:28.000Z;2024-08-11;10-3-4 AVENIDA LAS GOLONDRINAS / LICANTEN RX-5 https://t.co/NPQY7PFc8C;RX-5
2024-08-12T02:17:53.000Z;2024-08-11;10-3-10 GOMEZ CARRENO / PASAJE 3 RX-5 https://t.co/ETfgKvetcH;RX-5
2024-08-13T01:10:36.000Z;2024-08-12;10-4-1 AVENIDA JORGE ALESSANDRI / RAMON CARRASCO RX-5, B-9 https://t.co/7ZBKJgGQrn;RX-5
2024-08-13T16:57:52.000Z;2024-08-13;10-4-1 AUTOPISTA CONCEPCION - TALCAHUANO / JAIME REPULLO RX-5, B-9 https://t.co/PtaJOwaNvf;RX-5
2024-08-14T01:47:49.000Z;2024-08-13;10-4-1 AVENIDA GRAN BRETANA / AVENIDA ALTO HORNO RX-5, B-11 https://t.co/HmFzxZuUlm;RX-5
2024-08-14T21:34:26.000Z;2024-08-14;10-3-10 AVENIDA SANTA MARIA / AVENIDA JORGE ALESSANDRI RX-5 https://t.co/7ZBKJgGQrn;RX-5
2024-08-15T02:04:12.000Z;2024-08-14;10-4-1 AUTOPISTA CONCEPCIÓN - TALCAHUANO / PASARELA PEATONAL MALLPLAZA TREBOL RX-5, B-4 https://t.co/U3KvJvEf77;RX-5
2024-08-15T18:26:32.000Z;2024-08-15;10-0-2 JAIME REPULLO / MONSENOR ALARCON B-4, B-5, H-8, BM-2, B-7 https://t.co/NuspRjvEqZ;B-5
2024-08-16T12:35:47.000Z;2024-08-16;10-4-1 AVENIDA O\'HIGGINS / AMERICO VESPUCIO RX-5, B-9 https://t.co/aeNFNoGKEv;RX-5
2024-08-16T22:46:10.000Z;2024-08-16;10-3-4 AVENIDA LAS GOLONDRINAS / CHIMBARONGO RX-5 https://t.co/hy6wgqx9F9;RX-5
2024-08-17T14:16:23.000Z;2024-08-17;10-4-1 CLAUDIO GAY / JAIME REPULLO RX-5, B-4 https://t.co/X0z7lB6GDu;RX-5
2024-08-17T20:39:08.000Z;2024-08-17;10-3-10 SAN CARLOS / EL CARMEN RX-5 https://t.co/TURI6TsUKa;RX-5
2024-08-17T23:55:22.000Z;2024-08-17;10-4-1 AUTOPISTA CONCEPCIÓN TALCAHUANO ALTURA PUENTE O\'HIGGINS /  RX-5, B-9 https://t.co/HwIaeSSwWK;RX-5
2024-08-17T23:56:47.000Z;2024-08-17;SALE B-5 A 10-4-1 AUTOPISTA CONCEPCIÓN TALCAHUANO ALTURA PUENTE O\'HIGGINS /  https://t.co/HwIaeSSwWK;B-5
2024-08-18T00:46:34.000Z;2024-08-17;10-3-4 AVENIDA LAS GOLONDRINAS / CHIMBARONGO RX-5 https://t.co/nLKp6yYLAF;RX-5
2024-08-18T20:01:11.000Z;2024-08-18;10-3-9 AVENIDA CLAUDIO GAY ORIENTE / PASAJE 21 RX-5, H-4 https://t.co/aMFWNqwq57;RX-5
2024-08-18T22:17:37.000Z;2024-08-18;10-4-1 AUTOPISTA CONCEPCION - TALCAHUANO / AVENIDA JORGE ALESSANDRI RX-5, B-9 https://t.co/ZgD6FcZtbP;RX-5
2024-08-19T03:41:42.000Z;2024-08-18;10-4-1 AV. DESIDERIO GARCÍA / COLÓN RX-5, B-8 https://t.co/B2jgXOJtAW;RX-5
2024-08-19T15:25:48.000Z;2024-08-19;10-3-4 TOCOPILLA / AISEN RX-5 https://t.co/k14crkmjOP;RX-5
2024-08-20T16:16:33.000Z;2024-08-20;10-4-1 MANUEL BAYON / MANUEL GAETE RX-5, B-8 https://t.co/VjYjiAc1JN;RX-5
2024-08-21T22:30:52.000Z;2024-08-21;10-0-1 RÍO TINGUIRIRICA / RIO MAPOCHO Q-2, B-5, B-4 https://t.co/WiKnqNgh8i;B-5
2024-08-22T11:57:06.000Z;2024-08-22;10-4-1 CALLE L / CALLE J RX-5, B-9 https://t.co/Ot6Q9rLHNu;RX-5
2024-08-22T15:55:35.000Z;2024-08-22;10-4-2 AVENIDA DESIDERIO GARCIA / AVENIDA COLON RX-5, RB-3, B-1 https://t.co/4UZRrJ3yb4;RX-5
2024-08-24T17:59:56.000Z;2024-08-24;10-3-4 LAS HORTENSIAS / LAGO LLANQUIHUE RX-5 https://t.co/JZlvwfDZ18;RX-5
2024-08-25T11:00:32.000Z;2024-08-25;10-0-4 AVENIDA PARQUES DE CARRIEL / VALLE DE CHOAPA B-9, B-5, RX-5, Q-2 https://t.co/e99niNMhK1;B-5,RX-5
2024-08-25T23:37:41.000Z;2024-08-25;10-4-1 AV. LAS GOLONDRINAS / AV. DINAHUE RX-5, B-9 https://t.co/dLTH1W9z1G;RX-5
2024-08-26T02:31:55.000Z;2024-08-25;10-4-1 AUTOPISTA CONCEPCION - TALCAHUANO / BENAVENTE RX-5, H-4 https://t.co/02Ij8oRhxg;RX-5
2024-08-26T02:39:54.000Z;2024-08-25;10-3-4 LAS HORTENSIAS / LAS AMAPOLAS B-5 https://t.co/Jh0KuMVaq5;B-5
2024-08-26T21:30:57.000Z;2024-08-26;10-3-4 GÓMEZ CARREÑO / MONS ALARCÓN RX-5 https://t.co/CW9TNKxsqB;RX-5
2024-08-26T21:56:03.000Z;2024-08-26;10-3-4 DANIEL PEINE / CARLOS DITTBORN RX-5 https://t.co/NtYW0EpeJ4;RX-5
2024-08-26T23:35:45.000Z;2024-08-26;10-0-1 DOS PONIENTE / CONCEPCION B-9, B-5, B-8 https://t.co/jOGpW24VJT;B-5
2024-08-27T00:43:05.000Z;2024-08-26;10-1-1 RECOLETA / COQUIMBO B-5 https://t.co/K5BSgYeYbI;B-5
2024-08-27T01:49:56.000Z;2024-08-26;SALE B-5 A 10-4-1 RUTA INTERPORTUARIA / AVENIDA COLON https://t.co/JyECKO0tUu;B-5
2024-08-27T09:42:05.000Z;2024-08-27;10-12 A 10-0 ESTAMBUL / YUGOSLAVIA B-5, Z-9, Q-2 https://t.co/zieOvPvFVS;B-5
2024-08-27T11:50:16.000Z;2024-08-27;10-3-4 LAGO LLANQUIHUE / CALLE 4 RX-5 https://t.co/WjfFZUZoAi;RX-5
2024-08-28T14:36:46.000Z;2024-08-28;10-4-1 LOS DAMASCOS / LAS HORTENSIAS RX-5, H-8 https://t.co/cbgrNOIguM;RX-5
2024-08-29T17:46:22.000Z;2024-08-29;10-6-3 ALMIRANTE NEFF / JOTABECHE H-8, H-9, RX-5 https://t.co/j1FdfFy1h6;RX-5
2024-08-29T21:30:23.000Z;2024-08-29;10-9 EL TAMARINDO / LOS CAPULIES B-5 https://t.co/I5wSmMyVxJ;B-5
2024-08-30T20:30:41.000Z;2024-08-30;10-6-3 LAS DALIAS / ALMIRANTE NEFF H-4, H-9, RX-5 https://t.co/gUlsQYnDya;RX-5
2024-08-30T21:36:33.000Z;2024-08-30;10-4-1 AVENIDA LAS GOLONDRINAS / AISEN RX-5, B-9 https://t.co/rQwJx95zwv;RX-5
2024-08-30T23:39:40.000Z;2024-08-30;10-4-1 AVENIDA GRAN BRETANA / AVENIDA ROCOTO RX-5, H-8, RB-3 https://t.co/Ribs8HIDkg;RX-5
2024-08-31T06:16:36.000Z;2024-08-31;10-8 ARTEAGA ALEMPARTE / BALMACEDA B-5 https://t.co/X85NcZuFwX;B-5
2024-08-31T08:22:26.000Z;2024-08-31;10-4-1 2 PONIENTE / LOS PINOS RX-5, H-8 https://t.co/02ijdkSTKq;RX-5
2024-09-01T01:26:31.000Z;2024-08-31;10-4-1 ARTEAGA ALEMPARTE / RIO PETORCA RX-5, B-9 https://t.co/7C1tRkcOiS;RX-5
2024-09-01T23:56:55.000Z;2024-09-01;10-3-4 AVENIDA LAS GOLONDRINAS / CHIMBARONGO RX-5 https://t.co/eiM5EH3Jdz;RX-5
2024-09-02T03:22:57.000Z;2024-09-01;10-4-1 AVENIDA COLON / LAS AMAPOLAS RX-5, B-4 https://t.co/KjShlDVTyW;RX-5
2024-09-03T00:01:23.000Z;2024-09-02;10-0-1 LOS NARANJOS / LOS DAMASCOS Q-2, B-8, B-5 https://t.co/87jbJ6znkC;B-5
2024-09-03T04:41:41.000Z;2024-09-03;10-4-1 ROTONDA HUACHIPATO /  RB-3, B-8, RX-5 https://t.co/heSfGBbNeZ;RX-5
2024-09-03T04:52:06.000Z;2024-09-03;10-4-1 AVENIDA GRAN BRETANA / AVENIDA ALTO HORNO RX-5, B-1 https://t.co/57XzxwmoE5;RX-5
2024-09-03T23:23:49.000Z;2024-09-03;10-0-1 TRES SUR / SIETE PONIENTE Q-2, B-9, B-5 https://t.co/NbHvhHvrpP;B-5
2024-09-03T23:35:36.000Z;2024-09-03;SALE RX-5 A 10-0-1 TRES SUR / SIETE PONIENTE https://t.co/NbHvhHvrpP;RX-5
2024-09-04T17:30:29.000Z;2024-09-04;10-4-2 AVENIDA JORGE ALESSANDRI / AUTOPISTA CONCEPCION - TALCAHUANO RX-5, B-9 https://t.co/ZgD6FcZtbP;RX-5
2024-09-04T18:14:26.000Z;2024-09-04;10-4-1 MONSENOR ALARCON / AVENIDA COLON RX-5, B-9 https://t.co/Y9vxCLfupr;RX-5
2024-09-05T01:15:22.000Z;2024-09-04;10-3-9 UNO SUR / CINCO PONIENTE RX-5, B-4 https://t.co/rjPHtB3Ulc;RX-5
2024-09-05T17:29:18.000Z;2024-09-05;10-4-2 AVENIDA COLON / JUAN GUILLERMO SOSA RX-5, RB-3, B-4 https://t.co/xMA7SGBepa;RX-5
2024-09-06T01:23:12.000Z;2024-09-05;10-4-2 SUBIDA LA GLORIA / ALMIRANTE LATORRE RB-3, RX-5, B-11 https://t.co/3iPonvej7X;RX-5
2024-09-07T00:25:17.000Z;2024-09-06;10-3-4 AVENIDA COLON / MANUEL MONTT B-5 https://t.co/85yx5deHXA;B-5
2024-09-07T01:54:21.000Z;2024-09-06;10-4-1 PUNTA CAPITANES / AVENIDA SAN VICENTE B-5, B-1 https://t.co/QuARb6N9zT;B-5
2024-09-07T02:24:28.000Z;2024-09-06;10-8 EJERCITO / 8 PONIENTE B-5 https://t.co/9urYesRGVf;B-5
2024-09-07T04:51:46.000Z;2024-09-07;10-8 LOS JACINTOS / RIO GRANDE B-5 https://t.co/jGt2aeT1nw;B-5
2024-09-07T15:50:28.000Z;2024-09-07;10-4-1 MANUEL GAETE / KM 9 RX-5, B-8 https://t.co/hw5IocOc38;RX-5
2024-09-07T21:12:13.000Z;2024-09-07;10-3-4 AV. DESIDERIO GARCÍA / ALTO HORNO RX-5 https://t.co/nxCnfzPxol;RX-5
2024-09-07T23:42:44.000Z;2024-09-07;10-4-1 AVENIDA ALTO HORNO / AVENIDA GRAN BRETANA H-8, RX-5 https://t.co/GSqTrzEFLY;RX-5
2024-09-09T18:04:16.000Z;2024-09-09;SALE RX-5 A 10-4-1 COLÓN / RIQUELME https://t.co/baLzsELl66;RX-5
2024-09-09T19:56:11.000Z;2024-09-09;10-3-4 COLCHAGUA / AISÉN RX-5 https://t.co/81gYSQdsQq;RX-5
2024-09-10T03:48:13.000Z;2024-09-10;10-3-4 AUTOPISTA CONCEPCIÓN-TALCAHUANO ALTURA COPEC /  RX-5 https://t.co/AcJcjZYH01;RX-5
2024-09-10T16:12:42.000Z;2024-09-10;10-3-9 AVENIDA JORGE ALESSANDRI / EL ALBA RX-5, B-9 https://t.co/6u0zWTJYqp;RX-5
2024-09-10T23:54:54.000Z;2024-09-10;10-3-4 RIO COLORADO / RIO LUMACO RX-5 https://t.co/VSoE3040iW;RX-5
2024-09-12T00:30:48.000Z;2024-09-11;10-0-1 CALLE J / CALLE L B-4, B-5, RH-2 https://t.co/UkIGE58rrj;B-5
2024-09-13T00:09:54.000Z;2024-09-12;10-4-1 AVENIDA ROCOTO / AVENIDA GRAN BRETANA RB-3, B-8, B-5 https://t.co/sU8XpNlSQ6;B-5
2024-09-13T00:13:08.000Z;2024-09-12;SALE RX-5 A 10-4-1 AVENIDA ROCOTO / AVENIDA GRAN BRETANA https://t.co/sU8XpNlSQ6;RX-5
2024-09-13T11:10:31.000Z;2024-09-13;10-3-4 AVENIDA LAS GOLONDRINAS / AVENIDA CRISTOBAL COLON RX-5 https://t.co/5JePvXY4E6;RX-5
2024-09-13T20:21:33.000Z;2024-09-13;10-12 A 10-4 AVENIDA LA RECONQUISTA / ROTONDA BREMEN RX-5 https://t.co/HqXf4GGtEV;RX-5
2024-09-14T07:02:59.000Z;2024-09-14;10-3-4 JAIME REPULLO / GUINDO RX-5 https://t.co/crp4TbaHXk;RX-5
2024-09-14T14:00:23.000Z;2024-09-14;10-4-2 AVENIDA IFARLE / CALLE A RH-2, B-5, RX-5 https://t.co/rdZAilymUf;B-5,RX-5
2024-09-14T14:24:09.000Z;2024-09-14;10-0-5 CALLE 4 / LOTE B H-8, B-5, B-7 https://t.co/u4BpjDBN8S;B-5
2024-09-14T21:54:30.000Z;2024-09-14;10-0-1 LAGO PIRIHUEICO / LAGUNA REDONDA B-7, B-5, B-4 https://t.co/qIS5vkxTfx;B-5
2024-09-15T21:32:37.000Z;2024-09-15;10-0-1 DOS PONIENTE / SAN MIGUEL B-7, B-9, B-5 https://t.co/uWHrO1kzL0;B-5
2024-09-16T02:20:36.000Z;2024-09-15;10-3-4 JAIME REPULLO / AUTOPISTA CONCEPCION - TALCAHUANO RX-5 https://t.co/2p6stCKSV4;RX-5
2024-09-16T03:25:30.000Z;2024-09-16;10-3-10 HOSPITAL LAS HIGUERAS /  RX-5 https://t.co/PKn9HhzBOn;RX-5
2024-09-16T19:02:58.000Z;2024-09-16;10-4-1 JAIME REPULLO / AVENIDA CLAUDIO GAY ORIENTE RX-5, B-9 https://t.co/YaQuKPMqSE;RX-5
2024-09-17T02:04:16.000Z;2024-09-16;10-4-1 CAMINO A LENGA / ALTURA MUELLE ABASTIBLE RX-5, B-9 https://t.co/ERaQ3QkNTC;RX-5
2024-09-18T02:35:18.000Z;2024-09-17;10-4-1 LAS HORTENSIAS / EL TAMARUGO RX-5, H-8 https://t.co/jfjRE1YJyB;RX-5
2024-09-19T02:05:26.000Z;2024-09-18;10-0-1 ALTO HORNO / LOS AROMOS B-4, B-5, RB-3 https://t.co/vyM2Jvtc2w;B-5
2024-09-19T03:07:18.000Z;2024-09-19;10-4-1 AUTOPISTA CONCEPCIÓN-TALCAHUANO/ ENLACE PUENTE O\'HIGGINS /  RX-5, B-4 https://t.co/5rnSB4Iag4;RX-5
2024-09-19T19:31:05.000Z;2024-09-19;10-4-1 7 PONIENTE / 2 NORTE RX-5, B-4 https://t.co/I6reP9b7No;RX-5
2024-09-19T19:59:23.000Z;2024-09-19;10-6-1 VOLCÁN TUPUNGATO / LOS MAQUIS B-4, RX-5 https://t.co/Y416sChO9G;RX-5
2024-09-20T15:29:30.000Z;2024-09-20;10-0-1 VASCO NÚÑEZ DE BALBOA / PASAJE GUILLERMO BLANCO B-4, B-5, RB-3 https://t.co/Vxnn2aflio;B-5
2024-09-21T14:56:14.000Z;2024-09-21;10-3-4 ERRÁZURIZ / IQUIQUE RX-5 https://t.co/uroMLsb7e8;RX-5
2024-09-21T21:35:31.000Z;2024-09-21;10-3-4 AVENIDA COLON / MANUEL GAETE RX-5 https://t.co/VGSrdx3Wl7;RX-5
2024-09-21T21:49:00.000Z;2024-09-21;SALE B-5 A 10-3-1 JORDÁN VALDIVIESO / AVENIDA BLANCO ENCALADA https://t.co/JAR4ntXM5P;B-5
2024-09-23T00:02:07.000Z;2024-09-22;10-4-1 AUTOPISTA CONCEPCIÓN-TALCAHUANO/ ENLACE PUENTE O\'HIGGINS /  RX-5, B-4 https://t.co/zB7dh1Mgyd;RX-5
2024-09-23T22:22:57.000Z;2024-09-23;10-3-9 AVENIDA PARQUES DE CARRIEL / SAN MIGUEL RX-5, B-9 https://t.co/dfTcuCUS3x;RX-5
2024-09-24T16:25:01.000Z;2024-09-24;10-4-1 AVENIDA LAS GOLONDRINAS / HOLANDA RX-5, B-9 https://t.co/tBFrwG4yX0;RX-5
2024-09-25T10:59:26.000Z;2024-09-25;10-4-1 ROTONDA HUACHIPATO /  RB-3, B-8, RX-5 https://t.co/yYmea4VSNE;RX-5
2024-09-25T16:27:48.000Z;2024-09-25;10-3-4 LAS MARGARITAS / RIO MANSO RX-5 https://t.co/99Jll53t83;RX-5
2024-09-25T22:13:24.000Z;2024-09-25;10-4-1 AV. LAS GOLONDRINAS / AV. DINAHUE RX-5, B-9 https://t.co/dLTH1W9z1G;RX-5
2024-09-26T04:30:47.000Z;2024-09-26;10-4-1 LUIS URIBE / INDEPENDENCIA RX-5, B-8 https://t.co/NHyCUzDIti;RX-5
2024-09-27T21:28:49.000Z;2024-09-27;10-0-1 LAGO RANCO / RIO PETROHUE B-5, B-4, Q-2 https://t.co/nNbQ7163vJ;B-5
2024-09-28T19:57:19.000Z;2024-09-28;10-0-4 COLCHAGUA / CABILDO B-5, H-4, B-11, Q-2 https://t.co/9csy60Z8h2;B-5
2024-09-29T12:50:32.000Z;2024-09-29;10-8 2 PONIENTE / 4 SUR B-5 https://t.co/4UrcQxcV9g;B-5
2024-09-30T12:35:57.000Z;2024-09-30;10-6-3 CALLE 12 / PASAJE 36 H-9, H-4, RX-5 https://t.co/uDhs3zJVwX;RX-5
2024-09-30T13:33:47.000Z;2024-09-30;10-4-1 SIMON BOLIVAR / AVENIDA COLON RX-5, B-4 https://t.co/QogNm4zEKj;RX-5
2024-09-30T21:35:46.000Z;2024-09-30;10-0-1 LOS PLÁTANOS / AVENIDA ALTO HORNO B-5, B-4, Q-2 https://t.co/qCFnZs1VIR;B-5
2024-10-04T14:28:22.000Z;2024-10-04;10-3-1 LAGO LLANQUIHUE / PASAJE 4 B-5 https://t.co/frIdkCUcJY;B-5
2024-10-04T14:36:04.000Z;2024-10-04;SALE RX-5 A 10-3-1 LAGO LLANQUIHUE / PASAJE 4 https://t.co/frIdkCUcJY;RX-5
2024-10-04T23:03:48.000Z;2024-10-04;10-3-9 ANDRES BELLO / BELLAVISTA RX-5 https://t.co/zuiMfZ2wYj;RX-5
2024-10-05T01:38:04.000Z;2024-10-04;10-3-10 CERRO LA U /  RX-5, B-8 https://t.co/F5sqI4KZMS;RX-5
2024-10-05T05:21:25.000Z;2024-10-05;10-4-1 AUTOPISTA / ACCESO JAIME REPULLO RX-5, B-9 https://t.co/VAHrp9UzoK;RX-5
2024-10-05T15:28:18.000Z;2024-10-05;10-3-10 ITALIA / AVENIDA BRASIL RX-5 https://t.co/N2M7uhJLqB;RX-5
2024-10-06T15:47:01.000Z;2024-10-06;10-3-4 QUILLAY / EL OLIVO RX-5 https://t.co/WWkKdaQGCk;RX-5
2024-10-07T11:59:34.000Z;2024-10-07;10-12 A 10-4 ALEMANIA / NORUEGA RX-5 https://t.co/UrwmwKe9jg;RX-5
2024-10-07T17:14:21.000Z;2024-10-07;10-3-4 LAGO RANCO / RIO PETROHUE RX-5 https://t.co/NK3FAS9QHL;RX-5
2024-10-07T18:04:42.000Z;2024-10-07;10-4-1 AVENIDA GRAN BRETANA / JOHN DALTON RX-5, B-9 https://t.co/9mM5SOW3KB;RX-5
2024-10-09T18:30:54.000Z;2024-10-09;10-4-1 AVENIDA SANTA MARIA / AVENIDA JORGE ALESSANDRI RX-5, B-9 https://t.co/7ZBKJgGQrn;RX-5
2024-10-11T17:21:44.000Z;2024-10-11;10-3-9 LA MARINA / CONCEPCIÓN RX-5, B-9 https://t.co/MBVNdezmdK;RX-5
2024-10-12T13:43:36.000Z;2024-10-12;10-4-1 ALMIRANTE NEFF / MANUEL BAYÓN RX-5, B-4 https://t.co/LoAgS6c1ji;RX-5
2024-10-12T18:35:35.000Z;2024-10-12;SALE B-5 A 10-0-4 ALCATRAZ / LOS ALBATROS https://t.co/sdjBqSWB3S;B-5
2024-10-12T19:29:09.000Z;2024-10-12;10-4-1 GRAN BRETAÑA / CALLE 1 RX-5, B-9 https://t.co/BoGQQTsz6i;RX-5
2024-10-13T16:59:45.000Z;2024-10-13;SALE RX-5 A 10-3-9 MARYLAND / FERNANDO PAZ https://t.co/N3RDA91ZGP;RX-5
2024-10-13T18:20:37.000Z;2024-10-13;10-0-1 LAGO LLANQUIHUE / PASAJE 8-A B-5, B-9, Q-2 https://t.co/DfXa4cbJL9;B-5
2024-10-14T03:42:34.000Z;2024-10-14;10-0-3 ALTO HORNO / HOSPITAL LAS HIGUERAS H-8, H-4, B-5, RH-1, BM-2, RB-3 https://t.co/ivMMlxamLP;B-5
2024-10-16T00:46:09.000Z;2024-10-15;10-0-1 ARTEAGA ALEMPARTE / RIO PETORCA B-9, B-5, Q-2 https://t.co/4ypQ3XvvRc;B-5
2024-10-16T19:33:48.000Z;2024-10-16;10-4-1 INCHALAM-AVENIDA GRAN BRETAÑA /  RB-3, B-8, RX-5 https://t.co/AkBQDdNvej;RX-5
2024-10-19T01:40:12.000Z;2024-10-18;10-6-3 COLÓN / MERINO JARPA H-8, H-4, RX-5 https://t.co/S0MQHwk6w1;RX-5
2024-10-19T01:59:36.000Z;2024-10-18;10-4-1 DANIEL PEINE / ALTO HORNO RX-5, B-8 https://t.co/Ou247w3G0G;RX-5
2024-10-19T11:39:17.000Z;2024-10-19;10-4-1 AVENIDA IFARLE / CALLE A RX-5, B-9 https://t.co/lPetshmkcR;RX-5
2024-10-19T19:22:19.000Z;2024-10-19;10-4-1 JUAN GUILLERMO SOSA / AVENIDA COLON RX-5, H-4 https://t.co/xMA7SGBepa;RX-5
2024-10-19T23:20:19.000Z;2024-10-19;10-3-4 LA MARINA / OCHO NORTE RX-5 https://t.co/NKCs6HPqZn;RX-5
2024-10-20T02:35:42.000Z;2024-10-19;10-3-4 RÍO MAULE / RÍO LOA B-5 https://t.co/QHFEBY8Ux2;B-5
2024-10-20T16:36:22.000Z;2024-10-20;10-4-1 JAIME REPULLO / AUTOPISTA CONCEPCION - TALCAHUANO RX-5, B-4 https://t.co/PtaJOwaNvf;RX-5
2024-10-20T20:09:32.000Z;2024-10-20;10-4-1 AUTOPISTA CONCEPCIÓN TALCAHUANO ALTURA PUENTE O\'HIGGINS /  B-9, B-5 https://t.co/xdSegGgPKK;B-5
2024-10-21T01:10:16.000Z;2024-10-20;10-8 OCHO PTE. / SAN MIGUEL B-5 https://t.co/zk9QVWyrR8;B-5
2024-10-21T02:56:43.000Z;2024-10-20;10-6-3 MALL PLAZA DEL TREBOL /  H-9, H-4, RX-5 https://t.co/XKtT337rCU;RX-5
2024-10-22T18:13:22.000Z;2024-10-22;10-4-1 AUTOPISTA CONCEPCIÓN TALCAHUANO ALTURA PUENTE O\'HIGGINS /  RH-2, B-5 https://t.co/xdSegGgPKK;B-5
2024-10-23T03:41:29.000Z;2024-10-23;10-4-1 LAS AMAPOLAS / AVENIDA COLON RX-5, H-4 https://t.co/KjShlDVTyW;RX-5
2024-10-24T15:35:29.000Z;2024-10-24;10-4-1 ROTONDA HUACHIPATO /  RX-5, B-8 https://t.co/heSfGBbNeZ;RX-5
2024-10-24T17:53:38.000Z;2024-10-24;10-3-4 SIETE NORTE / COLON RX-5 https://t.co/ABtMXvsx1L;RX-5
2024-10-25T20:38:56.000Z;2024-10-25;10-3-9 RÍO MATAQUITO / RIO PILMAIQUEN RX-5 https://t.co/SJi23HEo5o;RX-5
2024-10-26T21:28:00.000Z;2024-10-26;10-4-1 AVENIDA LAS GOLONDRINAS / O\'HIGGINS RX-5, H-9 https://t.co/nic1qHJ3VX;RX-5
2024-10-28T22:39:42.000Z;2024-10-28;10-3-4 AUTOPISTA CONCEPCIÓN TALCAHUANO ALTURA PUENTE O\'HIGGINS /  RX-5 https://t.co/xdSegGgPKK;RX-5
2024-10-30T00:00:11.000Z;2024-10-29;SALE RX-5 A 10-4-2 TUMBES / MARYLAND https://t.co/2DXrUtw3L9;RX-5
2024-10-31T18:54:49.000Z;2024-10-31;10-3-4 JAIME REPULLO / AUTOPISTA CONCEPCION - TALCAHUANO RX-5 https://t.co/PtaJOwaNvf;RX-5
2024-10-31T20:44:21.000Z;2024-10-31;10-4-1 AVENIDA SANTA MARIA / AVENIDA JORGE ALESSANDRI RX-5, B-9 https://t.co/7ZBKJgGQrn;RX-5
2024-11-01T14:52:09.000Z;2024-11-01;SALE B-5 A 10-0-1 JAIME REPULLO / MONSENOR ALARCON https://t.co/DHQJFBUG8h;B-5
2024-11-01T20:07:44.000Z;2024-11-01;10-0-4 2 PONIENTE / LOS PINOS B-9, RX-5, B-4, RH-1, Q-2 https://t.co/02ijdkSTKq;RX-5
2024-11-02T02:33:12.000Z;2024-11-01;10-4-1 RUTA INTERPORTUARIA / PEAJE ROCUANT /  RB-3, RH-1, RX-5 https://t.co/XCm9QmNakl;RX-5
2024-11-02T13:58:20.000Z;2024-11-02;10-4-1 RUTA INTERPORTUARIA / PEAJE ROCUANT /  RX-5, F-1, RB-6 https://t.co/XCm9QmNakl;RX-5
2024-11-03T00:22:31.000Z;2024-11-02;10-4-1 AVENIDA COLON / LAS AMAPOLAS RX-5, B-8 https://t.co/KjShlDVTyW;RX-5
2024-11-04T11:47:04.000Z;2024-11-04;10-6-3 LAS DALIAS / ALMIRANTE NEFF H-4, RX-5, H-8 https://t.co/vSBeTtYcsB;RX-5
2024-11-05T14:25:02.000Z;2024-11-05;10-4-1 AVENIDA GRAN BRETANA / AVENIDA COSTANERA RB-3, B-9, RX-5 https://t.co/JgUy3ZnlI0;RX-5
2024-11-06T09:58:50.000Z;2024-11-06;10-4-1 AUTOPISTA CONCEPCIÓN TALCAHUANO ALTURA PUENTE O\'HIGGINS /  RX-5, B-9 https://t.co/xdSegGgPKK;RX-5
2024-11-06T13:58:05.000Z;2024-11-06;10-15 MALL PLAZA DEL TREBOL /  BM-2, B-9, RX-5, H-4 https://t.co/XKtT337rCU;RX-5
2024-11-06T23:33:00.000Z;2024-11-06;10-6-3 LOS JACINTOS / LOS GIRASOLES H-4, H-8, RX-5 https://t.co/tBaMuwv6wV;RX-5
2024-11-08T05:55:09.000Z;2024-11-08;10-4-1 AVENIDA COLON / LAS AMAPOLAS RX-5, H-4 https://t.co/KjShlDVTyW;RX-5
2024-11-09T01:14:24.000Z;2024-11-08;10-0-5 SANTIAGO WATT / EVANGELISTA TORRICHELI H-9, H-4, B-5, H-8, B-7 https://t.co/JANplkDEoB;B-5
2024-11-10T11:23:02.000Z;2024-11-10;10-4-1 AUTOPISTA CONCEPCIÓN-TALCAHUANO ALTURA MALL PLAZA EL TRÉBOL /  RX-5, B-9 https://t.co/sqQMPuTfOI;RX-5
2024-11-11T14:06:55.000Z;2024-11-11;10-3-4 ALTO HORNO / LOS CASTANOS RX-5 https://t.co/VHKqdbieLJ;RX-5
2024-11-11T23:35:41.000Z;2024-11-11;10-4-1 AUTOPISTA CONCEPCIÓN TALCAHUANO ALTURA PUENTE O\'HIGGINS /  B-5, B-4 https://t.co/xdSegGgPKK;B-5
2024-11-12T14:57:36.000Z;2024-11-12;10-6-3 LAS HORTENSIAS / LOS GIRASOLES H-4, H-8, B-5 https://t.co/MubvHgR7tR;B-5
2024-11-12T17:05:56.000Z;2024-11-12;10-4-1 COLÓN / ALMIRANTE NEFF B-5, RB-3 https://t.co/vpy1K1Yg2h;B-5
2024-11-12T19:21:01.000Z;2024-11-12;10-4-2 MALL PLAZA DEL TREBOL /  B-5, RB-3, B-9 https://t.co/XKtT337rCU;B-5
2024-11-12T19:54:23.000Z;2024-11-12;10-4-1 ROTONDA HUACHIPATO /  RB-3, B-8, B-5 https://t.co/heSfGBbNeZ;B-5
2024-11-26T00:25:57.000Z;2024-11-25;10-0-4 CATEMU / TARAPACA B-5, H-4, RH-1, H-11, Q-2 https://t.co/3a53PI4SPi;B-5
2024-11-26T09:03:29.000Z;2024-11-26;10-8 CALLE 3 / LAGO LLANQUIHUE B-5 https://t.co/bOrfKj1ccQ;B-5
2024-11-29T16:21:32.000Z;2024-11-29;10-0-1 RÍO LLUTA / SAN CARLOS B-4, B-5, B-8 https://t.co/XZkEw4DmHU;B-5
2024-12-01T00:05:26.000Z;2024-11-30;SALE B-5 A 10-2-1 AVENIDA NUEVA SAN VICENTE / CALLE VIA LOCAL 2 https://t.co/ruGcuxWzXE;B-5
2024-12-02T02:29:59.000Z;2024-12-01;10-0-1 ARTEAGA ALEMPARTE / BALMACEDA B-4, B-5, Q-2 https://t.co/X85NcZuFwX;B-5
2024-12-04T16:59:51.000Z;2024-12-04;10-0-1 SIMPSON / MARITANO RH-1, B-5, B-7 https://t.co/21AujLdz4r;B-5
2024-12-11T10:34:12.000Z;2024-12-11;10-3-1 ANDACOLLO / TONGOY B-5 https://t.co/zVjsvq15Ur;B-5
2024-12-11T11:26:54.000Z;2024-12-11;SALE B-5 A 10-0-4 EL MORRO / O\'HIGGINS https://t.co/R54YXXOuo4;B-5
2024-12-12T17:20:06.000Z;2024-12-12;10-0-3 MALL PLAZA DEL TREBOL /  B-9, B-4, B-5, B-8, BM-2, RB-3 https://t.co/XKtT337rCU;B-5
2024-12-13T13:10:58.000Z;2024-12-13;10-0-4 VINICIO / CALLE 3 B-3, H-11, B-4, B-5, B-7 https://t.co/lYxa2PRV7G;B-5
2024-12-13T21:19:45.000Z;2024-12-13;10-4-1 AVENIDA LAS GOLONDRINAS / VERSALLES RX-5, B-9 https://t.co/wi1xudzh24;RX-5
2024-12-14T02:02:26.000Z;2024-12-13;10-0-4 ISLA MOCHA / ISLA ASCENCION B-3, RH-1, B-4, B-5, RB-6 https://t.co/AbGVCnOZmY;B-5
2024-12-14T17:10:58.000Z;2024-12-14;10-4-1 GÓMEZ CARREÑO / LOS TULIPANES RX-5, B-4 https://t.co/59VQClTi6r;RX-5
2024-12-14T17:17:34.000Z;2024-12-14;10-0-4 RAQUELITA / COQUIMBO RB-6, H-4, RX-5, B-9, RH-1, B-4 https://t.co/hN3JVVqX8v;RX-5
2024-12-14T21:10:05.000Z;2024-12-14;10-3-4 AVENIDA COLON / IQUIQUE RX-5 https://t.co/wbSG5ZcifS;RX-5
2024-12-15T01:17:30.000Z;2024-12-14;10-0-4 PLAYA BRAVA / PLAYA EL GALGO RH-1, B-8, B-4, B-5 https://t.co/CPDiFVzNV3;B-5
2024-12-20T00:33:32.000Z;2024-12-19;10-7 1 ORIENTE / 6 NORTE B-5 https://t.co/oSjPmzM9ZW;B-5
2024-12-23T22:53:28.000Z;2024-12-23;10-3-9 CARLOS OLIVER / LOS TULIPANES B-4, B-5 https://t.co/B7b9RmH2BU;B-5
2024-12-24T11:00:04.000Z;2024-12-24;10-4-1 VASCO NUÑEZ DE BALBOA - ALTURA INACAP /  RX-5, H-9 https://t.co/rt4yQfUybK;RX-5
2024-12-24T14:02:47.000Z;2024-12-24;10-3-4 GOMEZ CARRENO / JUAN GUILLERMO SOSA RX-5 https://t.co/h7QV2l4NX4;RX-5
2024-12-24T16:25:43.000Z;2024-12-24;10-1-2 JAIME REPULLO / GUINDO H-4, B-5 https://t.co/crp4TbaHXk;B-5
2024-12-24T23:49:27.000Z;2024-12-24;10-3-9 PASAJE 2 / LAS ANEMONAS RX-5 https://t.co/dznDEEHJns;RX-5
2024-12-25T02:36:02.000Z;2024-12-24;10-6-1 LOS NARANJOS / LAS AZALEAS L-01, RX-5 https://t.co/97gNksI2pc;RX-5
2024-12-26T03:17:14.000Z;2024-12-26;10-4-1 AVENIDA COLON / ALMIRANTE NEFF RX-5, B-4 https://t.co/CZqjjaTF7Q;RX-5
2024-12-26T22:49:16.000Z;2024-12-26;10-12 A 10-4 CAMINO A LENGA / LENGA RX-5 https://t.co/NHmidJFrsy;RX-5
2024-12-27T02:28:26.000Z;2024-12-26;10-4-1 CARLOS DITTBORN / VICTOR DOMINGO SILVA RX-5, B-8 https://t.co/jyeQsv7wEp;RX-5
2024-12-27T18:56:03.000Z;2024-12-27;10-4-1 SAN CARLOS / AVENIDA O\'HIGGINS RX-5, H-9 https://t.co/1D6ITNQ5KJ;RX-5
2024-12-29T01:54:10.000Z;2024-12-28;10-3-4 GOMEZ CARRENO / LAS PETUNIAS RX-5 https://t.co/MTfkbwoHAM;RX-5
2024-12-29T18:26:11.000Z;2024-12-29;10-4-1 MONSENOR ALARCON / GOMEZ CARRENO RX-5, B-4 https://t.co/fAXEEXfExZ;RX-5
2024-12-29T21:34:01.000Z;2024-12-29;10-0-4 CALLE 1 / PASAJE 8 B-3, B-4, B-5, H-9, B-7 https://t.co/avyvJeZzgr;B-5
2024-12-30T00:55:27.000Z;2024-12-29;10-0-1 LOS PLÁTANOS / LAS ACACIAS B-8, B-5, B-4, RH-1 https://t.co/EPelTU2qt8;B-5
2024-12-30T10:44:02.000Z;2024-12-30;SALE H-4, RX-5 A 10-0-1 LAS DALIAS / JUAN GUILLERMO SOSA https://t.co/oHIKgSzl7g;RX-5
2024-12-30T18:18:00.000Z;2024-12-30;10-3-4 JAIME REPULLO / MONSENOR ALARCON RX-5 https://t.co/mOKlSa3zJ6;RX-5
2024-12-31T00:44:49.000Z;2024-12-30;SALE B-5 A 10-0-1 MANUEL BARROS BORGOÑO / PASAJE ALBERT OLBRECHT https://t.co/e8RMGKpjP0;B-5
2024-12-31T00:46:04.000Z;2024-12-30;SALE RX-5 A 10-0-1 MANUEL BARROS BORGOÑO / PASAJE ALBERT OLBRECHT https://t.co/e8RMGKpjP0;RX-5
2024-12-31T17:54:34.000Z;2024-12-31;10-3-4 EL CHEQUEN / EL CARDON RX-5 https://t.co/RQBUcSdG7g;RX-5
2024-12-31T23:31:54.000Z;2024-12-31;10-3-10 CINCO SUR / SEIS PTE. RX-5 https://t.co/A862HE4uyG;RX-5
2025-01-01T05:04:18.000Z;2025-01-01;10-9 PASAJE 2 / LAS ANEMONAS B-5 https://t.co/V0XQR2rEMw;B-5
2025-01-01T07:41:00.000Z;2025-01-01;10-4-1 AVENIDA LAS GOLONDRINAS / CHIMBARONGO RX-5, H-9 https://t.co/hy6wgqx9F9;RX-5
2025-01-01T18:28:07.000Z;2025-01-01;10-8 RIO PETROHUE / LAGO VILLARRICA B-5 https://t.co/geIFCoff7N;B-5
2025-01-02T22:53:10.000Z;2025-01-02;10-0-1 EL CHAGUAL / LAS HORTENSIAS B-8, B-5, Q-2 https://t.co/YoiNZgI8MR;B-5
2025-01-03T00:02:02.000Z;2025-01-02;10-9 LAGO LLANQUIHUE / LAGO LANALHUE B-5 https://t.co/QI5GvInl5i;B-5
2025-01-03T00:26:48.000Z;2025-01-02;10-4-1 COLÓN / CRUCE WILLIAMS RX-5, B-8 https://t.co/4YlbIIWDsS;RX-5
2025-01-03T03:45:57.000Z;2025-01-03;SALE RX-5 A 10-9 8 PONIENTE / EJERCITO https://t.co/9urYesRGVf;RX-5
2025-01-03T18:05:22.000Z;2025-01-03;10-4-1 LAS AMAPOLAS / LAS HORTENSIAS RX-5, B-8 https://t.co/e4lgfvImRR;RX-5
2025-01-04T01:44:29.000Z;2025-01-03;10-3-4 AVENIDA COLON / INDEPENDENCIA RX-5 https://t.co/MCVrljy3Bx;RX-5
2025-01-05T01:41:45.000Z;2025-01-04;10-4-1 AVENIDA LAS GOLONDRINAS / AVENIDA CRISTOBAL COLON RX-5, H-9 https://t.co/5JePvXY4E6;RX-5
2025-01-05T20:08:11.000Z;2025-01-05;10-3-4 MALL PLAZA DEL TREBOL /  RX-5 https://t.co/XKtT337rCU;RX-5
2025-01-06T12:49:01.000Z;2025-01-06;10-4-1 RIO MAPOCHO / RIO MAULE RX-5, B-8 https://t.co/XcJxxEXS2G;RX-5
2025-01-07T16:33:50.000Z;2025-01-07;10-9 JOSÉ MERCEDES CRUZ / CALLE NUEVA 1 B-5 https://t.co/rKrMbyqI2m;B-5
2025-01-08T02:15:03.000Z;2025-01-07;10-8 ALMIRANTE NEFF / JOTABECHE B-5 https://t.co/4LkFtY4Gvg;B-5
2025-01-08T02:27:31.000Z;2025-01-07;10-8 MERINO JARPA / COLÓN B-5 https://t.co/bbtVdKjYYe;B-5
2025-01-08T17:35:08.000Z;2025-01-08;10-0-1 LOS NARDOS / RIO MAPOCHO B-5, B-4, Q-2 https://t.co/vi9IkNNP8G;B-5
2025-01-08T18:11:53.000Z;2025-01-08;10-3-4 MAITÉN / EL SAUCE B-5 https://t.co/jpQExoIDV8;B-5
2025-01-09T13:05:02.000Z;2025-01-09;10-4-2 AUTOPISTA CONCEPCIÓN TALCAHUANO ALTURA PUENTE O\'HIGGINS /  B-5, RB-3, H-9 https://t.co/xdSegGgPKK;B-5
2025-01-09T18:41:34.000Z;2025-01-09;10-4-1 AVENIDA COLON / AUTOPISTA CONCEPCION - TALCAHUANO B-5, H-9 https://t.co/nm0r88D4BP;B-5
2025-01-10T18:48:38.000Z;2025-01-10;10-4-1 JAIME REPULLO / JAIME REPULLO B-5, H-9 https://t.co/Vu88qvFtCC;B-5
2025-01-11T16:33:24.000Z;2025-01-11;10-3-4 RIO MAPOCHO / RIO NUBLE B-5 https://t.co/uhOYH3FxJl;B-5
2025-01-11T20:10:51.000Z;2025-01-11;10-4-1 AVENIDA CRISTÓBAL COLÓN / 4 NORTE B-5, H-9 https://t.co/sajAIIx3xf;B-5
2025-01-11T20:28:26.000Z;2025-01-11;10-3-4 RIO TOLTEN / PASAJE 10 B-5 https://t.co/ito3Q5X5gm;B-5
2025-01-11T21:40:11.000Z;2025-01-11;10-0-1 LAS PALMERAS / VOLCAN OSORNO B-4, B-5, Q-2 https://t.co/TzNGG0CU6C;B-5
2025-01-13T00:18:04.000Z;2025-01-12;10-3-10 MALL PLAZA DEL TREBOL /  B-5 https://t.co/XKtT337rCU;B-5
2025-01-14T11:47:01.000Z;2025-01-14;10-3-4 CARLOS DITTBORN / AV. DESIDERIO GARCÍA RX-5 https://t.co/1OaTkttVXU;RX-5
2025-01-14T16:42:54.000Z;2025-01-14;10-0-1 GONZÁLEZ RÍOS / LUIS URIBE B-4, B-5, Q-2 https://t.co/trsOUXIKll;B-5
2025-01-14T23:03:47.000Z;2025-01-14;10-4-1 AUTOPISTA CONCEPCIÓN-TALCAHUANO ALTURA MALL PLAZA EL TRÉBOL /  RX-5, H-9 https://t.co/sqQMPuTfOI;RX-5
2025-01-15T02:23:04.000Z;2025-01-14;10-4-1 AVENIDA LAS GOLONDRINAS / AVENIDA GRAN BRETANA RX-5, H-9 https://t.co/NyWMpy4HJl;RX-5
2025-01-16T20:24:03.000Z;2025-01-16;10-3-4 CARLOS OLIVER / LOS CLAVELES RX-5 https://t.co/dFn8YhZD6y;RX-5
2025-01-16T23:44:23.000Z;2025-01-16;10-4-1 AVENIDA LAS GOLONDRINAS / AISEN RX-5, H-9 https://t.co/rQwJx95zwv;RX-5
2025-01-17T03:56:40.000Z;2025-01-17;10-3-4 UNIVERSIDAD ANDRÉS BELLO /  RX-5 https://t.co/fSYwlccOAL;RX-5
2025-01-17T13:41:01.000Z;2025-01-17;10-6-3 SANTIAGO WATT / EVANGELISTA TORRICHELI H-4, H-8, RX-5 https://t.co/69VjTKinHl;RX-5
2025-01-17T14:21:51.000Z;2025-01-17;10-4-1 AVENIDA LAS GOLONDRINAS / GRAN BRETAÑA RX-5, H-4 https://t.co/bDNglP686A;RX-5
2025-01-18T00:50:52.000Z;2025-01-17;10-0-1 SUNICO / DANIEL PAINE B-8, B-4, B-5 https://t.co/XtwG5h3mT7;B-5
2025-01-18T06:00:50.000Z;2025-01-18;10-8 GERMAN RIESCO / SIMON BOLIVAR B-5 https://t.co/KLVEeDsGMb;B-5
2025-01-18T17:30:55.000Z;2025-01-18;10-0-1 MALAQUIAS CONCHA / JUAN MACAYA B-3, B-1, B-5 https://t.co/BLMry1CRxU;B-5
2025-01-18T19:06:12.000Z;2025-01-18;10-4-1 AVENIDA LAS GOLONDRINAS / AVENIDA GRAN BRETANA RX-5, H-9 https://t.co/NyWMpy4HJl;RX-5
2025-01-19T06:28:54.000Z;2025-01-19;10-4-1 VASCO NÚÑEZ DE BALBOA / CALLE A RH-2, RX-5 https://t.co/0gv6JEmIPb;RX-5
2025-01-19T21:09:37.000Z;2025-01-19;10-3-4 RÍO ACONCAGUA / LOS JACINTOS RX-5 https://t.co/xycAUbuaKZ;RX-5
2025-01-20T02:55:26.000Z;2025-01-19;10-4-1 AUTOPISTA CONCEPCIÓN-TALCAHUANO ALTURA COPEC /  RX-5, H-9 https://t.co/AcJcjZYH01;RX-5
2025-01-20T17:57:26.000Z;2025-01-20;10-0-3 CASINO MARINA DEL SOL /  H-9, B-4, B-5, B-3, BM-2, RB-6 https://t.co/6V92UQlOQd;B-5
2025-01-20T19:05:52.000Z;2025-01-20;10-3-4 AV. DESIDERIO GARCÍA / ALTO HORNO RX-5 https://t.co/7n3dfo2TZG;RX-5
2025-01-21T19:20:47.000Z;2025-01-21;10-9 LAGO LLANQUIHUE / LAGO LANALHUE B-5 https://t.co/DaxhHd1WmI;B-5
2025-01-22T23:57:14.000Z;2025-01-22;10-3-9 VOLCÁN CHILLÁN / ALMIRANTE NEFF RX-5, H-8 https://t.co/Q7IbIqYc0S;RX-5
2025-01-24T15:08:19.000Z;2025-01-24;10-3-10 COVEÑA / LAS PATAGUAS RX-5 https://t.co/pNj1cuhhjT;RX-5
2025-01-25T18:09:09.000Z;2025-01-25;10-3-9 BUENOS AIRES / ALDUNATE RX-5 https://t.co/rJsrLkf1hi;RX-5
2025-01-26T01:31:43.000Z;2025-01-25;10-4-1 LA MARINA / JARDINES DEL SUR RX-5, H-9 https://t.co/9z2vNLBelu;RX-5
2025-01-26T06:19:24.000Z;2025-01-26;10-3-4 PASAJE 11 / BASILIO URRUTIA RX-5 https://t.co/FBRh1K8jNz;RX-5
2025-01-28T02:50:22.000Z;2025-01-27;10-3-4 AUTOPISTA CONCEPCIÓN-TALCAHUANO ALTURA ROSEN /  RX-5 https://t.co/7p9hAfHRJ2;RX-5
2025-01-29T00:52:58.000Z;2025-01-28;10-9 VOLCÁN COPAHUE / ALGARROBO B-5 https://t.co/qDbVQsadmG;B-5
2025-01-29T16:33:21.000Z;2025-01-29;10-4-1 AVENIDA COLON / CARRERA PINTO RX-5, B-1 https://t.co/IQDP4h8i1q;RX-5
2025-01-31T19:09:47.000Z;2025-01-31;10-3-4 2 PONIENTE / 4 SUR RX-5 https://t.co/4UrcQxcV9g;RX-5
2025-01-31T22:10:40.000Z;2025-01-31;10-0-3 COLÓN / ALMTE. NEFF B-8, B-5, B-9, B-1, RB-3, X-4 https://t.co/su8L3Um7pB;B-5
2025-02-02T01:07:29.000Z;2025-02-01;10-3-4 ANTONIO DE LA FUENTE / ISLA LEVEL RX-5 https://t.co/u78GrjCpMs;RX-5
2025-02-02T21:33:51.000Z;2025-02-02;10-4-1 COLÓN / LAS AMAPOLAS RX-5, B-4 https://t.co/QVzYxyuspb;RX-5
2025-02-04T19:09:35.000Z;2025-02-04;10-3-4 2 PONIENTE / LOS PINOS RX-5 https://t.co/02ijdkSTKq;RX-5
2025-02-04T23:01:18.000Z;2025-02-04;10-3-4 IQUIQUE / AVENIDA COLON RX-5 https://t.co/wbSG5ZcifS;RX-5
2025-02-05T20:14:28.000Z;2025-02-05;10-3-4 EL QUILQUIL / LAS QUILAS B-5 https://t.co/HZCYWOOkQR;B-5
2025-02-08T14:22:13.000Z;2025-02-08;10-12 A 10-9 ALEMANIA / CUARTEL PRIMERA COMPAÑIA BOMBEROS HUALPEN RX-5 https://t.co/xFUR4kYE96;RX-5
2025-02-08T16:34:40.000Z;2025-02-08;10-3-4 CALLE G / CONDOMINIO EL ALMENDRAL RX-5 https://t.co/L3xZgx7JdK;RX-5
2025-02-08T18:26:41.000Z;2025-02-08;10-9 AEROPUERTO CARRIEL SUR /  B-5 https://t.co/DI1biRwsc3;B-5
2025-02-09T10:04:29.000Z;2025-02-09;SALE B-5 A 10-8 JAIME REPULLO / MONSENOR ALARCON https://t.co/KVxhBgI404;B-5
2025-02-09T14:28:28.000Z;2025-02-09;10-8 JAIME REPULLO / MONSENOR ALARCON RH-2, Z-9, B-5 https://t.co/KVxhBgI404;B-5
2025-02-09T22:22:52.000Z;2025-02-09;10-3-4 CUATRO PONIENTE / AV CONCEPCION RX-5 https://t.co/g4Yhtbnzb3;RX-5
2025-02-09T23:46:09.000Z;2025-02-09;10-4-1 2 PONIENTE / AVENIDA TALCAHUANO RX-5, B-9 https://t.co/vFU9tU6eYL;RX-5
2025-02-10T19:50:57.000Z;2025-02-10;10-0-1 6 NORTE / 1 ORIENTE B-9, B-5, Q-2 https://t.co/oSjPmzM9ZW;B-5
2025-02-11T13:05:06.000Z;2025-02-11;10-3-4 RUTA INTERPORTUARIA / PEAJE TRONCAL ALESSANDRI /  RX-5 https://t.co/Xd8Qx7HZ4p;RX-5
2025-02-11T19:29:56.000Z;2025-02-11;10-3-10 EJERCITO / AVENIDA CRISTOBAL COLON RX-5 https://t.co/enJ23HCBnb;RX-5
2025-02-11T22:32:14.000Z;2025-02-11;10-12 A 10-2 BALMACEDA / BALMACEDA B-5 https://t.co/Tdd49B89CI;B-5
2025-02-12T21:03:06.000Z;2025-02-12;10-4-2 ALMIRANTE NEFF / AVENIDA COLON RX-5, RB-3, B-4 https://t.co/CZqjjaTF7Q;RX-5
2025-02-13T10:56:22.000Z;2025-02-13;10-4-1 AVENIDA COLON / SIMON BOLIVAR RX-5, B-4 https://t.co/QogNm4zEKj;RX-5
2025-02-14T14:27:26.000Z;2025-02-14;SALE RX-5 A 10-4-1 AVENIDA COLON / ARTURO PRAT https://t.co/MnHDYzsUie;RX-5
2025-02-14T19:54:30.000Z;2025-02-14;10-4-1 AVENIDA COLON / LAS AMAPOLAS RX-5, B-1 https://t.co/PDi4itWfvR;RX-5
2025-02-14T20:54:53.000Z;2025-02-14;10-4-1 AUTOPISTA CONCEPCION - TALCAHUANO / AVENIDA JORGE ALESSANDRI RX-5, B-1 https://t.co/ZgD6FcZtbP;RX-5
2025-02-15T14:06:12.000Z;2025-02-15;10-3-4 PAPUDO / LA LIGUA RX-5 https://t.co/B1SMl7BG3c;RX-5
2025-02-15T19:33:59.000Z;2025-02-15;10-4-2 AUTOPISTA CONCEPCIÓN-TALCAHUANO ALTURA MALL PLAZA EL TRÉBOL /  RX-5, RB-3, B-9 https://t.co/sqQMPuTfOI;RX-5
2025-02-15T22:48:23.000Z;2025-02-15;10-4-1 AVENIDA GRAN BRETAÑA / ALGARROBO RB-3, B-8, RX-5 https://t.co/4dOauNY0ZW;RX-5
2025-02-16T12:35:43.000Z;2025-02-16;10-3-10 JOSÉ MERCEDES CRUZ / BASILIO URRUTIA RX-5 https://t.co/vbVio7Kn5n;RX-5
2025-02-16T13:18:53.000Z;2025-02-16;10-4-2 COLÓN / HUALPÉN RB-3, RX-5, B-1 https://t.co/otounqQJo6;RX-5
2025-02-16T17:12:13.000Z;2025-02-16;10-3-4 2 PONIENTE / 2 NORTE RX-5 https://t.co/GtY7CN7Sc6;RX-5
2025-02-16T20:40:32.000Z;2025-02-16;10-3-9 CINCO PONIENTE / SAN MIGUEL RX-5 https://t.co/Mo7MYplWwi;RX-5
2025-02-17T15:27:02.000Z;2025-02-17;10-3-4 AVENIDA COLON / IQUIQUE RX-5 https://t.co/wbSG5ZcifS;RX-5
2025-02-17T18:27:43.000Z;2025-02-17;10-8 LA VEGA / LOURDES (CONDOMINIO SANTA LEONOR) B-5 https://t.co/cTstGLb91a;B-5
2025-02-17T18:28:07.000Z;2025-02-17;SALE RX-5 A 10-8 LA VEGA / LOURDES (CONDOMINIO SANTA LEONOR) https://t.co/cTstGLb91a;RX-5
2025-02-18T02:56:08.000Z;2025-02-17;10-12 A 10-1 LOS MAÑÍOS / REINOGUELEN B-5, Q-2 https://t.co/Fk1Ch72s0e;B-5
2025-02-18T17:22:10.000Z;2025-02-18;10-4-1 AV. PDTE. JORGE ALESSANDRI RODRIGUEZ / AV. STA. MARÍA RX-5, B-8 https://t.co/b0c1oYueqZ;RX-5
2025-02-19T20:04:59.000Z;2025-02-19;10-4-1 AUTOPISTA CONCEPCIÓN-TALCAHUANO ALTURA MALL PLAZA EL TRÉBOL /  RX-5, B-8 https://t.co/sqQMPuTfOI;RX-5
2025-02-20T14:49:59.000Z;2025-02-20;10-3-4 ALMIRANTE NEFF / LUIS ACEVEDO RX-5 https://t.co/G2f7zqdFoN;RX-5
2025-02-20T22:02:17.000Z;2025-02-20;10-3-1 COLCHAGUA / CHIMBARONGO B-5 https://t.co/xt4oZk6YAB;B-5
2025-02-24T15:33:12.000Z;2025-02-24;SALE RX-5 A 10-3-4 JUAN MACAYA / AVENIDA PEDRO MONTT https://t.co/ZhukGtiyZ1;RX-5
2025-02-24T21:57:01.000Z;2025-02-24;10-4-1 AUTOPISTA CONCEPCIÓN-TALCAHUANO ALTURA MALL PLAZA EL TRÉBOL /  RX-5, B-9 https://t.co/sqQMPuTfOI;RX-5
2025-02-25T05:21:51.000Z;2025-02-25;10-0-1 AVENIDA CRISTÓBAL COLÓN / EJÉRCITO B-9, B-5, Q-2 https://t.co/QKOg3JBaHl;B-5
2025-02-25T14:17:37.000Z;2025-02-25;10-4-2 GOMEZ CARRENO / MONSENOR ALARCON RX-5, RB-6, B-4 https://t.co/fAXEEXfExZ;RX-5
2025-02-26T19:10:04.000Z;2025-02-26;10-0-1 9 NORTE / AVENIDA CRISTOBAL COLON B-9, B-5, Q-2 https://t.co/Cd5QAKRH6X;B-5
2025-02-26T19:19:01.000Z;2025-02-26;10-3-4 AUTOPISTA CONCEPCIÓN-TALCAHUANO ALTURA MALL PLAZA EL TRÉBOL /  RX-5 https://t.co/sqQMPuTfOI;RX-5
2025-02-26T23:53:15.000Z;2025-02-26;10-3-4 CLAUDIO GAY / RARÁN RX-5 https://t.co/Tqh1fUoVgX;RX-5
2025-02-27T00:01:16.000Z;2025-02-26;10-9 CARLOS OLIVER / LOS TULIPANES B-5 https://t.co/0BofcugqNn;B-5
2025-02-27T14:42:14.000Z;2025-02-27;10-4-1 RUTA INTERPORTUARIA / PEAJE TRONCAL ALESSANDRI /  RX-5, B-9, RB-3 https://t.co/Xd8Qx7HZ4p;RX-5
2025-02-27T16:16:09.000Z;2025-02-27;10-3-4 MANUEL BAYON / PASAJE 1 RX-5 https://t.co/n7YKhbU3Hc;RX-5
2025-02-27T22:27:40.000Z;2025-02-27;10-2-1 LOS PINOS / AVENIDA AVIACION B-5 https://t.co/kAecmIbUcq;B-5
2025-02-28T13:36:35.000Z;2025-02-28;SALE RX-5 A 10-12 A 10-4 AVENIDA PRESIDENTE JORGE ALESSANDRI RODRIGUEZ / ALESSANDRI https://t.co/0jGQb2NWxn;RX-5
2025-02-28T22:39:17.000Z;2025-02-28;10-4-2 AVENIDA JUAN ANTONIO RIOS / ROTONDA RB-3, RX-5, B-8 https://t.co/ICeHWay12z;RX-5
2025-03-01T22:18:02.000Z;2025-03-01;SALE RX-5 A 10-4-1 BULNES / AVENIDA COLON https://t.co/S1pvb0wEcJ;RX-5
2025-03-02T22:06:14.000Z;2025-03-02;10-3-4 CHIMBARONGO / ACHAO RX-5 https://t.co/IsSq1cEQ0I;RX-5
2025-03-03T11:54:12.000Z;2025-03-03;10-3-4 AVENIDA DESIDERIO GARCIA / CARLOS DITTBORN RX-5 https://t.co/JjoFq7pSOv;RX-5
2025-03-03T15:45:16.000Z;2025-03-03;10-3-4 AVENIDA JORGE ALESSANDRI / AVENIDA SANTA MARIA RX-5 https://t.co/7ZBKJgGQrn;RX-5
2025-03-04T16:17:00.000Z;2025-03-04;10-1-1 AVENIDA CLAUDIO GAY ORIENTE / TOROMIRO B-5 https://t.co/tjlEHPW7k4;B-5
2025-03-04T16:36:40.000Z;2025-03-04;10-4-1 AVENIDA COLON / LAS ROSAS RB-3, B-5 https://t.co/jK62zMsUHg;B-5
2025-03-06T00:35:34.000Z;2025-03-05;10-9 LAS HORTENSIAS / RÍO LOA B-5 https://t.co/NBsqzUqluW;B-5
2025-03-06T21:30:19.000Z;2025-03-06;10-3-4 LOS NARDOS / LAS AMAPOLAS RX-5 https://t.co/fX1bx7CDnp;RX-5
2025-03-06T23:32:53.000Z;2025-03-06;10-0-1 7 PONIENTE / TALCAHUANO RX-5, H-4, Q-2 https://t.co/uAx0YNlT6r;RX-5
2025-03-06T23:34:49.000Z;2025-03-06;SALE B-5 A 10-0-1 7 PONIENTE / TALCAHUANO https://t.co/uAx0YNlT6r;B-5
2025-03-07T00:56:51.000Z;2025-03-06;10-7 LOS FRESNOS / LAS MAGNOLIAS (VILLA SAN MARTIN) B-5 https://t.co/UvWAYmpVzP;B-5
2025-03-07T11:05:53.000Z;2025-03-07;10-4-1 SEIS PONIENTE / CONCEPCIÓN RX-5, B-9 https://t.co/YY4y9mdhwR;RX-5
2025-03-07T16:51:48.000Z;2025-03-07;10-3-4 AUTOPISTA CONCEPCIÓN - TALCAHUANO / SAN CARLOS RX-5 https://t.co/VezdBaWhlO;RX-5
2025-03-08T16:51:54.000Z;2025-03-08;10-4-1 JAIME REPULLO / CARRIEL NORTE RX-5, B-9 https://t.co/PBIpNT710s;RX-5
2025-03-08T18:22:08.000Z;2025-03-08;SALE RH-1, B-4, B-5 A 10-0-4 ANDRÉS BELLO / BALDOMERO LARA https://t.co/SgmgQ7imUL;B-5
2025-03-09T14:31:12.000Z;2025-03-09;10-0-1 UNO ORIENTE / DIECISÉIS NORTE B-9, B-5, Q-2 https://t.co/H7v8KTuqVg;B-5
2025-03-09T17:42:30.000Z;2025-03-09;10-4-1 JUAN GUILLERMO SOSA / AVENIDA CLAUDIO GAY ORIENTE RX-5, H-4 https://t.co/hVlSqo2ke2;RX-5
2025-03-11T15:28:03.000Z;2025-03-11;10-4-1 AVENIDA LAS GOLONDRINAS / AVENIDA O\'HIGGINS RX-5, B-9 https://t.co/jVCsMr5z2b;RX-5
2025-03-11T16:08:57.000Z;2025-03-11;10-3-4 LOS PLATANOS / LAS HORTENSIAS RX-5 https://t.co/AjgPxYMYuo;RX-5
2025-03-12T10:08:11.000Z;2025-03-12;10-0-1 MONS ALARCÓN / JAIME REPULLO (COLEGIO ADVENTISTA) B-4, B-5, Q-2 https://t.co/xViEGnSRXU;B-5
2025-03-12T15:25:15.000Z;2025-03-12;10-3-10 TORREBLANCA / EUDOCIO MILLAS RX-5 https://t.co/dXN1Txi5oQ;RX-5
2025-03-12T17:15:48.000Z;2025-03-12;10-4-1 2 NORTE / 1 PONIENTE RX-5, B-4 https://t.co/8CKtcRMuXa;RX-5
2025-03-12T21:03:26.000Z;2025-03-12;10-4-1 ROTONDA HUACHIPATO /  RB-3, B-8, RX-5 https://t.co/heSfGBbNeZ;RX-5
2025-03-14T00:32:38.000Z;2025-03-13;10-3-4 LA MARINA / DOCE NORTE RX-5 https://t.co/xYYiUUxQMk;RX-5
2025-03-14T03:21:34.000Z;2025-03-14;10-0-1 ALMIRANTE NEFF / EUGENIO ORREGO VICUÑA B-4, B-5, Q-2 https://t.co/wmLWokqVQV;B-5
2025-03-14T12:18:47.000Z;2025-03-14;10-4-2 AVENIDA LAS GOLONDRINAS / AVENIDA ALEMANIA RX-5, RB-3, B-11 https://t.co/FQivhTYA9M;RX-5
2025-03-14T14:12:26.000Z;2025-03-14;10-6-3 ARTEAGA ALEMPARTE / EJÉRCITO, ESCUELA SANTA LEONOR H-9, H-4, RX-5 https://t.co/X6goropGSV;RX-5
2025-03-15T19:24:11.000Z;2025-03-15;10-3-4 BENAVENTE / AVENIDA MANUEL RODRIGUEZ RX-5 https://t.co/pG2fTJssET;RX-5
2025-03-16T07:36:50.000Z;2025-03-16;10-3-4 4 NORTE / 1 ORIENTE RX-5 https://t.co/pVdyv13D8B;RX-5
2025-03-16T23:46:13.000Z;2025-03-16;SALE B-5 A 10-2-2 GRAN BRETAÑA / ROTONDA https://t.co/16246DAhlc;B-5
2025-03-18T00:35:18.000Z;2025-03-17;10-4-1 AVENIDA VASCO NÚÑEZ DE BALBOA / TVN RED BÍO-BÍO RH-2, RX-5 https://t.co/t9F1NeVntu;RX-5
2025-03-18T10:35:47.000Z;2025-03-18;10-4-1 AVENIDA VASCO NÚÑEZ DE BALBOA / DETRÁS DE INACAP RH-2, RX-5 https://t.co/t9F1NeUPDW;RX-5
2025-03-18T11:05:00.000Z;2025-03-18;10-4-1 TARAPACA / AISEN RX-5, B-8 https://t.co/FAVyCMx58l;RX-5
2025-03-18T21:22:17.000Z;2025-03-18;10-4-1 AVENIDA O\'HIGGINS / GRISELDA RX-5, B-4 https://t.co/KuxqlZuINJ;RX-5
2025-03-18T23:42:38.000Z;2025-03-18;10-3-4 EJERCITO / LA MARINA RX-5 https://t.co/d1cwKj2I5f;RX-5
2025-03-19T00:22:16.000Z;2025-03-18;10-3-4 SAN MIGUEL / 2 PONIENTE RX-5 https://t.co/bbRZelqsPn;RX-5
2025-03-19T08:30:06.000Z;2025-03-19;SALE RX-5 A 10-3-1 INACAP UNIVERSIDAD TECNOLÓGICA DE CHILE /  https://t.co/StDSRXHmVc;RX-5
2025-03-19T18:59:18.000Z;2025-03-19;10-4-1 LOS LIRIOS / LAS ORQUIDEAS RX-5, B-9 https://t.co/TlwKUzAw8T;RX-5
2025-03-19T20:04:20.000Z;2025-03-19;10-3-10 GRISELDA / EL CARMEN RX-5 https://t.co/FtWkv2TkJm;RX-5
2025-03-20T12:19:48.000Z;2025-03-20;10-4-1 GRISELDA / SAN JOSE RX-5, B-9 https://t.co/CI7UGP1LYH;RX-5
2025-03-20T16:38:24.000Z;2025-03-20;10-4-1 PASARELA INACAP AUTOPISTA CONCEPCIÓN-TALCAHUANO /  RX-5, B-4 https://t.co/iYq76E81gN;RX-5
2025-03-21T11:51:41.000Z;2025-03-21;10-4-1 COLÓN / MONS ALARCÓN RX-5, B-4 https://t.co/U7ICAYbH1B;RX-5
2025-03-21T21:01:54.000Z;2025-03-21;10-3-4 LAS HORTENSIAS / EL VOQUI RX-5 https://t.co/uZVXJZOTfA;RX-5
2025-03-22T23:16:39.000Z;2025-03-22;10-0-2 BAHÍA INGLESA / CALLE PLAYA PINGUERAL RH-1, H-8, B-5, BM-2 https://t.co/uFeiEc1mb5;B-5
2025-03-23T13:37:12.000Z;2025-03-23;10-0-4 ISLA ATILIO / AVENIDA ALTO HORNO B-3, RH-1, H-4, B-5, B-7 https://t.co/vyRQ9E6cMA;B-5
2025-03-23T18:48:13.000Z;2025-03-23;10-3-4 CALLE F / CALLE A RX-5 https://t.co/3veJMHNUEf;RX-5
2025-03-24T04:49:10.000Z;2025-03-24;10-12 A 10-2 VARELA / CARRERA B-5 https://t.co/FmZUb2OmGa;B-5
2025-03-24T18:01:18.000Z;2025-03-24;SALE B-4, B-5 A 10-12 A 10-2 LA CONCEPCIÓN / RAMON FREIRE https://t.co/Uli7gYOMhu;B-5
2025-03-26T14:53:30.000Z;2025-03-26;10-3-4 RÍO CHOAPA / LAS HORTENSIAS RX-5 https://t.co/T35kJEVON6;RX-5
2025-03-26T16:57:19.000Z;2025-03-26;10-0-1 JAIME REPULLO / MONSENOR ALARCON B-5, B-9, Q-2 https://t.co/MDC8jVbJ0n;B-5
2025-03-26T21:41:06.000Z;2025-03-26;10-4-1 GERMAN RIESCO / MOLINA RX-5, B-8 https://t.co/zOTL4ONkyx;RX-5
2025-03-29T11:35:48.000Z;2025-03-29;10-4-1 AV. LAS GOLONDRINAS / AV. DINAHUE RX-5, B-9 https://t.co/dLTH1W9z1G;RX-5
2025-03-29T20:57:07.000Z;2025-03-29;10-4-1 AUTOPISTA CONCEPCIÓN-TALCAHUANO ALTURA COPEC /  RX-5, B-9 https://t.co/AcJcjZYH01;RX-5
2025-03-29T21:58:37.000Z;2025-03-29;10-0-4 CATEMU / TARAPACA B-9, B-5, B-4, H-8, Q-2 https://t.co/PM6u9vcwsy;B-5
2025-03-30T01:09:07.000Z;2025-03-29;10-12 A 10-3 OSTRAVA / POLONIA RX-5 https://t.co/2jrLcxNuc9;RX-5
2025-03-30T10:28:16.000Z;2025-03-30;10-4-1 CARLOS DITTBORN / LOS DAMASCOS RX-5, B-4 https://t.co/0jgfAcHvdD;RX-5
2025-03-30T23:19:28.000Z;2025-03-30;10-4-1 DANIEL PAINE / HONDURAS RX-5, H-8 https://t.co/Rtg46oiogA;RX-5
2025-03-31T22:25:11.000Z;2025-03-31;10-4-1 VASCO NUNEZ DE BALBOA / CALLE 1 RH-2, RX-5 https://t.co/MVG9fRFccL;RX-5
2025-04-02T10:49:47.000Z;2025-04-02;10-3-4 GRAN BRETAÑA / CALLE 1 B-5 https://t.co/1A6SA3FLKH;B-5
2025-04-03T13:10:21.000Z;2025-04-03;10-4-1 GOMEZ CARRENO / MONSENOR ALARCON B-5, H-8 https://t.co/fAXEEXfExZ;B-5
2025-04-03T17:39:00.000Z;2025-04-03;10-6-2 GABRIELA MISTRAL / AVENIDA ALTO HORNO H-11, B-5 https://t.co/KOAq5eO7BE;B-5
2025-04-05T13:28:54.000Z;2025-04-05;10-7 RÍO MAULE / LOS GIRASOLES RX-5 https://t.co/TtSsAb3AKx;RX-5
2025-04-05T14:26:47.000Z;2025-04-05;10-6-1 RÍO MAULE / LOS GIRASOLES H-8, RX-5 https://t.co/czLhBcwxZu;RX-5
2025-04-05T15:15:01.000Z;2025-04-05;10-3-4 MERINO JARPA / HIGUERAS RX-5 https://t.co/LmZ1EvcrqP;RX-5
2025-04-06T01:47:32.000Z;2025-04-05;10-3-9 LAS HORTENSIAS / LOS PENSAMIENTOS RX-5 https://t.co/QaojF1krQD;RX-5
2025-04-06T03:09:56.000Z;2025-04-05;10-4-1 AVENIDA COLON / ALBERTO GONZALEZ RIOS RX-5, B-4 https://t.co/jujglCl2Ss;RX-5
2025-04-06T04:45:24.000Z;2025-04-06;10-4-1 AVENIDA COLON / MONSENOR ALARCON RX-5, B-4 https://t.co/Y9vxCLfupr;RX-5
2025-04-06T21:25:55.000Z;2025-04-06;10-4-1 AUTOPISTA CONCEPCIÓN-TALCAHUANO ALTURA MALL PLAZA EL TRÉBOL /  RX-5, H-4 https://t.co/sqQMPuTfOI;RX-5
2025-04-06T23:09:03.000Z;2025-04-06;10-3-4 COLÓN / LAS AMAPOLAS RX-5 https://t.co/QVzYxyuspb;RX-5
2025-04-07T03:51:51.000Z;2025-04-06;10-3-4 ISLA MOCHA / ISLA GUAFO RX-5 https://t.co/wRyFA1mYme;RX-5
2025-04-07T17:01:55.000Z;2025-04-07;10-3-4 ALMIRANTE NEFF / JOTABECHE RX-5 https://t.co/oRDn5ZmIah;RX-5
2025-04-07T23:23:52.000Z;2025-04-07;10-3-4 LAGO CABURGA / LAGO LLANQUIHUE RX-5 https://t.co/f4dWrkpffX;RX-5
2025-04-08T20:22:21.000Z;2025-04-08;10-8 AVIACION / SAN MIGUEL B-5 https://t.co/qWhOdZXrco;B-5
2025-04-09T12:56:31.000Z;2025-04-09;10-4-1 AVENIDA COLON / LAS ROSAS RX-5, B-4 https://t.co/jK62zMsUHg;RX-5
2025-04-09T16:44:19.000Z;2025-04-09;10-3-4 AUTOPISTA CONCEPCIÓN TALCAHUANO ALTURA PUENTE O\'HIGGINS /  RX-5 https://t.co/xdSegGgPKK;RX-5
2025-04-10T12:25:53.000Z;2025-04-10;10-4-1 AVENIDA GRAN BRETANA / AVENIDA LAS GOLONDRINAS RX-5, B-9 https://t.co/NyWMpy4HJl;RX-5
2025-04-10T23:20:59.000Z;2025-04-10;10-3-9 LOS CEDROS / VOLCAN CHILLAN RX-5, B-4 https://t.co/rIkkkqEvrG;RX-5
2025-04-11T14:12:06.000Z;2025-04-11;10-4-1 AVENIDA LAS GOLONDRINAS / DINAHUE RX-5, B-4 https://t.co/7YKSWdhoeN;RX-5
2025-04-12T09:17:40.000Z;2025-04-12;10-4-1 SEMÁFORO AUTOPISTA CONCEPCIÓN-TALCAHUANO ALTURA SHELL /  RX-5, B-9 https://t.co/RRbsoShpXq;RX-5
2025-04-12T19:13:47.000Z;2025-04-12;10-0-3 MALL PLAZA DEL TREBOL /  B-9, B-4, B-5, RX-5, BM-2, Q-2 https://t.co/XKtT337rCU;B-5,RX-5
2025-04-13T16:14:32.000Z;2025-04-13;10-3-4 DAVID FUENTES / BILBAO RX-5 https://t.co/fsT2jQkRXD;RX-5
2025-04-13T19:09:58.000Z;2025-04-13;10-0-1 APPLEGATH / GABRIELA MISTRAL B-4, B-5, RB-3 https://t.co/3VHfPiMon1;B-5
2025-04-14T00:17:44.000Z;2025-04-13;10-3-9 AUTOPISTA CONCEPCIÓN-TALCAHUANO ALTURA LA RUTA /  RX-5 https://t.co/zvitn2Ipgj;RX-5
2025-04-14T23:11:22.000Z;2025-04-14;10-4-1 ROTONDA HUACHIPATO /  RB-3, B-8, RX-5 https://t.co/heSfGBbNeZ;RX-5
2025-04-16T01:08:15.000Z;2025-04-15;10-4-1 COLÓN / LAS AMAPOLAS RX-5, B-4 https://t.co/QVzYxyuspb;RX-5
2025-04-17T20:37:45.000Z;2025-04-17;10-3-4 MALL PLAZA DEL TREBOL /  RX-5, Q-2 https://t.co/XKtT337rCU;RX-5
2025-04-18T02:04:57.000Z;2025-04-17;10-0-1 LOS CEREZOS / LAS ACACIAS B-8, B-5, Q-2 https://t.co/9D07fmfO19;B-5
2025-04-18T17:42:11.000Z;2025-04-18;10-4-1 RUTA INTERPORTUARIA / PUENTE LAS BALLENAS /  RB-3, RH-1, RX-5 https://t.co/lzIF93Eau7;RX-5
2025-04-20T10:19:58.000Z;2025-04-20;10-4-1 AUTOPISTA CONCEPCION - TALCAHUANO / AVENIDA COLON RX-5, B-9 https://t.co/nm0r88D4BP;RX-5
2025-04-21T17:36:38.000Z;2025-04-21;10-4-1 AUTOPISTA CONCEPCIÓN-TALCAHUANO ALTURA LA RUTA /  RX-5, RB-3 https://t.co/zvitn2Ipgj;RX-5
2025-04-22T13:39:16.000Z;2025-04-22;10-4-1 INCHALAM-AVENIDA GRAN BRETAÑA /  RB-3, B-8, RX-5 https://t.co/AkBQDdNvej;RX-5
2025-04-22T20:26:38.000Z;2025-04-22;10-0-1 DOS PONIENTE / LOS PINOS B-9, B-5, Q-2 https://t.co/MOxZLyuT69;B-5
2025-04-22T20:46:37.000Z;2025-04-22;10-4-1 AVENIDA DINAHUE / GRAN BRETAÑA RX-5, B-9 https://t.co/WefjGx0gGw;RX-5
2025-04-23T00:45:31.000Z;2025-04-22;10-3-9 LAGUNA LAS TRES PASCUALAS / LAGUNA AVENDANO RX-5 https://t.co/w1YwK1II0e;RX-5
2025-04-23T20:46:00.000Z;2025-04-23;10-3-4 LUIS ACEVEDO / JOSE MERCEDES CRUZ RX-5 https://t.co/voZnHQ07dT;RX-5
2025-04-23T22:04:55.000Z;2025-04-23;10-3-9 AUTOPISTA CONCEPCIÓN-TALCAHUANO ALTURA AUTOMAC /  RX-5, B-9 https://t.co/TI902bdor7;RX-5
2025-04-24T19:37:09.000Z;2025-04-24;10-4-1 GRAN BRETAÑA / ROTONDA HUACHIPATO RB-3, B-8, RX-5 https://t.co/U3aGFD7yFx;RX-5
2025-04-25T01:20:43.000Z;2025-04-24;10-0-1 EL CHEQUEN / EL PAJONAL B-5, B-9, Q-2 https://t.co/jTQlRM2tYS;B-5
2025-04-25T08:03:34.000Z;2025-04-25;10-4-1 ALMIRANTE NEFF / AVENIDA COLON RX-5 https://t.co/CZqjjaTF7Q;RX-5
2025-04-25T19:30:59.000Z;2025-04-25;10-3-10 ZENTENO / AVENIDA COLON RX-5 https://t.co/f98K7hnadt;RX-5
2025-04-25T20:40:09.000Z;2025-04-25;10-4-1 AVENIDA COSTANERA / AVENIDA GRAN BRETANA RB-3, B-9, RX-5 https://t.co/JgUy3ZnlI0;RX-5
2025-04-26T01:01:38.000Z;2025-04-25;10-4-1 ALMIRANTE NEFF / AVENIDA COLON RX-5, B-4 https://t.co/CZqjjaTF7Q;RX-5
2025-04-27T20:37:57.000Z;2025-04-27;10-4-1 AVENIDA GRAN BRETANA / AVENIDA LAS GOLONDRINAS RX-5, B-9 https://t.co/NyWMpy4HJl;RX-5
2025-04-28T00:02:57.000Z;2025-04-27;10-4-1 AVENIDA LAS GOLONDRINAS / 2 PONIENTE RX-5, B-4 https://t.co/g37KjN9v3M;RX-5
2025-04-28T18:27:07.000Z;2025-04-28;10-6-3 LAS HORTENSIAS / LOS GIRASOLES B-9, RX-5 https://t.co/VnocdmGJYd;RX-5
2025-04-30T18:52:45.000Z;2025-04-30;10-1-1 EL CHEQUEN / EL TAMARINDO B-5 https://t.co/ppBa65ORoi;B-5
2025-04-30T19:31:44.000Z;2025-04-30;10-4-1 TARAPACA / AISEN RX-5, B-9 https://t.co/FAVyCMwxiN;RX-5
2025-05-01T01:04:57.000Z;2025-04-30;10-3-4 AVENIDA CLAUDIO GAY ORIENTE / PASAJE 20 RX-5 https://t.co/UxxvXF7cfm;RX-5
2025-05-01T04:19:43.000Z;2025-05-01;10-4-1 AUTOPISTA CONCEPCIÓN TALCAHUANO ALTURA PUENTE O\'HIGGINS /  RX-5, B-9 https://t.co/xdSegGgPKK;RX-5
2025-05-02T05:45:41.000Z;2025-05-02;10-3-4 VOLCAN OSORNO / JUAN GUILLERMO SOSA RX-5 https://t.co/Q4bfBFbekX;RX-5
2025-05-03T01:45:54.000Z;2025-05-02;10-4-1 LA MARINA / GRAN BRETAÑA RX-5, B-4 https://t.co/qnR55o9FYO;RX-5
2025-05-04T16:36:55.000Z;2025-05-04;10-3-4 ALTO HORNO / ALMIRANTE NAVARRETE RX-5 https://t.co/P5yvgLTLg6;RX-5
2025-05-04T17:42:13.000Z;2025-05-04;10-3-4 SAN MIGUEL / 8 PONIENTE RX-5 https://t.co/1IdWPatz2B;RX-5
2025-05-05T03:40:51.000Z;2025-05-04;10-0-1 DOMINGO CANESA / VÍCTOR DOMINGO SILVA H-8, B-4, B-5 https://t.co/vyJYurlwPf;B-5
2025-05-05T06:17:17.000Z;2025-05-05;10-3-9 ISLA SAN FÉLIX / ISLA ATILIO RX-5, H-11 https://t.co/aeFiqZHQva;RX-5
2025-05-05T23:17:53.000Z;2025-05-05;10-3-1 LAS HORTENSIAS / LOS PENSAMIENTOS RX-5 https://t.co/JRx9uBmYM1;RX-5
2025-05-06T17:39:23.000Z;2025-05-06;10-8 GERMÁN RIESCO / SIMON BOLÍVAR B-5 https://t.co/WbXl29IWXN;B-5
2025-05-06T22:16:42.000Z;2025-05-06;10-3-4 HUALPÉN / COLÓN RX-5 https://t.co/otounqQJo6;RX-5
2025-05-08T00:01:10.000Z;2025-05-07;10-3-4 MONS ALARCÓN / LOS LIRIOS RX-5 https://t.co/eMc6Lo9zX7;RX-5
2025-05-08T18:56:20.000Z;2025-05-08;10-4-1 CERRO LA U INGRESO POR AV. GRAN BRETAÑA /  RB-3, B-8, RX-5 https://t.co/YifMgLzRbX;RX-5
2025-05-08T22:35:27.000Z;2025-05-08;10-4-1 AVENIDA CLAUDIO GAY ORIENTE / MELI RX-5, B-4 https://t.co/kuiiCzggvf;RX-5
2025-05-09T15:57:14.000Z;2025-05-09;10-3-4 CARLOS DITTBORN / PANAMA RX-5 https://t.co/ZaeHs38H44;RX-5
2025-05-10T15:40:11.000Z;2025-05-10;10-3-10 AV. DESIDERIO GARCÍA / . RX-5 https://t.co/7n3dfo2TZG;RX-5
2025-05-11T21:25:36.000Z;2025-05-11;10-0-1 LAS GARZAS / AVENIDA LOS LOBOS RB-6, B-5 https://t.co/VFwjQtXjOJ;B-5
2025-05-11T22:44:45.000Z;2025-05-11;10-4-2 AVENIDA LAS GOLONDRINAS / 2 PONIENTE RX-5, RB-3, B-9 https://t.co/g37KjN9v3M;RX-5
2025-05-12T00:24:34.000Z;2025-05-11;10-4-1 AVENIDA CRISTOBAL COLON / AVENIDA LAS GOLONDRINAS RX-5, B-9 https://t.co/Nhlt6RyUeh;RX-5
2025-05-13T03:02:26.000Z;2025-05-12;10-8 GUINDO / LUMA B-5 https://t.co/0GfBgTeb8s;B-5
2025-05-13T15:54:31.000Z;2025-05-13;10-4-1 LAS AMAPOLAS / LOS JACINTOS B-5, B-8 https://t.co/FRAqsD1iZ5;B-5
2025-05-14T13:14:05.000Z;2025-05-14;10-6-3 SANTIAGO WATT / EVANGELISTA TORRICHELI H-8, H-11, RX-5 https://t.co/wGjj8QfT04;RX-5
2025-05-14T21:36:07.000Z;2025-05-14;SALE MX-5 A 10-3-5 GRAN BRETAÑA / ISLA SANTA MARIA https://t.co/aTMfFSLn0x;MX-5
2025-05-16T03:07:37.000Z;2025-05-15;10-3-4 CUARTEL SEGUNDA COMPAÑÍA /  RX-5, RH-2 https://t.co/0Tv4W9NBZ1;RX-5
2025-05-17T16:55:50.000Z;2025-05-17;10-4-3 JOSE TORIBIO MEDINA / EDELMIRA RB-6, H-8, B-5 https://t.co/f9WvVeZsCV;B-5
2025-05-17T21:16:07.000Z;2025-05-17;10-3-1 GÓMEZ CARREÑO / MONSENOR ALARCON B-5 https://t.co/diecGaTncm;B-5
2025-05-18T19:48:45.000Z;2025-05-18;10-3-4 ALONSO DE OJEDA / ARTEAGA ALEMPARTE RX-5 https://t.co/6CActYeUkI;RX-5
2025-05-19T14:23:01.000Z;2025-05-19;10-6-3 AVENIDA GRAN BRETAÑA / EVANGELISTA TORRICHELI B-9, H-11, RX-5 https://t.co/TR6OaqoC71;RX-5
2025-05-19T20:39:43.000Z;2025-05-19;10-0-1 2 NORTE / 1 ORIENTE B-9, B-5, Q-2 https://t.co/54eoLTFg80;B-5
2025-05-20T00:15:35.000Z;2025-05-19;10-8 LAS ALMENDRAS / AVENIDA ALTO HORNO B-5 https://t.co/Ydq0AjKx1r;B-5
2025-05-20T19:35:04.000Z;2025-05-20;10-0-1 JAIME REPULLO / 785 B-4, B-5, Q-2 https://t.co/IhZ21TcaxL;B-5
2025-05-20T21:29:12.000Z;2025-05-20;10-6-3 VOLCAN HUDSON / VOLCAN OSORNO H-4, B-9, RX-5 https://t.co/bxn8CIyg1D;RX-5
2025-05-21T14:14:34.000Z;2025-05-21;10-3-10 GÓMEZ CARREÑO / MONSENOR ALARCON RX-5 https://t.co/LxpUDCF4g9;RX-5
2025-05-22T00:37:09.000Z;2025-05-21;10-3-4 CALLE B / CALLE J RX-5 https://t.co/z1rff4hpzq;RX-5
2025-05-22T14:16:15.000Z;2025-05-22;10-6-3 HONDURAS / MEXICO H-8, RX-5 https://t.co/FPzvgwlHIL;RX-5
2025-05-23T22:42:11.000Z;2025-05-23;10-3-4 LAGUNA LAS TRES PASCUALAS / LAGUNA AVENDANO RX-5 https://t.co/Segma1H2xK;RX-5
2025-05-24T16:43:22.000Z;2025-05-24;10-4-2 COLÓN / SIMON BOLÍVAR RX-7, B-4, B-5 https://t.co/fl5u00tvOp;B-5
2025-05-25T23:39:49.000Z;2025-05-25;10-0-1 EL PEHUÉN / ALGARROBO B-4, B-5, Q-2 https://t.co/vx0uLXuSnL;B-5
2025-05-26T15:28:22.000Z;2025-05-26;SALE B-5 A 10-0-4 ANCAHUAL / QUILACURA https://t.co/lORGDAZpXf;B-5
2025-05-27T11:54:08.000Z;2025-05-27;10-3-4 ARTEAGA ALEMPARTE / AUTOPISTA CONCEPCION - TALCAHUANO RX-5 https://t.co/XToJ2S3pIz;RX-5
2025-05-27T17:33:25.000Z;2025-05-27;10-3-4 JUAN GUILLERMO SOSA / VOLCAN OSORNO RX-5 https://t.co/4C6XnUMf11;RX-5
2025-05-27T22:47:55.000Z;2025-05-27;10-3-4 COLÓN / MOLINA RX-5 https://t.co/B1zRgE4pyN;RX-5
2025-05-28T00:42:43.000Z;2025-05-27;10-0-1 MELI / CLAUDIO GAY B-5, B-8, Q-2 https://t.co/zIIJMcWXvW;B-5
2025-05-28T14:33:27.000Z;2025-05-28;10-15 MALL PLAZA DEL TREBOL /  B-9, BM-2, B-4, RX-5 https://t.co/XKtT337rCU;RX-5
2025-05-29T12:10:08.000Z;2025-05-29;10-3-4 AVENIDA IFARLE / CALLE A RX-5 https://t.co/rdZAilymUf;RX-5
2025-05-29T20:24:39.000Z;2025-05-29;10-3-10 VASCO NUÑEZ DE BALBOA - ALTURA UNAB /  RX-5 https://t.co/knvMjg1Eee;RX-5
2025-05-30T04:58:41.000Z;2025-05-30;10-4-1 AUTOPISTA CONCEPCIÓN-TALCAHUANO ALTURA COPEC /  RX-5, B-9 https://t.co/0UTUrDONPc;RX-5
2025-05-31T03:50:57.000Z;2025-05-30;10-3-4 VASCO NUÑEZ DE BALBOA - ALTURA UNAB /  RX-5 https://t.co/knvMjg1Eee;RX-5
2025-05-31T04:45:32.000Z;2025-05-31;10-3-4 AUTOPISTA / ACCESO JAIME REPULLO RX-5 https://t.co/VAHrp9UzoK;RX-5
2025-05-31T18:05:35.000Z;2025-05-31;10-4-1 AVENIDA O\'HIGGINS / AMERICO VESPUCIO RX-5, B-4 https://t.co/uiY1PbHc73;RX-5
2025-05-31T22:44:25.000Z;2025-05-31;10-4-1 GRAN BRETAÑA / AVENIDA ROCOTO RX-5, B-9, RB-3 https://t.co/wZd6nHUWqX;RX-5
2025-06-01T00:43:12.000Z;2025-05-31;10-0-1 PASAJE SIETE A / MANUEL BAYON B-4, B-5, Q-2 https://t.co/r3Y9MPJeCu;B-5
2025-06-01T18:31:24.000Z;2025-06-01;10-12 A 10-9 FREIRE / TALCAHUANO RX-5 https://t.co/nNQqfhr5DG;RX-5
2025-06-01T23:09:27.000Z;2025-06-01;10-3-10 MANUEL BARROS BORGOÑO / MANUEL GAETE RX-5 https://t.co/PEa1px9633;RX-5
2025-06-02T22:56:02.000Z;2025-06-02;10-4-1 AVENIDA SANTA MARIA / AVENIDA JORGE ALESSANDRI RX-5, B-4 https://t.co/f5bRu34dkA;RX-5
2025-06-03T11:02:47.000Z;2025-06-03;10-4-1 AVENIDA CLAUDIO GAY ORIENTE / JAIME REPULLO RX-5, B-4 https://t.co/t0wGrDDiEp;RX-5
2025-06-04T00:09:39.000Z;2025-06-03;10-0-1 IQUIQUE / FREIRINA B-8, B-4, B-5, Q-2 https://t.co/hhxSELTOzA;B-5
2025-06-05T01:31:31.000Z;2025-06-04;10-3-10 APPLEGATH / ALMIRANTE NAVARRETE RX-5 https://t.co/snX6O3SscY;RX-5
2025-06-05T18:27:07.000Z;2025-06-05;10-4-2 AVENIDA COLON / ALMIRANTE NEFF RX-5, RB-3, B-4 https://t.co/CZqjjaTF7Q;RX-5
2025-06-06T00:26:02.000Z;2025-06-05;10-4-1 AVENIDA COSTANERA / AVENIDA LAS GOLONDRINAS RX-5, B-8, RB-3 https://t.co/zBJzjxV4aW;RX-5
2025-06-06T15:36:45.000Z;2025-06-06;10-6-3 VOLCAN HUDSON / VOLCAN OSORNO H-4, B-9, RX-5 https://t.co/bxn8CIyg1D;RX-5
2025-06-06T21:25:33.000Z;2025-06-06;10-0-3 MANUEL BARROS BORGONO / RAMON GALLEGOS B-4, B-8, B-5, B-9, BM-2, RH-1 https://t.co/9HohFYaGhJ;B-5
2025-06-08T04:40:46.000Z;2025-06-08;10-4-1 JUAN GUILLERMO SOSA / AVENIDA COLON RX-5, B-4 https://t.co/xMA7SGBepa;RX-5
2025-06-09T02:19:45.000Z;2025-06-08;10-4-1 AUTOPISTA CONCEPCIÓN-TALCAHUANO ALTURA AUTOMAC /  RX-5, B-8 https://t.co/TI902bdor7;RX-5
2025-06-09T16:37:04.000Z;2025-06-09;10-0-5 JAIME REPULLO / AUTOPISTA CONCEPCION - TALCAHUANO H-8, H-11, B-5, RB-3, BM-2, X-4 https://t.co/eOXSZJVBgS;B-5
2025-06-09T17:23:14.000Z;2025-06-09;10-4-2 COLÓN / MANUEL MONTT RX-5, RB-6, B-9 https://t.co/0Jh4G3EyCG;RX-5
2025-06-09T19:45:45.000Z;2025-06-09;10-3-4 ARTEAGA ALEMPARTE / BENAVENTE RX-5, B-9 https://t.co/PJjrnXPudW;RX-5
2025-06-10T17:45:25.000Z;2025-06-10;10-3-4 LAGO CALAFQUÉN / LAGO LLANQUIHUE RX-5 https://t.co/dRP9T49N1Y;RX-5
2025-06-10T23:19:08.000Z;2025-06-10;SALE B-5 A 10-0-1 LINGUE / EL SAUCE ( VILLA PRESIDENTE RIOS) https://t.co/Khux6c4r0h;B-5
2025-06-13T05:46:58.000Z;2025-06-13;10-4-1 AVENIDA LAS GOLONDRINAS / AVENIDA CRISTOBAL COLON RX-5, B-9 https://t.co/5JePvXY4E6;RX-5
2025-06-14T04:56:13.000Z;2025-06-14;10-0-1 VOLCAN OSORNO / LOS LLEUQUES B-4, B-5, Q-2 https://t.co/kZgkQZkRYT;B-5
2025-06-14T18:47:36.000Z;2025-06-14;10-4-2 AVENIDA TUMBES / CENTINELA RB-6, RX-5, B-11 https://t.co/bhVgVjsZiV;RX-5
2025-06-14T19:04:00.000Z;2025-06-14;10-3-4 ESPAÑA / SCHUYLER RX-5 https://t.co/UzYKDXiDdK;RX-5
2025-06-14T20:18:57.000Z;2025-06-14;10-17-2 RÍO LOA / LAGO LANALHUE B-5 https://t.co/zjKCVAMSYx;B-5
2025-06-14T21:41:11.000Z;2025-06-14;10-17-2 LAGUNA LAS TRES PASCUALAS / LAGUNA AVENDANO B-5 https://t.co/ksJWyGZQ0p;B-5
2025-06-14T22:46:58.000Z;2025-06-14;10-17-2 RÍO MOLLES / RIO MAULE B-5 https://t.co/19A9sqzQmY;B-5
2025-06-14T22:54:42.000Z;2025-06-14;10-17-2 RÍO MAULE / RIO RAPEL RX-5 https://t.co/xap6VuSHjJ;RX-5
2025-06-15T07:21:09.000Z;2025-06-15;SALE B-9, B-5 A 10-17-1 AVENIDA CRISTÓBAL COLÓN / 0 https://t.co/P8oEqaznzS;B-5
2025-06-15T14:39:36.000Z;2025-06-15;10-17-2 PASAJE DIECIOCHO / PJE DIECISIETE B-5 https://t.co/76DXAUNByw;B-5
2025-06-15T18:11:17.000Z;2025-06-15;10-8 LAS AMAPOLAS / LAS AZUCENAS B-5 https://t.co/Jkrh7P8cFG;B-5
2025-06-16T04:42:35.000Z;2025-06-16;10-3-4 CUATRO PONIENTE / 0 B-5 https://t.co/fC2sgKrtQU;B-5
2025-06-17T16:49:06.000Z;2025-06-17;10-3-9 VOLCÁN COPAHUE / ALGARROBO B-5 https://t.co/PTT8lvB3zT;B-5
2025-06-19T22:35:48.000Z;2025-06-19;SALE B-5 A 10-0-4 ISLA CAMPANA / ISLA JUAN FERNANDEZ https://t.co/lCF4DYGYb2;B-5
2025-06-19T22:55:56.000Z;2025-06-19;10-4-1 AVENIDA LAS GOLONDRINAS / 2 PONIENTE B-5, H-8 https://t.co/g37KjN9v3M;B-5
2025-06-20T00:01:02.000Z;2025-06-19;10-4-2 JUAN GUILLERMO SOSA / AVENIDA COLON B-5, RB-3, B-4 https://t.co/xMA7SGBepa;B-5
2025-06-20T11:02:19.000Z;2025-06-20;10-4-2 RUTA INTERPORTUARIA / PUENTE LAS BALLENAS /  RB-3, RX-5, RH-1 https://t.co/lzIF93Eau7;RX-5
2025-06-20T18:59:32.000Z;2025-06-20;10-3-10 VOLCAN TUPUNGATO / VOLCAN TACORA RX-5 https://t.co/R37XEeBOJQ;RX-5
2025-06-20T20:24:32.000Z;2025-06-20;10-4-1 CHIMBARONGO / AVENIDA LAS GOLONDRINAS RX-5, B-4 https://t.co/hy6wgqx9F9;RX-5
2025-06-21T00:30:28.000Z;2025-06-20;10-4-1 JAIME REPULLO / GUINDO RX-5, B-4 https://t.co/crp4TbaHXk;RX-5
2025-06-21T02:35:17.000Z;2025-06-20;10-3-9 AVENIDA LAS GOLONDRINAS / PANQUEHUE RX-5 https://t.co/HGK0CAfmcm;RX-5
2025-06-21T14:59:57.000Z;2025-06-21;SALE B-5 A 10-0-4 AVENIDA PARQUES DE CARRIEL / VALLE DE CHOAPA https://t.co/EoSyNjeCQv;B-5
2025-06-22T16:44:12.000Z;2025-06-22;10-4-1 AVENIDA LAS GOLONDRINAS / CUATRO ESQUINAS - CALETA LENGA RX-7 CBC, RH-1 HPN, RX-5 https://t.co/hram1H5EVq;RX-5
2025-06-22T18:34:17.000Z;2025-06-22;10-4-1 AUTOPISTA CONCEPCIÓN-TALCAHUANO ALTURA COPEC /  RX-5, B-9 https://t.co/AcJcjZYH01;RX-5
2025-06-23T17:04:46.000Z;2025-06-23;10-0-1 MATAMALA / IRENE SCHNEIDER B-8, B-5, RB-3 https://t.co/b8ZcvGQUbi;B-5
2025-06-23T17:46:13.000Z;2025-06-23;10-3-4 GÉNOVA / AVENIDA LAS GOLONDRINAS RX-5 https://t.co/vxz2qGlIwA;RX-5
2025-06-23T21:04:35.000Z;2025-06-23;10-0-1 GRISELDA / BENAVENTE B-9, B-5, Q-2 https://t.co/FhG82bQq9b;B-5
2025-06-24T16:05:04.000Z;2025-06-24;10-4-1 LAS AMAPOLAS / LOS JACINTOS RX-5, B-4 https://t.co/5JBkEaAN33;RX-5
2025-06-25T21:51:37.000Z;2025-06-25;10-9 AVENIDA CRISTÓBAL COLÓN / 9 NORTE B-5 https://t.co/4v7KdExjin;B-5
2025-06-25T23:46:51.000Z;2025-06-25;10-4-1 AUTOPISTA CONCEPCIÓN-TALCAHUANO ALTURA MALL PLAZA EL TRÉBOL /  RX-5, B-4 https://t.co/sqQMPuTfOI;RX-5
2025-06-26T03:10:21.000Z;2025-06-25;10-4-2 RIO MAULE / RIO MAPOCHO RX-5, RB-3, H-4 https://t.co/KwnHt8qawQ;RX-5
2025-06-27T22:38:59.000Z;2025-06-27;10-4-2 AVENIDA ALTO HORNO / LAS PATAGUAS RX-5, RB-3, B-8 https://t.co/eRNTf8lvRS;RX-5
2025-06-28T08:22:17.000Z;2025-06-28;10-4-1 CARRIEL NORTE / VASCO NUNEZ DE BALBOA RH-2, RX-5 https://t.co/3cRmxDsyxT;RX-5
2025-06-29T05:14:49.000Z;2025-06-29;10-0-1 EL RETAMO / LAS QUILAS B-5, B-4, H-8 https://t.co/6DMGZ3Dh1g;B-5
2025-06-29T07:09:43.000Z;2025-06-29;10-8 LA MARINA / AVENIDA CONCEPCION B-5 https://t.co/kFsC1QVHdw;B-5
2025-06-29T07:58:47.000Z;2025-06-29;10-8 1 ORIENTE / 3 NORTE B-5 https://t.co/VUV9Y5iJ0h;B-5
2025-06-30T01:51:47.000Z;2025-06-29;10-4-1 RIO TOLTEN / PASAJE 10-A RX-5, B-8 https://t.co/ito3Q5X5gm;RX-5
2025-07-01T15:32:41.000Z;2025-07-01;10-3-4 AVENIDA COLON / AVENIDA DESIDERIO GARCIA RX-5 https://t.co/P8VuxRZtsX;RX-5
2025-07-01T21:51:39.000Z;2025-07-01;10-3-9 RÍO MAPOCHO / RIO PILMAIQUEN RX-5 https://t.co/AxPLb3JAkP;RX-5
2025-07-01T21:52:49.000Z;2025-07-01;SALE B-5 A 10-3-9 RÍO MAPOCHO / RIO PILMAIQUEN https://t.co/AxPLb3JAkP;B-5
2025-07-03T02:19:08.000Z;2025-07-02;10-3-4 CALLE A / CALLE I RX-5 https://t.co/fKeHyjhT3r;RX-5
2025-07-03T17:36:21.000Z;2025-07-03;10-4-2 AUTOPISTA CONCEPCIÓN-TALCAHUANO/ ENLACE PUENTE O\'HIGGINS /  RX-5, RB-3, B-9 https://t.co/5rnSB4Iag4;RX-5
2025-07-03T18:05:35.000Z;2025-07-03;10-0-1 PASAJE SIETE / CALLE 3 RX-5, B-9, Q-2 https://t.co/sUep0wRq0W;RX-5
2025-07-03T21:27:14.000Z;2025-07-03;10-4-1 ALMIRANTE NEFF / AVENIDA CLAUDIO GAY ORIENTE RX-5, B-4 https://t.co/Ls9ieJ4Fks;RX-5
2025-07-04T05:13:11.000Z;2025-07-04;10-4-1 ACCESO JAIME REPULLO / AUTOPISTA RX-5, B-9 https://t.co/VAHrp9UzoK;RX-5
2025-07-04T15:58:01.000Z;2025-07-04;10-4-1 ARTEAGA ALEMPARTE / BALMACEDA RX-5, B-9 https://t.co/X85NcZuFwX;RX-5
2025-07-04T18:47:06.000Z;2025-07-04;10-4-2 INCHALAM-AVENIDA GRAN BRETAÑA /  RB-3, RX-5, H-8 https://t.co/AkBQDdNvej;RX-5
2025-07-04T22:09:10.000Z;2025-07-04;10-4-1 AUTOPISTA CONCEPCION - TALCAHUANO / JAIME REPULLO RX-5, B-4 https://t.co/XToJ2S3pIz;RX-5
2025-07-05T22:59:18.000Z;2025-07-05;10-3-4 GENERAL CRUZ / PEREZ GACITUA RX-5 https://t.co/OuTuibCFvg;RX-5
2025-07-06T16:44:17.000Z;2025-07-06;10-0-1 CALLE 7 / CALLE 8 B-5, B-8, Q-2 https://t.co/ZDUQmNXmTm;B-5
2025-07-06T21:37:55.000Z;2025-07-06;10-4-1 AUTOPISTA CONCEPCIÓN TALCAHUANO ALTURA PUENTE O\'HIGGINS /  RX-5, B-9 https://t.co/xdSegGgPKK;RX-5
2025-07-07T11:32:29.000Z;2025-07-07;10-6-3 LAS HORTENSIAS / LOS GIRASOLES H-8, H-11, RX-5 https://t.co/aetOWRPR1W;RX-5
2025-07-09T19:48:05.000Z;2025-07-09;10-4-1 AVENIDA LAS GOLONDRINAS / GRAN BRETAÑA RX-5, RB-3 https://t.co/bDNglP686A;RX-5
2025-07-11T02:27:04.000Z;2025-07-10;10-4-2 AVENIDA TUMBES / PRINCIPAL RB-3, RX-5, RH-1 https://t.co/EO6lzMnpEb;RX-5
2025-07-11T12:00:53.000Z;2025-07-11;10-4-1 JAIME REPULLO / AUTOPISTA CONCEPCION - TALCAHUANO RX-5, B-4 https://t.co/XToJ2S3pIz;RX-5
2025-07-11T21:12:21.000Z;2025-07-11;10-0-4 ANDRÉS BELLO / DOCE DE FEBRERO  (CERRO BUENA VISTA) RB-3, H-8, RX-5, Q-2 https://t.co/5lCcEzxgRN;RX-5
2025-07-12T02:53:40.000Z;2025-07-11;10-3-4 AUTOPISTA CONCEPCIÓN-TALCAHUANO ALTURA MALL PLAZA EL TRÉBOL /  RX-5 https://t.co/sqQMPuTfOI;RX-5
2025-07-12T21:54:38.000Z;2025-07-12;10-3-4 AUTOPISTA CONCEPCIÓN-TALCAHUANO/ ENLACE PUENTE O\'HIGGINS /  RX-5 https://t.co/5rnSB4Iag4;RX-5
2025-07-12T22:29:14.000Z;2025-07-12;10-4-1 COLÓN / AV. DESIDERIO GARCÍA RX-5, B-8 https://t.co/B2jgXOJtAW;RX-5
2025-07-13T23:00:51.000Z;2025-07-13;10-4-1 GRAN BRETAÑA / AVENIDA ROCOTO RX-5, B-9, RB-3 https://t.co/XWDKLGTTjm;RX-5
2025-07-14T00:44:48.000Z;2025-07-13;10-0-4 LAS GRULLAS / LOS PELICANOS RB-6, RH-1, B-8, RX-5 https://t.co/S8ssXwejI7;RX-5
2025-07-14T19:46:02.000Z;2025-07-14;10-9 AVENIDA CLAUDIO GAY ORIENTE / CALLE 7 (POBLACION SAN MARCOS 2000) B-5 https://t.co/3zYTn1xSds;B-5
2025-07-15T12:19:00.000Z;2025-07-15;10-4-1 AVENIDA ALTO HORNO / EL TAMARINDO RX-5, B-8 https://t.co/cy9a0eFZ1j;RX-5
2025-07-16T19:00:37.000Z;2025-07-16;SALE Z-9, B-5 A 10-12 A 10-0 CHAITÉN / PATRIA VIEJA https://t.co/qowQGptxE6;B-5
2025-07-17T00:35:27.000Z;2025-07-16;10-0-1 ALMIRANTE LATORRE / JUAN CHAVEZ RB-3, B-8, RX-5 https://t.co/tdRP9Ac28F;RX-5
2025-07-18T18:56:50.000Z;2025-07-18;10-4-1 AVENIDA LAS GOLONDRINAS / CHIMBARONGO RX-5, RH-1 https://t.co/hy6wgqx9F9;RX-5
2025-07-20T18:49:32.000Z;2025-07-20;SALE RX-5 A 10-4-1 AVENIDA COLON / RUTA INTERPORTUARIA https://t.co/JyECKO0tUu;RX-5
2025-07-21T01:53:52.000Z;2025-07-20;SALE B-5, B-8, Q-2 A 10-0-1 CONDOMINIO ALTO LOS AROMOS / 0 https://t.co/IDxCoqvhjk;B-5
2025-07-21T13:52:21.000Z;2025-07-21;10-4-1 ROTONDA HUACHIPATO /  RB-3, B-8, RX-5 https://t.co/heSfGBbNeZ;RX-5
2025-07-21T19:29:18.000Z;2025-07-21;10-4-1 LAS AMAPOLAS / AVENIDA COLON RX-5, B-8 https://t.co/PDi4itWfvR;RX-5
2025-07-22T02:48:51.000Z;2025-07-21;10-4-1 AVENIDA LAS GOLONDRINAS / CHIMBARONGO RX-5, B-9 https://t.co/hy6wgqx9F9;RX-5
2025-07-23T11:10:20.000Z;2025-07-23;10-6-3 LAS HORTENSIAS / LOS GIRASOLES H-4, H-8, RX-5 https://t.co/wfzgt6e4hz;RX-5
2025-07-23T14:11:41.000Z;2025-07-23;10-4-1 QUILLOTA / AVENIDA LAS GOLONDRINAS RX-5, B-9 https://t.co/osOZFKnXzr;RX-5
2025-07-23T18:47:35.000Z;2025-07-23;10-3-9 LUIS URIBE / SIMON BOLIVAR RX-5, H-8 https://t.co/Fprb9L6Cu7;RX-5
2025-07-23T19:28:30.000Z;2025-07-23;10-3-4 ROMERAL / COLCHAGUA RX-5 https://t.co/C244I1RMr6;RX-5
2025-07-23T19:56:57.000Z;2025-07-23;10-3-4 PAPUDO / COLCHAGUA RX-5 https://t.co/QEqnY9wlfH;RX-5
2025-07-24T12:38:45.000Z;2025-07-24;10-3-10 AV. DESIDERIO GARCÍA / CARLOS DITTBORN RX-5 https://t.co/JDGy06wOBH;RX-5
2025-07-24T15:07:47.000Z;2025-07-24;10-12 A 10-4 LORENZO ARENAS / LAGUNA REDONDA CUARTEL 10 RX-5 https://t.co/oJ8DlYO2Oe;RX-5
2025-07-24T16:33:39.000Z;2025-07-24;10-0-1 CLAUDIO GAY / LOS NOTROS B-4, B-5, Q-2 https://t.co/vFgi6s68ez;B-5
2025-07-24T21:31:39.000Z;2025-07-24;10-3-4 IQUIQUE / WENCESLAO VARGAS B-5 https://t.co/SKSGbmACDq;B-5
2025-07-24T22:13:36.000Z;2025-07-24;SALE MX-5 A 10-12 A INCENDIO CAMILO HENRÍQUEZ / SANTA SOFÍA https://t.co/jCxtCmfprB;MX-5
2025-07-25T12:04:58.000Z;2025-07-25;10-4-1 AVENIDA LAS GOLONDRINAS / PORVENIR RX-5, B-9 https://t.co/g2vgUSuhch;RX-5
2025-07-25T16:31:01.000Z;2025-07-25;10-8 MANUEL BAYON / ALMIRANTE NEFF B-5 https://t.co/p3pKtBcy5z;B-5
2025-07-25T21:52:51.000Z;2025-07-25;10-0-1 RÍO PAINE / RIO NUBLE B-5, B-4, Q-2 https://t.co/ql5VIPPKHf;B-5
2025-07-25T23:30:28.000Z;2025-07-25;10-3-9 LAGUNA ESCUADRÓN / LAGO PIRIHUEICO RX-5, B-4 https://t.co/ujPFWV61F9;RX-5
2025-07-26T05:19:03.000Z;2025-07-26;10-0-1 CARRIEL NORTE / JAIME REPULLO H-4, B-5, Q-2 https://t.co/FR3r3UW06x;B-5
2025-07-26T13:04:08.000Z;2025-07-26;10-0-1 RÍO MAULE / RÍO MANSO B-5, B-4, Q-2 https://t.co/9ULt8jwNvk;B-5
2025-07-27T02:38:57.000Z;2025-07-26;10-4-1 AV. LAS GOLONDRINAS / AV. DINAHUE RX-5, B-4 https://t.co/dLTH1W9z1G;RX-5
2025-07-28T02:04:36.000Z;2025-07-27;10-0-1 DALCAHUE / PORVENIR B-5, B-4, Q-2 https://t.co/CwELkyeNbQ;B-5
2025-07-28T12:44:26.000Z;2025-07-28;10-3-4 CARLOS OLIVER / LOS TULIPANES RX-5 https://t.co/9CrmfrQWqO;RX-5
2025-07-28T21:30:09.000Z;2025-07-28;10-0-4 SIMPSON / ECHEVERRIA B-8, RB-3, B-4, B-5 https://t.co/u9kqESUGDw;B-5
2025-07-29T21:30:32.000Z;2025-07-29;10-3-4 AVENIDA LAS GOLONDRINAS / AVENIDA CRISTOBAL COLON RX-5 https://t.co/zZftbxbKvo;RX-5
2025-07-30T03:04:09.000Z;2025-07-29;10-0-4 AVENIDA CRISTOBAL COLON / SAN MIGUEL B-9, B-5, B-4, Q-2 https://t.co/HY0qWJ1zRD;B-5
2025-07-30T21:10:30.000Z;2025-07-30;10-4-1 AUTOPISTA CONCEPCIÓN-TALCAHUANO/ ENLACE PUENTE O\'HIGGINS /  RX-5, B-9 https://t.co/kgdxEK2lsF;RX-5
2025-07-31T17:46:13.000Z;2025-07-31;10-0-1 LAGO VILLARRICA / LAGO PANGUIPULLI B-5, B-4, Q-2 https://t.co/JyQWGSX7Oc;B-5
2025-08-01T21:16:52.000Z;2025-08-01;10-4-1 MONSENOR ALARCON / AVENIDA COLON RX-5, B-4 https://t.co/Y9vxCLfupr;RX-5
2025-08-02T19:44:37.000Z;2025-08-02;10-4-1 IQUIQUE / MANUEL BAYON RX-5, B-8 https://t.co/UuUx89ud0v;RX-5
2025-08-03T01:59:02.000Z;2025-08-02;10-4-1 AVENIDA TIERRAS COLORADAS / TIERRAS COLORADAS RX-5, H-4 https://t.co/rV0Y7ZpDIc;RX-5
2025-08-03T12:36:30.000Z;2025-08-03;10-4-1 AVENIDA JORGE ALESSANDRI / EL ALBA RX-5, H-4 https://t.co/6u0zWTJYqp;RX-5
2025-08-03T19:27:15.000Z;2025-08-03;10-3-4 TALTAL / LOS LAMINADORES RX-5 https://t.co/1xrEVMiwj6;RX-5
2025-08-05T01:58:57.000Z;2025-08-04;10-12 EN CLAVE 0-11 ESTEBAN DE SOSA / INÉS DE SUÁREZ B-5 https://t.co/MsWLShwV29;B-5
2025-08-07T22:56:24.000Z;2025-08-07;10-4-1 AUTOPISTA CONCEPCIÓN-TALCAHUANO ALTURA MALL PLAZA EL TRÉBOL /  RX-5, H-9 https://t.co/sqQMPuTfOI;RX-5
2025-08-08T11:56:23.000Z;2025-08-08;10-4-1 AUTOPISTA CONCEPCIÓN-TALCAHUANO ALTURA LA RUTA /  RX-5, H-9 https://t.co/zvitn2Ipgj;RX-5
2025-08-08T19:20:36.000Z;2025-08-08;10-4-1 AUTOPISTA CONCEPCIÓN-TALCAHUANO ALTURA MALL PLAZA EL TRÉBOL /  B-5, H-9 https://t.co/sqQMPuTfOI;B-5
2025-08-09T21:56:11.000Z;2025-08-09;10-0-3 BLANCO ENCALADA / BAQUEDANO RH-1, B-11, B-8, B-4, BM-2, B-5 https://t.co/Yj4yCzJXIh;B-5
2025-08-09T23:10:07.000Z;2025-08-09;10-4-1 AVENIDA GRAN BRETANA / AVENIDA COSTANERA B-5, H-9 https://t.co/JgUy3ZnlI0;B-5
2025-08-10T02:55:33.000Z;2025-08-09;10-0-1 CALLE E / CALLE D B-9, B-5, RH-2 https://t.co/oOaGUtB7NG;B-5
2025-08-12T12:03:36.000Z;2025-08-12;10-4-2 AVENIDA COLON / RUTA INTERPORTUARIA RB-3, B-5, RH-1 https://t.co/JyECKO0tUu;B-5
2025-08-13T19:25:46.000Z;2025-08-13;10-6-3 COLÓN / MANUEL ZANARTU COLEGIO SAN CRISTOBAL H-4, H-11, RX-5 https://t.co/1su9lYSR2C;RX-5
2025-08-14T16:17:55.000Z;2025-08-14;10-3-1 JAIME REPULLO / CONDOMINIO JARDINES DEL SOL B-5 https://t.co/60tnWX8wTN;B-5
2025-08-16T23:37:22.000Z;2025-08-16;10-12 A 10-9 FREIRE / TALCAHUANO B-5, H-4 https://t.co/nNQqfhr5DG;B-5
2025-08-19T00:01:40.000Z;2025-08-18;10-4-1 COLÓN / LAS AMAPOLAS RX-5, H-4 https://t.co/QVzYxyuspb;RX-5
2025-08-19T15:22:03.000Z;2025-08-19;10-3-4 CALLE A / AVENIDA IFARLE RX-5 https://t.co/pnSnQarJ3d;RX-5
2025-08-19T22:42:59.000Z;2025-08-19;10-4-1 VASCO NUNEZ DE BALBOA / CARRIEL SUR RX-5, H-4 https://t.co/JyJTUnIMBb;RX-5
2025-08-20T19:32:04.000Z;2025-08-20;10-3-4 CHIMBARONGO / AVENIDA LAS GOLONDRINAS RX-5 https://t.co/hy6wgqx9F9;RX-5
2025-08-21T15:01:15.000Z;2025-08-21;10-3-4 COIGÜE / LOS CASTANOS RX-5 https://t.co/3nh2YLXmpS;RX-5
2025-08-22T02:37:19.000Z;2025-08-21;10-3-4 ALMIRANTE NEFF / JOTABECHE RX-5 https://t.co/68zOMUW663;RX-5
2025-08-22T21:40:11.000Z;2025-08-22;SALE RX-5 A 10-4-1 AVENIDA LAS GOLONDRINAS / AVENIDA CRISTOBAL COLON https://t.co/5JePvXY4E6;RX-5
2025-08-23T01:23:15.000Z;2025-08-22;10-4-1 AVENIDA JORGE ALESSANDRI / AEROPUERTO CARRIEL SUR TERMINAL RX-5, H-8 https://t.co/yokg0pkk14;RX-5
2025-08-23T02:07:45.000Z;2025-08-22;10-0-1 PASAJE CINCO A / LAGO LLANQUIHUE RX-5, B-9, Q-2 https://t.co/TLKkx2zZCC;RX-5
2025-08-23T05:36:22.000Z;2025-08-23;10-4-1 AVENIDA LAS GOLONDRINAS / AVENIDA CRISTOBAL COLON RX-5, H-9 https://t.co/VXp86ExNTk;RX-5
2025-08-23T19:33:31.000Z;2025-08-23;10-4-1 EJERCITO / 1 ORIENTE RX-5, B-9 https://t.co/qvuG5sj8BX;RX-5
2025-08-25T00:11:22.000Z;2025-08-24;10-6-3 JUAN DE LA CRUZ TAPIA / ECUADOR B-11, H-4, RX-5 https://t.co/stNMsbwiau;RX-5
2025-08-25T05:07:40.000Z;2025-08-25;10-0-1 LA VEGA / EL CARMEN B-9, RX-5, Q-2 https://t.co/uHYbVPquaW;RX-5
2025-08-26T19:39:34.000Z;2025-08-26;10-4-1 AUTOPISTA CONCEPCIÓN-TALCAHUANO ALTURA AUTOMAC /  RX-5, B-9 https://t.co/TI902bdor7;RX-5
2025-08-27T14:13:30.000Z;2025-08-27;10-4-1 AUTOPISTA CONCEPCIÓN-TALCAHUANO ALTURA MALL PLAZA EL TRÉBOL /  RX-5, B-9 https://t.co/sqQMPuTfOI;RX-5
2025-08-28T18:53:05.000Z;2025-08-28;10-4-1 AUTOPISTA CONCEPCIÓN TALCAHUANO ALTURA PUENTE O\'HIGGINS /  RX-5, B-9 https://t.co/xdSegGgPKK;RX-5
2025-08-29T01:15:29.000Z;2025-08-28;10-3-4 AVENIDA LAS GOLONDRINAS / AVENIDA GRAN BRETANA RX-5 https://t.co/NyWMpy4HJl;RX-5
2025-08-29T23:30:24.000Z;2025-08-29;10-3-4 GRISELDA / SAN JOSÉ RX-5 https://t.co/kbq3tiiwDx;RX-5
2025-08-30T12:02:31.000Z;2025-08-30;10-4-1 JAIME REPULLO / AUTOPISTA CONCEPCION - TALCAHUANO RX-5, B-4 https://t.co/XToJ2S3pIz;RX-5
2025-08-30T19:07:25.000Z;2025-08-30;10-4-1 AVENIDA JUAN ANTONIO RIOS / AVENIDA LA MARINA RX-5, B-8 https://t.co/UklTxAvzBJ;RX-5
2025-08-31T05:36:54.000Z;2025-08-31;10-4-1 ALMIRANTE NEFF / AVENIDA COLON RX-5, B-4 https://t.co/CZqjjaTF7Q;RX-5
2025-08-31T12:21:53.000Z;2025-08-31;10-6-3 LAS ARAUCARIAS / EL OLIVO H-8, H-4, RX-5 https://t.co/kCNp5bBsom;RX-5
2025-09-01T20:18:00.000Z;2025-09-01;10-4-1 AVENIDA LAS GOLONDRINAS / CHIMBARONGO RX-5, B-9 https://t.co/eiM5EH3Jdz;RX-5
2025-09-01T20:45:28.000Z;2025-09-01;10-3-4 VOLCÁN LASKAR / JUAN GUILLERMO SOSA RX-5 https://t.co/dINIgYVTko;RX-5
2025-09-02T16:08:02.000Z;2025-09-02;10-0-4 MARITANO / ANTONIO DE LA FUENTE B-11, B-8, RX-5 https://t.co/FgB7LSnKWQ;RX-5
2025-09-03T00:34:37.000Z;2025-09-02;10-0-1 TREHUACO / QUINCHAMALI RX-5, H-4 https://t.co/4gvvqfmO6Y;RX-5
2025-09-03T03:02:25.000Z;2025-09-02;10-4-1 CUATRO ESQUINAS - CALETA LENGA / AVENIDA LAS GOLONDRINAS RX-5, H-4 https://t.co/17fYtRHfra;RX-5
2025-09-03T12:59:03.000Z;2025-09-03;10-8 AVENIDA CONCEPCION / 1 ORIENTE RX-5 https://t.co/dljx7abnwj;RX-5
2025-09-04T17:38:40.000Z;2025-09-04;10-4-1 AUTOPISTA CONCEPCIÓN-TALCAHUANO ALTURA AUTOMAC /  RX-5, B-4 https://t.co/TI902bdor7;RX-5
2025-09-04T18:12:27.000Z;2025-09-04;SALE RX-5 A 10-3-10 AV. DESIDERIO GARCÍA / MATAMALA https://t.co/dNVAWbZSx2;RX-5
2025-09-04T18:33:45.000Z;2025-09-04;10-4-1 AVENIDA LAS GOLONDRINAS / AVENIDA GRAN BRETANA RX-5, B-8 https://t.co/NyWMpy4HJl;RX-5
2025-09-05T17:26:14.000Z;2025-09-05;10-3-10 AV. DESIDERIO GARCÍA / ALTO HORNO RX-5 https://t.co/JDGy06wOBH;RX-5
2025-09-06T18:47:17.000Z;2025-09-06;10-3-10 BLANCO ENCALADA / 21 DE MAYO RX-5 https://t.co/9AJjbesb9u;RX-5
2025-09-06T21:55:38.000Z;2025-09-06;10-4-1 AVENIDA PRESIDENTE JORGE ALESSANDRI RODRIGUEZ / AVENIDA TIERRAS COLORADAS RX-5, B-9 https://t.co/eom0PiYxfv;RX-5
2025-09-06T22:16:29.000Z;2025-09-06;SALE MX-5 A 10-4-1 AVENIDA PRESIDENTE JORGE ALESSANDRI RODRIGUEZ / AVENIDA TIERRAS COLORADAS https://t.co/eom0PiYxfv;MX-5
2025-09-07T09:26:57.000Z;2025-09-07;10-4-1 COLÓN / RAMÓN GALLEGOS RX-5, H-4 https://t.co/jAUVwIWGmV;RX-5
2025-09-07T14:36:54.000Z;2025-09-07;10-17-1 DOMINGO CANESSA / CARLOS URZUA B-5 https://t.co/JLpalW7Clc;B-5
2025-09-07T16:11:05.000Z;2025-09-07;10-4-1 AUTOPISTA CONCEPCION - TALCAHUANO / AVENIDA COLON RX-5, B-9 https://t.co/0iYJwNtv4c;RX-5
2025-09-09T14:41:33.000Z;2025-09-09;10-4-2 AVENIDA COLON / MONSENOR ALARCON RX-5, RB-3, B-4 https://t.co/Y9vxCLfupr;RX-5
2025-09-10T01:02:51.000Z;2025-09-09;10-7 LAGO CALAFQUÉN / LAGO LLANQUIHUE B-5 https://t.co/DiLiXwbs4W;B-5
2025-09-10T02:37:20.000Z;2025-09-09;10-3-4 JUAN GUILLERMO SOSA / VOLCAN LASKAR RX-5 https://t.co/SRuhuJDVS1;RX-5
2025-09-10T13:49:19.000Z;2025-09-10;10-3-4 LAS HORTENSIAS / LAS AMAPOLAS RX-5 https://t.co/e4lgfvImRR;RX-5
2025-09-10T15:51:36.000Z;2025-09-10;10-3-10 MANUEL ZAÑARTU / PASAJE DOMINGO AMUNATEGUI S. RX-5 https://t.co/dR4jqKIfIP;RX-5
2025-09-10T16:42:17.000Z;2025-09-10;SALE B-5 A 10-4-1 AVENIDA JUAN ANTONIO RIOS / ISLA DE PASCUA https://t.co/16fZvTJ0bE;B-5
2025-09-12T18:02:21.000Z;2025-09-12;10-3-1 LOS NARDOS / RIO MATAQUITO RX-5 https://t.co/IhyJxG9l2E;RX-5
2025-09-14T05:37:25.000Z;2025-09-14;10-4-1 AVENIDA LAS GOLONDRINAS / 5 PONIENTE RX-5, B-9 https://t.co/bzkCJV1hS8;RX-5
2025-09-14T19:48:09.000Z;2025-09-14;10-3-10 LOS FRESNOS / LAS ACACIAS RX-5 https://t.co/L8MVirEtkc;RX-5
2025-09-14T20:22:01.000Z;2025-09-14;10-3-4 LAS AMAPOLAS / LOS NARDOS RX-5 https://t.co/bf8KsBgSbO;RX-5
2025-09-15T00:25:26.000Z;2025-09-14;10-0-1 VOLCAN OSORNO / VOLCAN CORCOVADO B-4, B-5, Q-2 https://t.co/KvXNcBgkoA;B-5
2025-09-15T03:36:02.000Z;2025-09-15;10-4-1 AVENIDA COSTANERA / AVENIDA GRAN BRETANA RX-5, B-9, RB-3 https://t.co/JgUy3ZnlI0;RX-5
2025-09-15T13:08:12.000Z;2025-09-15;10-3-4 JAIME REPULLO / MONSENOR ALARCON RX-5 https://t.co/gfmz4DqN6D;RX-5
2025-09-15T17:09:41.000Z;2025-09-15;10-3-9 DANIEL PEINE / BOLIVIA RX-5, B-4 https://t.co/0PoEYGdIj6;RX-5
2025-09-16T14:37:35.000Z;2025-09-16;10-3-4 IQUIQUE / VASCO NUNEZ DE BALBOA RX-5 https://t.co/yqDOOce045;RX-5
2025-09-16T15:05:54.000Z;2025-09-16;10-3-4 LAS HORTENSIAS / LOS GIRASOLES RX-5 https://t.co/aetOWRPR1W;RX-5
2025-09-16T16:19:04.000Z;2025-09-16;SALE B-5 A 10-2-1 AVENIDA CRISTÓBAL COLÓN / DIECISÉIS NORTE https://t.co/KHnCp0aXOj;B-5
2025-09-16T17:23:10.000Z;2025-09-16;10-3-4 DALCAHUE / AISEN B-5 https://t.co/HQSUWDdYRE;B-5
2025-09-16T18:36:39.000Z;2025-09-16;10-0-1 AVENIDA LAS GOLONDRINAS / LONDRES B-9, B-5, Q-2 https://t.co/G3wd4U2bpv;B-5
2025-09-17T00:30:21.000Z;2025-09-16;10-0-1 CHÉPICA / COLCHAGUA B-9, B-5, B-4 https://t.co/7T1nQrKn3l;B-5
2025-09-18T22:52:40.000Z;2025-09-18;10-3-4 ALTO HORNO / EL NOGAL RX-5 https://t.co/GqKobP4jIk;RX-5
2025-09-19T02:40:48.000Z;2025-09-18;10-4-1 AVENIDA LAS GOLONDRINAS / CUATRO ESQUINAS - CALETA LENGA RX-5, B-9 https://t.co/hram1H5EVq;RX-5
2025-09-19T18:33:08.000Z;2025-09-19;10-0-1 ARTEAGA ALEMPARTE / RIO HUASCO B-5, H-8, B-1 https://t.co/UYOt9hO89Q;B-5
2025-09-20T00:10:18.000Z;2025-09-19;10-3-1 JAIME REPULLO / MONSENOR ALARCON RX-5 https://t.co/IwNsBpKmU9;RX-5
2025-09-20T11:41:59.000Z;2025-09-20;10-4-1 AUTOPISTA CONCEPCION - TALCAHUANO / AVENIDA JORGE ALESSANDRI RX-5, B-9 https://t.co/ZgD6FcZtbP;RX-5
2025-09-20T20:13:20.000Z;2025-09-20;10-4-1 AVENIDA GRAN BRETANA / AVENIDA ROCOTO RX-5, B-9, RB-3 https://t.co/nhHbCMY2Z6;RX-5
2025-09-21T23:27:11.000Z;2025-09-21;10-6-1 RÍO JUNCAL / LAS MARGARITAS H-8, B-5 https://t.co/MHOzV4cGo5;B-5
2025-09-22T20:50:43.000Z;2025-09-22;10-0-1 DALCAHUE / PANQUEHUE B-9, B-5, Q-2 https://t.co/qZ8bYpuECi;B-5
2025-09-23T17:39:17.000Z;2025-09-23;10-4-1 EVANGELISTA TORRICHELI / AVENIDA GRAN BRETANA RX-5, H-8, RB-3 https://t.co/xjR45Wv3p6;RX-5
2025-09-23T21:39:45.000Z;2025-09-23;10-4-1 AUTOPISTA CONCEPCIÓN TALCAHUANO ALTURA PUENTE O'HIGGINS /  RX-5, B-4 https://t.co/xdSegGgPKK;RX-5
2025-09-24T16:12:39.000Z;2025-09-24;10-4-1 COLÓN / JOSÉ MERCEDES CRUZ RX-5, H-8 https://t.co/t82QryCbfy;RX-5
2025-09-26T11:24:52.000Z;2025-09-26;10-4-2 AVENIDA ALTO HORNO / MEXICO RX-5, RB-3, H-8 https://t.co/Lbq1xbE9w3;RX-5
2025-09-26T18:58:30.000Z;2025-09-26;10-3-4 VALDIVIA / THOMSON RX-5 https://t.co/EEu6OCNd63;RX-5
2025-09-26T21:53:46.000Z;2025-09-26;10-3-10 CARLOS DITTBORN / AVENIDA ALTO HORNO RX-5 https://t.co/HKNuPI5MtC;RX-5
2025-09-27T22:05:14.000Z;2025-09-27;10-4-1 LOS ARAUCANOS / RUCAMANQUE RX-5, B-11 https://t.co/qBFWWomx3g;RX-5
2025-09-29T19:27:44.000Z;2025-09-29;10-4-2 CUARTEL CUARTA COMPAÑÍA /  RX-5, RB-3, B-9 https://t.co/RmEZ3xJjiR;RX-5
2025-10-01T11:38:46.000Z;2025-10-01;10-4-1 INCHALAM-AVENIDA GRAN BRETAÑA /  RB-3, B-8, RX-5 https://t.co/AkBQDdNvej;RX-5
2025-10-01T14:52:44.000Z;2025-10-01;10-3-4 TARAPACÁ / CHILOE RX-5 https://t.co/YIem02IPGP;RX-5
2025-10-01T21:59:39.000Z;2025-10-01;10-3-4 GÓMEZ CARREÑO / JUAN GUILLERMO SOSA RX-5 https://t.co/6GtV8svPMK;RX-5
2025-10-01T23:24:04.000Z;2025-10-01;10-9 RÍO BUENO / RIO ALLIPEN RX-5 https://t.co/O3YE2wTVrC;RX-5
2025-10-02T10:51:03.000Z;2025-10-02;10-1-1 TARAPACA / CHILOE RX-5 https://t.co/iWo6lJFGkU;RX-5
2025-10-02T11:01:19.000Z;2025-10-02;10-3-4 VASCO NUNEZ DE BALBOA / CALLE 1 RX-5 https://t.co/MVG9fRFccL;RX-5
2025-10-03T17:26:42.000Z;2025-10-03;10-3-9 GUINDO / NARANJILLO RX-5, B-9 https://t.co/CkavWqTTaR;RX-5
2025-10-05T00:01:18.000Z;2025-10-04;10-0-1 LAS AMAPOLAS / LAS ILUSIONES B-5, B-4, Q-2 https://t.co/UuNqDafIFN;B-5
2025-10-05T22:06:32.000Z;2025-10-05;10-4-1 ROTONDA HUACHIPATO /  RX-5, B-8, RB-6 https://t.co/heSfGBbNeZ;RX-5
2025-10-08T14:25:44.000Z;2025-10-08;10-4-2 AVENIDA GRAN BRETANA / AVENIDA LAS GOLONDRINAS RX-5, RB-3, B-9 https://t.co/NyWMpy4HJl;RX-5
2025-10-08T20:26:03.000Z;2025-10-08;10-4-1 AVENIDA ROCOTO / CUATRO ESQUINAS - CALETA LENGA RX-5, B-9 https://t.co/Xq8iRgP0Ua;RX-5
2025-10-09T08:44:20.000Z;2025-10-09;10-3-10 CALLE J / AVENIDA IFARLE (CONDOMINIO EDIFICIO BARLOVENTO) RX-5 https://t.co/6KQIDtDvQo;RX-5
2025-10-09T22:54:55.000Z;2025-10-09;10-4-1 MONSENOR ALARCON / GOMEZ CARRENO RX-5, B-4 https://t.co/fAXEEXfExZ;RX-5
2025-10-11T01:47:54.000Z;2025-10-10;10-3-4 ANDACOLLO / TONGOY RX-5 https://t.co/7n4VoIXbpl;RX-5
2025-10-11T14:15:02.000Z;2025-10-11;10-3-4 COLÓN / MONS ALARCÓN RX-5 https://t.co/U7ICAYb9c3;RX-5
2025-10-11T21:33:35.000Z;2025-10-11;10-3-4 ESTADIO EL MORRO /  RX-5 https://t.co/QfJYh7ugfa;RX-5
2025-10-13T00:13:12.000Z;2025-10-12;10-4-1 LAS AMAPOLAS / LAS HORTENSIAS RX-5, H-9 https://t.co/3u1d8nFrLd;RX-5
2025-10-13T09:49:16.000Z;2025-10-13;10-3-8 LOS LIRIOS / LAS ROSAS RX-5, H-4 https://t.co/brAv7oZjct;RX-5
2025-10-16T13:18:16.000Z;2025-10-16;10-15 AEROPUERTO CARRIEL SUR /  RH-2, RB-3, B-4, RX-5, Z-6, H-8, B-9 https://t.co/DI1biRwsc3;RX-5
2025-10-17T15:01:56.000Z;2025-10-17;10-3-10 AV. DESIDERIO GARCÍA / . RX-5 https://t.co/JDGy06wOBH;RX-5
2025-10-17T16:49:51.000Z;2025-10-17;10-0-1 MATTHEW / AVENIDA ALMIRANTE CUBILLOS RB-6, B-3, B-5 https://t.co/1OhN8HXzns;B-5
2025-10-17T18:45:30.000Z;2025-10-17;10-3-8 CALLE J / AVENIDA IFARLE RX-5, H-8 https://t.co/HAOiKzoU4y;RX-5
2025-10-19T00:10:17.000Z;2025-10-18;10-0-4 ISLA GUAFO / ISLA SAN AMBROSIO B-8, B-5, RB-6, B-9 https://t.co/EJbRZ4WO0Y;B-5
2025-10-19T00:20:41.000Z;2025-10-18;10-1-1 RIO PETROHUE / LAGO RANCO RX-5 https://t.co/mQIVwKJy6N;RX-5
2025-10-19T20:50:00.000Z;2025-10-19;10-4-1 RUTA INTERPORTUARIA / PUENTE LAS BALLENAS /  RB-3, H-4, RX-5 https://t.co/lzIF93Eau7;RX-5
2025-10-19T22:42:58.000Z;2025-10-19;10-4-1 CALLE 6 / VASCO NUNEZ DE BALBOA RH-2, RX-5 https://t.co/TM6Hs51bTs;RX-5
2025-10-19T23:25:58.000Z;2025-10-19;10-8 AISEN / TOCOPILLA B-5 https://t.co/I0Ih8bvfFN;B-5
2025-10-20T17:42:54.000Z;2025-10-20;10-4-1 AV. DESIDERIO GARCÍA / AVENIDA COLÓN RX-5, B-8 https://t.co/OLLieXoqyh;RX-5
2025-10-22T11:29:23.000Z;2025-10-22;10-4-1 JUAN GUILLERMO SOSA / AVENIDA COLON RX-5, B-4 https://t.co/xMA7SGBepa;RX-5
2025-10-22T15:41:23.000Z;2025-10-22;10-8 CALLE DOS / PJE. TRECE (VALLE SAN EUGENIO) B-5 https://t.co/wQ62tkudrc;B-5
2025-10-22T16:28:15.000Z;2025-10-22;10-3-4 AUTOPISTA CONCEPCIÓN-TALCAHUANO ALTURA MALL PLAZA EL TRÉBOL /  RX-5 https://t.co/sqQMPuTfOI;RX-5
2025-10-22T16:39:02.000Z;2025-10-22;10-6-1 COLÓN / ALMIRANTE NEFF B-5, B-8 https://t.co/4WHFANtfIm;B-5
2025-10-24T15:24:24.000Z;2025-10-24;10-3-9 LAS MARGARITAS / RIO MANSO RX-5 https://t.co/99Jll53t83;RX-5
2025-10-24T23:14:02.000Z;2025-10-24;10-4-1 AVENIDA ALTO HORNO / ALMIRANTE NAVARRETE RX-5, B-8 https://t.co/qJTa5OQIC7;RX-5
2025-10-25T12:50:40.000Z;2025-10-25;10-3-4 AVENIDA GRAN BRETANA / ISLA SANTA MARIA RX-5 https://t.co/yOeu1NQR7k;RX-5
2025-10-27T21:09:50.000Z;2025-10-27;10-3-7 TRECE NORTE / POBLACION ESMERLDA RX-5 https://t.co/ULGoYPdoJN;RX-5
2025-10-30T18:26:56.000Z;2025-10-30;10-12 EN CLAVE 0-11 LOS MAÑÍOS / LOS SAUCES (CUARTEL GENERAL) RX-5 https://t.co/gLMBw1r5ix;RX-5
2025-10-31T01:20:56.000Z;2025-10-30;10-4-1 JAIME REPULLO / MONSENOR ALARCON RX-5, B-4 https://t.co/IkMFt9mPZl;RX-5
2025-10-31T15:35:38.000Z;2025-10-31;10-12 A INCENDIO FORESTAL PJE. COSTANERA / PJE. CINCO B-5 https://t.co/L5Hap8wG6j;B-5
2025-10-31T23:55:00.000Z;2025-10-31;10-4-1 AVENIDA LAS GOLONDRINAS / AVENIDA GRAN BRETANA RX-5, H-11 https://t.co/NyWMpy4HJl;RX-5
2025-11-02T14:36:41.000Z;2025-11-02;10-3-4 CENTRAL SUR / 18 DE SEPTIEMBRE RX-5 https://t.co/fcSLYUquNQ;RX-5
2025-11-02T16:58:03.000Z;2025-11-02;10-4-1 AVENIDA GRAN BRETAÑA / EVANGELISTA TORRICHELI RX-5, B-8, RB-3 https://t.co/TR6OaqoC71;RX-5
2025-11-06T14:39:45.000Z;2025-11-06;10-3-4 BALMACEDA / SAN CARLOS RX-5 https://t.co/cOOalAx2UY;RX-5
2025-11-06T21:57:58.000Z;2025-11-06;10-3-4 JAIME REPULLO / AVENIDA CLAUDIO GAY ORIENTE RX-5 https://t.co/0hpvB3TSJq;RX-5
2025-11-07T05:14:15.000Z;2025-11-07;10-3-4 AUTOPISTA CONCEPCIÓN-TALCAHUANO/ ENLACE PUENTE O'HIGGINS /  RX-5 https://t.co/5rnSB4Iag4;RX-5
2025-11-07T18:03:46.000Z;2025-11-07;10-4-1 AVENIDA LAS GOLONDRINAS / AVENIDA GRAN BRETANA RX-5, B-4 https://t.co/NyWMpy4HJl;RX-5
2025-11-08T01:43:07.000Z;2025-11-07;10-0-3 AVENIDA ALTO HORNO / AVENIDA GRAN BRETANA B-8, B-3, H-11, H-4, RX-5, X-4, B-7, MX-5 https://t.co/pBlms7hCn1;MX-5,RX-5
2025-11-08T04:10:20.000Z;2025-11-08;10-4-1 RÍO MAPOCHO / RÍO MAULE RX-5, B-4 https://t.co/skyu5j8FWq;RX-5
2025-11-08T04:20:19.000Z;2025-11-08;SALE B-5 A 10-4-1 RÍO MAPOCHO / RÍO MAULE https://t.co/skyu5j8FWq;B-5
2025-11-08T14:42:25.000Z;2025-11-08;10-3-4 ITALIA / ECUADOR RX-5 https://t.co/K6HelJI4KO;RX-5
2025-11-08T15:33:47.000Z;2025-11-08;10-4-1 AVENIDA JORGE ALESSANDRI / AEROPUERTO CARRIEL SUR TERMINAL RX-5, B-9, RB-6 https://t.co/yokg0pkk14;RX-5
2025-11-09T14:06:15.000Z;2025-11-09;SALE RX-5 A 10-4-1 JUAN DE LA CRUZ TAPIA / AVENIDA ARGENTINA https://t.co/usdpl9cnYL;RX-5
2025-11-09T18:13:39.000Z;2025-11-09;10-0-1 CHILOÉ / FUTALEUFU B-5, B-4, Q-2 https://t.co/9kDQN6xN3I;B-5
2025-11-11T18:18:51.000Z;2025-11-11;10-6-1 EL MICHAY / EL CHEQUEN H-8, B-5 https://t.co/BfKR6pPJwy;B-5
2025-11-12T02:23:19.000Z;2025-11-11;10-3-4 JUAN GUILLERMO SOSA / VOLCAN LASKAR RX-5 https://t.co/SRuhuJDVS1;RX-5
2025-11-12T22:40:30.000Z;2025-11-12;10-3-10 SEMÁFORO AUTOPISTA CONCEPCIÓN-TALCAHUANO ALTURA SHELL /  RX-5 https://t.co/RRbsoShpXq;RX-5
2025-11-13T09:20:42.000Z;2025-11-13;10-2-1 EL TAMARINDO / AVENIDA ALTO HORNO B-5 https://t.co/DwafTqmKAg;B-5
2025-11-14T10:16:25.000Z;2025-11-14;10-3-4 AVENIDA LAS GOLONDRINAS / CHIMBARONGO RX-5 https://t.co/tE0kDPx9UT;RX-5
2025-11-14T11:57:24.000Z;2025-11-14;10-3-4 ARTEAGA ALEMPARTE / O'HIGGINS RX-5 https://t.co/q8YdYEYnk3;RX-5
2025-11-14T15:50:09.000Z;2025-11-14;10-0-1 SEIS PONIENTE - AVIACIÓN / 4 SUR B-5, B-4, Q-2 https://t.co/PK4perDSGk;B-5
2025-11-14T23:16:55.000Z;2025-11-14;10-3-4 AUTOPISTA CONCEPCIÓN-TALCAHUANO ALTURA MALL PLAZA EL TRÉBOL /  RX-5 https://t.co/sqQMPuTfOI;RX-5
2025-11-15T00:08:29.000Z;2025-11-14;10-4-1 AUTOPISTA CONCEPCION - TALCAHUANO / JAIME REPULLO RX-5, B-4 https://t.co/XToJ2S3pIz;RX-5
2025-11-15T09:20:26.000Z;2025-11-15;10-4-1 AVENIDA COLON / GERMAN RIESCO RX-5, B-4 https://t.co/1GcJUtsYnJ;RX-5
2025-11-15T21:52:22.000Z;2025-11-15;10-3-4 RÍO LOA / RIO TOLTEN RX-5 https://t.co/fW9XUgIhcd;RX-5
2025-11-16T22:04:03.000Z;2025-11-16;10-3-4 LAS HORTENSIAS / LAGO LLANQUIHUE RX-5 https://t.co/ubVvFxjLAm;RX-5
2025-11-16T23:33:01.000Z;2025-11-16;10-3-4 2 PONIENTE / AVENIDA TALCAHUANO RX-5 https://t.co/vFU9tU6eYL;RX-5
2025-11-18T20:14:45.000Z;2025-11-18;10-4-1 GÓMEZ CARREÑO / LAS PETUNIAS RX-5, B-4 https://t.co/GCcOKRbEo1;RX-5
2025-11-19T03:56:08.000Z;2025-11-19;10-4-1 AVENIDA COLON / IQUIQUE RX-5, B-8 https://t.co/wbSG5ZcifS;RX-5
2025-11-19T14:19:49.000Z;2025-11-19;10-12 A 10-0 LONDRES / BUDAPEST B-5 https://t.co/pB8uIo5d7n;B-5
2025-11-19T21:02:59.000Z;2025-11-19;10-4-1 GRAN BRETAÑA / . RB-3, H-8, RX-5 https://t.co/U3aGFD7yFx;RX-5
2025-11-21T13:52:33.000Z;2025-11-21;10-3-4 AVENIDA LAS GOLONDRINAS / AVENIDA GRAN BRETANA RX-5 https://t.co/NyWMpy4HJl;RX-5
2025-11-21T22:29:05.000Z;2025-11-21;10-6-3 AUTOPISTA CONCEPCIÓN-TALCAHUANO ALTURA MALL PLAZA EL TRÉBOL /  H-4, H-8, RX-5 https://t.co/sqQMPuTfOI;RX-5
2025-11-24T22:06:41.000Z;2025-11-24;10-3-4 PASAJE LOS GERANIOS / CARLOS OLIVER RX-5 https://t.co/EjaDUV1Z8J;RX-5
2025-11-24T22:37:48.000Z;2025-11-24;10-4-1 AVENIDA JORGE ALESSANDRI / AEROPUERTO CARRIEL SUR TERMINAL RX-5, B-9, RB-3 https://t.co/yokg0pkk14;RX-5
2025-11-25T17:19:58.000Z;2025-11-25;10-3-4 AVENIDA COLON / AUTOPISTA CONCEPCION - TALCAHUANO RX-5 https://t.co/0iYJwNtv4c;RX-5
2025-11-26T02:44:19.000Z;2025-11-25;10-4-1 AVENIDA LAS GOLONDRINAS / GRAN BRETAÑA RX-5, B-9 https://t.co/bDNglP686A;RX-5
2025-11-26T11:57:24.000Z;2025-11-26;10-4-2 JUAN GUILLERMO SOSA / GOMEZ CARRENO RX-5, RB-3, B-4 https://t.co/h7QV2l4NX4;RX-5
2025-11-26T14:40:59.000Z;2025-11-26;10-6-3 AISEN / DALCAHUE H-8, RX-5 https://t.co/HQSUWDdYRE;RX-5
2025-11-27T11:19:20.000Z;2025-11-27;10-4-1 AVENIDA IFARLE ORIENTE / ALONSO DE OJEDA RX-5, B-9 https://t.co/NRlGK1JSwo;RX-5
2025-11-27T15:08:09.000Z;2025-11-27;10-3-4 LOS MAQUIS / VOLCAN CHILLAN RX-5 https://t.co/L2dzTkVbKc;RX-5
2025-11-27T16:40:13.000Z;2025-11-27;10-6-3 LOS CASTANOS / EL NOGAL H-4, RX-5 https://t.co/f2WPBobOGY;RX-5
2025-11-28T00:53:22.000Z;2025-11-27;10-3-10 RÍO MAULE / LAS GARDENIAS RX-5 https://t.co/XGqHUjboDj;RX-5
2025-11-29T13:51:01.000Z;2025-11-29;10-4-1 AVENIDA ALTO HORNO / LAS PATAGUAS RX-5, B-8 https://t.co/eRNTf8lvRS;RX-5
2025-11-30T11:25:41.000Z;2025-11-30;10-4-1 AVENIDA COLON / LAS AMAPOLAS RX-5, B-4 https://t.co/PDi4itWfvR;RX-5
2025-12-01T10:49:51.000Z;2025-12-01;10-8 AVENIDA CRISTOBAL COLON / 2 NORTE B-5 https://t.co/KhJOO0TDp1;B-5
2025-12-01T17:55:50.000Z;2025-12-01;10-4-1 JAIME REPULLO / AVENIDA CLAUDIO GAY ORIENTE RX-5, B-4 https://t.co/t0wGrDDiEp;RX-5
2025-12-03T13:49:14.000Z;2025-12-03;10-4-1 AVENIDA COLON / MONSENOR ALARCON RX-5, B-9 https://t.co/Y9vxCLfupr;RX-5
2025-12-03T17:25:42.000Z;2025-12-03;10-4-1 LAS MAGNOLIAS / CARLOS DITTBORN RX-5, B-8 https://t.co/hcp2ktRGQp;RX-5
2025-12-03T20:51:54.000Z;2025-12-03;10-0-1 LAS PETUNIAS / LOS LIRIOS B-5, B-8, Q-2 https://t.co/YJOM3Uhb1h;B-5
2025-12-03T22:34:25.000Z;2025-12-03;10-17-2 RÍO LONTUÉ / RIO PILMAIQUEN B-5 https://t.co/usEH7a46RX;B-5
2025-12-04T15:50:49.000Z;2025-12-04;10-4-1 AVENIDA JORGE ALESSANDRI / PUENTE NOBIS RX-5, B-4 https://t.co/4wmBcy41b1;RX-5
2025-12-04T16:14:43.000Z;2025-12-04;10-12 A 10-4 AVENIDA CRISTÓBAL COLÓN / PUERTO SAAVEDRA RX-5 https://t.co/hNYrj3O7rK;RX-5
2025-12-05T12:08:30.000Z;2025-12-05;10-3-4 EL CARMEN / SAN CARLOS RX-5 https://t.co/jZEaRfPOkE;RX-5
2025-12-05T19:02:58.000Z;2025-12-05;10-3-4 AVENIDA MANUEL RODRIGUEZ / AVENIDA COLON RX-5 https://t.co/tdGR0MGrUu;RX-5
2025-12-09T23:54:17.000Z;2025-12-09;10-3-10 PASAJE 33 / CALLE 4 RX-5 https://t.co/vm3Rd1hcuc;RX-5
2025-12-10T13:33:56.000Z;2025-12-10;10-4-2 AUTOPISTA CONCEPCIÓN-TALCAHUANO/ ENLACE PUENTE O'HIGGINS /  RX-5, B-3, B-4 https://t.co/5rnSB4Iag4;RX-5
2025-12-10T16:41:19.000Z;2025-12-10;10-8 QUILLOTA / AVIACION B-5 https://t.co/dYAQzqyRmG;B-5
2025-12-10T19:22:38.000Z;2025-12-10;10-3-4 2 NORTE / 2 PONIENTE RX-5 https://t.co/GtY7CN7Sc6;RX-5
2025-12-12T11:52:15.000Z;2025-12-12;10-4-1 ROTONDA HUACHIPATO /  B-8, RX-5 https://t.co/heSfGBbNeZ;RX-5
2025-12-13T19:14:22.000Z;2025-12-13;10-4-2 AVENIDA JUAN ANTONIO RIOS / AVENIDA LA MARINA RB-6, RX-5, B-8 https://t.co/m0SVBFVuDN;RX-5
2025-12-13T23:11:14.000Z;2025-12-13;10-4-1 AVENIDA GRAN BRETANA / AVENIDA ROCOTO RX-5, H-8, RB-6 https://t.co/mFOjriGKo3;RX-5
2025-12-13T23:55:14.000Z;2025-12-13;10-4-1 MALL PLAZA DEL TREBOL /  RX-5, B-4 https://t.co/DkpF0RM9DB;RX-5
2025-12-14T17:18:23.000Z;2025-12-14;10-4-1 AVENIDA LAS GOLONDRINAS / CHILOE RX-5, H-4 https://t.co/fy8uOoEIWe;RX-5
2025-12-14T17:43:57.000Z;2025-12-14;10-4-1 ESMERALDA / AVENIDA BLANCO ENCALADA F-1, RX-5 https://t.co/h208U8UyTg;RX-5
2025-12-16T13:59:16.000Z;2025-12-16;10-4-1 RUTA INTERPORTUARIA / PUENTE LAS BALLENAS /  B-3, B-1, RX-5 https://t.co/lzIF93Eau7;RX-5
2025-12-16T16:19:18.000Z;2025-12-16;10-4-1 COLÓN / HUALPÉN RX-5, B-1 https://t.co/otounqQJo6;RX-5
2025-12-16T20:34:42.000Z;2025-12-16;10-4-2 COLÓN / MANUEL MONTT B-3, RX-5, H-8 https://t.co/0Jh4G3EyCG;RX-5
2025-12-16T22:31:29.000Z;2025-12-16;10-3-9 MALL PLAZA DEL TREBOL /  RX-5, B-4 https://t.co/XKtT337rCU;RX-5
2025-12-17T20:58:19.000Z;2025-12-17;10-4-1 ALGARROBO / AVENIDA GRAN BRETAÑA B-3, B-8, RX-5 https://t.co/4dOauNY0ZW;RX-5
2025-12-18T19:50:32.000Z;2025-12-18;10-4-1 COLÓN / JUAN GUILLERMO SOSA RX-5, B-4 https://t.co/ZetejtuuV0;RX-5
2025-12-20T05:17:42.000Z;2025-12-20;10-4-1 AUTOPISTA CONCEPCIÓN-TALCAHUANO/ ENLACE PUENTE O'HIGGINS /  RH-2, RX-5 https://t.co/i6khz1H2No;RX-5
2025-12-20T18:44:10.000Z;2025-12-20;10-4-1 AVENIDA GRAN BRETANA / AVENIDA ROCOTO B-3, B-8, RX-5 https://t.co/mFOjriGKo3;RX-5
2025-12-21T23:42:20.000Z;2025-12-21;10-4-1 LOS CLAVELES / GOMEZ CARRENO RX-5, B-4 https://t.co/8284T9f5Kb;RX-5
2025-12-21T23:54:26.000Z;2025-12-21;10-1-1 LUIS ACEVEDO / JOSE MERCEDES CRUZ B-5 https://t.co/JZ9BxF4Esg;B-5
2025-12-22T14:51:18.000Z;2025-12-22;10-4-1 MALL PLAZA DEL TREBOL /  RX-5, B-4 https://t.co/UTCrRPlPxo;RX-5
2025-12-23T13:01:57.000Z;2025-12-23;10-3-9 AVENIDA ALTO HORNO / AVENIDA GRAN BRETANA RX-5, H-8 https://t.co/ubcDnivWth;RX-5
2025-12-23T18:27:35.000Z;2025-12-23;10-4-1 ARTEAGA ALEMPARTE / AVENIDA O'HIGGINS RX-5, B-9 https://t.co/Fv72W4ZLdn;RX-5
2025-12-24T01:13:34.000Z;2025-12-23;10-4-1 AVENIDA GRAN BRETANA / CALLE 1 RX-5, B-4, B-3 https://t.co/5EPE6m9hVq;RX-5
2025-12-24T14:44:24.000Z;2025-12-24;SALE RX-5 A 10-4-1 RIQUELME / GABRIEL TORO https://t.co/Gzt8XezH09;RX-5
2025-12-24T15:06:15.000Z;2025-12-24;10-9 CARZA / JAIME REPULLO B-5 https://t.co/LkcrXSS1VH;B-5
2025-12-24T21:23:50.000Z;2025-12-24;SALE RX-5 A 10-4-1 AVENIDA BLANCO ENCALADA / SAN MARTIN https://t.co/GzHtj4xIPi;RX-5
2025-12-24T22:29:56.000Z;2025-12-24;10-3-10 PLAYA CHIVILINGO / PUNTA CORRALILLO RX-5 https://t.co/F3Krlze6og;RX-5
2025-12-25T19:16:47.000Z;2025-12-25;10-4-1 IQUIQUE / HIGUERAS RX-5, B-9 https://t.co/vHMFtldHxx;RX-5
2025-12-26T14:11:21.000Z;2025-12-26;10-8 2 NORTE / 4 PONIENTE B-5 https://t.co/RdB1ty6cIt;B-5
2025-12-26T19:47:17.000Z;2025-12-26;10-4-1 AVENIDA COLON / MANUEL GAETE RX-5, B-8 https://t.co/VGSrdx3Wl7;RX-5
2025-12-27T01:17:48.000Z;2025-12-26;10-4-1 JAIME REPULLO / AUTOPISTA CONCEPCION - TALCAHUANO RX-5, B-4 https://t.co/YXlHZ2t0rF;RX-5
2025-12-27T08:16:08.000Z;2025-12-27;10-12 A 10-3 CAMILO HENRÍQUEZ / PASAJE ANTENA MX-5 https://t.co/ILYth18GeX;MX-5
2025-12-28T01:35:40.000Z;2025-12-27;10-4-1 RÍO MAPOCHO / RÍO MAULE RX-5, B-4 https://t.co/skyu5j8FWq;RX-5
2025-12-28T17:32:31.000Z;2025-12-28;10-0-4 ISLA ATILIO / ISLA CAMPANA B-3, B-5, B-7, B-11 https://t.co/CR18cebyLd;B-5
2025-12-28T22:39:24.000Z;2025-12-28;10-4-1 AVENIDA LAS GOLONDRINAS / AVENIDA GRAN BRETANA RX-5, B-9 https://t.co/NyWMpy4HJl;RX-5
2025-12-29T16:48:51.000Z;2025-12-29;10-4-1 AVENIDA IFARLE / CALLE E RH-2, RX-5 https://t.co/oRRzj6ypfr;RX-5
2025-12-30T17:24:48.000Z;2025-12-30;10-4-1 LOS EUCALIPTUS / AVENIDA ALTO HORNO RX-5, H-8 https://t.co/U9VKKz58E9;RX-5
2026-01-01T01:47:56.000Z;2025-12-31;10-4-1 AVENIDA DESIDERIO GARCIA / AVENIDA COLON RX-5, B-8 https://t.co/P8VuxRZtsX;RX-5
2026-01-01T16:54:29.000Z;2026-01-01;10-4-1 AVENIDA NUEVA SAN VICENTE / VÍA LOCAL 2 B-3, B-5 https://t.co/c2KnzoJ9sd;B-5
2026-01-01T22:49:03.000Z;2026-01-01;10-3-1 TALTAL / PORTEZUELO B-5 https://t.co/Hnp6OtlaXS;B-5
2026-01-02T01:15:20.000Z;2026-01-01;10-3-4 AVENIDA LAS GOLONDRINAS / AVENIDA GRAN BRETANA RX-5 https://t.co/NyWMpy4HJl;RX-5
2026-01-02T02:07:27.000Z;2026-01-01;10-3-4 RÍO MAULE / LAS GARDENIAS RX-5 https://t.co/AFzDMZKcHN;RX-5
2026-01-04T16:33:51.000Z;2026-01-04;10-6-1 SANTA CLAUDIA / SANTA GENOVEVA (CONDOMINIO DOÑA SOFIA) H-9, B-5 https://t.co/3w7UQlDAq2;B-5
2026-01-04T16:39:08.000Z;2026-01-04;10-3-4 LAGUNA REDONDA / LAGUNA AVENDANO RX-5 https://t.co/J7XDJMgynT;RX-5
2026-01-04T20:34:32.000Z;2026-01-04;10-4-1 GRAN BRETAÑA / EVANGELISTA TORRICHELI RX-5, B-9, B-3 https://t.co/sYTZfDw3g0;RX-5
2026-01-05T03:54:20.000Z;2026-01-05;10-12 A 10-0 OROMPELLO / AVENIDA MANUEL RODRÍGUEZ BM-2, MX-5 https://t.co/QD94fAdPze;MX-5
2026-01-08T08:09:24.000Z;2026-01-08;10-0-5 AVENIDA LAS GOLONDRINAS / AVENIDA ALEMANIA H-9, H-4, B-5, H-8 https://t.co/FQivhTYA9M;B-5
2026-01-08T22:41:04.000Z;2026-01-08;10-2-2 RIO BLANCO / EL TAMARINDO F-7, B-5 https://t.co/IyjA7QnLYQ;B-5
2026-01-09T09:23:50.000Z;2026-01-09;10-4-1 AVENIDA ROCOTO / CUATRO ESQUINAS - CALETA LENGA RX-5, H-9 https://t.co/3tFxwX4zNF;RX-5
2026-01-10T12:55:28.000Z;2026-01-10;10-3-10 RÍO LONTUÉ / RIO PILMAIQUEN RX-5 https://t.co/ZcGSOKKfsy;RX-5
2026-01-11T14:21:46.000Z;2026-01-11;10-7 LAGUNA REDONDA / LAGO PIRIHUEICO B-5 https://t.co/EqguXBcqcw;B-5
2026-01-12T14:35:25.000Z;2026-01-12;10-4-2 JUAN ANTONIO RÍOS / CALLE DURENSA (INTERIOR EMPRESA MAERKS ) B-3, RX-5, B-11 https://t.co/nJN7jOoYYw;RX-5
2026-01-13T15:25:09.000Z;2026-01-13;10-4-1 AVENIDA COLON / LAS AMAPOLAS RX-5, B-4 https://t.co/PDi4itWfvR;RX-5
2026-01-15T02:42:09.000Z;2026-01-14;10-4-1 AMÉRICO VESPUCIO / AVENIDA O'HIGGINS RX-5, B-9 https://t.co/CLf5RR7dvh;RX-5
2026-01-15T16:04:21.000Z;2026-01-15;SALE RX-5 A 10-4-1 MIGUEL DE CERVANTES / AVENIDA PEDRO MONTT https://t.co/WZwYGHXvXr;RX-5
2026-01-15T18:10:26.000Z;2026-01-15;10-3-10 BILBAO / BALMACEDA RX-5 https://t.co/q2KkGQUIEF;RX-5
2026-01-15T20:19:22.000Z;2026-01-15;10-3-10 JUAN CHÁVEZ / ALMIRANTE LATORRE RX-5 https://t.co/5CEXHxFoRf;RX-5
2026-01-16T21:55:45.000Z;2026-01-16;SALE B-5 A 10-2-2 CERRO LA U /  https://t.co/F5sqI4KZMS;B-5
2026-01-17T02:08:48.000Z;2026-01-16;10-4-1 CLAUDIO GAY / MOLLE RX-5, B-4 https://t.co/Nm8Dn9ggKq;RX-5
2026-01-17T16:56:42.000Z;2026-01-17;10-4-2 COLÓN / DIECIOCHO DE SEPTIEMBRE B-3, RX-5, B-11 https://t.co/q1E5ZqWN3m;RX-5
2026-01-17T19:21:41.000Z;2026-01-17;10-12 A INCENDIO FORESTAL RUTA O-882 / RUTA O-886 (SECTOR CURAMAVIDA) H-9, B-5 https://t.co/Bt7xdWErSW;B-5
2026-01-18T03:36:07.000Z;2026-01-18;10-12 A INCENDIO FORESTAL CARLOS WARDS / CAMINO A LIRQUEN B-5, B-11, B-8 https://t.co/zSqe3Yo4pQ;B-5
2026-01-18T21:27:56.000Z;2026-01-18;10-4-1 AUTOPISTA CONCEPCION - TALCAHUANO / AVENIDA COLON RX-5, B-4 https://t.co/LEmLDxu0uy;RX-5
2026-01-21T21:16:50.000Z;2026-01-21;SALE B-5 A 10-12 A INCENDIO FORESTAL RUTA N-48-O / SECTOR PUENTE 7 https://t.co/nngGkBh8ya;B-5
2026-01-22T20:54:19.000Z;2026-01-22;10-3-4 LOS NARANJOS / AVENIDA ALTO HORNO RX-5 https://t.co/rZn2xquuTz;RX-5
2026-01-23T09:58:31.000Z;2026-01-23;10-3-4 JAIME REPULLO / AUTOPISTA CONCEPCIÓN - TALCAHUANO RX-5 https://t.co/kvRce5sXXM;RX-5
2026-01-23T10:58:04.000Z;2026-01-23;10-4-1 LAS AMAPOLAS / AVENIDA COLON RX-5, B-4 https://t.co/PDi4itWfvR;RX-5
2026-01-23T21:56:58.000Z;2026-01-23;10-3-4 LAS ROSAS / LOS JAZMINES RX-5 https://t.co/ZF80Ikx3uN;RX-5
2026-01-24T15:30:50.000Z;2026-01-24;10-3-10 ALMIRANTE NEFF / AVENIDA COLON RX-5 https://t.co/CZqjjaTF7Q;RX-5
2026-01-26T17:25:22.000Z;2026-01-26;10-0-1 EL QUILQUIL / LAS QUILAS B-5, B-4, Q-2 https://t.co/oe1GipYwim;B-5
2026-01-27T00:01:26.000Z;2026-01-26;10-4-2 COLÓN / HUALPÉN B-3, RX-5, B-1 https://t.co/otounqQJo6;RX-5
2026-01-27T16:02:26.000Z;2026-01-27;10-0-1 SAN MIGUEL / 4 PONIENTE B-9, B-5, Q-2 https://t.co/3vq8mdWqUG;B-5
2026-01-29T21:20:22.000Z;2026-01-29;10-12 A 10-4 AUTOPISTA DEL ITATA / PENCO RX-5 https://t.co/c3tyJ91PHM;RX-5
2026-01-30T12:12:34.000Z;2026-01-30;10-9 RIO LONTUE / RIO NUBLE B-5 https://t.co/cNTf3J5gv1;B-5
2026-01-31T00:12:07.000Z;2026-01-30;10-0-1 AVENIDA LAS GOLONDRINAS / 2 PONIENTE H-9, B-5, Q-2 https://t.co/g37KjN9v3M;B-5
2026-01-31T05:15:11.000Z;2026-01-31;10-0-1 LOS OLMOS / CANELO B-8, B-4, B-5 https://t.co/n8QWBkK9Z4;B-5
2026-01-31T18:54:07.000Z;2026-01-31;10-4-1 AUTOPISTA CONCEPCION - TALCAHUANO / JAIME REPULLO RX-5, H-4 https://t.co/XToJ2S3pIz;RX-5
2026-02-01T01:07:19.000Z;2026-01-31;10-3-4 AVENIDA LAS GOLONDRINAS / AISÉN RX-5 https://t.co/VdWYRDq2hL;RX-5
2026-02-01T02:12:06.000Z;2026-01-31;10-8 AVIACIÓN / SAN MIGUEL B-5 https://t.co/3ts1Z2mmMi;B-5
2026-02-01T05:25:51.000Z;2026-02-01;10-2-1 AVENIDA DINAHUE / CALLE 1 B-5 https://t.co/WefjGx0gGw;B-5
2026-02-01T14:53:34.000Z;2026-02-01;10-0-3 AVENIDA JORGE ALESSANDRI / AVENIDA SANTA MARIA B-4, B-5, B-8, F-1, RB-6 https://t.co/JiM8kza8TE;B-5
2026-02-01T14:57:03.000Z;2026-02-01;SALE MX-5, B-9 A 10-0-3 AVENIDA JORGE ALESSANDRI / AVENIDA SANTA MARIA https://t.co/JiM8kza8TE;MX-5
2026-02-01T17:11:28.000Z;2026-02-01;10-6-2 SAN MIGUEL / AVENIDA CRISTOBAL COLON RX-5 https://t.co/HY0qWJ1zRD;RX-5
2026-02-02T20:16:58.000Z;2026-02-02;10-4-1 GRAN BRETAÑA / CALLE 1 RB-3, B-9, RX-5 https://t.co/BoGQQTsz6i;RX-5
2026-02-03T04:37:14.000Z;2026-02-03;10-4-1 MALL PLAZA DEL TREBOL /  RX-5, B-9 https://t.co/XKtT337rCU;RX-5
2026-02-05T08:53:30.000Z;2026-02-05;10-3-10 JAIME REPULLO / CARRIEL NORTE RX-5, H-4 https://t.co/ZA8yYfwmkB;RX-5
2026-02-06T13:10:29.000Z;2026-02-06;10-3-4 GOMEZ CARRENO / JUAN GUILLERMO SOSA RX-5 https://t.co/h7QV2l4NX4;RX-5
2026-02-06T17:03:18.000Z;2026-02-06;10-3-4 ANÍBAL PINTO / BULNES RX-5 https://t.co/vDn1eJzPc7;RX-5
2026-02-06T18:29:53.000Z;2026-02-06;10-0-1 LOS LIRIOS / LAS ROSAS B-5, B-8, B-1 https://t.co/vm2LDRMPO1;B-5
2026-02-06T23:43:05.000Z;2026-02-06;10-3-4 ALMIRANTE NEFF / LUIS ACEVEDO RX-5 https://t.co/Ti92mRyvXe;RX-5
2026-02-06T23:56:09.000Z;2026-02-06;SALE RX-5 A 10-0-1 PASAJE 15 / PASAJE 19 https://t.co/l5BSkgB8du;RX-5
2026-02-07T00:32:53.000Z;2026-02-06;10-8 LOS PINOS / 6 PONIENTE B-5 https://t.co/kAecmIbUcq;B-5
2026-02-08T01:56:04.000Z;2026-02-07;10-0-1 CLAUDIO GAY / LOS CEDROS B-4, B-5, Q-2 https://t.co/v90rTB7JKF;B-5
2026-02-08T04:22:46.000Z;2026-02-08;10-4-1 AUTOPISTA CONCEPCIÓN-TALCAHUANO ALTURA COPEC /  RX-5, B-9 https://t.co/P3IXaR8z2F;RX-5
2026-02-08T14:02:49.000Z;2026-02-08;10-3-10 LOS PINOS / 2 PONIENTE RX-5 https://t.co/02ijdkSTKq;RX-5
2026-02-08T16:41:02.000Z;2026-02-08;10-3-4 DOMINGO CANESA / MATAMALA RX-5 https://t.co/TV1wooMmQh;RX-5
2026-02-09T21:09:10.000Z;2026-02-09;10-4-1 AISEN / AVENIDA LAS GOLONDRINAS RX-5, B-4 https://t.co/rQwJx95zwv;RX-5
2026-02-10T00:09:40.000Z;2026-02-09;SALE MX-5 A 10-3-9 PLAYA EL HUEVILLO / 2 https://t.co/Ssp1IdYVqe;MX-5
2026-02-10T18:50:32.000Z;2026-02-10;10-4-1 GRAN BRETAÑA / EVANGELISTA TORRICHELI RX-5, B-9, RB-3 https://t.co/UJdWzWUdc4;RX-5
2026-02-11T15:09:02.000Z;2026-02-11;10-4-1 AVENIDA LAS GOLONDRINAS / PORVENIR RX-5, B-9 https://t.co/HGK0CAfmcm;RX-5
2026-02-11T20:01:37.000Z;2026-02-11;10-4-1 ACCESO A SIDERÚRGICA HUACHIPATO / PORTEZUELO RB-3, B-8, RX-5 https://t.co/U2Xrfz0W4p;RX-5
2026-02-11T23:40:13.000Z;2026-02-11;10-3-4 CALLE J / AVENIDA IFARLE RX-5 https://t.co/HAOiKzoU4y;RX-5
2026-02-12T09:36:41.000Z;2026-02-12;10-3-4 AVENIDA JORGE ALESSANDRI / (ALTURA SUPERMERCADO JUMBO) RX-5 https://t.co/cTFdEok9uP;RX-5
2026-02-12T14:10:19.000Z;2026-02-12;10-3-10 MALL PLAZA DEL TREBOL /  RX-5 https://t.co/XKtT337rCU;RX-5
2026-02-13T00:56:19.000Z;2026-02-12;10-3-9 PASAJE DOS / MANUEL BARROS BORGOÑO RX-5, B-4 https://t.co/O9QANB4oWX;RX-5
2026-02-13T06:29:57.000Z;2026-02-13;10-4-1 GÓMEZ CARREÑO / LOS TULIPANES RX-5, B-4 https://t.co/59VQClTi6r;RX-5
2026-02-13T11:09:24.000Z;2026-02-13;10-4-1 AVENIDA PRESIDENTE JORGE ALESSANDRI RODRIGUEZ / (ALTURA CLINICA BIO BIO) RX-5, B-9 https://t.co/CJowrcaE0z;RX-5
2026-02-13T15:10:15.000Z;2026-02-13;SALE B-5 A 10-12 A 10-0 AVENIDA LA RECONQUISTA / CAÑETE https://t.co/sAvH9KLFUg;B-5
2026-02-14T06:27:41.000Z;2026-02-14;10-3-4 DOCE NORTE / UNO NORTE RX-5 https://t.co/GtIGlYF4oQ;RX-5
2026-02-14T09:15:22.000Z;2026-02-14;10-4-1 AVENIDA LAS GOLONDRINAS / GRAN BRETAÑA RX-5, B-9 https://t.co/bDNglP686A;RX-5
2026-02-15T20:54:22.000Z;2026-02-15;10-9 LAGUNA AVENDANO / LAGUNA LAS TRES PASCUALAS B-5 https://t.co/b151aOJFTd;B-5
2026-02-15T22:16:44.000Z;2026-02-15;10-3-10 QUILLAY / RAULI RX-5 https://t.co/WniAm6Mq0p;RX-5
2026-02-16T23:04:24.000Z;2026-02-16;10-3-4 LAS DALIAS / PASAJE 7 RX-5 https://t.co/kh7thLosBM;RX-5
2026-02-17T13:45:57.000Z;2026-02-17;10-4-1 INCHALAM-AVENIDA GRAN BRETAÑA /  RB-3, H-8, RX-5 https://t.co/AkBQDdNvej;RX-5
2026-02-17T16:37:12.000Z;2026-02-17;10-3-10 BILBAO / VALDIVIA RX-5 https://t.co/EmkpLiB11U;RX-5
2026-02-17T23:29:36.000Z;2026-02-17;10-4-1 MALAQUIAS CONCHA / BRASIL RX-5, H-8 https://t.co/O1fBYr08dR;RX-5
2026-02-18T17:14:51.000Z;2026-02-18;10-3-4 RÍO CHOAPA / LAS HORTENSIAS RX-5 https://t.co/PbUUJo0t8a;RX-5
2026-02-19T13:10:10.000Z;2026-02-19;10-0-3 MALL PLAZA DEL TREBOL /  B-9, B-4, B-5, H-8, Q-2, RB-3, MX-5 https://t.co/XKtT337rCU;B-5,MX-5
2026-02-19T22:13:12.000Z;2026-02-19;10-3-4 AVENIDA LAS GOLONDRINAS / GRAN BRETAÑA RX-5 https://t.co/bDNglP686A;RX-5
2026-02-20T11:46:53.000Z;2026-02-20;10-3-4 SAMUEL COLE / VICTOR DOMINGO SILVA RX-5 https://t.co/ejPybKJS8P;RX-5
2026-02-20T21:29:04.000Z;2026-02-20;10-4-2 GRAN BRETAÑA / ALTURA INDURA RB-3, RX-5, H-8 https://t.co/9k9hFxXduf;RX-5
2026-02-21T13:27:56.000Z;2026-02-21;10-4-1 COLÓN / AV. DESIDERIO GARCÍA RX-5, H-8 https://t.co/B2jgXOJtAW;RX-5
2026-02-21T16:56:32.000Z;2026-02-21;10-4-1 AVENIDA PRESIDENTE JORGE ALESSANDRI RODRIGUEZ / DIRECCION AEROPUERTO RX-5, B-9 https://t.co/DamIGPucrg;RX-5
2026-02-21T20:59:33.000Z;2026-02-21;10-4-1 7 NORTE / 1 PONIENTE RX-5, B-9 https://t.co/HYfpSwAeEH;RX-5
2026-02-22T02:02:06.000Z;2026-02-21;10-3-4 AUTOPISTA CONCEPCIÓN-TALCAHUANO ALTURA COPEC /  RX-5 https://t.co/AcJcjZYH01;RX-5
2026-02-22T05:40:45.000Z;2026-02-22;10-0-1 MAITEN / EL OLIVO H-8, B-4, B-5 https://t.co/9QDwEcr9SP;B-5
2026-02-23T16:30:51.000Z;2026-02-23;10-4-1 AUTOPISTA CONCEPCIÓN-TALCAHUANO ALTURA MALL PLAZA EL TRÉBOL /  RX-5, B-1 https://t.co/sqQMPuTfOI;RX-5
2026-02-23T16:58:11.000Z;2026-02-23;10-9 PORTEZUELO / IQUIQUE B-5 https://t.co/I1JPOGMVL5;B-5
2026-02-23T17:11:37.000Z;2026-02-23;SALE RX-5 A 10-9 PORTEZUELO / IQUIQUE https://t.co/I1JPOGMVL5;RX-5
2026-02-25T17:22:34.000Z;2026-02-25;10-9 BASILIO URRUTIA / PASAJE 7 B-5 https://t.co/Rcy57Qg4aq;B-5
2026-02-25T23:55:29.000Z;2026-02-25;10-3-10 AVENIDA JORGE ALESSANDRI / AVENIDA SANTA MARIA RX-5 https://t.co/STxI0aV7Ut;RX-5
2026-02-26T02:48:27.000Z;2026-02-25;10-3-4 AVENIDA LAS GOLONDRINAS / AVENIDA CRISTOBAL COLON RX-5 https://t.co/5JePvXY4E6;RX-5
2026-02-26T06:03:28.000Z;2026-02-26;10-8 CINCO PONIENTE / UNO SUR B-5 https://t.co/N68gRRNbGE;B-5
2026-02-27T17:41:35.000Z;2026-02-27;10-4-2 AVENIDA GRAN BRETANA / EVANGELISTA TORRICHELI RX-5, RB-3, B-9 https://t.co/0Z6IeqCPGZ;RX-5
2026-02-27T21:38:41.000Z;2026-02-27;10-4-1 AVENIDA JORGE ALESSANDRI / EL ALBA RX-5, B-9 https://t.co/SAjjkW5HeW;RX-5
2026-02-28T00:50:26.000Z;2026-02-27;10-4-1 GRAN BRETAÑA / CEMENTOS BIO BIO RX-5, B-8, RB-6 https://t.co/hyB3FswyHq;RX-5
2026-02-28T06:58:18.000Z;2026-02-28;10-3-1 LAGO NELTUME / LAGO LLANQUIHUE RX-5 https://t.co/Zq52IGpZkV;RX-5
2026-02-28T19:26:50.000Z;2026-02-28;10-4-1 AVENIDA JORGE ALESSANDRI / PASARELA LOMAS DE SAN ANDRES RX-5, H-9 https://t.co/jIjxJ36vz7;RX-5
2026-03-01T21:33:53.000Z;2026-03-01;10-4-1 AUTOPISTA CONCEPCION - TALCAHUANO / AVENIDA JORGE ALESSANDRI RX-5, RH-1 https://t.co/bSIqkK1d09;RX-5
2026-03-01T23:13:52.000Z;2026-03-01;10-0-1 VOLCÁN PETEROA / VOLCAN LASKAR B-4, B-5, Q-2 https://t.co/4lSKOeu53x;B-5
2026-03-02T21:09:01.000Z;2026-03-02;10-4-1 AUTOPISTA CONCEPCIÓN TALCAHUANO ALTURA PUENTE O'HIGGINS /  RX-5, B-9 https://t.co/voqyaSxByV;RX-5
2026-03-03T23:57:20.000Z;2026-03-03;10-3-4 JAIME REPULLO / MONSENOR ALARCON RX-5 https://t.co/iAP0vKG4I6;RX-5
2026-03-04T12:22:33.000Z;2026-03-04;10-4-1 AV. DESIDERIO GARCÍA / 979 RX-5, B-8 https://t.co/hjoRd7jLZM;RX-5
2026-03-04T21:47:19.000Z;2026-03-04;10-4-1 PASARELA INACAP AUTOPISTA CONCEPCIÓN-TALCAHUANO /  RX-5, B-9 https://t.co/iYq76E7trf;RX-5
2026-03-05T19:39:55.000Z;2026-03-05;SALE B-5 A 10-2-1 AVENIDA LOS BUDES / AVENIDA JORGE ALESSANDRI https://t.co/7HhpPc1AdX;B-5
2026-03-06T10:52:24.000Z;2026-03-06;10-4-1 AVENIDA O'HIGGINS / AVENIDA LAS GOLONDRINAS RX-5, B-9 https://t.co/uQnHXLyw5l;RX-5
2026-03-06T11:52:29.000Z;2026-03-06;10-4-1 LOS TULIPANES / GOMEZ CARRENO RX-5, B-4 https://t.co/59VQClTi6r;RX-5
2026-03-06T14:06:56.000Z;2026-03-06;10-3-4 WENCESLAO VARGAS / MANUEL GAETE RX-5 https://t.co/UBRhU5JWEb;RX-5
2026-03-07T10:29:45.000Z;2026-03-07;10-12 a 10-0 ANIBAL PINTO / SAN MARTIN MX-5 https://t.co/6r98yj2mN2;MX-5
2026-03-07T10:53:28.000Z;2026-03-07;10-4-1 COLÓN / PASAJE SANTA BERNADITA RX-5, B-1 https://t.co/PmfWKmbGJN;RX-5
2026-03-07T20:07:52.000Z;2026-03-07;10-4-1 JAIME REPULLO / AUTOPISTA CONCEPCIÓN - TALCAHUANO RX-5, B-3 https://t.co/kvRce5sXXM;RX-5
2026-03-08T19:14:39.000Z;2026-03-08;10-2-1 ELEUTERIO RAMÍREZ / VICENCIA B-5 https://t.co/9OExnEGkOm;B-5
2026-03-08T21:28:40.000Z;2026-03-08;10-7 JAIME REPULLO / MONSENOR ALARCON ( CONDOMINIO LOS MAGNOLIOS ) B-5 https://t.co/rEQEVsda3O;B-5
2026-03-09T01:21:07.000Z;2026-03-08;10-3-4 LOS MAQUIS / VOLCAN CHILLAN RX-5 https://t.co/dlPL5SZVeL;RX-5
2026-03-09T12:25:14.000Z;2026-03-09;10-4-1 AV. LAS GOLONDRINAS / CINCO PTE. RX-5, B-9 https://t.co/c4gERXZyO3;RX-5
2026-03-09T22:04:38.000Z;2026-03-09;10-4-1 AVENIDA LAS GOLONDRINAS / 5 PONIENTE RX-5, B-4 https://t.co/bzkCJV1hS8;RX-5
2026-03-09T22:54:36.000Z;2026-03-09;10-3-4 LAGO RANCO / RIO PETROHUE RX-5 https://t.co/rzaTdi88kX;RX-5
2026-03-10T00:01:46.000Z;2026-03-09;10-4-1 RUTA INTERPORTUARIA / PEAJE ROCUANT /  RB-3, H-8, RX-5 https://t.co/XCm9QmNakl;RX-5
2026-03-10T16:31:28.000Z;2026-03-10;10-3-4 AVENIDA DESIDERIO GARCIA / AVENIDA COLON RX-5 https://t.co/P8VuxRZtsX;RX-5
2026-03-12T15:34:34.000Z;2026-03-12;10-4-1 GERMAN RIESCO / MOLINA RX-5, B-8 https://t.co/zOTL4ONkyx;RX-5
2026-03-13T07:17:28.000Z;2026-03-13;10-0-1 7 PONIENTE / EJERCITO B-9, B-5, Q-2 https://t.co/YGPjpg75mu;B-5
2026-03-14T12:46:14.000Z;2026-03-14;10-2-1 JAIME REPULLO / MONSENOR ALARCON B-5 https://t.co/CbyLC2TUNS;B-5
2026-03-15T00:18:06.000Z;2026-03-14;SALE RX-5 A 10-3-5 AVENIDA LAS GOLONDRINAS / AVENIDA CRISTOBAL COLON https://t.co/NZ46qJq5bN;RX-5
2026-03-15T00:25:06.000Z;2026-03-14;SALE MX-5 A 10-3-5 AVENIDA LAS GOLONDRINAS / AVENIDA CRISTOBAL COLON https://t.co/NZ46qJq5bN;MX-5
2026-03-15T11:55:07.000Z;2026-03-15;10-17-1 LOS JACINTOS / RIO DIGUILLIN B-5 https://t.co/sWF0Vep5qt;B-5
2026-03-15T14:33:21.000Z;2026-03-15;10-17-2 RÍO EL CISNE / RIO MAPOCHO B-5 https://t.co/VM9Xth58UG;B-5
2026-03-15T18:48:28.000Z;2026-03-15;10-0-3 MALL PLAZA DEL TREBOL /  B-9, B-4, H-4, B-5, Q-2, RB-6, MX-5 https://t.co/XKtT337rCU;B-5,MX-5
2026-03-16T11:17:18.000Z;2026-03-16;10-3-4 COLÓN / SIMON BOLIVAR RX-5 https://t.co/jEGyMfcDBK;RX-5
2026-03-16T22:24:23.000Z;2026-03-16;10-4-1 AV. DESIDERIO GARCÍA / CARLOS DITTBORN RX-5, B-8 https://t.co/1OaTkttVXU;RX-5
2026-03-18T19:42:22.000Z;2026-03-18;10-4-1 QUILLOTA / AVENIDA LAS GOLONDRINAS RX-5, B-9 https://t.co/osOZFKnXzr;RX-5
2026-03-19T01:00:34.000Z;2026-03-18;10-3-4 CALLE DE SERVICIO RUTA 154 / CARRIEL SUR RX-5 https://t.co/1iU7fHTJc0;RX-5
2026-03-19T16:44:24.000Z;2026-03-19;10-3-4 PASAJE TRES / CRUZ DEL SUR RX-5 https://t.co/eoP09ePSuX;RX-5
2026-03-20T01:26:48.000Z;2026-03-19;10-3-10 SAN CARLOS / SAN JOSE RX-5 https://t.co/h5HLB83D2n;RX-5
2026-03-22T16:23:18.000Z;2026-03-22;10-3-4 COLÓN / MANUEL DE SALAS RX-5 https://t.co/5XkiuZM78V;RX-5
2026-03-22T21:06:10.000Z;2026-03-22;10-4-1 JAIME REPULLO / MONSENOR ALARCON RX-5, H-8 https://t.co/F4q5XkZIwG;RX-5
2026-03-23T18:04:21.000Z;2026-03-23;10-4-1 ROTONDA HUACHIPATO /  RB-3, B-4, RX-5 https://t.co/heSfGBbNeZ;RX-5
2026-03-24T05:06:00.000Z;2026-03-24;SALE MX-5 A 10-12 A INCENDIO HOLANDA / MILÁN https://t.co/8dnMZjzkSl;MX-5
2026-03-24T09:53:10.000Z;2026-03-24;10-0-1 TOCOPILLA / CHIMBARONGO B-9, RX-5, Q-2 https://t.co/CojpYOEInv;RX-5
2026-03-24T17:37:51.000Z;2026-03-24;10-4-1 TARAPACÁ / CHIMBARONGO RX-5, B-9 https://t.co/oy2NjYEzvb;RX-5
2026-03-25T22:35:29.000Z;2026-03-25;10-0-2 BAHÍA SAN VICENTE / CENTINELA 2 RB-6, RB-3, H-8, Q-2, MX-5 https://t.co/BsxLiwGsxE;MX-5
2026-03-25T22:54:11.000Z;2026-03-25;10-4-1 AVENIDA SANTA MARÍA / COSTADO SODIMAC RX-5, B-9 https://t.co/kRi0OdxUdG;RX-5
2026-03-26T18:38:58.000Z;2026-03-26;10-3-9 BENAVENTE / AUTOPISTA CONCEPCION - TALCAHUANO RX-5, B-9 https://t.co/xEchsbuBAR;RX-5
2026-03-27T01:13:08.000Z;2026-03-26;10-4-1 AVENIDA COLON / AUTOPISTA CONCEPCION - TALCAHUANO RX-5, B-4 https://t.co/taWZshdsRy;RX-5
2026-03-27T17:32:31.000Z;2026-03-27;10-4-1 AVENIDA PRESIDENTE JORGE ALESSANDRI RODRIGUEZ / AEROPUERTO CARRIEL SUR RX-5, B-9, RB-3 https://t.co/CVQdFsxqUJ;RX-5
2026-03-27T18:53:56.000Z;2026-03-27;10-4-2 AVENIDA O'HIGGINS / AMERICO VESPUCIO RX-5, RB-3, B-9 https://t.co/IQe4qBalvE;RX-5
2026-03-28T13:51:10.000Z;2026-03-28;10-4-1 GÓMEZ CARREÑO / PASAJE 3 RX-5, RH-1 https://t.co/mTtY9wEANQ;RX-5
2026-03-29T01:54:50.000Z;2026-03-28;10-4-1 AVENIDA DESIDERIO GARCIA / LAS HORTENSIAS RX-5, B-4 https://t.co/66BV4IIst2;RX-5
2026-03-30T00:05:57.000Z;2026-03-29;10-3-10 AVENIDA NUEVA SAN VICENTE / CALLE VIA LOCAL 3 RX-5 https://t.co/PsCQFgTtoY;RX-5
2026-03-31T11:17:17.000Z;2026-03-31;10-4-1 AVENIDA GRAN BRETAÑA / EVANGELISTA TORRICHELI RX-5, B-9, RB-3 https://t.co/TR6OaqoC71;RX-5
2026-04-01T01:58:08.000Z;2026-03-31;10-3-10 HOSPITAL LAS HIGUERAS /  RX-5 https://t.co/PKn9HhzBOn;RX-5
2026-04-01T09:51:31.000Z;2026-04-01;10-12 A 10-0 RENGO / MAIPÚ MX-5 https://t.co/QZOPNqHDni;MX-5
2026-04-01T15:44:13.000Z;2026-04-01;10-4-1 RIO MAULE / RIO MAPOCHO RX-5, B-4 https://t.co/KwnHt8qawQ;RX-5
2026-04-02T10:54:42.000Z;2026-04-02;10-3-4 COLÓN / MONS ALARCÓN RX-5 https://t.co/U7ICAYb9c3;RX-5
2026-04-02T19:00:25.000Z;2026-04-02;10-4-1 ROTONDA HUACHIPATO /  RB-3, B-8, RX-5 https://t.co/heSfGBbNeZ;RX-5
2026-04-02T20:07:42.000Z;2026-04-02;10-4-1 RIO TIRUA / LAGO LANALHUE RX-5, B-4 https://t.co/S7m5HoshDq;RX-5
2026-04-02T21:33:56.000Z;2026-04-02;SALE RX-5 A 10-4-1 MALAQUIAS CONCHA / LAUTARO https://t.co/O1WmdlYpIk;RX-5
2026-04-03T16:32:27.000Z;2026-04-03;10-4-1 MANUEL BAYON / MANUEL GAETE RX-5, B-11 https://t.co/VjYjiAc1JN;RX-5
2026-04-05T18:42:07.000Z;2026-04-05;10-3-4 AUTOPISTA CONCEPCIÓN-TALCAHUANO ALTURA AUTOMAC /  RX-5 https://t.co/TI902bdor7;RX-5
2026-04-05T20:05:30.000Z;2026-04-05;10-3-4 COLISEO MONUMENTAL LA TORTUGA /  RX-5 https://t.co/oU9iHAVltA;RX-5
2026-04-06T22:11:15.000Z;2026-04-06;10-0-1 AVENIDA COLON / 16 NORTE B-9, RX-5, B-4 https://t.co/BWZnMR7LOu;RX-5
2026-04-07T00:23:46.000Z;2026-04-06;10-8 1 ORIENTE / 7 NORTE RX-5 https://t.co/oQAZCcydGD;RX-5
2026-04-07T22:53:05.000Z;2026-04-07;10-4-2 JUAN ANTONIO RÍOS / ISLA DE PASCUA RX-5, B-11, RB-6 https://t.co/S5Ptr99wap;RX-5
2026-04-08T00:12:29.000Z;2026-04-07;10-4-1 GÓMEZ CARREÑO / LAS PETUNIAS RX-5, B-4 https://t.co/GCcOKRbEo1;RX-5
2026-04-08T15:22:50.000Z;2026-04-08;10-3-4 AUTOPISTA CONCEPCIÓN-TALCAHUANO ALTURA ROSEN /  RX-5 https://t.co/7p9hAfHRJ2;RX-5
2026-04-08T19:13:03.000Z;2026-04-08;10-4-1 AUTOPISTA CONCEPCIÓN-TALCAHUANO ALTURA COPEC /  RX-5, B-9 https://t.co/AcJcjZYH01;RX-5
2026-04-08T20:30:42.000Z;2026-04-08;10-3-9 RÍO LOA / RIO MAULE RX-5, H-8 https://t.co/BfgZQae4zF;RX-5
2026-04-09T18:41:13.000Z;2026-04-09;10-4-2 LAGO PALENA / RÍO PETROHUÉ RX-5, RB-3, B-9 https://t.co/FeZ0cDlPJ3;RX-5
2026-04-10T16:38:30.000Z;2026-04-10;10-3-4 COLÓN / LAS ROSAS RX-5 https://t.co/OdEcfRwocA;RX-5
2026-04-12T18:08:47.000Z;2026-04-12;10-3-4 COLÓN / PASAJE TRES MONTES RX-5 https://t.co/nkRyln755o;RX-5
2026-04-13T02:04:52.000Z;2026-04-12;10-2-1 COLCHAGUA / AISEN RX-5 https://t.co/CLEFEVxzWF;RX-5
2026-04-13T03:28:44.000Z;2026-04-12;10-4-1 AUTOPISTA CONCEPCIÓN-TALCAHUANO ALTURA MALL PLAZA EL TRÉBOL /  RX-5, RH-2 https://t.co/fIaGAiXdLy;RX-5
2026-04-13T05:59:15.000Z;2026-04-13;10-2-1 AVIACION / COLCHAGUA RX-5 https://t.co/PWJHh2QkNi;RX-5
2026-04-13T14:20:38.000Z;2026-04-13;10-3-4 EUDOCIO MILLAS / DANIEL SUNICO RX-5 https://t.co/1qVR5a66m7;RX-5
2026-04-13T16:25:55.000Z;2026-04-13;10-3-4 AVENIDA JORGE ALESSANDRI / SANTA MARIA RX-5 https://t.co/ToCpOCk1ys;RX-5
2026-04-14T14:01:35.000Z;2026-04-14;10-0-3 CASINO MARINA DEL SOL /  B-9, B-4, RX-5, B-8, Q-2, MX-5 https://t.co/6V92UQlOQd;MX-5,RX-5
2026-04-14T21:52:33.000Z;2026-04-14;10-4-1 JOTABECHE / IQUIQUE RX-5, B-8 https://t.co/aqYVN3VUWt;RX-5
2026-04-15T14:12:53.000Z;2026-04-15;10-0-1 ALMIRANTE NEFF / AVENIDA COLON B-4, B-5, Q-2 https://t.co/CZqjjaTF7Q;B-5
2026-04-15T16:12:10.000Z;2026-04-15;10-4-2 18 DE SEPTIEMBRE / AVENIDA COLON RB-3, RX-5, B-11 https://t.co/2YCiXKOpJr;RX-5
2026-04-15T16:27:03.000Z;2026-04-15;10-0-1 AVENIDA LAS GOLONDRINAS / AVENIDA GRAN BRETANA B-9, B-5, B-3 https://t.co/NyWMpy4HJl;B-5
2026-04-15T16:48:54.000Z;2026-04-15;10-4-3 AVENIDA MANUEL RODRIGUEZ / BENAVENTE RX-5, RB-3, B-1 https://t.co/pG2fTJssET;RX-5
2026-04-15T18:18:34.000Z;2026-04-15;10-0-3 VALDIVIA / ANIBAL PINTO B-3, B-11, B-4, B-5, Q-2, MX-5 https://t.co/JBIUEmPQan;B-5,MX-5
2026-04-15T20:46:32.000Z;2026-04-15;10-0-1 RÍO CALLE CALLE / RIO MAULLIN B-5, B-4, Q-2 https://t.co/6DPx7faiQ1;B-5
2026-04-16T17:49:42.000Z;2026-04-16;SALE RX-5 A 10-4-1 AVENIDA ARGENTINA / JUAN DE LA CRUZ TAPIA https://t.co/usdpl9cnYL;RX-5
