date,fold,actual_count,actual_critical,count__gradient_boosting_absolute,count__hist_gradient_boosting_poisson,count__poisson_regressor,count__tweedie_regressor,count__negative_binomial,risk__negative_binomial,class__rf_raw,class__rf_sigmoid,class__rf_isotonic
2022-10-10,1.0,1.0,0,2.964045988298709,3.4717565933797423,3.6083772753831984,3.586040691469048,3.699672041728165,0.03541085626356652,0.032528465851589236,0.013855811354338433,0.0
2022-10-11,1.0,3.0,0,3.563890971961407,3.695612863430364,3.389153978159943,3.3989148672636995,3.4254027305095986,0.024112068467660643,0.01447786911459696,0.012676324329874755,0.0
2022-10-12,1.0,6.0,0,3.534287396082218,4.242614298796928,3.388173276415097,3.404154869337224,3.392417799229408,0.022949069070728977,0.05896809611618133,0.014813383396007513,0.015384615384615385
2022-10-13,1.0,1.0,0,2.9763450015741686,3.674138467501763,3.1357018839315622,3.1605689251714315,3.167267841570942,0.01604368207762856,0.13221626851703452,0.016293712529409112,0.016666666666666666
2022-10-14,1.0,3.0,0,3.210913876927136,4.2781565505520005,3.7129695133629914,3.646672801742258,3.809321286218345,0.040785483747665705,0.054421579441424506,0.01467881632852681,0.015384615384615385
2022-10-15,1.0,4.0,0,2.7366043366616237,2.9749796818960355,3.342431308487858,3.3143111226377546,3.4792139140651748,0.02609681601763497,0.07430924882636002,0.01521219131545509,0.015384615384615385
2022-10-16,1.0,1.0,0,3.2258132098243495,4.026807476435426,3.6681206445016805,3.6783561403209184,3.7491779495792406,0.03777463387338822,0.05475139074125115,0.014688885390333552,0.015384615384615385
2022-10-18,1.0,4.0,0,3.1108027078515383,3.2825043915061207,3.1683827341419177,3.1407603267286364,3.198866791306644,0.01690851979165212,0.004619512532890181,0.011198191019839099,0.0
2022-10-19,1.0,4.0,0,2.3861919075793923,3.4317078583999447,2.7468753486796014,2.791463954896914,2.775265072064807,0.007795540551971887,0.03722130922110988,0.014065113220118386,0.0
2022-10-21,1.0,2.0,0,2.7552555430948673,2.3550011345511437,3.1716628017486643,3.19903910175794,3.1553102234790504,0.01572488681659411,0.0024586776859504135,0.010460276387014853,0.0
2022-10-23,1.0,3.0,0,2.236010892833372,3.675711493192815,2.6947688420437297,2.762419240650762,2.5888647829589146,0.005246541360828203,0.007199404761904762,0.011749323584015921,0.0
2022-10-24,1.0,1.0,0,1.9580028947338048,1.9882836202564234,2.64140828841347,2.6575584586671166,2.7052488922459936,0.006748081085291941,0.027288345742243193,0.013588974517143361,0.0
2022-10-25,1.0,2.0,0,3.104060984252292,2.640601838318942,3.0337944678822,3.019206185432155,3.052891942392154,0.013179117612410397,0.0023795180722891566,0.010423364055841185,0.0
2022-10-26,1.0,2.0,0,4.09408463784219,4.007568261206276,3.002084695616329,2.964676825358219,3.043602321961186,0.01296412854658169,0.016860350037619456,0.01288899490495836,0.0
2022-10-27,1.0,2.0,0,2.474706170629257,2.7630519350687615,2.998052220260923,3.0203979496231628,2.9538692486515568,0.011017412131320565,0.030949252173765204,0.013779542251772412,0.0
2022-10-28,1.0,4.0,0,4.438218313276848,4.01678238280797,3.2805358430403224,3.2475640054567307,3.153289938248068,0.015671480282839233,0.011832584032833913,0.012400686953621278,0.0
2022-10-29,1.0,1.0,0,4.5670217784958,5.164128506687144,4.027904604843997,3.9255747766448525,4.156732863154044,0.061274896482269185,0.009243746245546441,0.012072278973357747,0.0
2022-10-30,1.0,1.0,0,2.9808054430131654,3.527827325060009,3.2014956002556643,3.2209521315679654,3.233413515348252,0.017891820498778924,0.10627034984292692,0.015866603620857442,0.015384615384615385
2022-10-31,1.0,2.0,0,3.254727575372147,4.672728156737904,4.0233115297456585,3.9362520470719837,4.030505728059875,0.053208378107893556,0.2642605860325714,0.017860136683553254,0.03125
2022-11-01,1.0,3.0,0,3.165231048451686,2.514848934163724,3.6694443916003023,3.6093108864829433,3.841846369533148,0.04247816854968137,0.09486445891580546,0.0156534033908008,0.015384615384615385
2022-11-02,1.0,2.0,0,4.183666445565512,3.9729020306266123,3.4831555125153386,3.453804256957598,3.479520045553706,0.026108421547643455,0.0,0.004495742194797279,0.0
2022-11-03,1.0,5.0,0,2.4569369342390983,2.987869898767209,2.573860575592538,2.612833775416286,2.544260807538152,0.004744347092049689,0.043440957839273445,0.014310325381094991,0.0
2022-11-04,1.0,4.0,0,1.8486240862923893,1.9452616357169006,2.834409629348734,2.8770090554765164,2.7170101684146855,0.00691614425047997,0.0022701149425287353,0.010370506031550025,0.0
2022-11-05,1.0,2.0,0,1.4093200645883834,1.4230421225645769,2.6896199958732634,2.714165492212867,2.6440101191750798,0.005922326174405232,0.0,0.004495742194797279,0.0
2022-11-07,1.0,3.0,0,3.393999760294425,2.8204302877601917,3.22425382511225,3.209819761447481,3.2586220971694675,0.018634695852807574,0.013437409933050442,0.01257365509321716,0.0
2022-11-08,1.0,2.0,0,3.9295553750351835,5.1527956317087025,3.3700951636040917,3.3628657858635336,3.319623467134831,0.02052298087424846,0.06660778488308733,0.015021370544612077,0.015384615384615385
2022-11-09,1.0,5.0,0,4.685872359277598,5.832651023443309,3.8925147113198726,3.9015286824557203,3.860923296066138,0.04349222507504489,0.06773840969198072,0.015050470715552239,0.015384615384615385
2022-11-10,1.0,4.0,0,3.3617364751810506,2.8963439937454196,3.2602950655086027,3.311525409040182,3.319101510508247,0.020506271132527763,0.025186230143384822,0.013469334455151255,0.0
2022-11-11,1.0,1.0,0,4.866501972211624,4.381647600661407,4.187147071011195,4.0382730216557725,4.493241371618809,0.08633193372812673,0.011589490196356888,0.012372705780898687,0.0
2022-11-12,1.0,2.0,0,3.9597757223098466,4.473130456275401,3.7344740404741397,3.6903340708572543,3.923901028475076,0.0469524103031983,0.023532692457513646,0.013368990994092769,0.0
2022-11-13,1.0,1.0,0,3.2425395933011583,3.374412256479438,3.214751577311119,3.235934980455592,3.1975279133082464,0.016871210740132776,0.033225730187291615,0.013888479789522122,0.0
2022-11-16,1.0,5.0,0,3.0304460101698556,3.2593343824497047,3.2508275976158916,3.2516297819107725,3.2220987909487087,0.017565375727012465,0.04128074040048233,0.014228742039259761,0.0
2022-11-17,1.0,3.0,0,4.200650192586818,4.729223184414277,3.532798812152683,3.523198666738262,3.565255989395526,0.029501500791445263,0.0698290522922932,0.015103254576850002,0.015384615384615385
2022-11-18,1.0,6.0,0,3.1294901070891745,2.428297262945749,3.4054921221882974,3.4173406834853153,3.403850718548231,0.023347617494098926,0.10789913947232,0.015895595493811927,0.015384615384615385
2022-11-19,1.0,4.0,0,3.1253822366616313,3.1521352153389453,3.544512040312315,3.577332356397884,3.50583039307411,0.02711929784269619,0.09818597092194105,0.015717444815518063,0.015384615384615385
2022-11-20,1.0,4.0,0,3.638462574195296,2.8690397038050093,3.945830169766157,3.93717785129239,3.9207775495544723,0.04677670245554196,0.14882130926792692,0.016535679937178773,0.016666666666666666
2022-11-21,1.0,8.0,1,3.2646490890900344,2.5973808447126254,3.73575621743387,3.6964377369588277,3.8233340996510004,0.04150916311848353,0.14415670632455857,0.016469736217613426,0.016666666666666666
2022-11-22,1.0,5.0,0,3.3443279163472166,3.3121465400758052,3.58856454638896,3.5723661471786214,3.6683273544141115,0.03396696328804042,0.14931802552441498,0.01654261593976904,0.016666666666666666
2022-11-23,1.0,3.0,0,3.420085016019793,2.621833056398055,3.5804145623962382,3.57443139225465,3.5977655661784103,0.03086372244189009,0.15810310739275305,0.016662715788876976,0.016666666666666666
2022-11-24,1.0,6.0,0,3.8707923733633196,3.7844924093595886,3.623477910022685,3.592859952006266,3.647580034804055,0.0330334851887603,0.1368653201636848,0.016363554125593913,0.016666666666666666
2022-11-25,1.0,2.0,0,2.960004580276781,2.3602520849144275,3.3478218518645058,3.30753355743881,3.3956995028332106,0.023062975748572318,0.09436742729795715,0.01564367087107824,0.015384615384615385
2022-11-26,1.0,1.0,0,2.397116443009858,1.7546348164045062,2.8885539792682837,2.8562658330103563,2.9224132412916948,0.010388960437647931,0.03230626893785538,0.0138452748391798,0.0
2022-11-27,1.0,5.0,0,3.8746226578617686,4.8664110888338605,2.9733522552971214,2.971570510897181,2.9586480040729017,0.011115284052119671,0.025255410742756817,0.013473406890712582,0.0
2022-11-28,1.0,2.0,0,2.9652686811948796,3.0286326020101577,2.6072613255785275,2.630925142074153,2.565324983828703,0.004976698805161547,0.02505591063045148,0.013461636604567851,0.0
2022-11-29,1.0,1.0,0,3.416468140199924,3.709245967684098,3.2535603700054647,3.253977256210046,3.2210976808810576,0.01753669941611236,0.03502399011419105,0.01397010177485299,0.0
2022-11-30,1.0,3.0,0,3.4719526739809847,3.5764211587937167,3.419418902224267,3.4520110449029286,3.3985801502545963,0.02316328854195673,0.08618924796191077,0.015477460100693143,0.015384615384615385
2022-12-01,1.0,2.0,0,2.881293877883623,2.4753377561753993,3.485401858166943,3.4826171023541552,3.4854151302509715,0.026332605580986955,0.07401809672149201,0.01520527546097732,0.015384615384615385
2022-12-02,1.0,2.0,0,3.9258660636737606,4.539758063179433,3.48701223303255,3.4467603678782157,3.519579557909603,0.02765819241374766,0.08490427652527636,0.015450226912475563,0.015384615384615385
2022-12-03,1.0,3.0,0,3.1448819810852267,2.3478268151214516,3.2098311076165027,3.2235738420735336,3.1775003648695623,0.01632016390470636,0.10635493288839884,0.015868117477514713,0.015384615384615385
2022-12-04,1.0,2.0,0,3.9159478824826603,3.1915743499553746,3.461096412991098,3.472386581349874,3.503659868309432,0.027034894190478463,0.09414200257771449,0.01563924359404748,0.015384615384615385
2022-12-05,1.0,4.0,0,4.654246485832587,4.7020090401665735,3.6185878503261053,3.6279202506639345,3.617428149124727,0.0317081709153006,0.10735936098190614,0.015886024794451885,0.015384615384615385
2022-12-06,1.0,4.0,0,2.9737846863278383,2.7144903553691924,3.0347268082703716,3.0269491523214582,3.036728087502417,0.012806696753736014,0.0856268156601752,0.015465579924756645,0.015384615384615385
2022-12-07,1.0,1.0,0,3.5970333395704164,4.037282454401752,3.049817418760321,3.0241614362121685,3.0313686325833724,0.01268492944246547,0.044530104809000465,0.014350166526002007,0.0
2022-12-08,1.0,4.0,0,4.859430536280233,5.4269545915812,3.5328834327167105,3.450571980278365,3.644457988287122,0.03289454045665389,0.057883936301931234,0.014782095342508938,0.015384615384615385
2022-12-09,1.0,1.0,0,4.383043255400919,2.770794850407018,3.159769844373081,3.0839040249585294,3.224113226236833,0.017623180065112203,0.08269797255692979,0.015402695961719124,0.015384615384615385
2022-12-10,1.0,2.0,0,2.69122205167476,2.163077635956135,3.1081154779232154,3.1246801513128015,3.0209578110165136,0.012450818893723844,0.12075200754954048,0.016113483045244126,0.016666666666666666
2022-12-11,1.0,5.0,0,3.4311518354047346,2.7174632656453985,3.4131715668102824,3.4465725920003267,3.326236459043958,0.020735523117314764,0.1900188949719167,0.017064443121592762,0.03125
2022-12-12,1.0,2.0,0,3.6614717662653478,3.595046897345433,3.9318155485129336,3.915351220403824,3.914584812870859,0.04642960521137503,0.3753390016695291,0.018870054559774096,0.03125
2022-12-13,1.0,3.0,0,3.2296131112534217,3.1680959712571077,3.7303735119528763,3.709294489192139,3.775504010845687,0.03907362708549048,0.19133660042491932,0.017080046695432106,0.03125
2022-12-14,1.0,4.0,0,3.386286384851643,3.045628215846472,3.851889522913137,3.8191434953618932,3.9113225182007128,0.046247434080017025,0.1838807925560967,0.016990833857912675,0.016666666666666666
2022-12-15,1.0,4.0,0,3.021292381246831,2.3518361618064465,4.292951667333831,4.215649774457775,4.446022322052247,0.0825029801847905,0.20276911084946786,0.01721267723529919,0.03125
2022-12-16,1.0,5.0,0,3.095340591778552,3.0828346878938766,4.234631256501596,4.220817982227898,4.28047655215314,0.06988595555645423,0.26196073234092015,0.0178374921750781,0.03125
2022-12-17,1.0,4.0,0,3.995089981472673,5.572615635889666,4.35207028634947,4.3018432796955866,4.482187759504596,0.08542646933193981,0.12164921232758222,0.016128032261701102,0.016666666666666666
2022-12-18,1.0,4.0,0,3.25497787569331,3.0074566976073815,3.525933004420121,3.537920294810801,3.5514002770396815,0.02893367515448433,0.10515118446597196,0.015846485788026898,0.015384615384615385
2022-12-19,1.0,1.0,0,3.574301646740367,2.963536658120523,3.443255040175758,3.4429908987803235,3.4521001655888317,0.02508308748712605,0.026523649502161524,0.013546404878494567,0.0
2022-12-20,1.0,5.0,0,3.0972989910275643,2.4969510195013385,3.2434197244654,3.248879740557407,3.2216237302823494,0.017551763658616763,0.030604965980872992,0.013762472408104109,0.0
2022-12-21,1.0,6.0,0,2.0251018649777066,1.3468105879576149,2.9733266206738653,2.981444262390758,2.9415574639484525,0.010768188071915583,0.07039212301181924,0.015117251195756886,0.015384615384615385
2022-12-22,1.0,7.0,0,4.124940955629209,4.097152111213123,3.281535658359711,3.2480922635320906,3.3344573928197296,0.02100191177866813,0.06319313031419137,0.01493096508328361,0.015384615384615385
2022-12-23,1.0,3.0,0,3.228549739426117,2.8603309174468494,3.855030313028658,3.8286014760681524,3.8700007098649767,0.04398028846037896,0.15309103273453986,0.0165947816000543,0.016666666666666666
2022-12-25,1.0,4.0,0,5.296397034157771,6.491258555907539,4.28973881739972,4.142739564555028,4.369288064266577,0.07649842012117761,0.12833312959166784,0.016233997443065293,0.016666666666666666
2022-12-26,1.0,1.0,0,3.608387050103658,2.65180924408868,3.7144438252853105,3.7172806187492506,3.7227173457627827,0.036498449054700496,0.05333216560801508,0.014645192369090839,0.015384615384615385
2022-12-27,1.0,5.0,0,4.13967842929756,5.226259026972401,3.3844314507709745,3.330048309380213,3.43053468466683,0.024296648329364318,0.08952736097416417,0.015546738441147016,0.015384615384615385
2022-12-28,1.0,5.0,0,3.072129963913746,4.041891942223714,3.1985350196225775,3.217391640387186,3.0934280665598046,0.014147788247826615,0.1675090507777835,0.016786324231395686,0.016666666666666666
2022-12-29,1.0,1.0,0,3.448400988874588,2.953360773477282,3.446227491786324,3.4247508264308655,3.573828030316862,0.02985660096478869,0.07845680662692671,0.015308418809250931,0.015384615384615385
2022-12-30,1.0,4.0,0,3.4879648132073697,2.7603054305571777,3.0441872182340224,3.044601293649298,3.111637802253894,0.014599371281254209,0.08838976177542697,0.015523361093617362,0.015384615384615385
2022-12-31,1.0,4.0,0,3.5929368066388023,3.5661730464090615,3.604783364751563,3.5410974327708122,3.7697478871201304,0.03878709822580764,0.021122827771931318,0.01321119606725316,0.0
2023-01-01,1.0,6.0,0,2.852065054560059,3.034378145820978,3.1596351603540898,3.134909982627194,3.1883264158494735,0.01661640157350485,0.02995574187035269,0.013729829648397154,0.0
2023-01-03,1.0,9.0,1,3.9241485680730666,3.2012976018303747,3.632463355491124,3.6249819785711095,3.615335443610634,0.031617554659453276,0.16670113098520453,0.016775894489731085,0.016666666666666666
2023-01-04,1.0,8.0,1,3.1132870571148255,3.0437371145111127,3.4954414236738875,3.467710471510139,3.540296490463973,0.02848409042733357,0.039357237381311666,0.014152997755201957,0.0
2023-01-05,1.0,2.0,0,4.523646073327707,5.074181531726313,3.599084531467661,3.5270757055586026,3.717328309050103,0.03624213589757182,0.08472996218805828,0.015446507481227802,0.015384615384615385
2023-01-06,1.0,3.0,0,3.377988722095098,2.3729385025246814,2.881975623232968,2.856384683037638,2.8354929863295113,0.008790297405790872,0.07931464970471297,0.015327810454894666,0.015384615384615385
2023-01-07,1.0,2.0,0,3.8020774283610805,2.532594614182185,3.1600542879727724,3.099446064615497,3.1988107986365124,0.01690695831829436,0.030407771483459953,0.013752620982847361,0.0
2023-01-08,1.0,2.0,0,2.2097563464956647,2.021658706654552,2.917181481969668,2.9267649633612023,2.8808870555731163,0.009600438463167119,0.013945495427008896,0.012624631730376338,0.0
2023-01-09,1.0,5.0,0,4.0912648230952176,3.600196134443793,3.2630605782401045,3.2318523241582606,3.2068661554859728,0.017132665477976348,0.09475564154473572,0.015651276008390308,0.015384615384615385
2023-01-10,1.0,6.0,0,4.116363076668911,3.8370976335302838,3.3860565953752575,3.4000051113941696,3.278097676003015,0.019223504876493082,0.1126193194805556,0.015977776789234784,0.016666666666666666
2023-01-11,1.0,4.0,0,2.7957690822823644,2.3291284036638333,3.401431167104931,3.4329709805645954,3.338285658752195,0.021126784113942382,0.2339160216402744,0.01755257596665616,0.03125
2023-01-12,1.0,3.0,0,3.4487239635598312,3.2360076676875686,3.7181763234352827,3.6979132052822665,3.7395330955690564,0.0373060588929009,0.16816003858744935,0.016794703496435102,0.016666666666666666
2023-01-13,1.0,5.0,0,3.8948211073874845,3.2269901658187936,3.6540283918352383,3.635281484517695,3.668577895534812,0.033978343732894795,0.15295617204471884,0.01659293254625932,0.016666666666666666
2023-01-14,1.0,3.0,0,3.112639860651919,2.743677619745819,3.639822634546439,3.636539267826587,3.6460313521614873,0.03296451231010646,0.1307760532488761,0.016271715854820543,0.016666666666666666
2023-01-15,1.0,5.0,0,3.7923213911668685,3.410512319766215,3.531377502405705,3.502926673833248,3.621877998541394,0.03190144221306675,0.0966415165187491,0.01568787916471853,0.015384615384615385
2023-01-16,1.0,8.0,1,4.319500532549856,3.484592667692138,3.480665327399232,3.4946802030397235,3.5490280880251897,0.02883721940474775,0.07803055591439545,0.015298720201089208,0.015384615384615385
2023-01-17,1.0,6.0,0,3.598787728652915,2.751247934808149,3.3911670186034266,3.3662314052937976,3.4319832508856862,0.024348926818830434,0.07699459074311116,0.015274970417867413,0.015384615384615385
2023-01-18,1.0,6.0,0,2.469434410994152,2.158788895476139,3.038374922723769,3.02410507169533,3.07551486465727,0.013713551340692956,0.029818292925004163,0.013722840843691908,0.0
2023-01-19,1.0,9.0,1,3.4647442112699376,3.246857324684832,2.9564343538276505,2.961593154184578,2.981794468070515,0.011598430102860732,0.050803210833519505,0.01456487640697777,0.015384615384615385
2023-01-20,1.0,2.0,0,2.456091988593475,2.129809645568456,3.1452472345054807,3.1313932912788607,3.060082013819683,0.013347295000043708,0.03313163682075543,0.01388410576870464,0.0
2023-01-21,1.0,5.0,0,3.268369264087773,2.95650604215964,3.3654281805017687,3.3642188848814896,3.3818410726844714,0.02258464457008109,0.14694476703245385,0.01650932878639335,0.016666666666666666
2023-01-22,1.0,2.0,0,3.0933962397525483,2.6008657709479204,3.8021161595432456,3.753169800732103,3.9131293547135764,0.04634827264429294,0.04212746634518786,0.014261140311678808,0.0
2023-01-23,1.0,6.0,0,3.228217149302655,3.7559600532015835,3.61157183378767,3.614621063746819,3.657896886042733,0.03349546338813605,0.10018815719786256,0.015755241770413108,0.015384615384615385
2023-01-24,1.0,4.0,0,3.224411944796944,2.2109499011712224,3.2573798604031863,3.249518722252893,3.257083016611224,0.018588720053989132,0.1659315512213791,0.016765927980809753,0.016666666666666666
2023-01-25,1.0,1.0,0,3.496207817955357,3.574494495489079,3.765123431823277,3.7868415441090573,3.736259513300016,0.037147908417652045,0.12461773457085763,0.01617561090801268,0.016666666666666666
2023-01-26,1.0,2.0,0,3.433462532340701,3.4427636666364294,3.725601187326001,3.7089159670743714,3.754841054396278,0.03805159093098206,0.11774384669503085,0.016064107762820617,0.016666666666666666
2023-01-27,1.0,2.0,0,3.535719643015055,3.0490346548506855,3.495688294116021,3.502377600303982,3.444237024776155,0.024794311792173368,0.19135393225574052,0.01708025147516055,0.03125
2023-01-28,1.0,3.0,0,4.135089096743463,5.582788064054245,4.048421916786629,3.9545580304319405,4.177284200699878,0.06265660247412484,0.15562308720122192,0.016629290333143188,0.016666666666666666
2023-01-29,1.0,3.0,0,3.996024018382205,2.8254414855239394,3.9454234299396753,3.9000979593127774,4.035923025715572,0.053539814232405177,0.16594571908432867,0.016766111744328707,0.016666666666666666
2023-01-30,1.0,3.0,0,3.557351288498072,2.905733053879437,4.254996949966473,4.189346380535146,4.376340177881373,0.0770389921927589,0.15784391260016103,0.01665923935720145,0.016666666666666666
2023-01-31,1.0,5.0,0,3.3956849249215892,2.9718289161180333,3.8552182182877655,3.827592126618932,3.9448592316668027,0.048142508484303306,0.09627067823466756,0.015680725652454593,0.015384615384615385
2023-02-01,1.0,3.0,0,3.2842602810897796,3.7909384754405195,3.6206056813220333,3.573672347250757,3.6713937415393496,0.034106426802974855,0.10185800980560154,0.015786321757664847,0.015384615384615385
2023-02-02,1.0,9.0,1,4.935810925681008,3.2627507048568565,4.259999485731541,4.149730514928658,4.4057109208427985,0.07931490667892759,0.1847516307841438,0.017001372168162783,0.016666666666666666
2023-02-03,1.0,16.0,1,4.50174283964733,3.7401196425287386,5.369793973637511,4.779359831934074,7.026782739297014,0.40526742208351674,0.07385995520685147,0.015201509867719808,0.015384615384615385
2023-02-04,1.0,13.0,1,3.8652580052999137,3.0843679950669274,3.385028886148309,3.332875386537945,3.416505799207722,0.023794402564530016,0.0837886767029496,0.015426317368535884,0.015384615384615385
2023-02-05,1.0,6.0,0,3.4252973778649585,3.297158264095327,3.025181930219031,2.991539229856898,3.0795812567859566,0.013811262243624983,0.02585508267151031,0.013508308857179876,0.0
2023-02-06,1.0,9.0,1,3.570478963075877,3.460517849290139,3.344531079004649,3.3143556958034393,3.3777974330596328,0.022446401322445308,0.053369109947734354,0.014646341944033752,0.015384615384615385
2023-02-07,1.0,9.0,1,3.7136317601364905,3.9704146291054117,3.75046821428122,3.669587622514875,3.861857749666491,0.04354230235944512,0.16671004857990732,0.01677600979585781,0.016666666666666666
2023-02-08,1.0,5.0,0,3.3582177916001634,3.872896569686056,3.5929897648583005,3.5841860694848724,3.56366658000186,0.02943597916327502,0.13050660292872648,0.016267580934823625,0.016666666666666666
2023-02-09,1.0,9.0,1,3.211025607763713,3.3249204969880597,3.6254357202529106,3.6055983137563032,3.6053290788312373,0.031186710726522366,0.14832916349771078,0.016528791721795305,0.016666666666666666
2023-02-10,1.0,4.0,0,3.5734722998920185,3.9884734498756025,3.768144966056407,3.7632255081118227,3.7352476501917775,0.03709911526042215,0.17771549300234304,0.01691528300647422,0.016666666666666666
2023-02-11,1.0,4.0,0,4.320142362885442,5.1058029177491715,3.786604086858156,3.74194182217789,3.8570033656735903,0.043282569281685425,0.14105167180095263,0.01642499838713549,0.016666666666666666
2023-02-12,1.0,3.0,0,4.193448475311595,2.791667799843325,3.7455570602868735,3.7086366780145217,3.7314495992794527,0.03691635252895514,0.15105527329783644,0.016566748067862788,0.016666666666666666
2023-02-13,1.0,2.0,0,3.306197547147901,3.8503554658623718,3.34841571625256,3.345285817240033,3.3522139068725543,0.02158553191059033,0.1393607461929167,0.016400339517455932,0.016666666666666666
2023-02-14,1.0,5.0,0,3.609719166838915,3.0832537215186124,3.6965654183633645,3.692468884096961,3.6453554404801753,0.03293444026818686,0.19353505729967743,0.01710592899081554,0.03125
2023-02-15,1.0,3.0,0,4.272236859127137,4.0492750316822885,4.366519251117994,4.328400901480899,4.403342362127362,0.07912990268808998,0.15286326298664876,0.016591658025331017,0.016666666666666666
2023-02-16,1.0,7.0,0,3.210196439345805,3.6869575446107627,3.716877114607992,3.726871575470049,3.651205204163023,0.03319532053019329,0.23090686244701206,0.017520928210302496,0.03125
2023-02-17,1.0,6.0,0,3.2198984305849203,2.1111975896489956,3.6843423543432987,3.708181226391453,3.665724032044228,0.03384886409449849,0.10138331160237342,0.015777526644707312,0.015384615384615385
2023-02-18,1.0,3.0,0,2.9660468004608034,2.3435042779198785,3.156632687584228,3.2107836717640583,3.1339628453017316,0.01516716849529545,0.08943398867376594,0.015544828493658248,0.015384615384615385
2023-02-19,1.0,5.0,0,2.5754226541542473,2.1855858697958523,3.308095652101043,3.2453361688386786,3.442959351128731,0.02474760902092651,0.02997243149780488,0.013730676379788755,0.0
2023-02-20,1.0,8.0,1,4.028829306223723,4.347722390892773,3.389400108378268,3.381068977875284,3.4013123743812756,0.023258715366260018,0.10032852610501201,0.015757869677889027,0.015384615384615385
2023-02-21,1.0,6.0,0,3.8880150489525054,3.488034165201313,3.2423088568360336,3.276948189026244,3.1882596329370685,0.016614562393737608,0.12193872685385541,0.01613271008556636,0.016666666666666666
2023-02-22,1.0,7.0,0,3.5695626854981986,3.5975214616798463,3.4401003718124104,3.3946249979183554,3.511502667662387,0.027340732448732884,0.06557938523522316,0.014994549522591225,0.015384615384615385
2023-02-23,1.0,12.0,1,3.124076805919264,3.3132315645119763,3.3591441350820888,3.314375003189108,3.445429521886159,0.024837956563511378,0.14583238060151887,0.01649359621131895,0.016666666666666666
2023-02-24,1.0,6.0,0,4.14219142208465,6.161120904337794,3.9522973494280316,3.8596300596408337,4.055690687514929,0.05476039647385002,0.2226438631624908,0.017432804390119298,0.03125
2023-02-25,1.0,4.0,0,4.009809109972266,4.1630119200497555,3.4974143859599756,3.4838094679974025,3.494462449810714,0.026679259228221352,0.18428883165683246,0.01699577567749186,0.016666666666666666
2023-02-26,1.0,3.0,0,3.609775501033028,2.367312682101305,3.52588362607317,3.516690112141136,3.479194795642832,0.026096091351831753,0.14572282332624298,0.016492042159377086,0.016666666666666666
2023-02-27,1.0,5.0,0,4.049307078150095,5.032465035199924,3.8843506938180288,3.8009611059257873,4.009054431041676,0.051908872896211496,0.14758872011601987,0.016518397954847396,0.016666666666666666
2023-02-28,1.0,4.0,0,3.147107150307715,2.9341827869219568,3.62316226902543,3.552030229366439,3.734313227237706,0.03705409454024589,0.20277582171452682,0.017212753708587682,0.03125
2023-03-01,1.0,1.0,0,3.9275501320497646,4.81992241944049,4.116954385018769,4.080647322516325,4.106363741599938,0.05796967506611584,0.3424337577012347,0.018583726778649525,0.03125
2023-03-02,1.0,5.0,0,3.9856196160826536,3.9434094853578614,5.018137566040081,4.907038117840767,5.240040723124097,0.159957563911246,0.2512139046755317,0.017730312923583617,0.03125
2023-03-03,1.0,6.0,0,4.730376160418919,4.303505109846475,4.566031983402404,4.443993142590731,4.757354454373099,0.10961235010170071,0.14725276377013832,0.016513669967378058,0.016666666666666666
2023-03-04,1.0,3.0,0,3.7251882466145805,3.727713652532835,3.792444156684601,3.6939118027952187,3.957355610090885,0.04886133815393387,0.1438795124625949,0.016465770346374368,0.016666666666666666
2023-03-05,1.0,1.0,0,3.388048939430063,3.426599756610446,3.7605978148900614,3.7311907346222384,3.8119819336334855,0.04092224226041721,0.2092989544489695,0.017286369963055832,0.03125
2023-03-06,1.0,3.0,0,3.957196642713181,1.8545425722418698,3.434763260016277,3.3764945715803023,3.503282585110807,0.02702024162766654,0.08099224229239348,0.01536525344924574,0.015384615384615385
2023-03-07,1.0,4.0,0,3.5154796639537027,2.617778814797324,2.994572807094959,2.9536569148061114,2.942465891710033,0.010786433530268529,0.06695795977760298,0.015030426139783986,0.015384615384615385
2023-03-08,1.0,4.0,0,4.366862296716844,4.553044827071073,3.3491627740439993,3.301895609791119,3.382886583358413,0.02262048550335669,0.0699956262547515,0.015107404721151435,0.015384615384615385
2023-03-09,1.0,1.0,0,3.0943144221596715,2.622477448984429,2.7354551660301687,2.7707839135124717,2.6859031871516907,0.006478371230719587,0.08078233334005719,0.015360602453669105,0.015384615384615385
2023-03-11,1.0,1.0,0,4.35761864063931,4.626116189246611,3.4119844682090763,3.383003296588835,3.3889930547154417,0.022830619441582843,0.0229311193537851,0.013330963929923131,0.0
2023-03-12,1.0,4.0,0,2.620214209034218,2.4258909369856934,2.781560795449437,2.822093653224199,2.777891761359855,0.007837076051002981,0.09182780897834089,0.015593308112206824,0.015384615384615385
2023-03-13,1.0,4.0,0,2.7395694010383913,2.9968104950837704,3.088452486553569,3.0967713519023037,3.0522894711437094,0.013165096268080104,0.053041877778785176,0.014636136523738788,0.015384615384615385
2023-03-14,1.0,2.0,0,2.3590491567407943,2.101156298826062,3.015964200217686,3.0255525659968607,3.0263809368689505,0.01257237157517922,0.09470097331679474,0.01565020652502539,0.015384615384615385
2023-03-15,1.0,5.0,0,3.0627616441394547,2.9555983288394687,3.0210630636323796,2.9902257262721723,3.0030904061491865,0.01205643030724451,0.05101499010790622,0.014571728604959235,0.015384615384615385
2023-03-16,1.0,6.0,0,2.1781696282724043,1.6150593927794303,2.7842691012319474,2.7384270469776886,2.7587826887909346,0.007538665524011514,0.063664460618782,0.014943678145026045,0.015384615384615385
2023-03-17,1.0,2.0,0,2.1969030153231857,1.9028326781593168,2.6360353473216516,2.613446821721448,2.641449436356554,0.005889554675389529,0.05263857720797012,0.014623486403708435,0.015384615384615385
2023-03-18,1.0,2.0,0,2.532256147362542,2.303787977766569,2.950792572843743,2.924106691049929,2.976866933247236,0.011494305319586643,0.03497420528314585,0.013967890809552996,0.0
2023-03-19,1.0,2.0,0,2.7082759418858493,2.239451062057492,3.3597172966085798,3.3088423701340535,3.3866866768793478,0.02275109257960434,0.04256424648473568,0.014277638040101997,0.0
2023-03-20,1.0,1.0,0,2.1190923116213747,2.253936778657194,2.8606149806973846,2.8844793004285547,2.854504644267888,0.009123132231747535,0.08260055367347499,0.015400574142661516,0.015384615384615385
2023-03-21,1.0,1.0,0,2.4189975093998415,2.0646140171983984,3.0357208323664557,3.021180477539737,2.9985090753514183,0.01195680038569314,0.03464399109519716,0.01395315742646946,0.0
2023-03-22,1.0,2.0,0,2.4533392303948416,2.0872364190386152,3.1202785605642496,3.0926733726790414,3.146035342260333,0.015480783564693294,0.041452678295054765,0.014235366104569287,0.0
2023-03-23,1.0,5.0,0,3.0491780766797905,2.831582772765383,3.2879782187126967,3.2528840103920924,3.3128068791800787,0.020305515543560103,0.06528187349090685,0.014986726289876068,0.015384615384615385
2023-03-25,1.0,5.0,0,2.6125090336583856,2.202631826922046,2.956929131053011,2.9677801321540485,2.974253230239512,0.01143935460768388,0.10510841866094603,0.015845713801384814,0.015384615384615385
2023-03-26,1.0,3.0,0,3.831056060840269,3.4711944756458455,3.5940126662689877,3.532177118337055,3.730675697016368,0.03687918647808204,0.07987551121674193,0.015340398347761047,0.015384615384615385
2023-03-27,1.0,1.0,0,3.1136491462372224,2.614611855390718,3.3065700571902137,3.296675207631284,3.286423676792725,0.019479224282387762,0.031807270218620405,0.013821384141825216,0.0
2023-03-28,1.0,3.0,0,3.997992562195694,3.2073662510476653,3.799771778601107,3.737365493317777,3.7711354855534043,0.03885604159587256,0.05427898884994497,0.01467444737138086,0.015384615384615385
2023-03-29,1.0,3.0,0,3.0580286193004116,1.9981053570967406,3.1369230087510296,3.162349653072142,3.0554228672144,0.013238139071339427,0.06397846937745619,0.01495210508464169,0.015384615384615385
2023-03-30,1.0,5.0,0,3.223562218722587,2.885811800194643,3.0504069965231593,3.0521634123338433,3.0622515794114045,0.013398347681647218,0.12643711905965702,0.016204359562970054,0.016666666666666666
2023-03-31,1.0,2.0,0,2.803288730622239,2.943853901848074,2.9740044039446873,3.005447115515274,3.0017685503880847,0.012027621692076369,0.08837813434312952,0.01552312093402303,0.015384615384615385
2023-04-01,1.0,5.0,0,3.6646671969370717,3.4963898189613882,3.698603749107578,3.6010293831585085,3.825491469061056,0.04162132815165793,0.08219581511862042,0.015391737426650865,0.015384615384615385
2023-04-02,1.0,6.0,0,3.660224877586125,3.3876836557497696,3.221092354220412,3.21646596878568,3.305085156455265,0.020061154039763326,0.09050893887757612,0.015566722719007027,0.015384615384615385
2023-04-03,1.0,4.0,0,2.7067348231900454,2.3641580370866278,3.2368606080140836,3.216399777778408,3.2589583139953415,0.018644750196239575,0.09511713948807024,0.015658335984137257,0.015384615384615385
2023-04-04,1.0,4.0,0,2.924504574937563,1.8921641614591,3.296347832832014,3.2837743126721315,3.3620808032538894,0.021914737605779507,0.06963425906022554,0.015098391155412309,0.015384615384615385
2023-04-05,1.0,3.0,0,3.7548954710824676,3.466751203731466,3.0730467316437164,3.088512814833752,3.1220002438641377,0.014860969498373792,0.06468380889358276,0.014970911282602327,0.015384615384615385
2023-04-06,1.0,1.0,0,3.6602516720059364,3.4539585701057915,3.2868135074484814,3.2535243810743832,3.2519716910346923,0.018436614229756256,0.04062950586004554,0.014203438897842134,0.0
2023-04-07,1.0,3.0,0,2.6026050389775017,2.1142096506823522,3.161248431310416,3.1441477426301154,3.3231206785955965,0.02063518836883846,0.06289083393175128,0.01492277035609791,0.015384615384615385
2023-04-08,1.0,3.0,0,2.4645083816150453,2.3975891315649407,3.4538802896877097,3.3998169870406616,3.5716070154116153,0.029764314532556773,0.02755734917994531,0.013603704928023378,0.0
2023-04-09,1.0,1.0,0,2.3717378554136985,1.9400406383607063,3.3740373706861697,3.310084766044793,3.477469395143872,0.026030749215212094,0.025856203422750114,0.013508373428492782,0.0
2023-04-10,1.0,1.0,0,2.3255476753636914,2.5490582855418555,2.695775488044938,2.688010593463067,2.7089930533399684,0.006801245106401368,0.028632662136853036,0.013661376527077313,0.0
2023-04-11,1.0,2.0,0,2.471721957502609,1.5038598250977844,2.665568561239612,2.6505696047367295,2.607554158218374,0.00546861608180192,0.02409192279198177,0.013403592595903747,0.0
2023-04-13,1.0,3.0,0,2.2769764076443644,1.6749581342435058,2.7273063344457795,2.7407913320191604,2.6606232304197075,0.006138314338914557,0.027397038800767583,0.013594941481895002,0.0
2023-04-14,1.0,3.0,0,3.0168185664795546,1.711371622824352,2.9689287605555585,2.927161823819437,2.9951603370996516,0.01188435892485908,0.02032700139543396,0.013155637563137788,0.0
2023-04-15,1.0,3.0,0,3.3045022961593435,3.6874892791416216,3.3373742424633175,3.273607346596849,3.412639916771812,0.02365728852433944,0.004717577876668785,0.011223667583748185,0.0
2023-04-16,1.0,3.0,0,2.9844607973992794,2.3549583526595805,3.3591494609562824,3.32026452351397,3.369938387660169,0.022179422791610268,0.04290923218411455,0.014290567753275196,0.0
2023-04-17,1.0,4.0,0,3.1001917737080005,3.3350062920542127,3.0540185572748455,3.060611711581376,3.092398318487311,0.014122558647488874,0.09668666107488853,0.01568874855239929,0.015384615384615385
2023-04-18,1.0,2.0,0,2.7498674063102215,2.028727382325998,2.826927528937897,2.8170721268340673,2.7948220179191674,0.008108787317367661,0.12363790237534357,0.01615999995144208,0.016666666666666666
2023-04-19,1.0,1.0,0,3.352067267265973,2.9505544496187195,3.8524373972618875,3.7425971307580577,4.076640945001664,0.056073189391274446,0.08108778869892802,0.015367367309114597,0.015384615384615385
2023-04-20,1.0,3.0,0,3.7827097351427903,3.052250217526684,3.9225788724508,3.8192456793938176,4.013827734869229,0.05219625551342561,0.02622700603184204,0.013529605299253726,0.0
2023-04-21,1.0,4.0,0,3.6952502318133473,2.7382622439873825,2.9840081435013337,2.912893474330892,3.008589726961332,0.012176826632975441,0.037386637828381676,0.014072066909728445,0.0
2023-04-22,1.0,1.0,0,2.972362036466019,2.79988241511949,3.236608338815496,3.190479474017477,3.2772736209453006,0.01919832605984738,0.017503733349327057,0.012941894037311589,0.0
2023-04-23,1.0,3.0,0,3.4084351972478757,3.594961255108839,3.1432625517724753,3.13091519657646,3.1938769811669334,0.016769774869911113,0.014056962459462396,0.012635596686857755,0.0
2023-04-24,1.0,1.0,0,1.7867019037213665,2.006506483669417,2.921081964658292,2.885414061686718,2.915404584994836,0.010252627838977601,0.018409926964648222,0.01301358920372236,0.0
2023-04-25,1.0,2.0,0,1.6775888852521432,1.7273881365118184,3.0082258303460425,2.9744310140130277,3.068110250386736,0.013536921211193962,0.02090527524950005,0.013196191682244535,0.0
2023-04-26,1.0,4.0,0,3.44906548883218,2.612502760529626,3.124582751460617,3.0641539985078583,3.2999506358320763,0.019899827118354828,0.02348205106004206,0.013365822528211817,0.0
2023-04-27,1.0,2.0,0,3.548609270923572,3.036382621319235,3.25685170113644,3.2360378015595703,3.247875440769824,0.01831535891041932,0.011865397814839296,0.012404425102923668,0.0
2023-04-28,1.0,13.0,1,4.661649022077676,4.435879689255274,5.220906871901619,5.138389763778402,5.472169618410407,0.18742541721721848,0.10528695910780422,0.01584893513314851,0.015384615384615385
2023-04-29,1.0,5.0,0,4.721000614551156,4.558879281991827,3.1271937288435026,3.314754557159649,2.8840672856609944,0.009659202916848568,0.08930631032285753,0.01554221427136099,0.015384615384615385
2023-04-30,1.0,6.0,0,2.6740930028035947,1.4503517913826236,3.115655489824037,3.1543148156159666,3.0334891642390986,0.01273300639557647,0.045714506314439525,0.014392570687272366,0.0
2023-05-03,1.0,4.0,0,2.169471162334665,1.1678085218884366,2.877075935487999,2.878054306176557,2.868512918532057,0.00937431292741497,0.016695998818199446,0.01287519902854653,0.0
2023-05-04,1.0,4.0,0,1.8304266190739877,1.4305702177047503,2.7247828887202874,2.7450947342102157,2.6674402006828903,0.0062286493280546,0.004564232589587559,0.011183617213910795,0.0
2023-05-05,1.0,5.0,0,3.0882449910027816,1.802053848446817,3.2959182541445866,3.183198169320549,3.463878361737584,0.02552001797059888,0.032013373930010955,0.013831290514015143,0.0
2023-05-06,1.0,1.0,0,3.002576508940515,2.5530075017702565,2.7402210142416688,2.760506952335994,2.6914713141838904,0.006555148845630202,0.011904300185964911,0.012408845090116473,0.0
2023-05-07,1.0,1.0,0,1.9789209881621612,1.8202006308578986,2.459583093195003,2.468984525031009,2.43831139603711,0.003698971907002359,0.014466246767467954,0.012675213769028495,0.0
2023-05-08,1.0,3.0,0,2.0006198766989725,1.6698982758277314,2.75929654507236,2.7549691084442536,2.8015740574863117,0.008219094810308667,0.012151652897132936,0.012436654824040352,0.0
2023-05-09,1.0,2.0,0,1.6246819112472202,1.5369497539034596,2.6737495963255893,2.660579022798363,2.7927269405201867,0.008074786682465921,0.007171545018767242,0.011744386648272785,0.0
2023-05-10,1.0,2.0,0,2.0019550482261668,1.8169843108368422,2.9324411680582423,2.9250636065316207,2.9625514206294956,0.011195702822821637,0.0,0.004495742194797279,0.0
2023-05-11,1.0,1.0,0,2.522583997700607,1.6877551716015158,2.9952909657350997,2.933727140728696,3.0680877431930007,0.013536386864196231,0.011088649049339632,0.012313387805680339,0.0
2023-05-12,1.0,1.0,0,2.7396166350107687,1.9798469938281398,3.0210237822385153,2.969239482196453,3.063272839612327,0.013422428487441395,0.06938858061499692,0.015092241506842885,0.015384615384615385
2023-05-13,1.0,2.0,0,4.3134572235992055,3.3357786049882696,2.9323317118907455,2.9694642436137846,2.8828034674079226,0.009635818125819397,0.01565501126167666,0.012784948343856609,0.0
2023-05-14,1.0,1.0,0,4.00795493241563,3.3945226144922365,3.339914940382203,3.342538200230357,3.2014776893386325,0.016981445301628775,0.05348677325277089,0.014649998796234664,0.015384615384615385
2023-05-15,1.0,5.0,0,3.9546016653036675,2.444480904891765,2.6637710783780344,2.772647125999097,2.493316396029023,0.004216725136177261,0.041427229641694735,0.014234387139937889,0.0
2023-05-16,1.0,4.0,0,2.784980179106739,2.0196252892978452,2.465398917066427,2.5326715304372547,2.2669661657853855,0.0023947320469954406,0.04517847581282192,0.01437349562878916,0.0
2023-05-17,1.0,3.0,0,2.6932731074973892,2.7667908463348527,2.431977571972426,2.4864719679580407,2.2559874955814747,0.0023255096130865897,0.01930786539448308,0.013081653525968791,0.0
2023-05-18,1.0,3.0,0,1.7371786366823017,1.7058434683856465,2.3452562020572323,2.384342057519879,2.3390093958138984,0.0028898974589683575,0.009646507783441245,0.012128325508214896,0.0
2023-05-19,1.0,5.0,0,1.8895554208730205,1.3876208671110544,2.656143368525675,2.669424390161852,2.6178955182162267,0.0055945330972114364,0.004741263009122446,0.011229750200059124,0.0
2023-05-20,1.0,5.0,0,2.8001426782288528,1.7265169960921025,2.9656631605324617,3.029237268394774,2.8711933399947145,0.009422955507463342,0.049257790846186145,0.014514137990350784,0.015384615384615385
2023-05-21,1.0,7.0,0,4.695849444340291,3.5293141054840076,3.6703704552184915,3.700423839593907,3.5798291433857905,0.03010693734937945,0.027697254896480786,0.013611317075332795,0.0
2023-05-22,1.0,4.0,0,4.018293720194246,3.26627400356674,3.776361624461907,3.833216970209849,3.566472862700665,0.029551732691200698,0.11138841114389202,0.015956601121589167,0.015384615384615385
2023-05-23,1.0,2.0,0,4.9103606470784396,4.782621611727648,3.379556475748594,3.391518895946888,3.208040784820985,0.01716575780744497,0.10101854893975334,0.015770746832521384,0.015384615384615385
2023-05-24,1.0,1.0,0,4.2396609048754375,4.347489110390146,3.2915137595523167,3.2988305480828823,3.074487227020566,0.01368893824751742,0.09405479349033047,0.015637528615360975,0.015384615384615385
2023-05-25,1.0,6.0,0,2.905607512770118,2.306574147110206,2.871308499572334,2.869677919884731,2.914567057012433,0.0102364252641212,0.12072009455827298,0.01611296406305726,0.016666666666666666
2023-05-26,1.0,2.0,0,2.8357960946044214,2.386887826005692,2.3146012854118636,2.3570299508197707,2.223687787686865,0.0021309057047497783,0.18010798593102487,0.0169448007607976,0.016666666666666666
2023-05-27,1.0,7.0,0,2.666179500543587,2.6606846082065982,2.4696345571648735,2.528950636181637,2.390492186288545,0.0032900368917894805,0.28529850842361915,0.018062994846865327,0.03125
2023-05-28,1.0,1.0,0,2.6617720075297515,2.6012188180059366,2.03094263118593,2.0940561905398285,2.0292103154671635,0.0012130399864924443,0.35302307357052987,0.018676684943946933,0.03125
2023-05-29,1.0,2.0,0,2.2790990565340095,1.6284343742802578,2.7574347506168335,2.737515755433657,2.832376830310483,0.008736619499560635,0.03616923621602734,0.014020236414649662,0.0
2023-05-30,1.0,6.0,0,1.4508380538331553,1.2627673717769774,2.505909730430303,2.5077094321973816,2.440624096705516,0.0037196993511412597,0.026756054000538182,0.013559453432361939,0.0
2023-05-31,1.0,3.0,0,2.5668399008857725,2.3284781252570874,2.672866349122506,2.6778127732605848,2.5634376055911647,0.004955532053333035,0.06350896711428028,0.014939492611901703,0.015384615384615385
2023-06-01,1.0,4.0,0,3.787727441388148,3.881032833787212,3.9277710430031987,3.8574173743952156,3.9073568360779327,0.04602661382329814,0.05478579018212363,0.014689932694370977,0.015384615384615385
2023-06-02,1.0,3.0,0,4.896566634377596,4.841779880886375,3.104948090148981,3.13224755778928,2.933860982487444,0.010614520101636982,0.045893546426271435,0.014398900045377286,0.0
2023-06-03,1.0,2.0,0,3.6756054817476485,4.062317155560293,2.870157068830053,2.9148719941869197,2.8867353536709626,0.009708709307651789,0.05177946395122784,0.01459626754900087,0.015384615384615385
2023-06-04,1.0,3.0,0,2.914562769948612,3.605535590457945,3.1806242066857564,3.2017763799724417,3.1771095056360914,0.016309540324029332,0.0715666946177559,0.0151461586932588,0.015384615384615385
2023-06-05,1.0,3.0,0,1.6321937709957193,1.6808776546871664,2.5986984407221074,2.6392308728129814,2.533593646795467,0.00462989718193452,0.0211792453457031,0.013215065167813188,0.0
2023-06-06,1.0,4.0,0,3.8027295889741244,2.681015780295202,2.452288335984612,2.4799647174140733,2.3260127039706107,0.0027951454968261286,0.006750866122438852,0.011667696489681826,0.0
2023-06-07,1.0,1.0,0,1.984500454638272,2.099449734016821,2.7582761176969433,2.8032132405813166,2.6803519506480065,0.0064025055517962365,0.0325424036693106,0.013856470223652304,0.0
2023-06-08,1.0,3.0,0,5.550501725573463,6.647000610241343,5.26754909350427,5.078940177943381,5.187561857021233,0.15402465165215792,0.05168551738026495,0.014593268300450863,0.015384615384615385
2023-06-09,1.0,2.0,0,2.372321644352761,1.886352993559309,2.801618119373611,2.8635683908855114,2.669857290258813,0.006260920012379263,0.11947383608819648,0.016092616653030776,0.016666666666666666
2023-06-10,1.0,3.0,0,2.136891368013781,2.095110350389061,2.4269385762617457,2.436624279669577,2.387062159697173,0.0032621125593775384,0.07779840970670382,0.015293420252625195,0.015384615384615385
2023-06-11,1.0,2.0,0,2.5450714013606306,2.183674133856906,2.232478448375483,2.274664784159585,2.1030500388129063,0.001514270461927919,0.20916232417271316,0.017284842406183658,0.03125
2023-06-12,1.0,3.0,0,2.5484049288947053,2.5766866375698245,2.8805678521574944,2.872495890248295,2.8787414098444892,0.009560941418935764,0.1276661769620573,0.016223608662091438,0.016666666666666666
2023-06-13,1.0,3.0,0,2.544891104099155,2.324074375049123,2.3781735698886117,2.4457810380722207,2.3312070800297477,0.002832720026270731,0.22772093777999142,0.017487167166860756,0.03125
2023-06-14,1.0,3.0,0,2.2134578873742576,2.5423210940147793,2.5030544241310855,2.517940486819594,2.489479970328881,0.004178902179345106,0.0986717747481309,0.01572667010395759,0.015384615384615385
2023-06-15,1.0,4.0,0,1.740980397539082,2.156108529549282,2.556424966930873,2.567421942688493,2.4784840878583974,0.004071939460545587,0.09953524705984243,0.015742980878515393,0.015384615384615385
2023-06-16,1.0,7.0,0,2.552266843132575,2.5762481284854113,2.6535873923037228,2.6771987990479746,2.6654218262786884,0.0062017985939316405,0.12179036055081494,0.01613031389043116,0.016666666666666666
2023-06-17,2.0,3.0,0,3.0261091761662953,2.8343614706918454,2.9711703802360137,2.8817479197227382,3.2792806155494283,0.021025349757962462,0.11486696707603229,0.04330706464319757,0.03825136612021858
2023-06-18,2.0,1.0,0,3.6735858457007593,3.025214898320958,3.2851681039147884,3.247203539263461,3.3674826676851897,0.024043387451964802,0.15532648988914727,0.04791624905066719,0.038461538461538464
2023-06-19,2.0,4.0,0,2.952763837913796,3.904147661797159,3.011195435486026,3.0222602995250023,2.9919227339111174,0.01304184100417832,0.02607611208654514,0.027250966330502523,0.0196078431372549
2023-06-20,2.0,2.0,0,3.4107383505605107,4.191402330839047,3.499288529652281,3.448734813452706,3.533155133843572,0.030499284571809896,0.06200412264602516,0.035562214169957494,0.03825136612021858
2023-06-21,2.0,2.0,0,3.886750760046781,4.353402957975592,3.8558139385950483,3.8340767054225546,3.847725304076532,0.04578805974022722,0.041946063295991445,0.03150748671684978,0.0196078431372549
2023-06-22,2.0,2.0,0,4.932482138921921,5.536064715550681,5.320172165189101,5.046661665584061,5.605825348703782,0.20855478146141307,0.09548688998441536,0.04077984554058437,0.03825136612021858
2023-06-23,2.0,2.0,0,4.494486143770823,5.894458994093666,4.84041777716579,4.725185915139178,5.061418767809743,0.1449883307878715,0.16885972684977166,0.04931806606409732,0.08108108108108109
2023-06-24,2.0,3.0,0,4.011211210447166,3.1562053834904726,3.77600846726278,3.88858914797881,3.5869918191525882,0.032827617566673684,0.08844648954450143,0.03978847838737252,0.03825136612021858
2023-06-25,2.0,1.0,0,2.5884191658914357,2.686416675823415,4.134689830517366,4.0936604048179746,4.035607181703912,0.05692734641969726,0.1224592424414286,0.04423108297073938,0.03825136612021858
2023-06-26,2.0,3.0,0,2.9899480383793238,4.292700828166136,2.3301808235634516,2.542563336700273,2.1876385341722826,0.002204955138163001,0.060989709902748775,0.03537938690437996,0.03825136612021858
2023-06-27,2.0,4.0,0,2.1475476667619087,3.908560538822851,2.6125703357042322,2.6840912656536755,2.4808511115313134,0.0046183262476322045,0.07415034220420727,0.03761870338572316,0.03825136612021858
2023-06-28,2.0,6.0,0,2.927185824901888,2.5660679764777594,3.119470451395368,3.16547251393895,3.2300675472924554,0.019462245797287316,0.03938301696254875,0.030903429848911118,0.0196078431372549
2023-06-29,2.0,5.0,0,1.8302283168899773,2.325326751828205,2.8871349401353723,2.8900847050031624,2.997903298609559,0.01318114710589583,0.056607698709813796,0.03456658168613601,0.03825136612021858
2023-06-30,2.0,3.0,0,1.7862501064662344,1.7473351537143835,2.634695222215353,2.63220751262106,2.642979908826907,0.006617737694635713,0.06682431145768139,0.03640610340643265,0.03825136612021858
2023-07-01,2.0,3.0,0,3.894891833547667,3.602344975414313,3.3137187087440068,3.376723926334692,3.1633009513458377,0.017475230296312688,0.11129048310640474,0.04286004671873243,0.03825136612021858
2023-07-02,2.0,2.0,0,3.501828602661379,3.8987732592583537,3.338121939071689,3.4208460472698152,3.0326174024443184,0.014011124152881343,0.06886352380298709,0.036751610688860535,0.03825136612021858
2023-07-03,2.0,3.0,0,2.9579983512943,2.590075155025696,3.160678869428928,3.227648273812652,3.0540184951523304,0.014541228941603118,0.041745754726121485,0.031461170444797085,0.0196078431372549
2023-07-04,2.0,4.0,0,2.9165365714574665,2.574547004616743,4.656952151302356,4.445750679415097,4.726705020400011,0.11131502051038698,0.04430806631940391,0.032042982208386556,0.03825136612021858
2023-07-05,2.0,3.0,0,2.547372416185692,3.362636723708737,2.5596393866875276,2.6343798892944577,2.4736556958864715,0.004541791436689697,0.032566230807547426,0.029158093949044162,0.0196078431372549
2023-07-06,2.0,2.0,0,1.9426087402747783,2.9005047147574876,2.6222841623790156,2.6666879009476596,2.5231921262814505,0.005088791726842152,0.05515878407013911,0.03428901277355413,0.03825136612021858
2023-07-07,2.0,6.0,0,3.720982106068501,3.310046823460717,3.337459654551832,3.393023914178636,3.2694981713086713,0.020707858978964475,0.049213094178335345,0.033098018348924896,0.03825136612021858
2023-07-08,2.0,5.0,0,3.1919771644654458,3.6378043153010973,3.769151148881857,3.795027515763179,3.551951196464793,0.031299047060513105,0.07175862864315287,0.03723135140998717,0.03825136612021858
2023-07-09,2.0,4.0,0,2.3286338923234884,1.847816157553742,2.7665510409846865,2.773686238363432,2.8391256314605458,0.009833475210196618,0.008820220758279509,0.01964792162480068,0.0
2023-07-10,2.0,3.0,0,2.999651302146628,2.7807187318584647,3.31477992137385,3.29127501460661,3.440018216555538,0.026740643634517933,0.011165248086971282,0.02109204871480973,0.0
2023-07-11,2.0,5.0,0,3.2186546472227855,2.6180570728329013,3.33868396125414,3.309425993847533,3.33768465307737,0.022992139442693946,0.013097610632336032,0.02213057739707311,0.0
2023-07-12,2.0,2.0,0,2.415879050974641,1.9652026172504204,2.663023009448525,2.7510704903484573,2.534776859087973,0.005223637243256122,0.046737753392029645,0.032574627641629814,0.03825136612021858
2023-07-13,2.0,2.0,0,2.4078889363776494,2.2028536816324347,2.643300733701258,2.6754106198792997,2.7036546271222264,0.007512614301533419,0.05950416025952577,0.03510813204570805,0.03825136612021858
2023-07-14,2.0,1.0,0,2.405743569450838,1.9048905649000047,2.660940688244886,2.7146537128953274,2.6306742937117793,0.006446474320644624,0.001984536082474227,0.012548279249436996,0.0
2023-07-15,2.0,5.0,0,1.9370414706097292,1.4541936043032477,2.5398620619511574,2.5452262569009765,2.640078444924554,0.0065770521064691286,0.05037790194946054,0.033338393373976705,0.03825136612021858
2023-07-16,2.0,8.0,1,3.1339503822377086,3.2517286504459793,2.747825314774705,2.759449063077805,2.817482250542721,0.009431191864429289,0.03544226813271327,0.029921612518140267,0.0196078431372549
2023-07-17,2.0,3.0,0,2.782800876173208,3.3207665300343003,2.6411358934241913,2.658671105407605,2.7950583773667548,0.009027360835400474,0.06762036648327602,0.036541754164571366,0.03825136612021858
2023-07-18,2.0,2.0,0,3.0181947219090075,3.0321393446718354,2.7541143646022728,2.7523813329822553,2.7873429591684937,0.008891420148776412,0.029498648792598888,0.02829211659681981,0.0196078431372549
2023-07-19,2.0,6.0,0,2.762268377660342,2.475654117148862,3.101260886704796,3.2217119307276914,2.8719594612458383,0.010467707672485053,0.0,0.0012608438104200815,0.0
2023-07-20,2.0,7.0,0,4.9810504263725575,3.8644907399103454,4.70557176192362,4.718777359117694,4.6908658046687455,0.10798198362670708,0.07379489473799848,0.03756162966040035,0.03825136612021858
2023-07-24,2.0,5.0,0,2.659577633083736,2.8339621947059612,2.8744338244534102,2.902556190252449,2.925296115351068,0.011561303648976333,0.008975169294337303,0.019751087610236827,0.0
2023-07-25,2.0,5.0,0,2.6051729031266238,1.9378839931230742,3.329442953084397,3.3328124904874428,3.3725229056298223,0.024224441181147104,0.022097172587213127,0.025916544062198083,0.0196078431372549
2023-07-26,2.0,1.0,0,2.929151788306848,2.5451092024387885,2.9667353704670765,2.967972142597283,3.220955314971601,0.019182088711749874,0.004743482841758938,0.016306152326811853,0.0
2023-07-27,2.0,2.0,0,1.6192032434388286,2.1335346190768307,2.5709283004199635,2.6162513447993736,2.5820079280585695,0.005801644103025328,0.0042908701900738035,0.015822091396610186,0.0
2023-07-28,2.0,1.0,0,2.2802862338466006,2.6173792427227323,2.6442881644805283,2.6296078228867943,2.7791915178437505,0.008749451088012068,0.00701363083279884,0.018339729378939722,0.0
2023-08-01,2.0,2.0,0,2.1017911179120827,1.770939231994406,2.770877021975435,2.810668269903292,2.7010934491468412,0.00747310661375304,0.004483859967742733,0.016032660987169906,0.0
2023-08-02,2.0,6.0,0,2.632943615098186,2.6598476544276473,2.7390907328444807,2.749191321958788,2.7875618199990497,0.008895255302936412,0.0023535457348406986,0.013208704664954374,0.0
2023-08-03,2.0,3.0,0,2.6412445316044195,2.637978544570566,2.759408147231232,2.751859809591402,2.8774723712302337,0.010577073939203404,0.018895891868495242,0.02471807498804781,0.0
2023-08-04,2.0,1.0,0,3.1570700729098977,3.1123496575153395,3.277344541774295,3.283703216506435,3.3123549224405253,0.02212404709938263,0.029849595705253383,0.02839417104771172,0.0196078431372549
2023-08-05,2.0,2.0,0,3.4317441304819427,2.4914290717404364,2.969870739689857,3.03179779129604,2.898286710202345,0.010997565380295258,0.006483062430440054,0.01791122695690719,0.0
2023-08-06,2.0,3.0,0,2.76350938420715,2.5688888080295116,2.8217776122392837,2.8467396861477616,2.8186289503635664,0.009452195220847715,0.01578335531440488,0.023410601880056007,0.0
2023-08-09,2.0,1.0,0,4.161924763580557,2.929066912318078,4.0780268429497575,4.026149819611638,3.9006282619334534,0.04876910823100495,0.04240144600994835,0.03161224291632999,0.03825136612021858
2023-08-10,2.0,5.0,0,2.8169113407955857,2.696438447196244,3.8851568736308506,3.954624103146927,3.976023706375438,0.053227660202847624,0.027789842198061167,0.027783134991237166,0.0196078431372549
2023-08-11,2.0,5.0,0,2.430051738318962,2.243562951620515,2.499698670883344,2.5465330980842924,2.5109690864375254,0.004949400251951512,0.019916450241512017,0.025114300338053563,0.008628048175926785
2023-08-12,2.0,2.0,0,3.1707458289371666,3.571408033638663,2.594136597387079,2.6240443792655506,2.6389461573748845,0.006561225780963031,0.0224420648417676,0.026038399740109675,0.0196078431372549
2023-08-13,2.0,1.0,0,2.340679848197681,2.6109869662843286,2.959183413948091,2.941467138396113,3.09592562311426,0.015620858110565305,0.006310792120624948,0.01776684115941496,0.0
2023-08-14,2.0,1.0,0,2.9302499816303764,2.87991030872147,2.9283936585197816,2.9474648655177345,2.9380263534757196,0.011834203348655748,0.0022098646034816247,0.01296083167198059,0.0
2023-08-15,2.0,4.0,0,3.3840814860134363,3.7482120306228786,3.459061749323521,3.4370282727623236,3.469980784367405,0.027913096989292466,0.07389447075166969,0.03757763550611426,0.03825136612021858
2023-08-16,2.0,1.0,0,3.468484305488318,3.8543883960316445,3.9749356840116903,3.842890509758456,4.112875748375722,0.06195855327228112,0.06129623283076076,0.035434833245502784,0.03825136612021858
2023-08-17,2.0,6.0,0,2.287818295301372,3.1346489026647624,3.436070199627477,3.405632634637782,3.410947526224876,0.02563585530559076,0.0022368421052631577,0.013008216069227942,0.0
2023-08-18,2.0,4.0,0,2.8849614027639303,3.131019149433055,2.729739637156958,2.7714438087861195,2.6590624616907554,0.006846692639067603,0.04486109165885759,0.03216563726002721,0.03825136612021858
2023-08-19,2.0,5.0,0,4.545995571308924,3.7916418117750257,4.082436709774349,4.080757596999569,4.01915908163064,0.055890427587730135,0.05511409555507732,0.03428037785678989,0.03825136612021858
2023-08-20,2.0,3.0,0,4.820246705458813,5.951078953900961,5.3322635779333725,5.211012296441165,5.3752945259320235,0.18043475177368135,0.12149787805000449,0.044115853821055935,0.03825136612021858
2023-08-21,2.0,3.0,0,5.487568257335009,4.4688908228582855,4.816888825254455,4.795802603833549,4.705771071898896,0.10936156919222478,0.07773804617229253,0.0381855876375364,0.03825136612021858
2023-08-22,2.0,2.0,0,3.7043822991786755,3.5556809166427423,4.269350483039299,4.21487818534035,4.2307053110372665,0.07014117082728209,0.043047301523988286,0.031759553084394,0.03825136612021858
2023-08-23,2.0,5.0,0,2.4740412511530874,2.677035008642369,2.7939869185618362,2.869146285843312,2.733631123818371,0.007986701666927708,0.010942982253464559,0.020964790241588427,0.0
2023-08-25,2.0,3.0,0,2.2456043172787297,1.9414013188628156,2.393435505837148,2.4302336015887174,2.3958655185775313,0.0037747373932986,0.015666603859373282,0.023358226365580527,0.0
2023-08-26,2.0,5.0,0,2.4383262042487033,2.62878785998308,2.471529546540887,2.489196995600811,2.5044238288980547,0.0048759621907615396,0.0786306168440466,0.03832411956113618,0.03825136612021858
2023-08-27,2.0,2.0,0,2.9590652064895444,2.53265014495514,3.1968580332647316,3.163042570934085,3.3869974272622874,0.024749638073097737,0.014551601185073891,0.02284391257540901,0.0
2023-08-28,2.0,2.0,0,2.7145968985949187,2.224639576741808,3.3434763845004554,3.399144131271318,3.2748587060170586,0.020881416093963573,0.021568670651977682,0.02572727142106508,0.0196078431372549
2023-08-29,2.0,5.0,0,3.2736026193740213,3.9328336254736986,2.745419510849405,2.815544095899171,2.5457466125730903,0.005353807324458724,0.04764743595550941,0.0327690249905263,0.03825136612021858
2023-08-30,2.0,3.0,0,2.8017795971064934,3.0039836620856124,3.0510549449524245,3.0348950133281214,2.8462865397632697,0.009969317462901115,0.031085423374915294,0.02874724345175313,0.0196078431372549
2023-08-31,2.0,8.0,1,2.073097865159854,1.9282975836729508,3.0358466997318865,3.082244860680275,2.98836199470703,0.012959409147216163,0.006565880605836741,0.01797968731694479,0.0
2023-09-01,2.0,2.0,0,2.2173488501375287,2.2526613191689124,3.072464142805811,3.0715778426598437,2.957607245991043,0.012263091984946491,0.0024722991689750695,0.01340568402900463,0.0
2023-09-02,2.0,3.0,0,2.823810423546684,3.260000673874193,3.113871852949982,3.133654807251373,3.0416098517329626,0.014232138204594518,0.0020471014492753625,0.012665990382471789,0.0
2023-09-03,2.0,4.0,0,2.530361012797883,3.897857265277062,2.974589125647696,2.996168923561677,2.9263369368544976,0.011583441623595887,0.00866461760154363,0.019543041674137975,0.0
2023-09-04,2.0,1.0,0,1.6453990657665032,1.6652023047769215,2.303084456446708,2.369071261068438,2.1878550729254074,0.0022062652224777903,0.07219031100669929,0.03730184886307715,0.03825136612021858
2023-09-05,2.0,4.0,0,3.083604522859428,2.2619313372091883,3.358104921487738,3.424921732851764,3.2602471065482272,0.02041072563297961,0.05859726445528734,0.03494041414789559,0.03825136612021858
2023-09-06,2.0,4.0,0,2.1649726078502,2.4129073250437623,3.3206741813782474,3.3886193251488743,3.199870484483278,0.018544777350625485,0.00917125470229016,0.019879880250055472,0.0
2023-09-07,2.0,4.0,0,2.550725727329363,2.480864211680837,2.4842055726607044,2.597248060606515,2.400120160459294,0.0038139224549025848,0.004566189413001619,0.016120561451218957,0.0
2023-09-08,2.0,2.0,0,2.6093161273470176,3.584349192453766,2.747796567560675,2.774408393109209,2.663117955854444,0.0069053542061399305,0.05158913304526806,0.03358455811073209,0.03825136612021858
2023-09-09,2.0,1.0,0,2.345213168084638,2.3744131347260273,3.503591773983898,3.4696034571798915,3.441133237466314,0.02678365846381383,0.0527141571925556,0.03380987682698795,0.03825136612021858
2023-09-10,2.0,3.0,0,4.095371964013664,4.684325768528261,2.5765632720608562,2.8133309874295174,2.506002875996202,0.00489360278762079,0.07324475040906452,0.03747295841518251,0.03825136612021858
2023-09-11,2.0,4.0,0,2.3612011172876914,2.371452361804196,3.2497919615570536,3.328026952840365,3.0703118293592877,0.014954389637108509,0.05017983043628513,0.033297774754382815,0.03825136612021858
2023-09-12,2.0,1.0,0,2.6342711669787255,2.900736445521474,2.6181179810103554,2.66699717829875,2.605696857906199,0.0061091256303532635,0.00636185439139893,0.017809922344634178,0.0
2023-09-13,2.0,1.0,0,2.8588974271813847,2.6803428017908804,2.8131038632579033,2.858821212542871,2.7744544854606534,0.00866772509804038,0.008813575498800179,0.019643469028329266,0.0
2023-09-14,2.0,5.0,0,2.913409138082339,2.1302515554171526,2.833604295715628,2.927057313243943,2.6505025811374856,0.00672410456199951,0.06437854695694517,0.03598288556252518,0.03825136612021858
2023-09-15,2.0,3.0,0,3.4525576040056305,3.427376370116303,3.758736139009166,3.7554046770125664,3.713664028433062,0.03876966660726479,0.036523868003843274,0.03019802922929888,0.0196078431372549
2023-09-16,2.0,4.0,0,2.537403192580465,2.6891701897614757,3.6916861967515753,3.712488446617181,3.6849328885427126,0.03736398953831384,0.022198555851597725,0.025952498202786323,0.0196078431372549
2023-09-19,2.0,2.0,0,2.795273272792463,3.0967188574739044,3.6094963677863716,3.5908970497589627,3.7311336465138822,0.03964120519967708,0.01111107407383636,0.021061194607124523,0.0
2023-09-20,2.0,3.0,0,3.273753834177167,2.5086941041351927,3.70155614041821,3.64134930683704,3.790179438196306,0.04268197272388872,0.026747584071478484,0.02746222318579074,0.0196078431372549
2023-09-21,2.0,3.0,0,3.5499332583705847,3.0805220257665273,3.8957256477841393,3.916231343686851,3.902337758882277,0.04886745701737323,0.06146732652180198,0.03546570565772138,0.03825136612021858
2023-09-22,2.0,2.0,0,3.130152072034717,2.7153723031637553,3.5471116713514776,3.6328151914425835,3.437408381841844,0.02664014802707841,0.01578660078782358,0.023412053999833066,0.0
2023-09-23,2.0,1.0,0,3.0294215735008487,3.2113452160173,3.0642402954003645,3.1183164852433465,3.0439588639260045,0.014290283459246104,0.025947692333999853,0.027210144367117658,0.0196078431372549
2023-09-26,2.0,5.0,0,2.7303688865677156,2.4099064131913575,2.573440582072626,2.632316315600789,2.565676559475058,0.005596575760452515,0.0033679716652963133,0.014711404917495343,0.0
2023-09-27,2.0,10.0,1,3.3111028323345306,3.5462858213598882,3.0104375925494535,3.012673893706278,3.1310230337456226,0.016568307170825747,0.023702988162627833,0.02647332933896464,0.0196078431372549
2023-09-28,2.0,2.0,0,3.0440201343739974,2.7014310519090534,3.453489898131305,3.424657126060401,3.5957296838719834,0.03321646724703751,0.0020632798573975045,0.012696017312742095,0.0
2023-09-29,2.0,1.0,0,3.545284137758026,4.275053340239452,3.7696637154627433,3.8034547684461675,3.6740974881378867,0.03684276300578617,0.10273852777706274,0.04175714569959475,0.03825136612021858
2023-09-30,2.0,2.0,0,2.9412031304469632,2.4516715530605704,3.4972786183513507,3.473878541725069,3.5303874908913198,0.03038270505616621,0.05043514109844293,0.033350112148719045,0.03825136612021858
2023-10-01,2.0,2.0,0,3.0280686645040484,2.6068980827777635,3.066545569551869,3.08264390222481,3.0259621240687196,0.013849156021581469,0.0,0.0012608438104200815,0.0
2023-10-02,2.0,2.0,0,2.653105853336436,2.892113093214124,2.8343979431828,2.8711879687013964,2.7637856623937767,0.008485736131398774,0.012140675546738538,0.021630627118460897,0.0
2023-10-03,2.0,4.0,0,2.8913069181931355,2.961725955655509,2.910789922673286,2.947768923460469,2.8919515310502786,0.010868307978472578,0.023452943510144833,0.026388357361226824,0.0196078431372549
2023-10-04,2.0,3.0,0,2.4014850859996977,2.6854530150291818,3.0136114742470306,3.043987025529652,2.9954716119048665,0.01312437601556682,0.004539141414141414,0.01609180642392394,0.0
2023-10-05,2.0,6.0,0,3.15746569007123,3.2670904564698837,3.0635612586748526,3.063853775964639,3.0708441511087474,0.014968028856316276,0.026800555267491807,0.027478735254807436,0.0196078431372549
2023-10-06,2.0,4.0,0,2.449584953884118,2.243291717641801,2.858832740397902,2.895563139660275,2.815540754220078,0.009395709367533627,0.02334974180179616,0.02635310671834522,0.0196078431372549
2023-10-07,2.0,1.0,0,3.067755810871178,2.917941088387643,2.731715162893091,2.779993820607824,2.697573659236053,0.007419065313119126,0.010116502170586635,0.02047520302088081,0.0
2023-10-08,2.0,1.0,0,3.1040885092262274,3.1468444516989,2.9947321410653704,3.0324596641408377,3.045185593874486,0.014320716785182536,0.006238477595237411,0.017705410861990765,0.0
2023-10-09,2.0,4.0,0,3.265571090933375,2.6656254825884345,3.425483312208741,3.4352587036014897,3.5226592899209033,0.030058776698002707,0.006459052125074215,0.01789126507823409,0.0
2023-10-10,2.0,1.0,0,4.237836625373664,4.4242780453692045,3.350398676386976,3.3717194945607294,3.2736761273891224,0.02084304050966021,0.09741843987388482,0.04104425853209272,0.03825136612021858
2023-10-11,2.0,4.0,0,3.2585782758406836,2.2345301920326355,2.9618535299368536,2.9772812937677084,3.0382713961185304,0.0141497950843882,0.05197681978804169,0.03366255882142458,0.03825136612021858
2023-10-16,2.0,3.0,0,3.8884500902815042,4.907731432353542,3.4092095788673777,3.406936113675036,3.4686390283795303,0.02785985443426662,0.08669146160978675,0.039534113288255956,0.03825136612021858
2023-10-17,2.0,1.0,0,3.488581765086169,2.464801159058982,4.102583041902257,4.039865476403554,4.198098147241061,0.06781495057233285,0.18129103848534114,0.050560063998342286,0.08108108108108109
2023-10-18,2.0,1.0,0,3.2253526329176037,2.55330435948717,3.5351032105363296,3.5987690991273693,3.535753414410041,0.030609005816681217,0.04687676496984146,0.03260449296378176,0.03825136612021858
2023-10-19,2.0,7.0,0,3.324888383564939,2.635427930880393,3.811738566520626,3.773654145823003,4.025832762528251,0.05630971069985089,0.057279807567499584,0.034693794073853236,0.03825136612021858
2023-10-20,2.0,5.0,0,3.6435802041696674,3.6276150899690136,3.9500033774050807,3.8230351275850527,4.19475389853689,0.06757904617229783,0.10208142766212251,0.04167026823670278,0.03825136612021858
2023-10-21,2.0,2.0,0,3.3901439927188735,2.975879439766954,3.369136214681126,3.4086933408228832,3.4164177651084744,0.02584129660133962,0.0671378298172532,0.03645964818825352,0.03825136612021858
2023-10-22,2.0,2.0,0,3.39223823368559,3.374432671198428,3.567331846128993,3.556445500377302,3.68886689090077,0.03755443417664512,0.016580523099915468,0.023761265513036513,0.0
2023-10-23,2.0,4.0,0,3.7462970205205903,4.794168423194201,3.218451413465954,3.222434822895677,3.3349470831479415,0.022897193753098392,0.05604833616541862,0.03445997019839777,0.03825136612021858
2023-10-24,2.0,2.0,0,3.1333190720408077,3.772783211191148,3.493916728299317,3.483668487219288,3.6376132127690526,0.03512330620879185,0.03354954376940414,0.029424037269325132,0.0196078431372549
2023-10-25,2.0,1.0,0,3.0867321561670362,3.055884674319152,4.004354202655173,3.9709227850625233,4.169920201249555,0.06584284379164469,0.05514014922935039,0.03428541261152043,0.03825136612021858
2023-10-26,2.0,6.0,0,3.762858362010852,4.037698354374035,3.6766057396586995,3.6566425134671765,3.7183493281532396,0.03900215783665539,0.03834762415278071,0.03065203197586168,0.0196078431372549
2023-10-27,2.0,6.0,0,2.7558036588309047,2.7101509444434324,3.631817852986429,3.648681803125515,3.5858587222008316,0.03277741820826991,0.05802780769179283,0.034834254031273285,0.03825136612021858
2023-10-28,2.0,3.0,0,4.661463356007816,4.779823190817379,4.856004247397688,4.83941196588489,5.139716743423387,0.15349891649866865,0.12131721783670249,0.04409414440927085,0.03825136612021858
2023-10-29,2.0,2.0,0,3.035148022845619,3.0679171201070545,4.175051462848227,4.251928886412788,4.260752028888679,0.07232664644827555,0.03214332265062589,0.02904205971282593,0.0196078431372549
2023-10-30,2.0,6.0,0,3.207423075440334,2.8709508845394294,2.8521780586601495,2.9118064817420133,2.7157289772429047,0.007700973323165534,0.03433362152727609,0.029632381374711213,0.0196078431372549
2023-10-31,2.0,2.0,0,3.006569943304344,3.3506053854429365,3.091844004394887,3.1181420767185726,3.108504292466897,0.015955832916664043,0.0,0.0012608438104200815,0.0
2023-11-01,2.0,5.0,0,3.096553082632656,3.086004478908833,3.268327033517273,3.2780669200958834,3.2274364867934935,0.019381058819141973,0.010064359994904763,0.020443396318198106,0.0
2023-11-02,2.0,3.0,0,2.7616514444401905,2.968688888368861,2.919154091565467,2.9607993974430045,2.8886781596608424,0.010801959113171717,0.0023042472416656785,0.013124883206155869,0.0
2023-11-03,2.0,3.0,0,2.2639025018453034,2.0028532108050747,3.6014002904663345,3.5984014492914884,3.686707706022979,0.03744982881634713,0.02157412796278467,0.02572924194776377,0.0196078431372549
2023-11-04,2.0,6.0,0,3.459883485869558,2.171694570282773,4.100461888059291,4.019519419078347,4.173615071765928,0.06609942580635458,0.07393121728137378,0.03758353878258327,0.03825136612021858
2023-11-06,2.0,3.0,0,3.1430697878613163,2.5431348245824243,3.6625369849333387,3.6299463739439224,3.7704550088156217,0.04164980663252391,0.004452330929001041,0.01599869932578765,0.0
2023-11-07,2.0,5.0,0,2.385891192376006,2.099970064997452,3.1072354047683026,3.187302955347555,3.024028481622069,0.01380235210037603,0.00417721723242524,0.015694966755046922,0.0
2023-11-08,2.0,4.0,0,3.111529672745755,2.2183923848303775,3.63729376350225,3.6185907531570156,3.7085692564232815,0.038517897002118454,0.030875567461917112,0.028687962369974944,0.0196078431372549
2023-11-09,2.0,2.0,0,3.4212517876626274,2.2407884165480576,4.176300882389405,4.117764629966982,4.287020524634258,0.07427024564539267,0.04447102075674593,0.03207922754101179,0.03825136612021858
2023-11-10,2.0,5.0,0,4.475771841457896,3.211654938877356,3.6482438208530805,3.6842217519287,3.4500614892414583,0.027129803386798445,0.06477576304338804,0.03605229931309229,0.03825136612021858
2023-11-11,2.0,2.0,0,2.914870479506103,2.5058506606767392,4.3580466413325185,4.370740905806569,4.299475800360433,0.07520254266521534,0.032554590246527175,0.02915491366812816,0.0196078431372549
2023-11-12,2.0,2.0,0,3.299260491657121,3.8029246130454033,3.394442776052586,3.420661554490146,3.3533843603665314,0.02354194096584154,0.04901889148325262,0.033057583665009084,0.03825136612021858
2023-11-13,2.0,4.0,0,3.5208054916878764,3.9444637715205255,3.120178117750539,3.1502924439346267,3.155106434054434,0.017241719110316172,0.02585150994460645,0.02717948015769066,0.0196078431372549
2023-11-14,2.0,6.0,0,3.447171684022766,3.0997275905657258,3.456769539651444,3.506100637032329,3.38821865029518,0.02479430642059473,0.01885486120134983,0.024701841368812205,0.0
2023-11-15,2.0,1.0,0,3.1819487643856674,3.663504805555739,3.109872102067645,3.2063619451896366,2.9941631391289434,0.013093901375593006,0.004363912276558727,0.015902551953751714,0.0
2023-11-16,2.0,2.0,0,2.4981761282484336,2.4184221385898086,3.5442379276659297,3.540867730373536,3.5385745414670695,0.03072844009245517,0.02338075412577191,0.026363710743015443,0.0196078431372549
2023-11-17,2.0,3.0,0,2.943619698483535,2.2966239606916914,4.015172786536527,4.090976721257263,4.011072957608041,0.05538503496572109,0.07146325380012006,0.03718296263975851,0.03825136612021858
2023-11-18,2.0,4.0,0,2.7854598528236214,3.112256481171724,2.679514581412524,2.749284465974941,2.6085869695242647,0.006147463543603545,0.025811170021477058,0.027166596224145904,0.0196078431372549
2023-11-19,2.0,5.0,0,2.4880649160349,2.423742038366081,2.9215929875456053,2.927017382332315,2.9154522657464064,0.011353453782192427,0.03987902265713994,0.03102231304949006,0.0196078431372549
2023-11-22,2.0,2.0,0,3.4529419018188667,3.264744118307798,3.319479116876842,3.354252479885815,3.2351098877199522,0.0196185080595559,0.061612453621413855,0.03549184996951313,0.03825136612021858
2023-11-23,2.0,1.0,0,2.6385715543071817,2.046732586603045,3.982654628713229,3.88778916592713,4.276105679121379,0.07345892870663828,0.05156910550982871,0.03358051838952573,0.03825136612021858
2023-11-24,2.0,9.0,1,3.391866505315896,4.026765827596668,3.6323699131846623,3.592425502581679,3.7597566293938844,0.041096859888940976,0.1304812576207545,0.045174104477218764,0.03825136612021858
2023-11-25,2.0,6.0,0,3.1639935193181925,3.097601743279825,3.614671350943789,3.5657719110254975,3.747709875125168,0.0404800060803736,0.09452024948109766,0.04064634455307928,0.03825136612021858
2023-11-26,2.0,5.0,0,3.3628853379890016,2.2248407811425794,3.8126280098475966,3.7352933726279396,3.9509876947747085,0.051719620348223194,0.06641723990522676,0.03633634567020166,0.03825136612021858
2023-11-28,2.0,3.0,0,2.689332271247158,2.3656818845886933,3.371373711397349,3.3788741372257305,3.339693718558869,0.02306199293702808,0.044804211280390305,0.03215306769028951,0.03825136612021858
2023-11-29,2.0,5.0,0,3.6364437645575594,2.843694716974305,3.768945744729805,3.780760507920606,3.819646022690013,0.04425476651359673,0.10624255840522318,0.042215130918940594,0.03825136612021858
2023-11-30,2.0,2.0,0,3.4807918683661923,2.3513790209543144,4.0731305094126276,4.024906567155428,4.110617285357891,0.06180774429881587,0.21488996629618864,0.05374418860986188,0.08108108108108109
2023-12-01,2.0,5.0,0,3.124257449448865,2.6368220031402783,3.188596071375641,3.276290912960225,3.07493291830234,0.015073090125404255,0.03932693476924442,0.03088992577035626,0.0196078431372549
2023-12-02,2.0,7.0,0,3.4813500504914776,2.757446857719381,3.3272472150484678,3.345727941878029,3.2523772425037714,0.020160324915812402,0.09951273575102207,0.04132752024608998,0.03825136612021858
2023-12-03,2.0,2.0,0,3.4488039329125226,2.4997734795297726,4.06001427967566,4.041342629356159,4.184337750910584,0.06684747817207502,0.10089439207407735,0.04151250558553809,0.03825136612021858
2023-12-04,2.0,4.0,0,4.342382130538261,3.75646052201693,4.528494813974837,4.430364234059853,4.713723862295488,0.11010150373354571,0.20335760237114972,0.052675996114017,0.08108108108108109
2023-12-05,2.0,1.0,0,3.1688808117940974,3.4299401374903717,3.4656935758874825,3.499497782346052,3.51491538907999,0.029736550514156412,0.03547213518959855,0.02992932036622793,0.0196078431372549
2023-12-06,2.0,4.0,0,2.747273707939507,2.2873883127860672,3.4112205032025904,3.3791191722716043,3.532576998886361,0.030474907172977496,0.03544905119162945,0.02992336341510115,0.0196078431372549
2023-12-07,2.0,1.0,0,3.313456968546408,2.9665117846964644,3.9699181474136767,3.9122056975821042,4.048810842184772,0.05776836761534958,0.20669193071278982,0.052987237044648444,0.08108108108108109
2023-12-08,2.0,3.0,0,3.4208086883908444,3.0260123614152654,4.166308136580306,4.094113678889964,4.369159307044314,0.08054570108196535,0.17741399540836705,0.050176989258728745,0.08108108108108109
2023-12-09,2.0,4.0,0,3.03982134821318,2.634897024709167,3.8875920352738986,3.872907908153028,3.910204261125235,0.049321658663872406,0.07942215746179584,0.03844617070628184,0.03825136612021858
2023-12-10,2.0,1.0,0,4.3952871762862085,3.136856147882126,5.069798447175616,5.027718292902002,5.116494514930655,0.15095088676589458,0.17554433279775278,0.04999090804590294,0.08108108108108109
2023-12-11,2.0,8.0,1,2.6602867266103525,2.1964957821784727,4.242000304127956,4.18229740803528,4.327096739060633,0.07729463455303993,0.1113182748596816,0.04286355114013669,0.03825136612021858
2023-12-12,2.0,7.0,0,3.222835112264458,2.799822593224274,3.9506794339943676,3.9313277790309864,3.9186900630846346,0.04981463284735111,0.11150692913760885,0.04288732665527878,0.03825136612021858
2023-12-13,2.0,1.0,0,3.4324400877876844,3.260284810280867,4.391755738855649,4.340340495757595,4.556163959028486,0.0959455339426496,0.2279151567193309,0.05492479710579859,0.08108108108108109
2023-12-17,2.0,5.0,0,3.2113647635523024,2.839745205487905,3.696173115689912,3.6777854957157783,3.6530080200965322,0.035842171625203464,0.03341268737691257,0.029387339043735437,0.0196078431372549
2023-12-18,2.0,2.0,0,3.178358432241745,2.365938972714034,3.853293986735022,3.8470237370835223,3.862442798288973,0.046605250748817356,0.12019416938614233,0.04395879259364188,0.03825136612021858
2023-12-19,2.0,1.0,0,3.435915485179743,3.62029928851868,3.924083657753378,3.8807171609723796,4.038332901396758,0.05710033354549196,0.17380049293611857,0.04981653486963742,0.08108108108108109
2023-12-20,2.0,3.0,0,3.001157695822541,2.8893127934359777,3.199831694239208,3.2722966758313663,2.998759715190346,0.013201183654087505,0.07321267222528567,0.03746777544759812,0.03825136612021858
2023-12-21,2.0,3.0,0,3.4074473184095035,3.910713526071465,3.80216456781588,3.7535368544899352,3.9215474128454613,0.04998133263354847,0.14976369085796756,0.047322872080398606,0.038461538461538464
2023-12-22,2.0,4.0,0,4.463321869355029,5.112547640349777,4.193648575327204,4.109265835092697,4.339403827456765,0.07823773286576065,0.3718785636079332,0.06700038705146924,0.08108108108108109
2023-12-23,2.0,5.0,0,3.7478171063309587,3.964102843257142,4.306445516571687,4.220051267024883,4.337892327275687,0.07812154334099239,0.4243132408737271,0.07128602172523205,0.08108108108108109
2023-12-24,2.0,1.0,0,4.008967438333981,4.518134131870748,3.711635172813803,3.7007103720557506,3.6369565811866065,0.03509286041727683,0.23436569379758482,0.05550048181225832,0.08108108108108109
2023-12-25,2.0,6.0,0,4.108945370772473,3.360053249273322,4.0822718774263755,4.0866451502091605,3.9918966134650513,0.054197993131246756,0.2782897324408145,0.05929669959509594,0.08108108108108109
2023-12-26,2.0,2.0,0,4.229445653746665,4.61925206055549,3.9082594496413052,3.8512340524231767,3.896832992815734,0.04855121642388936,0.4946098924666272,0.07720820137577235,0.08108108108108109
2023-12-27,2.0,1.0,0,2.8401464862970514,2.5716843710483843,3.4998940635084335,3.486834694340116,3.4426178849772433,0.026841006319105725,0.09332233451670018,0.04047978537019253,0.03825136612021858
2023-12-28,2.0,3.0,0,3.0415474836897687,3.41394360077069,3.3222564561646917,3.305321155474631,3.3094795298620734,0.02202697133247241,0.14966832041049788,0.04731260435429981,0.038461538461538464
2023-12-29,2.0,8.0,1,3.1847930505417916,3.3706671818129283,3.663998318171216,3.639163776901645,3.7206557590202065,0.039116943209975996,0.1560529526348571,0.047992960556488884,0.038461538461538464
2023-12-30,2.0,3.0,0,3.73104836650045,3.2635947572433643,3.939575972215228,3.8911764641889333,4.01324410310678,0.05552045142734607,0.14569783518226928,0.04688217957114392,0.038461538461538464
2023-12-31,2.0,6.0,0,2.925329531992734,3.142566014090568,3.300455566493524,3.308963907191771,3.2638842829804404,0.02052718760102442,0.11629027360189788,0.04348279966253643,0.03825136612021858
2024-01-01,2.0,3.0,0,3.3873508555021017,2.460391882736231,3.3893385329427104,3.4003559204935367,3.348392517819498,0.023366147200634558,0.07579679327555675,0.037880898310211096,0.03825136612021858
2024-01-02,2.0,2.0,0,4.004108808707084,3.8795658763594423,4.121750110748906,4.041738990259467,4.213460005371971,0.06890497863795683,0.3833517794018886,0.0679342298527753,0.08108108108108109
2024-01-03,2.0,3.0,0,4.281210124854131,4.969771877485907,4.133073002129123,4.084005703652388,4.116266281818597,0.06218538137305933,0.4607564553337288,0.07431877599011763,0.08108108108108109
2024-01-04,2.0,3.0,0,3.551877878281137,3.9702200414753657,3.6545158156686095,3.6112006525675535,3.5987036547944617,0.033349516717647146,0.1847399447707032,0.05089778287264307,0.08108108108108109
2024-01-07,2.0,1.0,0,3.380176559736245,4.45687506812846,3.5874097158623663,3.5704852672173057,3.479707045240169,0.028301128990991267,0.23375336147653034,0.05544607106453699,0.08108108108108109
2024-01-08,2.0,7.0,0,4.060861292767589,3.4580769818384796,3.9200502395919004,3.921779176747856,3.839908710617863,0.04535783057778183,0.16080172857460626,0.0484901851860355,0.07636177323023051
2024-01-09,2.0,2.0,0,3.9460440946348685,3.5231437290769296,4.026767130246235,4.034416191688793,3.9469960600767307,0.051481719497213765,0.20414105128145615,0.05274930933235469,0.08108108108108109
2024-01-10,2.0,8.0,1,4.056459779881911,3.746545027231339,3.9109452960742153,3.8923516718238953,3.835451295826241,0.04511366698876795,0.14399833193465958,0.046696131781898624,0.038461538461538464
2024-01-11,2.0,4.0,0,3.9965280259894764,4.229947773925097,3.6794702890463657,3.686127724071131,3.593916503792099,0.033135524480928415,0.09347081679543892,0.040500498501245555,0.03825136612021858
2024-01-12,2.0,1.0,0,4.161578772085356,5.65790634623562,4.095584353707172,3.9987422655814435,4.2554877611056225,0.07194084010666839,0.3277454979964452,0.06340194068998525,0.08108108108108109
2024-01-13,2.0,2.0,0,3.7506029829547636,2.7071390026660014,4.03470961357342,3.9997650090761705,4.184879648210142,0.06688541870545904,0.14289107126820066,0.04657431549295248,0.038461538461538464
2024-01-14,2.0,3.0,0,4.110997433768052,4.900219171027975,4.025406705715084,4.012200893599801,4.006402801606162,0.05509445599745212,0.29012812282462663,0.06029143764101346,0.08108108108108109
2024-01-15,2.0,4.0,0,3.8962669889889945,4.248273332268842,4.314516049689957,4.204568917702822,4.484364514332327,0.08985105269328912,0.22204750315192467,0.054396103785922995,0.08108108108108109
2024-01-16,2.0,5.0,0,3.5552241715857527,2.8325152874862463,4.19747166544719,4.142885058641937,4.264540787201743,0.07260507969792161,0.11766530865628975,0.04365144589110894,0.03825136612021858
2024-01-17,2.0,6.0,0,3.565681910160977,2.5555354601970715,4.534999432136964,4.514814398308201,4.598675656581556,0.09965981869549413,0.20315352969023398,0.052656880823335146,0.08108108108108109
2024-01-18,2.0,4.0,0,2.9585740402905065,3.2259535880007233,4.11088156425266,4.146248519161973,4.000257655452356,0.05471356469392114,0.10085147281144603,0.04150678139721421,0.03825136612021858
2024-01-19,2.0,6.0,0,3.8567598329108606,4.303053453209404,4.865697253802654,4.757158514381189,5.105948321326769,0.14980033146331867,0.14934503933083773,0.04727777504494073,0.038461538461538464
2024-01-20,2.0,4.0,0,4.099000361637905,4.511096962459109,4.562076021895661,4.43692553595607,4.746869579924687,0.11321413353570563,0.14900212095646592,0.04724078877910448,0.038461538461538464
2024-01-21,2.0,2.0,0,3.3376854517285848,3.1358631707494173,3.8033526205500405,3.766957533999766,3.7941394468080873,0.04289118841526017,0.19014140393163068,0.051421206584604674,0.08108108108108109
2024-01-22,2.0,4.0,0,2.7179060266624937,4.00498734541711,3.8750188651642454,3.7660655179621854,3.9518586470348995,0.051771621520570486,0.21700109880312876,0.053937306856640145,0.08108108108108109
2024-01-23,2.0,4.0,0,1.8526722613262907,1.636694130658903,3.5594174526922147,3.4901232267422233,3.614012263513552,0.034040056074264094,0.13160977555783235,0.04530424760054756,0.03825136612021858
2024-01-24,2.0,1.0,0,3.918518364307089,4.6832014331708,4.521909478890717,4.411060669395988,4.442327761286209,0.08638779207441646,0.33942338208481554,0.06435704937642278,0.08108108108108109
2024-01-25,2.0,2.0,0,3.9422813644312686,4.477241540704069,3.94285497355269,3.863053495262896,3.929000424771999,0.050417819377607524,0.24408077912780232,0.056357494143755425,0.08108108108108109
2024-01-26,2.0,4.0,0,2.630538946961553,2.465113558130044,3.475143676702318,3.410216695565071,3.5063209721566797,0.02938169225473738,0.062303095903037196,0.035615736283759594,0.03825136612021858
2024-01-27,2.0,3.0,0,3.091499330031161,3.613134731492341,4.34231518072466,4.160469680207188,4.579296281490697,0.09795691019327583,0.3215567068527653,0.06289422548399272,0.08108108108108109
2024-01-28,2.0,1.0,0,3.4399910398146525,3.7753770102127597,3.872028122901037,3.842462001259943,3.7603029078969703,0.04112497716716424,0.2619476556006338,0.057906154252784746,0.08108108108108109
2024-01-30,2.0,1.0,0,3.739827073616884,3.5873014232281575,4.094514316515465,4.052765174151352,3.9528628572597615,0.05183162016645124,0.21576375455397648,0.05382420613652918,0.08108108108108109
2024-01-31,2.0,2.0,0,4.175629343771476,4.2466152181289605,4.466935246944058,4.388469680597248,4.412549917595095,0.08398162691816535,0.14295180031350266,0.04658100912890695,0.038461538461538464
2024-02-01,2.0,4.0,0,4.182367382495252,4.1618302587095775,4.579085986776142,4.513651892536145,4.633831494818203,0.10279041419019626,0.1486850017977447,0.047206547146617026,0.038461538461538464
2024-02-02,2.0,5.0,0,3.3849360285371985,3.1659539136439516,4.211015774493363,4.169786748307469,4.285465759320075,0.07415435370701563,0.15895968696570872,0.0482981694757325,0.038461538461538464
2024-02-03,2.0,2.0,0,3.3909679612706505,3.272589529957999,4.690159576413782,4.696636233216924,4.59255651016524,0.09912036068558049,0.15077397724365046,0.04743144108604303,0.038461538461538464
2024-02-04,2.0,3.0,0,4.291317093127597,2.9147343945524633,4.853108106689274,4.78239668720119,4.814759466729902,0.11973290570902646,0.15346462144147252,0.047718834628644714,0.038461538461538464
2024-02-05,2.0,5.0,0,4.891186014270236,5.723687269424661,3.9008816934705792,3.856771574455068,4.0300764149199395,0.05657734519040747,0.05975710411940056,0.035154620036199596,0.03825136612021858
2024-02-06,2.0,9.0,1,3.522722426698804,3.4281470525541944,3.673869436739213,3.6410033258336947,3.703144237216403,0.03825099737987208,0.06639196211286635,0.03633200512122232,0.03825136612021858
2024-02-07,2.0,4.0,0,2.79101999954843,2.7537869170520226,4.5366414621654165,4.3785069581498846,4.6577160286559085,0.10494760251355727,0.2930583695496589,0.06053625373253589,0.08108108108108109
2024-02-08,2.0,5.0,0,4.572500142614655,4.192475467803075,4.300521409238475,4.272819769416589,4.277863386470673,0.07358922350269982,0.07694357548544914,0.03806146129104954,0.03825136612021858
2024-02-09,2.0,4.0,0,3.7321261347006613,4.141211247628721,3.8125598328634047,3.8354596890640216,3.749879341104126,0.04059064193672409,0.09180829549355046,0.04026746006074142,0.03825136612021858
2024-02-11,2.0,1.0,0,3.3756575141310377,2.4911706024344547,4.061809325078002,4.014078262943261,4.086514792071045,0.060212391766729996,0.12922217001626202,0.04502819509802871,0.03825136612021858
2024-02-12,2.0,1.0,0,3.72386951444786,3.4380055228542377,4.492891499550594,4.407468783251124,4.502318748547432,0.09135390197156597,0.17699932623721523,0.05013579562528583,0.08108108108108109
2024-02-13,2.0,3.0,0,3.75686884412293,4.717021104852391,4.621009681645743,4.476377332780676,4.745284344399295,0.1130642163315448,0.3214948440156827,0.06288914407291349,0.08108108108108109
2024-02-14,2.0,1.0,0,2.6568801167225073,2.2975222356690064,3.6609559217524246,3.6570566755038256,3.636809216987377,0.03508603005879258,0.110260492743208,0.04272982047930803,0.03825136612021858
2024-02-15,2.0,3.0,0,3.444364114923925,4.252195841545286,3.433544354717213,3.4585392714356256,3.4158389587555833,0.02581950535973938,0.10966988139084957,0.04265483754821583,0.03825136612021858
2024-02-16,2.0,5.0,0,2.6697393346513065,2.3026617291071902,3.7359701346729173,3.659826643957231,3.7915771665677096,0.042755741545924375,0.06071118211078426,0.035328851096623384,0.03825136612021858
2024-02-17,2.0,1.0,0,3.7142657189299455,3.3776426787562297,4.468107275610878,4.38513143719801,4.546485647370377,0.0951108964139522,0.21461761376177912,0.05371922253245538,0.08108108108108109
2024-02-18,2.0,1.0,0,5.007697762089773,4.962144906703111,5.297885940078509,5.169218587267031,5.380910228011444,0.18109998312295564,0.25976483349247625,0.05771866823858538,0.08108108108108109
2024-02-19,2.0,3.0,0,4.562734653427858,3.5044113490224733,4.270836899293575,4.2299988081592685,4.36795916978876,0.08045185266435795,0.244593546327086,0.05640241471289379,0.08108108108108109
2024-02-20,2.0,3.0,0,2.823039089894726,2.621749842076713,3.395842144770085,3.420942155306457,3.249683527682391,0.02007511603132516,0.04769110633269479,0.0327782961563512,0.03825136612021858
2024-02-21,2.0,3.0,0,2.4668497220302443,2.1930285367503037,3.2569385750896633,3.2479008338818143,3.217090757076201,0.01906413700864229,0.02474757865766334,0.026821855997992902,0.0196078431372549
2024-02-22,2.0,3.0,0,2.2779014640478086,2.3283614152791974,3.4447420736032077,3.4608171810116075,3.2519463769399732,0.02014667850113508,0.15917750986987886,0.04832093134368675,0.038461538461538464
2024-02-23,2.0,1.0,0,3.276890107226788,2.8673256990883416,3.700259752870658,3.6777730736463052,3.5911645650050135,0.03301292773965876,0.11788564324191847,0.04367836818331617,0.03825136612021858
2024-02-24,2.0,4.0,0,3.7462376444881533,3.746184482564069,3.55707604354459,3.567949932125569,3.4002798126428675,0.025238461793340862,0.08893254780835046,0.03985839187972679,0.03825136612021858
2024-02-25,2.0,4.0,0,3.8245580418128955,3.2411633293585735,3.487152384607842,3.499643896603437,3.3204720665873024,0.02239970052493745,0.08415948130726283,0.03916164617759016,0.03825136612021858
2024-02-26,2.0,4.0,0,3.9715808849225764,3.6336921139493117,3.8325121712437977,3.7845034960684623,3.9523867623734112,0.05180316938300737,0.06988466423871427,0.03692222808829985,0.03825136612021858
2024-02-27,2.0,1.0,0,4.059980350946791,3.715201569045948,3.9494080688070703,3.928781170483185,3.9928208620742227,0.05425483455210982,0.0694613566191461,0.036851689341128244,0.03825136612021858
2024-02-28,2.0,5.0,0,3.841309676146016,4.671090512615617,4.123268110933037,4.116895432315439,4.103543193009077,0.0613368362868754,0.09056706886826171,0.040091844543150464,0.03825136612021858
2024-02-29,2.0,3.0,0,3.984475264817168,3.7099840671549824,4.167604738890837,4.108015753928399,4.194798829735732,0.06758221233377093,0.2596477770394387,0.057708601453933264,0.08108108108108109
2024-03-01,2.0,5.0,0,4.0339545527774145,3.427214491073487,4.259366670276563,4.180821203083341,4.394577713732277,0.0825483670636258,0.11482555519125259,0.04330193346844902,0.03825136612021858
2024-03-04,2.0,4.0,0,3.364785324836981,4.3952357938655515,3.8478488667648723,3.826768915966908,3.858759193797074,0.04639984290904191,0.11760176456691837,0.04364367638171456,0.03825136612021858
2024-03-05,2.0,2.0,0,3.5159283604005216,4.125076420234101,4.263894107432058,4.169192203070549,4.382456710117075,0.08158980609891116,0.20319883960631457,0.05266112562831509,0.08108108108108109
2024-03-06,2.0,4.0,0,3.631809666722284,4.325742851457113,4.006250681769185,4.0012494384339785,3.923764170509103,0.05011090462549725,0.15767236505436918,0.0481633379895327,0.038461538461538464
2024-03-07,2.0,6.0,0,3.16009735995656,3.1659222572521863,3.7242557069710647,3.7338947386656214,3.6215454526079878,0.034383353430772305,0.053697080535435114,0.03400420979637303,0.03825136612021858
2024-03-08,2.0,6.0,0,4.1269845303564,4.192835087231014,3.1926158345407694,3.245310932965094,3.179029127088449,0.017929707702677693,0.06201012581901197,0.03556329046091549,0.03825136612021858
2024-03-09,2.0,4.0,0,3.54596370205265,4.328131174723147,3.6280393850876353,3.6028564022732295,3.680589457679426,0.03715446947090542,0.0902715376626328,0.040049821311339946,0.03825136612021858
2024-03-10,3.0,1.0,0,3.1598547616367347,2.7755648001273765,3.5304319413532856,3.511438734593746,3.5730772890531597,0.03510401106918271,0.10880607196538408,0.042140381835241054,0.03389830508474576
2024-03-13,3.0,2.0,0,3.163568960322155,3.0239418132871476,3.3987506518593276,3.416019044059423,3.2687684112959134,0.022826090714898058,0.10849634435935189,0.04211264912149362,0.03389830508474576
2024-03-14,3.0,4.0,0,2.738719410414309,2.827700554067966,3.6778735888864214,3.6693924406235974,3.6314743403581367,0.03787609276007257,0.09832049118266933,0.04117074936838901,0.03389830508474576
2024-03-15,3.0,8.0,1,3.147818835512516,3.5498081648547926,3.7988258094405767,3.803050813078897,3.8121673436509864,0.04734362863371519,0.10316815998281198,0.04162716285336903,0.03389830508474576
2024-03-16,3.0,1.0,0,3.2092245765659806,3.344331434881283,3.806185679567667,3.7783594413072783,3.8590917666755757,0.05002631399710219,0.11428218390352265,0.04262239784155624,0.03389830508474576
2024-03-17,3.0,7.0,0,3.219411474190693,3.378709640480744,3.7958539794681254,3.7791873010749306,3.849916855839675,0.049494434783706034,0.07949431766446012,0.03923723484518761,0.03389830508474576
2024-03-18,3.0,3.0,0,3.0678138554599412,3.636910367760521,3.613300805699256,3.610659046421031,3.5804155630379215,0.035444768853198284,0.15822537701016473,0.046046377452331234,0.06666666666666667
2024-03-19,3.0,2.0,0,3.4530723813835413,4.301315058731307,3.443443353422624,3.467116474119332,3.348513924441603,0.025702724809437704,0.15454332599465545,0.04578362896377203,0.06666666666666667
2024-03-20,3.0,2.0,0,3.6849492692607755,5.447008239391772,3.4830086222340917,3.4977845857542964,3.4233295457074755,0.028617657737963424,0.20246244888765205,0.048967770209728534,0.06666666666666667
2024-03-21,3.0,3.0,0,2.9823243439119214,3.1300526810435096,3.409887937677883,3.457429483862817,3.2550306403253266,0.022353993662683157,0.07554066213085696,0.03879168470802669,0.03389830508474576
2024-03-22,3.0,4.0,0,2.5153709554102988,2.5125458693318774,3.250929020699129,3.212162641581808,3.2671586349699626,0.022770418414859484,0.030464414756984998,0.03181865127214924,0.019417475728155338
2024-03-23,3.0,1.0,0,4.509806210296949,4.879530347962037,3.1184666891448227,3.110105891543084,3.1618434900229238,0.01932866636913268,0.06634283325810904,0.03768738171475618,0.03389830508474576
2024-03-24,3.0,1.0,0,2.8112447408880272,2.9954631397268354,3.4625989430875226,3.4502491395904777,3.4701326849857743,0.03055027961630482,0.12932875376116926,0.04387449646874219,0.03389830508474576
2024-03-25,3.0,4.0,0,3.3327812201794957,4.27853270825858,3.6678559518055955,3.6340299179062505,3.675834742819786,0.04007487599600001,0.28243893130688735,0.05354828075476127,0.08
2024-03-26,3.0,5.0,0,4.8714003836797355,4.851642786497541,3.609975554446561,3.5963293192828556,3.6993654703573537,0.04127411861475485,0.1431648402067933,0.044947481028648,0.06666666666666667
2024-03-27,3.0,4.0,0,3.7304438656160284,3.3220447934152433,3.5290080606915306,3.5220098220200704,3.53775678558714,0.03349414060503494,0.14184934399983015,0.044848276508200544,0.06666666666666667
2024-03-28,3.0,4.0,0,4.343457086649887,6.249520661338359,3.6358133403652406,3.6067483255335415,3.6545675635329546,0.03901065451696777,0.2265722894956898,0.05042099961234657,0.06666666666666667
2024-03-29,3.0,3.0,0,3.247024665189083,3.6360679100707594,3.518828534816735,3.5172606061647618,3.5431225865766964,0.03373549082039031,0.0839936832245247,0.0397258395093474,0.03389830508474576
2024-03-30,3.0,1.0,0,3.6074656796057214,4.100354251549969,3.4217567615465305,3.4381260575223176,3.3075522568137754,0.02419588990077212,0.057544842921222264,0.036523111709044674,0.03389830508474576
2024-03-31,3.0,3.0,0,3.3919077602646213,3.7890776132336557,3.2394341192762894,3.281378979958087,3.1456464680481253,0.018833696113700008,0.0373900917768999,0.033252568480213844,0.03389830508474576
2024-04-01,3.0,2.0,0,2.8692631358647582,2.4752555901635906,3.172526591049002,3.1940086019028975,3.0988520270736575,0.017453706946961696,0.03347870258030622,0.032470245764557065,0.03389830508474576
2024-04-02,3.0,2.0,0,2.5177919468236976,3.060449882363576,3.4498464458008073,3.419581640996202,3.452187227360943,0.029799220032137485,0.06711849858138505,0.03778457289664204,0.03389830508474576
2024-04-03,3.0,6.0,0,2.861768576999827,2.9805407960030736,3.3473786104398258,3.3221056769244113,3.3383394623572467,0.02532262211534646,0.01824608284062287,0.028519967724154997,0.019417475728155338
2024-04-04,3.0,3.0,0,3.027140142803999,2.9374904606015857,3.1682167936378427,3.1597953585855625,3.2079222789312087,0.02078641454673175,0.009422537720044748,0.024791438938746857,0.019417475728155338
2024-04-05,3.0,2.0,0,3.46912974470818,2.7767170517381,3.2861237200901923,3.2768394131916616,3.339504434294583,0.02536594787469128,0.04895257971354448,0.035253345039765606,0.03389830508474576
2024-04-06,3.0,4.0,0,3.4766775288705207,2.696402636775077,3.169518370301189,3.1741291793584994,3.2054413456237723,0.0207060392101199,0.01438907131682792,0.027117264676312813,0.019417475728155338
2024-04-07,3.0,1.0,0,3.4765223537641625,3.1802677689898724,3.208961069684533,3.2298082849505665,3.157028272017713,0.01918057707456433,0.12155341389274685,0.04323981695626161,0.03389830508474576
2024-04-08,3.0,2.0,0,3.7840334643883646,3.180958509661186,3.299743139473188,3.3133340383994923,3.329768942702434,0.025005434242269267,0.09186749489849629,0.04053905520399351,0.03389830508474576
2024-04-09,3.0,4.0,0,2.97047271881375,2.8496896418315503,3.0217550716666257,3.0530437057868096,2.9191894075880414,0.012815340619130552,0.04314208160510714,0.034298041747890626,0.03389830508474576
2024-04-10,3.0,3.0,0,2.624745586019342,2.647617085846138,2.9735094478765762,2.964486626818079,2.9868692075329992,0.014443507800923754,0.023521248407514975,0.030105351929528828,0.019417475728155338
2024-04-11,3.0,2.0,0,2.635194252339234,3.142531294636033,3.2164064359337914,3.1928711158308856,3.2454079493543735,0.02202735652399868,0.006299859670373454,0.022768578826132698,0.0
2024-04-12,3.0,4.0,0,1.8984173930021957,1.9818745663247055,3.086333306477787,3.0693653036739352,3.1018624838593887,0.017540273664946895,0.008797501732921084,0.024434092085046454,0.019417475728155338
2024-04-13,3.0,2.0,0,2.6986290353822415,3.312743033033994,2.9798504611037,3.003238391338538,2.885357879126982,0.012053034692819913,0.03553667571241536,0.03288998349088056,0.03389830508474576
2024-04-15,3.0,3.0,0,3.130041707955721,2.946348252710173,3.0574443362831496,3.0745107606112514,3.0019896014053478,0.014826544741952207,0.02177951871079661,0.029615330732703327,0.019417475728155338
2024-04-16,3.0,2.0,0,3.9581419111140033,4.229871354455059,3.3486281552379507,3.3859116706608243,3.3392651222440355,0.025357043637951618,0.056901452051808105,0.03643303291125772,0.03389830508474576
2024-04-17,3.0,1.0,0,3.3553426179503334,2.903932079143095,3.4127426183436054,3.365013224140768,3.562494422072345,0.03461640596411281,0.11220171286472383,0.04244108534623902,0.03389830508474576
2024-04-18,3.0,5.0,0,2.9582255513765188,2.918869836094252,3.252926649460968,3.2070134249279283,3.1968243748805234,0.020428552560629153,0.028830530020491085,0.031444713256276326,0.019417475728155338
2024-04-19,3.0,5.0,0,2.6854563590115452,2.4868235601266675,3.2373787804949816,3.2153276462380984,3.158370762874478,0.019221784531796394,0.002451809143980116,0.018652044232670726,0.0
2024-04-21,3.0,3.0,0,2.7816823192143456,3.6701213226445466,3.551623759857219,3.4868335906477017,3.5643180050466685,0.034700106400820184,0.03334761840877198,0.03244285551880562,0.03389830508474576
2024-04-22,3.0,4.0,0,3.2357598003130743,3.193803910383201,2.9797931895779497,3.0447711267997133,2.8950196214773714,0.012267302058906401,0.04392208856952297,0.03443163586387965,0.03389830508474576
2024-04-23,3.0,3.0,0,2.5765963615109007,2.8251005103631965,3.0569884366768934,3.0641952351375767,3.0796040405132694,0.016907331760657292,0.004442158394143566,0.02114819531989017,0.0
2024-04-24,3.0,5.0,0,3.028606055297612,3.0080219726054644,3.1820728854956415,3.197326450532153,3.2250387581875124,0.021346857556237758,0.015152097823835196,0.027416183327343416,0.019417475728155338
2024-04-25,3.0,3.0,0,3.0785098354330374,3.0027500806190055,3.2947826963434728,3.3145139003288993,3.2030736710331147,0.020629534925617272,0.010612924079428966,0.025423510152946072,0.019417475728155338
2024-04-26,3.0,4.0,0,3.3797609332197758,3.897311643843172,3.2457926389220773,3.22795815796265,3.158248142295292,0.019218018152521426,0.004409423007176512,0.021115170233265423,0.0
2024-04-27,3.0,4.0,0,2.6765076588436623,2.8137226555183417,2.8181716634011207,2.844063732230884,2.7842001600054176,0.009969382006232494,0.020186240113257717,0.029139854467781227,0.019417475728155338
2024-04-28,3.0,8.0,1,2.6885982506368515,2.590461592272923,2.9087178362196284,2.9421530512626375,2.849642409764514,0.011284431933196927,0.03209379371595229,0.03217665305465388,0.03146884749677767
2024-04-29,3.0,8.0,1,4.600397766224807,4.769074494542059,4.950169916442832,4.715160993367348,4.886778543173213,0.13223205719379102,0.05432955102597674,0.036065350447048616,0.03389830508474576
2024-04-30,3.0,1.0,0,3.560618572575321,2.6993562804979443,3.6980610325262435,3.780651835362486,3.640532356095602,0.03831850611810534,0.013317433634520546,0.02667585141658237,0.019417475728155338
2024-05-01,3.0,3.0,0,3.0079853959400724,2.6565518594849826,3.2302393582613536,3.220859776192582,3.235873428201632,0.02170698333227357,0.07263656582976953,0.03845384791622291,0.03389830508474576
2024-05-02,3.0,2.0,0,2.934669401335056,3.1997728199338384,2.930843140153922,2.9353659037549122,3.0212511053633704,0.015324909029058455,0.1284604160623106,0.043804831681214566,0.03389830508474576
2024-05-03,3.0,5.0,0,2.64558166616787,1.9745547886160286,3.478682128570538,3.474974752451472,3.6184378857675745,0.0372452463717922,0.028092150955551006,0.031270402973311844,0.019417475728155338
2024-05-04,3.0,4.0,0,2.9190996221666357,2.009815445185499,3.405593314488199,3.452745855921185,3.245153214906512,0.02201875482161421,0.041905210046712646,0.03408245672079534,0.03389830508474576
2024-05-05,3.0,6.0,0,3.9227974162380823,4.415071942371491,3.1047770815899303,3.1813104867196493,2.9569079907774896,0.013705491707631433,0.02395748634594597,0.030223690185278117,0.019417475728155338
2024-05-07,3.0,2.0,0,3.188495401512052,2.4648792458044677,3.4594629838724686,3.4798429081317495,3.426209702672527,0.028734140024699,0.03337895693041195,0.032449411161382696,0.03389830508474576
2024-05-08,3.0,2.0,0,2.433512831744955,2.2979613252649576,2.9394352491971216,2.9314774356520426,3.0026971889548237,0.014844645278311188,0.015939222751934743,0.027712506436312113,0.019417475728155338
2024-05-09,3.0,3.0,0,2.712117786408324,2.926099661854182,3.051090882086829,3.065412414013891,3.0758757854921215,0.01680291536902014,0.00920488073525858,0.024669169633080832,0.019417475728155338
2024-05-10,3.0,1.0,0,2.609586435829057,2.125338138222798,2.938474468155784,2.926635938099642,2.9430907356649385,0.013374416581186762,0.011556768215738478,0.025886289184808634,0.019417475728155338
2024-05-11,3.0,3.0,0,2.806391932936169,3.1428204111466993,3.1840596892708226,3.090791599737088,3.280336819530985,0.023228933922169275,0.03192577597420103,0.03214038423974221,0.019417475728155338
2024-05-12,3.0,6.0,0,2.961195894027238,3.268412203904655,2.7101578615443676,2.688880027740487,2.838804099183447,0.011058394666194342,0.06132392049143707,0.037037941655010016,0.03389830508474576
2024-05-13,3.0,4.0,0,2.6119096938617727,2.981520388529294,2.8187953848096017,2.8112820504476295,2.902070364184195,0.01242539204097629,0.1747071456519853,0.04718151309938044,0.06666666666666667
2024-05-14,3.0,2.0,0,2.8402323192070136,2.7222138873197634,2.745992977873007,2.755328703633817,2.82705007867582,0.010816998387032305,0.1779963698164651,0.047400769555237705,0.06666666666666667
2024-05-17,3.0,3.0,0,2.1182579015461522,2.1267336247263002,2.796581788332456,2.7979099180686178,2.925574093035441,0.012963006431889957,0.08221155728698804,0.03953454045867198,0.03389830508474576
2024-05-18,3.0,4.0,0,2.0723303748469193,2.235691358244277,2.6999344721016043,2.685324497082524,2.8296846288407647,0.010870768455591616,0.09926838743947403,0.04126116097943495,0.03389830508474576
2024-05-19,3.0,3.0,0,2.2311690167883054,3.099453339403782,2.8116849766183014,2.8150545841017456,2.86481217540571,0.011606409318840261,0.0931026136287675,0.04066223856269936,0.03389830508474576
2024-05-20,3.0,5.0,0,3.169309560885986,1.8556125974522237,2.9673500971391187,2.9641273485608193,2.855725897966821,0.011412764974022282,0.011639059955955594,0.025925218108191622,0.019417475728155338
2024-05-21,3.0,3.0,0,2.541331520399553,2.4829039070653254,2.9140280322626655,2.9432531589100797,2.868999295609296,0.011696440755860214,0.0,0.0035378873577212003,0.0
2024-05-22,3.0,3.0,0,2.082032341994113,1.9657948000485987,2.7155071428353823,2.7231731416518055,2.727146208000625,0.008917506332186863,0.12098969209226952,0.04319281195182062,0.03389830508474576
2024-05-23,3.0,4.0,0,2.508375414497407,1.984304280126558,2.7028485752392437,2.713359037452978,2.7869095862120967,0.010021490700936712,0.18747375205812833,0.04802048615829906,0.06666666666666667
2024-05-24,3.0,5.0,0,2.9924628929856754,3.533130199978794,2.8888778454672,2.8841952518701475,3.051690956357636,0.016136622855983614,0.11430197342070508,0.042624112149281204,0.03389830508474576
2024-05-25,3.0,4.0,0,2.837612123255649,3.4057009023702194,3.0983420348852375,3.1276557657879285,3.018604634700215,0.0152557387874178,0.01788726948725905,0.028399783842307843,0.019417475728155338
2024-05-26,3.0,5.0,0,2.8216417893026704,2.5865099984625375,3.1017119362471455,3.104909458723619,3.1216349164964154,0.018116367363382447,0.028166233797510282,0.031288048613998865,0.019417475728155338
2024-05-27,3.0,6.0,0,2.5993704701769005,2.8848807350384527,3.0099064054326754,2.9455423560305496,3.291099156178783,0.023608078196690835,0.02310171259849692,0.029989941342866675,0.019417475728155338
2024-05-28,3.0,4.0,0,2.7498211966029578,3.171158322317345,3.231710419408211,3.211088887633477,3.305521345177386,0.02412279499325639,0.02505137180578666,0.0305133111258323,0.019417475728155338
2024-05-29,3.0,6.0,0,3.788023547095488,3.014444053180189,3.170753245594329,3.22013712131155,3.1799700881742616,0.019893309387731286,0.035453945807990314,0.032873469488777715,0.03389830508474576
2024-05-30,3.0,2.0,0,2.4421790590866803,1.972567082275714,2.9122791453193506,2.9111460723574716,2.8841685839217885,0.01202684812005114,0.018183900826317264,0.028499272006416214,0.019417475728155338
2024-05-31,3.0,7.0,0,2.377887074395892,2.0854735680138887,3.0192842078281,3.0061757286006903,3.0183650059077674,0.015249486652319977,0.019720891760765497,0.028995523458478098,0.019417475728155338
2024-06-02,3.0,2.0,0,2.4401630989957326,2.804599326915361,2.8501259550276377,2.863061458465621,2.900032399955925,0.012379547132599707,0.08610591105975239,0.039948968470262664,0.03389830508474576
2024-06-03,3.0,5.0,0,2.4017445030628783,2.4811085855556323,2.9481847227365083,2.9913638767142925,2.8729059589768786,0.011780896909360026,0.016525898061429144,0.027926049956903287,0.019417475728155338
2024-06-04,3.0,3.0,0,2.509007132046184,2.7174084726156877,3.180230118476944,3.2261086921804587,3.0913361780588997,0.017238901403048904,0.02031075551095189,0.02917803713843912,0.019417475728155338
2024-06-05,3.0,7.0,0,3.280001941238374,2.384572087912458,4.101149016313511,4.123771852295711,4.184959353242722,0.07125762818537253,0.028769397697636596,0.03143041188563578,0.019417475728155338
2024-06-06,3.0,6.0,0,1.9597363885870844,2.3270992433751676,3.7029915518118224,3.769756975589219,3.6941104947205328,0.04100431179517753,0.0890800291582601,0.040256838665195555,0.03389830508474576
2024-06-07,3.0,7.0,0,3.751986656162587,2.147596734807034,3.118000145278135,3.1437878402042068,3.0731575012892254,0.01672707291421954,0.01159391506241928,0.025903888623310587,0.019417475728155338
2024-06-08,3.0,4.0,0,5.171095396475758,5.3212238689219715,4.323580405689603,4.17551591743416,4.4042186293195,0.08811221788753926,0.0806391728831206,0.03936334867613328,0.03389830508474576
2024-06-09,3.0,2.0,0,3.044535466502593,2.7538764245804637,3.786713462963672,3.8454503109017324,3.7588073853276884,0.04440605435450101,0.00684078870010429,0.023168451525829345,0.01725130184022715
2024-06-10,3.0,4.0,0,5.24237824201541,6.082014385554936,4.448010775051003,4.478832131920799,4.483587002240329,0.094716574984093,0.06411019771514706,0.03740300738605883,0.03389830508474576
2024-06-11,3.0,12.0,1,4.221523790460032,5.585797697760911,4.4321945095732245,4.531204255650968,4.360918809727625,0.08462118860175553,0.03181241945821969,0.03211583280629666,0.019417475728155338
2024-06-12,3.0,20.0,1,4.953952051698548,7.219397978491038,6.997612434595295,6.5559855422538,7.4324393703483524,0.4605961424391064,0.07536025411759312,0.03877096710316222,0.03389830508474576
2024-06-13,3.0,11.0,1,3.5448796264866917,4.244087274155388,3.996015862970947,4.220683858373239,3.902165224271216,0.05257123454321181,0.03461505811597496,0.032704349795621826,0.03389830508474576
2024-06-14,3.0,5.0,0,2.8304398323818263,2.7522439451125313,3.3209282839694314,3.472316664573969,3.1723862488384498,0.019655690950010466,0.019847017504089532,0.029034900141433232,0.019417475728155338
2024-06-15,3.0,4.0,0,2.781686679396096,2.843819699342288,3.244556559137056,3.2708962025819983,3.170185448695109,0.019587107767141128,0.05205035847525709,0.03572871400159373,0.03389830508474576
2024-06-16,3.0,3.0,0,2.65299898889236,3.0674959215186566,3.057527329291441,3.101928911261374,2.956950000621953,0.013706507176691153,0.04652868670910206,0.03486564879409738,0.03389830508474576
2024-06-17,3.0,5.0,0,3.120655291912181,2.7484606948084522,4.027891178776339,3.9779350554564004,3.9119873905412144,0.05316264442459873,0.024419615636257525,0.0303472590572462,0.019417475728155338
2024-06-18,3.0,8.0,1,3.2594090041380412,2.6412332357427366,3.564061983406627,3.6080491855757675,3.484125270453905,0.03114462904211696,0.0452627630981893,0.0346571865764576,0.03389830508474576
2024-06-19,3.0,6.0,0,2.8022354759591397,3.605070176676007,3.1930324740722353,3.239609227618447,3.112704891965257,0.017854557653211988,0.040861016956131965,0.033896722422502676,0.03389830508474576
2024-06-20,3.0,6.0,0,3.8947773759176023,3.4972000987363145,4.438599710174241,4.374030148771702,4.402331499813133,0.08795841449728915,0.07835070595726684,0.039109984949094595,0.03389830508474576
2024-06-21,3.0,12.0,1,4.858184287771418,5.311977268638809,4.201518447531648,4.33951773548838,4.1060092305344105,0.06569411418334739,0.07091080447663498,0.03824853976461533,0.03389830508474576
2024-06-22,3.0,1.0,0,2.9587450899627914,2.265236900613948,3.4628323929110616,3.520966227481457,3.4080726117748843,0.028005935219678705,0.13012757604997038,0.043938325932933855,0.03389830508474576
2024-06-23,3.0,5.0,0,2.8302802893107586,3.302442798068765,2.8845609096001894,2.9176558520430325,2.8886554583831274,0.012125858211717737,0.16985337909296622,0.046853750992724624,0.06666666666666667
2024-06-24,3.0,2.0,0,2.7907418542172424,4.91086100108412,2.7031273191342717,2.691822890047121,2.810123343805336,0.01047613625055107,0.164511496937267,0.04648689354844417,0.06666666666666667
2024-06-25,3.0,3.0,0,3.098069970516834,3.0653743629540386,2.590479299204378,2.6021179149597313,2.653965609747651,0.00769072315826299,0.24544403604815235,0.05150930066305823,0.06666666666666667
2024-06-26,3.0,3.0,0,3.4177250052189496,4.11452897089329,2.7543036064499224,2.833539889577875,2.6120311854260394,0.007046766915369378,0.04595155289061292,0.034771140009728425,0.03389830508474576
2024-06-27,3.0,3.0,0,3.469986536828815,3.5824696991211997,3.822455364973944,3.8068029052936296,3.8418152851809944,0.049027750785085825,0.006110127222661546,0.02262191220743886,0.0
2024-06-28,3.0,2.0,0,2.9756583261308105,3.7375646476292452,3.1986902686104584,3.2325490829054324,3.2642996279874184,0.02267177388007329,0.14851845963507862,0.045345642166910914,0.06666666666666667
2024-06-29,3.0,6.0,0,4.091425791800837,6.150642899563027,3.1739321418620348,3.2155459562730093,3.176426171440809,0.019782022565954613,0.1124213732346069,0.04246033148877931,0.03389830508474576
2024-06-30,3.0,3.0,0,2.838555825633911,2.851049206074735,2.682797371594858,2.6847735423815773,2.782655628065546,0.009939765778057948,0.219148824257286,0.049981779865371716,0.06666666666666667
2024-07-01,3.0,2.0,0,3.1167102043622714,3.5917424245767573,2.8897898835386444,2.941655416195484,2.7898384638765634,0.01007804353856252,0.021886648195968146,0.02964632585297545,0.019417475728155338
2024-07-02,3.0,2.0,0,3.338418248171257,3.6007663597459603,3.199392948598676,3.210746970799214,3.152105912288243,0.01903001520161929,0.009204698500921357,0.024669066316791395,0.019417475728155338
2024-07-03,3.0,2.0,0,3.0529649255548192,4.119158181203797,2.951927116361757,3.0059222430623813,2.897558273773261,0.012324054781439327,0.09648641211600012,0.040994133684462114,0.03389830508474576
2024-07-04,3.0,4.0,0,2.978720748173327,4.02690468156143,2.9903382562110865,3.0108429501335103,2.981588852399053,0.014311424919750435,0.1960752303652167,0.04856868314395901,0.06666666666666667
2024-07-05,3.0,4.0,0,3.1104486930121373,2.7968952494831787,2.824988139283979,2.8609596092775673,2.873580986086782,0.01179553458131022,0.3507881416270632,0.057105565941906425,0.08
2024-07-06,3.0,4.0,0,2.272065736612464,2.59717556625724,2.882862476296298,2.8899373070993835,2.9701734276746086,0.014028834648002942,0.14711628018265782,0.04524220218567259,0.06666666666666667
2024-07-07,3.0,2.0,0,2.311907170382897,2.3511407177379646,2.6816067981387373,2.685915826615979,2.7547566251606206,0.009415812562340729,0.14060483402759302,0.04475391008520044,0.03389830508474576
2024-07-08,3.0,5.0,0,2.8042778526534113,2.9337837321064097,2.78018303858543,2.738977921044578,2.944224088162099,0.013401354395750414,0.1696521187423314,0.04684004822557524,0.06666666666666667
2024-07-09,3.0,6.0,0,2.2511852756825736,3.2623148810379696,2.805843848934216,2.8091204831069705,2.9097799820841788,0.012599931873644206,0.17979615273159485,0.04751980268508443,0.06666666666666667
2024-07-10,3.0,5.0,0,2.782837737284511,2.0102384355711687,2.671627419081369,2.6851956529436447,2.7502962298191402,0.009333961493368141,0.21893264098841303,0.049968885790951434,0.06666666666666667
2024-07-11,3.0,4.0,0,2.815915846480262,3.72841299824968,2.8475153548588628,2.8150387466111617,3.038948783431169,0.015793215473969297,0.16016066108880816,0.04618305433442725,0.06666666666666667
2024-07-12,3.0,1.0,0,2.849125609663629,4.057639893910716,2.9997571419946123,2.950482297328944,3.218734653020088,0.02113923810526361,0.17283707001469714,0.04705583918198262,0.06666666666666667
2024-07-13,3.0,3.0,0,3.2700830125396996,3.242295260843113,2.773143504872719,2.827432588585255,2.7323399473704995,0.009009725943568277,0.03134159576689772,0.03201314209552532,0.019417475728155338
2024-07-14,3.0,6.0,0,2.8513871784428284,3.4918341984559853,2.813383811368882,2.824737812770431,2.912119276003836,0.01265323941768966,0.1279896924520153,0.04376694302795827,0.03389830508474576
2024-07-15,3.0,6.0,0,2.2128648371774884,2.401107280142766,2.6795314563409627,2.676795053654214,2.7498791112935357,0.009326333886719426,0.14475724339437923,0.04506683326154162,0.06666666666666667
2024-07-16,3.0,2.0,0,2.9557640396080584,3.352659203876487,3.036002426876682,2.9714829338574886,3.310260447545542,0.02429359705416639,0.02267566839127236,0.029871077685359054,0.019417475728155338
2024-07-17,3.0,8.0,1,1.9051878328292877,1.6069323754570854,2.878716042770981,2.8674785903637066,2.933935777101661,0.013158243178328902,0.03163217911165353,0.03207665810730063,0.019417475728155338
2024-07-18,3.0,3.0,0,3.504840482965263,3.388005781805991,3.085207708684543,3.0929667956141547,3.116136800048054,0.017954857005770684,0.032060768076329765,0.03216953544246758,0.02359763730938512
2024-07-19,3.0,7.0,0,3.518428691909026,3.503963379837435,3.2403749192239153,3.279672430799655,3.2785765653308077,0.023167323708554035,0.13839117765131623,0.04458479131420197,0.03389830508474576
2024-07-20,3.0,4.0,0,3.1258940949929,3.3688379691518118,2.9524040947253,2.9511210999748676,3.0657010832633858,0.016520275702932755,0.2363354375694343,0.05098878459823698,0.06666666666666667
2024-07-21,3.0,4.0,0,3.080956315571904,2.799729525644957,2.812798790917262,2.7984614585542844,2.9391286430653265,0.013280550116832613,0.12865518880399715,0.04382048349110695,0.03389830508474576
2024-07-22,3.0,6.0,0,2.8935058249828045,2.9253256008524615,3.0226324383545373,2.962002159554601,3.3111240374833675,0.024324810790606548,0.12454904633168104,0.04348730183959821,0.03389830508474576
2024-07-23,3.0,2.0,0,3.277283456517534,3.270237562062892,2.847524324922466,2.8691694525280247,2.923165648986752,0.012907160556747767,0.06218838229530095,0.03715246342111219,0.03389830508474576
2024-07-24,3.0,1.0,0,2.9547338618768824,2.918962165346308,2.739414171159172,2.7551310326010205,2.7810046655606597,0.009908179935930518,0.022460527519951087,0.029810400156115444,0.019417475728155338
2024-07-25,3.0,2.0,0,3.2721269611122157,3.3242578023422786,2.889289056335364,2.8687383873404886,2.897088682199238,0.012313542589606059,0.0185765117944875,0.028629034882615083,0.019417475728155338
2024-07-26,3.0,2.0,0,2.7795612855090095,3.0935179903282144,2.6946501912930447,2.729702332839158,2.7182730080314887,0.008761563319084122,0.116135918060292,0.042782153705959426,0.03389830508474576
2024-07-27,3.0,4.0,0,3.141420111415903,2.5682939546846275,2.9779261639176564,2.9602906492449215,3.125961670224981,0.018244184213622165,0.08776032265278723,0.04012111309703715,0.03389830508474576
2024-07-28,3.0,3.0,0,3.865465993150158,5.132037351831215,2.977795827299759,2.986684863471467,3.040255245880077,0.015828184328716986,0.13399756787571188,0.04424414655190048,0.03389830508474576
2024-07-29,3.0,6.0,0,3.1843019839590307,3.313274410760833,3.204950237028568,3.193266256454499,3.267337557219586,0.022776601608370795,0.10365468652583365,0.04167217317321067,0.03389830508474576
2024-07-30,3.0,4.0,0,3.1071415987125177,3.58164033041558,3.039538281972249,3.0747700754633636,2.9589622001739575,0.013755209604679403,0.03284358882295448,0.03233677159721,0.03389830508474576
2024-07-31,3.0,14.0,1,4.584506571875529,4.868495356158979,3.974946329677641,4.01632077690614,3.93866859831004,0.05478999850028424,0.07678319479551611,0.038933437014667976,0.03389830508474576
2024-08-01,3.0,21.0,1,4.262321427075493,3.90279050252067,5.748187016975957,5.780542939560274,5.995517478858775,0.26342517664785525,0.07235710384515343,0.03842083754049338,0.03389830508474576
2024-08-02,3.0,11.0,1,2.8045619159583937,3.268484301115759,3.9754102852180053,4.162420471624133,3.905139230769833,0.05274986952444902,0.03359788340650926,0.03249507837263255,0.03389830508474576
2024-08-03,3.0,8.0,1,2.8856168523101138,3.4559544589230304,3.355943671099542,3.3812056221312883,3.3191175638475814,0.024615036030755696,0.02626005929476088,0.03082225384019024,0.019417475728155338
2024-08-04,3.0,12.0,1,4.268872330909851,4.482135818607052,3.6927333299102534,3.7404512077906986,3.7078259640022906,0.041710912903334584,0.05423910715248863,0.03605219103717516,0.03389830508474576
2024-08-05,3.0,8.0,1,4.1190634336460095,3.421188945563415,3.2238358420703612,3.2981622717582244,3.1241171505608945,0.018189617943738443,0.05846276310645115,0.03665036660507986,0.03389830508474576
2024-08-06,3.0,8.0,1,2.6203697917188005,4.189006447946688,2.8281966850538254,2.851694729635783,2.810020112388054,0.010474081759982759,0.32872818859079267,0.055977965151608695,0.08
2024-08-09,3.0,7.0,0,2.571578426875981,2.4799552166642007,2.8180477979438328,2.8059984643045044,2.990997570728526,0.014547379684384142,0.17961396852439723,0.04750778309744819,0.06666666666666667
2024-08-10,3.0,5.0,0,3.03829340940716,2.959154862697165,3.0298543949602594,3.0678014604384813,3.0409696283766636,0.01584732876415113,0.017938133115681546,0.028416933565029903,0.019417475728155338
2024-08-11,3.0,7.0,0,2.47736707443999,2.1804778131734572,3.067255988591231,3.087346013377358,3.1506206939227184,0.018984749319657584,0.055702955031863795,0.036263237323542384,0.03389830508474576
2024-08-12,3.0,4.0,0,2.9189929649024142,3.354984724371054,2.9724529992507844,3.0191900503545637,2.9226517452101004,0.01289526685099338,0.030880320708656987,0.03191139066965942,0.019417475728155338
2024-08-13,3.0,4.0,0,2.3685433141596777,3.331486713666268,3.048464378310345,3.0704341199536582,3.02539004320178,0.015433534555825468,0.027855986294806043,0.0312139130702928,0.019417475728155338
2024-08-14,3.0,8.0,1,2.2917291691799058,2.3575026305097606,2.9000158465081496,2.954671893952052,2.790813447205971,0.010096920823130948,0.008463406900075587,0.02423483881116071,0.019417475728155338
2024-08-15,3.0,2.0,0,3.348772181189749,3.4947811840951517,2.9339775090303437,2.964580670053232,2.9563509965814947,0.013692033048257172,0.03536644151242657,0.032855970758904327,0.03389830508474576
2024-08-16,3.0,3.0,0,3.2015672383932765,3.3822376384610653,2.9150551780366305,2.93584512472022,2.9532401242729356,0.013617039215445414,0.07580958771138946,0.03882250290042528,0.03389830508474576
2024-08-17,3.0,4.0,0,2.645025514522276,2.9000238807713505,3.1766792972728335,3.171750005882221,3.2176496878769307,0.02110364777639125,0.06372303054422038,0.03735297238720957,0.03389830508474576
2024-08-18,3.0,7.0,0,3.1532531090072657,3.9084609727667248,2.982182857757839,3.01146053989677,2.993747636305853,0.014616868197434931,0.1790151112829964,0.0474682267206615,0.06666666666666667
2024-08-19,3.0,2.0,0,2.9766818726179536,3.0615899225950716,2.827635935455438,2.8753746831297793,2.775457902221187,0.009802597947031448,0.18795537351016878,0.04805152586009342,0.06666666666666667
2024-08-20,3.0,3.0,0,3.094198713437004,3.039042725763042,2.890439110839978,2.9404586663527645,2.855118679966593,0.011399908193323547,0.15042705047571756,0.045485509795296385,0.06666666666666667
2024-08-21,3.0,2.0,0,3.1091004533477276,3.9110876385467277,3.168256122848452,3.207126800524283,3.1378479595742115,0.01859857588984463,0.1558287609700467,0.04587576764520792,0.06666666666666667
2024-08-22,3.0,5.0,0,3.5724334448285155,4.703225871044302,3.134898428682067,3.144250633838217,3.128819116894649,0.01832894271172096,0.1613075180882895,0.04626359993045019,0.06666666666666667
2024-08-23,3.0,4.0,0,2.4107589086179275,2.5220696185370075,2.78081092108293,2.7934615712017337,2.828549244333585,0.010847571947529073,0.09946727661053184,0.04128005766647708,0.03389830508474576
2024-08-24,3.0,1.0,0,2.015382350470591,2.2981064400325595,2.969639275241285,2.9461211847746953,3.1626184622971834,0.019352574674975656,0.0862764600765179,0.03996681915053218,0.03389830508474576
2024-08-25,3.0,4.0,0,2.594563444226927,2.948417300745058,2.9596358698554255,2.9665222185192763,3.033160564928539,0.015638947414005476,0.15076839091500685,0.04551041302218868,0.06666666666666667
2024-08-26,3.0,5.0,0,3.2227361495157094,3.5425921020944786,2.951503113949261,2.9771601583321106,2.9782327564177273,0.014227925694999432,0.02589044300732914,0.03072895727425138,0.019417475728155338
2024-08-27,3.0,4.0,0,2.5381205928395008,3.1938081157526357,2.9883209027052606,3.0264690446576803,2.993652012292889,0.014614448006040594,0.1449583132075848,0.04508184726319715,0.06666666666666667
2024-08-28,3.0,4.0,0,3.1210348247565536,3.37580966952907,3.115956694528748,3.0798050772877987,3.310705426339387,0.024309677008859817,0.105128944136967,0.041807711141031656,0.03389830508474576
2024-08-29,3.0,4.0,0,2.404416957110551,2.4446641888199108,2.8956029356184736,2.907992838254182,2.9194444475244135,0.012821215878372013,0.036592444207339175,0.033098223815990827,0.03389830508474576
2024-08-30,3.0,4.0,0,2.484594605761253,3.2904559914830687,2.7865443972591724,2.81152059985464,2.770778488942934,0.009714168023781188,0.025107218416789423,0.030527834730093545,0.019417475728155338
2024-08-31,3.0,5.0,0,2.612257871364667,2.1435112523738886,2.9122379260730415,2.880828205440651,3.056478826998713,0.01626701580279782,0.013192127351790858,0.0266224464264649,0.019417475728155338
2024-09-01,3.0,2.0,0,2.593115942019379,2.1167426165976444,3.009845017706739,3.0488142379287684,2.997019069647499,0.014699838830186954,0.05531561646634566,0.0362077919772602,0.03389830508474576
2024-09-02,3.0,3.0,0,3.1865830983683567,2.721629628992903,3.283984394045279,3.278296338813098,3.2927912574086675,0.023668073483832302,0.021266721651843692,0.02946531651409018,0.019417475728155338
2024-09-03,3.0,3.0,0,2.382823820504345,2.0773193444891156,2.9581703272171542,2.9626433242424137,2.998690267574168,0.01474235347902445,0.06747919229344736,0.03782949446420301,0.03389830508474576
2024-09-04,3.0,9.0,1,2.750159083282494,2.33277505507818,2.9376151906057717,2.9282651989006427,3.0924589598387024,0.017270871763090778,0.0375624687006656,0.0332855969993183,0.03389830508474576
2024-09-05,3.0,4.0,0,2.6788845361701,2.7379581515315863,3.0726391792231085,3.104685720823594,3.077891860144486,0.016859322348529257,0.012636602876707606,0.026380801895365895,0.019417475728155338
2024-09-06,3.0,5.0,0,2.6547589713907076,2.7870561399307547,3.0416116719589024,3.0704438237362153,3.023130998866898,0.015374178774327,0.0020762711864406778,0.01800778099131898,0.0
2024-09-07,3.0,4.0,0,2.966520617483092,2.6135322040691444,2.931514487406784,2.9419174833542354,2.946155937534568,0.013447360856445637,0.00896552239315572,0.024532062294896084,0.019417475728155338
2024-09-08,3.0,1.0,0,3.1028399641567015,3.235456456282179,2.9837978363664344,3.0042314448073295,3.025102675097613,0.01542597500322582,0.015850239940094678,0.027679586193632994,0.019417475728155338
2024-09-09,3.0,4.0,0,2.5387050368030972,2.5081938131586754,3.12868847175841,3.0920269876028272,3.2238828074390606,0.021308682011840958,0.004136619175236407,0.02083215160128456,0.0
2024-09-10,3.0,5.0,0,2.7333668144614682,2.4506492314567434,3.0913922616703675,3.0711821163507214,3.071445835743704,0.016679440372390605,0.02403562573427904,0.030244711806870543,0.019417475728155338
2024-09-11,3.0,3.0,0,2.934858950787324,2.7248148349655916,3.1084108862841004,3.1079547383140187,3.1760238176172355,0.0197694152956457,0.016831872505637443,0.028035092630325775,0.019417475728155338
2024-09-13,3.0,7.0,0,2.785819896037329,2.6156828159553487,3.039882374905882,3.0346059877602887,3.1475713385707347,0.018892048746368687,0.0,0.0035378873577212003,0.0
2024-09-14,3.0,2.0,0,2.9975664944971143,3.6585760786289496,3.0442565574309945,3.059536161742615,3.1236063476734532,0.018174527203604317,0.01977093031112489,0.02901116882328168,0.019417475728155338
2024-09-15,3.0,2.0,0,2.7101977884605564,2.4756814892690153,3.2642166215088775,3.2310320989035204,3.3978771087367923,0.027602116302362294,0.04403775282464247,0.03445129520343763,0.03389830508474576
2024-09-16,3.0,6.0,0,3.022807955781139,3.4865364802439984,3.394344424665078,3.4158762766304003,3.3493804737078636,0.025735276557062304,0.057867819828779365,0.03656805445184377,0.03389830508474576
2024-09-17,3.0,1.0,0,2.7901366971722275,3.3204457252470534,3.1323347046049297,3.14457458777953,3.167495533529288,0.01950350961600009,0.07802646042482748,0.03907366980809236,0.03389830508474576
2024-09-18,3.0,1.0,0,4.724814940634446,3.693406052863222,3.7082535433054393,3.7322534886272014,3.755232756688225,0.04421354061883872,0.04090559618670265,0.033904724018519995,0.03389830508474576
2024-09-19,3.0,4.0,0,3.9745684084727104,2.748049217187288,3.56286592536452,3.650545753796959,3.624056728176993,0.037516297360191554,0.06374192813966455,0.037355419660389536,0.03389830508474576
2024-09-20,3.0,2.0,0,3.1572114433786385,3.712860657356186,3.4347109267572846,3.457924174078459,3.3825520491828573,0.027002577539847833,0.024768246086009138,0.03043929608765175,0.019417475728155338
2024-09-21,3.0,6.0,0,4.011550494327929,3.3612735949636927,3.779662697274516,3.7638589481126967,3.7645110542441103,0.04471433805983637,0.02341497895476535,0.030076268860180545,0.019417475728155338
2024-09-22,3.0,3.0,0,2.98241732620681,2.536378648292994,3.143083629326662,3.239412159714054,3.060476804638344,0.016376467345656426,0.02231297216128766,0.02976852487462147,0.019417475728155338
2024-09-23,3.0,3.0,0,3.4222186185899623,3.6299505515445962,3.116477352219357,3.1314704831585765,3.1313282951164063,0.018403598453748334,0.015212528723242708,0.027439352413103503,0.019417475728155338
2024-09-24,3.0,2.0,0,2.4572231563652287,3.2524960494233386,2.8450121360059004,2.8636143893849497,2.837971998619822,0.011041177959480963,0.00233085250338295,0.018453605745061975,0.0
2024-09-25,3.0,6.0,0,2.825498411940327,2.8575877338123603,2.9309713701305653,2.9355780241984046,2.96001695608794,0.013780787965571325,0.004681573162271076,0.021384065427440056,0.0
2024-09-26,3.0,1.0,0,2.6051425093123353,2.462459219978493,3.075038818421627,3.0863038803517044,3.1019417424569458,0.01754255685228261,0.06299719764661822,0.03725857771842862,0.03389830508474576
2024-09-27,3.0,4.0,0,2.4839363601259126,2.415555237966086,2.908500037825235,2.955181299345653,2.8627295012139693,0.011561815154133738,0.018777300312679747,0.02869457853325181,0.019417475728155338
2024-09-28,3.0,1.0,0,1.8348759675729387,2.1276373946663374,2.8268736453657355,2.819503426613286,2.8482290919793596,0.011254768123830552,0.01123029464326221,0.025729677664970172,0.019417475728155338
2024-09-29,3.0,4.0,0,1.95920270108062,2.28239812200032,3.137088904705725,3.1789744217087508,3.022247739420015,0.01535101559327103,0.0018846153846153848,0.017642691750619072,0.0
2024-10-02,3.0,1.0,0,2.6222514807841932,2.5246553494493007,2.9771951592923442,2.991296415111257,3.0864215417711582,0.017099452171180873,0.13760773877706872,0.044524542161563034,0.03389830508474576
2024-10-03,3.0,2.0,0,2.937077664126993,3.005086863541071,3.132647289907285,3.131279596148183,3.205215287353733,0.02069872631095001,0.028715905031121976,0.03141787871109724,0.019417475728155338
2024-10-04,3.0,1.0,0,2.8297227242497294,3.1032288377324373,3.06978405267338,3.095072865294929,3.0690555628075518,0.016613084057970743,0.0017808499444671765,0.017432614427732383,0.0
2024-10-05,3.0,2.0,0,2.6876027094672676,3.1906019903495424,2.981490686128198,2.971691947292194,3.030803528288663,0.01557643535387847,0.006978794899838821,0.02326646865879957,0.019417475728155338
2024-10-06,3.0,4.0,0,3.018512081780402,2.7355925820800584,3.266563319029351,3.249085429387824,3.348529432188052,0.025703307107872508,0.016615440581780713,0.0279581221621362,0.019417475728155338
2024-10-07,3.0,5.0,0,2.8712595873169726,2.446207284887446,3.349957882866637,3.338959149557892,3.3896487961306274,0.027279102929402624,0.11218005926479925,0.042439186777214755,0.03389830508474576
2024-10-08,3.0,2.0,0,2.980888625812536,2.226340973192855,3.1251759689547454,3.1436001379096137,3.1230511897963793,0.018158136055388074,0.04419937995458717,0.034478702508387006,0.03389830508474576
2024-10-09,3.0,2.0,0,2.6993689585684986,2.263590964600769,3.1177212700401005,3.1230275478882965,3.123724233012261,0.018178009129856162,0.02623359007289951,0.030815606180372192,0.019417475728155338
2024-10-10,3.0,1.0,0,2.9765672710985887,3.579888342960839,3.228887216347883,3.2489097271425895,3.2325862005423955,0.021597280134532566,0.00940097565706604,0.024779425867134757,0.019417475728155338
2024-10-11,3.0,4.0,0,3.7661454497448545,4.672560571783474,3.2890316996267104,3.292734392228045,3.2930505382687807,0.023677275818257505,0.011348149534240798,0.025786619339414642,0.019417475728155338
2024-10-12,3.0,3.0,0,3.1530303750709376,3.287363081483926,3.0942824177416153,3.1094701548699795,3.0849542605931317,0.017057973971009128,0.04791394225736638,0.03508899721821507,0.03389830508474576
2024-10-13,3.0,3.0,0,3.1440089816360395,3.0917883025792765,3.131090476917494,3.1551551472222523,3.1442276767022777,0.0187907662579336,0.013683107624587798,0.026829490172780652,0.019417475728155338
2024-10-14,3.0,2.0,0,2.950716093691891,2.7511461263363053,3.2830281445290046,3.2703502846096275,3.376260807697915,0.026759035158511545,0.004155938260652503,0.02085267099762951,0.0
2024-10-15,3.0,3.0,0,2.412512162981282,2.6697113465737226,3.207880751684905,3.172987274577523,3.3185457912854925,0.024594198015989804,0.03337435199276494,0.0324484481560271,0.03389830508474576
2024-10-16,3.0,2.0,0,2.653873925568665,2.084133053489765,3.222176974761745,3.29017181989349,3.154483397791673,0.01910263245668878,0.03210961310536568,0.0321800604448554,0.03389830508474576
2024-10-19,3.0,3.0,0,3.6745572972776346,3.295958862795516,3.3822859605704196,3.369253750003224,3.3100768064847226,0.0242869630443846,0.04118826504420529,0.0339553093860104,0.03389830508474576
2024-10-20,3.0,4.0,0,2.9349601628187267,1.9899773206604112,3.815969754484682,3.7993201101522494,3.9290770966179087,0.05420147992780515,0.03936567030841334,0.033624449435449025,0.03389830508474576
2024-10-21,3.0,1.0,0,3.639861376064796,2.770595687438494,3.78203549886453,3.729220395055247,3.8965133459988763,0.052232793226602424,0.055498440838081836,0.036233997468814984,0.03389830508474576
2024-10-22,3.0,1.0,0,2.6386381512114134,2.142215401674792,3.3158779119306714,3.269939712765998,3.4444013803099067,0.029477259354641773,0.06455657788837964,0.037460425766508064,0.03389830508474576
2024-10-23,3.0,3.0,0,3.4873297178051197,2.720796735087724,3.0120868730195625,3.0419279381865665,2.971359450209227,0.014058007274065842,0.015618027147619042,0.027592994239300023,0.019417475728155338
2024-10-24,3.0,4.0,0,2.932147202201518,3.069406866570699,3.235079523816047,3.2264345592693164,3.282104465097596,0.02329091626215236,0.020388087110149274,0.029201659924918636,0.019417475728155338
2024-10-25,3.0,2.0,0,2.646241918237144,3.3899044554962976,3.48079267550677,3.481240644550375,3.532570895371028,0.033261973812794825,0.0031601162505128923,0.019679896507984525,0.0
2024-10-26,3.0,2.0,0,3.0869465987947184,3.1696108579239444,3.9512749122527477,3.8494159787627935,4.366620470584325,0.08507633757885001,0.1536451776907038,0.04571898373949559,0.06666666666666667
2024-10-28,3.0,2.0,0,2.9064108769579944,2.412583943700723,3.2633686304581127,3.226040762154952,3.312836176827747,0.024386775909087006,0.12581821168944288,0.0435910152272013,0.03389830508474576
2024-10-29,3.0,2.0,0,3.0375382931264414,3.432869485154249,2.7577138045255927,2.835421244846791,2.65053031842469,0.007636389298814366,0.013333735008213266,0.026682770131609,0.019417475728155338
2024-10-30,3.0,3.0,0,3.3450205380154636,3.761607487190534,3.3061109944820597,3.3642955861122434,3.1644556237374806,0.019409334680098245,0.0686079727872579,0.03796897618585567,0.03389830508474576
2024-10-31,3.0,2.0,0,3.4135012702164227,3.274971182468293,3.277816976842092,3.2821996187276157,3.2541818407058907,0.02232504787124598,0.06918231052037711,0.03803931861035924,0.03389830508474576
2024-11-01,3.0,4.0,0,3.0309195693123088,2.596713342593504,3.1077824330857173,3.1699770821823128,3.0614684244954002,0.016403695171545003,0.008777084465896381,0.024422087272863793,0.019417475728155338
2024-11-02,3.0,2.0,0,2.8712873238204666,2.2792245735636842,3.2336521622001855,3.215265883348284,3.300833764957839,0.02395466221308229,0.017529678781096625,0.02827813500048697,0.019417475728155338
2024-11-03,3.0,3.0,0,2.8576585978440345,3.4110668753018065,3.6127276245157027,3.5298460185187004,3.6152688655614305,0.03709294125372938,0.015135754247175517,0.027409904878521407,0.019417475728155338
2024-11-04,3.0,4.0,0,2.635833184477859,2.578222556776447,3.0416989611910386,3.05445549965645,2.952901159975622,0.013608885638996175,0.02610165140203448,0.030782393361611638,0.019417475728155338
2024-11-05,3.0,6.0,0,2.946021060410178,3.952518379727293,3.231651346945543,3.2469905860346246,3.199872325317132,0.02052640603395879,0.01591701486014481,0.02770430377261054,0.019417475728155338
2024-11-06,3.0,5.0,0,3.34709618332696,3.3475525055924553,3.5925622051881323,3.575906189989259,3.6801906451900543,0.04029514779489219,0.07725938494780867,0.03898733523785427,0.03389830508474576
2024-11-07,3.0,1.0,0,3.716766040691972,4.861053351417567,3.4684536233090872,3.46328017791815,3.5204520579585217,0.032723599132710696,0.06948848741619494,0.038076647944835375,0.03389830508474576
2024-11-08,3.0,3.0,0,3.12387345751161,3.0948746968145997,3.473716793723765,3.4480988925956035,3.5484789700511574,0.03397756439794124,0.0716021963914234,0.03833121319024786,0.03389830508474576
2024-11-09,3.0,5.0,0,2.7501802781238984,3.3391647897824277,3.1022978359212723,3.1075771776279653,3.0582481349368784,0.016315389531904173,0.03183526460944058,0.03212078608505435,0.019417475728155338
2024-11-10,3.0,2.0,0,2.8831165264079783,3.2962825502079056,2.9793872277969333,3.0033468468977675,2.8714762662826825,0.011749938065104673,0.029351711017239688,0.031565709211360184,0.019417475728155338
2024-11-11,3.0,3.0,0,2.7322074549184694,2.451108382732236,3.206216031159284,3.2304301897168015,3.1901599956825466,0.02021572710393924,0.02382757060484659,0.030188622373462145,0.019417475728155338
2024-11-12,3.0,10.0,1,2.8235963090057346,2.377035280950451,3.4340110048733363,3.4497695606389276,3.455512616252873,0.02993744892299933,0.1453316245365593,0.04510968944526158,0.06666666666666667
2024-11-13,3.0,3.0,0,3.6787958430308674,4.340612306380233,3.9874329616987625,3.897562799517465,4.099466719392165,0.06524513232682032,0.20287872279390887,0.04899355689750816,0.06666666666666667
2024-11-14,3.0,4.0,0,3.4688229507771497,2.617707936360921,3.5093386755092544,3.490685886207817,3.5691330930377405,0.03492175588940296,0.10737016688236482,0.042011370983725906,0.03389830508474576
2024-11-15,3.0,6.0,0,3.0029018487827983,3.975672963693419,3.4129722141590633,3.411382547327652,3.332148006819835,0.025093207538738584,0.09475221210426793,0.040825039810077034,0.03389830508474576
2024-11-16,3.0,4.0,0,2.460919794750048,2.2340099563750186,3.4001889624239077,3.4223963755487667,3.311663834467339,0.02434433526007466,0.02762226566802465,0.031157646335659994,0.019417475728155338
2024-11-18,3.0,3.0,0,2.7148732835412175,3.1075001904160255,3.331222852310069,3.314775128946069,3.33311005504682,0.025128761117871715,0.04454068073195197,0.03453633310470926,0.03389830508474576
2024-11-21,4.0,3.0,0,2.9479632786369057,2.424605294420291,3.070751068364265,3.144029067461897,3.026401566127449,0.01702073629684541,0.009528324530006538,0.02969487135801871,0.023076923076923078
2024-11-22,4.0,7.0,0,2.7502122427084177,2.313969274371273,2.8188533625611165,2.9124669596122224,2.7597479328362393,0.010587381103148863,0.0327044672508793,0.04312961086562287,0.03468208092485549
2024-11-23,4.0,2.0,0,2.6726037250881913,2.7383397636939932,2.8272906032023983,2.893165282966299,2.7638391016307176,0.0106701753069672,0.03956097224703207,0.045710555989787585,0.03468208092485549
2024-11-24,4.0,1.0,0,2.4634411712050097,2.6421126110764015,2.7430630966222167,2.863261978700869,2.7140331517584624,0.00969358788303082,0.06186133375114229,0.05246625117437825,0.06390977443609022
2024-11-25,4.0,8.0,1,2.1552936193428143,1.9976126116704744,2.752662358516311,2.8733399379086992,2.6415109347208876,0.008390100952860116,0.021887807454853213,0.03817741893143549,0.023076923076923078
2024-11-26,4.0,7.0,0,2.862327937948419,2.475013153590252,2.8266041332438654,2.942067384499102,2.6967542852908335,0.009370495003632007,0.033015353975211756,0.04325414239249811,0.03468208092485549
2024-11-27,4.0,6.0,0,2.9536350358071255,3.283035855031252,3.2634473428263724,3.3383568363221756,3.093858923579898,0.019005696635701366,0.07699853433961264,0.05618634349485415,0.06390977443609022
2024-11-28,4.0,4.0,0,3.098505956588659,3.1488062526153118,3.369477999302972,3.4569435774489787,3.223916924469681,0.023275252204920913,0.1198388557657436,0.06474568124160887,0.06390977443609022
2024-11-29,4.0,1.0,0,2.930707335410405,3.2041547438049083,3.3820876946600054,3.432227872429192,3.24337436921523,0.023965801991937975,0.0681162267347799,0.05406629144072462,0.06390977443609022
2024-11-30,4.0,3.0,0,3.095740760997826,2.8248423230654476,3.5368164850067383,3.5281127033212782,3.525485538654953,0.03557810518206647,0.08326048315695518,0.05759098319322896,0.06390977443609022
2024-12-01,4.0,2.0,0,3.2186197272120722,3.7337960621575497,3.172449093914512,3.2538407096325908,2.9765231857348717,0.015649774416145703,0.1714939339666498,0.07301174054615889,0.07446808510638298
2024-12-02,4.0,8.0,1,3.2446034165454596,3.9346215634459227,3.3947847945400804,3.4487214586742794,3.209519645002678,0.02277311109426021,0.08662825606344059,0.05831972822142105,0.06390977443609022
2024-12-03,4.0,1.0,0,3.3887423270823875,3.6441504669383216,3.3661799658960816,3.4210043369897285,3.2587562504093817,0.024521472725028214,0.10481157981915626,0.061987048889095106,0.06390977443609022
2024-12-04,4.0,2.0,0,3.432403243682267,3.911241715397255,3.130259982532419,3.163893522933952,3.0725185805705055,0.0183612067482751,0.029724740697931726,0.041893309785120764,0.03468208092485549
2024-12-05,4.0,3.0,0,3.433024478366319,3.2654456799980456,3.1690354506278418,3.225144355178161,3.0841153657113236,0.018709518109055467,0.001963175170328746,0.018422501356138234,0.0
2024-12-06,4.0,4.0,0,3.4270959351297905,3.143493029879736,3.148478694305295,3.2519624988581968,3.0750553442539226,0.018437010000639308,0.03413324919350383,0.04369550773669647,0.03468208092485549
2024-12-07,4.0,3.0,0,3.687045510861736,4.103671638952686,3.685621470489893,3.6411210885540504,3.7212979887683177,0.04548449106577183,0.0688865273191214,0.05425679086098798,0.06390977443609022
2024-12-08,4.0,6.0,0,3.2444810361203946,3.050422542266893,3.7699041317506694,3.73549257296449,3.7289112726234164,0.04590130178463631,0.09034145470362684,0.05910355023081563,0.06390977443609022
2024-12-09,4.0,1.0,0,3.4572850960487402,3.439124085409596,3.7270264103121864,3.710835697010999,3.6867683720855204,0.04362405846295576,0.08710210838501167,0.058420871832997164,0.06390977443609022
2024-12-10,4.0,2.0,0,3.5136580469690895,4.284738924985834,4.100592885638855,4.025024598514869,4.042435110103528,0.06516430868639775,0.1251167793361546,0.06566785186986641,0.06390977443609022
2024-12-11,4.0,3.0,0,3.3793770294903043,3.1912841103008844,4.1172347753453264,4.047373067530401,4.153208083464996,0.07295501727682449,0.1885595075498705,0.07546044279079803,0.10256410256410256
2024-12-12,4.0,3.0,0,3.264936463726101,3.7750340537620413,3.8937880239613976,3.8503056452403475,3.8727319118068007,0.054227221063047185,0.20945489681134727,0.0783284545580249,0.10256410256410256
2024-12-13,4.0,5.0,0,3.2828998114405676,2.6356693054597162,3.8668024720407232,3.832143033684126,3.821100626299852,0.051139115510051854,0.10440243429903287,0.061908857163590826,0.06390977443609022
2024-12-14,4.0,7.0,0,4.0034621462635345,3.9092999239809654,3.8572602929260476,3.8346644910733856,3.858693650089559,0.05337655379937021,0.10985331961405585,0.06293640542432422,0.06390977443609022
2024-12-15,4.0,3.0,0,3.2390736690256454,3.3748954066572487,3.3223192513513293,3.3452612421870933,3.3413346166338096,0.027654226750451944,0.1132193682170342,0.06355635243704144,0.06390977443609022
2024-12-16,4.0,6.0,0,3.0240309103095835,2.8006384328576335,3.2364561645990024,3.2332385426371775,3.2739356327750744,0.025078335694525025,0.07825753917332945,0.05647426614501347,0.06390977443609022
2024-12-17,4.0,3.0,0,3.1769035977756532,2.583927647149759,3.59689051949394,3.5971012665392195,3.569592558979117,0.03767407012571939,0.09338738552845008,0.05973214555777301,0.06390977443609022
2024-12-18,4.0,4.0,0,3.4574033256449277,2.7599902414421007,3.853714582762703,3.8337206558488797,3.8637980299762797,0.053684906692319706,0.08739605948937136,0.05848344791395014,0.06390977443609022
2024-12-19,4.0,3.0,0,3.284097985414607,2.9211989655550377,3.830864409135868,3.828552407276774,3.8300702539126594,0.05166760428584633,0.157075162111721,0.070851114386663,0.07446808510638298
2024-12-20,4.0,9.0,1,3.5801647693084515,4.341991163625858,3.5449181585099576,3.5804205755326515,3.5093397699952487,0.034830271392594266,0.15338801639191602,0.07028303242994148,0.07446808510638298
2024-12-21,4.0,8.0,1,3.3002978252278132,3.5061040515803463,3.3437643140334252,3.396081301662077,3.3174402704763026,0.026721583695388813,0.17574589220551556,0.07363202508870387,0.07446808510638298
2024-12-22,4.0,2.0,0,3.3357679272050356,4.130208483476311,3.630711406666227,3.6677528957830865,3.5092341959629216,0.03482541553127282,0.20815603307573205,0.07815379395691555,0.10256410256410256
2024-12-23,4.0,7.0,0,3.4537053947808056,3.4382490317086916,3.5591355156547064,3.5637145615483523,3.557439517040346,0.037088780398185965,0.15813818521184467,0.07101365032271728,0.07446808510638298
2024-12-24,4.0,9.0,1,2.45327255634558,1.9437138142521138,3.544803795235106,3.5055769850759044,3.522070261857447,0.03541905319166968,0.17188137497721165,0.07306856015363326,0.07446808510638298
2024-12-25,4.0,5.0,0,3.7623100106801926,3.4373079017633876,3.948749020142572,3.911118313285459,4.045212466701698,0.06535335762153448,0.12451167579426826,0.06556323505934548,0.06390977443609022
2024-12-26,4.0,5.0,0,3.4218553413965194,3.9974754088880196,2.924230338482297,2.985410933905628,2.868107351650591,0.012941766121767848,0.1146556923511448,0.06381768946963107,0.06390977443609022
2024-12-27,4.0,5.0,0,2.9597928517862884,3.8302909584541407,2.73500016844793,2.7972480584801938,2.7732905731243087,0.010863235975629965,0.11541545716189475,0.06395517682117219,0.06390977443609022
2024-12-28,4.0,1.0,0,3.3918919744017155,4.756373768674566,2.7114218839558633,2.7880005746856438,2.7362549348526755,0.010120918683864359,0.09219691937815525,0.05948795187449507,0.06390977443609022
2024-12-29,4.0,4.0,0,2.808034271384568,2.7126765987319814,3.0485191201589044,3.0985070413856004,3.049492814735771,0.01768305437697431,0.12530426043419296,0.06570020899086614,0.06390977443609022
2024-12-30,4.0,2.0,0,4.106331447418304,4.067567404684806,3.3865851251075054,3.419431139258137,3.320007116244712,0.02682074357429911,0.09188213161205974,0.059423065808115016,0.06390977443609022
2024-12-31,4.0,6.0,0,3.7269926380723315,3.8438663744782677,3.502880281816692,3.533006892892092,3.373588421637645,0.02894740745213167,0.141420582018877,0.06838945330051989,0.07446808510638298
2025-01-01,4.0,4.0,0,3.9348325265957227,3.8232425635079865,3.471878469213022,3.515291325452418,3.394042250538736,0.029788042603676134,0.1303950499821015,0.06656887815076888,0.06390977443609022
2025-01-02,4.0,4.0,0,3.7226798224275774,5.778796636610668,3.544552037738133,3.5608937276409565,3.4201326642099836,0.03088368887047354,0.24960533445295469,0.08353939602944126,0.10256410256410256
2025-01-03,4.0,5.0,0,3.442087483202941,3.5461292050518165,3.1386320287929697,3.195528073921111,3.111141275497044,0.019539012752497694,0.14762183525586783,0.06938055927920046,0.07446808510638298
2025-01-04,4.0,3.0,0,3.2168299904327653,3.2346152773350307,2.9363258060819333,2.9921492880756504,2.9813322121992827,0.015778445892109548,0.06935039670970734,0.05437086026149781,0.06390977443609022
2025-01-05,4.0,4.0,0,3.2271754923890086,3.6477374643155565,2.980503627312996,3.0365674650704046,2.943001393529236,0.014773338532798951,0.1718762766470979,0.07306781286060937,0.07446808510638298
2025-01-06,4.0,7.0,0,1.9976876822066725,3.1164359645052477,2.634140151171043,2.716275560669176,2.557509911000863,0.0070464157294435,0.08196199994184976,0.05730520100675518,0.06390977443609022
2025-01-07,4.0,5.0,0,2.525127977384765,2.2337907085357824,3.0183744195849207,3.067096279028081,2.9767846791086545,0.015656751917880365,0.08401158956873425,0.0577550496676183,0.06390977443609022
2025-01-08,4.0,2.0,0,3.354436025460931,3.7559304508751734,3.3909719613943783,3.4345242291632285,3.408359060774212,0.030386012855943542,0.1485354399866373,0.06952473690476868,0.07446808510638298
2025-01-09,4.0,4.0,0,3.3712444393966443,3.30608764169924,3.6908628148690488,3.6909599388796726,3.580894652577923,0.038223708489954225,0.14958748129427418,0.06969019794627039,0.07446808510638298
2025-01-10,4.0,3.0,0,2.9037090086017807,3.4071683892718863,3.6397613617564044,3.6832869043613097,3.4926650509885464,0.03406879338684413,0.18890857053763555,0.07550945089102055,0.10256410256410256
2025-01-11,4.0,6.0,0,3.188913235818519,3.7266222528283857,3.9321071222169244,3.889529002535297,3.9300553643004417,0.0577864737951658,0.2673922611670104,0.08575475437409463,0.10256410256410256
2025-01-12,4.0,7.0,0,2.6972581711814128,2.4220100210211455,3.6551096536968717,3.67376194373397,3.7229464615796273,0.04557453839850416,0.25413087654060407,0.08410756142350581,0.10256410256410256
2025-01-13,4.0,4.0,0,3.1345260782168833,3.0162312913358287,3.744070590329623,3.7500918259224694,3.643308318005803,0.041352023852399736,0.15880407808740352,0.0711151878534217,0.07446808510638298
2025-01-14,4.0,6.0,0,2.16186343107202,1.8185247663853805,3.26119434972615,3.342448877452927,3.121693821241639,0.01986970162251282,0.09747641451924433,0.06055704290382517,0.06390977443609022
2025-01-16,4.0,3.0,0,2.8699189605533477,2.279525336284331,3.098314387701831,3.1699254096756064,3.0322348272354622,0.017186382242726048,0.10083708043377067,0.061219781542262236,0.06390977443609022
2025-01-17,4.0,5.0,0,3.3625277632238526,3.594690207337394,3.654161349918762,3.66144800365679,3.5887148233540924,0.0386070288553689,0.07771012098138748,0.0563494319556797,0.06390977443609022
2025-01-18,4.0,4.0,0,3.7799935937361147,4.339011731732624,3.5249452648377444,3.5488540340323533,3.5610724647590386,0.03726312141763525,0.15593268897702145,0.07067581612031572,0.07446808510638298
2025-01-19,4.0,5.0,0,3.392526015430308,3.561019740657062,3.3187651733247594,3.374480968125431,3.2325197556107717,0.023578873499406076,0.18137898315588838,0.07444309175900714,0.10256410256410256
2025-01-20,4.0,6.0,0,4.1602419174269825,3.522325219908238,3.949131425580194,3.9101759548175075,3.8953401064466795,0.05561453472689054,0.13636944948719118,0.06756517089194164,0.07446808510638298
2025-01-21,4.0,4.0,0,3.8500599899364825,3.6094294615366267,3.5669311039366716,3.564740479802813,3.488819884164737,0.03389475802610889,0.10193563052852209,0.061433596394914185,0.06390977443609022
2025-01-22,4.0,3.0,0,3.204066311571131,3.4034526560229583,3.2712068085429564,3.306870430634541,3.153556904396313,0.020891652809373416,0.05832390266908541,0.051515143610080416,0.06390977443609022
2025-01-23,4.0,1.0,0,2.7940563090148878,2.4393675357342626,2.8037408685727367,2.9141913875890952,2.709876516995967,0.00961513511526274,0.06278941342386739,0.052709978686345846,0.06390977443609022
2025-01-24,4.0,2.0,0,3.0154977749695213,3.2204372364217737,3.3822822489959594,3.436259734849355,3.268483251125505,0.02487733668400038,0.13164575837087159,0.06677945183073139,0.06390977443609022
2025-01-25,4.0,9.0,1,3.6333189540523745,4.015499886260292,3.9716773893453277,3.935992347728171,3.9435055242618153,0.05864156080588215,0.18206260895374357,0.07454072666584868,0.10256410256410256
2025-01-26,4.0,3.0,0,3.8759994488063105,4.080100830470449,3.589489110737563,3.5774153621574447,3.514552053567118,0.035070559635079414,0.16133546674270424,0.07149926787351465,0.07446808510638298
2025-01-27,4.0,3.0,0,3.6884245596219856,3.1546536994277092,3.6344121586688307,3.689970632430995,3.4513609106578067,0.03222978224207989,0.1327551611631696,0.06696533062670433,0.06979796472604764
2025-01-28,4.0,5.0,0,3.2934638158105476,3.4177125417038816,3.9193091185124675,3.884840509017913,3.88837809096826,0.055185041451545555,0.20684033062062532,0.07797641404028424,0.10256410256410256
2025-01-29,4.0,3.0,0,3.698101724651801,3.449129622848823,3.6889896943491904,3.6553827940724806,3.73321606413788,0.046138039228140325,0.27995725536184773,0.08729391057577389,0.10256410256410256
2025-01-30,4.0,4.0,0,3.30457186918968,3.5173725555343736,3.2917480815249456,3.317954536310409,3.250153968833116,0.024209648902987137,0.07367472761467533,0.0554118828631322,0.06390977443609022
2025-01-31,4.0,2.0,0,3.3327261829283197,4.837021720125886,3.6225936417988915,3.5910923303994773,3.670069472904093,0.042741913961841765,0.21532850564629405,0.07911289389936545,0.10256410256410256
2025-02-01,4.0,5.0,0,4.160056640284418,4.179096757885298,3.9293185477007575,3.901826873596752,3.7705322158113823,0.04822233898254713,0.12972501184937382,0.06645561712327565,0.06390977443609022
2025-02-02,4.0,5.0,0,4.25784313187185,4.102685497250715,3.583864390884877,3.629979129285045,3.4723734468083203,0.03315695832706987,0.13945009937865055,0.06806977878427349,0.07446808510638298
2025-02-03,4.0,5.0,0,3.359337120289878,4.573647557157506,3.507192446870732,3.5325202490682996,3.370585631965079,0.02882534289614865,0.19346936066799764,0.07614614258122776,0.10256410256410256
2025-02-04,4.0,3.0,0,2.9368683133035955,3.378102354111261,3.43886994289732,3.4760040828080645,3.260381053516227,0.024580674635370964,0.20238090183417287,0.07737170464696146,0.10256410256410256
2025-02-05,4.0,5.0,0,3.1284242201881365,2.8222901541048997,3.0166718381604936,3.1069540119626233,2.886216842403287,0.013368910171917893,0.22305210342227066,0.0801316903323097,0.10256410256410256
2025-02-08,4.0,8.0,1,3.224282942505297,4.307100818555213,3.868930350084457,3.841438080820031,3.924475031098174,0.05743393473701373,0.18023988652792955,0.07428003133303201,0.09290925624296069
2025-02-09,4.0,9.0,1,3.839193220827292,3.593874610579614,4.457508325737657,4.381239904104427,4.312370791909277,0.08504353281780867,0.242507817372286,0.0826414855941525,0.10256410256410256
2025-02-10,4.0,1.0,0,3.5145782381588604,3.96121538665942,3.9527041466158623,3.9496979870831663,3.8199772984461142,0.051073165709493364,0.1352958765467338,0.06738789614190502,0.07446808510638298
2025-02-11,4.0,4.0,0,3.732487681022061,4.417300195355442,3.9909044508972666,3.9706873737679014,3.8038685133229384,0.050133215486336535,0.11925324078471329,0.0646419783721151,0.06390977443609022
2025-02-12,4.0,2.0,0,3.641525956937676,4.767463975832136,3.5806390783248125,3.6121075169935266,3.46185140845124,0.032690511198404396,0.10180186220196248,0.06140763303645072,0.06390977443609022
2025-02-13,4.0,5.0,0,3.5355235277723134,3.3376744747735563,3.4204875840198325,3.4599841506489493,3.3298640113061544,0.027203824569942074,0.052477834563955196,0.049858038481579874,0.03468208092485549
2025-02-14,4.0,6.0,0,3.652632918582903,4.917648441381412,3.739231137281405,3.740890627481375,3.731450002307878,0.046040823902820355,0.10392709052967156,0.0618177899750009,0.06390977443609022
2025-02-15,4.0,6.0,0,3.1360562210810103,3.9785807014165844,3.768783120182296,3.6949115907838443,3.8071078456370757,0.05032136254067942,0.12366282417899221,0.06541600217973853,0.06390977443609022
2025-02-16,4.0,6.0,0,3.2873514758558153,4.115802214321845,3.664569616787798,3.6575322503445085,3.6619797731147865,0.04231867248050295,0.11723549349378377,0.06428246416830428,0.06390977443609022
2025-02-17,4.0,2.0,0,3.647153142309527,3.938242086377083,3.52998123171539,3.5293400340694308,3.505985311222644,0.03467619970425505,0.0768324840497146,0.05614815208256335,0.06390977443609022
2025-02-18,4.0,4.0,0,2.2517783785537655,2.2307321412709817,3.718635918132968,3.6586928982763074,3.7217758281137114,0.04551058135381385,0.1994324334641926,0.07696881629870315,0.10256410256410256
2025-02-19,4.0,3.0,0,3.075403652737419,2.9932940723757446,3.2324357332376543,3.2470106796864213,3.2292691465697696,0.023463833878011833,0.19114392414407003,0.07582234509978879,0.10256410256410256
2025-02-20,4.0,3.0,0,3.0085362395219466,2.1425304530978244,3.076211421564193,3.148660623415736,2.955169545914806,0.015087357275327281,0.04550485329150053,0.047715492271228725,0.03468208092485549
2025-02-21,4.0,2.0,0,3.9344153087139158,3.978244509981746,3.107896482784845,3.1786114393452394,3.0938721568738985,0.019006101092214303,0.05349831876924174,0.050155641407859414,0.03468208092485549
2025-02-22,4.0,4.0,0,3.5653812783395016,3.7047746781617907,3.107591048420115,3.1645047954116023,3.0587765167513963,0.01795433697478738,0.14698111439609085,0.0692791714015734,0.07446808510638298
2025-02-24,4.0,3.0,0,2.4769010762637085,2.7578389897437185,3.3759272554885076,3.4192777476250202,3.315334216786073,0.026640409135235226,0.18247637228839506,0.07459973862655152,0.10256410256410256
2025-02-25,4.0,5.0,0,3.549050410183379,3.6785036919438476,3.6825981739044016,3.669327883321534,3.672423760973222,0.04286559039400327,0.16838292571268806,0.07255326117804878,0.07446808510638298
2025-02-26,4.0,4.0,0,3.7269844836038954,4.014501837951095,3.852742114202091,3.788674176437227,3.8623959934100456,0.053600101851584765,0.19589423580982662,0.07648198263234843,0.10256410256410256
2025-02-27,4.0,11.0,1,3.43701023108316,3.3559042877009246,3.343817514717605,3.347348166895558,3.2365386390135926,0.023721632816009204,0.15772479563172226,0.07095050815556662,0.07446808510638298
2025-02-28,4.0,5.0,0,2.851705995807342,2.7382146595756405,3.0409605598947107,3.0884254597201846,2.973001388724644,0.015556014734653009,0.15119620361915287,0.0699420635963084,0.07446808510638298
2025-03-01,4.0,1.0,0,3.295237405518365,3.212266351400404,3.0588545852408315,3.0930807874017323,3.0183413687183736,0.016793697025335043,0.06991959689964226,0.05451017605982483,0.06390977443609022
2025-03-02,4.0,6.0,0,2.911419751825599,2.3753623964351522,3.037350143928393,3.0831671319389287,2.9918290211990857,0.016061886029397784,0.020708432705110785,0.037542409690033064,0.023076923076923078
2025-03-03,4.0,5.0,0,3.730126567778124,3.4137977703671716,2.6802773092237975,2.7679560729423724,2.6245214729943833,0.00810431358207788,0.07704576986699205,0.056197198285660006,0.06390977443609022
2025-03-04,4.0,4.0,0,3.387299760650906,2.9596080579454482,3.050583847720101,3.107808999734397,2.994753278323949,0.016141481929841054,0.1381455885673627,0.06785683110317138,0.07446808510638298
2025-03-05,4.0,6.0,0,4.0191078485658425,3.840080043710411,3.079508608844709,3.118122498559428,2.982956845291446,0.01582208285855813,0.12672248402974126,0.06594412015807197,0.06390977443609022
2025-03-06,4.0,5.0,0,4.2374044536655395,3.291042775544216,3.6088069213725475,3.6089141844663235,3.5796329914310605,0.03816209684594403,0.2117667166441564,0.07863824569635716,0.10256410256410256
2025-03-07,4.0,2.0,0,3.9794464768839504,3.4924901510348283,3.2477952211229413,3.3475532389321154,3.1922487785753946,0.022180576512308533,0.19150659076484813,0.0758729567298532,0.10256410256410256
2025-03-08,4.0,2.0,0,2.9421713739753814,3.2017644511513237,3.3825065421029237,3.400924918538404,3.3814513400525765,0.029268670521751916,0.21565833415238778,0.07915668887556686,0.10256410256410256
2025-03-09,4.0,6.0,0,2.9437542411206894,2.909118541785197,3.917592259168939,3.8562462004788878,4.005904205399488,0.06270785855955227,0.19493985986127538,0.07635002009685352,0.10256410256410256
2025-03-10,4.0,9.0,1,2.993489683810293,3.1484524696857505,3.9024626971030116,3.8282635947576398,3.99342959594771,0.061881859345683195,0.18708047046292034,0.07525233701665157,0.10256410256410256
2025-03-11,4.0,4.0,0,2.7723805195140803,2.5334309215763464,3.346419473028142,3.366529454673924,3.2511338165452615,0.024245030682042902,0.18053480454926896,0.07432229382602511,0.10256410256410256
2025-03-12,4.0,7.0,0,2.0813062284102757,2.375886584990417,2.8967984187898637,2.973123586987206,2.717011325740273,0.00975008373701632,0.1774832646886607,0.07388344579005719,0.07446808510638298
2025-03-13,4.0,4.0,0,3.308923993691635,4.351071694605112,3.9120188256783646,3.8378906663679153,3.9326750654880294,0.057952424717457034,0.2955475256901932,0.08917931012806642,0.10256410256410256
2025-03-14,4.0,4.0,0,2.9732184350627877,2.909897619386602,3.462805132724486,3.4774325393517644,3.375221902639967,0.029013953688750184,0.08492059347903855,0.0579524124203627,0.06390977443609022
2025-03-15,4.0,1.0,0,2.606527773124287,2.5757146916640394,3.0479351755518955,3.102028873194922,3.0257246018766555,0.017001585367675782,0.026762693764339672,0.0405779267805533,0.03468208092485549
2025-03-17,4.0,4.0,0,2.9225941532153783,2.7702107375637035,3.4226541221289386,3.4596194706152286,3.5036274802429315,0.03456817052248642,0.10477236462550389,0.06197956218249886,0.06390977443609022
2025-03-18,4.0,6.0,0,2.8741225876987877,3.3668383062168674,3.665880825296173,3.643534161414069,3.6030270176193753,0.03931496524937433,0.19126451819262116,0.0758391791876491,0.10256410256410256
2025-03-19,4.0,6.0,0,3.011179264861838,3.42688955843599,3.914213182132113,3.8409305411392825,3.976762563061655,0.06078845782316661,0.08986675332903865,0.05900444372709392,0.06390977443609022
2025-03-20,4.0,5.0,0,3.474216047774913,3.5920646154140434,3.8589688704601692,3.799781440519253,3.9377365871507406,0.05827387390992985,0.19675900273073943,0.07660131521539411,0.10256410256410256
2025-03-21,4.0,4.0,0,3.517041190870401,3.650457144027228,3.9363960715517794,3.905350043033219,3.916400664128399,0.05692614667545565,0.15175538474527547,0.07002928987183704,0.07446808510638298
2025-03-22,4.0,1.0,0,3.68154486856708,2.8661156283604763,3.793712493814093,3.774082842461103,3.7567419535403466,0.047445361204045654,0.09970685619490886,0.060998369364947694,0.06390977443609022
2025-03-23,4.0,11.0,1,3.9463585765217433,5.1176792828881155,3.946389074474698,3.955297111606132,3.7769482671913672,0.048586525243676314,0.20130284403875146,0.07722468465289985,0.10256410256410256
2025-03-24,4.0,16.0,1,3.0297677135115557,2.2387916329533324,3.2784588271492257,3.314059983117135,3.089684570379558,0.018878411576210077,0.1306031673583477,0.06660399324502106,0.06390977443609022
2025-03-25,4.0,8.0,1,3.746617558254223,4.343205792708979,3.36271152505748,3.378404457648784,3.3197183712828284,0.02680957672615388,0.14679109393603523,0.0692490586419513,0.07446808510638298
2025-03-26,4.0,5.0,0,3.190392533209458,3.1967701282485184,3.246838805293125,3.2660317680374282,3.2532503149619654,0.02432157616212775,0.07768170063880647,0.0563429360852665,0.06390977443609022
2025-03-29,4.0,7.0,0,3.729691670782482,3.958119855986069,3.862815149442864,3.864778525943004,3.816286878922508,0.050856874109309155,0.15472001934650748,0.0704890403016785,0.07446808510638298
2025-03-30,4.0,5.0,0,3.2381300936739925,4.014921023803338,3.2826398861987083,3.3017864794527316,3.1877611183846626,0.02202835846499349,0.08952171872767384,0.058932210430849605,0.06390977443609022
2025-03-31,4.0,2.0,0,3.044465348499779,3.206252977941524,3.231272990373531,3.25317207162184,3.266166695624247,0.024792269585656973,0.11992198613091964,0.06476037927715805,0.06390977443609022
2025-04-01,4.0,3.0,0,3.000413742456429,2.974897362383616,3.5470956822642687,3.530560555220605,3.614061816833868,0.03986644999878251,0.011864222666384148,0.031726289329676624,0.023076923076923078
2025-04-02,4.0,2.0,0,2.6537836480866406,2.839277969892206,2.9901897367024004,3.0784131950911022,2.861351374625432,0.012784940492590715,0.02735941012227474,0.04085060532504927,0.03468208092485549
2025-04-03,4.0,3.0,0,2.6441639905218817,2.7300056024503623,3.084513844291162,3.1343237940875808,2.9800399250892418,0.01574379618783518,0.17547216237410235,0.07359230705910037,0.07446808510638298
2025-04-04,4.0,2.0,0,3.689568756498001,3.76344375620453,3.630942902149673,3.645761019435502,3.722369820287307,0.04554302678672134,0.05894913727338119,0.05168589705975394,0.06390977443609022
2025-04-05,4.0,5.0,0,2.843322853898626,3.091132774925343,3.6492018179261003,3.6354248769284636,3.6419434800256525,0.04128192238265161,0.08076300670747637,0.0570388380245846,0.06390977443609022
2025-04-06,4.0,3.0,0,2.7897795323574965,3.2434200452247683,3.160038182974561,3.1870712336383713,3.10377513582339,0.019310449364241297,0.046593357122775965,0.04806353383924353,0.03468208092485549
2025-04-07,4.0,3.0,0,2.831588664288348,2.4187964268841613,3.1916335344780116,3.20580497126459,3.175656024901837,0.02162133719359414,0.1527460746422934,0.07018342651007523,0.07446808510638298
2025-04-08,4.0,4.0,0,2.589337405036524,2.220224127688075,3.4387924385812565,3.4346994550105734,3.3789255952113395,0.02916521586257171,0.03246133928849968,0.043031663281312936,0.03468208092485549
2025-04-09,4.0,3.0,0,2.7020857928480617,2.485978072628105,3.271521943274986,3.3206318626666116,3.184759288488627,0.021926939268769707,0.03249956523895103,0.04304709590321042,0.03468208092485549
2025-04-10,4.0,3.0,0,2.655510793152111,2.561665475428437,2.959996936058803,3.051384565330095,2.85466579676025,0.012631090992217375,0.0787135929471546,0.05657785353205777,0.06390977443609022
2025-04-11,4.0,3.0,0,2.3863180537723827,3.019785128851116,2.8803228753757915,2.956649627901348,2.7884733094021126,0.01117862884853682,0.029990733159808446,0.04200699508852329,0.03468208092485549
2025-04-12,4.0,4.0,0,2.563369445297632,2.9462239366353593,2.9937000430892535,3.035031459469539,2.9505187408699958,0.014966784128964466,0.027320456450382103,0.040832929168401165,0.03468208092485549
2025-04-13,4.0,6.0,0,2.5719605270790735,2.6897165134980496,3.1886431957021424,3.2092355344197654,3.154035592892731,0.020907276257457898,0.028001587866558136,0.04113957038648825,0.03468208092485549
2025-04-14,4.0,1.0,0,2.7311263897297855,2.526120042436003,2.977840363570003,3.0336936382091286,2.9855098097370756,0.015890826020016426,0.09007392669016935,0.05904773535136813,0.06390977443609022
2025-04-15,4.0,2.0,0,2.223990572164066,2.4015415001186526,3.066045402614789,3.1069851964770665,3.074323359166078,0.018415114599358837,0.017938044610672995,0.035946038035321,0.023076923076923078
2025-04-16,4.0,2.0,0,3.0017856904227376,3.570063582325463,3.055067862426264,3.095851343632532,3.085985025338321,0.01876610041984214,0.007315848927952192,0.02741905961109143,0.023076923076923078
2025-04-17,4.0,7.0,0,2.58320421258491,2.7451439863205422,3.2962684265232527,3.3420627338030635,3.228674861355013,0.02344284345462172,0.01699605760070636,0.03536456190931483,0.023076923076923078
2025-04-18,4.0,3.0,0,2.622418267213104,2.68414906089936,3.202014096022349,3.2289914045755674,3.107625297395007,0.01942968324874013,0.03021916033376515,0.04210408042578479,0.03468208092485549
2025-04-19,4.0,1.0,0,2.418110610300112,2.600483695073937,3.3100408151597556,3.2783078487118833,3.3113206750120523,0.026486173280022944,0.013414632952878324,0.03292471628471449,0.023076923076923078
2025-04-20,4.0,3.0,0,2.376579430807011,2.3903403046227027,2.9493589269265725,2.962010677472779,2.9096835266791685,0.01393723575529888,0.015426520118276953,0.03434407127665216,0.023076923076923078
2025-04-21,4.0,3.0,0,3.0167908165469197,3.830010310199674,2.679924810471581,2.781053952160865,2.5060655736519997,0.006306382504203875,0.04016223915492469,0.04592211977195767,0.03468208092485549
2025-04-22,4.0,6.0,0,2.8897233320361897,2.323431609231824,3.3310774732750015,3.3817723680095995,3.262417724045202,0.024655020351447655,0.04853226893282682,0.04867044867348589,0.03468208092485549
2025-04-23,4.0,3.0,0,3.2306654203783594,2.895931368132048,4.085092515854325,3.8938718330563233,4.327010503730075,0.08620789654748397,0.1094915992229787,0.06286914130095463,0.06390977443609022
2025-04-24,4.0,4.0,0,2.548609093289666,1.8026791249649334,3.529063908405877,3.6039820501619757,3.342835525308725,0.027713528563471247,0.17213102435980027,0.07310513990764221,0.07446808510638298
2025-04-25,4.0,7.0,0,3.047175571260421,2.4650965356103387,3.1061505824014026,3.238331561825068,3.0265003649290225,0.01702353252091871,0.107706734248129,0.06253534816668048,0.06390977443609022
2025-04-26,4.0,3.0,0,2.521672746623497,2.319871387895201,3.1595327426496156,3.209426129784798,3.110171583382767,0.01950881768251307,0.01866515492047674,0.03638060741274497,0.023076923076923078
2025-04-27,4.0,3.0,0,2.674667021338251,2.92658922607428,3.1099369231304803,3.151758263750308,3.141363853217837,0.02049640214980416,0.024896700753482274,0.039697510749593254,0.03468208092485549
2025-04-28,4.0,2.0,0,2.3839320852998616,2.510750261958796,3.1508092476885876,3.140458754223392,3.1497892271077044,0.020768963865039757,0.02599921190925102,0.04022292939524008,0.03468208092485549
2025-04-29,4.0,2.0,0,2.363454967607395,2.7992946504313445,3.29499462892065,3.297496930649196,3.2877015627731816,0.02559069425216256,0.011219772452219707,0.031195959325090217,0.023076923076923078
2025-04-30,4.0,7.0,0,3.4984432019900886,3.663492404451671,3.8345129622225005,3.804784532508893,3.808123824736553,0.0503804627256472,0.0810724753086723,0.05710781960595087,0.06390977443609022
2025-05-01,4.0,3.0,0,2.7103984787057236,2.7757288134093008,3.0804296035989776,3.149261261338209,2.9961132261327807,0.016178592928834775,0.046134906553603104,0.047917608350212644,0.03468208092485549
2025-05-02,4.0,1.0,0,2.3352704304002923,2.507796964511476,2.800161427506442,2.823365520773039,2.836287107178014,0.012214988709815848,0.024156490736009572,0.03933576415332424,0.023076923076923078
2025-05-03,4.0,3.0,0,2.583232573085993,2.719338580025899,2.8453085031892886,2.9176522879632425,2.845969538807167,0.012432959243277374,0.045930185664866494,0.04785213641953281,0.03468208092485549
2025-05-04,4.0,4.0,0,2.488954077350583,2.4552861284356586,3.165752141613718,3.1904995751132024,3.128877746779856,0.02009702882929433,0.013268829796201524,0.03281625225768276,0.023076923076923078
2025-05-05,4.0,4.0,0,2.6176061352138524,2.9250068868492907,3.2566357710518323,3.23951549332239,3.245207481993522,0.02403156944123489,0.050578207265561864,0.04929383711494512,0.03468208092485549
2025-05-06,4.0,4.0,0,3.14595832547888,3.1924779705155952,3.3873815779737644,3.4436767470608545,3.361564427471362,0.0284606956047783,0.022318662569677638,0.03840353553782747,0.023076923076923078
2025-05-07,4.0,3.0,0,2.979092917429799,2.7820423622903565,3.658950272240593,3.630275620181892,3.5343984078232977,0.035995373110493945,0.050299441595183375,0.049209882692013304,0.03468208092485549
2025-05-08,4.0,7.0,0,2.935373890060942,1.9450782378453326,3.8132787032185567,3.765893354258673,3.7129952934407147,0.04503266308371212,0.055032871678315755,0.050596288652703846,0.06390977443609022
2025-05-09,4.0,6.0,0,3.249036101616207,2.658743015068612,3.0922749188545366,3.2027375262075957,3.038084551039922,0.017353625348955626,0.011911950394142754,0.031764759874638955,0.023076923076923078
2025-05-10,4.0,4.0,0,2.7976957606308472,1.7619739806088668,3.4166579909186434,3.378298834580199,3.4401041941590726,0.031740185541430654,0.1529900214049571,0.07022130308068539,0.07446808510638298
2025-05-11,4.0,5.0,0,2.7446453997344062,2.8207601420373485,3.193281327385165,3.1834014741240066,3.1621577201101587,0.021173593986446203,0.06556322137439113,0.05342499395745774,0.06390977443609022
2025-05-12,4.0,5.0,0,2.857074066848056,2.781803749465856,3.000393488206806,3.0257077152631666,2.991135159089458,0.016043040273112052,0.02132491756705035,0.03787735599201117,0.023076923076923078
2025-05-13,4.0,3.0,0,2.676443110318632,3.335534271739267,2.907746002907079,2.923231241385611,2.9396930249143507,0.014688766920991301,0.10087076678400664,0.061226358295518694,0.06390977443609022
2025-05-14,4.0,3.0,0,2.903753743025134,3.0504653007328573,2.8973665905677217,2.986774319311525,2.789877210652661,0.01120812195823311,0.010495777687274093,0.03057422027817666,0.023076923076923078
2025-05-15,4.0,2.0,0,2.1924195255310623,2.076930469900644,2.8988372312147392,2.907167925836642,2.9876565231804553,0.015948792664771925,0.036448346165394586,0.044579511495587615,0.03468208092485549
2025-05-16,4.0,1.0,0,2.8368883520162074,2.5800246948141647,3.378596945543033,3.4378305779104603,3.2703486180743027,0.02494597911087704,0.06732211656069798,0.05386847283348838,0.06390977443609022
2025-05-17,4.0,4.0,0,4.190163016451595,3.7519153990728396,3.598826586589797,3.6907364478283133,3.388329566476787,0.029551641964920234,0.1646706845106554,0.07200080821442877,0.07446808510638298
2025-05-18,4.0,3.0,0,2.6525477815314944,3.5938606583632735,3.238735451868122,3.248093772539675,3.280634532277004,0.025326788665355263,0.164867994194592,0.07203032273977787,0.07446808510638298
2025-05-19,4.0,5.0,0,2.528191445443574,2.168922042622282,3.2549619419635025,3.263270063399162,3.345996557518781,0.027838701520482893,0.03120664270440568,0.04251814784169524,0.03468208092485549
2025-05-20,4.0,1.0,0,2.920004519921705,3.487642967906645,3.0474262378966994,3.0686068126055983,3.0309446615598694,0.017149648903910724,0.05923779110169442,0.05176433586529904,0.06390977443609022
2025-05-21,4.0,5.0,0,2.546828322551271,2.725745289824816,3.2998536258758113,3.352946617438291,3.3496157369373742,0.02798248097586426,0.018808202664800315,0.03646472099583405,0.023076923076923078
2025-05-22,4.0,2.0,0,2.9841144299675366,2.8562627651875974,3.1753602523833067,3.1720158260277787,3.08705015261933,0.018798387937647456,0.05411418629070162,0.05033346215685035,0.03468208092485549
2025-05-23,4.0,2.0,0,2.49588052218179,2.9715300634512958,2.631145343121957,2.681837532620119,2.5593914878888064,0.007074646286537844,0.10983700545434948,0.06293337444768246,0.06390977443609022
2025-05-24,4.0,1.0,0,2.739209959562143,2.6834517662180275,3.0432678453268447,3.0226745981235448,3.207625687606517,0.02270761033733006,0.09794132611595256,0.06064952095500066,0.06390977443609022
2025-05-25,4.0,2.0,0,3.1070165893596524,3.0915140089680526,4.173303187582959,4.105137176865223,4.241146053947242,0.07950435034443534,0.029423392259639365,0.04176367623440619,0.03468208092485549
2025-05-26,4.0,5.0,0,3.1373981213937907,2.7974730008897857,3.139921232902457,3.2531430307323808,3.0809842644075034,0.018615026032256114,0.08088868498931827,0.057066871703967445,0.06390977443609022
2025-05-27,4.0,7.0,0,2.7835863337639735,2.6069588379649855,2.649844815026701,2.764067326455284,2.6458041636615146,0.008463473410480619,0.0900892044752693,0.05905092547098738,0.06390977443609022
2025-05-28,4.0,3.0,0,2.9968155720716876,1.767190618797567,3.05921913377513,3.0854736905947604,3.1054679993204446,0.01936281221350535,0.07095569930605417,0.054761948050182786,0.06390977443609022
2025-05-29,4.0,4.0,0,2.7506804216533367,2.5489710953066766,3.142219535153434,3.173008112539849,3.268516962541936,0.024878576071575103,0.03917425929732904,0.04557334967311198,0.03468208092485549
2025-05-30,4.0,3.0,0,3.1677841531556594,2.980462793513292,3.111411138038372,3.1862382444903576,3.128866661883225,0.020096676682355347,0.03090604896575609,0.042393055396051864,0.03468208092485549
2025-05-31,4.0,5.0,0,2.527448642900152,2.723915632310404,3.111900662546961,3.1187597608376842,3.1230479938127886,0.019912416197069027,0.10239118472481926,0.061521866470434436,0.06390977443609022
2025-06-01,4.0,4.0,0,2.285570182491497,1.7928197363071263,2.9605895618961737,2.990202146255891,2.9242852554828573,0.014299411593646968,0.035710088140987445,0.04430181888664296,0.03468208092485549
2025-06-02,4.0,2.0,0,1.88117263124803,2.031598968730333,2.8793579889735144,2.903854995479925,2.9117351885226497,0.0139877264822604,0.021374396823537863,0.03790394881991948,0.023076923076923078
2025-06-03,4.0,4.0,0,2.362629923837704,2.203449630072288,2.8608502237632263,2.903577784226419,2.7207727111635562,0.009821778626423498,0.028494477381027183,0.041358315056821846,0.03468208092485549
2025-06-04,4.0,4.0,0,2.7931854772287408,3.1578293459849713,3.0940251053423946,3.1432964223850504,3.1171383831708113,0.019726474995300596,0.0458462228580389,0.04782522853249852,0.03468208092485549
2025-06-05,4.0,2.0,0,2.918379253176108,3.2789534187993783,3.1279980739999673,3.1298057650541042,3.26026063847835,0.02457628382615069,0.014055900286393393,0.033392271160858966,0.023076923076923078
2025-06-06,4.0,4.0,0,3.0197481719906283,3.386622731600886,3.367563224647928,3.338705436032423,3.3565663253827673,0.028260000193975107,0.11650561931155529,0.06415156164859215,0.06390977443609022
2025-06-07,4.0,2.0,0,2.791561059314203,2.8522816225105654,2.9514501988173465,3.026558965271226,2.876557606288454,0.013139848846962118,0.024337011851783625,0.03942467792354606,0.03468208092485549
2025-06-08,4.0,7.0,0,2.8615110224019356,3.789154949510135,2.985931312105005,3.0115394084692406,3.032761051792883,0.017201380600306043,0.03845454373531758,0.045315565145831606,0.03468208092485549
2025-06-09,4.0,7.0,0,3.5668594497847748,3.7993499844233,3.0342974595069876,3.022029429992553,3.115496925985801,0.019675041847473953,0.05743919743784262,0.051271499385875885,0.06390977443609022
2025-06-10,4.0,4.0,0,3.048351708593608,2.883278655073196,3.0575748624179715,2.9892841220754995,3.198975962051125,0.022410104573516988,0.06662484606540647,0.05369355604301056,0.06390977443609022
2025-06-11,4.0,4.0,0,4.014431921633985,2.4921241229420996,4.451173739269399,4.367202220955797,4.376165481353958,0.09018141207328402,0.2525579476392683,0.08391045601933741,0.10256410256410256
2025-06-12,4.0,4.0,0,2.818161114165344,2.271138850998243,3.73682220709587,3.7713729623937793,3.6651282538136525,0.04248307804684208,0.13878821798533642,0.067961866116278,0.07446808510638298
2025-06-13,4.0,4.0,0,3.1780802726305533,3.2843083772908166,3.183195023927766,3.247621044154936,3.1593261654474003,0.021080486222249038,0.03485183534960134,0.04397409861769077,0.03468208092485549
2025-06-14,4.0,16.0,1,5.911201602236941,4.7917313138599456,4.804177301993718,4.72173148580803,4.673557575752799,0.11627522278980539,0.2911529883726607,0.08865030040099657,0.10256410256410256
2025-06-15,4.0,15.0,1,8.043958025369037,7.6773185694330115,5.134884390639811,5.172123232933076,4.853913143476543,0.13374047225212632,0.30525606659110893,0.09034201782132478,0.10256410256410256
2025-06-16,4.0,5.0,0,2.922953254887336,2.6921653226814977,3.6207978931568485,3.6248289100370155,3.556328590352077,0.037035574011907296,0.1189810110680053,0.06459367384162362,0.06390977443609022
2025-06-17,4.0,4.0,0,3.175595150952726,3.7151543927961215,3.2262329301893415,3.252092762414775,3.2536259894644926,0.024335179971294096,0.05328794907384557,0.05009459592409861,0.03468208092485549
2025-06-18,4.0,3.0,0,2.892896960965227,3.1605305934919294,3.086142746577357,3.116318569742501,3.1349949495980636,0.020292012218628266,0.06302856670684064,0.052772410225723085,0.06390977443609022
2025-06-19,4.0,7.0,0,2.822351598249497,2.5997647230204373,3.0063825360451766,3.034618706160515,2.99032437718423,0.016021038613101914,0.09741683685080059,0.060545173136815386,0.06390977443609022
2025-06-20,4.0,4.0,0,2.7586698691090397,2.7686700158002817,2.7383570148779546,2.8034107752997537,2.80849659847789,0.011604600366259826,0.03934184910217005,0.045632921302879895,0.03468208092485549
2025-06-21,4.0,3.0,0,3.182870992880461,3.3215819302313654,3.2778088613852905,3.3424612270463854,3.2548360418105506,0.024379033137687616,0.07811433665803945,0.05644166233441545,0.06390977443609022
2025-06-22,4.0,3.0,0,2.344396572358049,2.5676548771581165,3.196447231873669,3.264425365438359,3.0282211472677147,0.017072286070010254,0.10465518143896041,0.061957180624271975,0.06390977443609022
2025-06-23,4.0,4.0,0,2.7625158469579714,2.140848169602076,3.1399038218781308,3.1584037359217025,3.0877998081657996,0.0188211355980938,0.16376987334880838,0.07186584097019906,0.07446808510638298
2025-06-24,4.0,1.0,0,2.468773910873988,3.086422814650697,2.8982619699080825,2.8794578017591768,2.99681373138366,0.016197732088157547,0.2104920625658124,0.07846760812264979,0.10256410256410256
2025-06-25,4.0,5.0,0,3.0118400802951393,2.9488508721225943,3.2211822145701716,3.2375539929436807,3.2070102252850137,0.022686352897468103,0.15613111618379252,0.07070630837764376,0.07446808510638298
2025-06-26,4.0,3.0,0,3.0574153516158717,2.8631014506759254,2.8306156864086622,2.9106408743851366,2.919804174599562,0.01418756249014658,0.14316614498187033,0.06867068830413563,0.07446808510638298
2025-06-27,4.0,4.0,0,2.8815747222197663,2.889099611722451,2.8554220400980017,2.92251245210559,2.7987255243175104,0.011395299219540824,0.09743848712504838,0.060549487057264595,0.06390977443609022
2025-06-28,4.0,3.0,0,3.1429690549259264,2.4847399051176096,2.8452302664654194,2.848857114931248,2.8862218145283096,0.013369028809730293,0.14217738632538163,0.06851160741476357,0.07446808510638298
2025-06-29,4.0,6.0,0,3.8318250458553624,4.322999928345158,3.0163888700015047,3.044089029163819,3.061110625573818,0.01802299683635328,0.15310720653046972,0.07023948702964816,0.07446808510638298
2025-06-30,4.0,2.0,0,3.7093640639100633,2.7143834925393224,3.141351368326746,3.179100790447561,3.089248038221919,0.01886513505546296,0.15697513365140212,0.0708357918205285,0.07446808510638298
2025-07-01,4.0,4.0,0,3.563751120533212,3.1695874426401054,2.9820837708822703,3.009906190359947,3.082272854609768,0.01865387353109136,0.09097906927182782,0.059236177083872334,0.06390977443609022
2025-07-02,4.0,6.0,0,2.774222524216379,2.5518857044792846,3.1312998823863225,3.1290050425500158,3.3176853087418503,0.026731039108379855,0.04458475852113087,0.04741698519495529,0.03468208092485549
2025-07-03,4.0,5.0,0,2.653735862420919,3.1219291008817627,3.2739624589314382,3.223783072815059,3.3602328981192366,0.028407136133713776,0.0850089758938018,0.05797153312289423,0.06390977443609022
2025-07-04,4.0,7.0,0,2.7201814789414342,3.592496648843945,3.2906233998927488,3.2632771724241922,3.4120923169280304,0.030543239133411237,0.053910840015127935,0.05027489574694927,0.03468208092485549
2025-07-05,4.0,3.0,0,2.8318179008515347,3.499830435044372,4.068346613471512,4.037477564896973,3.96218117861723,0.05984144564140863,0.08144281283891688,0.05719015662205366,0.06390977443609022
2025-07-06,4.0,4.0,0,3.8535703087852653,4.225254563231049,4.65134200295785,4.595828164220354,4.575656248729621,0.10730330133961637,0.06878483179118032,0.054231718348799085,0.06390977443609022
2025-07-07,4.0,3.0,0,3.558407992505577,3.0411450668196545,3.975156740181503,4.010584846286196,3.9605239054392545,0.05973437619733811,0.056481405884191094,0.05100497968886984,0.06390977443609022
2025-07-08,4.0,2.0,0,2.5450774991089333,2.528911958639335,3.543202260774834,3.5116494129400437,3.625046081555015,0.040420315625974305,0.08116259636946918,0.05712787743846503,0.06390977443609022
2025-07-11,4.0,5.0,0,2.7940211615705857,3.3466649234633086,3.5678925998123256,3.527576776701721,3.7009499456121824,0.04438221283587357,0.08564761662339179,0.058109338450872974,0.06390977443609022
2025-07-12,4.0,4.0,0,2.577800551232496,3.4197411140348772,3.491326162204361,3.424289673001495,3.6384329205376544,0.04110196022193616,0.13709626343503362,0.06768476416905837,0.07446808510638298
2025-07-13,4.0,4.0,0,2.580454826568701,3.0744200613565122,3.246375910015339,3.241225310087766,3.240234998414257,0.02385345383251181,0.16106188892945827,0.07145790303158649,0.07446808510638298
2025-07-14,4.0,3.0,0,2.6727531977716628,2.558350274563923,3.3512283542284624,3.33290314000503,3.2961957948697496,0.025910347377782507,0.07615136794159222,0.05599095753806821,0.06390977443609022
2025-07-15,4.0,4.0,0,3.4517084957779596,3.1683839855377456,3.331063531191792,3.3666334393097332,3.3164312475027575,0.026682671738409953,0.03268627432342845,0.04312229863822962,0.03468208092485549
2025-07-16,4.0,3.0,0,2.9772739486401645,2.560180103956341,2.892261906233093,2.920872434538468,2.906073052372292,0.013848697913645866,0.20412230461164527,0.07760849624045169,0.10256410256410256
2025-07-17,4.0,2.0,0,2.236756032834373,2.1037839435927954,3.138862434215732,3.0870584745864758,3.2316467903110278,0.023547941452353317,0.17996335875024813,0.07424037529097847,0.08334756451321429
2025-07-20,4.0,1.0,0,3.014188614756409,3.1711791008416417,3.4070870341361212,3.398649730660128,3.431497233703053,0.03136916806073636,0.02360837386310367,0.0390629763756874,0.023076923076923078
2025-07-21,4.0,4.0,0,2.2795404895341456,2.5576992790065187,2.6471053887918994,2.7394942081556244,2.567312087410736,0.007194401980857291,0.021256872323572606,0.037840715446055086,0.023076923076923078
2025-07-22,4.0,2.0,0,2.738236740946916,2.8117560881275274,3.300944287314377,3.3142659645975425,3.3685433669117133,0.028742520629532645,0.09165157128313738,0.05937545658723606,0.06390977443609022
2025-07-23,4.0,7.0,0,3.023529772466168,3.95626505476803,3.016870892618121,3.0471204466602893,2.9855796705697135,0.0158927100992001,0.04173379249583098,0.046465303368025505,0.03468208092485549
2025-07-24,4.0,9.0,1,2.6893509555358843,2.161695979511467,3.7381219547529194,3.7256766653088236,3.7460003400652684,0.0468456131532986,0.10742893507820105,0.06248311001946643,0.06390977443609022
2025-07-25,4.0,7.0,0,3.131975420939928,2.8591746579369683,3.8900796449539814,3.9467720868656486,3.825914234606235,0.05142231509703982,0.06787851262190915,0.05400722881164593,0.06390977443609022
2025-07-26,4.0,4.0,0,2.8646913414422532,3.53544050588952,3.9926632998831675,3.943648998414879,3.9353189631137218,0.058120200353635666,0.06634457574073287,0.05362292071264668,0.06390977443609022
2025-07-27,5.0,1.0,0,3.007126192945867,3.363879581629459,3.9129251982898188,3.9088967188896766,3.8727525192662373,0.05665013049983375,0.07729736898808666,0.06255039021201687,0.06073752711496746
2025-07-28,5.0,3.0,0,2.960501285500783,2.7247190201394753,4.290238712335954,4.277060629652583,4.219880962794428,0.08076386829682534,0.09912349632546706,0.06868763818113546,0.06073752711496746
2025-07-29,5.0,4.0,0,3.370054391420791,3.336762620658899,4.243666142245241,4.127184930442427,4.146325875911343,0.07524255803739785,0.21538152337884284,0.09353987324216748,0.10270270270270271
2025-07-30,5.0,5.0,0,4.539500468239276,5.376314821702807,5.651427283988557,5.331468388775782,5.573446345628692,0.2168801134468302,0.23222406737807902,0.09660526507768318,0.10270270270270271
2025-07-31,5.0,5.0,0,7.4113199479416325,8.111393255649057,7.373851328665659,6.888510658920895,7.298480498633012,0.4394298341980183,0.4847690251700821,0.13960172077514602,0.16666666666666666
2025-08-01,5.0,4.0,0,7.556662204834191,4.699176785938348,5.079160934977639,5.118220797559244,4.964856296304241,0.14837874683045812,0.28345632807846066,0.10556023516289824,0.10270270270270271
2025-08-02,5.0,4.0,0,3.511287600349498,3.931265898511044,3.8377078009697514,3.8622882658508084,3.8343089363666634,0.05428448633318502,0.1085242582029991,0.07110195193856485,0.06073752711496746
2025-08-03,5.0,4.0,0,2.9800788124527675,3.3891681337474218,3.3566376369305,3.397630913926281,3.4111558547451843,0.0322235927323275,0.0572031565938101,0.05595077469953151,0.06073752711496746
2025-08-04,5.0,4.0,0,2.852959461518804,2.663318935396478,3.5190788893649243,3.5138503181761744,3.5632727115829037,0.039324631811001036,0.039111347122379125,0.04868999181427881,0.06073752711496746
2025-08-05,5.0,3.0,0,2.344209757095432,1.8334575624127425,2.873880665581661,2.951194402308647,2.871154600947377,0.01395407551678016,0.026247908363269422,0.042137197162829744,0.03409090909090909
2025-08-06,5.0,2.0,0,2.728277206913001,2.6142331526488625,2.779317477859269,2.8956183231868042,2.7743035878872995,0.011705356414860129,0.0038836044977862394,0.021162851300692943,0.0
2025-08-07,5.0,1.0,0,2.9673214215459853,2.7709796764703323,3.3246680654841385,3.3307846636533647,3.346671154888256,0.029485946597297478,0.0226583058343482,0.0399578278852722,0.03409090909090909
2025-08-08,5.0,6.0,0,2.9920571998415846,3.1697436467252254,3.6929168423554777,3.6697451062158257,3.7728411448106405,0.050628492064999205,0.050303906765732175,0.053372857346498,0.06073752711496746
2025-08-09,5.0,3.0,0,3.130579326695362,2.9439683279429545,3.0780694599367435,3.134729118653954,3.0500916527852486,0.01888210336167406,0.07295231224300153,0.06121633505463886,0.06073752711496746
2025-08-12,5.0,7.0,0,3.040561045062202,3.221662971746585,3.2752453152527075,3.28118120351316,3.265826287790182,0.026277096566642903,0.07231310294998707,0.06101628061535803,0.06073752711496746
2025-08-13,5.0,1.0,0,2.796529597113751,2.7067485422858057,3.6593446941940373,3.6238850303097587,3.665444768295702,0.0446126376767919,0.0724601721122098,0.06106239872965429,0.06073752711496746
2025-08-14,5.0,3.0,0,3.3483572284762797,3.469822239303118,4.303140647983698,4.1957712912398035,4.496507489424895,0.10345865098978553,0.05373860273856286,0.05468097070614714,0.06073752711496746
2025-08-15,5.0,4.0,0,3.010309587691031,2.977030856116267,3.765341180545759,3.732361037599172,3.766404001106312,0.050254607799282,0.09594159888123042,0.06784285619072548,0.06073752711496746
2025-08-16,5.0,2.0,0,3.398276177760152,3.571444854449572,3.824174477014492,3.851352988886247,3.7984679698931045,0.05213383748379469,0.08295432913568657,0.06422497544024555,0.06073752711496746
2025-08-18,5.0,2.0,0,3.2225068346455275,3.7514729288811863,3.067152363002392,3.116322210651586,3.060153919966648,0.01919064305649822,0.045669948165165515,0.051519744746162895,0.06073752711496746
2025-08-19,5.0,4.0,0,3.9654725783377867,3.490270229876755,3.058569137381331,3.1958476258960107,3.0866605885395435,0.02002001531008776,0.07344689395722642,0.061370436213168005,0.06073752711496746
2025-08-20,5.0,2.0,0,3.507104461215577,3.782666297635034,3.426314611704707,3.435530416686877,3.389115082246073,0.031269873130550664,0.13562699188005703,0.07751215067986734,0.06896551724137931
2025-08-21,5.0,5.0,0,3.8590547595681834,4.026337323421989,4.981814603872034,4.90723047007951,5.004658925166796,0.15253967054700465,0.2667556774240529,0.10268974199597553,0.10270270270270271
2025-08-22,5.0,5.0,0,3.3326521939156657,2.623378660988655,3.34767431001914,3.3693550493294513,3.3305695628655854,0.02882719198284544,0.07114515891031696,0.06064810581392927,0.06073752711496746
2025-08-23,5.0,3.0,0,3.126872636014485,3.0997085235075668,2.438039005963504,2.623467687752284,2.4732735589914046,0.006368992558591793,0.03949186798439329,0.04886177866458842,0.06073752711496746
2025-08-24,5.0,4.0,0,3.0566439053118404,3.8040547912118465,2.4451237589035633,2.590033733351146,2.432084262480563,0.005811964056596128,0.06696693127196703,0.05930162590332347,0.06073752711496746
2025-08-25,5.0,2.0,0,2.8986691503641495,2.7967811151208797,3.333780834742086,3.4039297098756123,3.352917598122164,0.029744159531694455,0.09972784669323356,0.06884643007779806,0.06073752711496746
2025-08-26,5.0,1.0,0,2.9607987473876856,2.4980866501609644,3.8086272389479006,3.7472314112376055,3.847791248553962,0.05510719080782265,0.1230244778186226,0.07462066953414424,0.06073752711496746
2025-08-27,5.0,1.0,0,2.9836048030162914,2.5232161061819234,3.142551476521125,3.172580730912995,3.14622496696919,0.021972810593165963,0.008744528499675884,0.028356580111671224,0.017241379310344827
2025-08-28,5.0,3.0,0,2.9179820327904054,3.3982233344278567,3.2768150327597905,3.3176071768173716,3.285701224466261,0.02704321767992099,0.027101209918976958,0.04262728363047298,0.03409090909090909
2025-08-29,5.0,1.0,0,2.9915509583463185,2.5532920058445403,3.4350986519611872,3.4385929908675017,3.4503983101972144,0.03396832741158323,0.026674688649343792,0.04238354383662862,0.03409090909090909
2025-08-30,5.0,3.0,0,2.6066345158640343,1.9707632525490504,2.762554848309204,2.83633103088151,2.757353172430305,0.011340262253688154,0.02923439750914242,0.04381160654104339,0.03409090909090909
2025-08-31,5.0,4.0,0,2.805904933506036,2.0718112050263384,2.552015503435283,2.6784119452864585,2.555807164845697,0.007602676852683563,0.015105382457518303,0.034524709473781535,0.017241379310344827
2025-09-01,5.0,2.0,0,2.930863495479055,2.191382226350203,2.7072066804152324,2.7956768350194747,2.684930327136884,0.009871900443053522,0.03339332106344209,0.045974064994151534,0.06073752711496746
2025-09-02,5.0,4.0,0,2.909687765459459,3.2312585173252133,2.761563199104515,2.8581501623274006,2.7133642903382054,0.010430959001754236,0.11047553418351334,0.07158905229522189,0.06073752711496746
2025-09-03,5.0,3.0,0,3.059489410915706,3.6021190752498087,2.9605126595195395,3.0434064743421145,2.9692024943872646,0.016525405336334238,0.05087121398984888,0.05359253365877868,0.06073752711496746
2025-09-04,5.0,3.0,0,2.5951732588533214,2.7341387322701762,3.1517653753531625,3.1798076155270953,3.1436695819744034,0.02188647108301429,0.10297208202758287,0.06969016012753583,0.06073752711496746
2025-09-05,5.0,2.0,0,3.299108732378301,2.8600969477805647,3.4472405641461825,3.4736819250404,3.4664029198741058,0.03469717280917204,0.05245953387038716,0.05419985670194375,0.06073752711496746
2025-09-06,5.0,1.0,0,3.059520974379344,3.301866928119297,3.046870894976319,3.112437364572952,3.0201104224208395,0.017983128488644345,0.04454025259182452,0.051050882105752295,0.06073752711496746
2025-09-09,5.0,4.0,0,3.0697990567109277,2.7129775792927635,4.605855404626085,4.475290283220397,4.5643055683120295,0.10947301169397286,0.1434072682366763,0.0792322041407443,0.06896551724137931
2025-09-10,5.0,2.0,0,2.9076275667899583,2.5958878256453253,4.1173179960219475,4.018410580832566,4.184700075151266,0.07809570545481495,0.05743460013909778,0.056033952100729485,0.06073752711496746
2025-09-11,5.0,3.0,0,2.8753951993828775,2.8031672411745143,3.2414281741145414,3.2633589935960305,3.220934239375632,0.024600454178099404,0.04826052730399579,0.05256900305275141,0.06073752711496746
2025-09-14,5.0,4.0,0,2.805353574361489,3.004845390918518,3.073216733807896,3.1332229892422965,3.0510763925517077,0.01891214627018648,0.030811831640109824,0.04465305723765874,0.03409090909090909
2025-09-15,5.0,5.0,0,2.87929191759566,2.8909470052554447,3.3971714126485804,3.4296530781775787,3.4003614241272286,0.03175416353248359,0.03513242653173538,0.046828611482476086,0.06073752711496746
2025-09-16,5.0,9.0,1,2.9734981231239894,2.807521515521721,3.6121990022727104,3.5885891096051874,3.5980525870180347,0.04107740995317841,0.05794789954595063,0.05621771795535964,0.06073752711496746
2025-09-18,5.0,4.0,0,3.0168956939425597,4.179788870758201,3.456068232237763,3.502552937256837,3.4027387293560194,0.03185716074134084,0.046253075515374914,0.051759010489597294,0.06073752711496746
2025-09-19,5.0,3.0,0,3.0464725366399206,3.5166892342439424,4.14925138805925,4.08299741856616,4.110270559067314,0.07261644124931639,0.09993535538526849,0.06890083324735849,0.06073752711496746
2025-09-20,5.0,3.0,0,3.4521555048379664,3.88867958767372,3.7063655911067404,3.844943973358272,3.6950740689932027,0.046225264156536126,0.0943443581318917,0.06741306741113619,0.06073752711496746
2025-09-21,5.0,2.0,0,3.4330894106544934,3.4297229713405524,3.650097447074284,3.6609580433303153,3.665443990503137,0.044612595813144,0.06645475476324109,0.05913325556137786,0.06073752711496746
2025-09-22,5.0,1.0,0,3.213522888193652,3.311397313289197,3.4778578417316677,3.4863447612951353,3.452079254660901,0.034044405237538294,0.06816882583314314,0.05969381563963607,0.06073752711496746
2025-09-23,5.0,4.0,0,2.7491857137472238,3.3187516258972893,3.4816730969236067,3.4744866971139805,3.459839220012126,0.03439704850386129,0.03304126788153828,0.045797739085291035,0.06073752711496746
2025-09-26,5.0,3.0,0,3.314170379835641,3.7304416258610495,3.161758523953061,3.253895088906371,3.1112727633126602,0.020811856388656753,0.08576681652147285,0.06503367928193583,0.06073752711496746
2025-09-27,5.0,7.0,0,3.1725548703001816,3.2331511341577146,2.9941704458226464,3.093230461821095,2.999131906387163,0.017372029471212202,0.011795169161010404,0.03158268891818855,0.017241379310344827
2025-09-29,5.0,1.0,0,3.3168522514595344,3.914524198826357,3.5253541453089734,3.5733281087302964,3.5207127154958466,0.037245654476997875,0.06717438364787408,0.05936960971697208,0.06073752711496746
2025-09-30,5.0,1.0,0,3.2112623892957366,3.0201387170247025,3.422207148101653,3.4732677402116905,3.415786956282351,0.032426374607860055,0.09289913090712242,0.0670207534241998,0.06073752711496746
2025-10-01,5.0,5.0,0,3.081138388203036,2.8746009794589336,3.7676433549262205,3.769882561545473,3.8325646039485806,0.054178592575744706,0.029443423688935905,0.043924709976036515,0.03409090909090909
2025-10-02,5.0,3.0,0,2.7995184866332616,2.3970553120254596,3.917860836442912,3.859789688678964,3.973053353529127,0.06310916018192718,0.06543175278323285,0.05879468374657915,0.06073752711496746
2025-10-03,5.0,2.0,0,3.156866583339375,3.575766390139937,4.5602967334376245,4.434885324729779,4.532030493333165,0.10658826853248508,0.11347449510568289,0.0723290229772437,0.06073752711496746
2025-10-04,5.0,3.0,0,3.227108068292586,3.357173899826628,3.7694116309745236,3.86425115053841,3.7288092911220465,0.048104970634433517,0.14133937484382397,0.0787794725796214,0.06896551724137931
2025-10-05,5.0,3.0,0,3.1879173951211466,3.6339608896128754,3.376853077195742,3.3942270987955845,3.4305450793423558,0.033078146380582416,0.09528700912879255,0.06766719189735802,0.06073752711496746
2025-10-06,5.0,1.0,0,2.6181307841268278,3.233246276150487,3.150688058140046,3.2268328108740003,3.163329803219751,0.022556715142541678,0.16392257790069073,0.08357022405909376,0.10270270270270271
2025-10-07,5.0,1.0,0,3.362894296526835,3.770594695792555,3.8906764102734805,3.8869505522096794,3.926336571326575,0.060049132992638816,0.1855725434201777,0.0878971625940835,0.10270270270270271
2025-10-08,5.0,6.0,0,3.256376280789217,3.8269551525807275,4.056106045441701,4.02621505514937,4.119094792452521,0.07325425874755742,0.09421140239485543,0.06737711348753679,0.06073752711496746
2025-10-09,5.0,2.0,0,3.1414342726512228,3.4019834007840837,3.8239753173611057,3.824858055884193,3.87666203304198,0.05689411771502485,0.07232900300997228,0.06102126916955173,0.06073752711496746
2025-10-10,5.0,2.0,0,3.4323218846572674,3.241455687541339,4.0660974518160815,3.9924704893457985,4.156577177474514,0.07599889149123525,0.029884985247874654,0.044162000200421825,0.03409090909090909
2025-10-11,5.0,3.0,0,3.012984160001706,2.4294486960719146,3.511827607448632,3.5345181277954207,3.5701072423465168,0.03966523289860698,0.061234230754936794,0.05737206474277404,0.06073752711496746
2025-10-12,5.0,2.0,0,3.141595756049483,3.470574342769526,3.736390183322863,3.730647094161824,3.7162626061143156,0.04740044411527161,0.11689901780179181,0.07316173002083129,0.06073752711496746
2025-10-13,5.0,5.0,0,3.276326208265992,3.607441861121806,4.207875175428689,4.152003497206848,4.291364735404558,0.0863387620706256,0.12723486990565264,0.0756023328897639,0.06073752711496746
2025-10-14,5.0,2.0,0,3.170995420715414,3.0231844755724406,3.9502028587284723,3.9269413860464657,3.988165934147603,0.06411831934437254,0.022868496995145867,0.0400912059519406,0.03409090909090909
2025-10-15,5.0,2.0,0,3.5867670257187143,3.3847226586890145,3.2003728883131304,3.254174055539914,3.2190647116010958,0.02453223596715434,0.0735163525899673,0.06139203037240102,0.06073752711496746
2025-10-16,5.0,2.0,0,3.2170286007488205,2.687040855168212,3.795928800381837,3.7941634640218176,3.862349643416882,0.056003971776418596,0.04051365545356684,0.049318099422587545,0.06073752711496746
2025-10-17,5.0,5.0,0,3.0744670553576814,3.7362083984974013,3.756413623843029,3.760432681062747,3.7751612700087183,0.05076366750735918,0.028553384990540973,0.04343956913899635,0.03409090909090909
2025-10-18,5.0,3.0,0,2.7667186605814114,2.57333644944419,3.6387470548754335,3.6056700270149364,3.6170485694398926,0.0420552965717135,0.05283740835982929,0.05434271545207823,0.06073752711496746
2025-10-19,5.0,4.0,0,3.069068730076656,2.38024477173978,3.7209183500456966,3.737099838445955,3.769899947035159,0.05045744936697828,0.05859616085201676,0.05644842894783967,0.06073752711496746
2025-10-20,5.0,1.0,0,3.2102605457369178,2.995173554016173,3.007934084369791,3.0925584784473044,3.0287750748093822,0.018239821038271046,0.014595622810646747,0.03410051291381828,0.017241379310344827
2025-10-21,5.0,3.0,0,3.5697853813611573,4.033063022918961,3.3310678982282673,3.3784770811601086,3.392748253061311,0.03142579105979991,0.04349460344719261,0.05061041282575037,0.06073752711496746
2025-10-22,5.0,9.0,1,3.270862309039465,3.24188686973739,3.6573331612953566,3.6867767930622013,3.6611089982962604,0.044379652689093434,0.04388069358729359,0.05077379249092042,0.06073752711496746
2025-10-23,5.0,1.0,0,3.1869666352292483,3.3380889794366784,3.825236407093538,3.8418934753734306,3.8737938597020474,0.05671505749185766,0.030139518691130508,0.04429779075235383,0.03409090909090909
2025-10-24,5.0,6.0,0,3.0241979762953415,3.3919763544425967,3.702371128954701,3.7127831287734465,3.6852144646969833,0.04568466761392422,0.08268333831806869,0.0641462498311486,0.06073752711496746
2025-10-25,5.0,2.0,0,2.817141480883828,2.697581875979211,3.189850647076774,3.2851570248542075,3.1819575927616963,0.02320450389859478,0.05243003223550069,0.05418867745520011,0.06073752711496746
2025-10-26,5.0,3.0,0,2.944514768391049,3.75131285071048,3.2855911556525546,3.3572869837500634,3.27486682161228,0.026623758742386535,0.12243285877955135,0.07448139012734667,0.06073752711496746
2025-10-27,5.0,3.0,0,3.0122003159900763,2.520796441769998,4.02607103649811,3.978021426947171,4.101582892769274,0.07199160322975144,0.12146804559791592,0.07425352283487743,0.06073752711496746
2025-10-28,5.0,2.0,0,2.8083601698676954,2.717466282549861,3.8390357052741577,3.8613052017414735,3.8365840039292864,0.05442278796917651,0.11829011554144422,0.0734964068789755,0.06073752711496746
2025-10-29,5.0,2.0,0,3.602869157013662,3.3095492627379057,3.8679828934626994,3.8943888562153575,3.9074110556491166,0.058835099695314676,0.13266855608464462,0.07684567875081065,0.06896551724137931
2025-10-30,5.0,4.0,0,3.94320978114047,4.813644796635535,3.691231379596571,3.7255828698624693,3.7117433245381037,0.04714825254374275,0.1342220802012563,0.07719654515685195,0.06896551724137931
2025-11-02,5.0,4.0,0,3.154356363691853,2.7493769900278737,3.7587156188688087,3.7512807532928796,3.7640677604048673,0.050119334254473,0.10509468981601254,0.07023453687221452,0.06073752711496746
2025-11-03,5.0,6.0,0,3.299134244599308,3.517426985819667,3.354793159552128,3.3938818120146634,3.3644548995811983,0.030225000495399678,0.10957327960817623,0.07136438534864281,0.06073752711496746
2025-11-04,5.0,4.0,0,3.2009626256326964,3.551792476900489,2.6671756006651828,2.785461009490908,2.644832020125567,0.009120757796280883,0.03684905295932313,0.047646820552385956,0.06073752711496746
2025-11-05,5.0,3.0,0,3.135124610257615,3.6316728878952045,4.24787980040484,4.0855844270127,4.452107478830912,0.09961458633682335,0.1488030339013456,0.08039928175465016,0.10270270270270271
2025-11-06,5.0,7.0,0,3.1252094611601926,3.4642163455766846,3.0484879461008125,3.168066780925224,3.114285208226829,0.020910225052235193,0.10023951885445215,0.06898046717681905,0.06073752711496746
2025-11-07,5.0,7.0,0,3.169384991539618,2.5669753082409943,3.026621760602239,3.1148942935092387,3.0477519591433455,0.018810855055606902,0.10621347185999848,0.0705191214635996,0.06073752711496746
2025-11-08,5.0,3.0,0,3.223182874642695,2.9372044253208642,3.9447484115543063,3.884543643211439,3.9928022638123597,0.06442980143136215,0.16273850829812253,0.08332675119790954,0.10270270270270271
2025-11-09,5.0,2.0,0,3.09810076265844,2.676247381864709,3.1050968978060394,3.1752099178243,3.1377582731941676,0.02168763069679335,0.06197664341831609,0.05762775350606295,0.06073752711496746
2025-11-11,5.0,3.0,0,3.3922813550324027,3.2744093700214694,2.8949448637645063,3.0031334750061562,2.90625602372761,0.01483962788636767,0.14026485857829085,0.0785429839962488,0.06896551724137931
2025-11-12,5.0,4.0,0,3.1665696964762113,3.869327907446214,3.3802506282835827,3.439751466706549,3.380975475913077,0.030922407167163553,0.22460415247081206,0.09522777659336017,0.10270270270270271
2025-11-13,5.0,3.0,0,3.2213220322929295,3.363123857795938,4.015709958632074,4.008768705458068,4.072354296829646,0.06991208628912088,0.17528839987302405,0.08586979158233239,0.10270270270270271
2025-11-14,5.0,8.0,1,3.75479633355025,4.399941630182326,4.126811067715043,4.075964578363675,4.159933186402887,0.0762474241116325,0.1835873716283734,0.08750945435037868,0.10270270270270271
2025-11-15,5.0,5.0,0,3.3829832563113986,3.885313870521433,3.8411880000768073,3.8473936021132107,3.879106368274152,0.05704698548280941,0.2127224821142718,0.09304867718770414,0.10270270270270271
2025-11-16,5.0,5.0,0,3.684478374696513,4.402665422912547,3.6323483106827723,3.678022498635469,3.6602260065825902,0.04433229829166988,0.11661289654290675,0.07309264124344518,0.06073752711496746
2025-11-17,5.0,3.0,0,3.1620574952964264,4.329302063715783,3.712296884435697,3.744184981779414,3.7184322661769524,0.04752181530300098,0.22932147613047976,0.09608227303148881,0.10270270270270271
2025-11-18,5.0,4.0,0,3.441205605218227,3.5276383217640745,3.763940556466579,3.79211218888539,3.7850155249198703,0.05134026168802775,0.11616060938946682,0.07298325130463122,0.06073752711496746
2025-11-19,5.0,5.0,0,3.428118328323413,3.806504009222821,3.9536666853494036,3.9253175833790954,3.937017756721293,0.06074083181537434,0.2824499127487241,0.10538829679581665,0.10270270270270271
2025-11-20,5.0,3.0,0,3.4732669888897867,3.431716895473663,3.6622458886930764,3.684045590353475,3.619017689907474,0.04215749736591123,0.13531847406953368,0.07744298021876801,0.06896551724137931
2025-11-21,5.0,5.0,0,4.129411408019764,3.9596450921641684,3.5596751231742547,3.577667539181413,3.530031256149925,0.03769467234724464,0.22339030283233854,0.09500696101726125,0.10270270270270271
2025-11-24,5.0,3.0,0,3.4764297360192873,3.8867537644372216,3.338527316153784,3.3451341165954376,3.3659600901645508,0.030288107877341097,0.03051045134346908,0.044494404340046534,0.03409090909090909
2025-11-25,5.0,3.0,0,3.616454141170651,3.2710109930596056,3.17504602636057,3.225738322768618,3.1874674123638767,0.023398499931607374,0.03813737084373223,0.048245557306641616,0.06073752711496746
2025-11-26,5.0,1.0,0,3.370751500198641,3.3992517508542432,3.1640180816429675,3.1984919130970524,3.1396372336025196,0.02175069972329719,0.015273159029600606,0.034662325283596286,0.017241379310344827
2025-11-27,5.0,4.0,0,3.20615199372267,3.969759147360922,3.3709342183606354,3.3799332751802402,3.417776813636285,0.03251376006215554,0.04990745695637532,0.053218455682230104,0.06073752711496746
2025-11-28,5.0,3.0,0,4.073933509891149,3.3433521955345387,3.6587720734116482,3.694517658742456,3.6772586626885286,0.04525134376536078,0.1903107692716717,0.08881592355155644,0.10270270270270271
2025-11-29,5.0,3.0,0,3.1329549112229906,2.7385385583320363,4.145300515611,4.074629847309279,4.157694313371021,0.07608157126904597,0.26265104357170943,0.10197802101224943,0.10270270270270271
2025-11-30,5.0,2.0,0,3.509154459661328,3.5351010390399273,3.967178199217252,3.953960098220078,4.065068133840014,0.0693991504125719,0.1620873907045543,0.08319253402107875,0.10270270270270271
2025-12-03,5.0,6.0,0,3.587045220045081,4.566971263763302,4.029572063700843,4.02245807920132,4.0888360895989075,0.07108040968911439,0.3880295650009963,0.1230787521155582,0.16666666666666666
2025-12-04,5.0,5.0,0,3.680301179491323,4.7501919449878285,3.907992251591216,3.9223071232679336,3.879369844527222,0.05706347789715771,0.22158533846165474,0.09467788101283894,0.10270270270270271
2025-12-05,5.0,5.0,0,4.12222323310337,4.170819576733012,4.036698429750596,4.025085150951322,4.030668588551133,0.06700689713602344,0.2868180534959704,0.10613368676507069,0.10270270270270271
2025-12-06,5.0,5.0,0,3.9726378379764093,3.6312585031833513,3.96712501249167,3.9593560211578973,4.038945812267963,0.06757808095260448,0.1664823823951758,0.08409396735272481,0.10270270270270271
2025-12-07,5.0,2.0,0,3.3796230147235486,2.7817018031993195,2.981918650414149,3.0651160727380065,3.017253878584705,0.01789905443409388,0.030712529722038296,0.04460088987571069,0.03409090909090909
2025-12-08,5.0,3.0,0,3.8372951620351468,4.122424751428109,3.184191371426326,3.2350621307303715,3.2255358494562354,0.024768909034797486,0.06378061709321672,0.058241647141707924,0.06073752711496746
2025-12-09,5.0,3.0,0,3.0669684344919097,3.6815383877035135,4.04255192652704,3.9664112182072397,4.235648963552486,0.08197594877032352,0.12355571180802363,0.07474544604471482,0.06073752711496746
2025-12-10,5.0,4.0,0,3.110955111349101,4.2531598772994474,3.358977142569364,3.520862883089091,3.5162145467771704,0.03703014367852182,0.12188729207916327,0.07435265134805166,0.06073752711496746
2025-12-11,5.0,1.0,0,3.453925384777231,4.310657833571501,4.717368767110575,4.582914799768984,5.055604870847676,0.15793754642433638,0.17596266266941873,0.08600418921849605,0.10270270270270271
2025-12-12,5.0,8.0,1,3.3802859141906194,2.808514911787906,3.6808129476283336,3.672327216852893,3.656081469676088,0.044110452173558516,0.14845796209887063,0.08032524105686147,0.10270270270270271
2025-12-13,5.0,4.0,0,3.240840771893698,4.374235731231539,3.682153292382605,3.697940718628243,3.658793850920015,0.04425555987433021,0.21566376703888282,0.09359188752885904,0.10270270270270271
2025-12-14,5.0,6.0,0,3.253296055501516,3.887467856063676,3.3780154948446586,3.4457315580698435,3.3174305879604074,0.02829692911110034,0.24926492975640563,0.099636969629338,0.10270270270270271
2025-12-15,5.0,1.0,0,3.1924219045696716,3.8160015218116485,3.351530618794434,3.4647199896088714,3.309363354171632,0.027974582792273692,0.17181834056987738,0.08517465677671894,0.10270270270270271
2025-12-16,5.0,8.0,1,2.944279575251485,4.201710523155648,4.551267928855703,4.468806955512113,4.5377989987395795,0.10710098443488539,0.3460755548666473,0.11608988912692124,0.16666666666666666
2025-12-17,5.0,3.0,0,3.690604503912193,4.18998928021181,4.3780266779075685,4.314288307684144,4.373975198964447,0.09303497139547608,0.45629842976087287,0.13463341333661152,0.16666666666666666
2025-12-19,5.0,3.0,0,3.427217369493017,3.4717056513021296,4.122527442007527,4.073478903680772,4.200691955197292,0.07930234571685872,0.11457457833149659,0.07259791392434761,0.06073752711496746
2025-12-20,5.0,4.0,0,4.039527163469281,3.83258858165275,3.8939804625405197,3.902247592853727,3.9085879500988474,0.05891016422483216,0.10842270256658719,0.07107647531263535,0.06073752711496746
2025-12-21,5.0,4.0,0,3.8467731526698703,3.884403469424228,3.4481913947251743,3.5076691047429374,3.451232187729356,0.034006054027127974,0.09292269899879306,0.06702717773184315,0.06073752711496746
2025-12-22,5.0,2.0,0,3.4444670145518836,3.340712761217464,3.541190203376465,3.5757949503859647,3.531629648767179,0.03777203877946945,0.05380303454044318,0.0547050242966945,0.06073752711496746
2025-12-23,5.0,9.0,1,3.492781557046392,3.1299955795802235,3.639954031996912,3.6937264035353197,3.6016987800627964,0.04126398221946131,0.12208761948766357,0.07439995684269213,0.06073752711496746
2025-12-24,5.0,2.0,0,3.7608783134660477,4.7640605996123675,3.700236969193953,3.7396907570684794,3.6856829492910252,0.045710264677545825,0.21508785902113314,0.093485729292195,0.10270270270270271
2025-12-25,5.0,1.0,0,3.956275566488693,5.595370703873002,4.456738826264837,4.371355518056388,4.502411237699562,0.10397546057839595,0.37870865057526537,0.12152378305781514,0.16666666666666666
2025-12-26,5.0,8.0,1,3.8253662616420208,3.6108189454715642,4.228583744704915,4.174712240157576,4.196059257341555,0.07895172828023966,0.3090352848628013,0.1098943742060799,0.16666666666666666
2025-12-27,5.0,8.0,1,4.415054029875195,5.736889513420208,4.211063744925332,4.161466492285235,4.185208129274151,0.07813388053043133,0.38860538113667026,0.12317490854435516,0.16666666666666666
2025-12-28,5.0,4.0,0,3.3651662800708984,3.609995275020922,4.163288849077505,4.126962289327751,4.236075462562156,0.08200887266342703,0.28628272948015715,0.10604245800775965,0.10270270270270271
2025-12-29,5.0,4.0,0,3.4174952762322617,4.952575796197738,4.1678666951438075,4.127630784786684,4.229841259209664,0.08152834756758612,0.3561877343084139,0.11777364404637793,0.16666666666666666
2025-12-30,5.0,2.0,0,4.026952029509796,6.593190458358792,4.5527213765108145,4.474566924310055,4.603326498125715,0.11301262447858555,0.3652876077033042,0.11928836934519386,0.16666666666666666
2025-12-31,5.0,2.0,0,5.235544252107437,4.688799321947478,4.385682114667281,4.319480579416051,4.47752202194088,0.10180568689865295,0.32300432156250075,0.11223869955959259,0.16666666666666666
2026-01-01,5.0,6.0,0,3.3882558952236463,2.8239435054138498,3.9137125943522886,3.891526413701321,3.9846676855893794,0.06388388294671388,0.18269353701655233,0.0873343349303034,0.10270270270270271
2026-01-04,5.0,3.0,0,2.965048221559725,2.9392238901692695,3.2146862978724053,3.255629426237451,3.204610339627447,0.024009103685264727,0.09792207430079239,0.06837041117957696,0.06073752711496746
2026-01-05,5.0,4.0,0,3.4288583059051647,3.5858794493841963,3.3195798657350255,3.3640599427716786,3.3523924128361497,0.029722392344096633,0.07898866099972594,0.06305810007153347,0.06073752711496746
2026-01-06,5.0,2.0,0,3.5260384627331556,3.05726914772985,3.1708774475750485,3.2433581034006256,3.2010021466996963,0.023879701134161175,0.16029883978362386,0.08282262288220246,0.10270270270270271
2026-01-07,5.0,2.0,0,5.053810738054885,5.684754236809587,3.777100194850806,3.7829380357548317,3.835471512701178,0.05435513284811361,0.23398816845834092,0.09692212522043986,0.10270270270270271
2026-01-08,5.0,1.0,0,3.1233964744564986,2.4066646520089487,3.5102164257920045,3.557225243238523,3.5630689918685556,0.03931450809991365,0.06369981382151418,0.05821436900010764,0.06073752711496746
2026-01-09,5.0,2.0,0,3.350438948068702,3.5253060228043513,4.127553744807291,4.091074954582765,4.225431740160205,0.08118941201483791,0.2711256766928319,0.10344461888705136,0.10270270270270271
2026-01-10,5.0,3.0,0,3.3170075142133215,4.071804917524091,4.213272501751239,4.1747619241045255,4.319964099149794,0.08862637634476854,0.39893285721014066,0.12490188632400859,0.16666666666666666
2026-01-11,5.0,3.0,0,4.001451468095962,3.6728733482538165,4.0038246658596615,4.008569046361861,3.9912152095051545,0.06432307885202095,0.2526013688969409,0.10022351218244402,0.10270270270270271
2026-01-12,5.0,1.0,0,3.8718511289034097,4.804709236627096,4.051974079881226,4.057484464090444,4.058314960036047,0.06892568066679008,0.3872441177411474,0.12294760893889752,0.16666666666666666
2026-01-13,5.0,2.0,0,4.159748281777155,4.381773101706332,4.699282343102167,4.601192634593035,4.711264059512841,0.12309419317476748,0.4733248280044024,0.13759032827053028,0.16666666666666666
2026-01-14,5.0,3.0,0,3.3969004029650667,2.822883506008488,4.202428610741373,4.132772787477521,4.231538300363368,0.08165899852499338,0.3025826288135748,0.10880678692843783,0.16666666666666666
2026-01-15,5.0,2.0,0,4.1820435940619936,3.5214310574306182,3.7750121988437533,3.825499026270082,3.7590382085845455,0.04982887221794468,0.20941982702306497,0.09243558190329743,0.10270270270270271
2026-01-16,5.0,5.0,0,3.979030246418327,4.687062894366038,4.362220348022291,4.330028223923485,4.381072172012886,0.09362278905194793,0.45123261055074104,0.1337610004552534,0.16666666666666666
2026-01-17,5.0,9.0,1,4.01426102377502,5.378471872324905,4.4069307473209145,4.369687737080256,4.394262662107296,0.09472055071680566,0.3118904382219777,0.11037458229391127,0.16666666666666666
2026-01-18,5.0,10.0,1,4.282404502001616,3.6426112267724817,5.011893657178512,4.838975264292345,5.011558827916586,0.15326603860950386,0.3460380422874797,0.11608364028074,0.16666666666666666
2026-01-19,5.0,4.0,0,4.342792366371968,6.17378890149081,4.58765938878678,4.4401546142592485,4.71911420931902,0.1238437666915943,0.27334491586039283,0.10382689945515663,0.10270270270270271
2026-01-20,5.0,6.0,0,3.5488758101590796,4.488342440727167,3.548580191000311,3.5474964382526575,3.560370880431824,0.039180584088956055,0.18415566555806318,0.087620614948482,0.10270270270270271
2026-01-21,5.0,6.0,0,3.527793361819078,4.8677884909723526,3.7871312910295996,3.7633548686263114,3.8139127957633536,0.05305412531502412,0.09765982809853915,0.06830088820526385,0.06073752711496746
2026-01-22,5.0,8.0,1,3.527441544299204,2.6120880944134917,3.930204063049513,3.9445083554746585,3.9634555977120436,0.062473146394052353,0.10674487288082522,0.07065373909017597,0.06073752711496746
2026-01-23,5.0,3.0,0,2.8515865141665144,2.3207821351347824,3.7932483233104786,3.773040411512347,3.8396395257502474,0.0546088690564427,0.20940864060332195,0.09243349949373729,0.10270270270270271
2026-01-26,5.0,4.0,0,3.357035050856646,3.251525351873243,3.3614838833766583,3.4268239169146604,3.363642323699483,0.03019096808300335,0.14694367174683237,0.07999937712480228,0.10270270270270271
2026-01-27,5.0,3.0,0,4.301628077108904,4.99686069196354,3.049631796852699,3.1542713179167183,3.088175827241212,0.020068157222592694,0.12855593818641478,0.07590699553817408,0.06073752711496746
2026-01-28,5.0,4.0,0,4.14903408174692,2.5916275396757027,3.450010351805825,3.508831645122987,3.459334147134188,0.0343740241792232,0.24625504333818807,0.09910597376576645,0.10270270270270271
2026-01-29,5.0,4.0,0,5.274199903224772,4.891251000930869,7.427532040424981,6.467310411545362,8.190430256855516,0.5503360140001984,0.3240331542741104,0.11241090127500444,0.16666666666666666
2026-01-30,5.0,3.0,0,4.244477581127648,4.8003707058195815,1.26619718573123,1.875881570330254,1.2683432655463793,0.00011082000766634506,0.25643841403591516,0.10089549408235093,0.10270270270270271
2026-01-31,5.0,5.0,0,4.413773285315776,7.746644718507095,5.69339800061603,5.265997822230594,6.077455816782028,0.27967450205990624,0.4345156718760384,0.1309028322956165,0.16666666666666666
2026-02-01,5.0,4.0,0,4.7550200396485485,5.264645950618582,3.4764832285978073,3.5030960626742496,3.491301175082198,0.03585105210963221,0.18618733821139868,0.08801689543709272,0.10270270270270271
2026-02-02,5.0,3.0,0,3.772625826557443,3.559262312362968,3.7198721568076643,3.7283679680910398,3.747754682843469,0.049181011980434196,0.08969578880361186,0.06613910398910075,0.06073752711496746
2026-02-03,5.0,1.0,0,4.626277881762818,5.575526656601324,3.4158463156441616,3.53256680123219,3.419248652832426,0.03257849545484336,0.17129312957228693,0.08506892938160975,0.10270270270270271
2026-02-04,5.0,2.0,0,3.5215885056504335,4.991738280687625,3.2238302038553526,3.285318754782161,3.2191332505288153,0.024534734667014068,0.0856894116579486,0.06501162192984497,0.06073752711496746
2026-02-05,5.0,2.0,0,3.2682425632009866,3.728794755006239,3.023884224441092,3.115081964573247,3.000553099676227,0.01741296607804545,0.17155942136869404,0.08512255233788872,0.10270270270270271
2026-02-06,5.0,8.0,1,3.343721456155207,3.0536152006886947,3.1332958444128125,3.198340399464401,3.102998909496925,0.02054331225814285,0.2504522005052784,0.09984593474139386,0.10270270270270271
2026-02-07,5.0,3.0,0,3.86083547087599,3.3149969927947347,3.7915250949599564,3.8011720168976963,3.7879128240819724,0.05151054817074441,0.16950225560695686,0.08470737523700234,0.10270270270270271
2026-02-08,5.0,7.0,0,4.2755254754953915,3.9610914121308682,3.5508453376892732,3.600023202698178,3.585374605651942,0.04043285630984508,0.15630550540927537,0.08199002051922581,0.10270270270270271
2026-02-09,5.0,3.0,0,3.722404099800991,4.41671343259956,3.354843435937735,3.430251810272837,3.3976401384442125,0.03163653151024598,0.30930799960147387,0.10994026792803166,0.16666666666666666
2026-02-10,5.0,4.0,0,4.050300438620753,4.4835826909986976,3.6469290982778104,3.6908372893310637,3.6878443371732397,0.04582847443694873,0.2299538922162522,0.09619639926244998,0.10270270270270271
2026-02-11,5.0,5.0,0,2.9813783139648113,3.6748338534876215,3.62246157245985,3.65155129332308,3.6301374213802906,0.04273757301937094,0.062223959837442215,0.05771252996242194,0.06073752711496746
2026-02-12,5.0,6.0,0,3.8721200424186972,4.732059622870689,3.5550684197305027,3.5979165372745516,3.5402701187312258,0.0381920228698871,0.2537159066241554,0.10041897872965534,0.10270270270270271
2026-02-13,5.0,4.0,0,3.914805414669758,4.152909714371753,3.764793378841843,3.7868336079424534,3.783578391886557,0.05125592333697575,0.32276085644111374,0.11219794125798052,0.16666666666666666
2026-02-14,5.0,3.0,0,3.6833441391423016,5.092182633213096,3.7753404011275045,3.7926257918737636,3.7726057855587447,0.05061479188414833,0.2689797914723407,0.10307429444364656,0.10270270270270271
2026-02-15,5.0,4.0,0,3.271586016872173,2.981134863514102,3.8202944050979597,3.8143846293870367,3.806157015239565,0.05259076624729149,0.13780011832638112,0.07799723380267985,0.06896551724137931
2026-02-16,5.0,2.0,0,3.355869353797312,2.64577603857575,3.811805548993351,3.8101828666094972,3.8170100571084142,0.05323985898441522,0.05293593972852369,0.05437986550138567,0.06073752711496746
2026-02-17,5.0,6.0,0,3.866838303833182,3.9059224634332974,3.5212827187777704,3.5088156659010807,3.582169790796152,0.040270945997046795,0.21014614697446887,0.09257070550530834,0.10270270270270271
2026-02-18,5.0,2.0,0,4.008872863549219,3.8481688086852213,3.729906147481616,3.7655921002014656,3.7595468101221137,0.04985819732768306,0.25270413423184734,0.10024154473169918,0.10270270270270271
2026-02-19,5.0,3.0,0,3.5123183517285406,3.9857447928637493,4.122537025046207,4.061729606294353,4.122787984049794,0.07352214732510004,0.34345512626449315,0.11565330965969206,0.16666666666666666
2026-02-20,5.0,7.0,0,3.6329036060645294,4.142778889619179,5.313643416747125,5.050713769785269,5.654752125890903,0.22671291899033483,0.344946675857611,0.11590182841833316,0.16666666666666666
2026-02-21,5.0,7.0,0,3.6931045668173357,7.267852251803411,6.007422134212154,5.293330568490603,6.445278104099714,0.32746990674965043,0.28195794630197396,0.10530420309599929,0.10270270270270271
2026-02-22,5.0,3.0,0,3.5648221582724386,5.735146231845465,4.083434581620994,4.033648672085192,4.166736710280204,0.07675267059403858,0.4351758661664313,0.131015153862637,0.16666666666666666
2026-02-23,5.0,3.0,0,4.055964325012167,4.730891837910296,4.388975717060927,4.317811202931068,4.469044759735794,0.1010720683527423,0.4766303847933752,0.1381691982908177,0.16666666666666666
2026-02-24,5.0,3.0,0,4.046119585727774,3.795885066602996,4.118006547797545,4.062244552918857,4.141809024805599,0.0749106656853247,0.2289228874231985,0.09601029215872676,0.10270270270270271
2026-02-25,5.0,4.0,0,2.4193499278890473,2.4389049655573354,3.612248831942623,3.605824808080869,3.640632195529035,0.043289637503720786,0.03273425524158052,0.04564301740956136,0.06073752711496746
2026-02-26,5.0,6.0,0,3.05568947925734,2.9902123140419916,3.8750646996243896,3.868352932843452,3.9547388187450734,0.061898802838193,0.043540655683116686,0.050629946782100636,0.06073752711496746
2026-02-27,5.0,8.0,1,3.5965352477364867,4.160850641656023,3.2602809287875907,3.2900649924193255,3.266711638145964,0.026310911430894417,0.09226840066764026,0.06684849342256322,0.06073752711496746
2026-02-28,5.0,3.0,0,4.5269435640758635,6.774133575003901,3.5737209216361285,3.5812082422299722,3.6261165782444262,0.042527243114368014,0.08477094853470031,0.06474904411862668,0.06073752711496746
2026-03-01,5.0,5.0,0,5.153142080184035,8.958156333887938,4.218826054977157,4.225790413735174,4.2945907652270705,0.08659517791461116,0.24502358475913857,0.09888819776253178,0.10270270270270271
2026-03-02,5.0,1.0,0,3.4343497148252626,3.8362251016164444,3.841194128634408,3.8029440470454037,3.858939069405214,0.055793100488821364,0.18554510980656194,0.08789181613329503,0.10270270270270271
2026-03-03,5.0,2.0,0,3.0420984513657916,3.125988965231129,3.5896848472810032,3.6233848413730954,3.5826304213914923,0.040294192093102026,0.08889370746782232,0.0659156474387524,0.06073752711496746
2026-03-04,5.0,4.0,0,3.774509383207709,3.6462844240007746,4.294342763607093,4.242594174723061,4.321758914776393,0.08877102426482937,0.362402008050132,0.11880802689181709,0.16666666666666666
2026-03-05,5.0,5.0,0,4.216043426323446,4.104323673720841,4.077134024876051,4.023440992423475,4.102600325329852,0.0720646199187204,0.1336664085663154,0.07707127408733462,0.06896551724137931
2026-03-06,5.0,5.0,0,2.7639788821399853,2.9744948231394823,3.5801696021908094,3.5637903525252237,3.6291535444703498,0.04268604605952215,0.0842709178386196,0.06460542380171476,0.06073752711496746
2026-03-07,5.0,5.0,0,3.5994495035819454,3.4973935287958287,3.4476896826680026,3.4509583105383776,3.4595454551213622,0.034383655677850004,0.08409478792584826,0.06455472193355223,0.06073752711496746
2026-03-08,5.0,5.0,0,3.89578393907102,4.161558201444988,3.944964548910378,3.867683444005826,4.015972151059938,0.06599968542330407,0.11800281505091716,0.07342745233130525,0.06073752711496746
2026-03-09,5.0,8.0,1,3.9313834811903345,3.994083469866573,3.6464483917614836,3.6734595143418045,3.7255407783880514,0.04792081547004194,0.18065759937744744,0.08693415136585338,0.10270270270270271
2026-03-10,5.0,4.0,0,3.971612458237273,3.9403332872295747,3.449188296544314,3.490966886921235,3.483207555984791,0.03547328301784671,0.07982893413505958,0.06330805501090106,0.06073752711496746
2026-03-11,5.0,4.0,0,4.125741665462958,4.884926149761663,3.6173276886308763,3.6424768154013667,3.6579786559802137,0.044211916944039,0.187637688594903,0.08829873191737395,0.10270270270270271
2026-03-12,5.0,2.0,0,3.342392758606825,3.8408430510791933,3.7838118963832597,3.809639408769757,3.824376824185564,0.053683209265705384,0.2446488806328455,0.09882187186619938,0.10270270270270271
2026-03-13,5.0,5.0,0,3.9633819295755184,4.201631862128649,4.242581286961996,4.229552983178691,4.269717612129962,0.08462892076710114,0.24750813325608145,0.09932725958895332,0.10270270270270271
2026-03-14,5.0,2.0,0,3.1105555501979016,2.887261519109793,3.958533844509753,3.9329944403218575,3.96219787813967,0.06239008258533495,0.2590385257004862,0.1013493562626375,0.10270270270270271
2026-03-15,5.0,12.0,1,3.717254661708396,4.379193087028902,4.647908871829748,4.5288625851126785,4.599285127891799,0.11264340880137286,0.35614244247920973,0.11776610479773443,0.16666666666666666
2026-03-18,5.0,4.0,0,2.912298688417846,2.629570692184555,3.8396742664256323,3.8263076503879123,3.8649939092188674,0.05616779331079989,0.04108626617024638,0.04957074358767128,0.06073752711496746
2026-03-19,5.0,3.0,0,2.43693973797451,2.4680420817246613,3.2638675886024853,3.3538757938642534,3.2316047332636817,0.024992262895044044,0.15747389937011447,0.08223460431766713,0.10270270270270271
2026-03-22,5.0,5.0,0,2.856324160376355,2.9442142496352357,3.917219947540236,3.8627301367992355,3.904206190733759,0.058630977076338096,0.09970467171829137,0.06884035045199742,0.06073752711496746
2026-03-23,5.0,2.0,0,2.9211096070928138,2.984734712931158,3.5952270120935705,3.6107886041201285,3.580346261898183,0.040179003815575536,0.036775965351362426,0.04761246959805035,0.06073752711496746
2026-03-24,5.0,4.0,0,2.796744722395161,2.870277301489893,4.032555776237901,4.030910189378678,4.015249846958154,0.06595041178253853,0.10184028233336033,0.06939744896897655,0.06073752711496746
2026-03-25,5.0,4.0,0,3.0067056236183616,2.860141761794768,4.1548987369364605,4.084989364165101,4.163284494916501,0.07649606550431379,0.17850790338912068,0.086509599411246,0.10270270270270271
2026-03-26,5.0,3.0,0,2.761062725313881,2.409524305278663,4.106503834380984,4.0395236227086695,4.169980562896842,0.07699422908848289,0.047731958381428796,0.05235773709842023,0.06073752711496746
2026-03-27,5.0,2.0,0,2.4949115060451352,2.1919376281502974,3.880511237969097,3.835627591604073,3.9338424630991486,0.06053471263999096,0.019088273276177577,0.037561858846099694,0.017241379310344827
2026-03-28,5.0,3.0,0,2.874777514065266,2.8991236898665913,3.5805958650563188,3.5690349516898623,3.5842289006089665,0.04037492678187066,0.012676834150460073,0.03241309134999461,0.017241379310344827
2026-03-29,5.0,2.0,0,2.955849335040727,3.389803001929734,3.698214000808539,3.68555202745023,3.8094607871636765,0.052787843156909306,0.03673446250429915,0.04759294464087744,0.06073752711496746
2026-03-30,5.0,1.0,0,3.9700494310644707,3.133595314480128,3.3002838649454977,3.343418124480315,3.327489957516475,0.028702319039475708,0.042039817960959666,0.04998672684160126,0.06073752711496746
2026-03-31,5.0,2.0,0,4.253801653473769,3.9880765460279823,3.690156200927414,3.726127575584334,3.735043432608694,0.04845742827389363,0.1699186084113342,0.0847915764814562,0.10270270270270271
2026-04-01,5.0,2.0,0,3.1346409112987454,3.2752947995570354,3.8558687030700467,3.8758575912460915,3.904238855176768,0.058633055386053866,0.037960520667516054,0.04816411264527268,0.06073752711496746
2026-04-02,5.0,4.0,0,2.9258025902459326,3.0385308032467364,3.935807039241683,3.9300298614017546,3.974675386269812,0.06321702235809476,0.03035743442809582,0.044413479011537256,0.03409090909090909
2026-04-03,5.0,1.0,0,3.0843635514018306,2.53824804289685,4.069476362050939,4.0467347772071784,4.194986635513251,0.07887067261893503,0.12239606743733505,0.07447271749165851,0.06073752711496746
2026-04-04,5.0,1.0,0,3.525561556323148,3.3092005840463856,4.033602616024865,4.00119240488412,4.085444971627722,0.07083911869528049,0.056255854489829844,0.05560822978502354,0.06073752711496746
2026-04-05,5.0,5.0,0,2.9736507011849227,3.4007347195076965,3.6150090850980763,3.6219476234556915,3.6367218017512912,0.04308341464628889,0.03169067239838975,0.045110250452030445,0.06073752711496746
2026-04-06,5.0,4.0,0,3.4770470937566214,2.810041790421972,3.8643504228906136,3.879607559782932,3.9614993743641826,0.06234397933611764,0.10970880168565465,0.07139819273572286,0.06073752711496746
2026-04-07,5.0,1.0,0,3.7204103448849737,3.9890484837909064,3.965960745369873,3.96257369101661,4.070843157215447,0.06980552521313388,0.06735929950145668,0.05943010539338799,0.06073752711496746
2026-04-08,5.0,7.0,0,3.5484307530028496,3.7494050869895545,3.6393949086368806,3.6456763627492967,3.669008491702997,0.04480470862827283,0.0987605656616281,0.06859202839576259,0.06073752711496746
2026-04-09,5.0,3.0,0,2.983610410739985,3.8881880746624256,3.475622333855809,3.4513127443740683,3.5554448507625773,0.038936826385516723,0.06521255704926436,0.05872173837865765,0.06073752711496746
2026-04-10,5.0,3.0,0,2.7321092293362095,2.707308290147764,3.3089750256610975,3.341912057592788,3.3203280972642495,0.02841330570523224,0.05413804335409566,0.05482981289091192,0.06073752711496746
2026-04-11,5.0,3.0,0,3.62930567026825,3.753512871726527,3.1591406373645636,3.222275147807801,3.184587275894683,0.02329695631016473,0.04370665125502732,0.050700252784649576,0.06073752711496746
2026-04-12,5.0,4.0,0,2.850231327564145,2.8007536259968315,3.5044612539398874,3.522020458932495,3.5734921886718753,0.03983461630771772,0.03950779017745816,0.04886894457414083,0.06073752711496746
2026-04-13,5.0,6.0,0,3.786992129494241,3.7627310397464235,3.7914056056683387,3.752478793128116,3.8449328627892823,0.05493214347968637,0.06556464624888743,0.05883883952200789,0.06073752711496746
2026-04-14,5.0,3.0,0,3.4988250177300864,3.9230506620312298,3.602050727579518,3.6304460392328597,3.6304065687216616,0.042751675453317296,0.13937668134744105,0.07834685394430006,0.06896551724137931
2026-04-15,5.0,6.0,0,3.3977756649445054,4.1433579456892655,3.5110027107305553,3.520699638939007,3.5933041003516824,0.04083523724483388,0.0756321038106116,0.062044291792218424,0.06073752711496746
2026-04-16,5.0,2.0,0,4.050098956661505,3.0348648639296827,3.3880045356752513,3.4178143445951816,3.41447228927881,0.03236872475371352,0.09499085175237859,0.06758750030439584,0.06073752711496746
