date,fold,actual,direct_count,negative_binomial_count,category_count,blend_count,direct_raw_risk,direct_sigmoid_risk,direct_isotonic_risk,category_raw_risk,category_sigmoid_risk,category_isotonic_risk,blend_raw_risk,blend_sigmoid_risk,blend_isotonic_risk,negative_binomial_raw_risk,negative_binomial_sigmoid_risk,negative_binomial_isotonic_risk
2022-10-10,1,1.0,2.857032829158378,3.774696461032425,1.379912739250782,2.635464815672239,0.010109660466024089,0.015978900380363023,0.014285714285714285,0.012312780386154236,0.008700841351522383,0.0,0.008597804910349706,0.015940830500721002,0.014814814814814815,0.03904423635551186,0.014885155363881178,0.015151515151515152
2022-10-11,1,3.0,3.457909049737029,4.195430930046782,1.4677594324283658,3.1593866071407297,0.027298176523949096,0.013279274011158478,0.014285714285714285,0.015132221529038994,0.009952400425376146,0.0,0.02171130636719183,0.01494240894304816,0.014814814814814815,0.06390710841719621,0.015021134290480572,0.015151515151515152
2022-10-12,1,6.0,3.844500714175236,4.352535356209008,1.9720042995897553,3.5636262519874142,0.04541818706734862,0.012053657298295377,0.03333333333333333,0.03669993984602372,0.01779906363458875,0.02127659574468085,0.03830816963025008,0.014352247968999284,0.014814814814814815,0.07523905837694131,0.015067375053893106,0.015151515151515152
2022-10-13,1,1.0,3.5403819127925553,4.100667408996027,2.080090707382771,3.3213382319810876,0.03065540863673885,0.012991613571816515,0.014285714285714285,0.04233806737684377,0.019567938119482646,0.02127659574468085,0.027616325498608846,0.014690720298126604,0.014814814814814815,0.05761681933894044,0.01499212715881458,0.015151515151515152
2022-10-14,1,3.0,3.3881880211774917,4.159635923120277,1.650678451846498,3.1275615857778427,0.02466419200260989,0.013535271717532745,0.014285714285714285,0.02195204573437049,0.012692060247804933,0.0,0.02066210066444538,0.014994573843640668,0.014814814814814815,0.06148308655523563,0.015010279827921936,0.015151515151515152
2022-10-15,1,4.0,2.7968430643523985,3.789856156409707,1.6094096325622669,2.6187280495838787,0.008998762348140411,0.016325879446374824,0.014285714285714285,0.02030552520839529,0.012060421875958603,0.0,0.008310401389045468,0.015978479702835523,0.014814814814814815,0.039805209664965695,0.014890398103990286,0.015151515151515152
2022-10-16,1,1.0,3.9750500793190238,4.196554552645977,2.306917828400337,3.724830241681221,0.052958639672779396,0.011701465933733503,0.03333333333333333,0.055068400202271155,0.023320643369029507,0.02127659574468085,0.046717598268229965,0.014148717180009528,0.037037037037037035,0.06398414537491108,0.015021473042713496,0.015151515151515152
2022-10-18,1,4.0,3.342930982143417,3.650390896677721,1.383326750582523,3.0489903474092834,0.023051870063199364,0.013708156272745546,0.014285714285714285,0.012416624256402659,0.008748566361466805,0.0,0.018222206337004665,0.015127478676710753,0.014814814814814815,0.03316872446949815,0.014841087223092138,0.015151515151515152
2022-10-19,1,4.0,2.948014758641614,2.675369794828051,0.8995769723928317,2.640749090704297,0.011976107788874705,0.01548609173175749,0.014285714285714285,0.002395280526761857,0.003004992895334138,0.0,0.008690035651546232,0.015929030563483444,0.014814814814814815,0.006337794465837804,0.014409784948932787,0.015151515151515152
2022-10-21,1,2.0,3.297070891085639,3.7037505775888335,1.4477295558299872,3.0196696907972918,0.021494456540424662,0.013889037333152368,0.014285714285714285,0.014462562988267546,0.00966288763698309,0.0,0.0173653694760482,0.015178640325833822,0.014814814814814815,0.03561199590262092,0.014860243816351152,0.015151515151515152
2022-10-23,1,3.0,3.068450655701856,2.7758709600722473,0.8502858406733715,2.735725933447583,0.014817884830408402,0.014886539956398086,0.014285714285714285,0.0018787473431248886,0.0025670467692265617,0.0,0.010473503068221202,0.015723790620635184,0.014814814814814815,0.007808431219996921,0.014462976341274922,0.015151515151515152
2022-10-24,1,1.0,2.629645637830065,2.5598802879493925,0.7249311397769669,2.3439384631221007,0.006386663240702649,0.01738941038630822,0.014285714285714285,0.0009130721897389741,0.0016077827280301918,0.0,0.004532247596427904,0.016663171293353048,0.014814814814814815,0.004918094746322781,0.014345492250304554,0.015151515151515152
2022-10-25,1,2.0,2.732402879709545,3.04149154691351,1.250124666564164,2.510061147737738,0.007912503369372045,0.0167175212183159,0.014285714285714285,0.008715193851526063,0.006948841162949464,0.0,0.0066124703228423705,0.016233582495670997,0.014814814814814815,0.012920595724041082,0.014592555303658616,0.015151515151515152
2022-10-26,1,2.0,4.67581280877906,3.495048859214058,1.4651895448894487,4.194219319195619,0.10631333474663869,0.010185856747246686,0.03333333333333333,0.015045426610991827,0.009915125262073676,0.0,0.07731639323702368,0.013635028881115285,0.037037037037037035,0.026710301973003794,0.014783141545571138,0.015151515151515152
2022-10-27,1,2.0,2.8289750876832347,3.1610432696181654,1.9896326851394357,2.703073727301665,0.009579922613679563,0.016138470565568226,0.014285714285714285,0.03759851644563008,0.018086327586811893,0.02127659574468085,0.009833009189888728,0.015792919992589017,0.014814814814814815,0.015882960640161557,0.014646225351943503,0.015151515151515152
2022-10-28,1,4.0,4.747889488439803,3.52540019182871,1.6612593765238464,4.28489497165241,0.11302107379259198,0.010057940152180506,0.03333333333333333,0.022383950781031028,0.012855115138755105,0.0,0.08427748385043993,0.013547127841847934,0.037037037037037035,0.027897267508608374,0.014794727482964723,0.015151515151515152
2022-10-29,1,1.0,4.285255088915492,3.9767397911292464,2.0877236959580334,3.9556253799718735,0.07389001334552787,0.010961942899470816,0.03333333333333333,0.042747479127179785,0.01969346635532979,0.02127659574468085,0.06061902269559297,0.01388285626231394,0.037037037037037035,0.05000271739671181,0.01495282932061364,0.015151515151515152
2022-10-30,1,1.0,3.512653175460331,4.399854828292621,2.020881109359566,3.2888873655452167,0.029496974897662114,0.013086571081748297,0.014285714285714285,0.039211825896862354,0.018596791958490237,0.02127659574468085,0.026355752358565205,0.014739391990005407,0.014814814814814815,0.07887394932720729,0.015080876412347193,0.015151515151515152
2022-10-31,1,2.0,4.589110735999906,4.958234418721479,2.5690682278537036,4.286104359777976,0.09853882394099626,0.01034555482739676,0.03333333333333333,0.07099228119622884,0.02768026314549096,0.047619047619047616,0.08437259124263055,0.013545977072777146,0.037037037037037035,0.12940316302223176,0.015227296435648323,0.015151515151515152
2022-11-01,1,3.0,2.5468140351396853,4.058255151243836,1.2507675020542086,2.352407055176864,0.0053273065052224415,0.017978129793049972,0.014285714285714285,0.008731318537991271,0.006957196423700699,0.0,0.004624496319401524,0.01663999808657276,0.014814814814814815,0.054933374084860334,0.014978856794924266,0.015151515151515152
2022-11-02,1,2.0,4.040297189606735,3.943905989019272,1.4501522685312667,3.6517754514454146,0.057006694740091714,0.011535182759323363,0.03333333333333333,0.014542727131765746,0.009697781002837672,0.0,0.0427755683308833,0.014238992037013905,0.014814814814814815,0.0481003281534775,0.01494214542344398,0.015151515151515152
2022-11-03,1,5.0,2.6535561271535997,2.6310895874788227,1.2142652584914442,2.4376624968542764,0.006720054087641933,0.017227553038279716,0.014285714285714285,0.007842544081348681,0.0064883108452147755,0.0,0.0056336761514809534,0.01641453022589858,0.014814814814814815,0.005760963850770726,0.014385549320290264,0.015151515151515152
2022-11-04,1,4.0,2.3391063585852443,2.5973438151169015,1.1739004125454993,2.1643254666792826,0.0032550639166909205,0.01967481914026255,0.014285714285714285,0.006923300076397257,0.005983504549276933,0.0,0.0028830125318478677,0.017191368492287997,0.0,0.005348858822318392,0.014366736142734798,0.015151515151515152
2022-11-05,1,2.0,2.4880341426470833,2.6927747586928312,0.7505362864436542,2.2274094642165694,0.0046605576641754,0.018424257460064073,0.014285714285714285,0.0010728788925575,0.0017850489407499365,0.0,0.003398645290705946,0.016997473931742946,0.0004303734807103546,0.006576110180159144,0.014419174419993741,0.015151515151515152
2022-11-07,1,3.0,3.5237259824919107,3.3758202958870664,1.731109648898172,3.2548335324528503,0.029955932929328077,0.013048442994614303,0.014285714285714285,0.02533246560750407,0.013941930192274668,0.0,0.025075091415043323,0.014791390716732532,0.014814814814814815,0.022386498358863142,0.014736312363692628,0.015151515151515152
2022-11-08,1,2.0,3.668299212839369,3.38228017631493,1.4603623777872277,3.337108687581548,0.036398317614837306,0.012575109204093904,0.014285714285714285,0.014883090592169766,0.009845211734813704,0.0,0.028243235233943145,0.014667369626278143,0.014814814814814815,0.02260721909088377,0.01473890502551489,0.015151515151515152
2022-11-09,1,5.0,4.543399841308155,3.767630872182824,2.364406646560639,4.216550862096027,0.09457098292812065,0.010432448943827248,0.03333333333333333,0.05846205512101464,0.024276336517569535,0.02127659574468085,0.07899957706629426,0.013613078994328126,0.037037037037037035,0.03869290118535267,0.014882702301545512,0.015151515151515152
2022-11-10,1,4.0,3.236954120623743,3.6170879089838475,1.0679889297664464,2.911609341995149,0.01956657186627722,0.014135295188000403,0.014285714285714285,0.0048263101318701,0.004733915476929455,0.0,0.014450180674266531,0.015375035137408722,0.014814814814814815,0.031702939409630614,0.014828942310719424,0.015151515151515152
2022-11-11,1,1.0,4.481383270802916,4.657123000913102,2.376169003173392,4.165601130658488,0.08933380666584605,0.010553471274392243,0.03333333333333333,0.05916379462288284,0.02447196928597181,0.02127659574468085,0.07518931153765301,0.013663454315940397,0.037037037037037035,0.10042550256883617,0.015151122313210584,0.015151515151515152
2022-11-12,1,2.0,4.056978810177311,3.4432803665712517,1.710464529074303,3.7050016680118603,0.058071809357403435,0.01149364783745126,0.03333333333333333,0.02444364136812239,0.013618909046866084,0.0,0.045626031616255544,0.014172909805605831,0.037037037037037035,0.024767367608874578,0.014763070806264381,0.015151515151515152
2022-11-13,1,1.0,3.855673638409616,3.4361028984086266,1.8571532437964575,3.5558955792176423,0.04603462023517416,0.012022441854769634,0.03333333333333333,0.03106021430279089,0.015942265547545038,0.02127659574468085,0.03793132333285365,0.014362416453689807,0.014814814814814815,0.02450600424444637,0.014760256722325601,0.015151515151515152
2022-11-16,1,5.0,3.2573003583528286,3.4390068604624573,1.5265906820668926,2.997693906909938,0.02020482134370121,0.014050753790887228,0.014285714285714285,0.01718891125348864,0.010815677034692037,0.0,0.016741882915558857,0.015217565672207807,0.014814814814814815,0.024611517204196687,0.014761396215423847,0.015151515151515152
2022-11-17,1,3.0,4.221615861126944,3.9256865856726884,1.2667367894492192,3.7783840003752855,0.06924672562700908,0.011103645787878516,0.03333333333333333,0.009137323344111636,0.007165851853053619,0.0,0.04974663511836056,0.014084493590142499,0.037037037037037035,0.047065259725215663,0.014936166021269053,0.015151515151515152
2022-11-18,1,6.0,3.1866592758432604,3.816046031400826,1.8041875023258447,2.979288509815648,0.0180501539293022,0.014349739687425405,0.014285714285714285,0.028591738770315973,0.015096215642801199,0.0,0.01623187992756021,0.015250557246364009,0.014814814814814815,0.041142980287347204,0.014899390308701979,0.015151515151515152
2022-11-19,1,4.0,4.077766485307648,4.364852994213149,2.6235263385894734,3.8596304632999217,0.05941633578992363,0.011442430656198587,0.03333333333333333,0.07442865506037956,0.028584620955636564,0.047619047619047616,0.05456846753933021,0.01399005265721056,0.037037037037037035,0.07617536227298283,0.01507090794174223,0.015151515151515152
2022-11-20,1,4.0,3.3471252680429107,4.521351219588119,1.803393276535854,3.115565469316852,0.023198122187220872,0.01369190323692885,0.014285714285714285,0.028555390181817172,0.015083585879159688,0.0,0.020275823503547674,0.015014481516853934,0.014814814814814815,0.08867646436743273,0.01511469392320446,0.015151515151515152
2022-11-21,1,8.0,3.381635757574384,4.136782099432919,2.680306997415564,3.276436443550561,0.024426065331993048,0.013559966143121424,0.014285714285714285,0.0780506935246481,0.029526233064150698,0.047619047619047616,0.025882527761964754,0.014758293015951806,0.014814814814814815,0.05996594467574417,0.015003285086695755,0.015151515151515152
2022-11-22,1,5.0,3.6899040003327657,4.126072035172407,2.1487766332071816,3.4587348952639285,0.03743420828376579,0.012508066582206268,0.014285714285714285,0.046072478925653707,0.020699848214024274,0.02127659574468085,0.033397921992685986,0.01449363100020189,0.014814814814814815,0.05926312680856527,0.014999989565745463,0.015151515151515152
2022-11-23,1,3.0,3.894988390141294,4.082399266329215,2.572370143706982,3.6965956531761472,0.04824652600867494,0.011914238227451671,0.03333333333333333,0.07119953164796572,0.027735125747902677,0.047619047619047616,0.045168149714260517,0.014183234762071782,0.02590852118664582,0.05645103184842743,0.014986433564604853,0.015151515151515152
2022-11-24,1,6.0,3.640147007732855,3.8394346228035023,2.5460818829379295,3.4760372390136163,0.03507737006857711,0.012663856517776776,0.014285714285714285,0.06955360880455076,0.02729824676943107,0.047619047619047616,0.034177899084516274,0.014469790382170796,0.014814814814814815,0.04236255085250187,0.01490735185638595,0.015151515151515152
2022-11-25,1,2.0,3.053849522803728,3.413338680807888,1.7193628069676392,2.853676515428315,0.014449781264621672,0.014956256775195752,0.014285714285714285,0.024824972868960345,0.01375795761040984,0.0,0.01303882178878163,0.015485718754421868,0.014814814814814815,0.023689812737845702,0.014751280095555378,0.015151515151515152
2022-11-26,1,1.0,2.598475491248816,2.857717012825434,0.8128334781860147,2.3306291892893958,0.0059709324184467,0.017605727000610617,0.014285714285714285,0.001540184426456037,0.0022566973789140752,0.0,0.0043900773110691045,0.0166998856075778,0.014814814814814815,0.009184073571487223,0.014504532200692906,0.015151515151515152
2022-11-27,1,5.0,4.178232293043831,2.990869239434848,1.9474025744787955,3.843607835259076,0.06618491123136895,0.011203040134331349,0.03333333333333333,0.03546016270376114,0.01739908578134451,0.02127659574468085,0.053595880519518545,0.01400840027122476,0.037037037037037035,0.011796622270080465,0.014569002359095836,0.015151515151515152
2022-11-28,1,2.0,3.280328384969841,2.509589520743703,1.6325604705787715,3.0331631978111804,0.02094471675199245,0.013956554837745909,0.014285714285714285,0.02122168318925377,0.01241389098499935,0.0,0.017756123305654382,0.015154986822258769,0.014814814814814815,0.004382155327715881,0.014316363607854089,0.015151515151515152
2022-11-29,1,1.0,3.384114986544534,3.2509561547215733,2.1211444464295113,3.1946694055272804,0.02451597895057859,0.013550609151938894,0.014285714285714285,0.044556686737353954,0.020243878740655075,0.02127659574468085,0.022916471460202457,0.014885653161155692,0.014814814814814815,0.018412981747434217,0.014684883565267945,0.015151515151515152
2022-11-30,1,3.0,3.626000177309571,4.013581112201238,3.191931863673716,3.5608899302641928,0.03442583717173132,0.012709057801572521,0.014285714285714285,0.11196762368678642,0.037905583875875205,0.05555555555555555,0.038174508443247164,0.014355842714651661,0.014814814814814815,0.05219434912105384,0.014964679133700087,0.015151515151515152
2022-12-01,1,2.0,2.9801985744577966,3.894152962829689,2.051003558710018,2.84081932209563,0.012692891139180516,0.015320261796654045,0.014285714285714285,0.040791163479937845,0.01909025819280263,0.02127659574468085,0.012739427279514095,0.01551082257096202,0.014814814814814815,0.045308291340058954,0.014925729700402159,0.015151515151515152
2022-12-02,1,2.0,3.732165267822718,3.816716515128628,1.6222830325302433,3.415682932528847,0.039516624166866285,0.012379520863012049,0.014285714285714285,0.020812589858989525,0.012256695739864421,0.0,0.0315079880210921,0.01455387723404993,0.014814814814814815,0.041177614189911595,0.014899619442827675,0.015151515151515152
2022-12-03,1,3.0,3.4899558024541233,3.5145841419724304,1.8631207140417467,3.245930539192267,0.02857120320277739,0.013165610603292553,0.014285714285714285,0.03134372968749572,0.016038032113835296,0.02127659574468085,0.024747336486392067,0.014805144388876266,0.014814814814814815,0.027470181371160054,0.014790613841340373,0.015151515151515152
2022-12-04,1,2.0,3.213218518946734,3.6017146789612244,2.005543089759728,3.032067204568683,0.018840139038648847,0.014235513350310739,0.014285714285714285,0.03841671030800166,0.018346041482168167,0.02127659574468085,0.017724158551082152,0.015156901099586218,0.014814814814814815,0.03104145650562917,0.014823286003158128,0.015151515151515152
2022-12-05,1,4.0,3.7254780258257036,3.505928976424145,1.7957776666926066,3.4360229719557394,0.039182142005379325,0.012399636568576723,0.014285714285714285,0.028207869748918073,0.014962572255630462,0.0,0.03239188974675472,0.014525247342126279,0.014814814814814815,0.027131693462846846,0.01478730999433107,0.015151515151515152
2022-12-06,1,4.0,3.2686349645463912,3.153331731401227,2.720807357515375,3.1864608234917386,0.02056666718751282,0.014004193246367685,0.014285714285714285,0.08065673462042874,0.030196865426596272,0.047619047619047616,0.02263211681102585,0.014898758104898555,0.014814814814814815,0.01567833162924057,0.014642843259588843,0.015151515151515152
2022-12-07,1,1.0,4.221213971121532,3.0530670973025376,1.9312415885003698,3.877718113728358,0.0692179768098174,0.011104555962416668,0.03333333333333333,0.0346549495591206,0.01713695700006628,0.02127659574468085,0.055679220844726734,0.013969499930225442,0.037037037037037035,0.013188232403189152,0.014597870209848334,0.015151515151515152
2022-12-08,1,4.0,5.416368916157861,3.5521825880953144,1.5343034650213037,4.834059098487378,0.1850320122316321,0.00904370918530422,0.03333333333333333,0.017468348194554884,0.010930205833506927,0.0,0.133333146501074,0.013075379476678113,0.037037037037037035,0.028974486096768715,0.014804842265626878,0.015151515151515152
2022-12-09,1,1.0,3.832787603694555,3.025215245930875,0.9224444573993469,3.3962361317502743,0.044777713060133555,0.012086607024455073,0.029042452272019077,0.002663553636674583,0.0032191778894758165,0.0,0.030677898909850364,0.014581533270203437,0.014814814814814815,0.01255101802490445,0.014585037804154937,0.015151515151515152
2022-12-10,1,2.0,3.5897823541588445,3.2742487973600714,1.9556933223860609,3.344668999392927,0.0327949020476805,0.01282666910910304,0.014285714285714285,0.035876091045768714,0.01753375384768161,0.02127659574468085,0.02854711042902867,0.014656244517544019,0.014814814814814815,0.01911276761501117,0.014694671473107037,0.015151515151515152
2022-12-11,1,5.0,3.824475988816849,4.010986959938992,2.7113856451629887,3.65751243726877,0.04432680374881506,0.01211012920223066,0.014285714285714285,0.08004888858585907,0.030040935726590143,0.047619047619047616,0.04307724106724664,0.014231787984392938,0.014814814814814815,0.052038045210695764,0.014963849454612071,0.015151515151515152
2022-12-12,1,2.0,3.8787243503079685,4.623803653221979,2.684929955079877,3.699655191023755,0.04732338127920445,0.011958694975712076,0.03333333333333333,0.07834724599961626,0.029602828030569944,0.047619047619047616,0.045334469662898176,0.014179472009514592,0.030843473365002625,0.09746507594563156,0.015142310044718168,0.015151515151515152
2022-12-13,1,3.0,3.4823352592242385,3.9751784794136036,2.1674869196288054,3.2851080082849236,0.028264881950966755,0.013192417704072685,0.014285714285714285,0.047108814904055676,0.021009003173814884,0.02127659574468085,0.02621150022401572,0.014745115805975609,0.014814814814814815,0.04991117236304369,0.014952323927432723,0.015151515151515152
2022-12-14,1,4.0,3.54664792808403,3.8756652003266976,2.2477143290405257,3.3518078882275044,0.030921395759251107,0.01297039518954273,0.014285714285714285,0.05163959616446186,0.022337710515324703,0.02127659574468085,0.02883603852037917,0.01464578032169987,0.014814814814814815,0.04429844269909972,0.014919558822020916,0.015151515151515152
2022-12-15,1,4.0,3.2227009934386768,4.1435011839122815,2.5364156059970373,3.1197581853224308,0.019128023365729628,0.014195267401633321,0.014285714285714285,0.06895079678024998,0.027137557511117242,0.047619047619047616,0.020410259891642194,0.015007508259568644,0.014814814814814815,0.06040952447214169,0.01500534683422958,0.015151515151515152
2022-12-16,1,5.0,3.9264575669024175,4.377109245555531,2.28314043481681,3.6799599970895764,0.05006531944690075,0.011829418768670066,0.03333333333333333,0.05368299786447361,0.022925685808467662,0.02127659574468085,0.044270526769078174,0.014203790325025764,0.014814814814814815,0.07711390770577886,0.015074410329313006,0.015151515151515152
2022-12-17,1,4.0,3.8880191544980987,4.781765250083603,2.591857807718867,3.693594952481214,0.047849549917502926,0.01193323587644493,0.03333333333333333,0.0724256584805875,0.02805884815267689,0.047619047619047616,0.04500540086704874,0.01418693048080559,0.021079528725720057,0.11193957004082522,0.015183387792035591,0.015151515151515152
2022-12-18,1,4.0,3.203831125415018,3.692158891622816,0.9877874477405179,2.871424573763843,0.01855817521712385,0.014275632069532798,0.014285714285714285,0.003534948242278377,0.0038679095873146844,0.0,0.013460291089370935,0.015451391509218948,0.014814814814814815,0.035071227640654346,0.01485611349104618,0.015151515151515152
2022-12-19,1,1.0,3.6344654260766807,3.2260247229018657,2.1873804754579984,3.4174026834838784,0.0348147224869719,0.012681960916533001,0.014285714285714285,0.048219306083480205,0.021338037985546003,0.02127659574468085,0.03158210010335266,0.014551444913274291,0.014814814814814815,0.017684447528973708,0.014674305076829205,0.015151515151515152
2022-12-20,1,5.0,2.7491988917619303,3.345131456226773,0.7124977208572518,2.4436937161262287,0.008185672793999498,0.016613343662027682,0.014285714285714285,0.0008418103384277217,0.001525252682816777,0.0,0.005710812135825575,0.016399099536472693,0.014814814814814815,0.02135861608583364,0.014723905895230711,0.015151515151515152
2022-12-21,1,6.0,1.8635885518572357,2.860212145808784,1.1799318034245019,1.7610400395923256,0.0008155058641621297,0.02530978819635905,0.0,0.007056418020042441,0.006057986082705192,0.0,0.0008448371892159874,0.01870562780584515,0.0,0.009228663714798227,0.014505775298476662,0.015151515151515152
2022-12-22,1,7.0,3.895398623634291,3.5128919750013585,1.39444492561236,3.5202555689310016,0.048269959042771475,0.011913122392870628,0.03333333333333333,0.01275804179256757,0.008904524458527178,0.0,0.03622489019016145,0.014409804706093808,0.014814814814814815,0.027403775350328834,0.014789968752547896,0.015151515151515152
2022-12-23,1,3.0,4.771151554279025,4.920560087224866,2.8435158111358274,4.482006192807545,0.11523275273296282,0.010017552377842683,0.03333333333333333,0.0886539131760095,0.032222515852455565,0.047619047619047616,0.1005526711964526,0.013366602087589254,0.037037037037037035,0.12556274331234746,0.015218088307598798,0.015151515151515152
2022-12-25,1,4.0,5.1645975204581,4.754035224895288,2.74019971167389,4.800937849140468,0.1559507213385733,0.009393318222781253,0.03333333333333333,0.08191078561773836,0.030517645425795898,0.047619047619047616,0.1300565185382977,0.0131012576675997,0.037037037037037035,0.10931837980181268,0.015176302634636929,0.015151515151515152
2022-12-26,1,1.0,3.973653920701429,3.7113235225911785,1.2454825906623714,3.5644282211955707,0.05287406613347876,0.011705092305684313,0.03333333333333333,0.008599256344610142,0.006888608098935802,0.0,0.03834740036730094,0.01435119533339884,0.014814814814814815,0.03596830140137882,0.014862932959083626,0.015151515151515152
2022-12-27,1,5.0,3.5203951440791044,3.7214267053646455,1.9785231114373851,3.289114339182847,0.029817365626536897,0.01305988297327189,0.014285714285714285,0.037031241113055585,0.017905229004129306,0.02127659574468085,0.02636443251909295,0.014739048610365839,0.014814814814814815,0.036447377849646245,0.014866509292642903,0.015151515151515152
2022-12-28,1,5.0,3.6897940475751887,3.6166316667425464,1.8263387593021676,3.410275754334236,0.037428887406945575,0.012508405476633557,0.014285714285714285,0.029613513262651343,0.015449158404061308,0.0,0.03127571410255047,0.014561538982448547,0.014814814814814815,0.03168317089138659,0.014828774902475536,0.015151515151515152
2022-12-29,1,1.0,2.469965865319427,3.34728451216696,0.8399182875323723,2.2254587286513687,0.004468989028384529,0.018566467358770385,0.014285714285714285,0.0017804906762362233,0.002479165867783407,0.0,0.0033817181715901272,0.0170033274189358,0.0,0.021429621299794633,0.014724781166269274,0.015151515151515152
2022-12-30,1,4.0,3.5302695002429307,3.154640899362775,1.6697331316878565,3.25118904495967,0.03022942501082743,0.013026042167497243,0.014285714285714285,0.022732676865341143,0.012986010504582046,0.0,0.024940571065271755,0.014797012792735102,0.014814814814814815,0.0157129360549576,0.014643418184985638,0.015151515151515152
2022-12-31,1,4.0,3.331178599777615,3.6990104175509697,1.9517916474546346,3.124270556929168,0.02264549457639796,0.013753953127139975,0.014285714285714285,0.03568011381033042,0.01747036225136241,0.02127659574468085,0.020555629614056575,0.015000021868024075,0.014814814814814815,0.03539018656296107,0.014858556883848894,0.015151515151515152
2023-01-01,1,6.0,3.281356545800459,3.6523709541904896,1.255933370322585,2.977543069478778,0.02097818892037099,0.013952385239983059,0.014285714285714285,0.008861512590041415,0.007024464359623654,0.0,0.01618408710927422,0.015253704651242402,0.014814814814814815,0.033257296670346034,0.01484180468929536,0.015151515151515152
2023-01-03,1,9.0,3.829802500121933,3.963832786427994,2.269798053167966,3.595801833078838,0.04461542890148413,0.012095041440748777,0.01525554411215054,0.052910446663444924,0.022704166466257253,0.02127659574468085,0.03990243021100401,0.014310340816406041,0.014814814814814815,0.04924918674888289,0.01494864344402155,0.015151515151515152
2023-01-04,1,8.0,2.697812814035574,3.2898883761969446,1.6711797005102575,2.543817847006777,0.0073714110967844785,0.016936920784830067,0.014285714285714285,0.022792459236628017,0.013008383236186269,0.0,0.007109554077079981,0.01615229547451566,0.014814814814814815,0.01959313202432793,0.014701192543238822,0.015151515151515152
2023-01-05,1,2.0,3.8844689733140636,3.7256077000173646,0.9416082856849732,3.4430398701697005,0.047648136546044564,0.01194294353745641,0.03333333333333333,0.0029028182463517564,0.003403887203522249,0.0,0.03270055400436229,0.014515440038996205,0.014814814814814815,0.03664688187884303,0.014867985525074059,0.015151515151515152
2023-01-06,1,3.0,3.2621689670180944,2.8783592407766516,1.3568248487745798,2.9763673492815674,0.02035969328264725,0.014030707813422385,0.014285714285714285,0.011622815662721426,0.008380164753367208,0.0,0.016151949766709358,0.015255826567140996,0.014814814814814815,0.009557830702891509,0.014514775069519146,0.015151515151515152
2023-01-07,1,2.0,3.7882708333454147,3.0330597418227416,1.1651194123823145,3.39479812020095,0.042397102504649876,0.012213980833544833,0.014285714285714285,0.006732152500713401,0.005875678102349559,0.0,0.03061709705839157,0.014583589447722351,0.014814814814814815,0.01272815966410715,0.014588667409638701,0.015151515151515152
2023-01-08,1,2.0,2.55026900821333,2.9213619765946452,1.8077904646692504,2.4388972266817186,0.005368630977951739,0.017952665356565936,0.014285714285714285,0.028756882722768797,0.015153531843944336,0.0,0.005649404039323224,0.016411365793689233,0.014814814814814815,0.010372600384215568,0.01453581616034896,0.015151515151515152
2023-01-09,1,5.0,4.109288175455756,3.2445872507858198,1.7685125563346342,3.7581718325875877,0.061491694534135194,0.011365890095077876,0.03333333333333333,0.026978918893601433,0.014530694787059352,0.0,0.04858952452747327,0.014108543833117822,0.037037037037037035,0.018224869758539493,0.014682191307182414,0.015151515151515152
2023-01-10,1,6.0,3.812049549216433,3.6873119672908596,3.068376780667088,3.700498633934031,0.043658179740560986,0.01214551707701003,0.014285714285714285,0.10362124079550972,0.03590352527682576,0.05555555555555555,0.04538038765434763,0.014178435669329807,0.03220592623842755,0.03484676406727596,0.014854381351049752,0.015151515151515152
2023-01-11,1,4.0,3.6111476977409085,4.183472687461718,1.7234082761943248,3.327986784508921,0.03375057981201728,0.012756956926955674,0.014285714285714285,0.024999223692376463,0.013821263236997249,0.0,0.027879474738109603,0.014680852174638746,0.014814814814814815,0.06309080511209501,0.015017521681422424,0.015151515151515152
2023-01-12,1,3.0,3.928116688418884,4.308706986737546,3.0518233975872615,3.7966726947941405,0.050162406321647555,0.011824990160106427,0.03333333333333333,0.10250850514850807,0.03563411948858289,0.05555555555555555,0.05080818179454792,0.01406292587739671,0.037037037037037035,0.07196396270329566,0.015054697645953366,0.015151515151515152
2023-01-13,1,5.0,3.6876575244640053,4.032253656842974,2.1577086848506264,3.4581651985219986,0.037325595511577506,0.01251499528078359,0.014285714285714285,0.04656622200855689,0.020847395783772895,0.02127659574468085,0.03337244032157403,0.01449441956136859,0.014814814814814815,0.053328299503505656,0.014970630264265,0.015151515151515152
2023-01-14,1,3.0,3.5514023973009947,4.025356207509107,2.8709022530211623,3.4493273756590197,0.03112425916434846,0.012954353519391263,0.014285714285714285,0.0904573269426019,0.032673140317101425,0.047619047619047616,0.03297876618531854,0.014506682162786678,0.014814814814814815,0.0529076112080524,0.014968436228380838,0.015151515151515152
2023-01-15,1,5.0,3.682169153507652,3.8304950442828476,2.2962535787606426,3.4742818172956005,0.03706112340230465,0.01253196403524157,0.014285714285714285,0.05444568717198672,0.02314347548773517,0.02127659574468085,0.03409822956529207,0.014472199580845356,0.014814814814814815,0.041893625133885934,0.014904316402447992,0.015151515151515152
2023-01-16,1,8.0,3.4809391802112595,3.7122393141541994,2.3710126676954855,3.3144502033338936,0.028209008416996525,0.013197343610089703,0.014285714285714285,0.05885586806490816,0.024386205632701677,0.02127659574468085,0.027345453974526177,0.014700980814752051,0.014814814814814815,0.036011551150881164,0.01486325766292423,0.015151515151515152
2023-01-17,1,6.0,3.1656104942896452,3.4800506622898433,1.949383240736833,2.983176406256723,0.017441002769926627,0.014441871785248684,0.014285714285714285,0.03555935382877787,0.017431246377817646,0.02127659574468085,0.016338691912789256,0.015243558235662497,0.014814814814814815,0.026136884613549374,0.014777367223798944,0.015151515151515152
2023-01-18,1,6.0,2.8842555220482065,2.7414738228646063,1.538485084654317,2.682389956439123,0.01064394880636582,0.015827586581623563,0.014285714285714285,0.017620789288484047,0.010992424827845034,0.0,0.009442270896944938,0.015837475093879755,0.014814814814814815,0.007278951602253774,0.014445047315978713,0.015151515151515152
2023-01-19,1,9.0,2.7853286818743297,2.743645564506488,1.9878916841878835,2.665713132221363,0.008797002175248517,0.01639428492899501,0.014285714285714285,0.03750939722736249,0.01805793353769764,0.02127659574468085,0.009135541874581779,0.015873840765182834,0.014814814814814815,0.007311559227266284,0.014446187661463019,0.015151515151515152
2023-01-20,1,2.0,2.723402053823923,3.2750586440218896,1.595984987663226,2.5542894938998186,0.007768941900510633,0.01677397636300809,0.014285714285714285,0.01978314474583823,0.01185650548619561,0.0,0.007269209606584959,0.016127461648893733,0.014814814814814815,0.01913743372075232,0.014695010145187863,0.015151515151515152
2023-01-21,1,5.0,3.6785977371995413,3.676088951470015,2.438743904221954,3.492619662252903,0.03688969504169531,0.012543037555229442,0.014285714285714285,0.0629369043670288,0.025512976736867386,0.047619047619047616,0.034936482392240543,0.014447137758350739,0.014814814814814815,0.03433074920398298,0.014850358997687836,0.015151515151515152
2023-01-22,1,2.0,3.23225008440232,3.8239718911026026,1.4883128454698336,2.9706594985624473,0.019421058755867686,0.014155019355584955,0.014285714285714285,0.01583561485941966,0.010251860544847948,0.0,0.015996566220769316,0.015266149075445424,0.014814814814814815,0.04155362683345598,0.014902095521443589,0.015151515151515152
2023-01-23,1,6.0,3.4255692222094547,3.33461790159411,1.0110960076055417,3.0633982400188677,0.02605350797442147,0.013396501270296707,0.014285714285714285,0.003884548694386158,0.004111946232733501,0.0,0.018653823694305502,0.015102656016163308,0.014814814814814815,0.021014277580124394,0.014719621238551148,0.015151515151515152
2023-01-24,1,4.0,3.2100399351225715,3.585543645405711,1.973343331328453,3.024535444553454,0.01874432848697255,0.014249066677971302,0.014285714285714285,0.03676789785524875,0.017820865053621467,0.02127659574468085,0.017505577004398126,0.015170089362631724,0.014814814814814815,0.030355891634983468,0.014817301606815297,0.015151515151515152
2023-01-25,1,1.0,3.8924167027448027,4.075075789952534,1.818122250224383,3.58127253486674,0.04809979441977343,0.011921239369517321,0.03333333333333333,0.02923271431208378,0.015318087843923958,0.0,0.03917736121795578,0.014329182266209505,0.014814814814814815,0.05598791391168114,0.014984141618539396,0.015151515151515152
2023-01-26,1,2.0,3.288973737083921,3.9105570115156048,2.14305286469259,3.1170856062252215,0.02122733959516224,0.01392158989699446,0.014285714285714285,0.045757042037616553,0.02060533680762854,0.02127659574468085,0.020324494939872016,0.015011951331123721,0.014814814814814815,0.046216835578541324,0.014931172669618213,0.015151515151515152
2023-01-27,1,2.0,3.528520294637715,3.786070616121339,2.0361530277361775,3.3046652046024843,0.03015615003186226,0.01303202084152796,0.014285714285714285,0.04000962223585938,0.018846814145404307,0.02127659574468085,0.026963724078237942,0.014715621781001303,0.014814814814814815,0.03961426982756013,0.014889091541041014,0.015151515151515152
2023-01-28,1,3.0,3.5114678875923384,4.140563855144619,2.284582908764647,3.327435140768185,0.029448131121208074,0.01309066912794212,0.014285714285714285,0.053766730750557296,0.02294963957369613,0.02127659574468085,0.027857577280145675,0.014681669624620294,0.014814814814814815,0.060215355902549596,0.015004446058995952,0.015151515151515152
2023-01-29,1,3.0,3.8815808668137497,4.058914093451432,2.386090296440906,3.6572572812578232,0.04748468745136548,0.011950855867594057,0.03333333333333333,0.059757584131520464,0.02463699828230683,0.02127659574468085,0.0430637954810052,0.014232107966113764,0.014814814814814815,0.05497444547556248,0.01497906437013276,0.015151515151515152
2023-01-30,1,3.0,4.004037453678435,4.741366172753293,3.2104907069553925,3.8850054416699784,0.05473392324271716,0.011626827127804652,0.03333333333333333,0.11322665256202948,0.03820491583914618,0.05555555555555555,0.056130575692401916,0.013961266778591771,0.037037037037037035,0.10813212308578997,0.015173048169821325,0.015151515151515152
2023-01-31,1,5.0,2.666155297027615,4.078016952456315,1.466199381492816,2.4861619096973953,0.006900900643263088,0.017143649094158258,0.014285714285714285,0.015079501973402715,0.009929768019238002,0.0,0.00627643673933348,0.01629229711138739,0.014814814814814815,0.056173614736024474,0.014985062734142605,0.015151515151515152
2023-02-01,1,3.0,3.083847528192749,3.8050817091297575,1.74038603114849,2.8823283036361103,0.015213310496923727,0.014813867053615067,0.014285714285714285,0.02573649188772482,0.0140875348820241,0.0,0.013723975154836228,0.015430487240911884,0.014814814814814815,0.040579353531975074,0.014895635726564877,0.015151515151515152
2023-02-02,1,9.0,4.594724603825102,4.532814438462071,3.0793166374325476,4.367413408866219,0.09903238909630291,0.01033501428536294,0.03333333333333333,0.10435741341575774,0.03608142268224322,0.05555555555555555,0.09090228332377594,0.013469862734785194,0.037037037037037035,0.0896361330599146,0.015117823740617372,0.015151515151515152
2023-02-03,1,16.0,3.620623289905914,4.550517950908242,2.091253204894605,3.391217777154218,0.03418034497253106,0.01272634546851291,0.014285714285714285,0.042937273923850904,0.01975153446259564,0.02127659574468085,0.030466059474418855,0.014588715594073902,0.014814814814814815,0.09112996887272698,0.015122637323007853,0.015151515151515152
2023-02-04,1,13.0,3.1748893155670195,3.155413485195313,1.2436185559131232,2.8851987016189353,0.017707699839749142,0.014401080332004755,0.014285714285714285,0.00855295002731877,0.006864472188013035,0.0,0.013793994803944816,0.015425007400976305,0.014814814814814815,0.01573338319463426,0.0146437573232801,0.015151515151515152
2023-02-05,1,6.0,3.748974566606297,3.0141639098179507,1.5029107668422212,3.412064996641686,0.04036568254382149,0.012329323736577361,0.014285714285714285,0.016345102669391806,0.01046596422943519,0.0,0.031352448495026164,0.014559001322195161,0.014814814814814815,0.01230453223974372,0.0145799038080328,0.015151515151515152
2023-02-06,1,9.0,3.0735534195334315,3.1497830381390433,1.5064082162461676,2.8384816390403422,0.014948105804424537,0.014862359806362153,0.014285714285714285,0.016468383482218865,0.010517430526185246,0.0,0.012685523141940347,0.01551540846804442,0.014814814814814815,0.015584808036848074,0.014641283279921207,0.015151515151515152
2023-02-07,1,9.0,3.312760774359891,3.911129144088268,2.2303070075196167,3.15039270933385,0.022018734335558423,0.01382649166294309,0.014285714285714285,0.050644892866108,0.022049044902642145,0.02127659574468085,0.021411179816473298,0.01495705639191376,0.014814814814814815,0.046248736227321695,0.014931361960955793,0.015151515151515152
2023-02-08,1,5.0,3.3311534867123394,3.5127955111586373,2.830361208755763,3.2560346450188526,0.02264463160165501,0.013754051394132858,0.014285714285714285,0.08778992395042887,0.032005863032266366,0.047619047619047616,0.025119532316498126,0.014789540292473658,0.014814814814814815,0.027399993150070634,0.01478993196619986,0.015151515151515152
2023-02-09,1,9.0,3.841945817078247,3.7053105269913607,2.4485860005961504,3.6329418446059325,0.045277982517640356,0.012060824658508553,0.03333333333333333,0.06353625269801529,0.025676723899841044,0.047619047619047616,0.041794643808137806,0.01426278262374807,0.014814814814814815,0.03568519593710551,0.0148607983474471,0.015151515151515152
2023-02-10,1,4.0,3.733740872707271,3.7989568386728414,3.380249724457701,3.680717200469836,0.03959570567412545,0.0123747934664679,0.014285714285714285,0.12478825767371782,0.04092503043371212,0.05555555555555555,0.04431113773817652,0.014202851148121793,0.014814814814814815,0.04026674311931568,0.014893532102229497,0.015151515151515152
2023-02-11,1,4.0,4.423859582583591,3.8947109005133798,2.5269906552363,4.139329243481498,0.084627385290225,0.010669092325237254,0.03333333333333333,0.06836430392939981,0.02698085830490517,0.047619047619047616,0.07326631557409417,0.013689847719127776,0.037037037037037035,0.0453389993698815,0.014925915326328946,0.015151515151515152
2023-02-12,1,3.0,3.524060617767535,3.19350191068249,1.8884046938515597,3.2787122291801385,0.02996987835065544,0.013047295062678661,0.014285714285714285,0.03255682804864954,0.016444720978382524,0.02127659574468085,0.02596859374373873,0.014754828786227605,0.014814814814814815,0.016765424303358926,0.014660344278921022,0.015151515151515152
2023-02-13,1,2.0,4.050537163585233,3.5199933473709097,2.3987073850343177,3.8027626968025956,0.05765905385666627,0.011509640447932856,0.03333333333333333,0.0605151756472952,0.024846886560900276,0.02127659574468085,0.05116474099200908,0.01405578439161292,0.037037037037037035,0.02768320196696691,0.01479267319599673,0.015151515151515152
2023-02-14,1,5.0,4.2128368581084485,4.164675101826988,3.099948006017942,4.045903530294873,0.06862036852050447,0.011123572514984316,0.03333333333333333,0.10574738245900435,0.03641659196295073,0.05555555555555555,0.06665918539515876,0.013786103301883335,0.037037037037037035,0.0618208069931949,0.01501181533006935,0.015151515151515152
2023-02-15,1,3.0,4.276584967591577,4.769133520741914,3.8908022165956244,4.2187175549421845,0.07324678741719029,0.010980969250378564,0.03333333333333333,0.15965622391671463,0.048895178876965435,0.05555555555555555,0.07916397388147245,0.013610959985490525,0.037037037037037035,0.11074135196051751,0.015180166794995219,0.015151515151515152
2023-02-16,1,7.0,4.4392358266150165,4.047721772608349,2.394878843810382,4.132582279194321,0.08587110946328821,0.010637860429075049,0.03333333333333333,0.06028500278400541,0.02478319603488386,0.02127659574468085,0.07277706141102502,0.01369667267448307,0.037037037037037035,0.05427948773130487,0.014975532588681081,0.015151515151515152
2023-02-17,1,6.0,2.5036033493678675,3.8184567482116916,1.2482411577655323,2.315299020627517,0.004830596550789622,0.018303668429561108,0.014285714285714285,0.008668046036306136,0.006924380063786048,0.0,0.004230515072998734,0.016742628123712827,0.014814814814814815,0.04126759619161796,0.014900213909136893,0.015151515151515152
2023-02-18,1,3.0,2.344718431180424,3.0515016493293463,1.2710125214227213,2.1836625447167686,0.003301217800193295,0.019624263638127373,0.014285714285714285,0.009247803081612582,0.007222071910224603,0.0,0.003034224073631628,0.01713090803333567,0.0,0.013151803300894499,0.01459715295584226,0.015151515151515152
2023-02-19,1,5.0,2.4538227123154512,3.419936293589683,1.5989043136824965,2.325584952520508,0.004302971310248815,0.018695630142898132,0.014285714285714285,0.019896183460507387,0.011900781913758042,0.0,0.0043370825941589026,0.016713895640276605,0.014814814814814815,0.02392437583385699,0.014753889821840043,0.015151515151515152
2023-02-20,1,8.0,3.0790241048268547,3.335117581769273,1.9903744658017815,2.915726658973094,0.015088628266821388,0.0148365412480554,0.014285714285714285,0.03763651188498251,0.018098426850914808,0.02127659574468085,0.014554430137911122,0.01536731670666046,0.014814814814814815,0.02103055357551565,0.014719825277043162,0.015151515151515152
2023-02-21,1,6.0,3.438450088902262,3.251606546485101,1.8264611468970142,3.196651747601475,0.026544474091650342,0.013349500863987646,0.014285714285714285,0.029619201290505444,0.01545111209388507,0.0,0.022985504935409844,0.014882497300046434,0.014814814814814815,0.018432269452079594,0.014685158110957412,0.015151515151515152
2023-02-22,1,7.0,3.0287996772958947,3.47059012820501,2.3657990114892313,2.929349577424895,0.013833689173282948,0.015077714864416697,0.014285714285714285,0.05854499552200487,0.024299493200692256,0.02127659574468085,0.014903146723960554,0.015341915470043653,0.014814814814814815,0.025779615822708497,0.014773708010681145,0.015151515151515152
2023-02-23,1,12.0,3.9577135921573916,3.6106824412176572,2.323910355865406,3.7126431067135943,0.0519145258032319,0.011746703215537306,0.03333333333333333,0.05606511687902894,0.023603028284535532,0.02127659574468085,0.04604478183850047,0.014163559658316591,0.037037037037037035,0.03142616609926548,0.014826589402840287,0.015151515151515152
2023-02-24,1,6.0,4.2216960943340895,4.407576884642772,1.5905141718795355,3.8270188059659067,0.06925246589564243,0.011103464104296138,0.03333333333333333,0.019572148811486785,0.011773633480078361,0.0,0.05260014264236786,0.014027538167692245,0.037037037037037035,0.07947687162105332,0.015083061730305191,0.015151515151515152
2023-02-25,1,4.0,3.899865857933107,3.854198916709143,2.453783458454314,3.682953498011288,0.04852560561090596,0.01190098897239636,0.03333333333333333,0.06385338375134622,0.0257631949576201,0.047619047619047616,0.04443121363984338,0.014200079400869137,0.014814814814814815,0.04314457297481342,0.014912344656997293,0.015151515151515152
2023-02-26,1,3.0,2.915724893315055,3.863360240295592,2.395943010369515,2.837757610873224,0.01128709389757078,0.015656827897493175,0.014285714285714285,0.06034895562230346,0.024800899061248726,0.02127659574468085,0.012668860985035208,0.015516830165321276,0.014814814814814815,0.04363456974093041,0.014915429994427288,0.015151515151515152
2023-02-27,1,5.0,3.685877188274311,4.080203764871033,2.0285935231157084,3.437284638500521,0.037239668359451826,0.01252049324214058,0.014285714285714285,0.03961396202078801,0.01872301188131903,0.02127659574468085,0.0324472472252245,0.014523481338907879,0.014814814814814815,0.0563119399302616,0.014985747033373605,0.015151515151515152
2023-02-28,1,4.0,3.618858662254244,4.043579480038702,2.1028553046910177,3.39145815861976,0.034100033900789105,0.012732032081754618,0.014285714285714285,0.04356329291724103,0.019942516478940985,0.02127659574468085,0.030476184562887847,0.014588371128723967,0.014814814814814815,0.05402371062898568,0.01497422219845529,0.015151515151515152
2023-03-01,1,1.0,4.500430185844717,4.502624971780903,2.395798542824007,4.184735439391611,0.09092431991173092,0.010515909518947408,0.03333333333333333,0.06034027247158356,0.02479849575324807,0.02127659574468085,0.07660776145397995,0.013644411725807604,0.037037037037037035,0.08712163367333339,0.01510955893819978,0.015151515151515152
2023-03-02,1,5.0,3.910548554696686,4.751391341921529,3.204570117505189,3.8046517891179614,0.04914045896495397,0.011872102806115996,0.03333333333333333,0.11282486997948568,0.03810946443073953,0.05555555555555555,0.051275656197845694,0.014053573208615416,0.037037037037037035,0.10907023612343533,0.015175624375319243,0.015151515151515152
2023-03-03,1,6.0,4.32198477203566,4.713855256453409,2.055358843829752,3.981990882804774,0.07665211987701036,0.010882290386169266,0.03333333333333333,0.04102143421054215,0.01916171180073933,0.02127659574468085,0.062347977888374165,0.013854205142609393,0.037037037037037035,0.10558064490286809,0.015165942882766945,0.015151515151515152
2023-03-04,1,3.0,3.4009414264217828,4.016453119830998,1.7896019424383025,3.159240503824261,0.025132283451231276,0.013487525645728787,0.014285714285714285,0.027927411471691588,0.014864559381698006,0.0,0.02170640802659222,0.014942646296692983,0.014814814814814815,0.052367745442423425,0.01496559685158554,0.015151515151515152
2023-03-05,1,1.0,3.6809916344184224,3.699497471603712,2.051824557710485,3.436616572912232,0.03700454402113254,0.012535612293071848,0.014285714285714285,0.04083453424758224,0.01910372569028181,0.02127659574468085,0.0324179271343697,0.014524416313194833,0.014814814814814815,0.0354129345537651,0.01485873034901272,0.015151515151515152
2023-03-06,1,3.0,2.7093820357857568,3.3038421532231,0.7872829829737282,2.4210671778639528,0.0075492086764995725,0.01686279952969428,0.014285714285714285,0.001334539391219146,0.00205642122486198,0.0,0.005425441252053726,0.01645733432297948,0.014814814814814815,0.020028909559745883,0.014706976572212161,0.015151515151515152
2023-03-07,1,4.0,3.2053338037201144,2.897112163897638,1.041992142986538,2.880832554610078,0.018603108029591354,0.014269191506463748,0.014285714285714285,0.004380253285986661,0.004445184282872747,0.0,0.013687588423564549,0.015433346575596767,0.014814814814814815,0.00990706992843046,0.014523999748222731,0.015151515151515152
2023-03-08,1,4.0,4.255929795908673,3.529792966098145,1.0233609397273187,3.7710444674814703,0.07172791472240864,0.011026647784525235,0.03333333333333333,0.004076891325192739,0.004242920330257458,0.0,0.04932450885522389,0.014093200647671502,0.037037037037037035,0.028072023776109022,0.014796393423256504,0.015151515151515152
2023-03-09,1,1.0,2.984268901273625,2.476591742696376,1.7726096822801662,2.802520018424606,0.012785714842599407,0.015299590061123748,0.014285714285714285,0.027162061219484047,0.014595452726835689,0.0,0.01187667087489438,0.015586804471579814,0.014814814814814815,0.004055676340032128,0.014296858630058246,0.015151515151515152
2023-03-11,1,1.0,3.837939575897868,3.263260299878064,1.086163059552907,3.425173098446124,0.04505869759100872,0.012072085663194489,0.03333333333333333,0.005154052361563157,0.004940144911442597,0.0,0.03191839408588024,0.014540481804199335,0.014814814814814815,0.018780317644487128,0.014690065316541033,0.015151515151515152
2023-03-12,1,4.0,2.7523337318917696,2.7995028398588793,1.3428457240442815,2.5409105307146467,0.008237425083133706,0.016594066572203154,0.014285714285714285,0.011215511071478473,0.008187800437726784,0.0,0.007065690269835954,0.01615922201358459,0.014814814814814815,0.008188593780891769,0.014475132595234173,0.015151515151515152
2023-03-13,1,4.0,2.7925310437909716,3.190422914685667,1.4208565575746241,2.5867798708585195,0.008922807840160907,0.016351418333764446,0.014285714285714285,0.013588864554909576,0.009278214365723849,0.0,0.007781397593640298,0.016051531190691658,0.014814814814814815,0.01668023526061185,0.014659012996804865,0.015151515151515152
2023-03-14,1,2.0,2.3326399631987846,2.986515756216679,1.166022537540241,2.157647349350003,0.003202503491712041,0.019733428781284187,0.014285714285714285,0.006751666792257243,0.005886734448439772,0.0,0.002832154965080658,0.01721246537625793,0.0,0.011703435813539591,0.014566952916823072,0.015151515151515152
2023-03-15,1,5.0,3.1576514976369623,3.025172588189374,1.0576144589949268,2.842645941840657,0.017214529267163717,0.014477086178708022,0.014285714285714285,0.004645105237580156,0.0046177968667448985,0.0,0.012781660462069471,0.015507243870562992,0.014814814814814815,0.012550059704859113,0.014585018033538972,0.015151515151515152
2023-03-16,1,6.0,2.0830801087388284,2.608376767567715,0.8937451103959051,1.9046798589873901,0.001625584345556247,0.022330038795949025,0.0,0.0023298156399751877,0.002951470783811938,0.0,0.0013598208978054718,0.018103851480466924,0.0,0.005481037937185594,0.014372920207860107,0.015151515151515152
2023-03-17,1,2.0,2.704396857273386,2.47630945212462,1.0694100211373603,2.4591488318529824,0.007472207173370733,0.016894646190911456,0.014285714285714285,0.0048514636659459515,0.004749912866285649,0.0,0.005912066570205432,0.016359859447248257,0.014814814814814815,0.0040529666459632845,0.01429669039707611,0.015151515151515152
2023-03-18,1,2.0,2.77018353948308,2.8875231530251426,1.4634076841120343,2.5741671611774235,0.008536755323486305,0.01648528727875922,0.014285714285714285,0.014985397417579096,0.009889302330866784,0.0,0.007579518015336342,0.016080807952697056,0.014814814814814815,0.009727329728711268,0.014519292386048026,0.015151515151515152
2023-03-19,1,2.0,3.1163320333699702,3.2013601968576015,1.4930217979544202,2.8728354980576376,0.01607236139491162,0.014663316279041385,0.014285714285714285,0.015999068101973393,0.01032079916641476,0.0,0.013494206928654476,0.015448678645132417,0.014814814814814815,0.016984263057568595,0.014663734450670877,0.015151515151515152
2023-03-20,1,1.0,2.24094210551531,2.9733434752362404,1.2815287787930187,2.097030106506966,0.0025254086347546788,0.020607977543315295,0.014285714285714285,0.00952271430725571,0.007360970567280271,0.0,0.002401333123412604,0.01740923227116341,0.0,0.011424777518818268,0.014560728523672272,0.015151515151515152
2023-03-21,1,1.0,2.5943263948775463,2.9813624414483044,0.4188494261257315,2.2680048495647744,0.005917174214809321,0.017634986655806324,0.014285714285714285,5.29248052603608e-05,0.00025348078130053695,0.0,0.003765757361035535,0.016877639168612214,0.014814814814814815,0.01159382957465186,0.01456452198535956,0.015151515151515152
2023-03-22,1,2.0,2.7648572750238145,3.1291496123373035,1.2060582512480824,2.5310374214574547,0.008446604889871034,0.016517572080793425,0.014285714285714285,0.007650238412689504,0.006384481481545446,0.0,0.0069182206124216855,0.01618284805476127,0.014814814814814815,0.015048995506056394,0.014632167584382042,0.015151515151515152
2023-03-23,1,5.0,3.3778068873360305,3.1128828902470187,1.1993246030020326,3.051034544685931,0.024287653930949185,0.01357444851584781,0.014285714285714285,0.0074945177624995765,0.006299740484147381,0.0,0.018283017885399124,0.015123944203816105,0.014814814814814815,0.014636080794566434,0.014624925964302878,0.015151515151515152
2023-03-25,1,5.0,2.4183283994264633,3.162118112642452,0.8640451890328895,2.185185917867427,0.003954549984823522,0.018986835868109165,0.014285714285714285,0.0020146402289710147,0.002685974579768853,0.0,0.0030463889810914933,0.017126184162604922,0.0,0.015911634318138988,0.014646695901122149,0.015151515151515152
2023-03-26,1,3.0,3.9055084819508674,3.2722329561708827,1.726999523060325,3.578732138117286,0.048849754634460216,0.011885708631528337,0.03333333333333333,0.025154371023373392,0.013877507125977658,0.0,0.03905145900920405,0.014332490485725494,0.014814814814814815,0.01905146799013057,0.014693827987164664,0.015151515151515152
2023-03-27,1,1.0,3.3100080690838936,3.1399916438451303,1.6675712525629036,3.0636425466057453,0.021926112615951468,0.013837414611867684,0.014285714285714285,0.022643468983193533,0.012952589543636565,0.0,0.018661202919782446,0.01510223689348813,0.014814814814814815,0.015328852824217205,0.01463696720040551,0.015151515151515152
2023-03-28,1,3.0,3.827830726223533,3.406692735025675,1.7658944209070058,3.518540280426054,0.04450844359572192,0.01210062100488071,0.014285714285714285,0.026862173654936126,0.014489339929473898,0.0,0.036144039881922205,0.014412106788133016,0.014814814814814815,0.02345516472737841,0.014748644536450929,0.015151515151515152
2023-03-29,1,3.0,2.9103623623985957,3.481243287786586,1.7373053018899403,2.7344038033222975,0.011175538759977292,0.015685617241337355,0.014285714285714285,0.025601994864118842,0.014039147706137328,0.0,0.010446998515594663,0.01572656153834965,0.014814814814814815,0.026182165843443846,0.014777827585522266,0.015151515151515152
2023-03-30,1,5.0,2.844857833974246,3.520549818830727,1.7715342395045925,2.6838592948037983,0.009877210002941353,0.016047684346632438,0.014285714285714285,0.027113935945345755,0.014578449706805184,0.0,0.00946964975265645,0.01583429007265291,0.014814814814814815,0.027705180991705283,0.014792884815008126,0.015151515151515152
2023-03-31,1,2.0,2.8156431458232283,3.0683318099191057,1.3079995247637421,2.5894966026643056,0.00933552521992327,0.016215613686286712,0.014285714285714285,0.01023471130991121,0.007714437470739542,0.0,0.007825393423276787,0.016045257790516406,0.014814814814814815,0.01354732382773269,0.014604839392427989,0.015151515151515152
2023-04-01,1,5.0,3.8351967476791624,3.7982645387796707,1.0915838606516632,3.423654814625038,0.04490896408976789,0.012079811011571337,0.03333333333333333,0.005254360131315698,0.005002339620276308,0.0,0.03185250034683387,0.014542620457868263,0.014814814814814815,0.0402315093949707,0.014893294044920406,0.015151515151515152
2023-04-02,1,6.0,3.444667250452144,3.196109518151188,2.466023400688403,3.297870672987583,0.02678370819442513,0.013326962420067898,0.014285714285714285,0.06460190752566161,0.02596682723480041,0.047619047619047616,0.026700768236982437,0.014725833443238544,0.014814814814814815,0.016837815319613557,0.014661470438786333,0.015151515151515152
2023-04-03,1,4.0,3.005392529397062,3.297211932424658,1.6749642651996668,2.8058282897674527,0.013275375330015075,0.01519337264490743,0.014285714285714285,0.022949208906884174,0.013066952949702604,0.0,0.011949494825847538,0.015580169086181029,0.014814814814814815,0.019820998002981954,0.014704232249468534,0.015151515151515152
2023-04-04,1,4.0,2.328900094112228,2.744969606846623,0.6858132969091578,2.0824370745317675,0.0031724056060105556,0.01976750227505929,0.014285714285714285,0.0007021930719609897,0.0013560248253463364,0.0,0.0023056022702859246,0.0174580686048181,0.0,0.007331492923692375,0.014446882337356257,0.015151515151515152
2023-04-05,1,3.0,2.641327094389074,2.7684728650270003,1.227934934521837,2.4293182704089884,0.006547947668957739,0.017309900804313022,0.014285714285714285,0.008168980552166402,0.0066625636666651205,0.0,0.005528242678232154,0.016435988706973263,0.014814814814814815,0.00769218632040114,0.014459143892294272,0.015151515151515152
2023-04-06,1,1.0,3.7369452020358636,3.331219789031814,1.728896662695576,3.4357379211348205,0.03975685627430782,0.012365193522553875,0.014285714285714285,0.02523650506880278,0.013907236357157208,0.0,0.03237939131421394,0.014525646497561892,0.014814814814814815,0.020903827688345766,0.014718232595837794,0.015151515151515152
2023-04-07,1,3.0,2.483563411450362,3.144264435265393,1.1035752608278018,2.2765651888569782,0.004612584630789371,0.01845921664440318,0.014285714285714285,0.005480436159887688,0.005141017593790731,0.0,0.003846864834069808,0.0168528420590769,0.014814814814814815,0.015440170435046523,0.014638852805500332,0.015151515151515152
2023-04-08,1,3.0,3.375816249405186,3.171666777903913,1.0912107471826524,3.033125424071806,0.02421590879996439,0.013581993145414716,0.014285714285714285,0.005247418264036654,0.004998048815029469,0.0,0.017755020963522095,0.015155052778047096,0.014814814814814815,0.0161680065837221,0.014650867054173644,0.015151515151515152
2023-04-09,1,1.0,2.6503001473661914,3.1103215414963246,1.1130766570584598,2.419716623820032,0.0066739026601755295,0.017249390095954553,0.014285714285714285,0.0056636725133505875,0.0052519585074021664,0.0,0.005408751502152118,0.016460840284664765,0.014814814814814815,0.014571820356352535,0.01462378123668168,0.015151515151515152
2023-04-10,1,1.0,2.397847525976306,2.5240676007585403,0.9666818283101912,2.183172671326389,0.0037636005121670754,0.019159531236513025,0.014285714285714285,0.0032361737637964104,0.003652568520162316,0.0,0.0030303200859555174,0.017132428302882047,0.0,0.004531609532118378,0.014324822520424451,0.015151515151515152
2023-04-11,1,2.0,2.83476169413749,2.532133910642845,0.7550054733759302,2.522798261023256,0.009687458415160744,0.016105254632978322,0.014285714285714285,0.00110262763347331,0.0018169908723186371,0.0,0.00679690706443848,0.016202687822052142,0.014814814814814815,0.004616554563127791,0.014329509478211645,0.015151515151515152
2023-04-13,1,3.0,2.664275602238991,2.3935072655544345,1.0228599408683678,2.418063253033398,0.00687369066580935,0.017156107167285908,0.014285714285714285,0.004068920433092643,0.0042375361709003235,0.0,0.005388371893063258,0.016465136983987938,0.014814814814814815,0.003316361934623198,0.014246308559969913,0.015151515151515152
2023-04-14,1,3.0,2.481185841459891,2.7266299923853476,1.40878582881378,2.3203258395629747,0.00458722609602085,0.018477869124149855,0.014285714285714285,0.01320571538244838,0.0091068780315342,0.0,0.004282345585614502,0.016728558723369043,0.014814814814814815,0.007059000717141319,0.014437222549132673,0.015151515151515152
2023-04-15,1,3.0,4.117159685262921,3.163049527832198,1.5234535462560872,3.7281037644118964,0.062016833767942016,0.011346984245419923,0.03333333333333333,0.017075896210783762,0.010769179553462661,0.0,0.046899360199153924,0.014144744958200854,0.037037037037037035,0.015936511947400922,0.014647103491908687,0.015151515151515152
2023-04-16,1,3.0,3.031212019863566,3.4982961795585044,1.85966971526171,2.8554806741732874,0.013892178444767951,0.015065915038683651,0.014285714285714285,0.03117964090282934,0.01598263966581389,0.02127659574468085,0.013081230942266665,0.015482212071150279,0.014814814814814815,0.02683559382689971,0.014784387465962948,0.015151515151515152
2023-04-17,1,4.0,2.72367503470439,3.538487755202837,1.820132629875764,2.5881436739800963,0.007773267102713711,0.016772257661691683,0.014285714285714285,0.029325691796898163,0.01535014101508735,0.0,0.007803460798267307,0.016048380492967453,0.014814814814814815,0.028420150082007423,0.014799682829097084,0.015151515151515152
2023-04-18,1,2.0,1.7763193186282773,3.1746447580681334,1.0209286091420693,1.6630107122053461,0.0006020316460669344,0.026739706920866534,0.0,0.004038284037394642,0.004216807524354774,0.0,0.0005927713934826042,0.019166151227248553,0.0,0.01624856787726473,0.014652164591600875,0.015151515151515152
2023-04-19,1,1.0,2.868886659413287,3.360315392626958,1.6447461523781977,2.685265583358024,0.010339825012493458,0.015912594508935018,0.014285714285714285,0.02171162259233695,0.012600834968682412,0.0,0.009495907738469133,0.015831244589962646,0.014814814814814815,0.02186292482182629,0.014730062832467677,0.015151515151515152
2023-04-20,1,3.0,3.2081919466428324,3.4384807945059905,1.5810201972388738,2.9641161842322385,0.018688784297725185,0.014256960944060877,0.014285714285714285,0.019208593965760537,0.01163013821090931,0.0,0.015819733124499434,0.015278025716901743,0.014814814814814815,0.024592379567332498,0.01476118988500087,0.015151515151515152
2023-04-21,1,4.0,3.27917685542823,2.9546822072255585,1.4360729711549238,3.0027112727872343,0.020907272793314724,0.013961228391823993,0.014285714285714285,0.014080086337534065,0.009495491489184917,0.0,0.016882832308730934,0.015208634118413281,0.014814814814814815,0.011038401192460592,0.01455184960659597,0.015151515151515152
2023-04-22,1,1.0,2.950801782074271,3.177428195146419,1.3739580286271038,2.7142752190571957,0.01203698321633903,0.015471562088234782,0.014285714285714285,0.01213277578820919,0.008617786589276187,0.0,0.01004944301155953,0.015769040054513007,0.014814814814814815,0.01632412743848929,0.014653375935036838,0.015151515151515152
2023-04-23,1,3.0,3.6179749328318023,3.071994016967258,1.7082394005736905,3.3315146029930855,0.03405986152121238,0.012734882373648658,0.014285714285714285,0.024348703943711344,0.013584180854154292,0.0,0.028019782984302546,0.014675630164331772,0.014814814814814815,0.013634523929724146,0.014606504738443703,0.015151515151515152
2023-04-24,1,1.0,2.3388483581013686,2.8122599794032617,1.078528685638743,2.1498004072319747,0.003252954154813266,0.019677150221466037,0.014285714285714285,0.005014775492015255,0.004853082528090408,0.0,0.0027732775863761857,0.01723739881133799,0.0,0.008399486523195172,0.0144816411200166,0.015151515151515152
2023-04-25,1,2.0,1.5377486532303715,2.7182735086547596,1.1720286014263483,1.482890645459768,0.00023664685397459026,0.031646955380308366,0.0,0.006882289851422589,0.005960458725026608,0.0,0.00028710113073853236,0.020142999826359857,0.0,0.006937401865923381,0.014432793947503963,0.015151515151515152
2023-04-26,1,4.0,2.935290782176288,2.9315103220517056,1.568673197558881,2.730298144483677,0.011701034650481078,0.015552840712447601,0.014285714285714285,0.01874075643083679,0.011444139361139792,0.0,0.010365001754577451,0.015735181216372546,0.014814814814814815,0.010572149086923464,0.014540724128827337,0.015151515151515152
2023-04-27,1,2.0,3.149864157888761,3.0273972411388423,1.5458179457942003,2.9092572260745775,0.01699497575961251,0.01451174412901202,0.014285714285714285,0.017889698722525688,0.011101741541942541,0.0,0.014390863206896701,0.015379453133394177,0.014814814814814815,0.01260010875005332,0.014586048616795822,0.015151515151515152
2023-04-28,1,13.0,4.3822906142579665,3.3874310279615587,3.18158216306887,4.202184346579602,0.08131747461556178,0.010754749126581297,0.03333333333333333,0.11126603827903629,0.037738493868889667,0.05555555555555555,0.07791439052353463,0.013627176922212119,0.037037037037037035,0.02278430613552747,0.014740967655489469,0.015151515151515152
2023-04-29,1,5.0,3.5032647939046466,4.21496966171944,1.4434920516814747,3.194298882571171,0.029111603807143328,0.013119119453973014,0.014285714285714285,0.01432290373754339,0.009601940260607183,0.0,0.02290358397150529,0.014886243413237318,0.014814814814814815,0.06525492193453096,0.015027007928927732,0.015151515151515152
2023-04-30,1,6.0,2.2709107349593087,3.6044421023340787,0.9165598654317431,2.0677581045301743,0.00273309130224113,0.02031293265945963,0.014285714285714285,0.0025927407491373776,0.003163408201574465,0.0,0.0022123042988054964,0.017507788372166072,0.0,0.031158118320290442,0.014824291837233737,0.015151515151515152
2023-05-03,1,4.0,1.4120296356363835,2.7709064862593102,0.79182812659451,1.3189994092801025,0.00013438263052040962,0.03503305994112042,0.0,0.0013696650021514632,0.0020913593249440466,0.0,0.00013417226803060566,0.021220170100454513,0.0,0.007730280999026526,0.014460406009239448,0.015151515151515152
2023-05-04,1,4.0,1.22437528629992,2.4616589410500884,0.6939912822263126,1.144817685688879,5.112945655929457e-05,0.041636411256495476,0.0,0.0007430967453562526,0.0014067391873001942,0.0,5.219217015041456e-05,0.0226355869814745,0.0,0.003914239754044254,0.014287926993881896,0.015151515151515152
2023-05-05,1,5.0,2.015147464477662,2.814004901899874,1.2941422840620653,1.9069966874153224,0.0013267085271761164,0.023170378228287537,0.0,0.009858416930458632,0.007528723023470474,0.0,0.0013697745526860712,0.018094777342285203,0.0,0.008428645102829169,0.014482528452947108,0.015151515151515152
2023-05-06,1,1.0,1.7786505885554615,2.223206069161843,1.1896356686954532,1.6902983505764604,0.0006070785871953671,0.026699347467711017,0.0,0.007273712520726257,0.006178526307982467,0.0,0.0006559281332501172,0.019033457043592217,0.0,0.002129212002296519,0.014135735911775433,0.015151515151515152
2023-05-07,1,1.0,2.3785305119132705,2.4309927027124734,1.4928573267438345,2.245679534137855,0.003590070351528078,0.01932565221630516,0.014285714285714285,0.01599334471463884,0.010318389283371506,0.0,0.0035603282877541536,0.016943078506958,0.014814814814814815,0.003635724829573078,0.014269375698868578,0.015151515151515152
2023-05-08,1,3.0,1.8818741981883687,2.8751937804550067,0.9251994052021889,1.7383729792404419,0.000867089514491532,0.025029960555262593,0.0,0.002697132476891746,0.0032454412392380404,0.0,0.0007801429535804376,0.018808224539367993,0.0,0.009499794276894766,0.014513210412394765,0.015151515151515152
2023-05-09,1,2.0,2.2862169788013267,2.6795754532302074,1.221986333811556,2.1265823820528613,0.002844153350686328,0.020165775344589226,0.014285714285714285,0.008025984296123438,0.00658653438865252,0.0,0.0026045522113674695,0.01731209947213906,0.0,0.0063947712301188125,0.014412060761770786,0.015151515151515152
2023-05-10,1,2.0,2.568197373982767,2.7749842673545184,1.1999385046500706,2.3629585435828626,0.005586985561441164,0.0178218308595751,0.014285714285714285,0.007508637738410625,0.006307449387670864,0.0,0.004741401777854605,0.016611327243613465,0.014814814814814815,0.0077944297066011485,0.014462517685835344,0.015151515151515152
2023-05-11,1,1.0,3.0158547828232836,3.124811510857494,1.2351876708468936,2.7487547160268253,0.013522866694122036,0.015141415117934967,0.014285714285714285,0.008345289674963641,0.006755673742208826,0.0,0.010737291794480784,0.015696610406371846,0.014814814814814815,0.014938062319548516,0.014630241125111418,0.015151515151515152
2023-05-12,1,1.0,3.000669552750302,3.0248641560809717,1.277001630222748,2.742119364371169,0.013164732749939527,0.015216968151061288,0.014285714285714285,0.009403812862034556,0.007301067827976464,0.0,0.010602356779924868,0.015710424458160087,0.014814814814814815,0.012543132271058695,0.01458487507359764,0.015151515151515152
2023-05-13,1,2.0,3.708723699935482,2.6829879000309007,1.497396140249527,3.377024565982589,0.03835234263335532,0.012450403771574432,0.014285714285714285,0.01615167158602289,0.010384947258713055,0.0,0.02987216589882974,0.01460913127382706,0.014814814814814815,0.006441286013842687,0.014413904065193486,0.015151515151515152
2023-05-14,1,1.0,4.215843850089332,3.018380614773941,2.119041513971757,3.9013234996716957,0.06883452176533494,0.011116736651190541,0.03333333333333333,0.044442059297425895,0.02020920903095721,0.02127659574468085,0.0571492770477425,0.013942928372490447,0.037037037037037035,0.012398158003996134,0.014581865568641739,0.015151515151515152
2023-05-15,1,5.0,3.5362688137177805,2.5484704646409457,1.4606363365209922,3.2249239421382625,0.030481656994243326,0.013005589278616572,0.014285714285714285,0.014892279400429292,0.00984917597529957,0.0,0.023985505837314083,0.014837862472213536,0.014814814814814815,0.004792326216080806,0.014338945816614898,0.015151515151515152
2023-05-16,1,4.0,3.3433131143831085,2.2340117870706355,1.97290775332903,3.1377523102249967,0.023065168120266336,0.013706673513468944,0.014285714285714285,0.036745786189509085,0.017813772853626085,0.02127659574468085,0.020994192531141997,0.014977768126948515,0.014814814814814815,0.002192798917247561,0.01414304880775078,0.015151515151515152
2023-05-17,1,3.0,2.5229625065719103,2.276133511957943,1.6177187346360355,2.387175940781529,0.005048567858802863,0.018156184985789615,0.014285714285714285,0.02063212451748506,0.012187025695941493,0.0,0.005018105251570701,0.01654635668999055,0.014814814814814815,0.0024550149119312806,0.014171158342478445,0.015151515151515152
2023-05-18,1,3.0,2.267918542726911,2.1985008563892507,1.1834224101206874,2.1052441228359773,0.0027117790630559555,0.02034197573697444,0.014285714285714285,0.007134138092497597,0.006101245976103537,0.0,0.0024565473257384517,0.01738199939075713,0.0,0.001989267361599077,0.014118856714027293,0.015151515151515152
2023-05-19,1,5.0,2.31089865403146,2.601504141315902,1.737482724803544,2.2248862646472727,0.00303057839982395,0.01993334412407549,0.014285714285714285,0.02560973214017973,0.01404193354440248,0.0,0.0033767629324760054,0.017005046869007764,0.0,0.005398412604944066,0.014369071860665234,0.015151515151515152
2023-05-20,1,5.0,2.5024012251247196,2.5952855845574456,2.0310193773213006,2.431693947954207,0.004817301779033079,0.018312915891452685,0.014285714285714285,0.0397407689185972,0.018762731131188055,0.02127659574468085,0.0055581093140647,0.016429866217660776,0.014814814814814815,0.005324471739245445,0.014365578881987584,0.015151515151515152
2023-05-21,1,7.0,3.9868577550204027,2.963788792460453,3.768432906068771,3.954094027677658,0.05367732258232525,0.011670912899867835,0.03333333333333333,0.15132327851099892,0.047014918428553334,0.05555555555555555,0.06051949132942029,0.013884530598129765,0.037037037037037035,0.011225727158840659,0.014556191412227814,0.015151515151515152
2023-05-22,1,4.0,3.1652745754123104,3.598321197873091,0.9391765969338872,2.8313598786405474,0.017431401553273343,0.014443353833671192,0.014285714285714285,0.0028717192597880418,0.003380189769716871,0.0,0.012522307125400423,0.015529420571849025,0.014814814814814815,0.03089672220769295,0.014822033129829925,0.015151515151515152
2023-05-23,1,2.0,4.495477074746761,3.316140559385374,2.249223233043618,4.15853899849129,0.09050917528987404,0.010525643465728337,0.03333333333333333,0.05172611359507314,0.022362740915306923,0.02127659574468085,0.0746695952502424,0.013670520797813421,0.037037037037037035,0.02041865587196873,0.01471204798447213,0.015151515151515152
2023-05-24,1,1.0,4.323018715491335,3.898432216483543,1.9258745261539185,3.9634470870907226,0.07673074348460898,0.010880070121022779,0.03333333333333333,0.034389175088243025,0.01705001748444501,0.02127659574468085,0.06112892313164516,0.013874321836527285,0.037037037037037035,0.0455441631869441,0.014927152508282507,0.015151515151515152
2023-05-25,1,6.0,2.5183876277822685,2.852467741284935,0.7948434962101385,2.2598560080464494,0.004996396175478673,0.01819079494755332,0.014285714285714285,0.0013933125438766768,0.0021147033435019473,0.0,0.0036897598818342297,0.016901395218127502,0.014814814814814815,0.00909078852391666,0.014501912459384992,0.015151515151515152
2023-05-26,1,2.0,2.6172908865084397,2.7361934037730453,1.545673730121813,2.4565483130504457,0.0062193560375067595,0.017474419604824872,0.014285714285714285,0.017884390588459805,0.011099589047934661,0.0,0.005877839097726657,0.016366431959180826,0.014814814814814815,0.007200125326403035,0.014442269912065002,0.015151515151515152
2023-05-27,1,7.0,2.5146468117666485,2.6095011640843593,1.0201700116926553,2.2904752917555498,0.004954041605349898,0.018219206129770047,0.014285714285714285,0.0040262900763318715,0.004208677411059501,0.0,0.0039814744180498044,0.016812890492527512,0.014814814814814815,0.005494647004008007,0.014373548619598098,0.015151515151515152
2023-05-28,1,1.0,3.6378931193635893,2.2781447095529472,0.8543811196700406,3.220366319409557,0.034973019606094134,0.012671030687741976,0.014285714285714285,0.001918535121613511,0.0026021713594847986,0.0,0.023822342384161865,0.014845010911087553,0.014814814814814815,0.0024681215894448404,0.014172484940913997,0.015151515151515152
2023-05-29,1,2.0,1.860866137117496,2.721206760727744,1.4450327823887463,1.7984911339081835,0.0008080405356524102,0.02535200629986952,0.0,0.014373601408962343,0.009624087993045077,0.0,0.0009609671243246526,0.018540906320159603,0.0,0.0069799035415899924,0.014434350397187507,0.015151515151515152
2023-05-30,1,6.0,1.7645677988866086,3.0694852223904454,0.879824997923299,1.6318563787421123,0.0005771021438507651,0.02694507109910602,0.0,0.002178332516047177,0.002825552860113999,0.0,0.0005266986871947929,0.01932218247465823,0.0,0.013574743535316227,0.014605364170046835,0.015151515151515152
2023-05-31,1,3.0,2.203813552840917,2.495165001462648,0.19777166024844775,1.9029072689520468,0.0022853751765077026,0.02098675312869862,0.013170760161205311,4.951604282411268e-07,1.9297228691217427e-05,0.0,0.001352243730802109,0.01811080671923769,0.0,0.0042370469488057436,0.014307876186180023,0.015151515151515152
2023-06-01,1,4.0,3.5410455611693052,3.314377248028255,2.5728655227485646,3.395818555406194,0.030683506237158147,0.012989362138174093,0.014285714285714285,0.07123063758160555,0.027743356365671674,0.047619047619047616,0.030660234779651113,0.014582130193669187,0.014814814814814815,0.020362447671079257,0.014711322372863453,0.015151515151515152
2023-06-02,1,3.0,3.4287165215593576,3.52865550242733,1.5693032354638112,3.149804528645026,0.02617288804703771,0.013384979084895497,0.014285714285714285,0.018764492509537236,0.01145361327525039,0.0,0.021391651790264473,0.014958016881561158,0.014814814814814815,0.028026700154574063,0.014795962307805523,0.015151515151515152
2023-06-03,1,2.0,3.5121229647137926,3.527040205364551,2.091073237330708,3.29896550560633,0.029475118967200772,0.013088403847658992,0.014285714285714285,0.04292758905293412,0.01974857324808976,0.02127659574468085,0.026743022745691576,0.014724185476882649,0.014814814814814815,0.02796242350475727,0.014795349771196247,0.015151515151515152
2023-06-04,1,3.0,2.726387374359823,3.3952964568582407,1.3959814247531663,2.5268264819188246,0.007816340008729938,0.016755202800191226,0.014285714285714285,0.012805613555326724,0.008926141226092988,0.0,0.006856020527396953,0.01619297379836924,0.014814814814814815,0.023056597999722015,0.014744109386601126,0.015151515151515152
2023-06-05,1,3.0,1.3166515099521445,2.395836332477089,0.9627337021344133,1.263563838779485,8.391239311483195e-05,0.03811449755022439,0.0,0.003182138180060419,0.0036128911874843146,0.0,0.00010104387022869884,0.021635926648168217,0.0,0.0033355474007649537,0.014247754522426315,0.015151515151515152
2023-06-06,1,4.0,3.9834829215108725,2.5846982525942224,0.9064111165045678,3.5219221507599268,0.05347128583762092,0.01167962433546217,0.03333333333333333,0.0024735147152115705,0.00306828603667618,0.0,0.03630355677848186,0.014407569890114776,0.014814814814814815,0.005200363773325774,0.014359608029665257,0.015151515151515152
2023-06-07,1,1.0,2.0592627672991908,2.547373410220557,0.7000782721743216,1.8553850930304605,0.001515314359999381,0.02261719018644418,0.0,0.0007746124313377288,0.001445146637838973,0.0,0.0011611250657055348,0.018301467647334004,0.0,0.004780364581314847,0.01433831447232638,0.015151515151515152
2023-06-08,1,3.0,5.11552068929102,4.534388878652093,4.036954206751492,4.95373571691009,0.15054396354675215,0.009465631434730898,0.03333333333333333,0.169559326288158,0.05111546740769058,0.05555555555555555,0.14548669774909448,0.012984250183939386,0.037037037037037035,0.08976840800967124,0.015118252813296335,0.015151515151515152
2023-06-09,1,2.0,1.4625798128022136,2.8944123162310937,0.7828620080501324,1.3606221420894016,0.00016990105187534614,0.03358932590442958,0.0,0.0013009678785616027,0.002022725514440273,0.0,0.00016447879134094876,0.02092640103812283,0.0,0.009856215820069143,0.014522676370033133,0.015151515151515152
2023-06-10,1,3.0,2.0445471838462184,2.5736066310857577,0.7995693366623917,1.8578005067686445,0.00145019097889215,0.02279857555246297,0.0,0.00143093047108554,0.002151553555625375,0.0,0.0011702950043379395,0.018291577564405984,0.0,0.005072724632999026,0.014353320219604256,0.015151515151515152
2023-06-11,1,2.0,2.8196686226513643,2.5112668079252405,0.29438617239237913,2.4408762551125167,0.009408827661095052,0.016192229843327965,0.014285714285714285,6.4892731926211335e-06,6.494361397631322e-05,0.0,0.0056746810095925524,0.016406299652793555,0.014814814814814815,0.004399273058737381,0.014317346640759754,0.015151515151515152
2023-06-12,1,3.0,2.398005573847857,3.2048513550948012,0.9057188823204656,2.1741625701187486,0.003765046381074273,0.019158185161447332,0.014285714285714285,0.002465515435498782,0.0030618470286086657,0.0,0.002959197524001922,0.017160495435765633,0.0,0.0170821406534304,0.014665237110779314,0.015151515151515152
2023-06-13,1,3.0,2.6482185499339947,2.61471805095652,1.1037744950726844,2.4165519417047983,0.0066445224020061635,0.017263384239607348,0.014285714285714285,0.005484241130806953,0.00514333434795507,0.0,0.005369793572105472,0.016469068984253585,0.014814814814814815,0.005558126191547241,0.014376459884516626,0.015151515151515152
2023-06-14,1,3.0,2.104523485268158,2.6574999526850065,0.6440597456402296,1.885453924323969,0.001730180333645514,0.022078085246841735,0.0,0.0005178532180371158,0.0011130128948129239,0.0,0.0012793888810596608,0.018179882236895543,0.0,0.006099975615362418,0.014400064964310523,0.015151515151515152
2023-06-15,1,4.0,2.211717408366639,2.7198350996421223,0.7187304898379643,1.9877693705873378,0.0023349161893935167,0.020904855584442415,0.014285714285714285,0.0008770273588908702,0.0015663330961795984,0.0,0.0017539924961494776,0.01778972173983487,0.0,0.00696000434222369,0.014433622825028837,0.015151515151515152
2023-06-16,1,7.0,2.140794936148623,2.5978940022911745,1.658326976830519,2.0684247422509077,0.0019190801944028212,0.02166548822701393,0.0,0.022263857888389388,0.012809882302545088,0.0,0.002216477119263684,0.017505517265943293,0.0,0.005355392149180017,0.014367045298480645,0.015151515151515152
2023-06-17,2,3.0,1.9441768317816255,2.886906048153695,1.8993172360236334,1.935204912630027,0.0039006386090791713,0.027135174551826242,0.0,0.04549608160004089,0.04254510967880618,0.05263157894736842,0.005837397198756727,0.027077698314143896,0.0,0.011725853827721004,0.049553762825298754,0.01818181818181818
2023-06-18,2,1.0,2.971143518026874,2.848672672113005,1.4278082029378334,2.662476455009066,0.029007255584668244,0.037471318232598826,0.03361344537815126,0.02195904246372647,0.03184397008312249,0.03968253968253968,0.0242923528296264,0.03639661222614563,0.03424657534246575,0.010922110585929902,0.049810213038602565,0.01818181818181818
2023-06-19,2,4.0,2.832242760079622,2.8170107492393397,0.9065445640428493,2.447103120872267,0.023639850625517482,0.03624736153711405,0.03361344537815126,0.0051221410901777864,0.01793249895673629,0.0,0.017057845340438367,0.033813195518987114,0.03424657534246575,0.01028753243173419,0.05002721080138558,0.01818181818181818
2023-06-20,2,2.0,3.3360415263361816,2.989183878583238,1.9783652564634215,3.06450627236163,0.04643144894307806,0.04047234410497337,0.04864864864864865,0.04994863593426835,0.04417002104540605,0.05263157894736842,0.04212460558076683,0.04085801907301284,0.05084745762711865,0.014085926576810882,0.04889621602572961,0.01818181818181818
2023-06-21,2,2.0,3.4069745022699087,3.513236749808829,2.8119648780238666,3.2879725774207005,0.05038109493305571,0.04102258375583084,0.04864864864864865,0.10104170389704803,0.058917053147342954,0.05434782608695652,0.0544627566705257,0.043153058104894546,0.05084745762711865,0.03166608126525444,0.046064689953862745,0.046822742474916385
2023-06-22,2,2.0,4.0873448193500455,5.114578162489366,3.3799509213382777,3.945866039747692,0.09712477971407063,0.045836493753057345,0.04864864864864865,0.13688691137751813,0.06702524239383503,0.08333333333333333,0.09994027387152801,0.04925949376981916,0.05084745762711865,0.15474079009022412,0.04066718967490586,0.046822742474916385
2023-06-23,2,2.0,4.004112976969586,4.4521243163159765,2.281174744951403,3.6595253305659496,0.09059318042474307,0.04528828463950331,0.04864864864864865,0.0678593701945117,0.04999853499366072,0.05434782608695652,0.07858149117499975,0.04671159718906321,0.05084745762711865,0.09077038010380749,0.042494502854598916,0.046822742474916385
2023-06-24,2,3.0,3.0648265596387545,4.013268202291205,1.9780996223685123,2.847481172184706,0.033018361652064676,0.0382704274588157,0.03361344537815126,0.04993349060842403,0.0441646359549471,0.05263157894736842,0.0317933820854151,0.03850556721499971,0.03424657534246575,0.05843672868921412,0.043981525385523836,0.046822742474916385
2023-06-25,2,1.0,3.5645090306515583,3.6597271708541648,2.5978753557429695,3.3711822956698407,0.05979908739878373,0.042209332647419884,0.04864864864864865,0.08751225914707027,0.05549771318914968,0.05434782608695652,0.05948426951722778,0.043976789493742965,0.05084745762711865,0.038429920886287355,0.045402595219419264,0.046822742474916385
2023-06-26,2,3.0,3.106078933010218,3.1577386619499026,0.9698442114090358,2.678831988689982,0.03488557290441779,0.03861582294734631,0.037037037037037035,0.006515710601395598,0.01971775850568104,0.0,0.02490714287951023,0.03658706530422499,0.03424657534246575,0.01868943541644284,0.04789501709869698,0.046822742474916385
2023-06-27,2,4.0,2.6836643155861934,2.8588903617941233,1.1219063024695546,2.3713127129628657,0.01864719788290796,0.034883525112836204,0.03361344537815126,0.01063407325677533,0.023918086483960724,0.0,0.01488485855539437,0.032869784924892426,0.03424657534246575,0.011132852901878132,0.0497410874530492,0.01818181818181818
2023-06-28,2,6.0,2.7011890817142286,3.271642592339314,1.5475055930311068,2.4704523839776042,0.019196705738999148,0.03504743538526197,0.03361344537815126,0.027341895251338108,0.034732542059862516,0.03968253968253968,0.01776578761515165,0.03410018297015535,0.03424657534246575,0.02234267684160523,0.04727030956709533,0.046822742474916385
2023-06-29,2,5.0,1.3785080522638693,3.1952547490309984,1.0954780227189436,1.321902046354884,0.0005755274137614266,0.019957888193971134,0.0,0.009841558167018821,0.023198829576638255,0.0,0.0007925158737838115,0.017901787942904677,0.0,0.01984260590278748,0.04768491140407946,0.046822742474916385
2023-06-30,2,3.0,1.3450509838382116,2.813062620362616,0.9306937498496894,1.2621795370405071,0.0004977325775467803,0.019496828102861692,0.0,0.005631314078459061,0.018615507111534122,0.0,0.0006100593423302927,0.016954149691347748,0.0,0.010210337123645497,0.05005457039888388,0.01818181818181818
2023-07-01,2,3.0,2.528842199366765,2.4375797549889815,1.2891971011500247,2.2809131797234166,0.014235184796650681,0.033398609460716495,0.03361344537815126,0.01635970964405085,0.028347604771213432,0.037037037037037035,0.012537758427372286,0.03172047798148933,0.0,0.004619366676882422,0.05300640044852784,0.0
2023-07-02,2,2.0,2.72541817546803,2.649439149241571,1.5788530900916609,2.4961051583927563,0.019973599663391642,0.03527269038405055,0.03361344537815126,0.028827153559581348,0.03546913676086321,0.03968253968253968,0.018564721042605196,0.034413517345283716,0.03424657534246575,0.007368937550533969,0.05125100341998664,0.01818181818181818
2023-07-03,2,3.0,2.5042552850973463,3.113347528254595,0.9973473275770111,2.2028736935932796,0.013605843349081742,0.03315654337017934,0.03361344537815126,0.007180497715239779,0.020487702080620868,0.0,0.01071906619086283,0.03070695225929083,0.0,0.017386789803187575,0.04814939859497098,0.046822742474916385
2023-07-04,2,4.0,3.131120837366421,4.237005003923975,1.2835856796074663,2.7616138058146302,0.03604927400480454,0.038823603015277194,0.037037037037037035,0.016148634618889966,0.028202666894326475,0.037037037037037035,0.02816242357607071,0.03753898820736746,0.03424657534246575,0.07387848582704838,0.043190176264274564,0.046822742474916385
2023-07-05,2,3.0,2.71560428387556,2.8059978590573564,1.1603231514530792,2.404548057391064,0.01965651382572298,0.03518164134853922,0.03361344537815126,0.011842052946706035,0.02495455964713162,0.0,0.01581438349381025,0.033285730576692034,0.03424657534246575,0.010073262991120309,0.050103696213194576,0.01818181818181818
2023-07-06,2,2.0,2.2284971381113685,2.5177202887775847,1.5130500764125197,2.085407725771599,0.007791097967127716,0.030317436350085235,0.0,0.02574437863225778,0.033913434596799005,0.03968253968253968,0.00832803396402288,0.029143562494022793,0.0,0.0055473885242127,0.052312191208066045,0.0
2023-07-07,2,6.0,3.4894872456991144,2.816021013603535,1.7241592242985315,3.136421641418998,0.05520362394147277,0.04165010076030404,0.04864864864864865,0.0360757245867316,0.03877805175163786,0.03968253968253968,0.04590963009285825,0.04161018394387352,0.05084745762711865,0.010268140798250357,0.050034063106448506,0.01818181818181818
2023-07-08,2,5.0,3.8490117619874082,3.2167189873216824,1.8340747072870718,3.4460243510473414,0.07899822904388162,0.044238492631798326,0.04864864864864865,0.04191007642930301,0.041169350914114104,0.03968253968253968,0.06419250934873048,0.04470409372346542,0.05084745762711865,0.020524298199290927,0.0475666536273537,0.046822742474916385
2023-07-09,2,4.0,2.524471824003081,2.9083956245809546,1.1985313317654018,2.2592837255555454,0.01412192164962598,0.033355709457929775,0.03361344537815126,0.01310794462399481,0.025974303694924435,0.0,0.01201473865859106,0.0314415635449257,0.0,0.01219600587926376,0.04941222853634085,0.01818181818181818
2023-07-10,2,3.0,2.2611167138967967,3.060593749841683,1.0043545656324038,2.0097642842439183,0.008365912386407541,0.030665546868841712,0.0,0.007355589432204064,0.02068322634030066,0.0,0.00699761464037937,0.028112557263372705,0.0,0.015923812967225174,0.048460163605107874,0.046822742474916385
2023-07-11,2,5.0,3.129616193404257,2.94497598807129,1.4855634619709055,2.8008056471175866,0.03597870748762136,0.038811158465161553,0.037037037037037035,0.02449721910516742,0.033252837489935926,0.03968253968253968,0.02978749663075679,0.037982752996838384,0.03424657534246575,0.013027470273769565,0.04917549159990408,0.01818181818181818
2023-07-12,2,2.0,2.5011986888067965,2.524985692305775,0.9632424431178264,2.1936074396690026,0.013528935474937923,0.033126327666807516,0.03361344537815126,0.0063614730444159625,0.019532377567008808,0.0,0.010515553248303807,0.03058528153568081,0.0,0.0056379775673754745,0.05225115032185646,0.0
2023-07-13,2,2.0,2.1127403160997,2.7856831233316015,1.0849417521029918,1.9071806033003582,0.005974769682763377,0.029054354505055394,0.0,0.009534465945717352,0.022910716231301108,0.0,0.005438384246180605,0.026683958180186092,0.0,0.009686613305502662,0.05024617564755881,0.01818181818181818
2023-07-14,2,1.0,2.191347251374304,2.6618333493840467,0.9624154984660851,1.9455609007926602,0.00717086501480154,0.02991682668404727,0.0,0.006342298911034051,0.019509141878677073,0.0,0.00598988372100643,0.027222540597835333,0.0,0.007560749483689316,0.05115587804007165,0.01818181818181818
2023-07-15,2,5.0,1.8258636084500453,2.9125231577071586,0.9336860046505118,1.6474280876901386,0.002799057040175268,0.02572948919686435,0.0,0.005696335752433781,0.01869998411030863,0.0,0.002604501448136456,0.022912621874999314,0.0,0.012287847628370452,0.04938525439709269,0.01818181818181818
2023-07-16,2,8.0,2.312340219930052,2.8114527764567425,0.8899920289388206,2.0278705817318055,0.009327265487405664,0.031205404686295252,0.0,0.004789149461883353,0.01746321701103004,0.0,0.007301694083617467,0.02836107599165728,0.0,0.010178982776769933,0.0500657456018739,0.01818181818181818
2023-07-17,2,3.0,2.7696439914772886,2.752149906980344,1.798879386819812,2.575491070545793,0.02144349104384766,0.03567982563408219,0.03361344537815126,0.040012207139281664,0.040413834311356756,0.03968253968253968,0.021178862774301935,0.035370272773040966,0.03424657534246575,0.009072358255889382,0.050485396459095264,0.01818181818181818
2023-07-18,2,2.0,2.550842876382549,2.9887132868096167,1.0066979765941164,2.2420138964248624,0.014814591179594676,0.03361373614459119,0.03361344537815126,0.00741466161999373,0.020748554189344005,0.0,0.011607635462725256,0.03121777082446373,0.0,0.014074344774235348,0.04889915053029977,0.01818181818181818
2023-07-19,2,6.0,2.907965933750448,2.761612583444976,1.2127855753116878,2.568929862062696,0.026480761574695123,0.036920540434171104,0.03361344537815126,0.013596361236716297,0.02635181668347967,0.0,0.020954626095751234,0.0352919301913447,0.03424657534246575,0.00924270468698438,0.05041737527304274,0.01818181818181818
2023-07-20,2,7.0,4.729757299240249,4.4520102866338,3.6052673294263835,4.504859305277476,0.15388694918531115,0.04975634262164899,0.04864864864864865,0.1508418582166746,0.06991460418161938,0.08333333333333333,0.14727628819622576,0.053821874600765915,0.05084745762711865,0.09076090037169642,0.04249485633557672,0.046822742474916385
2023-07-24,2,5.0,2.723102548924606,3.007465962280444,1.0598772065443398,2.390457480448553,0.019898485773194825,0.035251230199243366,0.03361344537815126,0.008824430307353555,0.02222231480536325,0.0,0.01541586876106167,0.033109814632094794,0.03424657534246575,0.014541180440736112,0.048782840297094655,0.01818181818181818
2023-07-25,2,5.0,3.889952470482509,3.484082920687903,1.9060339064597833,3.493168757677964,0.08198413075530085,0.04451927387990135,0.04864864864864865,0.04586999768884888,0.04268494521277477,0.05263157894736842,0.06724955864782813,0.04515580902954209,0.05084745762711865,0.03042236024500089,0.04620231256640478,0.046822742474916385
2023-07-26,2,1.0,2.9579650968483997,3.2429610361663364,1.3727383882547126,2.6409197551296626,0.028468431784951856,0.03735723150098493,0.03361344537815126,0.019648136335291864,0.030474281764894577,0.037037037037037035,0.023496298345602046,0.036144380448914,0.03424657534246575,0.02137972105949539,0.0474239551650529,0.046822742474916385
2023-07-27,2,2.0,1.719606110480177,2.8513946257470795,1.49610422427215,1.6749057332385717,0.002023298388318218,0.024424619441518296,0.0,0.024972574353744666,0.03350692119800499,0.03968253968253968,0.002836886862070862,0.023321736055896936,0.0,0.010977965088048824,0.04979175569034588,0.01818181818181818
2023-07-28,2,1.0,2.3896629873951283,2.8753023598934595,0.8202491602329333,2.075780221962689,0.010919286361386837,0.032004894806019715,0.0,0.003528251528776195,0.015479336013956242,0.0,0.00814983957290345,0.029013398708610524,0.0,0.011477526651637471,0.04963096038046436,0.01818181818181818
2023-08-01,2,2.0,2.694429827595573,2.850728501961945,1.0612750839742393,2.367798878871306,0.018983531459897,0.03498431396547061,0.03361344537815126,0.008863266025308524,0.022260816975120265,0.0,0.014788698985689876,0.032825602623958,0.03424657534246575,0.010964277037473096,0.04979626975845283,0.01818181818181818
2023-08-02,2,6.0,2.61322173570912,3.2081634467476032,0.9303577485862269,2.2766489382845414,0.016542243263528707,0.03421620722803759,0.03361344537815126,0.005624039374601001,0.01860601894327225,0.0,0.012433482202088678,0.03166561068181068,0.0,0.020250650107569913,0.047613622854822985,0.046822742474916385
2023-08-03,2,3.0,2.4667613609940116,3.140191345421242,1.3680506021964323,2.247019209234496,0.012682581963217995,0.03278401366305423,0.03361344537815126,0.019456546210521394,0.03035650173668494,0.037037037037037035,0.011724671827960335,0.03128273298773245,0.0,0.018166579707796015,0.04799481144359197,0.046822742474916385
2023-08-04,2,1.0,2.8290596431927866,3.3787845955047637,1.447438135227555,2.5527353415997402,0.023524862471781042,0.03621874623750352,0.03361344537815126,0.022808900437560505,0.032325987460838174,0.03968253968253968,0.02040749190401128,0.03509800098405207,0.03424657534246575,0.026205053844133533,0.04671682522382945,0.046822742474916385
2023-08-05,2,2.0,2.6276737202441716,2.6384854396603887,1.4734216545691248,2.3968233071091625,0.016960650146989505,0.034354230034137734,0.03361344537815126,0.02395422168853266,0.03295899748568196,0.03968253968253968,0.01559509955675402,0.03318936798028361,0.03424657534246575,0.007202453031433567,0.05133572262954384,0.01818181818181818
2023-08-06,2,3.0,2.4757222878455716,2.962724885118477,1.3110456558325674,2.2427869614429707,0.012899268071573012,0.03287342189680221,0.03361344537815126,0.017193521474797736,0.028909441181856115,0.037037037037037035,0.011625660866473276,0.03122780951092088,0.0,0.013445290323273169,0.04906248353444815,0.01818181818181818
2023-08-09,2,1.0,3.602806744944332,2.886995417952787,2.9135724277546773,3.464959881506401,0.06222156170722797,0.0424907806108609,0.04864864864864865,0.10748438201960865,0.060464711314826496,0.05434782608695652,0.0654119850760626,0.0448861143429168,0.05084745762711865,0.011727781403988835,0.04955317038080775,0.01818181818181818
2023-08-10,2,5.0,3.1108215572885456,4.3962647284832235,1.2817174397020075,2.745000733771238,0.03510420916607064,0.03865528272922971,0.037037037037037035,0.01607864147402143,0.02815435414297552,0.037037037037037035,0.027489862618468783,0.03734954979495397,0.03424657534246575,0.08619293028869301,0.04266953270056193,0.046822742474916385
2023-08-11,2,5.0,2.4577456505596333,3.0177295427188504,1.4443961912295737,2.2550757586936214,0.012467068502683113,0.03269381985381523,0.0,0.022676325505768424,0.032251505724636975,0.03968253968253968,0.01191468838393485,0.03138712401257118,0.0,0.014801326946038456,0.048719722412807254,0.046822742474916385
2023-08-12,2,2.0,2.638324385075388,3.034029872960601,1.4590351510818729,2.402466538276685,0.017273421227186222,0.03445557762518479,0.03361344537815126,0.0233172437040043,0.03260922014490357,0.03968253968253968,0.015755101333456707,0.033259783281353934,0.03424657534246575,0.015221296868598265,0.04862025517839964,0.046822742474916385
2023-08-13,2,1.0,2.5430856587619837,3.1189491896671155,1.0406168838636876,2.2425919037823245,0.014608534862018107,0.033538043084229134,0.03361344537815126,0.008298580293820586,0.021690549118147443,0.0,0.011621110998635532,0.03122527676136279,0.0,0.017547522975646844,0.04811694584931606,0.046822742474916385
2023-08-14,2,1.0,2.6053809470602665,2.6401569014201938,1.433447692499433,2.3709942961481,0.01631811709588477,0.034141080692365156,0.03361344537815126,0.022201821821159835,0.03198278347160991,0.03968253968253968,0.014876128158479324,0.03286578283845603,0.03424657534246575,0.0072276745700690335,0.051322755359875884,0.01818181818181818
2023-08-15,2,4.0,2.8330611819584113,3.013911729077203,1.9081604653117599,2.6480810386290807,0.02366947311638979,0.0362547147311912,0.03361344537815126,0.04598856029752698,0.04272914924214141,0.05263157894736842,0.023758958673945764,0.03622832710129161,0.03424657534246575,0.014704172924812738,0.04874315649953171,0.046822742474916385
2023-08-16,2,1.0,3.5394042036031683,5.293687991157178,1.4187389508176689,3.1152711530460686,0.0582391009393549,0.04202337059299498,0.04864864864864865,0.02157096294170188,0.03162016910888669,0.03968253968253968,0.04477796618563257,0.04139033803472853,0.05084745762711865,0.17483411506331337,0.04023816172253537,0.046822742474916385
2023-08-17,2,6.0,3.2283291230288342,3.0292607862813714,1.6421671700604352,2.911096732435155,0.04078333084387746,0.039616963862254426,0.04864864864864865,0.03191487322869224,0.036932059047405104,0.03968253968253968,0.03465070387467033,0.039208336766833066,0.03424657534246575,0.015097554577334277,0.048649259145832506,0.046822742474916385
2023-08-18,2,4.0,3.0446676568446502,2.777164142105247,2.06462468453617,2.8486590623829544,0.032128407423518655,0.03810021541673739,0.03361344537815126,0.05492624359447113,0.04589257722708155,0.05434782608695652,0.031844993931045104,0.03851868159131646,0.03424657534246575,0.009527755948365366,0.05030646849208926,0.01818181818181818
2023-08-19,2,5.0,3.981569769965345,4.887428840967038,3.64372591109414,3.914000998191104,0.0888606663460285,0.045138020392682714,0.04864864864864865,0.15320075763912627,0.0703916103109522,0.08333333333333333,0.09745500650418633,0.04898361707234907,0.05084745762711865,0.13087845706597062,0.041247426088089144,0.046822742474916385
2023-08-20,2,3.0,4.941435365715929,4.852165424629635,3.1320177551236297,4.57955184359747,0.17463140783881997,0.05094325963511976,0.04864864864864865,0.12131516645080719,0.06364268616921573,0.06666666666666667,0.15405810778699716,0.05439535495317754,0.05084745762711865,0.12734678502028177,0.041341472367074944,0.046822742474916385
2023-08-21,2,3.0,3.745351699079299,4.146562448008882,2.908019755086273,3.5778853102806942,0.071684720963313,0.04351529565277983,0.04864864864864865,0.10713226100920346,0.06038131789137637,0.05434782608695652,0.07291601334445894,0.04595538589855067,0.05084745762711865,0.06737434114872032,0.04350113930483469,0.046822742474916385
2023-08-22,2,2.0,3.4458597327793723,3.8400709212512574,1.0259855355935312,2.961884893342204,0.05262334637412521,0.04131996315908793,0.04864864864864865,0.007910673805670796,0.021285044660636642,0.0,0.03703393813596491,0.03976144184413583,0.044487624547654606,0.047971597098150645,0.044648986588235545,0.046822742474916385
2023-08-23,2,5.0,3.0981507476487806,2.774990632771323,1.9898879487263563,2.876498187864296,0.03452191094424103,0.038549744418512895,0.037037037037037035,0.0506067395312744,0.04440313419518672,0.05263157894736842,0.033079039309666367,0.03882751088340643,0.03424657534246575,0.009487533683689818,0.05032190343489453,0.01818181818181818
2023-08-25,2,3.0,2.7160315843840483,2.8028703359796805,1.0721606805918982,2.3872574036256182,0.019670251480476124,0.035185611020801026,0.03361344537815126,0.009168781080826686,0.0225602045733339,0.0,0.015326273283315907,0.03306977471361816,0.03424657534246575,0.010013013365042513,0.050125513311717954,0.01818181818181818
2023-08-26,2,5.0,2.8987853629773954,2.7645937312011815,1.2039236268005378,2.5598130157420242,0.026125501590413186,0.03683968966242065,0.03361344537815126,0.013291687621503342,0.026117303536021257,0.0,0.020645504549884328,0.03518285465423184,0.03424657534246575,0.009296855132897875,0.05039603028605895,0.01818181818181818
2023-08-27,2,2.0,2.988642210342129,3.3349960079860232,1.3625125866934547,2.663416285612394,0.029732382704058605,0.03762216014925903,0.03361344537815126,0.01923126519269265,0.030217120494073966,0.037037037037037035,0.02432742752241853,0.03640757760677154,0.03424657534246575,0.024575283607636066,0.04693922958403616,0.046822742474916385
2023-08-28,2,2.0,3.212864500700091,3.1700908645389703,1.258893311664615,2.822070262892996,0.04000713148951401,0.03949213281205131,0.04187568919263732,0.01523497559644545,0.027561799011439913,0.0,0.030691837045862657,0.03822170037056243,0.03424657534246575,0.019063777449157358,0.047825354193662406,0.046822742474916385
2023-08-29,2,5.0,2.5558462834867344,2.750024171388415,1.3306029489404614,2.3107976165774797,0.014948520595449193,0.03366246694052349,0.03361344537815126,0.017955835341513807,0.029408977362280857,0.037037037037037035,0.013284688113981497,0.03210333866370477,0.0,0.009034411052131031,0.05050073346524364,0.01818181818181818
2023-08-30,2,3.0,3.515253638342604,2.7916702502185475,1.1227456086321315,3.0367520324005097,0.056759442472856456,0.0418433653762971,0.04864864864864865,0.010659759410761782,0.02394084678669816,0.0,0.04071164945286825,0.040564178162689535,0.05084745762711865,0.009799414779872865,0.050203995195128234,0.01818181818181818
2023-08-31,2,8.0,2.2938388068812197,2.90607428948486,1.4769718684241069,2.130465419189797,0.00897163368696163,0.03101136383534871,0.0,0.02411248329139526,0.033045044009300285,0.03968253968253968,0.009197281098913523,0.029748650171749946,0.0,0.012144572720601215,0.04942742849381705,0.01818181818181818
2023-09-01,2,2.0,2.2188918647004723,2.799982997787226,1.030763363731527,1.9812661645066834,0.007627257923474257,0.030214282663970093,0.0,0.008036242393886351,0.02141760386224699,0.0,0.00653689282990978,0.02771919513391419,0.0,0.009957625398014359,0.05014569290098756,0.01818181818181818
2023-09-02,2,3.0,2.9262388852073817,2.8497215505039946,1.6138928806273314,2.6637696842913714,0.027196814665198285,0.03708084578309491,0.03361344537815126,0.030521851785487403,0.03628283724789391,0.03968253968253968,0.024340624409052974,0.036411700172873276,0.03424657534246575,0.010943608994662662,0.049803097008054326,0.01818181818181818
2023-09-03,2,4.0,2.929541822459525,3.0294241162648534,1.404982267888872,2.6246299115453944,0.027327518210235335,0.03710973423670128,0.03361344537815126,0.02098789255097907,0.031279365565706194,0.03968253968253968,0.022905461150670846,0.035952855107347186,0.03424657534246575,0.015101780541714497,0.0486482644956044,0.046822742474916385
2023-09-04,2,1.0,1.6157374414353274,2.549199837754711,0.5218888506092119,1.3969677232701043,0.0014330967895400104,0.023109582855494304,0.0,0.0005134796382663529,0.007217167892748371,0.0,0.0010777155840434912,0.01908188961836354,0.0,0.005947949108919577,0.05204990010615701,0.0
2023-09-05,2,4.0,2.919707375514695,3.9777694333382683,2.1736545686582516,2.7704968141434065,0.02693949846748001,0.03702364044088932,0.03361344537815126,0.06136913615292238,0.04799763165866214,0.05434782608695652,0.028526020493798366,0.03763995481732156,0.03424657534246575,0.056186469067227546,0.04411418132065248,0.046822742474916385
2023-09-06,2,4.0,2.766253652512039,3.298970168114029,1.006754273542381,2.4143537767181074,0.02132842545629494,0.035648797288873144,0.03361344537815126,0.007416083924679939,0.02075012321466108,0.0,0.016095578258457845,0.03340777931669228,0.03424657534246575,0.023287739504321333,0.04712611811673931,0.046822742474916385
2023-09-07,2,4.0,3.287188026842576,3.2308914534039372,1.1572063523452643,2.8611916919431137,0.04381735879768999,0.04008739965630314,0.04864864864864865,0.011741605021765541,0.02487088037371229,0.0,0.03239716210073673,0.03865797736159717,0.03424657534246575,0.020983261867917977,0.04748933223334908,0.046822742474916385
2023-09-08,2,2.0,2.964535804603962,2.639775316702014,1.0316602509740784,2.5779606938779853,0.028736306588533916,0.03741416709667455,0.03361344537815126,0.008059933120772446,0.0214424723776546,0.0,0.021263648716228982,0.035399726783054454,0.03424657534246575,0.007221910859569129,0.05132571444664401,0.01818181818181818
2023-09-09,2,1.0,3.144895978444016,3.6781108249913665,2.028476240208516,2.9216120307969162,0.036699154456522304,0.03893729797346348,0.037037037037037035,0.05282627771615547,0.045177004927748246,0.05434782608695652,0.035136704385961094,0.03932342793419422,0.03424657534246575,0.039340435691349755,0.04532280026579925,0.046822742474916385
2023-09-10,2,3.0,3.027989775072124,3.9017304508601844,1.9011916750547033,2.80263015506864,0.03140327373492406,0.03795867934693915,0.03361344537815126,0.04560034542811904,0.042584167372612135,0.05263157894736842,0.02986446514920524,0.038003304971368314,0.03424657534246575,0.0515494612800487,0.04440541985803764,0.046822742474916385
2023-09-11,2,4.0,2.5077488788553586,3.2185595236495095,0.9068462506467188,2.1875683532136305,0.013694105819388111,0.03319104570015751,0.03361344537815126,0.0051283309494746685,0.01794104415163376,0.0,0.01038431695740642,0.030505833001040462,0.0,0.020583503037747773,0.04755657810124834,0.046822742474916385
2023-09-12,2,1.0,2.5051803006522912,2.981944070550227,1.7699219206448342,2.3581286246508,0.013629175709640552,0.033165682170214726,0.03361344537815126,0.038471217876895475,0.039785071271370806,0.03968253968253968,0.014526140236109845,0.032703806486631216,0.03424657534246575,0.013908501641533568,0.048941452196367904,0.01818181818181818
2023-09-13,2,1.0,3.0910063223163933,2.9959737578213756,1.2962681782808017,2.732058693509275,0.03419616017326849,0.038490075570440596,0.03361344537815126,0.01662748710566481,0.028529872415188888,0.037037037037037035,0.026972634096709608,0.037201419044933626,0.03424657534246575,0.014253795073079311,0.04885396636903403,0.01818181818181818
2023-09-14,2,5.0,2.966735409461304,3.1467653520823697,1.3277313545843739,2.638934598485918,0.02882632689942028,0.037433203509309496,0.03361344537815126,0.017842972105002342,0.029335831292202477,0.037037037037037035,0.023423802853658835,0.03612108276050372,0.03424657534246575,0.018361242267062868,0.04795730879867423,0.046822742474916385
2023-09-15,2,3.0,3.2457162470447045,2.7508190364016443,1.5497621894607088,2.9065254355279055,0.041666445976945674,0.039756699159444124,0.04864864864864865,0.02744781494967062,0.03478584076489002,0.03968253968253968,0.03444063697536909,0.039158209133040585,0.03424657534246575,0.009048586741400504,0.050494996147868905,0.01818181818181818
2023-09-16,2,4.0,3.7403828923953943,3.4995515472200447,1.8373965565871464,3.359785625233745,0.07134317611450092,0.043480178019746504,0.04864864864864865,0.04209057011641756,0.04124017117725398,0.03968253968253968,0.05878313168758589,0.043864919900100684,0.05084745762711865,0.031078096664526978,0.04612903942604611,0.046822742474916385
2023-09-19,2,2.0,3.071152109719554,3.7044523181529,1.3534773810823757,2.7276171639921185,0.03330065785197865,0.03832364329751504,0.03361344537815126,0.018866197008978413,0.02998916575164801,0.037037037037037035,0.026796482937309178,0.03715047058436747,0.03424657534246575,0.040669449187545594,0.04520968189691711,0.046822742474916385
2023-09-20,2,3.0,2.89010122837568,3.372869864338764,0.976684842328069,2.507417951166158,0.025792212949057685,0.03676301829799406,0.03361344537815126,0.006677710300779022,0.01990962240411307,0.0,0.018924119790814688,0.03455104612463626,0.03424657534246575,0.0259807181583371,0.04674656786579551,0.046822742474916385
2023-09-21,2,3.0,3.45084495927759,3.8151490589231782,2.0807495080063525,3.1768258690233426,0.05291474078500409,0.04135787383835171,0.04864864864864865,0.055869119355049714,0.046208895087322704,0.05434782608695652,0.048114005493288384,0.0420270371820822,0.05084745762711865,0.04657149157858245,0.04474939110521745,0.046822742474916385
2023-09-22,2,2.0,3.239777048138585,3.6139108794346146,1.352313066847608,2.8622842518803897,0.041363545880594016,0.0397090403583051,0.04864864864864865,0.018819377133580194,0.02995974045525478,0.037037037037037035,0.03244556051339397,0.03867010003821286,0.03424657534246575,0.03622109865990144,0.04560457523192813,0.046822742474916385
2023-09-23,2,1.0,2.9274346360297927,3.0864465046395333,1.6636156708733996,2.674670842998514,0.027244087756633378,0.037091307258609964,0.03361344537815126,0.032986279902622276,0.037420195957673485,0.03968253968253968,0.024749843656266066,0.03653868565382188,0.03424657534246575,0.0166293757944717,0.048306696287066006,0.046822742474916385
2023-09-26,2,5.0,3.035464855829886,3.094542901280398,0.6456884812312638,2.5575095809101613,0.03172703423280183,0.03802219679629093,0.03361344537815126,0.0013367247888867737,0.010546243649353358,0.0,0.0205678545102328,0.03515525577956809,0.03424657534246575,0.016854824816784082,0.04825910032174142,0.046822742474916385
2023-09-27,2,10.0,3.214993018566985,3.2594942450134656,1.4966407546536884,2.8713225657843258,0.04011344791504494,0.03950934495904918,0.046388192123020464,0.024996867750662188,0.03351982911228105,0.03968253968253968,0.032847552200979985,0.03877025886199722,0.03424657534246575,0.021931212228486086,0.047335095597144064,0.046822742474916385
2023-09-28,2,2.0,2.8694952549588395,3.878429370896375,1.516638446519711,2.598923893271014,0.025012091198522202,0.03658033696572833,0.03361344537815126,0.02590900038145916,0.03399920561071373,0.03968253968253968,0.021991815153144786,0.03564899905306469,0.03424657534246575,0.05017827584711392,0.04449666495880299,0.046822742474916385
2023-09-29,2,1.0,3.5238201210171356,3.8408854207858023,1.5848798434416196,3.136032065502033,0.05728192832325661,0.04190734084026601,0.04864864864864865,0.02911608337525192,0.03560981463904947,0.03968253968253968,0.04588864704851787,0.04160614475851055,0.05084745762711865,0.048017801285563634,0.04464572446982726,0.046822742474916385
2023-09-30,2,2.0,2.347920706837409,3.331109393717965,1.0891154855559486,2.0961596625811167,0.01003840722062031,0.03157557782439449,0.0,0.009655506927124176,0.02302493791397528,0.0,0.008530155297946627,0.02928856447716406,0.0,0.024434077799873062,0.04695921970828424,0.046822742474916385
2023-10-01,2,2.0,3.099111970026895,2.7508492623211875,1.8596017700758227,2.851209930036681,0.0345658798027405,0.03855776347574723,0.037037037037037035,0.043302970523065656,0.041711433337815164,0.05263157894736842,0.031956933170223155,0.0385470691124831,0.03424657534246575,0.009049126116009191,0.05049477803523977,0.01818181818181818
2023-10-02,2,2.0,2.8892732532134406,2.757218465213485,1.1976833614754019,2.550955274865833,0.02576057606507697,0.03675569838555789,0.03361344537815126,0.013079163526021327,0.025951795285091988,0.0,0.020347900995267815,0.03507663577348887,0.03424657534246575,0.009163312068493143,0.050448910895652864,0.01818181818181818
2023-10-03,2,4.0,2.533283000077132,2.918403655936033,1.2741189363496712,2.28145018733164,0.014350894246739004,0.03344214439566088,0.03361344537815126,0.015795418827307093,0.02795755950287402,0.0,0.012550930843071892,0.031727383376357575,0.0,0.01241955756146292,0.049346940385503316,0.01818181818181818
2023-10-04,2,3.0,2.48584944824168,3.055593435898498,1.0417570476897313,2.1970309681312905,0.013147147867268684,0.03297418226210344,0.03361344537815126,0.008329228471231787,0.02172209342573049,0.0,0.010590440293614018,0.030630267165344897,0.0,0.015789844988116173,0.048490111040794454,0.046822742474916385
2023-10-05,2,6.0,2.4821451046924894,2.902576843207088,1.0943686014653822,2.204589804047068,0.01305610835641952,0.03293736072222457,0.03361344537815126,0.009808983707595975,0.02316852863324673,0.0,0.01075704288721648,0.03072945466816545,0.0,0.012067377655594248,0.04945036996254825,0.01818181818181818
2023-10-06,2,4.0,2.7983748114307034,3.1196131531469535,1.4110031168406472,2.5209004725126922,0.022434590138912615,0.03594156509851394,0.03361344537815126,0.021242249824887132,0.03142872155778301,0.03968253968253968,0.01935812492668001,0.034714434169405985,0.03424657534246575,0.017566643958212263,0.04811310606097098,0.046822742474916385
2023-10-07,2,1.0,3.035355311383097,3.102615229149582,1.7905402947359166,2.786392308053661,0.03172227502742578,0.03802126691811113,0.03361344537815126,0.039566498655292354,0.040233430657416344,0.03968253968253968,0.029183573811427773,0.03782006261933796,0.03424657534246575,0.017081750792541574,0.04821186437004689,0.046822742474916385
2023-10-08,2,1.0,3.1557639275620186,3.4566927325224137,1.7124623923718931,2.8671036205239933,0.0372167649955434,0.03902669897497555,0.037037037037037035,0.03547158651157952,0.03851800481420649,0.03968253968253968,0.03265955100754501,0.03872353451016896,0.03424657534246575,0.02928420696987725,0.04633347808553765,0.046822742474916385
2023-10-09,2,4.0,3.3030330673777044,3.4206077852239813,1.7338942494836476,2.9892053037988933,0.04465569615753067,0.04021279447886787,0.04864864864864865,0.03658110615266194,0.03899365528977201,0.03968253968253968,0.03835332978210215,0.040056098621461825,0.05084745762711865,0.027829145372721176,0.04650911363036768,0.046822742474916385
2023-10-10,2,1.0,4.291173396074088,3.305581919990207,1.9477342412805696,3.8224855651153846,0.11397796486844207,0.04713729854637924,0.04864864864864865,0.04821009900203035,0.043545730682208995,0.05263157894736842,0.09046405923727562,0.04818088366232119,0.05084745762711865,0.023520471584353487,0.0470915488650124,0.046822742474916385
2023-10-11,2,4.0,3.5288521518349683,3.5323014958759105,0.8598660325689513,2.995054927981765,0.057590054791989614,0.041944856162081025,0.04864864864864865,0.004216413581456785,0.016607257177172607,0.0,0.03863921857283948,0.040118929408045366,0.05084745762711865,0.03249754550269149,0.04597578029221492,0.046822742474916385
2023-10-16,2,3.0,3.7049463426412625,3.854182547169706,1.6276628772737909,3.289489649567768,0.06893159705470822,0.04322849977075685,0.04864864864864865,0.031197482566406018,0.03659983622753803,0.03968253968253968,0.05455226997686682,0.04316822171405424,0.05084745762711865,0.04877610627309658,0.044592639920477524,0.046822742474916385
2023-10-17,2,1.0,3.4666243605469567,3.854947989662755,2.0404856553761004,3.181396619512786,0.05384294380220672,0.04147755159278605,0.04864864864864865,0.053521776303565693,0.04541573279192558,0.05434782608695652,0.04836687804479286,0.04207393797307273,0.05084745762711865,0.048819987209586364,0.04458959392039259,0.046822742474916385
2023-10-18,2,1.0,3.1363193705503782,3.2884708736818955,2.5174786464600087,3.012551225732304,0.03629371613834492,0.038866559728935955,0.037037037037037035,0.0824678162093567,0.05415416513860911,0.05434782608695652,0.039501443445147416,0.04030631573994306,0.05084745762711865,0.0229214410733906,0.04718126584888566,0.046822742474916385
2023-10-19,2,7.0,3.402818505566231,3.713632266769594,1.8755817589386083,3.0973711562407065,0.05014466685819385,0.040990623617959854,0.04864864864864865,0.0441816663959825,0.042048284822016405,0.05263157894736842,0.04383223018816055,0.04120339225250069,0.05084745762711865,0.04113937609826661,0.0451705928646798,0.046822742474916385
2023-10-20,2,5.0,3.3495308523281495,3.977633524638491,1.7391472736885234,3.0274541366002246,0.04716852278917734,0.040577767513197915,0.04864864864864865,0.036854768388819084,0.03910968363590056,0.03968253968253968,0.04024427986561937,0.040465289843830195,0.05084745762711865,0.056177958606512916,0.04411469317247554,0.046822742474916385
2023-10-21,2,2.0,3.39621896721828,3.498321022793141,1.858374788602126,3.0886501314950494,0.049770509964890165,0.04093980170918955,0.04864864864864865,0.043235714108741524,0.04168549000767368,0.05263157894736842,0.04337545882375033,0.04111201446271062,0.05084745762711865,0.03102558887112955,0.046134847304858624,0.046822742474916385
2023-10-22,2,2.0,3.259278041439312,3.689508470910199,2.1372356799639185,3.0348695691442336,0.0423629226894438,0.03986524311761166,0.04864864864864865,0.059200027704755444,0.04730321798376455,0.05434782608695652,0.040616782547799435,0.04054417538301422,0.05084745762711865,0.039911954349663395,0.04527368058647141,0.046822742474916385
2023-10-23,2,4.0,3.6280721198555677,3.494655336439118,2.057283752718802,3.3139144464282144,0.0638477629189465,0.04267499339759741,0.04864864864864865,0.054498226153707786,0.04574798585891676,0.05434782608695652,0.05600390573836193,0.04341160607193444,0.05084745762711865,0.03086952308364118,0.04615217018712871,0.046822742474916385
2023-10-24,2,2.0,3.4829991441551185,3.936961554040675,1.6978714376804884,3.1259736028601925,0.05481558878281861,0.04160123626405507,0.04864864864864865,0.03472277111645159,0.03819208607472564,0.03968253968253968,0.045348686240519735,0.041501724537895794,0.05084745762711865,0.053666955173870566,0.04426925656149857,0.046822742474916385
2023-10-25,2,1.0,3.8042240209973257,4.01945886509347,1.3264416227112577,3.308667541340112,0.07579454930007792,0.04392821272057383,0.04864864864864865,0.01779238534842703,0.029302956358255618,0.037037037037037035,0.05569040653742424,0.04335944117799681,0.05084745762711865,0.058834741556508426,0.04395860094662373,0.046822742474916385
2023-10-26,2,6.0,3.7308599690077893,3.5649110335452745,1.39069351314551,3.262826677835333,0.07069092326333822,0.04341275590865624,0.04864864864864865,0.02038949101965822,0.030923682151048255,0.03765084959283045,0.052990180956609546,0.042900918963521946,0.05084745762711865,0.03395328182074598,0.04582565340191517,0.046822742474916385
2023-10-27,2,6.0,3.9167665188383687,3.3355577428927274,2.4532006806045983,3.6240533511916144,0.08396908604922346,0.044701722605620976,0.04864864864864865,0.07845724800075615,0.05305509412915056,0.05434782608695652,0.0760956176608395,0.04638472561281209,0.05084745762711865,0.024595738429550106,0.046936343807582416,0.046822742474916385
2023-10-28,2,3.0,5.074297824570125,5.1622870045110565,2.5433831061247245,4.568114880881045,0.18805135017923125,0.05166549670000359,0.04864864864864865,0.08409009896539422,0.05459078489160257,0.05434782608695652,0.1530138204753119,0.05430804817992428,0.05084745762711865,0.15998752444936193,0.04055059316984803,0.046822742474916385
2023-10-29,2,2.0,3.1917907750106678,3.8314003282505364,1.6557941730082586,2.884591454610186,0.0389634529846147,0.03932119015768155,0.037037037037037035,0.032594135532825044,0.03724262323691152,0.03968253968253968,0.03344291091136972,0.038916888884328774,0.03424657534246575,0.04748148983895589,0.04468378829288178,0.046822742474916385
2023-10-30,2,6.0,2.795410446386302,3.0504124338963106,1.8495870610981353,2.6062457693286687,0.022331004084049158,0.03591465886646997,0.03361344537815126,0.04275491417572519,0.04149935117381667,0.03968253968253968,0.022249720009809966,0.035735749593583194,0.03424657534246575,0.015651884269794806,0.04852123205465404,0.046822742474916385
2023-10-31,2,2.0,2.9480992034165934,3.2197149344431555,1.3241542279549665,2.623310208324268,0.02806913108528206,0.03727154651956805,0.03361344537815126,0.0177028264394328,0.029244616944978253,0.037037037037037035,0.022857998565961487,0.03593730407559742,0.03424657534246575,0.020620730133320258,0.04755025831808189,0.046822742474916385
2023-11-01,2,5.0,2.9410847573084684,3.2380322423039827,1.2303749715008818,2.5989428001469514,0.027787360690652352,0.03721048238897658,0.03361344537815126,0.014210961186887335,0.02681542963589723,0.0,0.02199247873965728,0.03564922327278714,0.03424657534246575,0.021217197121455846,0.04745060078425742,0.046822742474916385
2023-11-02,2,3.0,2.5021583832582532,3.1796834185816523,0.7644864916432897,2.1546240049352607,0.013553051057090886,0.03313581756659351,0.03361344537815126,0.0026826771580621463,0.013891671344896094,0.0,0.009687673043150293,0.03007030783155856,0.0,0.01935809338598245,0.04777158514532578,0.046822742474916385
2023-11-03,2,3.0,2.7858903910551307,3.5964532174207653,0.8196005848214695,2.3926324298083985,0.02200040564693239,0.035828095345988346,0.03361344537815126,0.003517595094201345,0.015460860208204114,0.0,0.015476954874104077,0.03313700935306415,0.03424657534246575,0.03540198424663063,0.04568273086497566,0.046822742474916385
2023-11-04,2,6.0,2.865524998512947,3.3530136256836043,0.7780227287987254,2.448024544570103,0.02486350992835556,0.03654501649370264,0.03361344537815126,0.002874908725371093,0.014276737185431283,0.0,0.017085436393102303,0.033824553244414905,0.03424657534246575,0.025237210446349294,0.04684709498106173,0.046822742474916385
2023-11-06,2,3.0,3.1058374012323595,3.233023024632003,1.0723367485330115,2.69913727069249,0.034874460151317364,0.03861381197860651,0.037037037037037035,0.009173767567690796,0.022565040554989146,0.0,0.02568340092086452,0.0368224127465164,0.03424657534246575,0.02105290405523852,0.04747775480320246,0.046822742474916385
2023-11-07,2,5.0,3.594648340133095,3.584774101788798,1.2459317111969557,3.124905014345867,0.061701203970228206,0.04243104977195607,0.04864864864864865,0.01476537226132077,0.027223392459921232,0.0,0.04529152586546819,0.04149061615762108,0.05084745762711865,0.03486089423498692,0.04573539176810204,0.046822742474916385
2023-11-08,2,4.0,3.0813792331030143,3.7428965927160998,0.8744229632287328,2.6399879791281577,0.03376015027194447,0.0384094874011535,0.03361344537815126,0.004487801554871897,0.01702111867351029,0.0,0.023462253963854193,0.036133446643676875,0.03424657534246575,0.04266089331500463,0.04504711095682212,0.046822742474916385
2023-11-09,2,2.0,3.201692310253435,3.626552281633295,0.973300502705251,2.756013948743798,0.0394518085479681,0.039401628320543496,0.037037037037037035,0.006597285042854407,0.01981472846858655,0.0,0.027934636703921552,0.03747522212431088,0.03424657534246575,0.03682197158916079,0.045548396168207717,0.046822742474916385
2023-11-10,2,5.0,2.78221251880579,2.9900499345562075,0.7717940746005185,2.3801288299647356,0.021873529404156187,0.03579459024892173,0.03361344537815126,0.002785427490685729,0.01409950614966116,0.0,0.015127896093791861,0.032980463355843044,0.03424657534246575,0.014107259072022179,0.0488908176242992,0.01818181818181818
2023-11-11,2,2.0,3.7643848634904513,3.984146854330752,2.1352478174133336,3.4385574542750277,0.07300071447947562,0.043649427135043536,0.04864864864864865,0.05908209972424949,0.04726506557678348,0.05434782608695652,0.06371474492989929,0.0446320979139153,0.05084745762711865,0.05658671442560095,0.04409019734218907,0.046822742474916385
2023-11-12,2,2.0,3.208818837469885,3.7017901090478778,1.2693996552324898,2.820935001022406,0.03980551225871555,0.03945939070805035,0.037037037037037035,0.015620693899679393,0.027835094629982318,0.0,0.030643154584941438,0.03820897590615849,0.03424657534246575,0.040533824681619354,0.04522104976565648,0.046822742474916385
2023-11-13,2,4.0,3.2749035772466417,3.48061477580528,0.980120038793966,2.8159468695561065,0.043173698333803565,0.03998982083168639,0.04864864864864865,0.006759899368663871,0.020005883436971208,0.0,0.03042979031193232,0.038153023845397024,0.03424657534246575,0.03027662842355082,0.04621881978296548,0.046822742474916385
2023-11-14,2,6.0,3.3805244975613693,3.369786572633458,1.1543365988437424,2.935286917817844,0.04888703891724747,0.04081859175848753,0.04864864864864865,0.011649497952459866,0.024793768764183426,0.0,0.03577454297103363,0.03947265058893655,0.03424657534246575,0.025864296095536414,0.04676210903833973,0.046822742474916385
2023-11-15,2,1.0,3.4233377709581827,3.314606323278209,1.6387519602056835,3.066420608807683,0.05131802580154448,0.04114808662593113,0.04864864864864865,0.03174543126247659,0.036853987994549746,0.03968253968253968,0.042223048196272595,0.04087821291708635,0.05084745762711865,0.023840709925877838,0.04704456216061063,0.046822742474916385
2023-11-16,2,2.0,3.034282033310072,3.649979915081433,1.3936770538703085,2.7061610374221194,0.03167566900842787,0.03801215481116516,0.03361344537815126,0.020513826469342068,0.030998092969788442,0.03968253968253968,0.02595527208931398,0.0369035393367886,0.03424657534246575,0.03795279978099019,0.045445191010117035,0.046822742474916385
2023-11-17,2,3.0,3.365889625606613,4.148093228008664,2.3462656787130536,3.161964836227901,0.04807123909010471,0.04070511929146833,0.04864864864864865,0.07184249250848046,0.05117539103054048,0.05434782608695652,0.04729674318349028,0.04187418869886082,0.05084745762711865,0.06748146825758841,0.04349577851877262,0.046822742474916385
2023-11-18,2,4.0,2.990817739928327,2.9276838747051657,2.2181810971761986,2.836290411377901,0.029823305719268545,0.03764086236192804,0.03361344537815126,0.06404210341296179,0.04883504748344039,0.05434782608695652,0.03130547005262058,0.03838077794674009,0.03424657534246575,0.012629485874609247,0.0492867515182641,0.01818181818181818
2023-11-19,2,5.0,2.2898499536202293,2.9508400575916873,0.8799302634152165,2.0078660155792267,0.00889621337899487,0.03096938879501067,0.0,0.0045930862895970466,0.017177573404092077,0.0,0.00696624940606624,0.02808643930194074,0.0,0.013164463985083582,0.049138022288664034,0.01818181818181818
2023-11-22,2,2.0,3.1476583993663207,3.6385585098023006,0.847752677033652,2.687677254899787,0.03683031250921765,0.03896004690835984,0.037037037037037035,0.003998194397912715,0.016262574120409618,0.0,0.025243520017355105,0.03668973518993662,0.03424657534246575,0.03739869297410534,0.04549535894929284,0.046822742474916385
2023-11-23,2,1.0,2.774816062356708,4.259711836881913,0.3820873860187139,2.2962703270891094,0.02161979333881198,0.03572710237495166,0.03361344537815126,0.00010835263371118103,0.003888107544420677,0.0,0.012918054467511975,0.03191758608044363,0.0,0.07556722938769558,0.04311389968720387,0.046822742474916385
2023-11-24,2,9.0,2.969465476038758,3.672733874851832,1.1764940740474101,2.6108711956404886,0.02893829875001338,0.0374568145570367,0.03361344537815126,0.01237005919977371,0.02538752483368243,0.0,0.02241360136022793,0.035790468856440445,0.03424657534246575,0.03907268086466914,0.04534606623576781,0.046822742474916385
2023-11-25,2,6.0,2.9778444352439966,3.844483901160515,0.7839991818306382,2.5390753845613245,0.029283631124045067,0.03752916815536909,0.03361344537815126,0.0029624195176340927,0.01444685127536474,0.0,0.01995297903214449,0.03493379882133265,0.03424657534246575,0.048222270767742687,0.04463132687011631,0.046822742474916385
2023-11-26,2,5.0,2.4952455314839335,3.6786586320722265,1.2804417278893148,2.25228477076501,0.013379986626648153,0.03306740016699982,0.03361344537815126,0.016030928143663678,0.028121347611355537,0.03190399404830258,0.011848633277027763,0.0313509843950433,0.0,0.03936778176553075,0.04532043328018184,0.046822742474916385
2023-11-28,2,3.0,2.9648768830539263,3.2704258138217916,0.9456836338077987,2.561038233204701,0.028750254056051267,0.037417119714569035,0.03361344537815126,0.0059613217497929034,0.019038331301209268,0.0,0.020686881492361527,0.035197528132805043,0.03424657534246575,0.022301225424791203,0.04727677934565749,0.046822742474916385
2023-11-29,2,5.0,3.217442132450795,3.8940536368955567,1.6629584385838705,2.90654539367741,0.04023598225249245,0.039529137457799436,0.04864864864864865,0.032953265339579964,0.03740529380632455,0.03968253968253968,0.03444155252560546,0.03915842811320025,0.03424657534246575,0.05109513740055911,0.04443537589094567,0.046822742474916385
2023-11-30,2,2.0,2.978824548402481,3.727752793647049,1.0263921047043192,2.5883380596628487,0.02932419088594712,0.03753762056114422,0.03361344537815126,0.007921317426362085,0.021296330102396076,0.0,0.021622216292483752,0.03552329004568151,0.03424657534246575,0.041869067642735146,0.045110797617317726,0.046822742474916385
2023-12-01,2,5.0,3.438109223211442,3.57823792065937,0.8655481653335373,2.923597011635861,0.052172088025002,0.04126092726970451,0.04864864864864865,0.004321156611038217,0.016768854381878594,0.0,0.03522888273147052,0.03934511993701565,0.03424657534246575,0.034560479380958714,0.04576499573162707,0.046822742474916385
2023-12-02,2,7.0,3.9497603358554234,3.801241089210784,1.8462349138131209,3.529055251446963,0.08644300900093563,0.0449246708276714,0.04864864864864865,0.04257192605988363,0.04142819376059723,0.03968253968253968,0.06962303156320801,0.045496397328594215,0.05084745762711865,0.045801605462411736,0.0448059257238153,0.046822742474916385
2023-12-03,2,2.0,3.780004558885964,4.223701965692708,1.5295552925222302,3.3299147056132172,0.07408977743344401,0.04375904650649579,0.04864864864864865,0.02650497442554955,0.03430705441811881,0.03968253968253968,0.0569655010991271,0.04357028248047507,0.05084745762711865,0.07289950994757785,0.04323519234809334,0.046822742474916385
2023-12-04,2,4.0,3.3682425808744196,4.4164708213901935,1.439315559065834,2.9824571765127024,0.048201878256524194,0.040723392242186775,0.04864864864864865,0.02245561424972054,0.03212693199007372,0.03968253968253968,0.038025013377266374,0.039983503943161317,0.05084745762711865,0.0878333511190828,0.042605782903930974,0.046822742474916385
2023-12-05,2,1.0,3.331378441914869,3.277776788060424,1.8675047201535602,3.0386036975626074,0.04617818814783985,0.04043581395055639,0.04864864864864865,0.04373689433192419,0.04187826297079567,0.05263157894736842,0.04080508444255261,0.040583844649566735,0.05084745762711865,0.022552460471283953,0.04723775792900304,0.046822742474916385
2023-12-06,2,4.0,2.77364001524097,3.844862745085745,1.1836766559535965,2.4556473433834953,0.02157962364027434,0.03571635854000508,0.03361344537815126,0.012608246010315077,0.02557918835677687,0.0,0.017314782705266846,0.033918411623628096,0.03424657534246575,0.04824382917691282,0.04462981248376867,0.046822742474916385
2023-12-07,2,1.0,3.4817762904323355,3.912599893445551,1.736786688390389,3.132778370023946,0.05474262157569652,0.04159201742541219,0.04864864864864865,0.03673170842270175,0.03905757019576691,0.03968253968253968,0.04571360197127162,0.041572394994124365,0.05084745762711865,0.052197055385132876,0.04436318194204899,0.046822742474916385
2023-12-08,2,3.0,3.456762418742531,4.345051298088581,1.8630913118591916,3.1380281973658635,0.053261782424863055,0.04140281100094044,0.04864864864864865,0.04349441439501399,0.041785154549019494,0.05263157894736842,0.04599621610320022,0.04162683693641929,0.05084745762711865,0.08211362105131977,0.042833379299697,0.046822742474916385
2023-12-09,2,4.0,3.0285861795486784,4.310211826759877,1.5866599819043414,2.740200940019811,0.031429030873406816,0.03796375194372997,0.03361344537815126,0.029201630603118124,0.03565130940765073,0.03968253968253968,0.027297353104018915,0.03729466941252856,0.03424657534246575,0.07940307024619477,0.04294674658822518,0.046822742474916385
2023-12-10,2,1.0,4.16252723809065,4.203285414510153,1.4852486380011714,3.6270715180727544,0.10320272094329593,0.046323025529936286,0.04864864864864865,0.02448307787283005,0.033245234269734504,0.03968253968253968,0.0763056891147083,0.046412638570956885,0.05084745762711865,0.07141199484700601,0.04330475836319371,0.046822742474916385
2023-12-11,2,8.0,2.90023239097124,3.599344678542372,1.3777776580849763,2.5957414443939872,0.026181297881938986,0.036852447112358466,0.03361344537815126,0.0198550029745553,0.030600685514499217,0.037037037037037035,0.0218802947699365,0.0356112424664403,0.03424657534246575,0.035536797291825226,0.04566973993444212,0.046822742474916385
2023-12-12,2,7.0,3.742386552713467,3.931679097398636,2.13434892242409,3.420779026655592,0.07148080303342802,0.04349434418646102,0.04864864864864865,0.059028790020648994,0.04724780485302723,0.05434782608695652,0.06258432950655203,0.044460176414586224,0.05084745762711865,0.053346061140204536,0.04428953632141029,0.046822742474916385
2023-12-13,2,1.0,3.1100955113019197,4.306502337370584,1.8579124411938164,2.8596588972802994,0.03507068512869892,0.03864924515762853,0.037037037037037035,0.043210378663874095,0.04167571118834467,0.05263157894736842,0.032329332891958114,0.03864096438868215,0.03424657534246575,0.07911755369169478,0.04295891000913188,0.046822742474916385
2023-12-17,2,5.0,3.2384763207659675,3.7540013190216355,0.8193352496659959,2.7546481065459734,0.04129738034841297,0.03969859266570546,0.04864864864864865,0.00351324112668407,0.015453301640555507,0.0,0.02787924510080153,0.037459655448946395,0.03424657534246575,0.04324763117045217,0.04500069804927541,0.046822742474916385
2023-12-18,2,2.0,3.5457945828113537,3.751698789665909,0.9606765522420476,3.028770976697493,0.05863408158703999,0.04207081808510752,0.04864864864864865,0.0063020844107571725,0.019460270049217517,0.0,0.040310289606680094,0.040479308939348764,0.05084745762711865,0.0431255479102676,0.04501030174150456,0.046822742474916385
2023-12-19,2,1.0,3.8601223351352,3.613294778353844,1.6160536890235047,3.4113086059128612,0.079803161651692,0.04431495817583418,0.04864864864864865,0.030627518325613768,0.036332684248046664,0.03968253968253968,0.06198627891084433,0.04436830530766328,0.05084745762711865,0.03619198040096076,0.04560732208349837,0.046822742474916385
2023-12-20,2,3.0,3.2581070928683205,3.1137375152591247,1.3432294249296963,2.8751315592805957,0.042302523150938805,0.03985588667358317,0.04864864864864865,0.018455871103122377,0.029729780542974798,0.037037037037037035,0.03301782333203952,0.03881240063675602,0.03424657534246575,0.017397946196862288,0.04814713589742427,0.046822742474916385
2023-12-21,2,3.0,3.399002795230647,3.9038651956925703,2.020091273837844,3.1232204909520864,0.04992814576890804,0.04096125007158904,0.04864864864864865,0.05234199046455039,0.04500973287368724,0.05434782608695652,0.045201497793745424,0.04147309903803864,0.05084745762711865,0.051676247627997614,0.04439710812466253,0.046822742474916385
2023-12-22,2,4.0,4.795784230303782,4.33386621899036,1.472852109678998,4.131197806178825,0.16026664947513866,0.050131549903007826,0.04864864864864865,0.023928871793565492,0.032945183505246015,0.03968253968253968,0.11488790903929307,0.050828458496480954,0.05084745762711865,0.08123770376855868,0.042869604846853517,0.046822742474916385
2023-12-23,2,5.0,3.8766347409620168,4.364106210210803,1.642618217392567,3.429831436248127,0.08100686863571432,0.044428232795403096,0.04864864864864865,0.031937275419750166,0.036942362787104256,0.03968253968253968,0.06315865751372227,0.04454780383648033,0.05084745762711865,0.08361823977280941,0.04277203238398485,0.046822742474916385
2023-12-24,2,1.0,4.376409462598361,3.9333648411172195,1.6560998053223261,3.8323475311431543,0.12136574103795837,0.047664674954181384,0.04864864864864865,0.03260942807313882,0.037249571380592976,0.03968253968253968,0.09120674891366747,0.048268143946089005,0.05084745762711865,0.05344833466961143,0.044283059441463955,0.046822742474916385
2023-12-25,2,6.0,4.403037095736315,4.02991437585971,2.3051551105489896,3.98346069869885,0.12371254605685363,0.04782751700148015,0.04864864864864865,0.06932251989081306,0.050435058329925224,0.05434782608695652,0.10290533205804273,0.04958261927501226,0.05084745762711865,0.059510724304387766,0.04392002303068004,0.046822742474916385
2023-12-26,2,2.0,4.205355392250208,3.4472737263283415,2.3271065811188185,3.8297056300239305,0.10673836386432557,0.04659661918086949,0.04864864864864865,0.07066632592182702,0.05083161763431057,0.05434782608695652,0.09100753475050033,0.0482447860819703,0.05084745762711865,0.02889955566534887,0.04637900930992048,0.046822742474916385
2023-12-27,2,1.0,3.1763432382730135,3.291743324516454,1.2835652311831762,2.7977876368550465,0.038208709080797744,0.03919526888465571,0.037037037037037035,0.016147867762297353,0.028202138253580245,0.037037037037037035,0.02966043624240312,0.03794873618375384,0.03424657534246575,0.023035179902250257,0.04716404385665075,0.046822742474916385
2023-12-28,2,3.0,3.1977916439887832,3.17852183368319,1.5371539165490917,2.865664098500845,0.039258995790411574,0.03936996559109817,0.037037037037037035,0.026858028956109007,0.03448749906371054,0.03968253968253968,0.03259554749218818,0.038707580654468755,0.03424657534246575,0.019322285568344495,0.047778080894516274,0.046822742474916385
2023-12-29,2,8.0,3.3804588442833543,3.920920875991793,2.2500376038020895,3.1543745961871013,0.048883361868359704,0.04081808367453625,0.04864864864864865,0.06596758372961754,0.04942650402574826,0.05434782608695652,0.04688223110071538,0.041795909446319855,0.05084745762711865,0.052696244313778666,0.04433098583152664,0.046822742474916385
2023-12-30,2,3.0,3.7697475713747077,3.7991034727786275,1.725587626761836,3.3609155824521335,0.07337370132482456,0.04368710895990445,0.04864864864864865,0.03614973300925558,0.03880973387718315,0.03968253968253968,0.05885245982347038,0.04387602490098192,0.05084745762711865,0.045684002456259164,0.04481464718642891,0.046822742474916385
2023-12-31,2,6.0,3.4603423897530234,3.6100759413891637,1.6582021443966353,3.099914340681746,0.05347234642614933,0.04142996427268739,0.04864864864864865,0.03271468835659804,0.03729734469916549,0.03968253968253968,0.043965925548590336,0.041230002787199446,0.05084745762711865,0.03604010229664805,0.045621686540703005,0.046822742474916385
2024-01-01,2,3.0,3.1768815746439647,3.6052593192662674,1.0502493566517341,2.7515551310455186,0.038234864915016195,0.03919966597153419,0.037037037037037035,0.008559412096658994,0.021956789911980808,0.0,0.027754051978043953,0.03742438452951738,0.03424657534246575,0.035813620561566374,0.045643223596845826,0.046822742474916385
2024-01-02,2,2.0,3.882290039167134,4.344877871555682,2.6830507720346715,3.6424421857406415,0.08142115697098265,0.04446692745951525,0.04864864864864865,0.0928823454482316,0.05688488193683205,0.05434782608695652,0.07737969292900002,0.04655449984094193,0.05084745762711865,0.08209999866811178,0.042833939761356264,0.046822742474916385
2024-01-03,2,3.0,4.1495953522022235,4.213972726206555,2.823958562209968,3.8844679942037725,0.10214549712325427,0.0462399110454807,0.04864864864864865,0.10180195043441588,0.0591021573410736,0.05434782608695652,0.0951749104910482,0.04872627107845467,0.05084745762711865,0.07218839595480678,0.043268270451593226,0.046822742474916385
2024-01-04,2,3.0,3.6674828399688404,3.9104791973181654,2.158033148932848,3.365592901761642,0.06642865161807097,0.04296005860131294,0.04864864864864865,0.06043675808837593,0.047700827293865884,0.05434782608695652,0.05913987623267148,0.04392196140168848,0.05084745762711865,0.05207030731046419,0.04437140667071963,0.046822742474916385
2024-01-07,2,1.0,3.8122594521878876,3.479919057891914,2.177942324816283,3.4853960267135666,0.07636445585904429,0.04398412292334018,0.04864864864864865,0.06162555760473575,0.04807882289459471,0.05434782608695652,0.06674074714122065,0.045081671131226825,0.05084745762711865,0.030247450955167086,0.046222134672102226,0.046822742474916385
2024-01-08,2,7.0,4.706641179799492,4.064686086200229,1.8870322224437703,4.142719388328348,0.1516741652909062,0.049623875940577156,0.04864864864864865,0.0448144030916517,0.04228848444172117,0.05263157894736842,0.11584366570888009,0.05092405655816204,0.05084745762711865,0.06179294411525129,0.04379297048740662,0.046822742474916385
2024-01-09,2,2.0,4.352971595095843,4.488558014683253,2.332495602449113,3.948876396566497,0.11931519937178979,0.04752059486818073,0.04864864864864865,0.07099685071810187,0.05092853280843743,0.05434782608695652,0.10017639443895662,0.049285461217709665,0.05084745762711865,0.09382751580787693,0.04238234531617195,0.046822742474916385
2024-01-10,2,8.0,4.17065609878859,4.2140107813013135,1.8729241354606128,3.7111097061229943,0.10386975436556457,0.04637515035775867,0.04864864864864865,0.04403517816682463,0.04199239555023374,0.05263157894736842,0.08226181107417566,0.04718237649113455,0.05084745762711865,0.07219116940837066,0.043268140812302014,0.046822742474916385
2024-01-11,2,4.0,4.41025546838176,3.8969714041074655,1.7269288831132263,3.8735901513280537,0.1243518481902862,0.04787150738295722,0.04864864864864865,0.036219271849478415,0.03883946836067102,0.03968253968253968,0.09434080737849286,0.048631076862570836,0.05084745762711865,0.05126751684696869,0.04442397815857697,0.046822742474916385
2024-01-12,2,1.0,4.097466088229188,4.550630084563502,1.951126708187439,3.6681982122208385,0.097933299879016,0.04590246393353413,0.04864864864864865,0.048401848642084175,0.043615203810476774,0.05263157894736842,0.07919488730998463,0.04679112545414122,0.05084745762711865,0.09916505011588138,0.042194781604404555,0.046822742474916385
2024-01-13,2,2.0,3.7741476505643643,4.432812370436973,2.538617192549921,3.527041558961476,0.07368045512312324,0.04371799060878647,0.04864864864864865,0.08379139550850212,0.05451072354580929,0.05434782608695652,0.06948879656228096,0.0454773597361447,0.05084745762711865,0.08917279254056258,0.04255458888902543,0.046822742474916385
2024-01-14,2,3.0,4.2796402273425365,4.520588673177719,2.2914945930661834,3.882011100487266,0.11299323706635903,0.047065210800567775,0.04864864864864865,0.06848839125470202,0.05018681745009826,0.05434782608695652,0.09498624728941123,0.04870478951546176,0.05084745762711865,0.09656157127448756,0.042285012635286154,0.046822742474916385
2024-01-15,2,4.0,3.910618143328803,4.391799896590892,2.1143112577589926,3.551356766214841,0.08351190442754687,0.04465998804028108,0.04864864864864865,0.057843122905458136,0.04686165540668299,0.05434782608695652,0.07111798480741321,0.04570665557740006,0.05084745762711865,0.08583281293527721,0.04268368676678925,0.046822742474916385
2024-01-16,2,5.0,3.8457250978070054,4.42340430935053,1.7906855086661646,3.434717179978837,0.07876089157470316,0.04421583472938965,0.04864864864864865,0.039574246779615456,0.040236576735901364,0.03968253968253968,0.06346971585784329,0.04459502152587916,0.05084745762711865,0.08840026496017757,0.04258402257982231,0.046822742474916385
2024-01-17,2,6.0,3.6373033317893784,4.028640419694925,0.8922916704789454,3.0883009995272923,0.06444746582520351,0.04274201270711953,0.04864864864864865,0.00483463401248687,0.01752846310427458,0.0,0.04335722735019593,0.04110835224734939,0.05084745762711865,0.05942810530018543,0.04392471423000318,0.046822742474916385
2024-01-18,2,4.0,3.493240324009398,4.240052189549575,1.505699004989828,3.095732060205484,0.05542877042630471,0.04167832992834388,0.04864864864864865,0.025408429587923217,0.0337373871744665,0.03968253968253968,0.043746180940169965,0.04118623286251613,0.05084745762711865,0.07410381061223367,0.04317989924493888,0.046822742474916385
2024-01-19,2,6.0,4.579929733220932,5.14968620453431,1.6935368439454324,4.002651155365832,0.1397467259872881,0.04888722576251491,0.04864864864864865,0.03450135909812124,0.038094935881328625,0.03968253968253968,0.10443237041358981,0.0497465899453372,0.05084745762711865,0.15859414344891945,0.04058122010340078,0.046822742474916385
2024-01-20,2,4.0,4.2619303969554485,4.731539265073984,1.8086395431301872,3.7712722261903964,0.11148818978420398,0.04695417162957803,0.04864864864864865,0.040535823576265576,0.040624300102901884,0.03968253968253968,0.08664975775964506,0.04772474574513903,0.05084745762711865,0.11563308958735424,0.04167191808134113,0.046822742474916385
2024-01-21,2,2.0,3.8423738540515697,4.0782957151289025,1.9126959480365628,3.4564382728485685,0.07851925474024814,0.044192713560120375,0.04864864864864865,0.046241711280584324,0.04282331581288287,0.05263157894736842,0.06486178185367816,0.04480429751259555,0.05084745762711865,0.0627004997982381,0.04374375629813261,0.046822742474916385
2024-01-22,2,4.0,2.9174630793206044,3.6282601257559044,1.130337159459251,2.560037895348334,0.026851433700428633,0.03700395985799209,0.03361344537815126,0.010893530130764455,0.024146481865372302,0.0,0.020653095120516853,0.035185548206493514,0.03424657534246575,0.03690364880216012,0.04554083291406948,0.046822742474916385
2024-01-23,2,4.0,2.2570352393367306,3.236201026881043,1.8063442997395054,2.1668970514172856,0.008292418074697466,0.030622175361739723,0.0,0.04041249937329497,0.040574871848994276,0.03968253968253968,0.009943410511472238,0.030232976732904884,0.0,0.021157033555307223,0.047460518832954685,0.046822742474916385
2024-01-24,2,1.0,3.6179719519335594,4.430613753585068,2.669150544472887,3.428207670441425,0.06319500011708608,0.042601490126316484,0.04864864864864865,0.09200452258946588,0.056660980526933365,0.05434782608695652,0.06305544601879437,0.044532099304221126,0.05084745762711865,0.0889919186177839,0.042561457845130234,0.046822742474916385
2024-01-25,2,2.0,3.5554847327388264,3.350641206511911,1.2473470997473748,3.0938572061405365,0.05923576800259778,0.04214262066182511,0.04864864864864865,0.014816314313635769,0.02726041254543227,0.0,0.043647868433567244,0.04116659694306858,0.05084745762711865,0.025149362518080927,0.04685917641939614,0.046822742474916385
2024-01-26,2,4.0,2.7152952900437017,3.4083858711086257,1.1095472878903871,2.3941456896130386,0.019646583589785733,0.03517877045466247,0.03361344537815126,0.010259517569880208,0.02358234780102822,0.0,0.015519548391769798,0.03315592167800541,0.03424657534246575,0.027347657875350574,0.046569346363650406,0.046822742474916385
2024-01-27,2,3.0,3.238175340911573,4.374368042497944,1.8956929829021887,2.9696788693096963,0.041282078868499245,0.03969617462142632,0.04864864864864865,0.04529467577580465,0.0424695176061739,0.05263157894736842,0.03740767263120753,0.03984570518395819,0.05084745762711865,0.08443500519030785,0.04273918444232281,0.046822742474916385
2024-01-28,2,1.0,3.6862420435144503,3.8019598483737833,1.8618565005764178,3.321364934926844,0.0676759470405788,0.04309478253013735,0.04864864864864865,0.04342664187763125,0.041759077959933326,0.05263157894736842,0.056450624422363066,0.04348556799624189,0.05084745762711865,0.045841192129723415,0.04480299512728479,0.046822742474916385
2024-01-30,2,1.0,3.6561486448040807,4.53696019378115,1.6356187586987287,3.2520426675830105,0.06568091045189375,0.04287835891761849,0.04864864864864865,0.03159026361194098,0.03678227980203537,0.03968253968253968,0.05236510921780693,0.042792323698521095,0.05084745762711865,0.09797568267955549,0.04223571439667744,0.046822742474916385
2024-01-31,2,2.0,4.316307937027853,4.8568021490778746,2.513686499097868,3.9557836494418557,0.11613644801712895,0.04729379354683171,0.04864864864864865,0.08223060103912326,0.054089947414656774,0.05434782608695652,0.1007190345975148,0.049344981684596036,0.05084745762711865,0.1278084225274279,0.0413290421362152,0.046822742474916385
2024-02-01,2,4.0,4.584886678748141,4.838084613517518,2.1298619196702417,4.093881726932561,0.14020667792704064,0.04891638574713697,0.04864864864864865,0.05876283766759796,0.04716156525771002,0.05434782608695652,0.11181303298227636,0.050517309349281544,0.05084745762711865,0.12594998894852505,0.04137934101050201,0.046822742474916385
2024-02-02,2,5.0,3.543122816033419,4.705064808737905,2.065758226554231,3.2476498981375816,0.05846876775301452,0.04205098993836251,0.04864864864864865,0.054992404821531234,0.04591487140891462,0.05434782608695652,0.05211160589180936,0.04274800822524359,0.05084745762711865,0.11313966622828359,0.04174632486288213,0.046822742474916385
2024-02-03,2,2.0,3.4974258947506183,4.747555194427733,2.0133151207355664,3.200603739947608,0.05568045413315616,0.04170978041442849,0.04864864864864865,0.05195142201845883,0.04487419761502853,0.05263157894736842,0.04943724056867373,0.0422704596085335,0.05084745762711865,0.11715517267651634,0.04162724142820224,0.046822742474916385
2024-02-04,2,3.0,4.262129840458216,4.405559168077053,1.5258681222781187,3.7148774968221963,0.11150509140010477,0.04695542445650411,0.04864864864864865,0.026334311785059954,0.03421932056364311,0.03968253968253968,0.08253361821668126,0.04721655342226203,0.05084745762711865,0.08694532489467137,0.0426401468792828,0.046822742474916385
2024-02-05,2,5.0,4.72842253052503,4.029468220095611,2.2051919931153794,4.2237764230431,0.15375888082342326,0.0497487095090683,0.04864864864864865,0.06326008046050562,0.04859206160705271,0.05434782608695652,0.12265013450236906,0.051590441423237765,0.05084745762711865,0.05948178206230118,0.04392166565446063,0.046822742474916385
2024-02-06,2,9.0,3.913863736017049,3.9800735625123855,2.224373627551269,3.575965714323893,0.08375308991785983,0.044682026215585216,0.04864864864864865,0.06441556834754829,0.04895051637860926,0.05434782608695652,0.07278519378350887,0.04593743787103769,0.05084745762711865,0.056330872748128924,0.044105508285512185,0.046822742474916385
2024-02-07,2,4.0,3.553821753689385,5.005900931323312,2.031336845625386,3.2493247720765854,0.05913227384099117,0.04213031064136654,0.04864864864864865,0.05299174423848099,0.04523395965859809,0.05434782608695652,0.05220818542419019,0.0427649103006115,0.05084745762711865,0.14308838979136596,0.040939452228136414,0.046822742474916385
2024-02-08,2,5.0,4.332944372821348,4.481999313002696,1.7962903810214363,3.825613574461366,0.11757442829303244,0.047396922358225235,0.04864864864864865,0.03987366401731707,0.040357882524571585,0.03968253968253968,0.09069934130537584,0.048208580806899014,0.05084745762711865,0.09327302576812846,0.04240242112675882,0.046822742474916385
2024-02-09,2,4.0,3.894405865579488,3.85155482526687,2.043651473674814,3.5242549871985536,0.08231220081349126,0.04454965460587971,0.04864864864864865,0.05370548045412991,0.045478498387666204,0.05434782608695652,0.06930324622304847,0.04545100088118924,0.05084745762711865,0.04862565562077213,0.044603104755269386,0.046822742474916385
2024-02-11,2,1.0,3.6224509763677353,4.187780185257473,1.9636605934774494,3.2906928997896783,0.06348403674809135,0.04263410856862171,0.04864864864864865,0.049112028999453335,0.04387116344631033,0.05263157894736842,0.05462332076089288,0.0431802446935253,0.05084745762711865,0.07029440985705795,0.04335798151082086,0.046822742474916385
2024-02-12,2,1.0,3.9481818919677734,4.695666997477725,1.701175497176012,3.498780613009421,0.08632386901402199,0.04491404342927425,0.04864864864864865,0.034891865293220005,0.038266038047341154,0.03968253968253968,0.06761808622433284,0.04520925400337128,0.05084745762711865,0.11226136115098065,0.0417729060095013,0.046822742474916385
2024-02-13,2,3.0,3.783395432185556,4.515330467216567,2.3892134532327027,3.5045590363949852,0.07432727957657578,0.04378278967663739,0.04864864864864865,0.07448947740566869,0.05193819620364584,0.05434782608695652,0.06799857456862189,0.04526421359307091,0.05084745762711865,0.09610977725827667,0.04230091051585204,0.046822742474916385
2024-02-14,2,1.0,2.1116217953433822,3.4279830790074155,1.090944900736111,1.907486416421928,0.005958853819447656,0.029041935306859702,0.0,0.009708812557237576,0.023074965464748704,0.0,0.005442632169054609,0.02668826887320699,0.0,0.028122464583822414,0.04647295015186905,0.046822742474916385
2024-02-15,2,3.0,2.884042403074274,3.2519986121899036,1.7850240183321664,2.6642387261258524,0.025561268434293228,0.036709414279223876,0.03361344537815126,0.03927251974442061,0.0401137989967038,0.03968253968253968,0.024358146457075697,0.036417171199973966,0.03424657534246575,0.02167997463436252,0.0473752826667714,0.046822742474916385
2024-02-16,2,5.0,2.327422476034834,3.7364236551807353,1.0100062614705372,2.0639392331219746,0.009624307610474071,0.03136279657620485,0.0,0.007498496633825637,0.020840727471564836,0.0,0.007934264902588308,0.028852885982192326,0.0,0.04232126808991297,0.04507427702108803,0.046822742474916385
2024-02-17,2,1.0,3.5254012707332714,4.849399595945706,1.2296621367044756,3.066253443927512,0.05737865019928101,0.04191913392441217,0.04864864864864865,0.014185799862642713,0.026796689301679204,0.0,0.042214446872332695,0.040876449915269744,0.05084745762711865,0.12707181211423324,0.041348896398737955,0.046822742474916385
2024-02-18,2,1.0,3.8351546850416876,5.379255314854932,2.3727576597422355,3.5426752799817973,0.07799997722881535,0.0441428443981661,0.04864864864864865,0.07347362054130792,0.0516471873597353,0.05434782608695652,0.07053422429846933,0.04562493329678963,0.05084745762711865,0.18480016332995905,0.04004121619236657,0.046822742474916385
2024-02-19,2,3.0,3.3539962462033945,3.720719212456923,1.7932490751652295,3.0418468119957613,0.04741397158010859,0.04061258419938498,0.04864864864864865,0.03971110774490522,0.040292089898996915,0.03968253968253968,0.04096901899030435,0.040618268106327765,0.05084745762711865,0.04150456121044939,0.04514053228151447,0.046822742474916385
2024-02-20,2,3.0,2.70832981861281,3.4567376577342084,1.2959753452159073,2.4258589239334296,0.01942359426178773,0.035113985617224105,0.03361344537815126,0.01661635805434281,0.028522332444405444,0.037037037037037035,0.016429566929552265,0.0335505918124576,0.03424657534246575,0.02928604985485407,0.046333261444149475,0.046822742474916385
2024-02-21,2,3.0,1.9330098440535914,3.264058733444834,1.588760938615219,1.864160062965917,0.0037849848060412263,0.02700459563316144,0.0,0.029302715173825072,0.035700248613179435,0.03968253968253968,0.004863694758630012,0.026074469968702996,0.0,0.022085189786509647,0.04731070356353723,0.046822742474916385
2024-02-22,2,3.0,1.8864262343751759,3.4144007210966323,0.6987136503674471,1.6488837175736302,0.003329411856801932,0.026455186401646017,0.0,0.0018638935608320591,0.01202912009641849,0.0,0.002616451143536438,0.02293435312496789,0.0,0.027583902059765155,0.0465396559682698,0.046822742474916385
2024-02-23,2,1.0,2.9455694309819456,4.032826600847272,1.9188997921396034,2.7402355032134773,0.027967306688092452,0.03724953744297796,0.03361344537815126,0.0465886027176457,0.042951877153872046,0.05263157894736842,0.027298736469487724,0.03729506484323574,0.03424657534246575,0.059699853205967976,0.043909308798618076,0.046822742474916385
2024-02-24,2,4.0,3.8463445727608927,4.089427704815932,1.3147836021460984,3.3400323786379342,0.07880559823534486,0.04422010666253737,0.04864864864864865,0.01733806539653865,0.029005163998193795,0.037037037037037035,0.05757789337883914,0.04367031201286107,0.05084745762711865,0.06344881852264601,0.04370371357248042,0.046822742474916385
2024-02-25,2,4.0,3.8556267350818243,3.5340172026909644,1.4531090307150007,3.37512319420846,0.07947698168139963,0.044284042456328124,0.04864864864864865,0.023056902344712783,0.03246462949297062,0.03968253968253968,0.05972769831831811,0.044015403871075186,0.05084745762711865,0.032573079639619154,0.04596782057533817,0.046822742474916385
2024-02-26,2,4.0,4.157413677215534,4.431882466948151,1.9298094589174881,3.7118928335559254,0.1027840920716353,0.04629018829329257,0.04864864864864865,0.04720033970404177,0.04317727488766119,0.05263157894736842,0.08231827235672604,0.047189482424702514,0.05084745762711865,0.08909626688446423,0.04255749339982323,0.046822742474916385
2024-02-27,2,1.0,3.804198503447591,4.07840214988355,1.9407135713330215,3.431501517024677,0.07579274289605832,0.0439280350004651,0.04864864864864865,0.04781391987405964,0.043401693191350926,0.05263157894736842,0.06326490041277086,0.04456395014696141,0.05084745762711865,0.06270762909526446,0.043743372542851704,0.046822742474916385
2024-02-28,2,5.0,3.6451200080542323,4.442819921519688,2.7905117338213876,3.4741983532076635,0.06495758389644435,0.04279864325014,0.04864864864864865,0.09968217445747155,0.05858430632160659,0.05434782608695652,0.06601105177668631,0.044974632601531,0.05084745762711865,0.08999868836237057,0.04252339640548967,0.046822742474916385
2024-02-29,2,3.0,3.8414995124579523,4.440237034086761,1.9149684186751288,3.456193293701388,0.07845627205485031,0.044186678229224584,0.04864864864864865,0.0463686949521614,0.04287044057862829,0.05263157894736842,0.06484599843823162,0.04480194306470469,0.05084745762711865,0.08978512122501195,0.04253143551483035,0.046822742474916385
2024-03-01,2,5.0,3.785877137980238,4.606806737614907,1.7737420363312335,3.3834501176504372,0.07450134537501474,0.0438001546015039,0.04864864864864865,0.038673416196208524,0.03986839140902275,0.03968253968253968,0.06024370311014636,0.044096877153616945,0.05084745762711865,0.10413462162337611,0.04202872596484223,0.046822742474916385
2024-03-04,2,4.0,3.826009878265916,4.04090859348773,2.342946423350214,3.529397187282776,0.07734464583602185,0.04407955102273631,0.04864864864864865,0.07163851144533812,0.051115988554621516,0.05434782608695652,0.06964583776610313,0.04549962914747925,0.05084745762711865,0.06022665010884057,0.043879645252664,0.046822742474916385
2024-03-05,2,2.0,3.6358525856938915,4.273057719030969,1.7500906850164542,3.2587002055584042,0.06435302273422551,0.04273149028373357,0.04864864864864865,0.03742700897660889,0.03935070197014525,0.03968253968253968,0.05275054029681847,0.042859398267931864,0.05084745762711865,0.0765702136359684,0.04306939465819841,0.046822742474916385
2024-03-06,2,4.0,3.564324353793921,3.9107002272362994,1.6916378568336272,3.1897870544018625,0.05978753065719313,0.04220796893722109,0.04864864864864865,0.0344045101194339,0.038052326870824056,0.03968253968253968,0.048832917003028074,0.04215989833295872,0.05084745762711865,0.05208350863070228,0.044370549082220635,0.046822742474916385
2024-03-07,2,6.0,3.4008693236516847,3.53653627944399,1.334501171495502,2.9875956932204484,0.05003399560668441,0.040975622331117845,0.04864864864864865,0.018109558677714653,0.029508163213697675,0.037037037037037035,0.038274872945332196,0.04003879384167753,0.05084745762711865,0.032684194430227125,0.04595614613417581,0.046822742474916385
2024-03-08,2,6.0,4.1885730038400375,3.139315445769047,1.7942395834914067,3.7097063197703113,0.10534666801907437,0.046489713684357586,0.04864864864864865,0.03976402728367714,0.04031352542372984,0.03968253968253968,0.08216067457505871,0.047169639397867995,0.05084745762711865,0.018140753707685933,0.04799981865582019,0.046822742474916385
2024-03-09,2,4.0,3.557412067100286,3.696968197606331,1.507772938281605,3.14748424133655,0.05935583609283618,0.04215688112291236,0.04864864864864865,0.025503033324658305,0.03378710092934687,0.03968253968253968,0.04650764336276908,0.04172472348498509,0.05084745762711865,0.04028892503891985,0.04524167648053843,0.046822742474916385
2024-03-10,3,1.0,3.5799926082654157,3.5615609642868,1.1150701295857885,3.4567464843314344,0.0640464337445241,0.04222991813920963,0.041811846689895474,0.018988691358680847,0.028823695064528566,0.028735632183908046,0.05968083553473388,0.04220492138960879,0.041343669250646,0.03532094204558195,0.039419359154538106,0.047337278106508875
2024-03-13,3,2.0,3.185037601935397,3.3786342395133637,0.8971399980104843,3.0706427217391514,0.04122391294496138,0.03987865491834395,0.041811846689895474,0.01044741027638375,0.022154615315707216,0.01818181818181818,0.038273674213680386,0.03966998239675299,0.041343669250646,0.027483019101371842,0.03887666787572282,0.047337278106508875
2024-03-14,3,4.0,3.3119812626330285,3.7265803761076177,1.1927329251565084,3.2060188457592025,0.04795849494200195,0.04066553628099387,0.041811846689895474,0.022497066528096354,0.031062547951382333,0.028735632183908046,0.04518607448390818,0.04059333767474535,0.041343669250646,0.04354151822707417,0.039881332955935885,0.04950495049504951
2024-03-15,3,8.0,3.661538516667167,3.908358806206505,1.0580889692553714,3.5313660392965773,0.06943059777175621,0.0426819393747676,0.041811846689895474,0.01655693633913974,0.027134159535939676,0.028735632183908046,0.06440758562190294,0.04266178712433313,0.041343669250646,0.05390753109940499,0.040362851014418805,0.04950495049504951
2024-03-16,3,1.0,3.5888069611389843,3.863072009692281,0.9612703402925273,3.4574301300966614,0.06461764242306825,0.04227929001679553,0.041811846689895474,0.012737301660868311,0.02417415581106246,0.028735632183908046,0.059723297454453136,0.04220915237300563,0.041343669250646,0.051194586656925334,0.0402454229553663,0.04950495049504951
2024-03-17,3,7.0,3.7226380008720836,3.9475759930173346,1.3322847004062066,3.6031203358487898,0.0736093589452789,0.043013816877934805,0.041811846689895474,0.029281215810020956,0.03490153103001952,0.028735632183908046,0.06912575004664018,0.04309193648830149,0.041343669250646,0.05632732669034909,0.04046323799865017,0.04950495049504951
2024-03-18,3,3.0,3.737230141418748,3.610794983727098,1.020282177013055,3.6013827431984637,0.07462539602534758,0.04309223898780595,0.041811846689895474,0.015016385970348625,0.025991483196214124,0.028735632183908046,0.06900952089087847,0.04308162362947444,0.041343669250646,0.03765718197115796,0.03955980832923134,0.04950495049504951
2024-03-19,3,2.0,3.3398911554158,3.2427727047018156,0.8754339562872038,3.21666829545937,0.049516351337163,0.040834411284124045,0.041811846689895474,0.00971921966619343,0.02146118529403197,0.01818181818181818,0.04575733092749857,0.04066432281340409,0.041343669250646,0.022487933276502493,0.03845074662913009,0.047337278106508875
2024-03-20,3,2.0,3.536725495022701,3.5097481563425443,1.5503992884568598,3.4374091846944093,0.06128079740717384,0.04198572375503061,0.041811846689895474,0.04081870179847407,0.04044962153338029,0.03260869565217391,0.05848628846599182,0.04208489296195839,0.041343669250646,0.032967441357778605,0.03926904727336684,0.047337278106508875
2024-03-21,3,3.0,3.082683281175987,3.4761659511161285,0.7989375874962593,2.968495996492001,0.03621571715781017,0.03922069931273941,0.041811846689895474,0.007353665354637401,0.01898184573122631,0.01818181818181818,0.03348943248159498,0.038946333202041473,0.041343669250646,0.031498918214958184,0.03917021451349451,0.047337278106508875
2024-03-22,3,4.0,2.4343696233312384,3.4416002232326055,0.5623749758371798,2.3407698909565355,0.013100148427227438,0.03447903850274575,0.01834862385321101,0.0021910810208992963,0.011132015937706944,0.0,0.012096837520721089,0.033902550396314166,0.017543859649122806,0.03003357335285674,0.03906730279492443,0.047337278106508875
2024-03-23,3,1.0,3.4084767495894353,3.1746199167946525,1.6704793844132961,3.3215768813306283,0.05346177574162219,0.041243331197931186,0.041811846689895474,0.04751010134002903,0.04328606915917746,0.03260869565217391,0.05159695966917017,0.04135129711987541,0.041343669250646,0.020234706463059277,0.03822917458442764,0.047337278106508875
2024-03-24,3,1.0,2.925737854443665,3.426333240487682,0.8768531097213782,2.8232936172075505,0.029269621148973142,0.03816810973630583,0.0364963503649635,0.00976608084543187,0.021506667414085086,0.01818181818181818,0.027328571979143276,0.03787493328120229,0.041343669250646,0.029401149633391188,0.03902145998155711,0.047337278106508875
2024-03-25,3,4.0,3.6186666517149035,3.6241014416630617,0.9515954103798152,3.4853130896481495,0.0665721542616017,0.04244561288962398,0.041811846689895474,0.012378996348202715,0.023872381993559802,0.028735632183908046,0.06146847977001055,0.04238099636754756,0.041343669250646,0.03830546143787418,0.039597377782130225,0.04950495049504951
2024-03-26,3,5.0,3.7727711237427695,3.8889130457351384,1.811291157638289,3.674697125437546,0.0771288410094283,0.04328191888554479,0.041811846689895474,0.05555583287462478,0.046432492522681994,0.03260869565217391,0.0739974705636983,0.04351239797930096,0.041343669250646,0.0527319498869727,0.04031262811823021,0.04950495049504951
2024-03-27,3,4.0,3.384646027116487,3.639327019193457,0.7800098800612498,3.2544142197637256,0.052072085852437895,0.04110221390316951,0.041811846689895474,0.0068184839767152314,0.01836081989669362,0.01818181818181818,0.047814162041685024,0.040914046102482414,0.041343669250646,0.03905609506621343,0.039640165271502714,0.04950495049504951
2024-03-28,3,4.0,3.5379683935967883,3.697346939995886,1.4061896260201567,3.431379455217957,0.061359353018354074,0.04199278161060684,0.041811846689895474,0.03308153919678081,0.03684132867472718,0.028735632183908046,0.05811638467761915,0.042047325871286415,0.041343669250646,0.04200369358917418,0.03980128667693422,0.04950495049504951
2024-03-29,3,3.0,3.2128416081589863,3.8113871532683827,1.3142276888561535,3.117910912193845,0.042649540122698074,0.040053697202846565,0.041811846689895474,0.028372769718082357,0.03441790776810569,0.028735632183908046,0.04061337907805845,0.039996883817952425,0.041343669250646,0.04820447832741141,0.04010938360289224,0.04950495049504951
2024-03-30,3,1.0,3.394426090541601,3.7695563636665104,1.1282900886303502,3.2811192904460387,0.05263999351446746,0.041160251281715354,0.041811846689895474,0.01957070452505664,0.02921001395587289,0.028735632183908046,0.04929947096274359,0.04108897966591933,0.041343669250646,0.04586684867882065,0.039997661691261316,0.04950495049504951
2024-03-31,3,3.0,3.345592535163581,3.445166533562823,0.7409350289058788,3.2153596598506957,0.04983798951361634,0.040868730927138726,0.041811846689895474,0.005778942940295231,0.017071086639035813,0.01818181818181818,0.045686918301138864,0.04065561259626353,0.041343669250646,0.030182606544758576,0.03907797697484563,0.047337278106508875
2024-04-01,3,2.0,2.93642406456277,3.4100808765654866,0.6201973478552324,2.820612728727393,0.029714494808445183,0.03824153547918604,0.0364963503649635,0.0031415583606218722,0.01305020492016541,0.0,0.027221863223909105,0.03785465859584174,0.041343669250646,0.028737794642304772,0.03897239315308017,0.047337278106508875
2024-04-02,3,2.0,2.483768718142855,3.1978651363387876,0.8278176437999012,2.4009711644257075,0.014360923811368819,0.0348800002785403,0.01834862385321101,0.008209130091218956,0.01992397807236936,0.01818181818181818,0.013576767177311194,0.03443642799596633,0.017543859649122806,0.020984765085721627,0.03830536310985044,0.047337278106508875
2024-04-03,3,6.0,3.085222328582627,3.3086115791877098,0.9878173280012608,2.9803520785535587,0.03633538302619641,0.03923728517329426,0.041811846689895474,0.013742991165290472,0.024996708600610065,0.028735632183908046,0.034025643160215974,0.039031564118800474,0.041343669250646,0.024823276914546853,0.03865970458236673,0.047337278106508875
2024-04-04,3,3.0,2.5579332140142004,3.2665128432497323,0.8232037026038654,2.4711967384436835,0.016400713795371186,0.0354684870604585,0.0364963503649635,0.008069345612403285,0.019773928740076534,0.01818181818181818,0.015448646684494954,0.03504453797063026,0.030303030303030304,0.023311799269258436,0.03852665885947131,0.047337278106508875
2024-04-05,3,2.0,3.2125540078340418,3.3049769250259677,1.5202511811289983,3.12793886649879,0.04263465140530523,0.040051894468264015,0.041811846689895474,0.03917081090259375,0.03971400571789192,0.03260869565217391,0.041119956651868614,0.04006560635661763,0.041343669250646,0.024690211907125052,0.038648296137531575,0.047337278106508875
2024-04-06,3,4.0,3.2514606633674434,3.3518028644132274,1.2482746508326859,3.1513013627407056,0.044675769295004074,0.04029429150397348,0.041811846689895474,0.02512921929195881,0.032618541186784956,0.028735632183908046,0.04231398225809818,0.04022486922709062,0.041343669250646,0.02644210943917154,0.03879416022486458,0.047337278106508875
2024-04-07,3,1.0,3.1525411340791845,3.2345384774318133,0.8108748844599206,3.0354578215982215,0.03959294557502804,0.03967209937243875,0.041811846689895474,0.007701618397680817,0.01937209887431235,0.01818181818181818,0.03658371208154517,0.039423415031459456,0.041343669250646,0.022206923673705862,0.03842426521103456,0.047337278106508875
2024-04-08,3,2.0,3.0343789597603115,3.4272531706950926,1.1509508066850624,2.940207552106549,0.03398341114686332,0.03890252770770202,0.041811846689895474,0.02058319316653867,0.02986723614974562,0.028735632183908046,0.03223029561552992,0.03874162942614746,0.041343669250646,0.02943900184928925,0.03902422910393847,0.047337278106508875
2024-04-09,3,4.0,2.905343600744615,3.014091275284554,0.9628293441078377,2.8082178879127766,0.02843192981741122,0.03802724367569592,0.0364963503649635,0.012795453518009012,0.024222684155622197,0.028735632183908046,0.026731808556984326,0.03776068116495789,0.041343669250646,0.015557422967218022,0.03768479997920592,0.041666666666666664
2024-04-10,3,3.0,2.6743556446457974,2.9098096832712246,0.565454104029522,2.568910567614984,0.019969561135369664,0.03636103208976492,0.0364963503649635,0.0022366320334904597,0.011233584755789014,0.0,0.018321784753905637,0.035865457052692756,0.04095928656247198,0.012965321814535491,0.03731307452484655,0.024793388429752067
2024-04-11,3,2.0,2.7516710076628748,3.106992366999904,0.9939415699525103,2.6637845357773564,0.0225943417498744,0.03693368344488108,0.0364963503649635,0.01397959867115234,0.025185311218357914,0.028735632183908046,0.02141896736430026,0.03663573032896076,0.041343669250646,0.0181589067319474,0.03800379314166027,0.047337278106508875
2024-04-12,3,4.0,1.8254195026133182,3.095114862746055,0.25222433080538703,1.746759744022922,0.0031687915541736217,0.028858549580514915,0.01834862385321101,5.800569470716092e-05,0.00222608875367809,0.0,0.0028745523328609405,0.02792519298573867,0.017543859649122806,0.01781039471497695,0.037963624748081605,0.047337278106508875
2024-04-13,3,2.0,1.90333498794009,2.8647553282502507,1.4163331116768807,1.8789848941269296,0.003938700108347359,0.029655471068660514,0.01834862385321101,0.03361272776852653,0.03710267057616525,0.03260869565217391,0.004186503333589389,0.029377779439414414,0.017543859649122806,0.011947515476474983,0.03714777635990172,0.024793388429752067
2024-04-15,3,3.0,2.614693104900507,2.987546421571545,1.068503541156483,2.537383626713306,0.018083822198092972,0.03590828855536182,0.0364963503649635,0.01699177278633653,0.027445907814434928,0.028735632183908046,0.017360089517019853,0.03560372023876243,0.030303030303030304,0.014865462095640037,0.03759158135244876,0.041666666666666664
2024-04-16,3,2.0,3.8623634076897506,3.500922545227672,1.5654144764554534,3.747515961128036,0.08361765819485555,0.043751919284735756,0.041811846689895474,0.04164468081556048,0.0408124063247721,0.03260869565217391,0.07911901030632917,0.043931645056285704,0.041343669250646,0.03257719496877296,0.03924318201679582,0.047337278106508875
2024-04-17,3,1.0,2.7047672107132454,3.6028146436461608,1.6172240183285145,2.6503900510940093,0.02097741904575958,0.036588142244471086,0.0364963503649635,0.04451937254671323,0.042046210302467184,0.03260869565217391,0.020963032125300395,0.03652853062885272,0.041343669250646,0.03727184024287111,0.039537197719812865,0.04950495049504951
2024-04-18,3,5.0,2.6975458251871345,3.0179738777296814,1.5168512127830809,2.638511094566932,0.020735224527715312,0.03653443441076681,0.0364963503649635,0.03898588893121279,0.039630437461598035,0.03260869565217391,0.020563848124622704,0.0364330393671271,0.041343669250646,0.015660514284346623,0.03769835606395627,0.041666666666666664
2024-04-19,3,5.0,2.7127606962195587,3.0214606137194457,2.053946194714706,2.6798199711443162,0.021247602256654445,0.03664743331872744,0.0364963503649635,0.06970425315537317,0.05144464874774142,0.06896551724137931,0.02197293998839061,0.03676340981377306,0.041343669250646,0.015753506410883415,0.037710513004848574,0.041666666666666664
2024-04-21,3,3.0,3.5229622049461993,3.0579590409276127,1.3300910505433667,3.4133186472260575,0.06041444562849373,0.041907396187242305,0.041811846689895474,0.029170410475907026,0.03484298310703977,0.028735632183908046,0.057015773616186524,0.04193440011587822,0.041343669250646,0.016750523445549784,0.037836813600544,0.047337278106508875
2024-04-22,3,4.0,3.1304155288834603,3.118806150180285,1.3355766472471833,3.0406735848016466,0.03850425555952,0.03953022933063162,0.041811846689895474,0.029447724777711817,0.03498928617150686,0.028735632183908046,0.0368314443572204,0.03946014245626336,0.041343669250646,0.018510264241900654,0.03804357088128481,0.047337278106508875
2024-04-23,3,3.0,2.6004876929128224,3.218214372659431,0.9627409203326687,2.518600354283815,0.01765252341007608,0.03579906092717797,0.0364963503649635,0.012792152186997831,0.024219932457049367,0.028735632183908046,0.016802916037649256,0.03544637642575583,0.030303030303030304,0.02165700750809549,0.038371533870349465,0.047337278106508875
2024-04-24,3,5.0,3.1284087689804716,2.900782794132374,0.9195457478692803,3.017965617924912,0.03840638597974954,0.03951731195727666,0.041811846689895474,0.01122434984922893,0.02286527345326734,0.01818181818181818,0.03575996981202391,0.03929978852334794,0.041343669250646,0.012756585535982001,0.03728018846800188,0.024793388429752067
2024-04-25,3,3.0,3.4150950300501703,3.223433307188358,1.637331921319198,3.326206874613622,0.05385126203097987,0.04128234232404374,0.041811846689895474,0.04564461159912212,0.042517682261037464,0.03260869565217391,0.05186350333814109,0.04138111188323504,0.041343669250646,0.021831785128487567,0.03838842623822624,0.047337278106508875
2024-04-26,3,4.0,3.7658707895004087,3.019095916182183,1.258659652451613,3.6405102326479692,0.07663961876220449,0.04324523832044793,0.041811846689895474,0.025631805905043676,0.032905328471652714,0.028735632183908046,0.07165026873413304,0.04331262891631807,0.041343669250646,0.015690396757217572,0.03770226994268714,0.041666666666666664
2024-04-27,3,4.0,2.5741643191410377,2.9291500022040995,2.03508467408406,2.5472103368881887,0.01687109791859608,0.035595174200231804,0.0364963503649635,0.06859762192900044,0.051072243198575694,0.06896551724137931,0.017656269171000633,0.03568561704572366,0.030303030303030304,0.01342078180384152,0.03738314692666726,0.024793388429752067
2024-04-28,3,8.0,3.0032089286998236,2.907506086682802,0.6219132003687861,2.884144142283272,0.03258757960843433,0.0386945211111741,0.041811846689895474,0.003172853032579236,0.013107374386237228,0.0,0.029819146890152408,0.03833024258685979,0.041343669250646,0.012911822397514348,0.03730469320847419,0.024793388429752067
2024-04-29,3,8.0,4.739453845747306,3.4533965318871154,4.021492628499989,4.703555784884941,0.15875778154651216,0.04783140134386136,0.06666666666666667,0.17686922499994548,0.07979272280408063,0.16666666666666666,0.15945263782514735,0.048772060907347765,0.06666666666666667,0.03052841795534741,0.039102560201972184,0.047337278106508875
2024-04-30,3,1.0,4.717557984567611,3.6891630107480364,1.9556472758090582,4.579462449129683,0.1566681111858924,0.04773937911848956,0.06666666666666667,0.0639457506789907,0.04947300956967642,0.03260869565217391,0.14787596892847588,0.04820356779209089,0.06666666666666667,0.04157952128560831,0.03977874267428251,0.04950495049504951
2024-05-01,3,3.0,3.0116266670729104,3.1930386605627072,0.8882244474437023,2.90545655609145,0.03296108759861177,0.0387509062086319,0.041811846689895474,0.010145361435885528,0.021870375377242665,0.01818181818181818,0.030722554285473724,0.038487532703695114,0.041343669250646,0.02082746809834854,0.03828959681887375,0.047337278106508875
2024-05-02,3,2.0,3.0595256327949647,2.9990229328115072,1.0959427464365,2.9613464884770413,0.03513502428659864,0.039068791306585166,0.041811846689895474,0.018158246544707254,0.02826096386405234,0.028735632183908046,0.033168508044105156,0.038894776669129744,0.041343669250646,0.015161884021170021,0.03763199938887599,0.041666666666666664
2024-05-03,3,5.0,2.363444178699547,4.073913453351575,1.2249423121402034,2.30651908537158,0.011422912169333728,0.03389032999023188,0.01834862385321101,0.024011791607737604,0.03196945262761734,0.028735632183908046,0.011304999050348223,0.03359347259079826,0.017543859649122806,0.06456917408603101,0.0407787284137761,0.04950495049504951
2024-05-04,3,4.0,2.6816960416159263,3.063461376424054,0.6154184505861715,2.5783821620644387,0.020209924648857902,0.03641607314777166,0.0364963503649635,0.003055341131823054,0.012891027681088593,0.0,0.01861723298762464,0.03594351911125831,0.041343669250646,0.016904598093942413,0.03785570415092042,0.047337278106508875
2024-05-05,3,6.0,3.6135050964487565,3.1417016317339854,1.5186359651696772,3.5087616398848027,0.0662321533428504,0.0424169643621104,0.041811846689895474,0.03908293654294924,0.03967432059573008,0.03260869565217391,0.06295618821175143,0.04252443348642325,0.041343669250646,0.01920470308035779,0.0381201687080147,0.047337278106508875
2024-05-07,3,2.0,2.7975613036832434,3.6499751411805073,1.0672026319221581,2.7110433700951893,0.024250419464779033,0.03726632709443271,0.0364963503649635,0.016937215167467656,0.02740703836561611,0.028735632183908046,0.023077171623812915,0.037009990673429076,0.041343669250646,0.039586688974221004,0.039669962876569126,0.04950495049504951
2024-05-08,3,2.0,2.107744373440079,3.145567769341164,1.1345992619160776,2.059087117863879,0.006591215362020676,0.03163124156359724,0.01834862385321101,0.01985073787050725,0.029393628880585408,0.028735632183908046,0.006600393983078625,0.03123846214922991,0.017543859649122806,0.019323735091433605,0.03813303939169485,0.047337278106508875
2024-05-09,3,3.0,2.5036924181797486,3.054928874469436,1.50411871657634,2.4537137330995784,0.014891401543213875,0.035039663110326524,0.01860454497069266,0.038295097479989555,0.03931637806900113,0.03260869565217391,0.014967753285260961,0.03489459267718517,0.021728576753038215,0.016666098009304815,0.037826393808935196,0.047337278106508875
2024-05-10,3,1.0,2.043819263934762,2.8644715577470263,0.8224543010793237,1.9827510157919903,0.00565598836138549,0.031030536493131124,0.01834862385321101,0.008046752636556551,0.01974954026789812,0.01818181818181818,0.005482034355747863,0.030465747519961492,0.017543859649122806,0.011941293759411602,0.0371467259838252,0.024793388429752067
2024-05-11,3,3.0,3.847077849497073,2.7165648149697903,1.857453359159874,3.7475966249802135,0.08249277724067844,0.043672541095805345,0.041811846689895474,0.05822682583245859,0.047424366973699256,0.03260869565217391,0.07912477443788561,0.04393210482950079,0.041343669250646,0.009005623652379145,0.03658281291962904,0.024793388429752067
2024-05-12,3,6.0,2.813971770551401,2.8707012701627668,1.3457235773506775,2.740559360891365,0.024860559375856826,0.037384003193117646,0.0364963503649635,0.02996265661221902,0.03525897913817,0.028735632183908046,0.02415222959680626,0.03724065484333727,0.041343669250646,0.012078420070704018,0.037169758371457196,0.024793388429752067
2024-05-13,3,4.0,2.8035739914613425,2.983168223011522,1.5681214471126759,2.7418013642439094,0.024472871163994065,0.03730952025137406,0.0364963503649635,0.041793946709781114,0.040877558504844216,0.03260869565217391,0.02419813440042111,0.03725030970006606,0.041343669250646,0.01475347379061877,0.037576115528708764,0.041666666666666664
2024-05-14,3,2.0,2.8681832382609294,2.757063190427054,1.393931443882758,2.794470648542021,0.02694371954724359,0.03776805826341577,0.0364963503649635,0.03244256314418081,0.03652394018806643,0.028735632183908046,0.026194630671478862,0.037655987254394674,0.041343669250646,0.009750096679485875,0.036740555074514146,0.024793388429752067
2024-05-17,3,3.0,1.6918298729687948,2.967049587567562,1.637766810411787,1.6891267198409445,0.0021138373768894237,0.027431489973689015,0.01834862385321101,0.04566900309982447,0.04252783419260673,0.03260869565217391,0.0024091376907105703,0.02726764877238518,0.017543859649122806,0.014346355810134272,0.037518953498221715,0.024793388429752067
2024-05-18,3,4.0,2.2276573030830225,2.8783727480250207,2.130213712693105,2.2227851235635265,0.008630106141611431,0.03271833616070951,0.01834862385321101,0.0741833446318657,0.05292292351076107,0.07317073170731707,0.00951778821433282,0.0328210437896933,0.017543859649122806,0.012248838144676654,0.03719804405323193,0.024793388429752067
2024-05-19,3,3.0,2.6529542790737066,2.5542451283052054,1.2248324154507622,2.5815481858925597,0.019279257530730433,0.03619973592789329,0.0364963503649635,0.024006567758964915,0.03196637977304892,0.028735632183908046,0.018716666454667207,0.035969554152822505,0.041343669250646,0.006434736754955589,0.035923571955998115,0.0
2024-05-20,3,5.0,4.323885903125772,2.5112593669428316,1.5529762307908745,4.185340419509028,0.12077629046221254,0.046005784674024254,0.041811846689895474,0.04096021691570192,0.040512052010613905,0.03260869565217391,0.11315970979090104,0.046288501584043025,0.041343669250646,0.005856834577048802,0.03574135250970708,0.0
2024-05-21,3,3.0,2.7851773707568954,2.9045700319300556,1.481419670811575,2.7199894857596294,0.023796250396697107,0.0371770814611712,0.0364963503649635,0.0370705302237308,0.03875212395141825,0.03260869565217391,0.023399803897689194,0.037080151469527485,0.041343669250646,0.01284386465889587,0.037293999896356296,0.024793388429752067
2024-05-22,3,3.0,2.1360914621369878,2.6572419947948585,0.7025793780602598,2.064415857933151,0.007038888805273078,0.03189282631139415,0.01834862385321101,0.00484593244042997,0.01579721069149878,0.01818181818181818,0.006683981878272397,0.03129155495404431,0.017543859649122806,0.00799157326954191,0.03634700106154185,0.024793388429752067
2024-05-23,3,4.0,2.428979773327714,2.8981589219669965,1.0328139850134115,2.359171483911999,0.012967235268672134,0.03443484510249736,0.01834862385321101,0.015520312782069908,0.026372142841256822,0.028735632183908046,0.012537181371026157,0.03406699602310289,0.017543859649122806,0.012696367410108175,0.03727060769368463,0.024793388429752067
2024-05-24,3,5.0,2.944941248273211,3.0858868107172652,2.397478150285737,2.9175680933738373,0.030071999014727506,0.038299869235306976,0.0364963503649635,0.08985082681772254,0.05778011334749411,0.07317073170731707,0.031243152855696323,0.038576423332585,0.041343669250646,0.017542885559754823,0.037932293806021866,0.047337278106508875
2024-05-25,3,4.0,2.7335839767879326,2.994719275996457,0.9708286283766943,2.6454462093673707,0.021961798117067107,0.03680110852331835,0.0364963503649635,0.013095628718611068,0.024471248972698242,0.028735632183908046,0.020796308845415584,0.03648883682180781,0.041343669250646,0.01505023890699606,0.03761686344974062,0.041666666666666664
2024-05-26,3,5.0,2.545299464932774,2.9770013593748463,1.8444423183295866,2.5102566076026145,0.016040586500245365,0.035369360818870134,0.0364963503649635,0.057472664447835234,0.04714670988890384,0.03260869565217391,0.01655917190093714,0.03537614239713444,0.030303030303030304,0.014596754498334603,0.03755428740012758,0.041666666666666664
2024-05-27,3,6.0,2.2783539144917917,3.1551392487945917,1.3223954375184508,2.2305559906431247,0.009610422636339207,0.03316300751996626,0.01834862385321101,0.02878265437405037,0.03463714165892293,0.028735632183908046,0.009674946145409577,0.03289375315793573,0.017543859649122806,0.019620637579750345,0.038164825073684995,0.047337278106508875
2024-05-28,3,4.0,3.1732516126831616,2.8911994418305564,1.205762774581739,3.0748771707780906,0.040627989878849226,0.03980398762010024,0.041811846689895474,0.023105835908050633,0.031430945047802,0.028735632183908046,0.03848003176455495,0.03969946897127554,0.041343669250646,0.012537637050453946,0.03724514843274092,0.024793388429752067
2024-05-29,3,6.0,3.986825633126047,3.151982777269729,1.6149502771522464,3.868231865327357,0.09304226622173656,0.04438630709864315,0.041811846689895474,0.04439245446110237,0.041992640423332624,0.03260869565217391,0.08796452258906166,0.0446085957579166,0.041343669250646,0.019522376514830304,0.0381543551679288,0.047337278106508875
2024-05-30,3,2.0,2.854433176514891,2.8796505954431812,0.6860764760515792,2.7460153414917254,0.026405501271874885,0.037671321108715246,0.0364963503649635,0.004471577979951372,0.015247464092184925,0.01818181818181818,0.024354286680493782,0.03728303688314982,0.041343669250646,0.012277392348116803,0.037202747383871845,0.024793388429752067
2024-05-31,3,7.0,2.4341258391104894,2.4566434603414637,1.0262362531040397,2.363731359810167,0.013094117137336856,0.034477041533036025,0.01834862385321101,0.01525496620112723,0.026172574466741493,0.028735632183908046,0.012647924894302805,0.03410757313840012,0.017543859649122806,0.005179743567181006,0.03550494570129751,0.0
2024-06-02,3,2.0,3.0066414379243414,2.9003968560226077,0.9137908001107493,2.901998906033662,0.03273957734325473,0.038717532273374364,0.041811846689895474,0.011022377907882028,0.02268324809659027,0.01818181818181818,0.030574890179626755,0.038462090228260255,0.041343669250646,0.012747715365903176,0.037278779872336146,0.024793388429752067
2024-06-03,3,5.0,3.0550031583827977,2.699779932157447,1.0698549982098122,2.9557457503741484,0.03492623235286876,0.039038990775302256,0.041811846689895474,0.017048522748823167,0.02748626583741408,0.028735632183908046,0.03291837784488994,0.03885430405936816,0.041343669250646,0.008709632123555605,0.03651667153905777,0.024793388429752067
2024-06-04,3,3.0,2.5339933172717597,2.755567017212686,0.7279310348458277,2.4436902031504633,0.01572273712558849,0.035280264390429264,0.0364963503649635,0.005452818818268544,0.016639926576752864,0.01818181818181818,0.014696516615715421,0.0348081952982503,0.017543859649122806,0.009721818970979668,0.036734773251055015,0.024793388429752067
2024-06-05,3,7.0,2.7963286838247448,4.758040603669931,1.904043062251535,2.7517144027460843,0.024204973074153924,0.037257461268817633,0.0364963503649635,0.06093481025967372,0.04840655731871465,0.03260869565217391,0.024566459441660773,0.037327222556250365,0.041343669250646,0.12088679803218524,0.04230724247266475,0.04950495049504951
2024-06-06,3,6.0,2.6766979316670163,3.492749839336832,1.8286672109544486,2.634296395631388,0.020046059936125276,0.0363786109900318,0.0364963503649635,0.056559654745107546,0.0468080665021548,0.03260869565217391,0.020423380270226676,0.036399063137465555,0.041343669250646,0.03221856286214991,0.0392191614016181,0.047337278106508875
2024-06-07,3,7.0,3.6677769343753788,3.3586649206014685,1.2319366577237314,3.5459849205427965,0.06985163018248138,0.042716088065013154,0.041811846689895474,0.024345027803327868,0.03216472220201151,0.028735632183908046,0.06535520844654341,0.0427501418134991,0.041343669250646,0.02670573199171449,0.038815334949511754,0.047337278106508875
2024-06-08,3,4.0,4.955963499222934,4.659957268595964,4.089975500915184,4.9126640993075466,0.17986623847293517,0.04871882939092664,0.06666666666666667,0.18013153741874302,0.08052338571282419,0.16666666666666666,0.17953117345171354,0.04969683502081386,0.25,0.11163809527390896,0.04210444668835353,0.04950495049504951
2024-06-09,3,2.0,2.642841726848572,3.336754257891455,1.8627670404431917,2.6038379925283035,0.018958491272955354,0.03612309218382752,0.0364963503649635,0.058535102808894575,0.0475373356262825,0.03260869565217391,0.019426318503193415,0.03615202630622887,0.041343669250646,0.025870174492165606,0.0387475451279695,0.047337278106508875
2024-06-10,3,4.0,4.576969792543288,4.316381279156446,3.4713718015616877,4.521689892994209,0.14347035313862092,0.04713794040565562,0.06666666666666667,0.14942420691901107,0.07344863474958944,0.16666666666666666,0.14258288385546833,0.047933575228127384,0.06666666666666667,0.08229744199403624,0.041352872587129226,0.04950495049504951
2024-06-11,3,12.0,3.8596951701233917,5.833973977032568,2.883542913334699,3.810887557283957,0.08342077750827043,0.04373808671506797,0.041811846689895474,0.11769023162395503,0.06552607769207368,0.07317073170731707,0.08370833553345089,0.04428976341830076,0.041343669250646,0.2434591938628712,0.04426842309410812,0.04950495049504951
2024-06-12,3,20.0,5.036063686207311,11.980887338206637,3.1521913591554798,4.94187006985472,0.1878611701746658,0.04903729935313564,0.25,0.13249020298325434,0.0693163036330302,0.07317073170731707,0.18238620139737943,0.04982286818124128,0.25,0.8789337615746851,0.0522218807580717,0.04950495049504951
2024-06-13,3,11.0,2.846990807961824,8.908494632354769,0.9499153201383418,2.75213703357065,0.02611698217147491,0.037618771275155886,0.0364963503649635,0.012317229900777117,0.023819870381230734,0.028735632183908046,0.024582239082569495,0.037330495839748914,0.041343669250646,0.6428509681688148,0.04850785669623159,0.04950495049504951
2024-06-14,3,5.0,2.7424302194085612,3.5817449217473163,0.9431185268760952,2.6524646347819383,0.02226975109519214,0.03686605476626907,0.0364963503649635,0.01206873829288502,0.023607112922122697,0.028735632183908046,0.021033244567022876,0.03654516691458061,0.041343669250646,0.036266863113215836,0.03947721444203297,0.04950495049504951
2024-06-15,3,4.0,3.70100861394468,3.1451289509102507,1.2116738749831086,3.5765418769966013,0.07211606913172906,0.04289698383521167,0.041811846689895474,0.02338381169026195,0.03159738920303921,0.028735632183908046,0.06735855936827438,0.04293363190531147,0.041343669250646,0.01931019876744342,0.038131579450067635,0.047337278106508875
2024-06-16,3,3.0,2.7339345707991365,3.038900402716701,1.0361335193936732,2.6490445182288638,0.021973951237579684,0.03680368630028712,0.0364963503649635,0.01565492574561054,0.026472661209293192,0.028735632183908046,0.02091757291412513,0.036517734221473946,0.041343669250646,0.016224508730270624,0.03777107907855411,0.047337278106508875
2024-06-17,3,5.0,2.624030049571878,3.1975731360753525,2.0716749149167333,2.596412292839121,0.018370992817138766,0.035979779185213404,0.0364963503649635,0.07074492172097847,0.05179219229177783,0.06896551724137931,0.019188030411316056,0.03609139646039504,0.041343669250646,0.020975225347911727,0.03830441003947276,0.047337278106508875
2024-06-18,3,8.0,2.692669739071948,3.6665597431087362,1.5059686304689557,2.633334683641799,0.020572701590277576,0.03649809188086378,0.0364963503649635,0.038395292506515154,0.03936211664907104,0.03260869565217391,0.020391413575933545,0.03639130338984736,0.041343669250646,0.04042235785545599,0.03971616794835427,0.04950495049504951
2024-06-19,3,6.0,3.654930240971744,3.0281531759035514,1.3120496376843582,3.537786210807375,0.06898600950789235,0.04264570005427056,0.041811846689895474,0.028263760263505685,0.03435931266880888,0.028735632183908046,0.06482288822099116,0.04270063561278378,0.041343669250646,0.01593309382099355,0.03773380257364008,0.041666666666666664
2024-06-20,3,6.0,4.637205324640697,5.049803955533328,3.1405061880682434,4.562370367812075,0.14907718662065897,0.04739790947220707,0.06666666666666667,0.13185655146778413,0.06915773330895533,0.07317073170731707,0.14630336518274525,0.04812405073876191,0.06666666666666667,0.1505349181516557,0.04288344551823969,0.04950495049504951
2024-06-21,3,12.0,4.395152323933115,4.3632886075237165,2.9798090885619795,4.324385162164559,0.1270176465297429,0.04633137193341879,0.041811846689895474,0.12304820193415021,0.06692005444876704,0.07317073170731707,0.12501701953243735,0.04698435514657204,0.041343669250646,0.08601520722074622,0.041459540135254595,0.04950495049504951
2024-06-22,3,1.0,4.3441097583758435,3.495490762391457,1.5307976961807883,4.203444155266092,0.12253496362895179,0.04609874066195662,0.041811846689895474,0.03974563401649974,0.039972441931994764,0.03260869565217391,0.11467736509847341,0.046380430243940424,0.041343669250646,0.03233854546953336,0.039227224717645885,0.047337278106508875
2024-06-23,3,5.0,3.1074138430475093,3.099988998840896,1.9578938943815483,3.049937845614211,0.03739117274083738,0.03938166669234799,0.041811846689895474,0.0640770629592696,0.04951893695715807,0.03260869565217391,0.03727385856034802,0.039525225738960924,0.041343669250646,0.017952839379546445,0.03798012997614625,0.047337278106508875
2024-06-24,3,2.0,3.4042520910368586,2.8163596125016426,1.1835792623972314,3.2932184496048773,0.05321395829094572,0.04121838837615874,0.041811846689895474,0.02207272169809475,0.030802504358628358,0.028735632183908046,0.049980595680112115,0.04116776671063921,0.041343669250646,0.010919868558100397,0.03696693041371153,0.024793388429752067
2024-06-25,3,3.0,3.2076514068758186,2.8955469168585504,1.6953983668609323,3.1320387548750745,0.04238130691917217,0.04002113879594027,0.041811846689895474,0.0489205261505882,0.043856592704837126,0.03260869565217391,0.041328096506584006,0.04009364050871031,0.041343669250646,0.012636624918989592,0.03726106051904082,0.024793388429752067
2024-06-26,3,3.0,4.262555253453265,2.9835104929391494,1.716329806931773,4.135243981127191,0.11550511597720103,0.045721105754830925,0.041811846689895474,0.05011016712737347,0.044331174210018684,0.03260869565217391,0.10900251487841309,0.04603197899021779,0.041343669250646,0.014762206876435875,0.03757732551604726,0.041666666666666664
2024-06-27,3,3.0,3.407510977455324,3.9294032206530334,1.6613433777793005,3.320202597471523,0.05340506851592523,0.041237631985002986,0.041811846689895474,0.046994683376027024,0.04307537554853353,0.03260869565217391,0.05151798630682833,0.04134243939472073,0.041343669250646,0.05519787817175178,0.04041686833963741,0.04950495049504951
2024-06-28,3,2.0,3.3754929721696625,3.5808425732343916,1.896512089917991,3.301543928057079,0.05154364102480693,0.04104774102810752,0.041811846689895474,0.06049634602940403,0.0482490527490316,0.03260869565217391,0.050452236000390664,0.04122181179728693,0.041343669250646,0.03622422399257451,0.03947463621159623,0.04950495049504951
2024-06-29,3,6.0,4.106687708237044,3.4687521808930226,2.0543685422316518,4.004071749936775,0.10254914657912051,0.044978012864779204,0.041811846689895474,0.0697290395624029,0.05145295620804537,0.06896551724137931,0.09842418199161707,0.04534490617872436,0.041343669250646,0.031180695667220107,0.03914824369554976,0.047337278106508875
2024-06-30,3,3.0,2.246620967124959,2.8585946643763536,1.2224657751216585,2.195413207524794,0.008988309893744335,0.03288568297063622,0.01834862385321101,0.02389416230669313,0.031900169847423054,0.028735632183908046,0.008978095721641708,0.03256323107358685,0.017543859649122806,0.011812967011350317,0.03712494632896347,0.024793388429752067
2024-07-01,3,2.0,2.613487780606733,2.9606408324655678,1.890582013306036,2.5773424922416983,0.018046964170810323,0.03589904224108626,0.0364963503649635,0.06015127695985938,0.048124689882180174,0.03260869565217391,0.018584654553343034,0.03593496326391153,0.041343669250646,0.014186734774269093,0.03749612769482967,0.024793388429752067
2024-07-02,3,2.0,3.533752296890027,3.039262176913799,1.8455323103983412,3.449341297565443,0.061093095211150014,0.041968829889870114,0.041811846689895474,0.05753580569616026,0.047170027488489814,0.03260869565217391,0.0592218985238626,0.04215903731826858,0.041343669250646,0.01623438345625971,0.037772331256788264,0.047337278106508875
2024-07-03,3,2.0,3.2947494838051803,3.1193525389463788,1.5353413597824663,3.2067790776040446,0.04701050232524824,0.04056054311159158,0.041811846689895474,0.03999383342812845,0.040083415725845076,0.03260869565217391,0.04522672248885504,0.04059841287710318,0.041343669250646,0.018526628824458,0.03804540640030894,0.047337278106508875
2024-07-04,3,4.0,3.7113883566837735,3.1379366289603245,1.5859604121371944,3.6051169594564447,0.072830780468501,0.04295313939819348,0.041811846689895474,0.04278025248579144,0.0413050040335254,0.03260869565217391,0.0692594261115185,0.04310378046661945,0.041343669250646,0.019089277638638002,0.03810761710393498,0.047337278106508875
2024-07-05,3,4.0,3.391528506921331,2.983276307314101,1.824472664175439,3.3131757147840366,0.05247138581600406,0.04114307422278225,0.041811846689895474,0.056317152179006506,0.04671765071751624,0.03260869565217391,0.05111520722467682,0.04129709104684447,0.041343669250646,0.014756231185830028,0.03757649764374258,0.041666666666666664
2024-07-06,3,4.0,2.6480073622774087,3.136121092704321,1.5037423815684883,2.5907941132419627,0.019121910104322012,0.0361622774033469,0.0364963503649635,0.03827472159971567,0.039307068763319596,0.03260869565217391,0.019008989094040755,0.03604541903414414,0.041343669250646,0.01903379139962778,0.03810155832690526,0.047337278106508875
2024-07-07,3,2.0,3.0676286238258417,2.767202852545055,1.001340222449242,2.9643142037570116,0.03551096486679506,0.03912207534439564,0.041811846689895474,0.014267700637655763,0.025412576476525006,0.028735632183908046,0.03330150038286276,0.03891619213185553,0.041343669250646,0.00994332222778952,0.036779647246230056,0.024793388429752067
2024-07-08,3,5.0,3.2210279900308647,2.866073138763392,1.148897565316623,3.1174214687951527,0.043074585118873944,0.040104942443212825,0.041811846689895474,0.020490695833467392,0.029807945735335305,0.028735632183908046,0.040588745455387085,0.03999352402120914,0.041343669250646,0.011976439365320899,0.03715265270021163,0.024793388429752067
2024-07-09,3,6.0,2.36169265963391,2.815272657698515,1.4694872361597004,2.3170823884601996,0.011383436141880258,0.033875593054738286,0.01834862385321101,0.03643050867241295,0.038453247546006826,0.03260869565217391,0.011545383548588119,0.03368921419140641,0.017543859649122806,0.01089755121656054,0.03696282876797316,0.024793388429752067
2024-07-10,3,5.0,2.8262193045414437,2.6607888342839776,2.087728733659162,2.78929477599733,0.02532210318074143,0.037471394998424695,0.0364963503649635,0.07168760881493193,0.05210483900305612,0.07317073170731707,0.025994109295566527,0.037616442920997514,0.041343669250646,0.008049715303394017,0.036361261909005425,0.024793388429752067
2024-07-11,3,4.0,2.912490002729365,3.017206497626456,1.2493721072982575,2.82933410795781,0.028723775860887372,0.038076715265129964,0.0364963503649635,0.025182181254666917,0.03264890948881596,0.028735632183908046,0.02756993669663218,0.037920548336834406,0.041343669250646,0.015640100427674632,0.03769567834158696,0.041666666666666664
2024-07-12,3,1.0,3.194204150170834,3.12538929439986,1.8484983409024895,3.126918859707417,0.04169084800176786,0.039936534221426734,0.041811846689895474,0.05770765820380187,0.04723342522806627,0.03260869565217391,0.041068266396178985,0.04005862611926253,0.041343669250646,0.018708106798649694,0.038065661404952746,0.047337278106508875
2024-07-13,3,3.0,3.4485905841148874,2.8714772752934237,1.7120168762888528,3.3617618987235858,0.05584600081207902,0.041478593468908136,0.041811846689895474,0.04986468985501564,0.04423373058957891,0.03260869565217391,0.053935005411283765,0.041608684672052546,0.041343669250646,0.012095580433023686,0.037172623464512645,0.024793388429752067
2024-07-14,3,6.0,3.1779344627912707,2.9395033147310397,1.648591687052799,3.1014673240043473,0.04086416537238466,0.03983368824126678,0.041811846689895474,0.0462768645098751,0.042779917653958936,0.03260869565217391,0.03979043472559323,0.039883719942403195,0.041343669250646,0.013669255339667877,0.03742044330187805,0.024793388429752067
2024-07-15,3,6.0,2.3724260657542082,2.687175463478765,1.4034523672002575,2.323977380826511,0.01162680380459985,0.03396574964286763,0.01834862385321101,0.032938572525285266,0.03677060423576284,0.028735632183908046,0.011704125660902304,0.033751505592813466,0.017543859649122806,0.0084921074358724,0.03646670447418196,0.024793388429752067
2024-07-16,3,2.0,2.955933983711259,3.3201067396194577,1.7367367623140535,2.8949741226413988,0.030537256695878666,0.038374912181643114,0.0364963503649635,0.051274027620559,0.044789835085063776,0.03260869565217391,0.030276196866981835,0.03841030953329819,0.041343669250646,0.025247335363382806,0.038695689252796116,0.047337278106508875
2024-07-17,3,8.0,1.8410864380480134,2.8659815984011696,0.8392186763669964,1.7909930499639626,0.0033138896715660406,0.029020829784477457,0.01834862385321101,0.008559551924382578,0.020293948828895344,0.01818181818181818,0.003274029636975333,0.028419659990486398,0.017543859649122806,0.01197442856528606,0.03715231405173109,0.024793388429752067
2024-07-18,3,3.0,3.3880740432368173,3.0675308816201494,2.9771225109507258,3.367526466622513,0.05227076006114053,0.04112257621884133,0.041811846689895474,0.12289947936642463,0.06688171184162016,0.07317073170731707,0.05427495509121577,0.041645352540733364,0.041343669250646,0.017019191861755188,0.037869650488211705,0.047337278106508875
2024-07-19,3,7.0,3.410678502078393,3.4165580557417212,1.823734203638795,3.331331287156413,0.0535911784216123,0.04125631796595559,0.041811846689895474,0.05627447077553844,0.04670171655535249,0.03260869565217391,0.05215937379987373,0.04141406179816029,0.041343669250646,0.0290009478917252,0.03899198106745757,0.047337278106508875
2024-07-20,3,4.0,3.222447324559184,2.9293691481147355,1.7945068733085339,3.1510503019966514,0.04314852318929557,0.040113813759893216,0.041811846689895474,0.05458815863064387,0.046067130802903714,0.03260869565217391,0.04230104808670497,0.04022316396809602,0.041343669250646,0.013426007405014843,0.037383937916164324,0.024793388429752067
2024-07-21,3,4.0,3.1358672048939855,2.931240621100198,1.798271256822319,3.068987407490402,0.03877086661818313,0.039565279306309174,0.041811846689895474,0.05480501464640856,0.04614929606411802,0.03260869565217391,0.03819317930183544,0.03965844473887136,0.041343669250646,0.013470692644612346,0.0373906901175297,0.024793388429752067
2024-07-22,3,6.0,3.25598404079265,3.026205487325176,2.213087221641665,3.203839199835101,0.044916596369172286,0.04032228147819727,0.041811846689895474,0.07905196558311743,0.054481005390634385,0.07317073170731707,0.04506964616544396,0.04057878000674894,0.041343669250646,0.015880680987182944,0.03772703085548533,0.041666666666666664
2024-07-23,3,2.0,3.662755755244465,2.9432805960271664,2.256259382618106,3.5924309366131473,0.06951264837047592,0.04268860720789658,0.041811846689895474,0.08158615017450309,0.055273615980142764,0.07317073170731707,0.06841226975846555,0.04302841278976979,0.041343669250646,0.013760722076079774,0.037434013369276736,0.024793388429752067
2024-07-24,3,1.0,2.9199396695136226,2.851078360004644,1.6126288070847326,2.854574126392178,0.029029949004097975,0.03812815934920891,0.0364963503649635,0.04426294093672548,0.04193789185028574,0.03260869565217391,0.02859245567269636,0.03811014849956401,0.041343669250646,0.011650297856088407,0.037097017592248524,0.024793388429752067
2024-07-25,3,2.0,3.300626303108552,2.685109926199481,1.1504026181403564,3.1931151188601423,0.047332621755147415,0.04059641348772649,0.041811846689895474,0.020558482999016605,0.029851411438965855,0.028735632183908046,0.04449924389626299,0.040507010740790786,0.041343669250646,0.008456845886339468,0.03645849159753304,0.024793388429752067
2024-07-26,3,2.0,2.8583355279452336,2.8276185576017223,1.8751962906800894,2.809178566081976,0.026557568956591802,0.03769882185477922,0.0364963503649635,0.059256798978170634,0.047800622708280366,0.03260869565217391,0.02676959678664892,0.03776797910983444,0.041343669250646,0.011152992075764256,0.03700931236009749,0.024793388429752067
2024-07-27,3,4.0,3.1956836410203477,3.262526094241298,1.952281414430332,3.133513529690847,0.04176649514849912,0.03994586022775915,0.041811846689895474,0.06374905248873498,0.04940412416853949,0.03260869565217391,0.04140311249965341,0.040103715814995104,0.041343669250646,0.0231720194761062,0.03851395573384393,0.047337278106508875
2024-07-28,3,3.0,3.4758406534528596,3.252547134257596,2.273986196946205,3.415747930627527,0.057497667482091716,0.041636807685229135,0.041811846689895474,0.08262594436253869,0.055595401557177855,0.07317073170731707,0.05716316881200281,0.04194962444359358,0.041343669250646,0.022824672611929317,0.03848207987019535,0.047337278106508875
2024-07-29,3,6.0,3.662326444174462,3.397958232847317,2.180898294678389,3.588255036699658,0.06948370412855026,0.042686255775398065,0.041811846689895474,0.07716127779653704,0.05388163608109045,0.07317073170731707,0.06813454554530834,0.043003544338848544,0.041343669250646,0.028249605009743013,0.038935614608413875,0.047337278106508875
2024-07-30,3,4.0,2.8153543600682944,2.703838531931285,1.6507853125688814,2.757125907693324,0.02491239692461573,0.03739388706774362,0.0364963503649635,0.046400214391393864,0.042830859118948295,0.03260869565217391,0.02476898056198806,0.03736909897480492,0.041343669250646,0.00878053809677732,0.03653270608923907,0.024793388429752067
2024-07-31,3,14.0,4.874696560079242,3.83967900394124,3.865386593947803,4.82423106177267,0.1718527702775603,0.048390404571800376,0.06666666666666667,0.1693060905621,0.07808129484236799,0.16666666666666666,0.17095901845057593,0.049310630239164835,0.06666666666666667,0.0498272586694431,0.04018412075102011,0.04950495049504951
2024-08-01,3,21.0,4.274741662230348,11.406736456757846,3.177983882400504,4.219903773238856,0.11654495369923053,0.045778008453568164,0.041811846689895474,0.13388549795416613,0.06966439624346128,0.16666666666666666,0.11606414113725645,0.046463659175637065,0.041343669250646,0.8492126138891165,0.051526179504770446,0.04950495049504951
2024-08-02,3,11.0,2.733491136644134,4.070235462939989,1.5756215190416392,2.6755976557640095,0.021958580585554333,0.03680042585400724,0.0364963503649635,0.042208067248280294,0.04105767316455995,0.03260869565217391,0.02182621051614935,0.03672985939840494,0.041343669250646,0.06431958491701315,0.040769709131884296,0.04950495049504951
2024-08-03,3,8.0,3.464501065808669,3.6033288787237465,1.079462350010567,3.345249130018764,0.05680722259447474,0.04157112596011164,0.041811846689895474,0.01745406654803351,0.027772527426053795,0.028735632183908046,0.05296752660220011,0.04150329649456397,0.041343669250646,0.03729659285916794,0.03953865648709389,0.04950495049504951
2024-08-04,3,12.0,4.492514717938282,3.8441393816656206,3.0937652914028,4.4225772466115085,0.13573689689792573,0.04676746919372249,0.041811846689895474,0.1293125283625761,0.0685179484707611,0.07317073170731707,0.13365625022263677,0.047462135003612654,0.06666666666666667,0.05008618314409424,0.04019584361400298,0.04950495049504951
2024-08-05,3,8.0,4.469270229401911,3.743373979244057,2.2687318003719232,4.359243307950411,0.13363568467334394,0.046664246709971866,0.041811846689895474,0.08231779338250184,0.05550024119641283,0.07317073170731707,0.12805972788645048,0.047155221081353844,0.041343669250646,0.04444100772839973,0.03992697959825215,0.04950495049504951
2024-08-06,3,8.0,3.242188167015061,3.040411424477809,1.6483279171008554,3.162495154519351,0.04418438811697707,0.04023679056541465,0.041811846689895474,0.046262036238702675,0.042773789031070895,0.03260869565217391,0.042892932364156894,0.04030076318530506,0.041343669250646,0.01626578067412919,0.03777630791725198,0.047337278106508875
2024-08-09,3,7.0,2.738200548087158,3.147156276045521,1.5983206646874832,2.6812065539171743,0.022122170137528933,0.036835026977518025,0.0364963503649635,0.043466257687040974,0.04159924142343285,0.03260869565217391,0.022021259635885148,0.03677441683137482,0.041343669250646,0.019372791443639827,0.038138322358653984,0.047337278106508875
2024-08-10,3,5.0,3.2818157347807437,3.4612580892885085,1.366804899887044,3.186065193036059,0.04630591959894177,0.04048136860355224,0.041811846689895474,0.03104046394502871,0.03581545521354045,0.028735632183908046,0.044126474399662094,0.04045969928826134,0.041343669250646,0.030861211389296834,0.039125978437037516,0.047337278106508875
2024-08-11,3,7.0,3.0311772499245953,3.650854551957595,1.1620312423374133,2.937719949545236,0.03383842193936727,0.03888126012562258,0.041811846689895474,0.021084916998644055,0.030186309107472636,0.028735632183908046,0.032120935895111356,0.03872353707262761,0.041343669250646,0.03963071749751326,0.03967241919352237,0.04950495049504951
2024-08-12,3,4.0,2.581738710872803,3.1515015040674155,0.8485158387789398,2.49507756726811,0.017093588517525626,0.03565403987542318,0.0364963503649635,0.008850551647540223,0.020594780708041993,0.01818181818181818,0.016121651719359992,0.035247831251716356,0.030303030303030304,0.019507424660336233,0.03815275773586295,0.047337278106508875
2024-08-13,3,4.0,2.2557045330139456,3.1672713381317963,1.325350696773992,2.209186841201948,0.009163467920946985,0.032965411495018436,0.01834862385321101,0.028931381748835413,0.034716271090890274,0.028735632183908046,0.009246980441500834,0.032693296083701626,0.017543859649122806,0.020001517415458633,0.03820495424491041,0.047337278106508875
2024-08-14,3,8.0,2.4437360614043575,2.9858786161111133,0.9027559149996658,2.366687054084123,0.01333328596749947,0.034555627549976035,0.01834862385321101,0.01063976152732122,0.022333236097600247,0.01818181818181818,0.012720055064606207,0.03413383871296003,0.017543859649122806,0.014822730849034906,0.03758569293849752,0.041666666666666664
2024-08-15,3,2.0,3.3416438116840705,3.304140311586429,1.3480576721709085,3.2419645047084127,0.04961510314056876,0.04084496784394655,0.041811846689895474,0.03008146399658775,0.035320846174853086,0.028735632183908046,0.04713023888028215,0.040832001465343784,0.041343669250646,0.02465965251750282,0.03864566809892216,0.047337278106508875
2024-08-16,3,3.0,3.043297150967355,3.080044441463697,1.5883563788852806,2.9705501123632514,0.03438921853173547,0.03896164957087634,0.041811846689895474,0.04291306658955983,0.04136216333772899,0.03260869565217391,0.033581974072440124,0.03896112351411716,0.041343669250646,0.017374990531903958,0.03791240211006726,0.047337278106508875
2024-08-17,3,4.0,2.513316044007925,3.241110970724114,1.1577420726354823,2.445537345439303,0.01515221120953652,0.03511636744092108,0.0364963503649635,0.02089019359208022,0.03006297625720925,0.028735632183908046,0.014746256004719028,0.03482414028286202,0.017543859649122806,0.022431027068439396,0.03844540877546926,0.047337278106508875
2024-08-18,3,7.0,2.7383484590573532,3.11236273833732,1.9121635023042975,2.6970392112197006,0.02212732054249763,0.036836112789562954,0.0364963503649635,0.06140788408739361,0.04857585161141142,0.03260869565217391,0.02257772053463882,0.036899725287875405,0.041343669250646,0.018318043934545173,0.038021897094684794,0.047337278106508875
2024-08-19,3,2.0,2.6655841652954644,2.870138646858109,2.0758588616469695,2.63609790011304,0.019684749464834405,0.03629507212374569,0.0364963503649635,0.07099057736111769,0.05187386231232988,0.06896551724137931,0.02048334643849973,0.03641359186492084,0.041343669250646,0.012065989361552268,0.03716768056149736,0.024793388429752067
2024-08-20,3,3.0,3.328365070261839,2.509354378816979,2.187290823666144,3.271311357932054,0.048869640547684626,0.040764845923680085,0.041811846689895474,0.07753681365521409,0.054001246934232514,0.07317073170731707,0.0487510723285133,0.0410248984106941,0.041343669250646,0.00583215723244481,0.03573319967950397,0.0
2024-08-21,3,2.0,3.2208968190338316,2.92316868114381,1.3384181520244651,3.1267728856833634,0.04306775561708564,0.04010412238007013,0.041811846689895474,0.029591667536126826,0.03506493142337238,0.028735632183908046,0.041060871979981234,0.040057626987315076,0.041343669250646,0.013278717391225726,0.03736153191423245,0.024793388429752067
2024-08-22,3,5.0,3.649360002734503,3.1555772087147513,1.545265521117757,3.544155278653666,0.06861238327399533,0.042615100305814065,0.041811846689895474,0.040537079565386144,0.040325039074843014,0.03260869565217391,0.0652362235007585,0.04273910401327796,0.041343669250646,0.019634298456866917,0.038166276814005085,0.047337278106508875
2024-08-23,3,4.0,3.0162895394398266,2.947371314543249,1.8822887857665247,2.9595895017561613,0.033169084330057906,0.038782072385662565,0.041811846689895474,0.059668985680197885,0.047950263593644044,0.03260869565217391,0.033089920186022484,0.03888208816766981,0.041343669250646,0.01386027155513275,0.037448687208395386,0.024793388429752067
2024-08-24,3,1.0,3.2060739912351144,3.2906830513825205,1.2256073838666355,3.107050660866691,0.04229997681340395,0.04001123299140865,0.041811846689895474,0.024043413219091175,0.03198804577118214,0.028735632183908046,0.04006878411631242,0.03992221049182376,0.041343669250646,0.024171637385195892,0.038603287811805435,0.047337278106508875
2024-08-25,3,4.0,2.849628015149393,2.911828378757801,1.3029780851023065,2.772295518647039,0.026218994517779703,0.03763740763847981,0.0364963503649635,0.027811078794684644,0.034114660538013084,0.028735632183908046,0.02534217049048833,0.03748607522470013,0.041343669250646,0.013012335307802917,0.037320413103975734,0.024793388429752067
2024-08-26,3,5.0,3.925396543557266,3.203353693385497,2.10313995148171,3.8342837139534884,0.08833225522352459,0.04407582466008634,0.041811846689895474,0.07259279326093661,0.05240314595451298,0.07317073170731707,0.08543312093477244,0.044420435803388086,0.041343669250646,0.021164637599192546,0.03832325863527013,0.047337278106508875
2024-08-27,3,4.0,2.9810159971319266,3.1047774461568607,1.1899963399441886,2.8914650142725398,0.03161506604973738,0.03854510858457336,0.0364963503649635,0.022369913872937495,0.03098491238431695,0.028735632183908046,0.030127647522222953,0.03838439802854508,0.041343669250646,0.01809355642966937,0.03799631595825857,0.047337278106508875
2024-08-28,3,4.0,2.9305023070093412,3.141615515921024,2.0629034347630477,2.8871223633970264,0.029467463378819166,0.03820087923641243,0.0364963503649635,0.0702299853339104,0.05162054175510758,0.06896551724137931,0.029944418751596015,0.03835228963349272,0.041343669250646,0.01920205755754002,0.03811988181312116,0.047337278106508875
2024-08-29,3,4.0,2.4856942931559862,2.9406964593526785,1.6369411771224058,2.4432566373543074,0.014411637520635463,0.034895482326636314,0.01834862385321101,0.04562269799328344,0.04250855921880323,0.03260869565217391,0.014684857635233296,0.03480445110258734,0.017543859649122806,0.013698100148195214,0.037424731868161434,0.024793388429752067
2024-08-30,3,4.0,3.2555330930353623,2.9680452681642078,1.263575893849327,3.1559352330760606,0.04489255478026055,0.04031949285959017,0.041811846689895474,0.02587082600959353,0.03304064002252439,0.028735632183908046,0.042553111122611266,0.04025631929642021,0.041343669250646,0.014371269414161258,0.03752249474162304,0.024793388429752067
2024-08-31,3,5.0,2.607472925944264,3.187379679372853,0.8390218658376556,2.5190503729389335,0.01786376186320511,0.0358528411133948,0.0364963503649635,0.00855344250218437,0.020287572039399692,0.01818181818181818,0.016816127927138432,0.035450158521205824,0.030303030303030304,0.020644082771626007,0.038271075781659364,0.047337278106508875
2024-09-01,3,2.0,2.802546305292262,2.8574231722817514,0.8512237501471831,2.7049801775350084,0.024434759767691886,0.03730214405050098,0.0364963503649635,0.008936187638203396,0.02068225172297853,0.01818181818181818,0.02286009371116739,0.036962316101143436,0.041343669250646,0.011787506089527507,0.03712059878445451,0.024793388429752067
2024-09-02,3,3.0,3.079771445847764,3.1391040200517986,1.8333150918473193,3.0174486281477417,0.036078767984917944,0.039201661411127305,0.041811846689895474,0.056828497532912824,0.04690807136155317,0.03260869565217391,0.035735789780205744,0.03929612402364415,0.041343669250646,0.019125014935235742,0.03811151076275155,0.047337278106508875
2024-09-03,3,3.0,2.443027921930927,3.0875670728414715,0.46097229368433146,2.3439251405185972,0.013315563731533723,0.034549846404200966,0.01834862385321101,0.0009967253611564903,0.007859707209670098,0.0,0.01217159624779523,0.033930826630935114,0.017543859649122806,0.01759138247921417,0.037938006627695954,0.047337278106508875
2024-09-04,3,9.0,2.394614466837842,3.2731101367022983,0.6386061008130944,2.3068140485366047,0.012140995950625821,0.03415097747938794,0.01834862385321101,0.0034866508778153326,0.013663922522442156,0.0,0.011311665343310769,0.03359615112046389,0.017543859649122806,0.023544377149019902,0.03854764037159543,0.047337278106508875
2024-09-05,3,4.0,2.553520696961894,3.0978147259696445,0.7059354413944541,2.461141434183522,0.01627433844009138,0.03543391745341478,0.0364963503649635,0.004924065733005122,0.015908909682703518,0.01818181818181818,0.015170847515817931,0.034958413249088854,0.030303030303030304,0.017889198722170457,0.037972770956772914,0.047337278106508875
2024-09-06,3,5.0,2.7653789115247855,2.935223763210214,1.6457178392740712,2.70939585791225,0.023081320006288035,0.037033603908817,0.0364963503649635,0.04611535042337455,0.04271310721905681,0.03260869565217391,0.02301805983797517,0.03699704625190454,0.041343669250646,0.01356615277178731,0.037405044890450344,0.024793388429752067
2024-09-07,3,4.0,2.92994056738897,2.96395392997289,1.10990627331007,2.838938852685025,0.029444095095355553,0.03819701836949654,0.0364963503649635,0.018763123804169893,0.028672214043475176,0.028735632183908046,0.02795638128439576,0.03799288796158579,0.041343669250646,0.014269094037844751,0.03750793482595446,0.024793388429752067
2024-09-08,3,1.0,2.939303327400471,3.0985249932900816,1.1468098709666048,2.849678654578778,0.029835059545172557,0.03826127405983384,0.0364963503649635,0.02039679961894146,0.029747607491803055,0.028735632183908046,0.028392365805673267,0.03807349994841733,0.041343669250646,0.017909970703218224,0.03797517557350061,0.047337278106508875
2024-09-09,3,4.0,3.2729911099374585,2.9546972487925056,0.6920179517736869,3.14394245202927,0.04582861544017939,0.04042716528756291,0.041811846689895474,0.004604465516279049,0.01544547094273993,0.01818181818181818,0.0419357914212795,0.04017482991090197,0.041343669250646,0.014039836393509404,0.03747490842695173,0.024793388429752067
2024-09-10,3,5.0,2.5011718006822,2.8277114911063066,0.8776895433228484,2.4199976878142326,0.014823584153472718,0.0350195280232197,0.01834862385321101,0.009793749709876422,0.02153346469027726,0.01818181818181818,0.014068274113992097,0.03460272353066676,0.017543859649122806,0.011154931205215858,0.03700966140229799,0.024793388429752067
2024-09-11,3,3.0,3.034918142267945,3.157518434839399,0.9370219594152421,2.9300233331253103,0.034007864332204665,0.03890610706280161,0.041811846689895474,0.011847747263268935,0.023415837459566054,0.028735632183908046,0.03178397519469482,0.03866746538610978,0.041343669250646,0.019694929106955784,0.03817270874362679,0.047337278106508875
2024-09-13,3,7.0,2.834257521482729,3.2205459510206835,1.0547026780519682,2.745279779311191,0.025627898176352786,0.037528551689472875,0.0364963503649635,0.016416506276541856,0.027032512239064648,0.028735632183908046,0.0243269850397601,0.037277327665331234,0.041343669250646,0.021734970140316695,0.038379084532642306,0.047337278106508875
2024-09-14,3,2.0,2.609716237933762,3.242333001232392,1.0626010158420873,2.5323604768291785,0.017931947599489212,0.03587008404187696,0.0364963503649635,0.016744783449820194,0.02726938364076042,0.028735632183908046,0.01720993585234465,0.03556174573335512,0.030303030303030304,0.02247286593419959,0.03844933451528165,0.047337278106508875
2024-09-15,3,2.0,2.833109681508308,3.559047352446783,0.8060020789974605,2.7317543013827654,0.025584091584829362,0.03752039948965878,0.0364963503649635,0.007558616928136774,0.019212934944656312,0.01818181818181818,0.02382833943776493,0.03717208943203271,0.041343669250646,0.03520428909384989,0.039412126935817283,0.047337278106508875
2024-09-16,3,6.0,3.5757517746176255,3.4527378114433884,1.7220311636981136,3.48306574407165,0.06377254619536954,0.04220611899179962,0.041811846689895474,0.05043494093356491,0.04445971447906542,0.03260869565217391,0.06132685639772998,0.04236719767419593,0.041343669250646,0.030500642544486038,0.03910059513129555,0.047337278106508875
2024-09-17,3,1.0,2.808519941501122,3.1300035635112082,0.8984473256758094,2.7130163107098566,0.024656809688654056,0.0373449831450223,0.0364963503649635,0.010492043960745845,0.02219622572763285,0.01818181818181818,0.023148083963526175,0.03702548228100313,0.041343669250646,0.018847657504793527,0.03808111314519322,0.047337278106508875
2024-09-18,3,1.0,4.150866211361026,3.4162835990908484,2.8180060267982228,4.084223202132886,0.10615510257825976,0.04519157384226649,0.041811846689895474,0.11400954096719806,0.06455271946086606,0.07317073170731707,0.10483420023838584,0.04576742820503979,0.041343669250646,0.0289897646035356,0.038991151958638184,0.047337278106508875
2024-09-19,3,4.0,4.645398170408229,3.757507207834746,3.4281824653824025,4.5845373851569375,0.14984543245204657,0.047433001526668586,0.06666666666666667,0.14717572523163622,0.07291083118503905,0.16666666666666666,0.14834395822082305,0.048227120041450605,0.06666666666666667,0.04520711693848339,0.03996520657741186,0.04950495049504951
2024-09-20,3,2.0,2.9828110538018007,3.086663327926964,0.6372438851940827,2.865532695371415,0.03169306867422223,0.03855723466120605,0.0364963503649635,0.0034604083581326003,0.013618485970521246,0.0,0.02904344193302064,0.03819196888684839,0.041343669250646,0.017565286255677996,0.03793493437700908,0.047337278106508875
2024-09-21,3,6.0,2.4031047317265783,3.2931194103555597,1.8182598504004435,2.3738624876602716,0.012341733326528706,0.034221448183879476,0.01834862385321101,0.05595817668958118,0.04658344155988487,0.03260869565217391,0.012896299852289657,0.03419748404161351,0.017543859649122806,0.02425949567183736,0.03861097552181659,0.047337278106508875
2024-09-22,3,3.0,3.4798189949904224,3.5214402268235725,0.771141133888843,3.3443851019353437,0.05774095778882229,0.04165979881777019,0.041811846689895474,0.006574770310402049,0.01806894712806368,0.01818181818181818,0.052917161632378154,0.04149776764742734,0.041343669250646,0.0334891875270761,0.039303195074117725,0.047337278106508875
2024-09-23,3,3.0,3.064766289689029,3.252863078098571,1.5981239201113402,2.991434171210144,0.03537789556338498,0.0391032691789396,0.041811846689895474,0.043455321866752945,0.041594570200508725,0.03260869565217391,0.03453138356078548,0.03911093290459544,0.041343669250646,0.022835614723623783,0.03848309083893741,0.047337278106508875
2024-09-24,3,2.0,2.5388336330820964,2.9553575968799493,1.1688888182149575,2.4703363923387394,0.01585830125622786,0.03531845266067568,0.0364963503649635,0.021397565420786323,0.03038302721991695,0.028735632183908046,0.015424748878295225,0.03503718125840844,0.030303030303030304,0.01405610331126382,0.03747726833800624,0.024793388429752067
2024-09-25,3,6.0,2.677545447676616,3.1421200252017365,0.7336663214019032,2.5803514913628804,0.020073785891829343,0.03638496801695555,0.0364963503649635,0.005595420328322336,0.016830189580320128,0.01818181818181818,0.018679042740847477,0.03595971685261926,0.041343669250646,0.019217559967143846,0.03812156245681186,0.047337278106508875
2024-09-26,3,1.0,2.65053526264653,3.318748658579696,0.957926467421657,2.5659048228852868,0.01920221173672482,0.036181427150831724,0.0364963503649635,0.012612960490497949,0.024069975518315592,0.028735632183908046,0.018228658473040584,0.03584062972132973,0.03567752920631129,0.025196980199766045,0.0386914454932243,0.047337278106508875
2024-09-27,3,4.0,2.961688272536554,2.971569016438134,1.1832251416533857,2.872765115992396,0.0307825300847656,0.038414084469546174,0.0364963503649635,0.022056361265500514,0.030792423684374414,0.028735632183908046,0.02934341913266113,0.038245804336315976,0.041343669250646,0.014459687359679294,0.03753501648033766,0.041666666666666664
2024-09-28,3,1.0,1.9823406363684504,2.852372349452877,1.0828337814675535,1.9373652936234056,0.004849513058873924,0.030438287656291037,0.01834862385321101,0.017597253176246403,0.02787271704827341,0.028735632183908046,0.004884703886283302,0.02999532920074887,0.017543859649122806,0.011678186518809298,0.03710183162858236,0.024793388429752067
2024-09-29,3,4.0,2.530555562145336,2.8859402855505856,0.9823015560864452,2.453142861842392,0.015626919170393317,0.03525310087969817,0.0364963503649635,0.013531353632101109,0.024826471411624786,0.028735632183908046,0.014952218148782673,0.03488968050596729,0.018110522571029766,0.01241863835648127,0.03722586341006605,0.024793388429752067
2024-10-02,3,1.0,2.706086054609103,3.242447937941684,1.7365676194213602,2.6576101328497157,0.021021844887794343,0.0365979361684639,0.0364963503649635,0.05126436533668003,0.04478604968685165,0.03260869565217391,0.021208028786591223,0.03658637716569406,0.041343669250646,0.022476803805148916,0.03844970365766545,0.047337278106508875
2024-10-03,3,2.0,2.7943249593564516,3.290806285780252,1.113385020077958,2.710277962392527,0.024131210113475972,0.03724304107515245,0.0364963503649635,0.018914972027300407,0.028774298452256538,0.028735632183908046,0.023049697483576537,0.03700397781934742,0.041343669250646,0.024176076143323545,0.0386036768264961,0.047337278106508875
2024-10-04,3,1.0,2.9714234908156234,3.1179898643991857,1.2159234811840414,2.8836484903340445,0.03120019468043713,0.038480185761239544,0.0364963503649635,0.023584339363300993,0.03171678639623809,0.028735632183908046,0.029798329073229435,0.03832657127033956,0.041343669250646,0.01848583498078582,0.038040827988629615,0.047337278106508875
2024-10-05,3,2.0,3.228636392993373,3.0944470508636868,0.9138657289203136,3.11289785978972,0.043471778560416084,0.04015245117167093,0.041811846689895474,0.011024996911460288,0.022685620324799097,0.01818181818181818,0.04036147544524709,0.03996244688188214,0.041343669250646,0.01779094018741616,0.037961361013925735,0.047337278106508875
2024-10-06,3,4.0,2.5225791986149337,3.0991286383710004,1.076582250795599,2.4502793512239673,0.015406082148779806,0.03518994414396636,0.0364963503649635,0.01733210477208332,0.027686829374665097,0.028735632183908046,0.014874452698533162,0.03486502553702655,0.017543859649122806,0.01792763778697601,0.037977218720711844,0.047337278106508875
2024-10-07,3,5.0,2.990433261165485,3.3093296088043327,0.9751150226094084,2.889667349237681,0.03202557528331719,0.03860864415862117,0.040081287978603025,0.013257706584082462,0.024604140628202043,0.028735632183908046,0.030051717559513077,0.0383711122102482,0.041343669250646,0.02484962181591625,0.03866195659774602,0.047337278106508875
2024-10-08,3,2.0,2.9690060425270675,3.068522725539326,0.7026782737999606,2.855689654090712,0.031096162662814432,0.03846379152652998,0.0364963503649635,0.00484822519085884,0.01580050274432986,0.01818181818181818,0.02863816895962417,0.03811849115767743,0.041343669250646,0.017047204076612334,0.03787304635232042,0.047337278106508875
2024-10-09,3,2.0,2.623623163956762,3.106126015947355,1.02565343746838,2.543724677632343,0.018358417406354192,0.03597666874526801,0.0364963503649635,0.015231545039081872,0.026154866950487018,0.028735632183908046,0.017550841015434374,0.03565660004647569,0.030303030303030304,0.01813332573810323,0.03800086922441169,0.047337278106508875
2024-10-10,3,1.0,2.9372771864207836,3.3477385091678658,1.5556159123747608,2.8681941227184824,0.029750187029074115,0.03824738598452175,0.0364963503649635,0.04110528197882937,0.040575929925701505,0.03260869565217391,0.02915361318117109,0.03821179471280713,0.041343669250646,0.026286802719728344,0.03878159456298939,0.047337278106508875
2024-10-11,3,4.0,3.936429538265787,3.294677587815691,1.6810738277064834,3.823661752737822,0.08916989270945015,0.04413196087702703,0.041811846689895474,0.04810894609188776,0.04352937052477596,0.03260869565217391,0.08464804643554036,0.04436121161681683,0.041343669250646,0.024315799957079547,0.03861588872495674,0.047337278106508875
2024-10-12,3,3.0,2.739767661584458,3.1850901956798254,0.6127329843701822,2.6334159277237443,0.02217677716028438,0.03684652827629009,0.0364963503649635,0.0030075007027881902,0.012801613066428944,0.0,0.02039411285191013,0.03639195902364565,0.041343669250646,0.020570208956627808,0.0382635717863327,0.047337278106508875
2024-10-13,3,3.0,3.0372362797851498,3.317603815226061,0.901388445920482,2.930443888091917,0.0341131166339538,0.038921488759623195,0.041811846689895474,0.010592776177669534,0.022289772457226752,0.01818181818181818,0.031802332709897005,0.038670532910637226,0.041343669250646,0.025154584705129046,0.03868786648340876,0.047337278106508875
2024-10-14,3,2.0,2.8079959732217983,3.553153033808485,0.7952084973564791,2.7073565994285325,0.02463728268891473,0.037341229112706376,0.0364963503649635,0.00724661454503582,0.018859705018689162,0.01818181818181818,0.022945023281343024,0.03698101369056364,0.041343669250646,0.034931736942962054,0.03939514391383777,0.047337278106508875
2024-10-15,3,3.0,2.4817762735846225,3.395311801865803,1.1533794421918624,2.4153564320149843,0.014308573732285354,0.03486396904102722,0.01834862385321101,0.020692793964034013,0.029937299967890206,0.028735632183908046,0.013947313307044044,0.03456226449119633,0.017543859649122806,0.02814377897889219,0.038927565147486715,0.047337278106508875
2024-10-16,3,2.0,3.1227691401831876,3.4244032259534043,1.5437678266339092,3.043819074505724,0.03813211911398163,0.03948096532412803,0.041811846689895474,0.04045499746273206,0.040288641636971205,0.03260869565217391,0.03698131399666911,0.03948226194293089,0.041343669250646,0.029321841812006377,0.03901564751266579,0.047337278106508875
2024-10-19,3,3.0,2.8390557010381325,2.961957193715049,0.7938496917652159,2.736795400574487,0.02581152206932535,0.037562594630216904,0.0364963503649635,0.007207803116377687,0.018815172915347723,0.01818181818181818,0.02401344220304634,0.037211370096463726,0.041343669250646,0.014219417057287883,0.03750082070632066,0.024793388429752067
2024-10-20,3,4.0,2.700198093688277,3.2801113775891797,1.4904100040617418,2.6397086892069503,0.020823969270653508,0.036554176101336086,0.0364963503649635,0.0375544524429533,0.03897627747029692,0.03260869565217391,0.020603872816091728,0.03644268446569096,0.041343669250646,0.0237929308842355,0.03856985264095617,0.047337278106508875
2024-10-21,3,1.0,3.173383008980503,3.734124828238893,0.986504951107171,3.0640391060868364,0.04063460597079197,0.039804821595644566,0.041811846689895474,0.013692509842171043,0.02495623576998461,0.028735632183908046,0.03795313429355851,0.03962391818425007,0.041343669250646,0.04394415688126926,0.03990186973644561,0.04950495049504951
2024-10-22,3,1.0,2.910926185380461,3.4326567458248713,0.6995763770470889,2.800358694963793,0.028659756515266293,0.03806589980740391,0.0364963503649635,0.004776592042818169,0.015697231676681814,0.01818181818181818,0.026423891445082663,0.03770088823374725,0.041343669250646,0.029662001984311886,0.0390404769840062,0.047337278106508875
2024-10-23,3,3.0,3.8715263570330523,2.905844911026093,2.1355413755443298,3.7847271079586164,0.0842954390053913,0.0437993456846019,0.041811846689895474,0.07449637073339127,0.0530245719776913,0.07317073170731707,0.08179911279137918,0.04414267391879246,0.041343669250646,0.012873341285197714,0.037298644592808766,0.024793388429752067
2024-10-24,3,4.0,2.809824619587161,3.2647639849433743,0.9602138247152902,2.7173440798435675,0.024705473798352678,0.037354327716768304,0.0364963503649635,0.012697958183796381,0.02414125314142659,0.028735632183908046,0.02330410963747441,0.037059427160532565,0.041343669250646,0.02325041130535303,0.03852108863582935,0.047337278106508875
2024-10-25,3,2.0,2.507240862778958,3.8208928150766366,1.5409200839870276,2.4589248238393613,0.014987219815517757,0.035067977151577105,0.032098404343670686,0.04029902141179936,0.0402193693801439,0.03260869565217391,0.015110051598731786,0.03493938557342095,0.030303030303030304,0.048745943706605795,0.040134567759271496,0.04950495049504951
2024-10-26,3,2.0,3.694441265507203,4.4517212468178275,1.9229461650757989,3.605866510485633,0.07166568613438698,0.04286136900827497,0.041811846689895474,0.062036496116751216,0.04879978893455965,0.03260869565217391,0.0693096424857884,0.043108225077434635,0.041343669250646,0.09327484018009329,0.04165701439319952,0.04950495049504951
2024-10-28,3,2.0,2.818868686899756,3.3848176378427843,1.1951642286830042,2.7376834639889185,0.025044463152950083,0.03741898915735643,0.0364963503649635,0.022610240813009018,0.03113144613644239,0.028735632183908046,0.024046142826904936,0.03721828291142732,0.041343669250646,0.02772676787318101,0.03889557300640094,0.047337278106508875
2024-10-29,3,2.0,3.3648632076539906,2.8612631699780144,2.0343767014888874,3.2983388823457354,0.05093365070947665,0.040984289060299335,0.041811846689895474,0.0685560964421714,0.051058211115665046,0.06896551724137931,0.05027038441594243,0.04120102236980586,0.041343669250646,0.011871111920632671,0.03713484199386399,0.024793388429752067
2024-10-30,3,3.0,3.3007260992292196,3.3529996213263153,1.7779710909171815,3.2245883488136178,0.04733810239955759,0.04059702205022017,0.041811846689895474,0.05363682022104375,0.04570467385560967,0.03260869565217391,0.04618476273686352,0.04071696295743492,0.041343669250646,0.02648795814306908,0.03879785680102985,0.047337278106508875
2024-10-31,3,2.0,2.665022378491389,3.223868347844803,1.1060903164905935,2.5870757753913494,0.019666597526740187,0.03629084058611658,0.0364963503649635,0.018597083015765736,0.02856006399194578,0.028735632183908046,0.018891080816254836,0.0360149390750015,0.041343669250646,0.021846398101709647,0.038389832918014004,0.047337278106508875
2024-11-01,3,4.0,3.5803158750817783,3.230119302800155,2.206778519161121,3.5116390072857455,0.06406733641108878,0.04223173108169508,0.041811846689895474,0.07868147339186662,0.05436410665589931,0.07317073170731707,0.06314000188992415,0.04254196747203734,0.041343669250646,0.022057113247556073,0.03841002068286799,0.047337278106508875
2024-11-02,3,2.0,2.93364871907489,3.4011667018786844,0.6132983904520832,2.8176312026437498,0.029598562461737137,0.03822249122271891,0.0364963503649635,0.0030175367835165953,0.012820436530938523,0.0,0.027103486598998326,0.03783208870342824,0.041343669250646,0.02837826511752047,0.03894536369659317,0.047337278106508875
2024-11-03,3,3.0,2.5852614529013076,2.922030330891888,1.8358250178890043,2.5477896311506925,0.017197714220584272,0.035681362669087516,0.0364963503649635,0.05697373321881663,0.04696199578734311,0.03260869565217391,0.017673830059506783,0.03569043599298802,0.030303030303030304,0.013251802664678878,0.03735741252629841,0.024793388429752067
2024-11-04,3,4.0,2.71930413045827,3.1626519334514107,0.6327423184170385,2.614976039856209,0.021470413516865003,0.03669584479207311,0.0364963503649635,0.003374490533379546,0.013468357497463779,0.0,0.0197872520567172,0.036242669930896594,0.041343669250646,0.019855892732221322,0.03818969570601085,0.047337278106508875
2024-11-05,3,6.0,3.329884582803451,3.2958120985785255,1.3093433931904237,3.2288575233228,0.04895462809424774,0.04077403100613281,0.041811846689895474,0.028128488222395793,0.03428642960974353,0.028735632183908046,0.04641607667684,0.04074528423856195,0.041343669250646,0.02435685134389964,0.038619464325124614,0.047337278106508875
2024-11-06,3,5.0,3.72678791937307,3.7432185880599067,1.6564174824628681,3.62326939752756,0.07389761090868324,0.04303615219640988,0.041811846689895474,0.046717173112579106,0.0429614331945184,0.03260869565217391,0.07048062850058359,0.04321115458473979,0.041343669250646,0.044432630889872815,0.03992655834798792,0.04950495049504951
2024-11-07,3,1.0,3.749870539661953,3.6074167368904684,1.1610883947506005,3.6204314324163853,0.07551110532461339,0.043159914515759616,0.041811846689895474,0.02104205796933214,0.030159217330680343,0.028735632183908046,0.07028900775110307,0.04319440391452273,0.041343669250646,0.037493742978454425,0.0395502440254179,0.04950495049504951
2024-11-08,3,3.0,3.0398380829636276,3.7322621998196506,0.8324580424404444,2.929469080937469,0.03423147911527776,0.03893873873412342,0.041811846689895474,0.008350898140832322,0.020074700935439223,0.01818181818181818,0.031759791331604524,0.03866342202417476,0.041343669250646,0.04384453032437825,0.03989680406303908,0.04950495049504951
2024-11-09,3,5.0,2.721724056383768,3.187936290557321,1.107100893739963,2.640992898251578,0.021553189280738995,0.03671372039028414,0.0364963503649635,0.018641001652907916,0.028589781939465226,0.028735632183908046,0.020646846922649544,0.0364530226392278,0.041343669250646,0.020662070490059786,0.03827289918168339,0.047337278106508875
2024-11-10,3,2.0,3.013917390402562,3.0889573900459215,0.9889832927111286,2.9126706855179907,0.03306317205498433,0.03876622317401651,0.041811846689895474,0.013787906484398055,0.025032649389288543,0.028735632183908046,0.031032015049222535,0.038540522601849744,0.041343669250646,0.017631581979249588,0.0379427309451845,0.047337278106508875
2024-11-11,3,3.0,2.788791442589794,3.5147444981353755,1.0961083884308103,2.704157289881845,0.0239282371194777,0.03720316606608531,0.0364963503649635,0.018165377987464117,0.028265856262314933,0.028735632183908046,0.02283073079613156,0.0369558380730075,0.041343669250646,0.033189734213247564,0.03928365600292914,0.047337278106508875
2024-11-12,3,10.0,2.90791845287065,4.077368344483121,0.9776398331344732,2.811404521883841,0.02853687191882368,0.0380450820793107,0.0364963503649635,0.013353574080136052,0.024682318882926026,0.028735632183908046,0.026857279943605154,0.0377848798160692,0.041343669250646,0.06480415108825151,0.040787191786117394,0.04950495049504951
2024-11-13,3,3.0,3.3998337089644703,4.358061111771431,1.1692062282850768,3.288302334930501,0.05295544791494105,0.0411922676994558,0.041811846689895474,0.021412075814774327,0.030392118585548657,0.028735632183908046,0.04970322770356064,0.04113578915296035,0.041343669250646,0.08559630516348955,0.0414477198500909,0.04950495049504951
2024-11-14,3,4.0,3.1677592193228374,3.8063474578276417,1.0775619140074248,3.063249354057067,0.04035199198350906,0.039769095984167065,0.041811846689895474,0.017373552873356315,0.02771599080557317,0.028735632183908046,0.03791490366076442,0.03961840264984007,0.041343669250646,0.047918948924832915,0.04009600113549753,0.04950495049504951
2024-11-15,3,6.0,2.896281087776698,3.6320435799194217,1.0023459267263173,2.801584329724179,0.0280644548963435,0.03796433548824101,0.0364963503649635,0.014307052018398556,0.025443419281877915,0.028735632183908046,0.026471767361450137,0.03771022338358285,0.041343669250646,0.03869583433111659,0.03961972365425819,0.04950495049504951
2024-11-16,3,4.0,2.4918773019279623,3.9451110060041796,0.8554785177098421,2.4100573627170565,0.014575281353128319,0.03494512108366073,0.01834862385321101,0.009071538416874301,0.020819550603982894,0.01818181818181818,0.013810049423681837,0.034515987278148155,0.017543859649122806,0.05617330105019809,0.04045696326362781,0.04950495049504951
2024-11-18,3,3.0,2.997519681443814,3.6779472322117286,1.607786176149666,2.9280330061791062,0.03233658320321512,0.03865632338624909,0.041811846689895474,0.043992998755464426,0.041823508715410136,0.03260869565217391,0.03169718155663304,0.03865294217464346,0.041343669250646,0.041002702258504276,0.03974775014332385,0.04950495049504951
2024-11-21,4,3.0,3.1003845729518047,3.60761045818213,2.265406508405998,3.0586356697245143,0.04741851206970447,0.05317788745010221,0.048214285714285716,0.050090119760658254,0.05791384153333382,0.042606516290726815,0.046935586750282206,0.053196746818572845,0.04745166959578207,0.037766977647059725,0.059075942429619194,0.041666666666666664
2024-11-22,4,7.0,2.9236057526115604,3.5717026734503925,2.3698205283228857,2.8959164913971267,0.0382639966304568,0.049474946305775584,0.048214285714285716,0.05612440117711155,0.060233666022195945,0.042606516290726815,0.03851705237127136,0.04957906814571992,0.04745166959578207,0.03605039584924015,0.05734803130952034,0.041666666666666664
2024-11-23,4,2.0,2.8259611176417834,3.420846268441978,1.8082716145218773,2.775076642485788,0.033666790135595544,0.04739754000687556,0.048214285714285716,0.02683976268966253,0.0467814932403297,0.042606516290726815,0.03284858929696784,0.046855764395097074,0.04745166959578207,0.029400210943340093,0.050348829279979274,0.03896103896103896
2024-11-24,4,1.0,2.4324143302185486,3.495578466168279,1.5954857546138101,2.390567901438312,0.018500284335385492,0.038820775871883526,0.027777777777777776,0.018213261324348598,0.041006353140407056,0.042606516290726815,0.018178733564161397,0.038021040601038794,0.030303030303030304,0.03258237656064954,0.053762898418709466,0.03896103896103896
2024-11-25,4,8.0,2.829366537778871,3.57521110436754,1.7304634503228322,2.7744213834060694,0.03382155620505783,0.04747036134912625,0.048214285714285716,0.023502199075792127,0.044715470775218105,0.042606516290726815,0.03281922522471805,0.046840917221606077,0.04745166959578207,0.03621582148804846,0.057515830170483666,0.041666666666666664
2024-11-26,4,7.0,3.0125213543025375,3.3389346162984523,2.254671992937081,2.9746288862342647,0.04273585708088384,0.05134698600753289,0.048214285714285716,0.04948282301475879,0.05767093809063991,0.042606516290726815,0.042478045585884826,0.051336413553750015,0.04745166959578207,0.026159528984829306,0.04673008969224291,0.037037037037037035
2024-11-27,4,6.0,2.7225190110367423,3.6825954040744793,2.27090214515151,2.6999381677424807,0.029158204241795924,0.04517323564255948,0.048214285714285716,0.05040200829432897,0.058037875360392566,0.042606516290726815,0.02957850412187839,0.04514793957830528,0.04745166959578207,0.04152095915357139,0.06275855970357332,0.08296943231441048
2024-11-28,4,4.0,3.455459632576833,4.008708988902223,3.265519134044529,3.445962607650218,0.06890258260160428,0.06037849700350463,0.048214285714285716,0.114269348518986,0.07739749599461118,0.05426356589147287,0.07041897264830022,0.06155769344536059,0.04745166959578207,0.06057670398786244,0.07987483333821051,0.08296943231441048
2024-11-29,4,1.0,3.3888996774308278,3.8645566411497896,2.177760490738655,3.3283427180962195,0.06457425146216697,0.05905322745439464,0.048214285714285716,0.045207928630887156,0.05590582373793891,0.042606516290726815,0.0627971797591374,0.05905733140833154,0.04745166959578207,0.05159997305783941,0.0720963839233427,0.08296943231441048
2024-11-30,4,3.0,3.175301658902983,3.8800836704232315,2.2790846944546024,3.130490810680564,0.051614781922186194,0.0547238094984093,0.048214285714285716,0.05086760016980126,0.05822214779713806,0.042606516290726815,0.050933680334366294,0.054775084403565766,0.04745166959578207,0.052524467282682334,0.07291851914840922,0.08296943231441048
2024-12-01,4,2.0,3.1076341056181485,3.702547429243211,2.11571986848605,3.0580383937615436,0.04781644408946059,0.053328097837569484,0.048214285714285716,0.04186228736448815,0.05444966397401988,0.042606516290726815,0.04690306504065085,0.053183576966065765,0.04745166959578207,0.042558737348883255,0.06375506246862862,0.08296943231441048
2024-12-02,4,8.0,3.527434729459696,3.9472104985761307,2.79727414087043,3.490926700030233,0.07373144663074109,0.06179884328713813,0.048214285714285716,0.08278302416434803,0.06898470228198894,0.05426356589147287,0.07343961141665527,0.06250448864583501,0.04745166959578207,0.056638933236223016,0.07651683171943766,0.08296943231441048
2024-12-03,4,1.0,3.2228984986147204,3.825166774429102,2.1905197549815276,3.171279561433061,0.05437648729089161,0.05569861626266984,0.048214285714285716,0.04590760600863468,0.056201685210810585,0.042606516290726815,0.0532779757615355,0.05566562012019981,0.04745166959578207,0.04930037753492106,0.0700282347915494,0.08296943231441048
2024-12-04,4,2.0,3.3927263208160405,3.575003559992087,4.249679406895418,3.4355739751200094,0.06481945731540861,0.05912972662784998,0.048214285714285716,0.1822713194619032,0.0921025368006875,0.12,0.06972936005337178,0.061338229854995006,0.04745166959578207,0.036206021784907,0.05750589764736358,0.041666666666666664
2024-12-05,4,3.0,3.7603061034235856,3.459681501635916,2.5920066872055085,3.701891132612682,0.09035532188568864,0.06630431839428726,0.048214285714285716,0.0696410074907804,0.0649243270555911,0.042606516290726815,0.08835802975679694,0.06687970236581349,0.04745166959578207,0.031026643040883248,0.052109761287102506,0.03896103896103896
2024-12-06,4,4.0,3.3053313975041547,3.755310568594893,3.1625242024582985,3.298191037751862,0.059332056871132854,0.05737325074146751,0.048214285714285716,0.1072195008314083,0.07563924124311477,0.05426356589147287,0.06091027998739419,0.05841087771560182,0.04745166959578207,0.045382684460651364,0.06642332679032577,0.08296943231441048
2024-12-07,4,3.0,3.5993258843486307,4.025748287725505,2.9659507577181077,3.5676571280171046,0.07870408362307045,0.06320436226606428,0.048214285714285716,0.09393472011366473,0.07214313839261811,0.05426356589147287,0.07872612544119449,0.06410858427666832,0.04745166959578207,0.06169626978048679,0.0808153788750479,0.08296943231441048
2024-12-08,4,6.0,3.22076528225867,4.1410249819555816,3.859765021908818,3.252715269241177,0.05425113742756602,0.05565504996499976,0.048214285714285716,0.15542624274225447,0.0866836174991003,0.12,0.05811734874534322,0.05743166855537503,0.04745166959578207,0.06959604112527872,0.08729057519377224,0.08296943231441048
2024-12-09,4,1.0,3.727270245435777,4.181475313190314,3.648134012103733,3.723313433769175,0.08790798868985845,0.06567344976879472,0.048214285714285716,0.140740005756788,0.08353188007482869,0.12,0.08993854311228268,0.06731782075076136,0.04745166959578207,0.07250238985577445,0.08960768078124927,0.08296943231441048
2024-12-10,4,2.0,3.4734583245689414,4.091183627550193,5.583517934758136,3.5789613050784013,0.07009583712364777,0.06073492093471261,0.048214285714285716,0.2687885307339801,0.10770561777238366,0.3076923076923077,0.07951871025532038,0.06434366916785844,0.04745166959578207,0.06611087452800744,0.08446730127065077,0.08296943231441048
2024-12-11,4,3.0,3.6582225107419237,4.45243213760813,3.156730001746811,3.633147885292168,0.0828857882121917,0.06434607281761438,0.048214285714285716,0.10682445109438307,0.07553887078214858,0.05426356589147287,0.08336588286428764,0.06546614639555035,0.04745166959578207,0.09375373298472427,0.10568851375267001,0.08296943231441048
2024-12-12,4,3.0,3.517364532453719,4.319798910115342,3.3939892787923935,3.511195769770653,0.07304671581793604,0.061600914731181164,0.048214285714285716,0.12312184403475801,0.07952450663625413,0.05426356589147287,0.07482009895887728,0.06292964694772246,0.04745166959578207,0.08296575683055007,0.0976990999756396,0.08296943231441048
2024-12-13,4,5.0,3.5995893394759726,4.239470034557924,2.0726295142920126,3.523241348216775,0.07872257525209005,0.06320948886371155,0.048214285714285716,0.039595837046880675,0.05342085975207055,0.042606516290726815,0.07564597904113508,0.06318182821489433,0.04745166959578207,0.07679071251403478,0.09296907629454775,0.08296943231441048
2024-12-14,4,7.0,4.518905880475,4.408163674911887,3.644458947059744,4.475183533804237,0.15320820688211303,0.08007765857678095,0.11363636363636363,0.1404848112866784,0.08347571853306845,0.12,0.15167639408320882,0.08200176664705448,0.125,0.09007168126545644,0.1029978118595135,0.08296943231441048
2024-12-15,4,3.0,3.2154304563766645,3.6460766889576215,2.8605819486784667,3.1976880309917544,0.053938302230658645,0.0555460471552333,0.048214285714285716,0.08693640734007162,0.0701881470391059,0.05426356589147287,0.05482427495598912,0.05624007551529869,0.04745166959578207,0.039663963818978555,0.06095264692781385,0.08296943231441048
2024-12-16,4,6.0,3.5301111388437696,3.643535500604668,2.6109698823464873,3.4841540760189056,0.07391392454819729,0.061851404345662886,0.048214285714285716,0.07083157704495485,0.06531000540920992,0.042606516290726815,0.07298093446028844,0.06236220058455826,0.04745166959578207,0.03953677983900893,0.060827854713746715,0.08296943231441048
2024-12-17,4,3.0,3.1187494087623326,4.005395780802348,2.7009388325409045,3.0978588799512616,0.04842996952725145,0.053558151732677604,0.048214285714285716,0.07654836198761981,0.06711003879913215,0.05426356589147287,0.04909703886497754,0.054059802337240496,0.04745166959578207,0.06036044852782004,0.07969245548249314,0.08296943231441048
2024-12-18,4,4.0,3.602848476462503,4.574792583795392,3.189131455904592,3.5821626254346075,0.07895149091680852,0.0632728941751465,0.048214285714285716,0.10903585535144031,0.07609813135766638,0.05426356589147287,0.07974380113488447,0.06441018710262364,0.04745166959578207,0.10434916531646521,0.11324558224197848,0.08296943231441048
2024-12-19,4,3.0,3.2389305974610494,4.63185469255692,2.8262208836742397,3.2182951117717087,0.05532324826397451,0.05602566672777819,0.048214285714285716,0.08467694047374687,0.06953771167434153,0.05426356589147287,0.056046303809098905,0.05668717088591755,0.04745166959578207,0.1094969675443791,0.11682744199129459,0.08296943231441048
2024-12-20,4,9.0,3.027130058963845,4.134952950858787,2.4438698103046415,2.9979670465308845,0.0434963693739185,0.05165272382364281,0.048214285714285716,0.060534113923839616,0.0618330670219379,0.042606516290726815,0.043692734093512924,0.05185483993995805,0.04745166959578207,0.06916578505742543,0.08694473235377624,0.08296943231441048
2024-12-21,4,8.0,3.3766530971345166,3.898905470396976,2.791576563783962,3.347399270466989,0.06379252044724236,0.0588081517099211,0.048214285714285716,0.08241131006478486,0.06887530198179,0.05426356589147287,0.0640040139381233,0.05946475329183889,0.04745166959578207,0.05365882941678229,0.07392027754115592,0.08296943231441048
2024-12-22,4,2.0,3.803544122650602,4.04534796879262,3.5452967534871798,3.790631754192431,0.09360079540979213,0.06712591874059522,0.048214285714285716,0.13360139038671023,0.08194100933733535,0.12,0.0949797274513435,0.06868723654461639,0.04745166959578207,0.0629993896030329,0.08190261417097273,0.08296943231441048
2024-12-23,4,7.0,3.4865337110924566,4.360189057729386,3.120001405248332,3.4682070958002504,0.07096870391290928,0.060993330712580576,0.048214285714285716,0.10432463240229065,0.07489894388011523,0.05426356589147287,0.07190608746000329,0.06202671600521266,0.04745166959578207,0.08617326129472083,0.10010891297963162,0.08296943231441048
2024-12-24,4,9.0,2.6313723848916015,4.398616339793541,1.7076986710609767,2.5851886992000703,0.025494996773536317,0.04319444459885222,0.048214285714285716,0.022564747137914485,0.04410108427909489,0.042606516290726815,0.024963376169082195,0.04252057400826842,0.04745166959578207,0.08928822444020637,0.10242063126646253,0.08296943231441048
2024-12-25,4,5.0,3.5087844589221007,3.8952329283477396,3.0137216629727575,3.4840313191246337,0.07246562865824947,0.06143207044253907,0.048214285714285716,0.09713846943915891,0.07301039761030388,0.05426356589147287,0.07297263276845183,0.06235962049777837,0.04745166959578207,0.05343631123419049,0.07372436992606986,0.08296943231441048
2024-12-26,4,5.0,3.1785729062402375,3.2929977345819363,2.050153873893483,3.1221519546228995,0.05180222574351072,0.05479098990014165,0.048214285714285716,0.03843305868113278,0.05287847517481245,0.042606516290726815,0.05046103989792772,0.05459253761515302,0.04745166959578207,0.024452640360526284,0.044758342005056906,0.037037037037037035
2024-12-27,4,5.0,3.1288787759681083,3.3914715797029427,2.59159095461556,3.102014384900481,0.04899264951735775,0.053767530072726354,0.048214285714285716,0.06961496545787378,0.06491584686272278,0.042606516290726815,0.04932899438186154,0.054151028733018296,0.04745166959578207,0.028208667860711824,0.04903609605181802,0.03896103896103896
2024-12-28,4,1.0,3.3344740286993537,3.2552729357295025,4.038821769663732,3.3696914157475724,0.06113550382882395,0.05796113562814071,0.048214285714285716,0.1678039030367751,0.08923100788162994,0.12,0.06542965405737379,0.05994021590928817,0.04745166959578207,0.023109039452299317,0.043170594953633824,0.037037037037037035
2024-12-29,4,4.0,2.549948079286049,3.4978404503285327,2.01781498292909,2.523341424468201,0.02246720950049423,0.04141290582830404,0.048214285714285716,0.03678402716536294,0.052091043535816325,0.042606516290726815,0.022665729030405434,0.04109592848722768,0.04745166959578207,0.032682106021563524,0.053867879131261794,0.03896103896103896
2024-12-30,4,2.0,4.322295038905507,3.9877803273354693,3.3054572305425665,4.2714531484873595,0.13585759308971732,0.07663374595347563,0.11363636363636363,0.11701536020914738,0.07806641477119218,0.05426356589147287,0.13390290917513606,0.07815187568181627,0.125,0.05921853800808205,0.07872558734252656,0.08296943231441048
2024-12-31,4,6.0,4.080701604818806,4.078570672916146,3.3916304280601333,4.046248045980873,0.11546867373518449,0.0722843101418234,0.048214285714285716,0.12295884579800767,0.07948609023653319,0.05426356589147287,0.11508162449536777,0.07378687422724531,0.04745166959578207,0.06524571861835154,0.08375849733822824,0.08296943231441048
2025-01-01,4,4.0,4.004062413270314,4.164576043784072,2.7208393538520688,3.9399012602994024,0.10924684158508746,0.0708763517249256,0.048214285714285716,0.07782720138617774,0.0675016884871806,0.05426356589147287,0.10654235310542168,0.0716843090956287,0.04745166959578207,0.07127970503278522,0.0886368693140712,0.08296943231441048
2025-01-02,4,4.0,4.471572331428037,4.185866855855382,4.478008875508358,4.471894158632053,0.148975795016213,0.07925613832953296,0.11363636363636363,0.19775273760317083,0.09506869791776701,0.2,0.15138448521147047,0.08194033063865054,0.125,0.07282211349713645,0.0898606084411429,0.08296943231441048
2025-01-03,4,5.0,3.6160065263024834,3.6759303629148277,2.6328702574980003,3.5668497128622594,0.07987869736477315,0.06352860583144575,0.048214285714285716,0.07221298167785788,0.06575267159455717,0.05426356589147287,0.07866964759443779,0.06409178090165905,0.04745166959578207,0.041177946825239134,0.062427217840161225,0.08296943231441048
2025-01-04,4,3.0,3.551156992632656,3.4110140565279936,2.873299724975884,3.5172641292498175,0.07535601802841568,0.06226408094097741,0.048214285714285716,0.08777566803206026,0.07042725324840671,0.05426356589147287,0.0752356549976642,0.063056736669221,0.04745166959578207,0.028997691579869166,0.049907581587087614,0.03896103896103896
2025-01-05,4,4.0,2.822051784792589,3.406243601043868,2.6766051913149536,2.8147794551187073,0.03348962001644171,0.047313910565135,0.048214285714285716,0.07499147260242749,0.06662797535007658,0.05426356589147287,0.03465550802903751,0.04775379600458932,0.04745166959578207,0.028803734465549534,0.049694165056150666,0.03896103896103896
2025-01-06,4,7.0,1.9991767693144737,2.9112379443894985,1.4578819440673763,1.972112028052119,0.007798471805782805,0.029136323111704384,0.021739130434782608,0.013517164085105749,0.03706068042192526,0.042606516290726815,0.007839913496135258,0.02827665134595766,0.02127659574468085,0.013123551684494153,0.030050955299882498,0.037037037037037035
2025-01-07,4,5.0,2.6157074673315543,3.473955179000658,2.2477117987198354,2.5973076839009686,0.024894592001515645,0.04285267791677001,0.048214285714285716,0.04909041596732546,0.057512993606325696,0.042606516290726815,0.02542915790014882,0.04279907058059994,0.04745166959578207,0.031639191700852554,0.05276418798269415,0.03896103896103896
2025-01-08,4,2.0,3.290760390694469,3.969445696991124,1.7772167729041346,3.2150832098049524,0.05844036598257953,0.05707850035824988,0.048214285714285716,0.02548328315298831,0.04596316305947219,0.042606516290726815,0.055854948428551376,0.05661755216603976,0.04745166959578207,0.058044058875319174,0.07772425936999641,0.08296943231441048
2025-01-09,4,4.0,3.567508277552969,4.0833264229534185,2.576726489963886,3.5179691881735153,0.07648517970394171,0.06258392671677335,0.048214285714285716,0.06868552456568353,0.06461193231197244,0.042606516290726815,0.07528400382375697,0.06307149679519022,0.04745166959578207,0.06557113054673125,0.08402548278826642,0.08296943231441048
2025-01-10,4,3.0,3.515971437514665,4.203744322743976,1.5983494856052434,3.420090339919194,0.07295222269318395,0.0615735132623982,0.048214285714285716,0.01831860887192073,0.04108670708260904,0.042606516290726815,0.06870736524123935,0.06101063605246277,0.04745166959578207,0.07413213723160722,0.09089298395626069,0.08296943231441048
2025-01-11,4,6.0,3.3474138099838138,4.360195985654129,2.1295998028568093,3.286523109627464,0.06194476807996746,0.058221469156742055,0.048214285714285716,0.04260248821193655,0.05477799246308325,0.042606516290726815,0.060187580296365735,0.058160118964525755,0.04745166959578207,0.08617381732505515,0.10010932809261755,0.08296943231441048
2025-01-12,4,7.0,2.6901696855160306,4.193421146243218,1.8659575916824358,2.648959080824351,0.02782488555957954,0.04447288731241364,0.048214285714285716,0.02944288104749591,0.048279732695415786,0.042606516290726815,0.02747160723460219,0.04398341218488771,0.04745166959578207,0.07337401839487555,0.09029631351389751,0.08296943231441048
2025-01-13,4,4.0,3.5836489740047774,4.227297762927317,1.8912249058266635,3.499027770595872,0.07760723995285757,0.06289898722814109,0.048214285714285716,0.030616308801551403,0.048927125531060885,0.042606516290726815,0.07398996712258027,0.06267453682832053,0.04745166959578207,0.07587881440692547,0.09225978484665179,0.08296943231441048
2025-01-14,4,6.0,2.653588001931114,3.953068424541018,1.5782089171570648,2.599819047692412,0.026361135555248577,0.0436783022253671,0.048214285714285716,0.01758417753805131,0.040520050261612754,0.042606516290726815,0.025526318366486868,0.0428567537636632,0.04745166959578207,0.05700707501711846,0.07683419129967269,0.08296943231441048
2025-01-16,4,3.0,3.328016713565756,3.7808699008019255,2.645683422706287,3.2939000490227826,0.06073360955565207,0.05783106162573162,0.048214285714285716,0.07302431210018946,0.06601030596607262,0.05426356589147287,0.060644013033760866,0.058318697575953746,0.04745166959578207,0.04679237359440489,0.06773286704794117,0.08296943231441048
2025-01-17,4,5.0,3.6915844395934854,4.181384551787073,2.4476943751017446,3.6293899363688986,0.08529648713609272,0.06498891632178858,0.048214285714285716,0.060764604958451915,0.06191467122322716,0.042606516290726815,0.0830965417834179,0.06538853525202575,0.04745166959578207,0.07249579068036624,0.08960245625186078,0.08296943231441048
2025-01-18,4,4.0,3.7998710193526866,4.472587759970764,3.1497322719230585,3.767364081981205,0.09332324874707226,0.06705630289643333,0.048214285714285716,0.10634758758666024,0.07541744144673782,0.05426356589147287,0.09322468761832285,0.06821517419011232,0.04745166959578207,0.09545698364991217,0.10692138014849503,0.08296943231441048
2025-01-19,4,5.0,3.538814337074007,4.025317256903357,2.311230424119165,3.4774351414262648,0.07450873751304526,0.06202219728001291,0.048214285714285716,0.05271056156698164,0.05894143136860456,0.042606516290726815,0.07252718398179352,0.0622209279646438,0.04745166959578207,0.061667796186960125,0.08079153296560826,0.08296943231441048
2025-01-20,4,6.0,3.825576888170375,4.055581455031336,3.2576299249244585,3.7971795400080794,0.09527271975528892,0.06754280470688419,0.048214285714285716,0.1137276529898558,0.0772645224088423,0.05426356589147287,0.09547598456999543,0.06881984122745491,0.04745166959578207,0.06368629751230753,0.08247254850768276,0.08296943231441048
2025-01-21,4,4.0,4.1643359925460395,3.8782764067057376,3.0980207007227536,4.111020227954875,0.12239893547682174,0.07380508913798035,0.048214285714285716,0.10283235976058676,0.07451288776577578,0.05426356589147287,0.12039663708690762,0.07505436205433218,0.04745166959578207,0.052416336174172094,0.07282262808828674,0.08296943231441048
2025-01-22,4,3.0,3.6806988223807484,3.7876669385131287,2.6901969868564306,3.631173730604533,0.08450661216289686,0.06477947106212702,0.048214285714285716,0.07586014825982794,0.06689766855428567,0.05426356589147287,0.08322434391072783,0.06542537947372443,0.04745166959578207,0.04717185765257597,0.0680829592789505,0.08296943231441048
2025-01-23,4,1.0,3.049299737835515,3.3976798257726855,2.5464331056209435,3.0241564062247863,0.04466430111870391,0.05211569945252032,0.048214285714285716,0.0668017282436127,0.06398827673119997,0.042606516290726815,0.04507756151758268,0.05243514172363489,0.04745166959578207,0.028457739192730633,0.049312148714998866,0.03896103896103896
2025-01-24,4,2.0,3.3814468209409805,4.075110336685617,3.021941084391542,3.3634715341135086,0.06409796876579338,0.05890412833996103,0.048214285714285716,0.09769145909747137,0.07315844904556533,0.05426356589147287,0.0650303761577788,0.059807677122553644,0.04745166959578207,0.065009552143552,0.0835644425701221,0.08296943231441048
2025-01-25,4,9.0,3.955169369231728,4.379920775656656,2.6192147281092737,3.8883716371756054,0.10534510312098448,0.06997083485501249,0.048214285714285716,0.07135083634676528,0.06547700053388328,0.042606516290726815,0.10249295270280084,0.070655785870253,0.04745166959578207,0.0877650461461696,0.10129364794780032,0.08296943231441048
2025-01-26,4,3.0,3.893596329925477,3.9776260863481423,3.7567010222012236,3.8867515645392645,0.10050952835890258,0.06882230096991554,0.048214285714285716,0.14827799750336879,0.08516860888500806,0.12,0.10236660939412164,0.07062334558298067,0.04745166959578207,0.05856630775458491,0.07817038867675981,0.08296943231441048
2025-01-27,4,3.0,4.109325885915811,4.079726777056963,2.5891753919455036,4.033318361217296,0.117824497477513,0.07280663335728928,0.048214285714285716,0.06946370201600723,0.0648665525271501,0.042606516290726815,0.1140307535287482,0.07353267868314618,0.04745166959578207,0.06532473615310079,0.08382337020518645,0.08296943231441048
2025-01-28,4,5.0,3.744418844398117,4.44094951294276,2.337157026702479,3.674055753513335,0.08917483900476361,0.06600126680255007,0.048214285714285716,0.054212673993694185,0.05951621788120436,0.042606516290726815,0.08632185327422026,0.06630873556247456,0.04745166959578207,0.09279087657187596,0.10498831461760039,0.08296943231441048
2025-01-29,4,3.0,3.745208096892663,4.058140175041096,2.6769006041707746,3.6917927222565687,0.08923332922574297,0.066016336720477,0.048214285714285716,0.07501032736690362,0.06663384870161809,0.05426356589147287,0.0876170264828983,0.06667278216297448,0.04745166959578207,0.06385874656074325,0.08261529266736896,0.08296943231441048
2025-01-30,4,4.0,3.4355559457300133,3.734076336257529,2.8554937380032905,3.4065528353436774,0.06759427269148198,0.05998338448429118,0.048214285714285716,0.08660107443179421,0.07009223779515886,0.05426356589147287,0.06781957592693925,0.06072373081204024,0.04745166959578207,0.04423228282377486,0.06534377926877928,0.08296943231441048
2025-01-31,4,2.0,4.030718667272568,4.139014173122175,3.884395494855707,4.023402508651725,0.11139647200605148,0.07136763507102585,0.048214285714285716,0.15713252346278275,0.08704028435562751,0.12,0.11322716170690962,0.07333746665885073,0.04745166959578207,0.06945338379827666,0.08717598851594834,0.08296943231441048
2025-02-01,4,5.0,4.327557535255197,3.9325683671092975,4.665702781073127,4.3444647975460935,0.13631376204465598,0.07672702155698878,0.11363636363636363,0.2103020414506724,0.09740464725269728,0.3076923076923077,0.1401979400852827,0.07954214758456561,0.125,0.05572513395453236,0.07572590898133023,0.08296943231441048
2025-02-02,4,5.0,4.636385837274968,3.976565145728253,3.3264174010798624,4.570887415465213,0.16384957970579447,0.08209640692948426,0.11363636363636363,0.11845884445682535,0.07841467011600003,0.05426356589147287,0.16023361415490198,0.0837790864439401,0.125,0.0584984146962498,0.07811247093657642,0.08296943231441048
2025-02-03,4,5.0,3.510778607044793,3.9204774016857904,4.464832867330905,3.558481320059099,0.07260049173225133,0.061471329334618165,0.048214285714285716,0.19686544953256763,0.09490134854541048,0.2,0.0780853392998261,0.06391752827153371,0.04745166959578207,0.05497742302904453,0.07507531514133566,0.08296943231441048
2025-02-04,4,3.0,3.5146434021831365,3.948153556774155,2.9650217046153,3.487162317304745,0.0728621950087997,0.061547386876927616,0.048214285714285716,0.09387259234117842,0.0721261559060107,0.05426356589147287,0.0731845070871821,0.06242541567486004,0.04745166959578207,0.05669810115068368,0.07656788703068225,0.08296943231441048
2025-02-05,4,5.0,3.4790954577232016,3.3647197065672696,3.129905824256954,3.4616359760498896,0.07047153395873217,0.060846381540920196,0.048214285714285716,0.10499798784246135,0.07507214136220744,0.05426356589147287,0.07146530413485916,0.061888292443013825,0.04745166959578207,0.02715219488342877,0.047855130080186915,0.03896103896103896
2025-02-08,4,8.0,3.558099363638681,4.82400387849695,3.945904104318806,3.577489600672687,0.07583450309118502,0.062399962939320285,0.048214285714285716,0.1613889859453325,0.08792213969099583,0.12,0.07941532545064396,0.06431308114443346,0.04745166959578207,0.12776806334371543,0.12913982126701895,0.08296943231441048
2025-02-09,4,9.0,3.80718334801279,4.989843149235293,3.7661406759501572,3.8051312144096583,0.09387611634353261,0.06719485966630666,0.048214285714285716,0.14893315001807975,0.08530891138101199,0.12,0.09608003096762051,0.06898073627222098,0.04745166959578207,0.1446485701371184,0.1400527863339083,0.08296943231441048
2025-02-10,4,1.0,3.9845345877135387,4.384118280440314,2.8582518805559545,3.9282204523556596,0.10768204131328442,0.07051537485468334,0.048214285714285716,0.08678281501133356,0.07014424436849392,0.05426356589147287,0.10561924270167714,0.07145172251581837,0.04745166959578207,0.08810576068494587,0.10154630059669997,0.08296943231441048
2025-02-11,4,4.0,4.108777873162554,4.3811357346161985,3.1342781190253275,4.0600528854556925,0.11777923576440887,0.07279665140916698,0.048214285714285716,0.10529542116235975,0.07514845027206932,0.05426356589147287,0.11620738216978717,0.07405783955172106,0.04745166959578207,0.08786358971256295,0.10136675525171704,0.08296943231441048
2025-02-12,4,2.0,3.935228507228125,4.0632824672907075,3.6675896489468904,3.921846564314063,0.10376940064201537,0.06959987670503674,0.048214285714285716,0.142091018367822,0.0838283595580382,0.12,0.10511680002073194,0.07132466820700988,0.04745166959578207,0.06420616493763724,0.08290245834687451,0.08296943231441048
2025-02-13,4,5.0,3.685875722511799,3.8486936745556233,2.6647115827225134,3.634817515522335,0.08488185929096065,0.06487911453802944,0.048214285714285716,0.07423331770221432,0.06639107617130839,0.05426356589147287,0.0834856691054325,0.06550061725502808,0.04745166959578207,0.050666008076302275,0.07126047327848929,0.08296943231441048
2025-02-14,4,6.0,4.104816609639994,4.231172705127616,3.8722927603977504,4.0931904171778815,0.11745224928997934,0.07272447694938881,0.048214285714285716,0.15629422223616432,0.08686528365018434,0.12,0.11892528726187283,0.07470644274763379,0.04745166959578207,0.07616842797533178,0.09248536580266478,0.08296943231441048
2025-02-15,4,6.0,3.0175918066698126,4.012350859294916,2.5808109650236397,2.995752764587504,0.042998998573472905,0.05145316206502137,0.048214285714285716,0.06894058843523064,0.06469557948842168,0.042606516290726815,0.04357670109072528,0.0518057050222653,0.04745166959578207,0.060814951803109175,0.08007549335086797,0.08296943231441048
2025-02-16,4,6.0,3.098876164653562,4.106394428378396,2.1592807972710393,3.051896396284436,0.04733593473825289,0.053146616714443956,0.048214285714285716,0.04420148522612495,0.05547514561743048,0.042606516290726815,0.04656931783775226,0.05304809904627995,0.04745166959578207,0.06716325570691636,0.08532515341193758,0.08296943231441048
2025-02-17,4,2.0,3.7533509087276875,4.129156553377492,2.2157143166799314,3.6764690791252996,0.08983772215444012,0.06617172436347671,0.048214285714285716,0.04730045006963102,0.056782327988553684,0.042606516290726815,0.08649760033853918,0.06635831411241969,0.04745166959578207,0.06875652666386693,0.0866150751319743,0.08296943231441048
2025-02-18,4,4.0,2.5468144986451042,4.34509279436853,1.8155119538773614,2.5102493714067173,0.022355281203835658,0.04134409936727072,0.048214285714285716,0.027160591488926446,0.04697109589836716,0.042606516290726815,0.02219634722788126,0.040793668751577514,0.04745166959578207,0.08496641686307886,0.09920579784687666,0.08296943231441048
2025-02-19,4,3.0,2.71586424219925,3.418513148116358,2.4341811917182636,2.701780089675201,0.028880934275044182,0.04502934276300855,0.048214285714285716,0.05995139131190641,0.061625905826757345,0.042606516290726815,0.02965632079229299,0.04518992939867475,0.04745166959578207,0.029304358735519394,0.05024395579054297,0.03896103896103896
2025-02-20,4,3.0,2.748377953910353,3.44966634465976,1.9284215711818176,2.7073801347739264,0.030250290774749427,0.04573147367261817,0.048214285714285716,0.03237947662314732,0.04987046306021619,0.042606516290726815,0.029893633587915455,0.04531755463110942,0.04745166959578207,0.030601598249108755,0.05165288606797109,0.03896103896103896
2025-02-21,4,2.0,3.6114541825877877,3.747788144782265,3.1337626246632557,3.587569604691561,0.07955736320499854,0.06344018579274106,0.048214285714285716,0.10526034800580894,0.07513945817026257,0.05426356589147287,0.08012460785908043,0.0645224770771946,0.04745166959578207,0.044972994293551206,0.06604001150137304,0.08296943231441048
2025-02-22,4,4.0,3.810293555890704,3.4393026480864792,2.7452632682177733,3.757042041507057,0.09411167820509157,0.06725375307900577,0.048214285714285716,0.07940336063171016,0.06797920925070826,0.05426356589147287,0.09245035551723592,0.06800533213867418,0.04745166959578207,0.03016587191416421,0.051182119967191235,0.03896103896103896
2025-02-24,4,3.0,2.2915842632127568,3.9294970003931837,1.3861856896456786,2.246314334534403,0.0143628519171159,0.035688541284984096,0.021739130434782608,0.011361698799307608,0.034940075728629436,0.03333333333333333,0.013980339314783834,0.03466271583897071,0.02127659574468085,0.055534610376650244,0.07556042726006515,0.08296943231441048
2025-02-25,4,5.0,3.78997845959104,4.170229397359199,2.7589154858404368,3.73842531090351,0.09257743880176733,0.06686864478080094,0.048214285714285716,0.08028748152490496,0.0682446299522864,0.05426356589147287,0.09106043660641237,0.06762620154493461,0.04745166959578207,0.07168737948019727,0.08896119614494306,0.08296943231441048
2025-02-26,4,4.0,3.9395998139130812,4.217488230761205,2.910533579975624,3.8881465022162085,0.10411403112315339,0.06968127771094096,0.048214285714285716,0.09024160544746761,0.07112227862291116,0.05426356589147287,0.10247539171047358,0.07065127815419192,0.04745166959578207,0.07514849667111348,0.0916896257349229,0.08296943231441048
2025-02-27,4,11.0,3.2849149769243002,3.6332340517679835,1.9206406256749522,3.216701259361833,0.05808453512496646,0.056960103660376515,0.048214285714285716,0.03200717959550844,0.04967408276949157,0.042606516290726815,0.05595130614513488,0.056652626878310346,0.04745166959578207,0.03902390813338416,0.06032314549515673,0.041666666666666664
2025-02-28,4,5.0,4.044811167442754,3.0349996866923155,2.6107091440622576,3.973106066273729,0.11253919309699059,0.07162668412183279,0.048214285714285716,0.07081517167816606,0.06530471748147841,0.042606516290726815,0.1091827528467266,0.07234369099975255,0.04745166959578207,0.016265346929087758,0.03448279837505864,0.037037037037037035
2025-03-01,4,1.0,3.1770729888083484,3.0351174662103975,1.9108321293586856,3.1137609458358653,0.051716236370737426,0.054760190006918556,0.048214285714285716,0.031540472407215574,0.049425814704712044,0.042606516290726815,0.04998772689211157,0.054408683660703595,0.04745166959578207,0.01626856814176267,0.03448717225525541,0.037037037037037035
2025-03-02,4,6.0,3.090687259968002,3.4730102058916548,2.0153949114548775,3.036922642542346,0.04688896157335588,0.05297675386750366,0.048214285714285716,0.03666178183145564,0.05203178048333155,0.042606516290726815,0.0457609066345564,0.05271744996458646,0.04745166959578207,0.03159839199687508,0.05272074337123279,0.03896103896103896
2025-03-03,4,5.0,3.7815547371278453,3.1605185352205094,2.37873236928897,3.7114136187359015,0.09194431788937257,0.06670865919426246,0.048214285714285716,0.0566496347877501,0.06042813051671362,0.042606516290726815,0.08905915303674884,0.06707459122379575,0.04745166959578207,0.01995983505469069,0.03931003554435107,0.037037037037037035
2025-03-04,4,4.0,3.4061327592935107,3.6231280667401573,3.663461134083244,3.418999178032997,0.06568204541004274,0.059397441624009145,0.048214285714285716,0.14180432980803148,0.08376556356783577,0.12,0.06863560757684542,0.06098752747692462,0.04745166959578207,0.03852497895504274,0.0598298460954923,0.041666666666666664
2025-03-05,4,6.0,3.6078569224810897,3.217751003078132,3.5710041148254854,3.6060142820983097,0.0793038524391047,0.0633702792365028,0.048214285714285716,0.1353852369888225,0.08234249884828314,0.12,0.08142958764408816,0.06490498292760648,0.04745166959578207,0.021823821163527494,0.041619901132937044,0.037037037037037035
2025-03-06,4,5.0,3.9562227059799797,4.108295051643355,2.006306722595741,3.8587269068107677,0.10542859059273549,0.0699904033853352,0.048214285714285716,0.03620416932223276,0.05180880779220742,0.042606516290726815,0.1001905838285273,0.07006117461915096,0.04745166959578207,0.06729544702811609,0.08543257778778494,0.08296943231441048
2025-03-07,4,2.0,4.755271235451245,3.427189680477892,2.9903425580298286,4.667024801580174,0.17479761514543815,0.08411070069400414,0.11363636363636363,0.095568332780987,0.07258741585443419,0.05426356589147287,0.16894601494027356,0.08554500718361345,0.125,0.02966188092681421,0.05063449329114824,0.03896103896103896
2025-03-08,4,2.0,2.989786061369368,4.302308483666637,3.5388914652799723,3.017241331564898,0.041566710326518444,0.050870133632020996,0.048214285714285716,0.13315702799233128,0.08184057244639577,0.12,0.0447096824581598,0.05228206904561071,0.04745166959578207,0.08159804770130047,0.09666203038021885,0.08296943231441048
2025-03-09,4,6.0,3.045082740022531,4.5513168341768315,1.8123850121252065,2.983447853627665,0.044440864365168364,0.05202772798136879,0.048214285714285716,0.02702182237334825,0.04688926570123732,0.042606516290726815,0.042934896806803034,0.05153245850569862,0.04745166959578207,0.10226920839163094,0.11178242669422686,0.08296943231441048
2025-03-10,4,9.0,3.080203957559201,4.664106912195276,3.4847327385019535,3.1004303966063387,0.04632002685568985,0.052759054313869194,0.048214285714285716,0.1294019042963801,0.08098486427703004,0.12,0.04924051132123431,0.05411625997988277,0.04745166959578207,0.11246375178953566,0.11886752537376788,0.08296943231441048
2025-03-11,4,4.0,2.9396409767060976,3.801489379326238,1.9039127099781035,2.887854563369698,0.03905043790774785,0.04981395893092112,0.048214285714285716,0.031212990458553302,0.04925019252945555,0.042606516290726815,0.038123258834855976,0.0493983206919883,0.04745166959578207,0.04794955319507288,0.06879727974769588,0.08296943231441048
2025-03-12,4,7.0,2.085997997758026,3.2070282018534346,1.8655891851344055,2.0749775571268447,0.009475677663280445,0.031084027587549138,0.021739130434782608,0.0294259196409699,0.04827025377264614,0.042606516290726815,0.009872705588512887,0.030667697602846954,0.02127659574468085,0.02146579632152566,0.04118201816019378,0.037037037037037035
2025-03-13,4,4.0,3.297659149248742,4.1436096016401125,2.895919016337472,3.2775721426031788,0.05886170858358347,0.0572181198814488,0.048214285714285716,0.08927216879275661,0.07085036067685307,0.05426356589147287,0.05963601405085919,0.057967525644014334,0.04745166959578207,0.06977966076726835,0.08743794441339851,0.08296943231441048
2025-03-14,4,4.0,2.9381744167349724,3.5093110870080677,2.8770371164871205,2.93511755172258,0.03897814364209821,0.04978297875929486,0.048214285714285716,0.08802260049706065,0.07049735329258006,0.05426356589147287,0.040463460659717364,0.050455965438628445,0.04745166959578207,0.03319095215514911,0.05440171339824514,0.03896103896103896
2025-03-15,4,1.0,2.7123004533563964,3.3569954055313294,2.22233163419496,2.6878020123983246,0.028733085319524995,0.04495224613591851,0.048214285714285716,0.047668719155207956,0.05693405257552418,0.042606516290726815,0.029068731753974522,0.04487112306409754,0.04745166959578207,0.02685219908612058,0.047516738682361684,0.0375094362603211
2025-03-17,4,4.0,2.9260116032946617,4.149454492450114,3.210502949308882,2.940236170595373,0.03838142646514946,0.049525849211137646,0.048214285714285716,0.11049736561367463,0.07646434429311601,0.05426356589147287,0.0407214669739296,0.05057021928848861,0.04745166959578207,0.07019595051232382,0.08777155365141869,0.08296943231441048
2025-03-18,4,6.0,3.0292754645569926,3.9560447059198185,2.7788965906887935,3.0167565208635825,0.04360866600784046,0.05169757979159964,0.048214285714285716,0.08158534840472673,0.06863117499400166,0.05426356589147287,0.044683950602940864,0.052271333159267436,0.04745166959578207,0.05719467930478477,0.07699563803373198,0.08296943231441048
2025-03-19,4,6.0,3.1159469916082796,4.204561449105589,2.574876174937098,3.0888934507747208,0.04827489862545291,0.0535001791504767,0.048214285714285716,0.06857006031121099,0.0645740048565562,0.042606516290726815,0.04859852575094152,0.05386284543260288,0.04745166959578207,0.07419233922864618,0.09094027536287697,0.08296943231441048
2025-03-20,4,5.0,3.2133647707803963,4.069649449966775,2.1084056209730164,3.1581168132900275,0.05381741750576058,0.05550382101566703,0.048214285714285716,0.041474194329020324,0.05427604877268835,0.042606516290726815,0.052515596630454874,0.05537867191297439,0.04745166959578207,0.06463788884602431,0.08325855260621703,0.08296943231441048
2025-03-21,4,4.0,3.505838652479533,4.188718178544357,3.520892338293967,3.5065913367702546,0.07226661747233354,0.06137405764984658,0.048214285714285716,0.13190860706228819,0.08155747733673469,0.12,0.0745054819916921,0.06283315522487766,0.04745166959578207,0.07303014160987337,0.09002497056461453,0.08296943231441048
2025-03-22,4,1.0,3.3875596970331374,4.053338762884862,2.2627122584018347,3.3313173251015726,0.06448849323413629,0.0590264307831074,0.048214285714285716,0.04993745666753343,0.0578529538491757,0.042606516290726815,0.06298483399956946,0.05912098620767387,0.04745166959578207,0.0635353775250822,0.08234751393461465,0.08296943231441048
2025-03-23,4,11.0,4.043753744400391,4.494898002931022,2.754985222642824,3.9793153183125125,0.11245330064198095,0.07160726280162368,0.048214285714285716,0.08003273307569149,0.06816832897015307,0.05426356589147287,0.10967914772383569,0.07246670173505482,0.04745166959578207,0.09736175973234558,0.10829162254379468,0.08296943231441048
2025-03-24,4,16.0,2.9084599281541483,3.501048737859104,1.8603812111726354,2.856055992305073,0.03752930725293481,0.049154176387806094,0.048214285714285716,0.029186602317349992,0.04813613266841092,0.042606516290726815,0.036591720923634,0.04868406467631849,0.04745166959578207,0.032823903962768824,0.05401694276519925,0.03896103896103896
2025-03-25,4,8.0,3.253439993352696,3.3260726204583375,3.2621858994622563,3.253877288658174,0.056187214798846835,0.056321090564427294,0.048214285714285716,0.11404044804302511,0.07734134788233703,0.05426356589147287,0.05818791517028307,0.05745675253664912,0.04745166959578207,0.025673700964173724,0.046173796105527194,0.037037037037037035
2025-03-26,4,5.0,3.010139913244985,3.58565862149216,2.5735623127533898,2.9883110332204055,0.04261256867484497,0.05129709655449216,0.048214285714285716,0.06848810344349313,0.06454706052146378,0.042606516290726815,0.043187944538153514,0.05164049228085835,0.04745166959578207,0.0367113710334946,0.05801683132921192,0.041666666666666664
2025-03-29,4,7.0,3.004229523058165,4.4324794565629055,2.8128628994128437,2.994661191875899,0.04230741765338906,0.051173218316283874,0.048214285714285716,0.08380184896422256,0.06928309569226743,0.05426356589147287,0.04351956092204203,0.05178147896561437,0.04745166959578207,0.09208412324860055,0.10447283262911217,0.08296943231441048
2025-03-30,4,5.0,3.696625800160532,3.7866705017244726,3.7158101879089784,3.6975850195479545,0.08566336804842403,0.06508581419649495,0.048214285714285716,0.14543933652253355,0.0845571738441532,0.12,0.08804173630573803,0.06679149927312626,0.04745166959578207,0.04711610464387689,0.06803158797727475,0.08296943231441048
2025-03-31,4,2.0,2.9871137831662407,4.088592784196829,3.2689603574003505,3.0012061118779463,0.04143044663063038,0.0508140023455352,0.048214285714285716,0.11450571204887923,0.07745541112521906,0.05426356589147287,0.04386276401100023,0.05192669492094792,0.04745166959578207,0.06593260754214299,0.08432151674114607,0.08296943231441048
2025-04-01,4,3.0,3.1150020964883285,3.97400479005493,2.7057849500129336,3.094541239164559,0.048222671985768,0.05348062801502113,0.048214285714285716,0.07685932498933086,0.06720562592037714,0.05426356589147287,0.04891225787463371,0.05398694068436678,0.04745166959578207,0.05833476674349552,0.0779727696462092,0.08296943231441048
2025-04-02,4,2.0,2.8135305280233713,3.349360998974516,2.2204632656202166,2.7838771649032137,0.03310528112749994,0.04713150180412467,0.048214285714285716,0.04756463829102376,0.05689124660243916,0.042606516290726815,0.033244407282788636,0.04705508985555281,0.04745166959578207,0.026557906411974825,0.0471834349159191,0.037037037037037035
2025-04-03,4,3.0,2.9237287244785226,3.505011276669453,2.522388537433492,2.903661715126271,0.03826999406726609,0.04947754847368512,0.048214285714285716,0.06531673493777272,0.06348912746557338,0.042606516290726815,0.03889746707876569,0.049752584752370384,0.04745166959578207,0.03299959944051437,0.054201315907285184,0.03896103896103896
2025-04-04,4,2.0,3.191460277999749,4.008829730727643,1.8501922765862573,3.1243968779290747,0.05254408140797963,0.055055389698126005,0.048214285714285716,0.028720879634073482,0.047873074327905274,0.042606516290726815,0.050588058250656716,0.05464169761493009,0.04745166959578207,0.06058459373758687,0.07988148277993869,0.08296943231441048
2025-04-05,4,5.0,2.579899440922698,3.8225476255820023,2.2521411318860345,2.5635115254708647,0.023554197079422766,0.04206967484382055,0.048214285714285716,0.049340011823279614,0.05761354722634358,0.042606516290726815,0.024142959647418135,0.04202187317429427,0.04745166959578207,0.04914979131362779,0.06989161480479772,0.08296943231441048
2025-04-06,4,3.0,2.781421776663883,3.6203011851174,1.997135968777557,2.7422074862695665,0.03167977738998842,0.04644270754640069,0.048214285714285716,0.035744751203054266,0.05158313556074209,0.042606516290726815,0.031393979417570765,0.04610998220893112,0.04745166959578207,0.03838616200229797,0.05969218463120993,0.041666666666666664
2025-04-07,4,3.0,2.737031622462244,3.5044072240727817,2.812505030859806,2.740805292882122,0.029768233019019635,0.0454867078708571,0.048214285714285716,0.08377843068923356,0.0692762607384981,0.05426356589147287,0.03133275954718927,0.04607812158729781,0.04745166959578207,0.03297277616014309,0.054173190980678215,0.03896103896103896
2025-04-08,4,4.0,2.4931874537064993,3.503665926580177,2.0641642744761812,2.4717362947449835,0.020492290163715975,0.04016392020411789,0.03852971966902228,0.039156302423800894,0.05321704297293952,0.042606516290726815,0.020849859269107093,0.039903230007209994,0.04745166959578207,0.032939878174452555,0.05413868518410725,0.03896103896103896
2025-04-09,4,3.0,2.757545483003533,3.273885364827395,3.1121846755239915,2.775277442629556,0.030643062523977783,0.045929034367951344,0.048214285714285716,0.10379361852832955,0.07476192192141033,0.05426356589147287,0.03285759071468497,0.04686031405390375,0.04745166959578207,0.02376544038805443,0.043950373723143095,0.037037037037037035
2025-04-10,4,3.0,3.187146648860406,2.3172596250717596,2.660695843893252,3.1608241086120485,0.05229516542261857,0.054966937257831416,0.048214285714285716,0.07397776019202396,0.06631089888176887,0.05426356589147287,0.05267194669753076,0.055437724763566315,0.04745166959578207,0.0037640497248199525,0.013445949477672896,0.0
2025-04-11,4,3.0,2.6996452326989977,3.346565133940352,1.9742409058684998,2.663375016357473,0.028211648521761713,0.044678255668966445,0.048214285714285716,0.03460823290860359,0.05101676890597249,0.042606516290726815,0.028058227084376258,0.04431317538374752,0.04745166959578207,0.026450679697129956,0.04706165914528212,0.037037037037037035
2025-04-12,4,4.0,2.98352418275316,3.4560451037701627,1.7044161278902326,2.919568780010014,0.041247790676278276,0.05073857539610475,0.048214285714285716,0.0224310618770186,0.04401212084335017,0.042606516290726815,0.03968517418600817,0.05010854817372961,0.04745166959578207,0.0308718615254063,0.05194365449718351,0.03896103896103896
2025-04-13,4,6.0,2.642352839016692,3.3861555411448157,2.5144171922888248,2.635956056680299,0.025920950912656202,0.043433722048110024,0.048214285714285716,0.06482647523168988,0.0633228309651679,0.042606516290726815,0.02694868642497088,0.04368566901564995,0.04745166959578207,0.027996561358452524,0.04880030983897484,0.03896103896103896
2025-04-14,4,1.0,2.7936243381125987,3.3536275911520113,2.259961707380392,2.7669412065759884,0.03221729203184602,0.0467047469707224,0.048214285714285716,0.049781767662635236,0.05779073957380099,0.042606516290726815,0.03248507083012647,0.04667136888337516,0.04745166959578207,0.026722105202526446,0.04736956524429317,0.037037037037037035
2025-04-15,4,2.0,2.6734935586236968,3.436563554680434,2.736069961091886,2.676622378747106,0.027151828753227615,0.0441110063570641,0.048214285714285716,0.07880924118542283,0.06779987279420993,0.05426356589147287,0.02860367184973077,0.04461589331916193,0.04745166959578207,0.030051407599129352,0.05105804019932955,0.03896103896103896
2025-04-16,4,2.0,2.955317589329637,3.1634984154116688,3.1937240760481274,2.9672379136655618,0.03982783319110659,0.050144796099783014,0.048214285714285716,0.109349737616876,0.07617700630973015,0.05426356589147287,0.0420971871491215,0.05117197944481491,0.04745166959578207,0.02005405337088008,0.03942863660813981,0.037037037037037035
2025-04-17,4,7.0,2.9029098539280667,3.4621136982489307,2.505399710834881,2.8830343467734076,0.03726206666582468,0.049036496920910784,0.048214285714285716,0.06427312809337209,0.06313421672927066,0.042606516290726815,0.03788887176138929,0.04929018618270766,0.04745166959578207,0.031130456448433035,0.052221001373567985,0.03896103896103896
2025-04-18,4,3.0,2.5610289448436148,3.3170405593526504,2.141798133297385,2.540067404266303,0.022865731669803015,0.04165607566538183,0.048214285714285716,0.043257005424893163,0.05506532247119261,0.042606516290726815,0.023274023154516054,0.041481747933731904,0.04745166959578207,0.025336227675574488,0.0457851070847306,0.037037037037037035
2025-04-19,4,1.0,2.4029848217598024,3.40888916691245,1.8922175442955878,2.3774464578865917,0.017580790426124905,0.038168354570173285,0.027777777777777776,0.03066281210232684,0.04895244937433433,0.042606516290726815,0.017768003520714424,0.037716160866165305,0.030303030303030304,0.028911189870562674,0.04981246589755317,0.03896103896103896
2025-04-20,4,3.0,2.103309238440152,3.1461018258927496,2.230724258725649,2.1096799894544267,0.009836683936025029,0.03147244452903705,0.021739130434782608,0.048137228633900395,0.057126017818217203,0.042606516290726815,0.0106302198031846,0.03147624832260777,0.02127659574468085,0.01950834939026245,0.03873883971602917,0.037037037037037035
2025-04-21,4,3.0,2.841739450451291,2.5359410991834967,1.928544263030138,2.7960796910802337,0.03438726093620002,0.0477347207855956,0.048214285714285716,0.0323853616535562,0.04987355562030356,0.042606516290726815,0.03379767099973064,0.04733121719648097,0.04745166959578207,0.006252954867170998,0.018657398760512957,0.0
2025-04-22,4,6.0,2.90062404526364,2.7755536487681494,1.7996920907996774,2.845577447540442,0.03715231229019279,0.04898800930952589,0.048214285714285716,0.026461818390511177,0.04655624063024169,0.042606516290726815,0.03609463599747361,0.048448235162082076,0.04745166959578207,0.010207330365484608,0.025573993236877642,0.028985507246376812
2025-04-23,4,3.0,2.6946987700472373,3.3026056737292184,1.5051528258753484,2.635221472838643,0.028009357918998494,0.0445710717588494,0.048214285714285716,0.015048567812017959,0.03843475289863856,0.042606516290726815,0.026919320496328874,0.04366884013358564,0.04745166959578207,0.02480317345430519,0.045167274100522535,0.037037037037037035
2025-04-24,4,4.0,2.068399496127266,3.6023331437260664,1.5018776976483221,2.0400734062033186,0.009117861622525513,0.03068914782822011,0.021739130434782608,0.014939672319004801,0.03834017605699627,0.042606516290726815,0.009147740129574226,0.02985524259719635,0.02127659574468085,0.03751142230508164,0.05882053474275454,0.041666666666666664
2025-04-25,4,7.0,3.1987183106559933,3.96483854453576,2.602586362783591,3.168911713262373,0.052964271715392204,0.05520411176261031,0.048214285714285716,0.07030458701939817,0.06513977304477807,0.042606516290726815,0.05314042076867052,0.055614031475302514,0.04745166959578207,0.05775118617733083,0.0774734534789309,0.08296943231441048
2025-04-26,4,3.0,2.6508979340724808,3.6395976503746015,1.992040617543419,2.6179550682460277,0.026255340132664083,0.043619764633134,0.048214285714285716,0.03549052223988456,0.05145745673064211,0.042606516290726815,0.02623448145010773,0.043273022578914015,0.04745166959578207,0.03934021632297139,0.060634701398594074,0.0521806492350399
2025-04-27,4,3.0,2.729850394791226,3.731233819950893,2.2706631118349843,2.7068910306434137,0.02946545539433191,0.04533164968094707,0.048214285714285716,0.050388428980613596,0.05803248503337253,0.042606516290726815,0.029872863385898507,0.045306410188752866,0.04745166959578207,0.044079709674259414,0.06519984816053356,0.08296943231441048
2025-04-28,4,2.0,2.5063004146937367,3.1668263843339393,2.343226880076988,2.4981467379628994,0.020938684391965976,0.0404529520004239,0.048214285714285716,0.054566321739516706,0.059650102985633224,0.042606516290726815,0.021767705899013823,0.04051405192656201,0.04745166959578207,0.02015964244084241,0.039561308919019024,0.037037037037037035
2025-04-29,4,2.0,2.577934066143689,3.320460059674152,2.526168721230784,2.575345798898044,0.02348191689056014,0.042026628793888014,0.048214285714285716,0.0655495867493236,0.06356784623716841,0.042606516290726815,0.02458882916222792,0.042294217310218506,0.04745166959578207,0.025463636454408384,0.04593207290188078,0.037037037037037035
2025-04-30,4,7.0,2.691056662328444,3.438535270177756,3.0744614511747637,2.7102269017707603,0.027860956273674718,0.04449211912470903,0.048214285714285716,0.10123626071990868,0.07409650897184167,0.05426356589147287,0.03001468894724525,0.045382410800724145,0.04745166959578207,0.030133774520752395,0.05114734362593856,0.03896103896103896
2025-05-01,4,3.0,3.196937412571695,3.533355394945962,2.0872071761058897,3.1414509007484046,0.05286101109598865,0.05516763229927659,0.048214285714285716,0.04035718148148403,0.05377052759423528,0.042606516290726815,0.05155832211956361,0.05501476288484789,0.04745166959578207,0.03427451068185648,0.055528658635522456,0.041666666666666664
2025-05-02,4,1.0,2.5078689951427764,3.33740600133894,2.397763504941392,2.502363720632707,0.020992478109292997,0.04048750691395114,0.048214285714285716,0.05777637212990874,0.060841583669123754,0.042606516290726815,0.021916485578227996,0.04061150171679828,0.04745166959578207,0.026101465554107302,0.046663804605667505,0.037037037037037035
2025-05-03,4,3.0,3.1274877858636896,2.8682910460804303,2.7856859121513557,3.110397692178073,0.04891517929543575,0.05373879295965526,0.048214285714285716,0.08202737589929265,0.06876200237086691,0.05426356589147287,0.04979865951097307,0.05433494547847278,0.04745166959578207,0.012142951509485127,0.028590398885360475,0.037037037037037035
2025-05-04,4,4.0,2.615104929295295,3.2262674840312293,1.9165885146912598,2.580179108565093,0.02487166854015445,0.04283952262742864,0.048214285714285716,0.03181401935972962,0.04957161445095601,0.042606516290726815,0.024772328158687212,0.04240538699288522,0.04745166959578207,0.022111098446575283,0.04196935740913883,0.037037037037037035
2025-05-05,4,4.0,2.760659364594312,3.46286842384699,2.910719591660276,2.76816237594761,0.03077714033675385,0.04599609706983046,0.048214285714285716,0.09025395680262117,0.07112573222577118,0.05426356589147287,0.03253949047152715,0.04669905572491805,0.04745166959578207,0.031162717375024095,0.05225554264270955,0.03896103896103896
2025-05-06,4,4.0,3.3174589429881274,3.4978483301847936,3.5999810985980556,3.3315850507686235,0.0600793170724658,0.057618159655320106,0.048214285714285716,0.13739661510163484,0.08279199131357773,0.12,0.06300173675855518,0.05912671430896001,0.04745166959578207,0.03268245379256371,0.05386824500979412,0.03896103896103896
2025-05-07,4,3.0,3.150900847045111,2.7835736224207404,3.1507501631470207,3.1508933128502066,0.05022768246987923,0.05422184644283665,0.048214285714285716,0.10641693556384912,0.07543511893430815,0.05426356589147287,0.052099584834092445,0.055221024001069825,0.04745166959578207,0.010365201525114314,0.025827400906709833,0.028985507246376812
2025-05-08,4,7.0,2.8932117407938955,3.8218471577097177,2.5202749936952875,2.874564903438965,0.036797647923535064,0.048830691645759254,0.048214285714285716,0.06518664556119393,0.0634450749520907,0.042606516290726815,0.037478964256232705,0.049100067826737655,0.04745166959578207,0.0491095673472421,0.06985509609982746,0.08296943231441048
2025-05-09,4,6.0,2.945713826719605,3.384812071904355,2.4102662611860217,2.9189414484429257,0.03935058638000347,0.04994218940696667,0.048214285714285716,0.058520324263728024,0.061111863699994204,0.042606516290726815,0.0396539459129903,0.05009452026277086,0.04745166959578207,0.02794312841140606,0.048740808816792935,0.03896103896103896
2025-05-10,4,4.0,2.99190931886023,3.551045324452689,2.4633446665090286,2.96548108624267,0.04167515220700061,0.050914720352508915,0.048214285714285716,0.06171047914656939,0.06224758780070965,0.042606516290726815,0.04200692846223188,0.05113287577013551,0.04745166959578207,0.03508642032360573,0.05636459973186182,0.041666666666666664
2025-05-11,4,5.0,2.713872840356101,3.172650083785331,1.8126804421255007,2.668813220444571,0.028798263410427332,0.04498626541132512,0.048214285714285716,0.027034919464072115,0.046897000502170424,0.042606516290726815,0.02828139985499742,0.044437481529595674,0.04745166959578207,0.020345343565662925,0.03979402630145369,0.037037037037037035
2025-05-12,4,5.0,2.8181476423874736,3.1490107969708183,2.0935342765477585,2.781916974095488,0.03331321572614259,0.04723035760814485,0.048214285714285716,0.04068935772780078,0.05392177629022176,0.042606516290726815,0.03315601235454579,0.04701070603147173,0.04745166959578207,0.019598870692301745,0.03885374714726087,0.037037037037037035
2025-05-13,4,3.0,2.727180154387009,3.0100848952654973,2.771033776954991,2.7293728355154085,0.029353330933484474,0.04527396530082243,0.048214285714285716,0.08107407798991514,0.06847933567530003,0.05426356589147287,0.0308361651813013,0.04581821612175765,0.04745166959578207,0.01559402050538814,0.033564199792849414,0.037037037037037035
2025-05-14,4,3.0,2.74527549541612,2.9452718919001213,2.604966076079436,2.738260024449286,0.030118033997382793,0.0456645742803538,0.048214285714285716,0.07045407290142426,0.06518813855762401,0.042606516290726815,0.031221807349636883,0.04602027859731392,0.04745166959578207,0.01393999945346642,0.031236825736724018,0.037037037037037035
2025-05-15,4,2.0,1.561854657592341,3.105758886551093,1.2872460856573622,1.548124228995592,0.0023251627131363156,0.019475001882572028,0.021739130434782608,0.008723256878048546,0.03194391923042017,0.02702702702702703,0.002418793768949425,0.018672676812895535,0.02127659574468085,0.01828283722248267,0.037163424093004944,0.037037037037037035
2025-05-16,4,1.0,2.7413131446448644,3.3437096517500824,2.4827357365940275,2.7283842742423228,0.029949608874489723,0.0455791025024708,0.048214285714285716,0.06288835146963238,0.06265783791952698,0.042606516290726815,0.0307934380532476,0.04579573073663265,0.04745166959578207,0.026341469783216293,0.04693744542055484,0.037037037037037035
2025-05-17,4,4.0,6.191696456882853,4.088779538979729,3.849167173086807,6.074569992693051,0.313532443991778,0.1065115887933399,1.0,0.1546917939906801,0.08652952166654798,0.12,0.30283466940227327,0.10946045822198976,1.0,0.06594544791180999,0.08433202202376644,0.08296943231441048
2025-05-18,4,3.0,2.6999216326425857,3.492772654781334,2.2286519778134073,2.6763581499011266,0.02822297737832386,0.044684243419188134,0.048214285714285716,0.04802139662493897,0.05707866653805206,0.042606516290726815,0.028592732842105756,0.04460985835385897,0.04745166959578207,0.032458950662247125,0.053632811309633925,0.03896103896103896
2025-05-19,4,5.0,2.5922981879783413,3.6015222550759103,1.769414192000565,2.5511539881794527,0.024013274221699535,0.04234106882533022,0.048214285714285716,0.025147514778095494,0.04575625213378496,0.042606516290726815,0.023682562748549973,0.04173726804405137,0.04745166959578207,0.03747225496375299,0.05878133432733192,0.041666666666666664
2025-05-20,4,1.0,2.9354530879458616,3.310633989326859,2.9293914454022913,2.9351500058186835,0.038844191254918184,0.04972547876932166,0.048214285714285716,0.09149535690221014,0.07147147347529337,0.05426356589147287,0.04046509372295048,0.050456690033959195,0.04745166959578207,0.025098691516361904,0.045510385630918714,0.037037037037037035
2025-05-21,4,5.0,2.3318686814883227,3.741258725169692,1.7483428199305622,2.302692388410435,0.015478978683800076,0.03658698322860371,0.021739130434782608,0.024251018280467142,0.04519484781824844,0.042606516290726815,0.015538663472982085,0.03597669617980495,0.02127659574468085,0.04461929855582093,0.0657080741246195,0.08296943231441048
2025-05-22,4,2.0,2.941022860511095,3.065279296217357,2.601648516844757,2.924054143327778,0.03911862568436892,0.04984314566920579,0.048214285714285716,0.07024569720107737,0.0651207025775841,0.042606516290726815,0.03990884357700473,0.05020882165859837,0.04745166959578207,0.01710839724461913,0.03561695853720591,0.037037037037037035
2025-05-23,4,2.0,2.873859047987292,2.191211767598774,2.1816440833898927,2.839248299757422,0.035880614960622524,0.04841934663633111,0.048214285714285716,0.045420482109942956,0.05599600562580476,0.042606516290726815,0.03579622066394273,0.048305682165261994,0.04745166959578207,0.0027241804067415338,0.010908740030288463,0.0
2025-05-24,4,1.0,2.3325768881163387,3.306393353616362,2.5537589858035923,2.343635993000701,0.015499078837989315,0.03660276198175188,0.021739130434782608,0.0672559905010897,0.06413962636399978,0.042606516290726815,0.01673646832186861,0.03692991068104034,0.030303030303030304,0.024942298723000734,0.045328990845607264,0.037037037037037035
2025-05-25,4,2.0,3.906520663993135,6.217181092709963,3.5956993572350995,3.8909795986552336,0.10151716105052183,0.06906414179244572,0.048214285714285716,0.13709937141168507,0.08272577539308645,0.12,0.1026964630591296,0.07070799428126003,0.04745166959578207,0.2941140208095913,0.22681272332774385,1.0
2025-05-26,4,5.0,3.0385432429240846,3.8435965458098797,2.7425992021331544,3.023746040884538,0.044095557978089096,0.05189121972631525,0.048214285714285716,0.07923109112660168,0.0679272907151094,0.05426356589147287,0.0450556857312645,0.052426060877188874,0.04745166959578207,0.050368160974131,0.07099274189619062,0.08296943231441048
2025-05-27,4,7.0,2.8453012426821034,3.4081121401969043,1.670703083582565,2.7865713347271264,0.03455109643069555,0.04781075711898288,0.048214285714285716,0.021080046894982534,0.043092980153592544,0.042606516290726815,0.033366118052542235,0.047116080602498084,0.04745166959578207,0.02887960136392795,0.04977770586154607,0.03896103896103896
2025-05-28,4,3.0,2.9548325434114653,3.6977819716067,2.704564652585984,2.942319148870191,0.03980365358477617,0.05013456858906909,0.048214285714285716,0.07678099372023915,0.06718156919085962,0.05426356589147287,0.04082671481328457,0.050616697528344724,0.04745166959578207,0.04230937291883926,0.06351642428036697,0.08296943231441048
2025-05-29,4,4.0,2.5636224894220803,3.9385223936093436,2.4525926047811595,2.5580709951900342,0.022959622181802666,0.0417129590069922,0.048214285714285716,0.06106018080417744,0.06201904202524272,0.042606516290726815,0.023939612556253882,0.04189660017131649,0.04745166959578207,0.05609561785459467,0.07604712450647064,0.08296943231441048
2025-05-30,4,3.0,3.1269615906932438,3.7894357220340793,2.3763602740686447,3.089431524862014,0.0488858899435547,0.053727920782390484,0.048214285714285716,0.05650968134997573,0.06037642260969342,0.042606516290726815,0.04862837042855927,0.05387467140061643,0.04745166959578207,0.047270927852054535,0.06817418969051568,0.08296943231441048
2025-05-31,4,5.0,2.60971514875579,3.5621263086497175,2.3791027658981028,2.598184529612906,0.02466717711386441,0.04272181573936424,0.048214285714285716,0.05667149796037401,0.06043620108437502,0.042606516290726815,0.02546305668117695,0.042819211851090576,0.04745166959578207,0.03560138339409506,0.056891160961126834,0.041666666666666664
2025-06-01,4,4.0,2.7465591672328347,3.115823460719122,2.1369378171577655,2.7160780997290814,0.030172715754027742,0.0456922570667771,0.048214285714285716,0.04299577408334947,0.0549509748035264,0.042606516290726815,0.030264388838812557,0.045515668809923485,0.04745166959578207,0.01858338351327427,0.037553269837178604,0.037037037037037035
2025-06-02,4,2.0,1.8363524106968483,3.005706002396118,1.5401626931212606,1.821542924818069,0.00521972146218557,0.025496152952646723,0.021739130434782608,0.016238355559741395,0.039439897503780845,0.042606516290726815,0.005405738740291132,0.024804920312057804,0.02127659574468085,0.015478093337711895,0.03340412012539565,0.037037037037037035
2025-06-03,4,4.0,2.9044265845773145,2.405789909435926,2.0636664112551735,2.8623885759112078,0.03733499290067214,0.04906866371036529,0.048214285714285716,0.039130511618872335,0.05320503841573755,0.042606516290726815,0.03689395689951164,0.048826475165775846,0.04745166959578207,0.004658212657874216,0.015430429949837508,0.0
2025-06-04,4,4.0,2.9436738680418406,3.2424556422167177,1.9375515222442923,2.8933677507519633,0.03924962084985495,0.04989912476348349,0.048214285714285716,0.0328186325480948,0.05010025217904757,0.042606516290726815,0.03839231628811235,0.04952194061901596,0.04745166959578207,0.022664319694690366,0.042637673394567664,0.037037037037037035
2025-06-05,4,2.0,2.8111529116601885,3.3946268149972627,1.6933935540969276,2.755264943782026,0.03299849312809962,0.04708057653878573,0.048214285714285716,0.021984922584808015,0.04371269882028531,0.042606516290726815,0.03196734548938857,0.046406495365059815,0.04745166959578207,0.028335069979326277,0.04917630179842559,0.03896103896103896
2025-06-06,4,4.0,2.838367658971919,3.404682008847051,2.523848519315286,2.8226417019890873,0.03423257115145191,0.047662713788146155,0.048214285714285716,0.0654066395736101,0.06351954107352005,0.042606516290726815,0.03501978750479347,0.047931258517206345,0.04745166959578207,0.02874043310801994,0.04962439928076244,0.03896103896103896
2025-06-07,4,2.0,3.046224828539232,3.1955646384240812,2.864870628333539,3.0371571185289477,0.04450131843191131,0.052051557607839125,0.048214285714285716,0.08721924604157195,0.07026887630199768,0.05426356589147287,0.045773508274057455,0.052722631604999355,0.04745166959578207,0.02108754887687198,0.040716487137842435,0.037037037037037035
2025-06-08,4,7.0,3.159867281614002,3.2936647416203537,3.044411902971402,3.154094512681872,0.050735118357046145,0.05440647468539353,0.048214285714285716,0.09920575643267869,0.07356147355579692,0.05426356589147287,0.05228373901827957,0.05529090329537702,0.04745166959578207,0.024476865326401125,0.04478667155134384,0.037037037037037035
2025-06-09,4,7.0,3.979552178899449,3.098847738350078,2.4481358657094834,3.9029813632399506,0.10728415807933976,0.07042312799182443,0.048214285714285716,0.06079122856334873,0.06192408498072138,0.042606516290726815,0.10363499815867892,0.07094804402851225,0.04745166959578207,0.018078439444920307,0.03689695383975753,0.037037037037037035
2025-06-10,4,4.0,2.867415336272269,2.955089619157618,2.5229769144784275,2.850193415182577,0.03557815521013185,0.04828219076100162,0.048214285714285716,0.0653529626278355,0.06350138588487324,0.042606516290726815,0.03631314483466311,0.04855214980671344,0.04745166959578207,0.014182109246911616,0.03158356521064218,0.037037037037037035
2025-06-11,4,4.0,4.7695751828947,4.428092651443185,3.3985926166021785,4.701026054580074,0.17612589068740775,0.08435116062916599,0.11363636363636363,0.12343997925379589,0.07959940962579874,0.05426356589147287,0.17205296299778694,0.08616498783119983,0.125,0.09171924818831785,0.1042061944346859,0.08296943231441048
2025-06-12,4,4.0,3.0542207184961945,3.4314720649576143,2.1085314110516205,3.006936253123966,0.04492579661089178,0.05221830129404269,0.048214285714285716,0.041480857182224974,0.05427903809321986,0.042606516290726815,0.04416442017717718,0.05205375364342394,0.04745166959578207,0.02983941130579593,0.050827778886726196,0.03896103896103896
2025-06-13,4,4.0,3.4383639726237516,3.286954171460853,2.881013457173439,3.410496446851236,0.06777813141781419,0.06003918864471766,0.048214285714285716,0.0882854672756246,0.0705718524283992,0.05426356589147287,0.06807764205034729,0.06080735603247837,0.04745166959578207,0.02423389065607133,0.04450206144802462,0.037037037037037035
2025-06-14,4,16.0,7.661559272147828,8.58761831981465,6.973941066389692,7.627178361859921,0.4488732704419054,0.12669748710461823,1.0,0.346980964897883,0.12064203278578044,0.3076923076923077,0.4438888570079665,0.13267847627215268,1.0,0.6057301132589824,0.40737237143843735,1.0
2025-06-15,4,15.0,11.142807138556378,14.24270135469732,7.811058981236762,10.9762197306904,0.6853405506862864,0.1684723095399511,1.0,0.38806801958293474,0.12731674879776297,0.3076923076923077,0.6703928739681287,0.17636873494334218,1.0,0.9507826307164575,0.7819881904245841,1.0
2025-06-16,4,5.0,3.5688303043721246,3.696575262849466,3.3326903518412134,3.557023306745579,0.07657680644504507,0.06260975706358352,0.048214285714285716,0.11889113970280189,0.07851852452000464,0.05426356589147287,0.07798373272405583,0.06388715069254744,0.04745166959578207,0.04224637792139518,0.06345605872356996,0.08296943231441048
2025-06-17,4,4.0,3.28489125748651,3.6637016898597428,2.837439111278866,3.2625186501761276,0.05808309344502409,0.05695962305416762,0.048214285714285716,0.08541329346285026,0.06975077904282811,0.05426356589147287,0.058714004159359325,0.057643186631014566,0.04745166959578207,0.04055336196171343,0.061821309421788706,0.08296943231441048
2025-06-18,4,3.0,2.874513489816731,3.5714993519639067,2.2733497445193764,2.8444553025518635,0.03591141410297336,0.0484332711848426,0.048214285714285716,0.05054112611666615,0.058093046293843896,0.042606516290726815,0.03604162705779368,0.04842296680765725,0.04745166959578207,0.036040824259258,0.05733831385414869,0.041666666666666664
2025-06-19,4,7.0,2.6150303839449554,3.2906738458964595,1.9175009535209533,2.5801539124237554,0.024868833352678654,0.04283789502060854,0.048214285714285716,0.03185747116680105,0.04959469975672341,0.042606516290726815,0.024771369470763045,0.04240480755434478,0.04745166959578207,0.024368367162905653,0.04465970979881935,0.037037037037037035
2025-06-20,4,4.0,2.5395558675550345,3.1246116863957516,1.919783734026908,2.5085672608786282,0.02209731426971181,0.041184648923607264,0.048214285714285716,0.03196629105971186,0.04965242535669237,0.042606516290726815,0.02213646895041959,0.04075481697638415,0.04745166959578207,0.018848626581318455,0.03789540962995584,0.037037037037037035
2025-06-21,4,3.0,3.29728263651349,6.027490988449719,2.1931111617043686,3.2420740627730336,0.058838674219039495,0.05721050302006047,0.048214285714285716,0.04605018226057511,0.056261625765044114,0.042606516290726815,0.05747309980556973,0.0572018091403682,0.04745166959578207,0.26893866871256944,0.21287825310556055,1.0
2025-06-22,4,3.0,2.456512925433889,3.5186194537436934,3.132873457217678,2.4903309520230787,0.01927510086079542,0.03935406683894085,0.027777777777777776,0.10519985449611743,0.07512394487525402,0.05426356589147287,0.021493578768500943,0.040333378048687,0.04745166959578207,0.033607708960572386,0.05483671950820412,0.03896103896103896
2025-06-23,4,4.0,2.4028955502805966,3.582880840059847,1.9608777493159313,2.3807946602323633,0.01757804576151644,0.03816637364621187,0.027777777777777776,0.03395185581263756,0.05068422766321457,0.042606516290726815,0.017872255341800366,0.03779397143425402,0.030303030303030304,0.036579184582348025,0.05788343211061731,0.041666666666666664
2025-06-24,4,1.0,2.4717129471752846,3.0365405835546824,2.779847490418599,2.48711967433745,0.01977399050467653,0.03968997676900469,0.027777777777777776,0.08164722686217453,0.06864951412943757,0.05426356589147287,0.0213815583987327,0.04025912222959011,0.04745166959578207,0.01630752533560258,0.03454004469553359,0.037037037037037035
2025-06-25,4,5.0,3.4231090345881694,3.5586289945629797,2.1151948204126203,3.357713323879392,0.06678215173063519,0.05973578304230278,0.048214285714285716,0.04183438293580999,0.05443721489376372,0.042606516290726815,0.06466176851981102,0.059684890984126916,0.04745166959578207,0.03543832172382551,0.056724728095982516,0.041666666666666664
2025-06-26,4,3.0,3.0859113018488187,3.528808185237352,2.878412331273835,3.0755363533200697,0.046629311425146654,0.0528776087536925,0.048214285714285716,0.08811349573380799,0.07052312841017432,0.05426356589147287,0.04786071376952499,0.05356906260155918,0.04745166959578207,0.03406782714815764,0.055314711566042826,0.04049144050163266
2025-06-27,4,4.0,2.652044574673573,3.1315291588927883,2.546864208931004,2.6467855563864444,0.026300404542719372,0.043644718036489547,0.048214285714285716,0.06682843680948933,0.06399719256037377,0.042606516290726815,0.02738378865426578,0.04393366250204246,0.04745166959578207,0.01905925855407962,0.038165851999815856,0.037037037037037035
2025-06-28,4,3.0,3.446572301501137,3.2952883879015853,2.651877613164676,3.406837567084314,0.06831693623145271,0.06020219781642506,0.048214285714285716,0.07341733822464239,0.06613449640913979,0.05426356589147287,0.06783819316244988,0.06072976990556598,0.04745166959578207,0.02453590286290195,0.0448556692430213,0.037037037037037035
2025-06-29,4,6.0,3.9837570088384973,3.7680242856315087,2.388748425620866,3.9040065796776156,0.1076199089813941,0.0705009822696986,0.048214285714285716,0.057241774064467114,0.06064603897710748,0.042606516290726815,0.10371532060390744,0.07096853346534869,0.04745166959578207,0.04608047671252889,0.0670733448608801,0.08296943231441048
2025-06-30,4,2.0,3.5668982847545734,3.3708335886232543,2.1442790103336993,3.49576732103353,0.07644291917771344,0.06257200691019825,0.048214285714285716,0.043390573188768544,0.055123620039734096,0.042606516290726815,0.07376824114900539,0.06260611688801794,0.04745166959578207,0.027391245435401144,0.0481237987079188,0.03896103896103896
2025-07-01,4,4.0,3.1611539862040416,3.3770888770606757,2.4360622512078782,3.1248993994542333,0.05080815365915074,0.054432952643019054,0.048214285714285716,0.06006439576279236,0.06166617553118595,0.042606516290726815,0.050616513498149274,0.05465270035271129,0.04745166959578207,0.02763729174755594,0.04839943652189014,0.03896103896103896
2025-07-02,4,6.0,3.3441931922647243,3.547341126296171,2.508123339819086,3.3023896996424424,0.0617428613342996,0.05815671408053525,0.048214285714285716,0.06444011934188437,0.06319124088359364,0.042606516290726815,0.06117136565963621,0.058501030836946334,0.04745166959578207,0.03491537400130225,0.056189080595949716,0.041666666666666664
2025-07-03,4,5.0,2.584908965100197,3.3051082495200204,2.0454816400112312,2.557937598845749,0.02373903760856723,0.0421793620228127,0.048214285714285716,0.03819304516268398,0.05276522334950047,0.042606516290726815,0.02393463958807916,0.041893528061762865,0.04745166959578207,0.024895036094915945,0.045274090701976966,0.037037037037037035
2025-07-04,4,7.0,3.0225782087216415,3.248714234431948,1.6905519781219862,2.955976897191659,0.043258629009735636,0.05155751668071301,0.048214285714285716,0.021870603393362442,0.043635336883131884,0.042606516290726815,0.041520448675727746,0.05092121197957214,0.04745166959578207,0.022880731437155934,0.04289747983401026,0.037037037037037035
2025-07-05,4,3.0,2.8017170431770033,3.966998688854385,2.2792971936689055,2.775596050701598,0.032576632129412184,0.04687834791766476,0.048214285714285716,0.05087971077979023,0.05822692689540439,0.042606516290726815,0.03287187606220816,0.046867532802496455,0.04745166959578207,0.05788839208797702,0.07759100761974007,0.08296943231441048
2025-07-06,4,4.0,4.341333703358167,7.698071423447363,3.5127174533357235,4.2999028908570445,0.1375101828966454,0.07697090880301707,0.11363636363636363,0.13134173207362887,0.08142847790716941,0.12,0.1363453873833258,0.07869503205919334,0.125,0.4950529520814137,0.3389504109704568,1.0
2025-07-07,4,3.0,3.0891379973320405,4.124851390396484,2.1933676673439506,3.044349480832636,0.04680465061539395,0.052944598627480376,0.048214285714285716,0.04606430352737187,0.05626755614230155,0.042606516290726815,0.04616094079938822,0.052881513068519244,0.04745166959578207,0.06845348516356646,0.08637053690898082,0.08296943231441048
2025-07-08,4,2.0,2.466737334854925,3.6657788962433075,1.7755007035059647,2.432175503287477,0.019609813935736797,0.039580059157800274,0.027777777777777776,0.02540926033295615,0.04591770090590564,0.042606516290726815,0.01951984409355599,0.03898673303728995,0.030303030303030304,0.04065902255509252,0.061924046380369815,0.08296943231441048
2025-07-11,4,5.0,2.95274227668912,3.887424746744268,2.297755627921425,2.919992944250735,0.0396995457989279,0.05009048748290822,0.048214285714285716,0.05193537003464833,0.058640820805139125,0.042606516290726815,0.03970629647283431,0.05011803252973603,0.04745166959578207,0.05296511675640785,0.0733085639232052,0.08296943231441048
2025-07-12,4,4.0,2.807005197253948,3.7253506702393606,2.2240811585362783,2.7778589953180646,0.03281267426105062,0.04699170775370383,0.048214285714285716,0.04776625200837905,0.05697411238598409,0.042606516290726815,0.0329734402888289,0.04691879898466553,0.04745166959578207,0.04376499664460634,0.06490239288632796,0.08296943231441048
2025-07-13,4,4.0,3.0931761494770886,3.165884272434056,3.1988829318807523,3.0984614885972714,0.047024575090983164,0.053028398715660695,0.048214285714285716,0.10970244352371093,0.07626548970053997,0.05426356589147287,0.049130640747853324,0.05407303399735823,0.04745166959578207,0.02012971222273441,0.03952372759101109,0.037037037037037035
2025-07-14,4,3.0,3.1048476392640767,3.434620403879565,2.09413557348174,3.05431203597496,0.04766328569401276,0.05327037776727743,0.048214285714285716,0.040720980341874796,0.053936134006671244,0.042606516290726815,0.04670043118642952,0.0531013927101635,0.04745166959578207,0.029970381398392615,0.05097010321020101,0.03896103896103896
2025-07-15,4,4.0,3.7445763599450017,3.872052671190974,3.373959513374474,3.7260455176164755,0.08918651093485082,0.06600427451444887,0.048214285714285716,0.12173824561972517,0.07919755467130307,0.05426356589147287,0.09014094661834733,0.06737361469334806,0.04745166959578207,0.05204501972663672,0.07249280524996245,0.08296943231441048
2025-07-16,4,3.0,3.08611277739799,3.5112376789619346,3.5877342436424637,3.111193850710214,0.04664024944329753,0.0528817923746119,0.048214285714285716,0.13654645372372792,0.08260241067206928,0.12,0.04984338271550292,0.054352403382812,0.04745166959578207,0.03327692806376845,0.05449161615254321,0.03896103896103896
2025-07-17,4,2.0,2.461814759782871,3.3615261190029497,1.9907983269554976,2.438263938141502,0.019448219791567283,0.039471274807330384,0.027777777777777776,0.035428650837438805,0.051426783314378464,0.042606516290726815,0.01972104241016312,0.03912789552461365,0.030303030303030304,0.02702788923954795,0.047715081572557695,0.03896103896103896
2025-07-20,4,1.0,3.0300237964168857,3.579378900789063,3.2745302846070286,3.042249120826393,0.043647872494099155,0.05171322319396957,0.048214285714285716,0.11488838796641501,0.07754904010226474,0.05426356589147287,0.04604762266048554,0.05283512773912266,0.04745166959578207,0.03641298153517827,0.057715455547997806,0.041666666666666664
2025-07-21,4,4.0,3.1184902003961623,2.723868248976789,2.986820779350256,3.111906729343867,0.04841561535851042,0.05355279040946689,0.048214285714285716,0.09533217458471197,0.07252345782549728,0.05426356589147287,0.049883445327330495,0.05436803388881117,0.04745166959578207,0.009231618433108973,0.023974856110231094,0.028985507246376812
2025-07-22,4,2.0,3.051782719656409,3.481892264273735,2.2019337904300738,3.009290273195092,0.04479614199507607,0.052167476797410184,0.048214285714285716,0.04653677786514177,0.056465321980092395,0.042606516290726815,0.044288663162472174,0.05210592960547608,0.04745166959578207,0.031983262753823606,0.05312975546406232,0.03896103896103896
2025-07-23,4,7.0,3.3075235132512337,3.056022234330969,2.3468787521333034,3.2594912751953373,0.05946678555599753,0.05741754711751799,0.048214285714285716,0.05477944746752057,0.05973052973564638,0.042606516290726815,0.058529431635313246,0.057577892841407276,0.04745166959578207,0.01684746929359081,0.03526816155881991,0.037037037037037035
2025-07-24,4,9.0,2.4261111232027948,3.832735299710644,1.701153497515249,2.3898632419184174,0.018300879886074022,0.03868114549969152,0.027777777777777776,0.022298561807695887,0.04392360388696033,0.042606516290726815,0.01815652787402967,0.03800467155638127,0.030303030303030304,0.04973714929908619,0.07042365589204226,0.08296943231441048
2025-07-25,4,7.0,3.144881077315704,4.149929235747911,2.3321808541154527,3.1042460661556914,0.049888492961790216,0.05409777946147287,0.048214285714285716,0.05392330279175874,0.05940626409218831,0.042606516290726815,0.04945379743514391,0.054200004456005736,0.04745166959578207,0.07022982701237242,0.08779867168540871,0.08296943231441048
2025-07-26,4,4.0,2.90610084362269,3.3460915021769253,2.5004132967499717,2.885816466279054,0.03741558550368392,0.049104165064082085,0.048214285714285716,0.06396771907045662,0.0630296926313457,0.042606516290726815,0.03802405766742697,0.04935260496334452,0.04745166959578207,0.026432544129412455,0.047041045023392014,0.037037037037037035
2025-07-27,5,1.0,3.233234414464162,4.186771903213925,2.080968989244846,3.233234414464162,0.057939199975295695,0.060200838409163425,0.05220883534136546,0.07883215574588413,0.08798751527282984,0.06944444444444445,0.057939199975295695,0.060200838409163425,0.05220883534136546,0.07261753972290702,0.09877801864955948,0.08588957055214724
2025-07-28,5,3.0,3.2073861392742264,4.791494630787508,1.2288011316830882,3.2073861392742264,0.056383846158943894,0.05926346228051793,0.05220883534136546,0.031393561235110334,0.041527691615397794,0.0332409972299169,0.056383846158943894,0.05926346228051793,0.05220883534136546,0.12425557310524564,0.14814884239378803,0.11666666666666667
2025-07-29,5,4.0,3.6287329862303275,3.5660172328891577,2.103257562146003,3.6287329862303275,0.08420057207399004,0.0747815116680454,0.05220883534136546,0.0800671901039007,0.08911119833307289,0.06944444444444445,0.08420057207399004,0.0747815116680454,0.05220883534136546,0.03560126772804492,0.05759950465366212,0.07812499999999999
2025-07-30,5,5.0,3.9228434282448927,5.65111640330021,3.6384856349669876,3.9228434282448927,0.10640669893621713,0.08580987550009128,0.08403361344537816,0.15629453741675592,0.15423797654659813,0.2608695652173913,0.10640669893621713,0.08580987550009128,0.08403361344537816,0.22047626148840418,0.2290991633483791,0.217349539412106
2025-07-31,5,5.0,7.717122306765736,7.622637559438353,5.976353930926359,7.717122306765736,0.45034031376889716,0.22260399943106826,1.0,0.24033712112098965,0.220895985189648,1.0,0.45034031376889716,0.22260399943106826,1.0,0.48532241752545197,0.4309083443966916,0.25
2025-08-01,5,4.0,6.123567823600561,6.53936882638009,2.718654627835795,6.123567823600561,0.3077905472050367,0.16742418036511666,0.2222222222222222,0.11286283585642994,0.11799511651002367,0.13953488372093023,0.3077905472050367,0.16742418036511666,0.2222222222222222,0.33764176247414207,0.31954124226275965,0.25
2025-08-02,5,4.0,3.7246960119021826,4.305417928143259,1.838506999951647,3.7246960119021826,0.0912170131155213,0.07836838486411069,0.05220883534136546,0.0652570397960339,0.07541508749587134,0.043209876543209874,0.0912170131155213,0.07836838486411069,0.05220883534136546,0.08155588438546207,0.10782093206624795,0.08588957055214724
2025-08-03,5,4.0,2.9964821058423183,3.616395079466212,2.457476761623023,2.9964821058423183,0.044490422079816405,0.05171454233784761,0.05220883534136546,0.09928132682783092,0.1062346343605071,0.13953488372093023,0.044490422079816405,0.05171454233784761,0.05220883534136546,0.038005107199456684,0.060526979951389406,0.07812499999999999
2025-08-04,5,4.0,3.1184041236588813,4.053482657196232,1.9340601199577783,3.1184041236588813,0.051190692362866164,0.056055677110895215,0.05220883534136546,0.07063282774857726,0.08044508587552705,0.05357142857142857,0.051190692362866164,0.056055677110895215,0.05220883534136546,0.06329161111464439,0.0890405632504232,0.08588957055214724
2025-08-05,5,3.0,2.594207547672486,3.672672310773725,1.6267968773651553,2.594207547672486,0.025944103912232116,0.03798184606109889,0.04316546762589928,0.05330361814603509,0.06394612400164734,0.043209876543209874,0.025944103912232116,0.03798184606109889,0.04316546762589928,0.04081261396612508,0.06388791701908951,0.07812499999999999
2025-08-06,5,2.0,2.803130923953421,3.614371007994089,2.5909052234852865,2.803130923953421,0.03488263976215904,0.04498523188685917,0.044444444444444446,0.10628669073832009,0.11233190032625412,0.13953488372093023,0.03488263976215904,0.04498523188685917,0.044444444444444446,0.03790654276080589,0.06040787613404107,0.07812499999999999
2025-08-07,5,1.0,2.7473971267201773,3.7965573118275078,2.016931650592917,2.7473971267201773,0.03235027304639911,0.04308695795180136,0.044444444444444446,0.07526984814752674,0.08472868329337824,0.06944444444444445,0.03235027304639911,0.04308695795180136,0.044444444444444446,0.04745420732641353,0.07161750423085621,0.07812499999999999
2025-08-08,5,6.0,3.133759255749089,4.06056728956251,2.0706401871870144,3.133759255749089,0.052068828679788445,0.056607004215872725,0.05220883534136546,0.07825894683820932,0.08746493160162308,0.06944444444444445,0.052068828679788445,0.056607004215872725,0.05220883534136546,0.06376819332092072,0.08954651658905086,0.08588957055214724
2025-08-09,5,3.0,3.1362241687858368,3.3368451456451242,2.3637943347809793,3.1362241687858368,0.05221049842612486,0.05669559652162169,0.05220883534136546,0.09428263392170384,0.10183962071310285,0.13953488372093023,0.05221049842612486,0.05669559652162169,0.05220883534136546,0.025932633799398905,0.04527018103759934,0.033942558746736295
2025-08-12,5,7.0,2.9884493666568552,3.2661623151724095,2.9849913442859197,2.9884493666568552,0.04406617793503249,0.05143096657192108,0.05220883534136546,0.12614680738485842,0.12927637621193927,0.2608695652173913,0.04406617793503249,0.05143096657192108,0.05220883534136546,0.023354360140101827,0.04179975519708678,0.033942558746736295
2025-08-13,5,1.0,3.0149368074406606,3.7973284234518796,1.8975183728490266,3.0149368074406606,0.045473217455707406,0.05236723542817472,0.05220883534136546,0.06858009634967095,0.07853283511024908,0.05357142857142857,0.045473217455707406,0.05236723542817472,0.05220883534136546,0.047497554651825924,0.07166701998462446,0.07812499999999999
2025-08-14,5,3.0,2.715683048007105,4.756356218275635,0.8435197707382196,2.715683048007105,0.0309571988529188,0.042016069776062454,0.044444444444444446,0.013095406644390682,0.02032653087048853,0.0332409972299169,0.0309571988529188,0.042016069776062454,0.044444444444444446,0.12085335808993923,0.14507427692274036,0.11666666666666667
2025-08-15,5,4.0,3.048151354356382,4.2516793420302985,2.3317208374769156,3.048151354356382,0.04727042086118979,0.053546030407478004,0.05220883534136546,0.09255672753800966,0.10031299810437232,0.13953488372093023,0.04727042086118979,0.053546030407478004,0.05220883534136546,0.07743338828578662,0.10368258172802164,0.08588957055214724
2025-08-16,5,2.0,3.613799000677086,4.288102048205014,2.6404743726079656,3.613799000677086,0.08312984767334905,0.0742246075440464,0.05220883534136546,0.10885383028207946,0.11454932512019665,0.13953488372093023,0.08312984767334905,0.0742246075440464,0.05220883534136546,0.08021416878685528,0.10647988457978388,0.08588957055214724
2025-08-18,5,2.0,3.1553828521293346,3.385628205962475,2.305097647987134,3.1553828521293346,0.05331826104219306,0.057385013697587105,0.05220883534136546,0.0911186595514058,0.09903724432720952,0.13953488372093023,0.05331826104219306,0.057385013697587105,0.05220883534136546,0.027820770027795153,0.0477573544597794,0.033942558746736295
2025-08-19,5,4.0,3.7280392909474305,4.098643660227849,2.9080138426141624,3.7280392909474305,0.09146561763887617,0.07849358529734823,0.05220883534136546,0.12236723287855775,0.1260867387545871,0.25,0.09146561763887617,0.07849358529734823,0.05220883534136546,0.06636635802307476,0.09228836654705727,0.08588957055214724
2025-08-20,5,2.0,3.2014245760121964,3.390569494133446,1.5209461040900187,3.2014245760121964,0.0560280871225475,0.05904760853657236,0.05220883534136546,0.04735431248965444,0.05806506244106304,0.043209876543209874,0.0560280871225475,0.05904760853657236,0.05220883534136546,0.02801705011866651,0.04801345699656403,0.033942558746736295
2025-08-21,5,5.0,2.4731904783849252,5.868208336470331,2.198000359461097,2.4731904783849252,0.021459277809222358,0.03408117891749274,0.04316546762589928,0.08528598875307715,0.09382646830616227,0.13953488372093023,0.021459277809222358,0.03408117891749274,0.04316546762589928,0.24796397679238277,0.2508156038876722,0.25
2025-08-22,5,5.0,3.5934874130350636,3.7931093298665908,2.3623214981380265,3.5934874130350636,0.08168294731777204,0.07346778433904427,0.05220883534136546,0.09420353837654828,0.10176976328546752,0.13953488372093023,0.08168294731777204,0.07346778433904427,0.05220883534136546,0.047260687800908245,0.0713963074090153,0.07812499999999999
2025-08-23,5,3.0,3.0106817076005195,3.5262586008440167,1.7262971287394335,3.0106817076005195,0.0452456121920318,0.05221659766791666,0.05220883534136546,0.05892152781816889,0.06938922734735917,0.043209876543209874,0.0452456121920318,0.05221659766791666,0.05220883534136546,0.033776246582217624,0.05534378635748182,0.04918032786885246
2025-08-24,5,4.0,3.0449313475938444,3.367414040420279,1.8086462380078736,3.0449313475938444,0.047094598873368004,0.05343152648866351,0.05220883534136546,0.06357256963558378,0.07382376706452481,0.043209876543209874,0.047094598873368004,0.05343152648866351,0.05220883534136546,0.027105277441999653,0.04681995491430382,0.033942558746736295
2025-08-25,5,2.0,3.0855274171038545,4.366549162573765,2.365983175939585,3.0855274171038545,0.04933610804463218,0.054878546252041506,0.05220883534136546,0.09440015242595208,0.10194339491430626,0.13953488372093023,0.04933610804463218,0.054878546252041506,0.05220883534136546,0.08639368852361001,0.11261183223418572,0.11666666666666667
2025-08-26,5,1.0,2.5852258515035866,4.1888301509589265,1.0236422915596708,2.5852258515035866,0.02559379907594337,0.037688091957231086,0.04316546762589928,0.021061132577217652,0.029978390454098926,0.0332409972299169,0.02559379907594337,0.037688091957231086,0.04316546762589928,0.0727674989826,0.09893193988549483,0.08588957055214724
2025-08-27,5,1.0,2.9100410468705373,3.5626627445613974,1.577646141623061,2.9100410468705373,0.04003856456049636,0.048680347136134054,0.05220883534136546,0.05053577419269517,0.061225992347207575,0.043209876543209874,0.04003856456049636,0.048680347136134054,0.05220883534136546,0.035444842097232365,0.05740731726558097,0.05109684456703154
2025-08-28,5,3.0,3.0631240778556377,3.234485442261669,2.0132375128709583,3.0631240778556377,0.04809244486342569,0.05407908267453105,0.05220883534136546,0.07506375639483938,0.08453932078174692,0.06944444444444445,0.04809244486342569,0.05407908267453105,0.05220883534136546,0.02225816076154543,0.0402958439575632,0.033942558746736295
2025-08-29,5,1.0,2.739037776171015,3.538623639702376,1.2011331077890626,2.739037776171015,0.03197970090893004,0.042804017807473296,0.044444444444444446,0.02994336864035403,0.039955715451506536,0.0332409972299169,0.03197970090893004,0.042804017807473296,0.044444444444444446,0.03433706200323309,0.056040127494985124,0.04918032786885246
2025-08-30,5,3.0,2.3144987954061285,3.365961653703624,1.5433452804215375,2.3144987954061285,0.016341194713707374,0.029172622340835064,0.04316546762589928,0.04860934984607218,0.05931655482808889,0.043209876543209874,0.016341194713707374,0.029172622340835064,0.04316546762589928,0.027048765970376462,0.046745656268500226,0.033942558746736295
2025-08-31,5,4.0,2.7280013055426484,3.002080882345244,2.0726594091912633,2.7280013055426484,0.03149415506806101,0.042431196104935204,0.044444444444444446,0.07837104885783899,0.08756718602865823,0.06944444444444445,0.03149415506806101,0.042431196104935204,0.044444444444444446,0.015281842109763324,0.030237555831761326,0.033942558746736295
2025-09-01,5,2.0,2.7900145568131314,3.105957845537918,2.076472344703372,2.7900145568131314,0.03427703844632294,0.04453667731809737,0.044444444444444446,0.07858267649478726,0.08776015271633254,0.06944444444444445,0.03427703844632294,0.04453667731809737,0.044444444444444446,0.018174174613512936,0.03452108666625612,0.033942558746736295
2025-09-02,5,4.0,3.5786174235952863,3.10762638251597,2.340373594779217,3.5786174235952863,0.08063059851643474,0.07291418673992969,0.05220883534136546,0.09302305336724818,0.10072595653054163,0.13953488372093023,0.08063059851643474,0.07291418673992969,0.05220883534136546,0.01822354641246263,0.0345926874993857,0.033942558746736295
2025-09-03,5,3.0,3.0191146735596117,3.5419392637444007,1.6326975095655603,3.0191146735596117,0.04569727482282412,0.052515223433802175,0.05220883534136546,0.05363635463227826,0.06427134768426383,0.043209876543209874,0.04569727482282412,0.052515223433802175,0.05220883534136546,0.034488478972057576,0.05622764621887153,0.04918032786885246
2025-09-04,5,3.0,2.992340662210609,3.630490302028275,2.263570423584153,2.992340662210609,0.04427142607558262,0.051568299191650346,0.05220883534136546,0.08886592340887316,0.09703176153431042,0.13953488372093023,0.04427142607558262,0.051568299191650346,0.05220883534136546,0.03869611713637088,0.06135982476643439,0.07812499999999999
2025-09-05,5,2.0,2.983374726631121,3.6194390950666913,2.257200326869408,2.983374726631121,0.04379927177336224,0.051251984191410284,0.05220883534136546,0.08851934802060162,0.09672244965939514,0.13953488372093023,0.04379927177336224,0.051251984191410284,0.05220883534136546,0.03815365289807455,0.060706334123449134,0.07812499999999999
2025-09-06,5,1.0,2.9864349416464946,3.455931908581113,2.723228246264587,2.9864349416464946,0.043960124332695735,0.05135990250019393,0.05220883534136546,0.11309584191801382,0.1181947671784887,0.13953488372093023,0.043960124332695735,0.05135990250019393,0.05220883534136546,0.03070166568164257,0.05147305154781182,0.04918032786885246
2025-09-09,5,4.0,3.154147533017231,5.9652145169575475,3.016727464560767,3.154147533017231,0.05324648101524925,0.057340517440632524,0.05220883534136546,0.12769084450021792,0.1305750893625804,0.2608695652173913,0.05324648101524925,0.057340517440632524,0.05220883534136546,0.26054631247207366,0.26062576123408127,0.25
2025-09-10,5,2.0,2.854841405777165,4.16587636141321,1.3126852320204627,2.854841405777165,0.03732773452433953,0.04676405135148552,0.05220883534136546,0.03587099270069013,0.046298788638696936,0.0332409972299169,0.03732773452433953,0.04676405135148552,0.05220883534136546,0.07110536559760046,0.09722142025533366,0.08588957055214724
2025-09-11,5,3.0,2.9818532842776264,3.707872824805954,1.660938290175626,2.9818532842776264,0.043719417196883305,0.0511983480454387,0.05220883534136546,0.05522984127869456,0.06582375898745502,0.043209876543209874,0.043719417196883305,0.0511983480454387,0.05220883534136546,0.04263486496947429,0.06603824211111425,0.07812499999999999
2025-09-14,5,4.0,3.057857899510021,3.534963084526209,2.451940653121551,3.057857899510021,0.04780248650061211,0.053891482886105964,0.05220883534136546,0.09898773080057394,0.1059775504958567,0.13953488372093023,0.04780248650061211,0.053891482886105964,0.05220883534136546,0.034170402603143565,0.05583349270843619,0.04918032786885246
2025-09-15,5,5.0,2.94816509183742,3.8636402683892714,2.4686126211567894,2.94816509183742,0.04197108977858917,0.05001373976266829,0.05220883534136546,0.09987119755868987,0.10675076013525374,0.13953488372093023,0.04197108977858917,0.05001373976266829,0.05220883534136546,0.051318929793574164,0.07598892539024554,0.08588957055214724
2025-09-16,5,9.0,3.1024686589639563,3.8778057827590997,2.3205537986095197,3.1024686589639563,0.050287399480283636,0.055484545248482016,0.05220883534136546,0.09195412848799518,0.09977883218014683,0.13953488372093023,0.050287399480283636,0.055484545248482016,0.05220883534136546,0.05215934133143916,0.07692838356448349,0.08588957055214724
2025-09-18,5,4.0,3.3368357036458764,3.918014848366591,2.151837599588249,3.3368357036458764,0.06437931737255463,0.0639802720051049,0.05220883534136546,0.08274966020279538,0.09154137750176625,0.13953488372093023,0.06437931737255463,0.0639802720051049,0.05220883534136546,0.05459124949112,0.07962575617236224,0.08588957055214724
2025-09-19,5,3.0,2.979996122853333,3.7066702995724254,2.6453994672812837,2.979996122853333,0.0436220467179424,0.051132892369143174,0.05220883534136546,0.10910783043871032,0.1147682514769859,0.13953488372093023,0.0436220467179424,0.051132892369143174,0.05220883534136546,0.04257176755756584,0.06596417593944782,0.07812499999999999
2025-09-20,5,3.0,3.3821264134021067,5.024503245651971,2.5032093371495208,3.3821264134021067,0.06729609746543039,0.06564273186870762,0.05220883534136546,0.10169781813430864,0.10834577845274639,0.13953488372093023,0.06729609746543039,0.06564273186870762,0.05220883534136546,0.1479739360658198,0.16907668960050432,0.16666666666666666
2025-09-21,5,2.0,3.410169449437412,4.594274164077897,2.3180676312199155,3.410169449437412,0.06913229333008994,0.06667490916376373,0.05220883534136546,0.0918198517045671,0.09965972244970349,0.13953488372093023,0.06913229333008994,0.06667490916376373,0.05220883534136546,0.1057812223007033,0.13119547539844945,0.11666666666666667
2025-09-22,5,1.0,2.9528183052042243,3.7648163298673714,1.8890578194142442,2.9528183052042243,0.042210315074075695,0.05017701642253961,0.05220883534136546,0.06810423077406673,0.0780880735687615,0.05357142857142857,0.042210315074075695,0.05017701642253961,0.05220883534136546,0.045691567397713295,0.06959424769229425,0.07812499999999999
2025-09-23,5,4.0,2.9671977728363634,3.820890415224144,2.70542121021204,2.9671977728363634,0.04295416558130206,0.050682288240826656,0.05220883534136546,0.1121876977485054,0.11741624655937466,0.13953488372093023,0.04295416558130206,0.050682288240826656,0.05220883534136546,0.04883412822150156,0.07318827406093016,0.07812499999999999
2025-09-26,5,3.0,3.243470538033258,4.064962251558979,1.8945410939974032,3.243470538033258,0.05856087529037584,0.0605726941140264,0.05220883534136546,0.06841266261747161,0.07837640899438116,0.05357142857142857,0.05856087529037584,0.0605726941140264,0.05220883534136546,0.06406492070266184,0.08986105156954464,0.08588957055214724
2025-09-27,5,7.0,3.029003256956411,3.8427095836778395,2.317698973617537,3.029003256956411,0.046229895442207944,0.05286582657989616,0.05220883534136546,0.09179993704322308,0.09964205467198056,0.13953488372093023,0.046229895442207944,0.05286582657989616,0.05220883534136546,0.0500927028693344,0.07461119975628346,0.08588957055214724
2025-09-29,5,1.0,3.427724239308828,4.151350889618704,2.375673638360626,3.427724239308828,0.07029334008367646,0.06732208574480321,0.05220883534136546,0.09492002068719049,0.10240219791679156,0.13953488372093023,0.07029334008367646,0.06732208574480321,0.05220883534136546,0.07006516030434268,0.09614585436480833,0.08588957055214724
2025-09-30,5,1.0,2.9542263715433363,4.4663004447447205,2.321030864983261,2.9542263715433363,0.04228284814889085,0.05022644636417491,0.05220883534136546,0.09197988974863512,0.0998016801915928,0.13953488372093023,0.04228284814889085,0.05022644636417491,0.05220883534136546,0.09462339261145501,0.12061311194733403,0.11666666666666667
2025-10-01,5,5.0,3.2908895171660717,4.6196831857669185,1.9214996018621155,3.2908895171660717,0.061482879798706605,0.06229990483809488,0.05220883534136546,0.06992773432945963,0.07978938786057096,0.05357142857142857,0.061482879798706605,0.06229990483809488,0.05220883534136546,0.10807543496641189,0.13333709478181818,0.11666666666666667
2025-10-02,5,3.0,3.187825273895835,4.294053132758751,2.3963242677925276,3.187825273895835,0.05522071998408785,0.058555698579661024,0.05220883534136546,0.0960256214476162,0.10337650984841967,0.13953488372093023,0.05522071998408785,0.058555698579661024,0.05220883534136546,0.08067385745447019,0.10693996647291412,0.08588957055214724
2025-10-03,5,2.0,2.877967515192191,3.7673565760913186,2.0545016329758847,2.877967515192191,0.03845083184837057,0.047564766661018,0.05220883534136546,0.07736223850777961,0.08664605669274972,0.06944444444444445,0.03845083184837057,0.047564766661018,0.05220883534136546,0.04583107830524092,0.0697550928255897,0.07812499999999999
2025-10-04,5,3.0,3.4938617474562683,6.097410474563038,2.7003091427259385,3.4938617474562683,0.07474644467337473,0.06976703094845685,0.05220883534136546,0.11192651327085328,0.11719215229361926,0.13953488372093023,0.07474644467337473,0.06976703094845685,0.05220883534136546,0.2779447812932172,0.27408008273827733,0.25
2025-10-05,5,3.0,3.489480863265206,4.036702222916215,1.8732317378960386,3.489480863265206,0.07444766714380009,0.06960476798941674,0.05220883534136546,0.06721354643952408,0.0772540958420101,0.05357142857142857,0.07444766714380009,0.06960476798941674,0.05220883534136546,0.06217135702285158,0.08784748470937015,0.08588957055214724
2025-10-06,5,1.0,2.922699132257887,4.486082883388714,2.3105538914670287,2.922699132257887,0.04067477016764266,0.04912219532019811,0.05220883534136546,0.09141377932056705,0.09929933484716295,0.13953488372093023,0.04067477016764266,0.04912219532019811,0.05220883534136546,0.09630447768979482,0.12222615089357919,0.11666666666666667
2025-10-07,5,1.0,3.1320627139157597,4.656252462241998,2.476973273941762,3.1320627139157597,0.051971433904178126,0.05654604248708351,0.05220883534136546,0.10031345071433012,0.10713738603235694,0.13953488372093023,0.051971433904178126,0.05654604248708351,0.05220883534136546,0.11142249030279643,0.13644207436264894,0.11666666666666667
2025-10-08,5,6.0,3.289893298949031,4.393491738595977,2.127380061843059,3.289893298949031,0.06142078487148687,0.062263542910037065,0.05220883534136546,0.08140082673723757,0.09032116564706766,0.06944444444444445,0.06142078487148687,0.062263542910037065,0.05220883534136546,0.08857566435285041,0.11475083554187546,0.11666666666666667
2025-10-09,5,2.0,3.669798384517251,4.34365541072891,2.602039061104224,3.669798384517251,0.0871745700504014,0.07631475655319059,0.05220883534136546,0.10686499507103865,0.11283218912525453,0.13953488372093023,0.0871745700504014,0.07631475655319059,0.05220883534136546,0.08456351337707596,0.11080740603034578,0.08588957055214724
2025-10-10,5,2.0,3.5075084442250217,3.67239878866098,2.47433453028521,3.5075084442250217,0.07568057265844237,0.07027275863881018,0.05220883534136546,0.10017392618266459,0.10701544218110806,0.13953488372093023,0.07568057265844237,0.07027275863881018,0.05220883534136546,0.040798654559737114,0.06387135246474408,0.07812499999999999
2025-10-11,5,3.0,3.1837536904443513,4.082239643907698,2.4536628310013517,3.1837536904443513,0.054980129939855925,0.05840855599779474,0.05220883534136546,0.09907908751431423,0.10605755970464263,0.13953488372093023,0.054980129939855925,0.05840855599779474,0.05220883534136546,0.06523941736240427,0.09110247063593035,0.08588957055214724
2025-10-12,5,2.0,3.0882393310795706,4.376825215715679,2.3786930361242606,3.0882393310795706,0.04948776227594684,0.05497547017454649,0.05220883534136546,0.09508186612978413,0.10254494482777451,0.13953488372093023,0.04948776227594684,0.05497547017454649,0.05220883534136546,0.08722232419906624,0.11342569939527061,0.11666666666666667
2025-10-13,5,5.0,3.289038816871078,4.609238083522038,1.8653264722161922,3.289038816871078,0.061367548486455946,0.06223235685456437,0.05220883534136546,0.0667683920091548,0.07683653587143474,0.05357142857142857,0.061367548486455946,0.06223235685456437,0.05220883534136546,0.107129206267289,0.13245514060065433,0.11666666666666667
2025-10-14,5,2.0,2.9697043653994415,4.0895500953425,2.525052862151726,2.9697043653994415,0.04308454069318484,0.05077047478588103,0.05220883534136546,0.10284639797469103,0.1093462599875835,0.13953488372093023,0.04308454069318484,0.05077047478588103,0.05220883534136546,0.06574021706427181,0.09163009807773637,0.08588957055214724
2025-10-15,5,2.0,3.3758868027566717,3.4030785225674505,1.6549768998145507,3.3758868027566717,0.06689066433847991,0.06541335752695798,0.05220883534136546,0.054893349093946484,0.06549663431659437,0.043209876543209874,0.06689066433847991,0.06541335752695798,0.05220883534136546,0.02851810702811791,0.04866521259300941,0.033942558746736295
2025-10-16,5,2.0,2.958785644895346,4.414174069621456,2.1701247176688216,2.958785644895346,0.0425181643703217,0.050386569624756454,0.05220883534136546,0.08375593410581822,0.09244942114983473,0.13953488372093023,0.0425181643703217,0.050386569624756454,0.05220883534136546,0.09027121295889891,0.1164040379022163,0.11666666666666667
2025-10-17,5,5.0,3.1103047605899166,4.337131587072874,2.3062039651028243,3.1103047605899166,0.050730559855907395,0.055765260615594114,0.05220883534136546,0.0911785149839792,0.09909041265735315,0.13953488372093023,0.050730559855907395,0.055765260615594114,0.05220883534136546,0.08404601566129333,0.11029544541785699,0.08588957055214724
2025-10-18,5,3.0,2.609752151574771,3.8882135588752305,1.1510636940080237,2.609752151574771,0.0265569990783418,0.038491778387988375,0.04316546762589928,0.027358628333003555,0.03711785711778172,0.0332409972299169,0.0265569990783418,0.038491778387988375,0.04316546762589928,0.05278223509480218,0.07762223141702414,0.08588957055214724
2025-10-19,5,4.0,3.277623407788692,4.114493478015852,2.493435866364595,3.277623407788692,0.06065847230382031,0.06181595218277512,0.05220883534136546,0.10118272494279477,0.10789648681434992,0.13953488372093023,0.06065847230382031,0.06181595218277512,0.05220883534136546,0.06746615606384364,0.09344084419123039,0.08588957055214724
2025-10-20,5,1.0,3.1921740549771407,3.874981696098779,2.037015171756308,3.1921740549771407,0.055478266804479905,0.058712927066711336,0.05220883534136546,0.07638919223764636,0.08575556223434873,0.06944444444444445,0.055478266804479905,0.058712927066711336,0.05220883534136546,0.05199111528031881,0.07674063800118726,0.08588957055214724
2025-10-21,5,3.0,3.393918800838807,3.5545360279205584,2.7321931809171534,3.393918800838807,0.06806544655381688,0.06607651928460924,0.05220883534136546,0.11355207512994178,0.11858549599737034,0.13953488372093023,0.06806544655381688,0.06607651928460924,0.05220883534136546,0.0350677527315008,0.056943142296755164,0.04918032786885246
2025-10-22,5,9.0,3.1111207127524843,3.999087142319838,2.365720181494113,3.1111207127524843,0.050776819007663745,0.055794505583744616,0.05220883534136546,0.0943860341040061,0.10193092895974305,0.13953488372093023,0.050776819007663745,0.055794505583744616,0.05220883534136546,0.059703930402796555,0.08520040001899394,0.08588957055214724
2025-10-23,5,1.0,3.8001094884130113,4.182710877992891,2.728924561094747,3.8001094884130113,0.0968905094416431,0.08119583631654828,0.05220883534136546,0.11338580768647381,0.1184431302569761,0.13953488372093023,0.0968905094416431,0.08119583631654828,0.05220883534136546,0.07232219239779622,0.09847463583819421,0.08588957055214724
2025-10-24,5,6.0,3.1280319878282308,4.216744382689749,1.6114983413346495,3.1280319878282308,0.05174040909604398,0.056401253538622485,0.05220883534136546,0.05244133603732663,0.06310156301359116,0.043209876543209874,0.05174040909604398,0.056401253538622485,0.05220883534136546,0.0748190905469243,0.10102987415873302,0.08588957055214724
2025-10-25,5,2.0,2.9781935693143673,4.285522924661027,2.3304567959014792,2.9781935693143673,0.043527649415875294,0.05106937793231835,0.05220883534136546,0.09248856041126262,0.10025260229899985,0.13953488372093023,0.043527649415875294,0.05106937793231835,0.05220883534136546,0.08001541087923189,0.10628075415230337,0.08588957055214724
2025-10-26,5,3.0,3.0726409715266145,3.7919842425778003,2.1685676247099472,3.0726409715266145,0.04861875014162982,0.05441842251384242,0.05220883534136546,0.0836703296948922,0.09237224796273324,0.13953488372093023,0.04861875014162982,0.05441842251384242,0.05220883534136546,0.04719764982873511,0.07132420452942707,0.07812499999999999
2025-10-27,5,3.0,3.3347347762886077,4.303642114612309,2.7028048077727496,3.3347347762886077,0.0642454919727228,0.06390329698797934,0.05220883534136546,0.11205404751235179,0.1173015863321307,0.13953488372093023,0.0642454919727228,0.06390329698797934,0.05220883534136546,0.08141770303116713,0.1076830736693959,0.08588957055214724
2025-10-28,5,2.0,3.5210551585799004,4.023493245349869,2.1901255747513133,3.5210551585799004,0.07661295089086358,0.07077517653098994,0.05220883534136546,0.08485423065899295,0.09343832721208868,0.13953488372093023,0.07661295089086358,0.07077517653098994,0.05220883534136546,0.06129800105984083,0.08691360837676625,0.08588957055214724
2025-10-29,5,2.0,3.6791354715919606,4.534927098512142,2.780089646354427,3.6791354715919606,0.08785678140345211,0.07666373651221992,0.05220883534136546,0.11597850928198204,0.12065930568879268,0.13953488372093023,0.08785678140345211,0.07666373651221992,0.05220883534136546,0.10052393734297105,0.12624496057026038,0.11666666666666667
2025-10-30,5,4.0,4.165768336533628,4.447608272114685,2.3939259793782317,4.165768336533628,0.1261765393620749,0.09496910746527848,0.08403361344537816,0.09589737925990346,0.10326359470348329,0.13953488372093023,0.1261765393620749,0.09496910746527848,0.08403361344537816,0.09304978754109142,0.11909684078482549,0.11666666666666667
2025-11-02,5,4.0,3.468367220291869,4.091392321781326,2.8887495785889454,3.468367220291869,0.07301523939489346,0.0688233477399747,0.05220883534136546,0.12141373557159434,0.12527963238391226,0.25,0.07301523939489346,0.0688233477399747,0.05220883534136546,0.06586677864398931,0.09176327982720184,0.08588957055214724
2025-11-03,5,6.0,3.1431720287266063,3.9040234581791022,1.7611553088684087,3.1431720287266063,0.052610870793124875,0.05694544352937138,0.05220883534136546,0.06089091624231239,0.07127445565315425,0.043209876543209874,0.052610870793124875,0.05694544352937138,0.05220883534136546,0.053737236678253454,0.07868203318660291,0.08588957055214724
2025-11-04,5,4.0,2.89844454388067,3.1938967801429787,1.8614666295596987,2.89844454388067,0.039460474930561824,0.04827633046737612,0.05220883534136546,0.06655098266349685,0.0766324206763355,0.05357142857142857,0.039460474930561824,0.04827633046737612,0.05220883534136546,0.020906091679960645,0.038415423770182096,0.033942558746736295
2025-11-05,5,3.0,3.0832187669512194,3.8045815656031254,2.298195669653298,3.0832187669512194,0.049207193363455956,0.05479606014682201,0.05220883534136546,0.09074505125234378,0.0987052396603477,0.13953488372093023,0.049207193363455956,0.05479606014682201,0.05220883534136546,0.047906506514723224,0.0721336089217033,0.07812499999999999
2025-11-06,5,7.0,3.0274431919599922,4.057233909579764,2.8188526528265894,3.0274431919599922,0.04614565235334809,0.052810483230702386,0.05220883534136546,0.11792855091962824,0.12232088319703542,0.13953488372093023,0.04614565235334809,0.052810483230702386,0.05220883534136546,0.06354368992580382,0.08930829597357713,0.08588957055214724
2025-11-07,5,7.0,3.0562492804740815,3.6799707825419707,2.286767855079357,3.0562492804740815,0.047714096236349764,0.053834203143469476,0.05220883534136546,0.09012574668435135,0.09815437853858437,0.13953488372093023,0.047714096236349764,0.053834203143469476,0.05220883534136546,0.04118623528842406,0.0643307378748919,0.07812499999999999
2025-11-08,5,3.0,3.0229357687244365,3.6764039107948707,1.977122097341411,3.0229357687244365,0.04590270426750096,0.052650646781802854,0.05220883534136546,0.07304579026573532,0.0826802128299475,0.06944444444444445,0.04590270426750096,0.052650646781802854,0.05220883534136546,0.041003366754108414,0.06411412635631675,0.07812499999999999
2025-11-09,5,2.0,3.0827085899494446,3.8575524514441804,2.2375113983310335,3.0827085899494446,0.04917872854810833,0.05477783508554307,0.05220883534136546,0.08744646743586952,0.09576358833584579,0.13953488372093023,0.04917872854810833,0.05477783508554307,0.05220883534136546,0.050960362914127706,0.07558692359976739,0.08588957055214724
2025-11-11,5,3.0,3.2706063023830185,3.7010406569710086,2.804208039861452,3.2706063023830185,0.06022457392373326,0.06156019515080576,0.05220883534136546,0.11719327101523057,0.12169489363242346,0.13953488372093023,0.06022457392373326,0.06156019515080576,0.05220883534136546,0.042277172648973245,0.06561800307073519,0.07812499999999999
2025-11-12,5,4.0,3.3009360250812465,4.488859877985311,2.5710422615691613,3.3009360250812465,0.06211076886836588,0.06266677686095107,0.05220883534136546,0.10525256439824913,0.1114361537593473,0.13953488372093023,0.06211076886836588,0.06266677686095107,0.05220883534136546,0.0965417515888922,0.12245326447899155,0.11666666666666667
2025-11-13,5,3.0,3.391484681789623,4.694950083334513,2.3331160108582125,3.391484681789623,0.06790630921955983,0.06598694878910594,0.05220883534136546,0.09263195340992425,0.10037963906603975,0.13953488372093023,0.06790630921955983,0.06598694878910594,0.05220883534136546,0.11502188351729796,0.13975637075765515,0.11666666666666667
2025-11-14,5,8.0,3.548236530731887,4.635255320017617,2.850038434149808,3.548236530731887,0.07849893293273014,0.0717844200338903,0.05220883534136546,0.11948848154601131,0.12364688640792121,0.13953488372093023,0.07849893293273014,0.0717844200338903,0.05220883534136546,0.10949420332771548,0.134656024875352,0.11666666666666667
2025-11-15,5,5.0,3.6109579940771788,4.775522313436534,2.538952115030955,3.6109579940771788,0.08292681534830187,0.07411870638855675,0.05220883534136546,0.10357533807481599,0.10998023941861813,0.13953488372093023,0.08292681534830187,0.07411870638855675,0.05220883534136546,0.12270324122786945,0.14674849117961067,0.11666666666666667
2025-11-16,5,5.0,4.041626763231721,4.591981595251481,2.32014200264269,4.041626763231721,0.1159273770910309,0.09028558976751615,0.08403361344537816,0.09193189052090435,0.09975910814038905,0.13953488372093023,0.1159273770910309,0.09028558976751615,0.08403361344537816,0.10557549581200643,0.131002888786312,0.11666666666666667
2025-11-17,5,3.0,3.616716796185404,4.63049287531534,1.9725996120640201,3.616716796185404,0.08333858772615699,0.07433338550902804,0.05220883534136546,0.07279271028511795,0.08244641282028518,0.06944444444444445,0.08333858772615699,0.07433338550902804,0.05220883534136546,0.10905927501795581,0.13425214061554094,0.11666666666666667
2025-11-18,5,4.0,3.7923553466868336,4.735794981961624,2.131205268571236,3.7923553466868336,0.09630088317465182,0.08090480929507837,0.05220883534136546,0.08161201100309469,0.09051244514426286,0.06944444444444445,0.09630088317465182,0.08090480929507837,0.05220883534136546,0.11888449468935922,0.14328573818167115,0.11666666666666667
2025-11-19,5,5.0,3.8370916086159514,4.573399538266086,2.6195482713646463,3.8370916086159514,0.09972194289708669,0.08258470072837155,0.08403361344537816,0.10777246257187319,0.11361633407095564,0.13953488372093023,0.09972194289708669,0.08258470072837155,0.08403361344537816,0.10391581279953511,0.12944587912583003,0.11666666666666667
2025-11-20,5,3.0,3.7712882838692936,4.102836634405627,2.0859842844544336,3.7712882838692936,0.09470612436278794,0.08011446023486245,0.05220883534136546,0.0791102868021892,0.08824083963913641,0.06944444444444445,0.09470612436278794,0.08011446023486245,0.05220883534136546,0.06665625806315471,0.09259261389445113,0.08588957055214724
2025-11-21,5,5.0,4.6757422870860745,4.2557196843035845,3.1884198815064666,4.6757422870860745,0.17088201380352874,0.11418825239097571,0.18181818181818182,0.13590070640604848,0.13744070912353157,0.2608695652173913,0.17088201380352874,0.11418825239097571,0.18181818181818182,0.07773908490560726,0.10399130173177211,0.08588957055214724
2025-11-24,5,3.0,3.5381987817772993,3.5783139585425645,1.6879213643037136,3.5381987817772993,0.07780011627572395,0.0714115442362543,0.05220883534136546,0.05675351496368606,0.06730047512446453,0.043209876543209874,0.07780011627572395,0.0714115442362543,0.05220883534136546,0.03617855778905264,0.0583069526762142,0.07812499999999999
2025-11-25,5,3.0,3.3943118372834835,3.616139544151323,2.460157882544677,3.3943118372834835,0.06809115860428068,0.06609098368214193,0.05220883534136546,0.09942343197152055,0.10635902089946007,0.13953488372093023,0.06809115860428068,0.06609098368214193,0.05220883534136546,0.03799265442569149,0.06051193648306711,0.07812499999999999
2025-11-26,5,1.0,3.458662405958667,3.4249539218127447,1.9919977169719445,3.458662405958667,0.0723610352804967,0.06846451441857367,0.05220883534136546,0.07387764484435431,0.08344767888975187,0.06944444444444445,0.0723610352804967,0.06846451441857367,0.05220883534136546,0.029408765301583425,0.04981676178003705,0.033942558746736295
2025-11-27,5,4.0,2.9227963757009077,3.6715521075626043,2.279530696439058,2.9227963757009077,0.04067967866197799,0.04912559312249146,0.05220883534136546,0.08973309061450205,0.09780477908680986,0.13953488372093023,0.04067967866197799,0.04912559312249146,0.05220883534136546,0.040755463079966865,0.06382009143663656,0.07812499999999999
2025-11-28,5,3.0,3.6449226326424076,4.4353519386090055,2.7465519786980215,3.6449226326424076,0.08536786678097541,0.07538565884474624,0.05220883534136546,0.11428144889998983,0.11920962002599778,0.13953488372093023,0.08536786678097541,0.07538565884474624,0.05220883534136546,0.09202583095576834,0.11810681943445592,0.11666666666666667
2025-11-29,5,3.0,3.942037619563205,4.5889263395374575,2.2397170113833678,3.942037619563205,0.10792511588800574,0.0865325521181227,0.08403361344537816,0.08756677949816159,0.09587121557978738,0.13953488372093023,0.10792511588800574,0.0865325521181227,0.08403361344537816,0.10530165685881401,0.1307463996376449,0.11666666666666667
2025-11-30,5,2.0,4.244444080470046,4.408966870715938,2.1926315017268037,4.244444080470046,0.13281736032141572,0.09793846752493529,0.08403361344537816,0.08499166661144626,0.09356191646942381,0.13953488372093023,0.13281736032141572,0.09793846752493529,0.08403361344537816,0.08984264506085708,0.11598690017577742,0.11666666666666667
2025-12-03,5,6.0,3.406803208352607,4.790640126490343,2.601231520958767,3.406803208352607,0.06891067205322977,0.06655089906449986,0.05220883534136546,0.10682308339271764,0.11279594659587905,0.13953488372093023,0.06891067205322977,0.06655089906449986,0.05220883534136546,0.12417227923907538,0.14807380784888555,0.11666666666666667
2025-12-04,5,5.0,3.719766412144688,4.679184054387944,2.9972314122406667,3.719766412144688,0.09085095224435236,0.07818380614558207,0.05220883534136546,0.1267432974033329,0.12977838483792067,0.2608695652173913,0.09085095224435236,0.07818380614558207,0.05220883534136546,0.11354832963010647,0.13840256506198964,0.11666666666666667
2025-12-05,5,5.0,4.171859365625398,4.780529603422771,3.162743224841133,4.171859365625398,0.126686785194937,0.09519898265941455,0.08403361344537816,0.13468826269388823,0.13643085816423492,0.2608695652173913,0.126686785194937,0.09519898265941455,0.08403361344537816,0.12318884946736278,0.1471869999815735,0.11666666666666667
2025-12-06,5,5.0,4.552398491736393,4.639318599204453,3.2640123196442046,4.552398491736393,0.15974492709744223,0.10954994955056843,0.18181818181818182,0.13943902381365383,0.14038009960015832,0.2608695652173913,0.15974492709744223,0.10954994955056843,0.18181818181818182,0.10986599321119604,0.13500097250342144,0.11666666666666667
2025-12-07,5,2.0,3.184647550061598,3.961768887311346,1.9146932117435709,3.184647550061598,0.05503290333742591,0.05844085379156018,0.05220883534136546,0.06954543174913312,0.07943337105666433,0.05357142857142857,0.05503290333742591,0.05844085379156018,0.05220883534136546,0.05731570350612216,0.08261197470390957,0.08588957055214724
2025-12-08,5,3.0,3.534501327678723,3.8787482618437568,2.250604402655101,3.534501327678723,0.07754339467653915,0.07127424463141224,0.05220883534136546,0.08816020614556007,0.09640170090959414,0.13953488372093023,0.07754339467653915,0.07127424463141224,0.05220883534136546,0.05221555846501633,0.076991089671697,0.08588957055214724
2025-12-09,5,3.0,3.05769979595986,3.573144850693745,2.3302222929582816,3.05769979595986,0.04779379528289573,0.053885852613191454,0.05220883534136546,0.09247591293356827,0.10024139584309304,0.13953488372093023,0.04779379528289573,0.053885852613191454,0.05220883534136546,0.035935143550466925,0.0580090048187622,0.07812499999999999
2025-12-10,5,4.0,3.087926856737838,3.507131664597683,1.9265392358967985,3.087926856737838,0.04947027606529955,0.054964300704835094,0.05220883534136546,0.07021070230541682,0.08005267454839618,0.05357142857142857,0.04947027606529955,0.054964300704835094,0.05220883534136546,0.0329207232017577,0.05427591455307409,0.04918032786885246
2025-12-11,5,1.0,3.3702567090691895,3.744495854914714,2.674253453185607,3.3702567090691895,0.06652581712639949,0.06520648123573694,0.05220883534136546,0.11059201137179266,0.11604582155914936,0.13953488372093023,0.06652581712639949,0.06520648123573694,0.05220883534136546,0.04458526985078776,0.06831435916027079,0.07812499999999999
2025-12-12,5,8.0,3.6009822601768064,3.862468398361465,2.291644486618676,3.6009822601768064,0.08221557911458942,0.07374696275660009,0.05220883534136546,0.09039013258968415,0.09838962505491594,0.13953488372093023,0.08221557911458942,0.07374696275660009,0.05220883534136546,0.05124978577898841,0.07591146078049767,0.08588957055214724
2025-12-13,5,4.0,3.4145107946897864,3.968705223632071,2.2449784999086226,3.4145107946897864,0.06941859599780174,0.06683488459399019,0.05220883534136546,0.08785365725554271,0.09612774353063176,0.13953488372093023,0.06941859599780174,0.06683488459399019,0.05220883534136546,0.05775510523617235,0.08309021478611445,0.08588957055214724
2025-12-14,5,6.0,3.628050499629275,4.3413450255104316,2.3529045034929656,3.628050499629275,0.0841515130325971,0.07475605284621589,0.05220883534136546,0.09369745474886405,0.1013225507135518,0.13953488372093023,0.0841515130325971,0.07475605284621589,0.05220883534136546,0.0843800390300597,0.11062598369764497,0.08588957055214724
2025-12-15,5,1.0,3.5587457408982344,4.6589293154975495,2.3431749251265024,3.5587457408982344,0.07923349801766649,0.07217502274840636,0.05220883534136546,0.09317391409388537,0.10085947630595496,0.13953488372093023,0.07923349801766649,0.07217502274840636,0.05220883534136546,0.11166957517977202,0.13667039659748284,0.11666666666666667
2025-12-16,5,8.0,3.918186443068117,5.372196491798172,3.2146050326876106,3.918186443068117,0.10603949172803832,0.08563457461081792,0.08403361344537816,0.1371316296649593,0.1384645625160654,0.2608695652173913,0.10603949172803832,0.08563457461081792,0.08403361344537816,0.18679595907302465,0.2018113789730129,0.1695019728490424
2025-12-17,5,3.0,4.244991816648878,5.176647479668042,2.8432591001472236,4.244991816648878,0.13286396651512494,0.09795914003332466,0.08403361344537816,0.11915005348570198,0.12335944524792733,0.13953488372093023,0.13286396651512494,0.09795914003332466,0.08403361344537816,0.16448728838114254,0.18320042051932697,0.16666666666666666
2025-12-19,5,3.0,3.8250269182534335,4.591980974502461,2.522052062232886,3.8250269182534335,0.0987947595364517,0.0821314601492295,0.08403361344537816,0.10268882666479237,0.10920911721264732,0.13953488372093023,0.0987947595364517,0.0821314601492295,0.08403361344537816,0.105575440136913,0.13100283665498177,0.11666666666666667
2025-12-20,5,4.0,3.8373343018614894,5.049938187374336,3.1860601403722297,3.8373343018614894,0.09974062845117726,0.08259381955495954,0.08403361344537816,0.13578950446286775,0.13734814529481393,0.2608695652173913,0.09974062845117726,0.08259381955495954,0.08403361344537816,0.15068026682832794,0.17141420612071442,0.16666666666666666
2025-12-21,5,4.0,3.661494694477132,4.049406710565845,2.641811773589306,3.661494694477132,0.08656972274092359,0.07600451097825675,0.05220883534136546,0.1089228227194176,0.11460879899377094,0.13953488372093023,0.08656972274092359,0.07600451097825675,0.05220883534136546,0.06301839553371348,0.08875007882095615,0.08588957055214724
2025-12-22,5,2.0,3.7884296638093016,4.148387717980146,2.7986527762738973,3.7884296638093016,0.09600291415927183,0.08075749624550574,0.05220883534136546,0.11691389233377905,0.12145687601962743,0.13953488372093023,0.09600291415927183,0.08075749624550574,0.05220883534136546,0.06985406651332175,0.09592709888068209,0.08588957055214724
2025-12-23,5,9.0,3.528140982893307,3.923764851592348,2.378405433057231,3.528140982893307,0.07710265654931014,0.07103812759373693,0.05220883534136546,0.09506645288144248,0.10253135220392469,0.13953488372093023,0.07710265654931014,0.07103812759373693,0.05220883534136546,0.05494463469270395,0.08001517450093366,0.08588957055214724
2025-12-24,5,2.0,3.896445503956821,4.602047089015629,2.572838199313156,3.896445503956821,0.10433145733696496,0.08481639996126102,0.08403361344537816,0.1053461936364848,0.11151731415007354,0.13953488372093023,0.10433145733696496,0.08481639996126102,0.08403361344537816,0.10648030513517608,0.13184923434178697,0.11666666666666667
2025-12-25,5,1.0,4.569205223084968,5.00423422435378,3.1712623449973765,4.569205223084968,0.16125198522851425,0.11018251860652585,0.18181818181818182,0.1350911289803347,0.13676655958784525,0.2608695652173913,0.16125198522851425,0.11018251860652585,0.18181818181818182,0.14583330676015707,0.1672210281847237,0.16666666666666666
2025-12-26,5,8.0,4.427779061916848,5.100534653193248,2.528056261348045,4.427779061916848,0.14868359120372682,0.10485505154663119,0.18181818181818182,0.10300403627430377,0.10948342588822683,0.13953488372093023,0.14868359120372682,0.10485505154663119,0.18181818181818182,0.15612945843759005,0.1760928814924326,0.16666666666666666
2025-12-27,5,8.0,4.2759667379990915,4.910340036197223,3.700261406230455,4.2759667379990915,0.13550771365095945,0.09912815113981586,0.08403361344537816,0.15897022470608949,0.15641775179566375,0.2608695652173913,0.13550771365095945,0.09912815113981586,0.08403361344537816,0.13610642077878124,0.15870986369461068,0.16666666666666666
2025-12-28,5,4.0,3.68185591981658,4.355592619100807,1.9173792653065318,3.68185591981658,0.0880559648326016,0.07676543944480334,0.05220883534136546,0.06969632064398026,0.07957392730706529,0.05357142857142857,0.0880559648326016,0.07676543944480334,0.05220883534136546,0.08551505448959842,0.11174675053935172,0.08588957055214724
2025-12-29,5,4.0,3.4337722418452667,4.727159668444049,3.2947275260477564,3.4337722418452667,0.07069539828975017,0.06754523159640473,0.05220883534136546,0.14086351247902357,0.14156031057469862,0.2608695652173913,0.07069539828975017,0.06754523159640473,0.05220883534136546,0.11806247399478365,0.14253694001964928,0.11666666666666667
2025-12-30,5,2.0,4.846005318594054,5.294015669644109,3.831157483409653,4.846005318594054,0.18651663976812002,0.12057259381560784,0.2074980791127462,0.1645447105425384,0.16094307504196648,0.3078907958860835,0.18651663976812002,0.12057259381560784,0.2074980791127462,0.17773776035252453,0.19431343323255548,0.16666666666666666
2025-12-31,5,2.0,6.105230590937256,5.159235558274123,3.1236477976848187,6.105230590937256,0.30605456389191416,0.1667673623441104,0.2222222222222222,0.132831849036392,0.1348819632617682,0.2608695652173913,0.30605456389191416,0.1667673623441104,0.2222222222222222,0.16255860559905627,0.1815673263351667,0.16666666666666666
2026-01-01,5,6.0,3.627566663385751,4.46051074117257,2.5662235638262096,3.627566663385751,0.08411674086508071,0.07473800475505753,0.05220883534136546,0.10500122220259216,0.11121822404253107,0.13953488372093023,0.08411674086508071,0.07473800475505753,0.05220883534136546,0.09413444215529286,0.12014264188364661,0.11666666666666667
2026-01-04,5,3.0,3.085733503078501,3.469088032414808,2.114750077938781,3.085733503078501,0.04934762428249452,0.05488591065443936,0.05220883534136546,0.08070296398063483,0.08968845570861907,0.06944444444444445,0.04934762428249452,0.05488591065443936,0.05220883534136546,0.031262047565985586,0.05218550561458787,0.04918032786885246
2026-01-05,5,4.0,3.3050110247030346,3.7851758924202468,1.7014148730527623,3.3050110247030346,0.06236632083175911,0.06281567506720545,0.05220883534136546,0.057515736578781,0.06803646890982411,0.043209876543209874,0.06236632083175911,0.06281567506720545,0.05220883534136546,0.04681731579403028,0.070888662581082,0.07812499999999999
2026-01-06,5,2.0,3.2450317841416885,3.616367806585151,2.4675914243880093,3.2450317841416885,0.058655980288672735,0.06062944237039932,0.05220883534136546,0.09981714321713707,0.10670348505651972,0.13953488372093023,0.058655980288672735,0.06062944237039932,0.05220883534136546,0.03800377800788791,0.06052537429167958,0.07812499999999999
2026-01-07,5,2.0,5.547246792945147,4.237950251667925,3.6228002102720405,5.547246792945147,0.2528361200657879,0.1465511761450509,0.2222222222222222,0.15561051987384816,0.15367990789221184,0.2608695652173913,0.2528361200657879,0.1465511761450509,0.2222222222222222,0.07639980908097586,0.10263652431960485,0.08588957055214724
2026-01-08,5,1.0,3.3397557559232487,4.064489566465712,2.4911837898530997,3.3397557559232487,0.06456553835730341,0.0640872801007654,0.05220883534136546,0.10106393008558531,0.10779281315655703,0.13953488372093023,0.06456553835730341,0.0640872801007654,0.05220883534136546,0.06403296755669988,0.0898271983941212,0.08588957055214724
2026-01-09,5,2.0,3.14926212855646,4.529641586600826,2.7947558517922966,3.14926212855646,0.05296308405228602,0.05716460371763401,0.05220883534136546,0.11671776237182417,0.1212897278179051,0.13953488372093023,0.05296308405228602,0.05716460371763401,0.05220883534136546,0.10006264097589107,0.12580762734030704,0.11666666666666667
2026-01-10,5,3.0,3.1831349410423266,4.883394859395106,3.314498612442881,3.1831349410423266,0.05494361379782243,0.05838620050661868,0.05220883534136546,0.14177641828755067,0.14231573678988763,0.2608695652173913,0.05494361379782243,0.05838620050661868,0.05220883534136546,0.13337370761345782,0.15629408721702406,0.16666666666666666
2026-01-11,5,3.0,3.7489343878687906,4.674200818120377,2.980636898705094,3.7489343878687906,0.09302556028962644,0.07927639856209935,0.05220883534136546,0.12593430668408542,0.12909744528851066,0.2608695652173913,0.09302556028962644,0.07927639856209935,0.05220883534136546,0.11308460535129694,0.13797566162839725,0.11666666666666667
2026-01-12,5,1.0,4.496888685685639,4.697165072421996,3.033178108102133,4.496888685685639,0.15479251405377423,0.10745959069264131,0.18181818181818182,0.1284879463715046,0.1312445874684921,0.2608695652173913,0.15479251405377423,0.10745959069264131,0.18181818181818182,0.11522968449034608,0.13994695189066012,0.11666666666666667
2026-01-13,5,2.0,4.24802427352071,5.014539289013192,3.4241958327438864,4.24802427352071,0.1331220856612009,0.0980735898867609,0.08403361344537816,0.1467846711336237,0.14644748854354003,0.2608695652173913,0.1331220856612009,0.0980735898867609,0.08403361344537816,0.14691984685597687,0.1681636797258253,0.16666666666666666
2026-01-14,5,3.0,3.3717184762208516,4.813460891506831,3.06353024964402,3.3717184762208516,0.06662045449951538,0.06526018507756208,0.05220883534136546,0.12995279415480435,0.13247326398572096,0.2608695652173913,0.06662045449951538,0.06526018507756208,0.05220883534136546,0.12640624953365992,0.15008221764473467,0.11666666666666667
2026-01-15,5,2.0,4.1954015255682515,4.368722337227332,2.6442528340391456,4.1954015255682515,0.12866512497052446,0.09608749182715623,0.08403361344537816,0.10904871280849959,0.11471730464321794,0.13953488372093023,0.12866512497052446,0.09608749182715623,0.08403361344537816,0.08656855922593644,0.11278374600318551,0.11666666666666667
2026-01-16,5,5.0,4.38364291338807,4.922221459512013,3.27197239485226,4.38364291338807,0.14481718027670973,0.10319071613917154,0.18181818181818182,0.1398089220808427,0.1406867374912747,0.2608695652173913,0.14481718027670973,0.10319071613917154,0.18181818181818182,0.13731980570439312,0.15977895244899276,0.16666666666666666
2026-01-17,5,9.0,4.128287375187591,4.9033395418695465,2.996558898299035,4.128287375187591,0.12305157290980444,0.093554684444208,0.08403361344537816,0.126710556078825,0.1297508391626106,0.2608695652173913,0.12305157290980444,0.093554684444208,0.08403361344537816,0.13539389928536824,0.15808106021758717,0.16666666666666666
2026-01-18,5,10.0,4.913520467570476,5.039617600724576,4.309250017435232,4.913520467570476,0.19278736701702454,0.12309726508177911,0.2222222222222222,0.18385697379908716,0.17647024168959172,0.512842159766558,0.19278736701702454,0.12309726508177911,0.2222222222222222,0.1495794488871872,0.17046454115043075,0.16666666666666666
2026-01-19,5,4.0,3.6827930879640354,4.814303585121304,2.1497096194128424,3.6827930879640354,0.08812462483296071,0.07680047763963058,0.05220883534136546,0.0826324381972572,0.09143547290958702,0.13953488372093023,0.08812462483296071,0.07680047763963058,0.05220883534136546,0.12648911895406983,0.15015655971559336,0.11666666666666667
2026-01-20,5,6.0,3.5926306916261534,3.723396450508468,2.069080585810023,3.5926306916261534,0.08162215781002626,0.07343587839231973,0.05220883534136546,0.0781723475986408,0.08738592190739311,0.06944444444444445,0.08162215781002626,0.07343587839231973,0.05220883534136546,0.04345478681723891,0.0669982114917068,0.07812499999999999
2026-01-21,5,6.0,3.7020117170641695,4.271710905967609,2.4218502163654994,3.7020117170641695,0.08953750859470594,0.07751928958788874,0.05220883534136546,0.09738795514057101,0.10457444673030214,0.13953488372093023,0.08953750859470594,0.07751928958788874,0.05220883534136546,0.07895579089502153,0.10521706543736713,0.08588957055214724
2026-01-22,5,8.0,3.6324828325219363,4.180437587140716,1.8590971762960637,3.6324828325219363,0.08447033724029718,0.07492140608952663,0.05220883534136546,0.06641750287035014,0.07650704318869482,0.05357142857142857,0.08447033724029718,0.07492140608952663,0.05220883534136546,0.07215716914924386,0.09830498813763384,0.08588957055214724
2026-01-23,5,3.0,3.7997973607254627,4.035517138092837,1.9103827147007717,3.7997973607254627,0.09686674787756443,0.08118412034716883,0.05220883534136546,0.0693032411902012,0.07920765054273524,0.05357142857142857,0.09686674787756443,0.08118412034716883,0.05220883534136546,0.06209269652956896,0.08776350892740026,0.08588957055214724
2026-01-26,5,4.0,3.642730123894623,4.13805270434905,2.4688196116398835,3.642730123894623,0.08520938763177742,0.07530381633686252,0.05220883534136546,0.0998821530931271,0.10676034114772767,0.13953488372093023,0.08520938763177742,0.07530381633686252,0.05220883534136546,0.06912074418356172,0.09516587109237969,0.08588957055214724
2026-01-27,5,3.0,4.003718998724412,3.8359681578542406,2.781441318083669,4.003718998724412,0.11285736017395889,0.08885643317365888,0.08403361344537816,0.11604671399940152,0.12071749652785559,0.13953488372093023,0.11285736017395889,0.08885643317365888,0.08403361344537816,0.049701698483586396,0.07417010963405393,0.08588957055214724
2026-01-28,5,4.0,3.701766091970983,4.13890510355091,2.5718599190127778,3.701766091970983,0.08951939283525424,0.07751009945587285,0.05220883534136546,0.10529519520040005,0.11147310879513177,0.13953488372093023,0.08951939283525424,0.07751009945587285,0.05220883534136546,0.06918105364133308,0.09522855151502689,0.08588957055214724
2026-01-29,5,4.0,5.08917440356071,4.206174285582278,2.312244031577791,5.08917440356071,0.20925384136407504,0.1296445297874212,0.2222222222222222,0.09150515502912387,0.09938045440120259,0.13953488372093023,0.20925384136407504,0.1296445297874212,0.2222222222222222,0.07403832388867487,0.10023318351037488,0.08588957055214724
2026-01-30,5,3.0,3.536570417155754,4.199541454474785,2.8387363995099806,3.536570417155754,0.07768700974923484,0.07135107386141216,0.05220883534136546,0.11892406821209067,0.12316743390651048,0.13953488372093023,0.07768700974923484,0.07135107386141216,0.05220883534136546,0.07355081514356661,0.09973466966035688,0.08588957055214724
2026-01-31,5,5.0,3.7455159739364445,4.40579795510003,2.6239294984975206,3.7455159739364445,0.0927696278577749,0.07914829352120019,0.05220883534136546,0.10799915292885656,0.11381204718498443,0.13953488372093023,0.0927696278577749,0.07914829352120019,0.05220883534136546,0.08958238659644308,0.11573334424180873,0.11666666666666667
2026-02-01,5,4.0,4.206433058937962,3.9176025530674665,2.4066569150275376,4.206433058937962,0.12959550517483062,0.09650384548027409,0.08403361344537816,0.09657765430826708,0.10386227320757505,0.13953488372093023,0.12959550517483062,0.09650384548027409,0.08403361344537816,0.05456596458538696,0.07959786880903555,0.08588957055214724
2026-02-02,5,3.0,3.5003088201135775,3.8992268537366974,2.992708928846217,3.5003088201135775,0.07518710824411025,0.07000590003098701,0.05220883534136546,0.1265230487685465,0.1295930656041898,0.2608695652173913,0.07518710824411025,0.07000590003098701,0.05220883534136546,0.05344637459051935,0.07835975800917543,0.08588957055214724
2026-02-03,5,1.0,4.47961779980931,4.468587231823636,2.375408369928851,4.47961779980931,0.15325979800091746,0.10680889822003103,0.18181818181818182,0.09490579866977641,0.10238965217986241,0.13953488372093023,0.15325979800091746,0.10680889822003103,0.18181818181818182,0.09481689670509107,0.12079913801378096,0.11666666666666667
2026-02-04,5,2.0,3.2072556862176285,3.53770250261155,1.7195600338923434,3.2072556862176285,0.05637604939284307,0.059258737510846295,0.05220883534136546,0.05854088040680988,0.06902352860866277,0.043209876543209874,0.05637604939284307,0.059258737510846295,0.05220883534136546,0.03429507370516482,0.055988091465883995,0.04918032786885246
2026-02-05,5,2.0,3.271340202487945,3.5546363368503977,2.2945095674272507,3.271340202487945,0.06026988364965535,0.061586936569951664,0.05220883534136546,0.0905453877226483,0.09852771333045268,0.13953488372093023,0.06026988364965535,0.061586936569951664,0.05220883534136546,0.03507239103432272,0.05694885934550665,0.04918032786885246
2026-02-06,5,8.0,3.857957463314101,4.1923540225485505,2.6065729921715532,3.857957463314101,0.10133336861164756,0.0833689037316045,0.08403361344537816,0.1071002123880217,0.11303554634733361,0.13953488372093023,0.10133336861164756,0.0833689037316045,0.08403361344537816,0.07302465952935018,0.09919571055123949,0.08588957055214724
2026-02-07,5,3.0,3.878703386790905,4.392178568950747,2.728323238405284,3.878703386790905,0.10294529719002832,0.08414898375075805,0.08403361344537816,0.11335521030555475,0.11841692769556103,0.13953488372093023,0.10294529719002832,0.08414898375075805,0.08403361344537816,0.08846861231186474,0.11464619707155342,0.11666666666666667
2026-02-08,5,7.0,4.50128639316776,4.318477686242833,2.5693820750351914,4.50128639316776,0.15518341999209123,0.10762525466261097,0.18181818181818182,0.10516598994647898,0.1113610979692737,0.13953488372093023,0.15518341999209123,0.10762525466261097,0.18181818181818182,0.08257619178648413,0.10883707136005856,0.08588957055214724
2026-02-09,5,3.0,3.7155701753001322,4.288841571824385,2.9348125569923478,3.7155701753001322,0.09053982144552171,0.07802671220434516,0.05220883534136546,0.12368857597481367,0.1272035759354271,0.25,0.09053982144552171,0.07802671220434516,0.05220883534136546,0.08027121143927919,0.10653701151639648,0.08588957055214724
2026-02-10,5,4.0,4.075291545815713,4.515928658012986,2.637755780700954,4.075291545815713,0.11867771810799851,0.0915552599552027,0.08403361344537816,0.10871354247624225,0.11442837302271304,0.13953488372093023,0.11867771810799851,0.0915552599552027,0.08403361344537816,0.09887114613869587,0.12467575238688128,0.11666666666666667
2026-02-11,5,5.0,3.358764703459692,3.939173475362032,2.4518714804386628,3.358764703459692,0.06578399855262625,0.06478448395223722,0.05220883534136546,0.09898406092009338,0.10597433619408055,0.13953488372093023,0.06578399855262625,0.06478448395223722,0.05220883534136546,0.05589856070018123,0.08106323928690788,0.08588957055214724
2026-02-12,5,6.0,3.504885571189397,4.249992010309131,2.3944909356387063,3.504885571189397,0.07550063388503062,0.07017552722830343,0.05220883534136546,0.0959275925731718,0.10329019934520083,0.13953488372093023,0.07550063388503062,0.07017552722830343,0.05220883534136546,0.0773059280405174,0.10355377136503437,0.08588957055214724
2026-02-13,5,4.0,4.319733151142126,4.506374489443542,2.3308019727680724,4.319733151142126,0.13926985633805955,0.10077972224371802,0.08403361344537816,0.09250717618389526,0.100269096558595,0.13953488372093023,0.13926985633805955,0.10077972224371802,0.08403361344537816,0.09804553890658392,0.1238895107554634,0.11666666666666667
2026-02-14,5,3.0,3.7953031230361516,4.2438479295461615,2.339442711918138,3.7953031230361516,0.09652486579333254,0.08101543703455337,0.05220883534136546,0.09297291012706467,0.10068156887233567,0.13953488372093023,0.09652486579333254,0.08101543703455337,0.05220883534136546,0.07684282843368645,0.10308532071267616,0.08588957055214724
2026-02-15,5,4.0,3.387606670649692,4.306768715953094,2.063894680627927,3.387606670649692,0.06765313050827247,0.06584427875999842,0.05220883534136546,0.07788430397505039,0.0871230107146872,0.06944444444444445,0.06765313050827247,0.06584427875999842,0.05220883534136546,0.08166108238188191,0.10792584537317267,0.08588957055214724
2026-02-16,5,2.0,3.201872853478924,3.981525742709857,1.8048902424155115,3.201872853478924,0.05605479953592703,0.05906383507699366,0.05220883534136546,0.06336058316706514,0.07362296465540624,0.043209876543209874,0.05605479953592703,0.05906383507699366,0.05220883534136546,0.05857266137586525,0.08397760880356325,0.08588957055214724
2026-02-17,5,6.0,4.329426158888175,3.216190547307997,2.744051738944692,4.329426158888175,0.1401071732730434,0.10114545305011066,0.08403361344537816,0.11415456629862428,0.11910109330352649,0.13953488372093023,0.1401071732730434,0.10114545305011066,0.08403361344537816,0.021641480558405975,0.03944178232948974,0.033942558746736295
2026-02-18,5,2.0,3.736965709156027,4.195010522741158,2.672114118613739,3.736965709156027,0.09213072419209552,0.07882793644444917,0.05220883534136546,0.11048219797278648,0.11595139192969844,0.13953488372093023,0.09213072419209552,0.07882793644444917,0.05220883534136546,0.07321887204908611,0.09939476151482117,0.08588957055214724
2026-02-19,5,3.0,3.84336435170637,4.327651682365475,2.594330910125654,3.84336435170637,0.10020533004973815,0.08282040733488252,0.08403361344537816,0.10646472891248794,0.11248596838747564,0.13953488372093023,0.10020533004973815,0.08282040733488252,0.08403361344537816,0.08329722041229225,0.10955327905375348,0.08588957055214724
2026-02-20,5,7.0,3.1970954549669273,3.790042503115376,1.827610520094837,3.1970954549669273,0.05577044371057974,0.05889094286545841,0.05220883534136546,0.06464255016841959,0.07483545199668712,0.043209876543209874,0.05577044371057974,0.05889094286545841,0.05220883534136546,0.047088980346545316,0.07119985137909073,0.07812499999999999
2026-02-21,5,7.0,3.4780262983524803,3.619078059003764,2.6796134007414376,3.4780262983524803,0.07366899568347482,0.06918070656611805,0.05220883534136546,0.11086697950319784,0.11628220205647316,0.13953488372093023,0.07366899568347482,0.06918070656611805,0.05220883534136546,0.03813601488843427,0.06068504715683502,0.07812499999999999
2026-02-22,5,3.0,3.609487259988903,4.420699445766347,2.9688623431129813,3.609487259988903,0.08282179258700756,0.07406388888736558,0.05220883534136546,0.125358916637451,0.12861271531292037,0.25,0.08282179258700756,0.07406388888736558,0.05220883534136546,0.09080986361654411,0.11692763286313249,0.11666666666666667
2026-02-23,5,3.0,4.158751664669023,4.982270017941676,3.0930033280489466,4.158751664669023,0.12558957974536228,0.09470430356425295,0.08403361344537816,0.1313679759686711,0.13365825663233802,0.2608695652173913,0.12558957974536228,0.09470430356425295,0.08403361344537816,0.14352986723384875,0.16521739721066758,0.16666666666666666
2026-02-24,5,3.0,4.588855652559606,4.477810847171644,2.476639979537077,4.588855652559606,0.16301837134395936,0.11092190877608366,0.18181818181818182,0.10029583055545951,0.10712198766518143,0.13953488372093023,0.16301837134395936,0.11092190877608366,0.18181818181818182,0.09559957128620881,0.12155062171742274,0.11666666666666667
2026-02-25,5,4.0,2.9759546358711866,3.7028039824049546,1.4896552984484297,2.9759546358711866,0.04341055057056987,0.050990510103434174,0.05220883534136546,0.045605766351813154,0.056311135815746545,0.043209876543209874,0.04341055057056987,0.050990510103434174,0.05220883534136546,0.0423693049494222,0.06572633094344901,0.07812499999999999
2026-02-26,5,6.0,3.2435571778123906,4.298021406958208,2.455950266488911,3.2435571778123906,0.058566151071223524,0.060575843083027575,0.05220883534136546,0.09920039524199664,0.10616378042028114,0.13953488372093023,0.058566151071223524,0.060575843083027575,0.05220883534136546,0.08098121695157379,0.10724722601481135,0.08588957055214724
2026-02-27,5,8.0,3.5170623890903228,3.582790560697797,1.812249733120603,3.5170623890903228,0.0763376154636941,0.07062705315636825,0.05220883534136546,0.06377592847045921,0.0740162827414324,0.043209876543209874,0.0763376154636941,0.07062705315636825,0.05220883534136546,0.03639023255831339,0.058565642098568335,0.07812499999999999
2026-02-28,5,3.0,4.123197955619012,3.7709784915062747,2.0678515956752546,4.123197955619012,0.12262923567432844,0.09336264250266571,0.08403361344537816,0.07810409737362213,0.08732364219962899,0.06944444444444445,0.12262923567432844,0.09336264250266571,0.08403361344537816,0.04603046174948956,0.06998475271646365,0.07812499999999999
2026-03-01,5,5.0,4.211882170547035,4.181337661772249,2.763248073641485,4.211882170547035,0.13005585525330668,0.09670950782161908,0.08403361344537816,0.11512744277234065,0.11993272799379381,0.13953488372093023,0.13005585525330668,0.09670950782161908,0.08403361344537816,0.07222248121730004,0.09837214202011613,0.08588957055214724
2026-03-02,5,1.0,3.7019013742243905,3.438822658279828,2.307795190888213,3.7019013742243905,0.08952937021595721,0.07751516106905797,0.05220883534136546,0.09126459092410319,0.09916686157840714,0.13953488372093023,0.08952937021595721,0.07751516106905797,0.05220883534136546,0.029982990536034617,0.05055457733481579,0.033942558746736295
2026-03-03,5,2.0,3.160565744949545,3.9125672737303767,2.4432862396326214,3.160565744949545,0.05361995021888779,0.057571766795830745,0.05220883534136546,0.09852830304380093,0.10557499914594802,0.13953488372093023,0.05361995021888779,0.057571766795830745,0.05220883534136546,0.054257748478035175,0.07925766754450157,0.08588957055214724
2026-03-04,5,4.0,4.458631091733597,4.730717595814364,2.461806534671952,4.458631091733597,0.15140269587810073,0.10601802702235394,0.18181818181818182,0.09951078727605445,0.1064354692701573,0.13953488372093023,0.15140269587810073,0.10601802702235394,0.18181818181818182,0.11840081412045637,0.14284529081994032,0.11666666666666667
2026-03-05,5,5.0,4.033481228971662,4.056685588475615,2.430952845369098,4.033481228971662,0.11526526376723872,0.08997844361936147,0.08403361344537816,0.09787261000749109,0.1049999289377028,0.13953488372093023,0.11526526376723872,0.08997844361936147,0.08403361344537816,0.06350680597340522,0.08926913822134945,0.08588957055214724
2026-03-06,5,5.0,3.0498706409758105,3.5195247298545387,1.618705576283122,3.0498706409758105,0.047364438515698,0.053607187944051796,0.05220883534136546,0.05284748661565345,0.06349968286621581,0.043209876543209874,0.047364438515698,0.053607187944051796,0.05220883534136546,0.033473392615015196,0.05496654361516899,0.04918032786885246
2026-03-07,5,5.0,3.178643931726662,3.3914149779460887,2.135728577736333,3.178643931726662,0.054678934607925694,0.058223982985512956,0.05220883534136546,0.08186163015324965,0.0907384246947849,0.06944444444444445,0.054678934607925694,0.058223982985512956,0.05220883534136546,0.028050728095643084,0.04805735444132959,0.033942558746736295
2026-03-08,5,5.0,3.7903044487246986,4.026893022360088,2.3567566698899483,3.7903044487246986,0.09614516953431436,0.08082784629588723,0.05220883534136546,0.09390455201767398,0.10150560688001742,0.13953488372093023,0.09614516953431436,0.08082784629588723,0.05220883534136546,0.061522075839926034,0.08715352754160494,0.08588957055214724
2026-03-09,5,8.0,4.2714124978488455,4.16310544386427,3.1234528560750565,4.2714124978488455,0.1351180099504105,0.09895627699418803,0.08403361344537816,0.13282256107286944,0.13487420562101265,0.2608695652173913,0.1351180099504105,0.09895627699418803,0.08403361344537816,0.0709062380696638,0.09701582966225508,0.08588957055214724
2026-03-10,5,4.0,3.973975738405776,3.709595002355694,3.043188167822698,3.973975738405776,0.11046907017997062,0.08773556961081579,0.08403361344537816,0.1289718862423152,0.13165074196636245,0.2608695652173913,0.11046907017997062,0.08773556961081579,0.08403361344537816,0.042725333318741454,0.06614438929506863,0.07812499999999999
2026-03-11,5,4.0,4.365619769952272,4.041607837735895,3.36654055609905,4.365619769952272,0.14324651541572744,0.10251090041636422,0.08403361344537816,0.14416438625304642,0.14428839862090018,0.2608695652173913,0.14324651541572744,0.10251090041636422,0.08403361344537816,0.06249760804325418,0.08819549713527804,0.08588957055214724
2026-03-12,5,2.0,3.6885972184743725,4.493129651446675,2.401178582126664,3.6885972184743725,0.08855034698870036,0.07701750696358262,0.05220883534136546,0.09628506528739976,0.10360486743569365,0.13953488372093023,0.08855034698870036,0.07701750696358262,0.05220883534136546,0.0969071903828616,0.12280278862553405,0.11666666666666667
2026-03-13,5,5.0,4.555286849405762,4.92798730435283,3.1268213893553365,4.555286849405762,0.16000367954184488,0.10965867254791972,0.18181818181818182,0.13298301057567852,0.13500820718517453,0.2608695652173913,0.16000367954184488,0.10965867254791972,0.18181818181818182,0.13791048208783446,0.1602986042221236,0.16666666666666666
2026-03-14,5,2.0,3.2848018191776163,4.2088040216108995,2.577289236383849,3.2848018191776163,0.06110390101316615,0.06207775337275561,0.05220883534136546,0.10557813466036073,0.11171831538441222,0.13953488372093023,0.06110390101316615,0.06207775337275561,0.05220883534136546,0.074232126456105,0.10043113339186134,0.08588957055214724
2026-03-15,5,12.0,4.391677649285358,4.716929432823867,3.1341418004636097,4.391677649285358,0.14551893448137607,0.10349374735641152,0.18181818181818182,0.1333313751706856,0.13529906379290302,0.2608695652173913,0.14551893448137607,0.10349374735641152,0.18181818181818182,0.11709236567043124,0.14165165665139537,0.11666666666666667
2026-03-18,5,4.0,2.8735975881768487,3.8465425225158496,2.077043877308548,2.8735975881768487,0.03823721373773546,0.04741322448092702,0.05220883534136546,0.078614391589828,0.08778906330058264,0.06944444444444445,0.03823721373773546,0.04741322448092702,0.05220883534136546,0.05031587042804125,0.07486256546124453,0.08588957055214724
2026-03-19,5,3.0,3.069609434740794,3.492237589041365,2.2402676271640427,3.069609434740794,0.04845077830827603,0.0543102845696369,0.05220883534136546,0.08759680967577498,0.09589807558985916,0.13953488372093023,0.04845077830827603,0.0543102845696369,0.05220883534136546,0.032264562744587784,0.0534521838534677,0.04918032786885246
2026-03-22,5,5.0,2.7893216261992153,3.9948670855723503,2.3756462748882448,2.7893216261992153,0.03424520955595886,0.04451301097478819,0.044444444444444446,0.09491855365402285,0.10240090381058267,0.13953488372093023,0.03424520955595886,0.04451301097478819,0.044444444444444446,0.05943088076621345,0.08490579710990911,0.08588957055214724
2026-03-23,5,2.0,2.950220397748187,4.239067607360942,1.7799884181554297,2.950220397748187,0.04207666497028771,0.050085844449792666,0.05220883534136546,0.06195465228121723,0.07228809272009495,0.043209876543209874,0.04207666497028771,0.050085844449792666,0.05220883534136546,0.07648362869394261,0.1027214865369952,0.08588957055214724
2026-03-24,5,4.0,3.186964995211012,4.316477387479582,2.4516680028038875,3.186964995211012,0.05516984251132807,0.05852460388158528,0.05220883534136546,0.09897326543096643,0.10596488073943032,0.13953488372093023,0.05516984251132807,0.05852460388158528,0.05220883534136546,0.08241944971634944,0.10868117273691506,0.08588957055214724
2026-03-25,5,4.0,3.214934944572098,4.737851160257169,2.4020257360408173,3.214934944572098,0.05683592132429331,0.05953697062353883,0.05220883534136546,0.09633032472908361,0.10364469320973105,0.13953488372093023,0.05683592132429331,0.05953697062353883,0.05220883534136546,0.11908065314170373,0.14346424252833168,0.11666666666666667
2026-03-26,5,3.0,2.7798698520223786,4.054892318767705,1.0022507110082337,2.7798698520223786,0.03381270605889183,0.044190504273839706,0.044444444444444446,0.020050893352821324,0.028798238171441514,0.0332409972299169,0.03381270605889183,0.044190504273839706,0.044444444444444446,0.06338626777566571,0.08914112933690715,0.08588957055214724
2026-03-27,5,2.0,2.790752622604696,3.985792961980297,1.370685598738517,2.790752622604696,0.03431095875112391,0.04456188859704362,0.044444444444444446,0.03902574316989017,0.049593293740048505,0.043209876543209874,0.03431095875112391,0.04456188859704362,0.044444444444444446,0.05884633549723511,0.08427396391416694,0.08588957055214724
2026-03-28,5,3.0,2.8627774011759843,3.9824974794464603,1.4652455273367915,2.8627774011759843,0.03771108302191293,0.04703847392877185,0.05220883534136546,0.04424612844824154,0.05493868493158476,0.043209876543209874,0.03771108302191293,0.04703847392877185,0.05220883534136546,0.05863491444004396,0.08404505166939742,0.08588957055214724
2026-03-29,5,2.0,3.068142569916973,4.286018068844549,1.9563843085595551,3.068142569916973,0.048369609781825015,0.054257974676355854,0.05220883534136546,0.0718846319206257,0.08160631094673507,0.05357142857142857,0.048369609781825015,0.054257974676355854,0.05220883534136546,0.08005354690687085,0.10631897116621,0.08588957055214724
2026-03-30,5,1.0,3.5895493925956483,3.6308060251011964,2.23911766669495,3.5895493925956483,0.08140368196919957,0.07332113584922283,0.05220883534136546,0.08753408946348872,0.09584197468456764,0.13953488372093023,0.08140368196919957,0.07332113584922283,0.05220883534136546,0.03871168804674823,0.0613785485099135,0.07812499999999999
2026-03-31,5,2.0,4.087150580610191,3.810245098582374,2.7415316825829996,4.087150580610191,0.11965182854165257,0.09200261334225542,0.08403361344537816,0.11402662667683533,0.1189916426767645,0.13953488372093023,0.11965182854165257,0.09200261334225542,0.08403361344537816,0.048227370258213116,0.07249899333763901,0.07812499999999999
2026-04-01,5,2.0,3.2561183363956827,4.343971849840247,2.439834532854554,3.2561183363956827,0.05933349418779331,0.0610326549473442,0.05220883534136546,0.09834491021222992,0.10541422142683093,0.13953488372093023,0.05933349418779331,0.0610326549473442,0.05220883534136546,0.08458866018991003,0.11083226400917619,0.08588957055214724
2026-04-02,5,4.0,2.9505906436793783,4.1010532641808,2.436801190712278,2.9505906436793783,0.04209569853031168,0.05009883584913041,0.05220883534136546,0.09818367242029538,0.10527282476218404,0.13953488372093023,0.04209569853031168,0.05009883584913041,0.05220883534136546,0.06653286490291814,0.09246315454901931,0.08588957055214724
2026-04-03,5,1.0,3.1561645170556876,4.68529484045023,2.2475593147835498,3.1561645170556876,0.05336370593998424,0.05741317239702359,0.05220883534136546,0.08799430834986391,0.09625346150991286,0.13953488372093023,0.05336370593998424,0.05741317239702359,0.05220883534136546,0.11411831114182354,0.13892672009062465,0.11666666666666667
2026-04-04,5,1.0,3.0788836858461073,3.7872155821992903,1.4343357520081352,3.0788836858461073,0.048965591730673746,0.05464123416436332,0.05220883534136546,0.04253083546103171,0.05319597509029432,0.043209876543209874,0.048965591730673746,0.05464123416436332,0.05220883534136546,0.046931054622734204,0.07101900430922467,0.07812499999999999
2026-04-05,5,5.0,3.1316870098021825,3.8479644019104957,2.602459975602726,3.1316870098021825,0.05194987803594636,0.05653254391326344,0.05220883534136546,0.10688683867193195,0.11285107713656446,0.13953488372093023,0.05194987803594636,0.05653254391326344,0.05220883534136546,0.05039881528361101,0.07495591918800341,0.08588957055214724
2026-04-06,5,4.0,3.7057959561955247,4.272742037703454,2.3295348414931305,3.7057959561955247,0.08981680014775081,0.07766088856480412,0.05220883534136546,0.09243883432001215,0.10020854035627971,0.13953488372093023,0.08981680014775081,0.07766088856480412,0.05220883534136546,0.0790346174370245,0.10529631620576607,0.08588957055214724
2026-04-07,5,1.0,3.8277176173950664,4.370796329341759,2.576831023816058,3.8277176173950664,0.09900125185076934,0.08223253076451666,0.08403361344537816,0.10555426463201165,0.1116976328896312,0.13953488372093023,0.09900125185076934,0.08223253076451666,0.08403361344537816,0.08673563344037127,0.11294791509635312,0.11666666666666667
2026-04-08,5,7.0,3.100899192918752,3.5243480204721114,2.1638156033317615,3.100899192918752,0.050198879123797044,0.05542835289527398,0.05220883534136546,0.0834089886444883,0.09213656088795434,0.13953488372093023,0.050198879123797044,0.05542835289527398,0.05220883534136546,0.033690135551013835,0.055236610637540096,0.04918032786885246
2026-04-09,5,3.0,2.3454320597130915,3.639653034457597,1.3323885747728543,2.3454320597130915,0.017271727296430235,0.030109462231791433,0.04316546762589928,0.03693793170835335,0.0474188248000016,0.0332409972299169,0.017271727296430235,0.030109462231791433,0.04316546762589928,0.039149662784656696,0.06190443463239141,0.07812499999999999
2026-04-10,5,3.0,3.103821140506226,3.147442812003614,1.6583877321798257,3.103821140506226,0.05036374551736977,0.05553297717100791,0.05220883534136546,0.055085867413039065,0.06568383813226425,0.043209876543209874,0.05036374551736977,0.05553297717100791,0.05220883534136546,0.01942975250414587,0.03632757346472068,0.033942558746736295
2026-04-11,5,3.0,3.509117075404935,3.4498697285605235,2.239879508837517,3.509117075404935,0.0757910248395021,0.0703323988315414,0.05220883534136546,0.08757564219223248,0.09587914284053463,0.13953488372093023,0.0757910248395021,0.0703323988315414,0.05220883534136546,0.0304457212084182,0.05114657319534097,0.033942558746736295
2026-04-12,5,4.0,2.7931626901746505,3.7188973201016466,1.4911974040135907,2.7931626901746505,0.034421852174924904,0.044644237391579224,0.044444444444444446,0.04569179861990941,0.05639772109826798,0.043209876543209874,0.034421852174924904,0.044644237391579224,0.044444444444444446,0.043216123704928514,0.0667192567791278,0.07812499999999999
2026-04-13,5,6.0,3.248253856436417,3.4459580134429504,1.0835980909398752,3.248253856436417,0.05885249445348196,0.060746584692561896,0.05220883534136546,0.02396868520449494,0.033318138579499834,0.0332409972299169,0.05885249445348196,0.060746584692561896,0.05220883534136546,0.03028132830853814,0.050936515393083394,0.033942558746736295
2026-04-14,5,3.0,3.5407579405260527,3.5445160001492844,2.9039389365238364,3.5407579405260527,0.07797802187877698,0.07150659106076628,0.05220883534136546,0.12216579722336075,0.12591631277819362,0.25,0.07797802187877698,0.07150659106076628,0.05220883534136546,0.03460645598517043,0.05637360921613035,0.04918032786885246
2026-04-15,5,6.0,3.2236349732359457,3.7658068003621383,2.4387079521704305,3.2236349732359457,0.057359147426172645,0.05985244279130077,0.05220883534136546,0.09828503461209587,0.10536171840803155,0.13953488372093023,0.057359147426172645,0.05985244279130077,0.05220883534136546,0.045745932153825226,0.06965694066105353,0.07812499999999999
2026-04-16,5,2.0,3.6623106721656025,3.01190452693862,2.7969669861855992,3.6623106721656025,0.08662908140339574,0.07603499317230275,0.05220883534136546,0.11682906271631324,0.12138458705521747,0.13953488372093023,0.08662908140339574,0.07603499317230275,0.05220883534136546,0.015540355659835433,0.03062800455817287,0.033942558746736295
