date,fold,actual_count,actual_critical,count__gradient_boosting_absolute,count__hist_gradient_boosting_poisson,count__poisson_regressor,count__tweedie_regressor,count__negative_binomial,risk__negative_binomial,class__rf_raw,class__rf_sigmoid,class__rf_isotonic
2022-10-24,1.0,5.0,0,5.572807460063266,5.69639578658755,5.821290775009239,5.7799339513728105,6.0633244970832445,0.2755714582651242,0.2396091102249212,0.22861025429885248,0.21428571428571427
2022-10-25,1.0,5.0,0,5.418658889679043,4.63435795589821,5.432887828277532,5.434680187700534,5.510717729119196,0.20619841449417725,0.20578280851927253,0.2230989970078205,0.21428571428571427
2022-10-26,1.0,4.0,0,6.406095552141424,5.962520882616457,6.129016901091792,6.149484149920173,6.109725300769208,0.2816276646843391,0.29207071816406116,0.23635424422677015,0.2289156626506024
2022-10-27,1.0,4.0,0,5.5561472470221345,5.55187953784448,5.456629907141202,5.506887579290504,5.3436817149166576,0.18653125531717213,0.1613408277874699,0.21489732861921815,0.0
2022-10-28,1.0,9.0,1,7.077292336590186,6.167881868891345,6.918456164549147,6.9356525838958385,6.681600012405618,0.3578606161582127,0.410787757308456,0.2519438426213538,0.25
2022-10-29,1.0,3.0,0,7.568128991908555,7.959166592350049,7.011499943177315,6.952697314293817,6.886769832575037,0.38552302692989615,0.5849916473086794,0.2739086347178059,0.4117647058823529
2022-10-30,1.0,3.0,0,4.1815342871733,4.4484684645422625,6.4186678467460165,6.302480183122441,6.470918724677456,0.3295314246600879,0.259577926005038,0.2316538720402801,0.2289156626506024
2022-10-31,1.0,6.0,0,7.9355886318561435,7.512383508545938,8.224032077987458,7.9287263258459495,8.061686848496581,0.5387994216799945,0.5889279387074773,0.2744290400226901,0.4117647058823529
2022-11-01,1.0,4.0,0,5.729239558570176,7.984056362121893,8.312769467556008,8.053113300798831,7.933522887877002,0.5228613110329928,0.44862225356243857,0.2566617515701364,0.25
2022-11-02,1.0,7.0,0,5.455446184283769,4.6664279900289385,7.060449471934075,6.947200828256965,6.918931950502879,0.3898562714886469,0.3802783317947847,0.24808854680638384,0.25
2022-11-03,1.0,7.0,0,5.285502431116363,5.342987750467532,5.189286165123744,5.228502779710812,5.193856829863401,0.16953670668463555,0.24053170276051536,0.2287539232363339,0.21428571428571427
2022-11-04,1.0,6.0,0,4.980463233782367,4.9022458119594,4.523275547878374,4.583846001275248,4.485408646469635,0.0991956587890061,0.23613689507477478,0.2280666975172331,0.21428571428571427
2022-11-05,1.0,4.0,0,5.686185856745769,5.801714844406174,5.138179856872792,5.169042666627865,5.125587172366671,0.16201286907520435,0.1948376183905885,0.22119694386748256,0.0
2022-11-06,1.0,1.0,0,4.5104454381293815,4.725817958324764,6.198913199359836,6.1852299645988325,6.251634690519608,0.30030662220268306,0.15779868985275708,0.21418043018622096,0.0
2022-11-07,1.0,5.0,0,5.216690056323547,5.077434677463272,6.2748361670803385,6.195899918276829,6.453537542734068,0.3272027867475713,0.16761876884545984,0.21614143824816356,0.0
2022-11-08,1.0,6.0,0,5.976198673572181,6.106197423199298,6.537045333567297,6.5187572399468605,6.496900725113996,0.33301540590707207,0.3382607948020584,0.2426404799348164,0.2289156626506024
2022-11-09,1.0,7.0,0,8.797718642888642,8.133869988319137,6.479502905239435,6.4112790364007,6.499524448918933,0.333367419265929,0.5382073933735537,0.2678592811504248,0.4117647058823529
2022-11-10,1.0,6.0,0,6.049765020489618,6.120844356704561,6.313456364701601,6.244147326465168,6.318819555845433,0.309220800953608,0.3204128336813082,0.2402563534745236,0.2289156626506024
2022-11-11,1.0,3.0,0,8.492597994322619,10.459732063959231,7.479363665592039,7.404584371786466,7.519828489525127,0.4698423018918805,0.6180395956652702,0.27834926524270603,0.4117647058823529
2022-11-12,1.0,4.0,0,5.641158396630007,4.891992887717863,6.455219038886592,6.445059515035113,6.266962906378889,0.3023367808832321,0.2787715750890245,0.23446365843182096,0.2289156626506024
2022-11-13,1.0,3.0,0,6.215417820734707,4.58835194709315,6.471586061901064,6.477411495291329,6.2510596233260385,0.3002305004518426,0.31452162209980034,0.2394579212032217,0.2289156626506024
2022-11-14,1.0,6.0,0,6.240507441085708,5.8270149505993905,5.691070030220812,5.734901589301049,5.428005041550694,0.19636977823946072,0.32141899695630416,0.240392115623969,0.2289156626506024
2022-11-16,1.0,9.0,1,6.389008319253074,5.4758864628939135,5.9836481449032295,5.982889222080944,5.621512208960415,0.21962131119029304,0.3801049219234287,0.24806643759577743,0.25
2022-11-17,1.0,5.0,0,7.013416384907583,9.125999394890751,7.422471032709016,7.351415705475454,7.100895198499693,0.4143128312978239,0.3899933889363496,0.24932325464015484,0.25
2022-11-18,1.0,7.0,0,6.52508231781761,8.083627407862808,6.351401040349183,6.314381249014513,6.060268864103114,0.2751736213138174,0.48040934531982293,0.2606096528367808,0.25
2022-11-19,1.0,8.0,1,7.236496124879009,7.6723388632293,6.650246662493098,6.6263368529993,6.374677307159686,0.3166609369051887,0.5449086858731524,0.2687127230968675,0.4117647058823529
2022-11-20,1.0,5.0,0,6.1097249763933466,6.610556864192103,6.6736092518986405,6.520650234292445,6.349376835708685,0.3132879609176825,0.5358868510713612,0.2675645746528226,0.4117647058823529
2022-11-21,1.0,11.0,1,7.285222957858308,7.4442327888529185,7.239630687040003,7.004466474873174,7.0847203376008245,0.4121443387209702,0.5980457688053865,0.2756427764467071,0.4117647058823529
2022-11-22,1.0,12.0,1,5.949784336456163,6.248358585492931,7.038164080013959,6.891979391001024,6.70011076267085,0.36035564601511794,0.46798440871110686,0.2590659553941888,0.25
2022-11-23,1.0,4.0,0,8.353367727749077,7.168868273068081,6.9640549993136345,6.848506443975562,6.600103861542039,0.3468842875481405,0.557369277886263,0.2703099913199394,0.4117647058823529
2022-11-24,1.0,12.0,1,6.9320844064610405,8.838714166109673,6.742244272096767,6.682184520192325,6.426937906471045,0.3236425303721172,0.5698836385697077,0.27192955778678135,0.4117647058823529
2022-11-25,1.0,6.0,0,4.628598965441027,3.8928538855153727,6.898359318193934,6.887012445102231,6.603514743638934,0.3473433335350416,0.2533274320948391,0.2307154576293789,0.2289156626506024
2022-11-26,1.0,4.0,0,4.904197262193708,4.386735920559268,5.944908624160854,6.009003633606145,5.730061992589185,0.23303476887716376,0.16362609846900603,0.2153540300035848,0.0
2022-11-27,1.0,9.0,1,4.45534341497157,3.9505339066978564,5.750967555451293,5.823287821580661,5.634972354781155,0.22127098396521436,0.141199618889779,0.21065969387368835,0.0
2022-11-28,1.0,2.0,0,4.709213410635184,3.5501304909790212,4.8725459684920995,4.986542967553801,5.019566072733126,0.15061871501594534,0.1794852378239874,0.21840833715309635,0.0
2022-11-29,1.0,4.0,0,4.635140490211784,5.728840791700493,6.166402432896883,6.198713264342586,6.452201346383844,0.3270238414779049,0.2575895554772447,0.23135668056896938,0.2289156626506024
2022-11-30,1.0,7.0,0,5.422029417503813,6.146468209274372,6.5381140772389745,6.5383190557103745,6.855508906997,0.3813094543440018,0.4208474080152613,0.2532030663124481,0.25
2022-12-01,1.0,4.0,0,4.803851849836288,4.10172802056683,6.186454810368829,6.146018246977264,6.386446199684186,0.3182315303682272,0.2254042534534249,0.22635660087195397,0.21428571428571427
2022-12-02,1.0,8.0,1,5.570886936222827,5.093746624280744,6.436883962809268,6.387271326336263,6.684175563576198,0.358207737761589,0.3449747475583973,0.24352512977900875,0.2289156626506024
2022-12-03,1.0,9.0,1,7.149320771709311,9.798216065266548,6.435384604690956,6.435026508211147,6.690177881386153,0.3590167459476942,0.4751851902762923,0.2599603465739007,0.25
2022-12-04,1.0,9.0,1,7.166905448504877,8.630776179561497,6.360720294119401,6.325712502026506,6.610461692597621,0.34827838274409395,0.49499715061442345,0.26242593156021476,0.4117647058823529
2022-12-05,1.0,5.0,0,5.113065617593947,5.046620850168245,6.166346390335718,6.162158825242302,6.341308428030663,0.31221333492046327,0.2614958462992091,0.23193938680406653,0.2289156626506024
2022-12-06,1.0,7.0,0,5.856418975620383,4.75026353081043,6.204060015399361,6.236531557268527,6.475663447086821,0.3301673884188619,0.18654953275315564,0.21971026195996501,0.0
2022-12-07,1.0,3.0,0,5.183042837817545,3.9166843841429726,5.979684510494003,5.979587767027229,6.2143510569394635,0.29537812453262186,0.2602736954504041,0.23175757811526232,0.2289156626506024
2022-12-08,1.0,6.0,0,7.049508768606879,6.982132184213614,7.406828803969355,7.419945970515055,7.673107771173221,0.4897411318242862,0.39004136260944394,0.2493293334672656,0.25
2022-12-09,1.0,4.0,0,7.041584393790625,5.82195926108564,5.810187188654348,5.850396443608119,5.909392237687209,0.2556961281735045,0.3776446567484566,0.2477524804658356,0.25
2022-12-10,1.0,5.0,0,6.18578015558515,5.946933412747943,6.468848361620711,6.46859182433124,6.685770096275575,0.3584226474453406,0.4762057022902998,0.26008715128679943,0.25
2022-12-11,1.0,7.0,0,9.455572994759628,10.374349711302937,6.966831816598631,6.853748239324678,7.147428849178724,0.4205437674114548,0.6349797023262468,0.28069782016494194,0.4117647058823529
2022-12-12,1.0,4.0,0,8.580310782366643,9.739082520303395,6.970808565936097,6.862606875369295,6.964790295416053,0.3960306272647899,0.6399619313434052,0.28139944562265895,0.4117647058823529
2022-12-13,1.0,5.0,0,6.984788044899132,8.416401790167955,6.629012084974164,6.527365312416681,6.6777198740159305,0.3573376892210178,0.6169546850597035,0.2782006821473285,0.4117647058823529
2022-12-14,1.0,6.0,0,8.682969581686555,7.3597894450271655,6.73556827188398,6.714159292956451,6.904044733663236,0.3878507573489459,0.5798131217787458,0.27322709947847174,0.4117647058823529
2022-12-15,1.0,4.0,0,7.653600978067627,8.067005535491992,7.108690803932759,6.994510951260215,7.287729043806969,0.43924890213363327,0.6450032870225616,0.2821148296383152,0.4117647058823529
2022-12-16,1.0,7.0,0,9.105619629737928,8.398655012573757,6.914135971233767,6.8094344602499834,7.079264991170546,0.41141267581624374,0.7107510937715997,0.2920657802131229,0.4117647058823529
2022-12-17,1.0,15.0,1,6.078254154596635,6.192569804850365,7.4827949527110285,7.36549235501701,7.68324013122097,0.4910466909562274,0.56102585539864,0.2707815168928255,0.4117647058823529
2022-12-18,1.0,4.0,0,5.134188247245299,4.048928158237826,6.3542679288199455,6.352098852001237,6.496377444422821,0.332945203762839,0.22167228673918604,0.22575070921127527,0.21428571428571427
2022-12-19,1.0,5.0,0,5.924378658861642,4.5061380758786465,5.9382090653612405,5.988084810968411,6.135640559328441,0.2850218307671315,0.26215665036656693,0.23203750152206204,0.2289156626506024
2022-12-20,1.0,9.0,1,5.458969954523486,4.062799466377548,6.466110803263255,6.50701768524107,6.554751207141077,0.3407843344033001,0.2331585974698352,0.2275967818388694,0.21428571428571427
2022-12-21,1.0,9.0,1,6.963982321227293,5.897256634913341,5.714507126855621,5.77019425950914,5.734576929725031,0.23359793230108766,0.24720519334908594,0.22978399562286742,0.2289156626506024
2022-12-22,1.0,10.0,1,6.18725900902565,6.3132537007486,6.799486322775837,6.8805507020599554,6.970662560288555,0.39682084346573326,0.41679233736395527,0.25269602216271836,0.25
2022-12-23,1.0,8.0,1,8.916733836625669,8.244191506642764,7.258664730193397,7.127734417598065,7.479590572393191,0.46457535361344104,0.6088199522932268,0.2770930937629204,0.4117647058823529
2022-12-24,1.0,2.0,0,6.977616318879264,6.30033855283738,8.831508579753763,8.550840506909573,9.329256356131415,0.6802219834975101,0.5864888081792001,0.2741063246411088,0.4117647058823529
2022-12-25,1.0,9.0,1,6.466179623145746,6.802511064817066,8.04049512570807,7.982027704682205,8.125356577297111,0.5466202949271755,0.6044609674541476,0.27650412845132144,0.4117647058823529
2022-12-26,1.0,2.0,0,5.557397415344472,4.980042206022414,6.807931656061764,6.72270252445161,6.971476931089781,0.3969304229836698,0.25333362909872026,0.2307163941753746,0.2289156626506024
2022-12-27,1.0,8.0,1,5.967052573015796,5.351221248236084,6.601032727412578,6.573935512136081,6.663288916963233,0.3553930669611026,0.3509753577737588,0.24431073164336484,0.2289156626506024
2022-12-28,1.0,7.0,0,6.459165628197771,7.145861528202299,6.657438879758279,6.566127476537021,6.931269016673443,0.3915178652321663,0.5173589268936906,0.26522490211172733,0.4117647058823529
2022-12-29,1.0,3.0,0,4.9031689830767435,3.410076323062914,6.932257155817664,6.764963272388442,7.34984693687755,0.4474843086995488,0.3527963242577347,0.24454823891004443,0.2289156626506024
2022-12-30,1.0,6.0,0,6.220295174910042,5.954074155645693,6.515454259674167,6.472566411198565,6.733626424410418,0.36487427902208935,0.3531882273439362,0.24459930174714342,0.2289156626506024
2022-12-31,1.0,5.0,0,5.572849243555224,5.714160098499667,6.818557539838895,6.73330367359036,7.082017228065788,0.41178181955710713,0.26959407785782846,0.23313298858794637,0.2289156626506024
2023-01-01,1.0,11.0,1,4.715358070860749,4.005759356859297,6.370836322653074,6.3252640446811546,6.537272647477109,0.33843553146519945,0.2022756380182183,0.22249668744665294,0.21428571428571427
2023-01-02,1.0,5.0,0,7.756078019408653,7.387569250912058,6.6739325780756245,6.625425023769506,6.789316683088228,0.37238418356880815,0.563311743305023,0.27107698240211364,0.4117647058823529
2023-01-03,1.0,15.0,1,6.754524283699307,6.822009499333606,6.666030970817203,6.582215594202238,6.8026963671061305,0.3741884918190734,0.5747786215679384,0.2725677442428965,0.4117647058823529
2023-01-04,1.0,12.0,1,6.106250157805772,4.511142730460583,6.733815665724548,6.649635636743949,7.047275660670458,0.4071195454970938,0.21802743768053173,0.22515300807257202,0.21428571428571427
2023-01-05,1.0,10.0,1,4.392328901835993,4.161765020277384,7.272511400249423,7.21926736486687,7.413578037540633,0.4558992859863313,0.17352119538559915,0.21728217860979912,0.0
2023-01-06,1.0,4.0,0,5.65314189951408,5.689134742825453,5.420474599861244,5.507879028040671,5.511705634185657,0.20631682754492162,0.20640604369231633,0.2232053508415469,0.21428571428571427
2023-01-07,1.0,4.0,0,5.154410428994496,3.9335464334817094,5.744497313353511,5.827754892020612,5.886311834114143,0.2527476544614354,0.2079670532811231,0.22347085320845428,0.21428571428571427
2023-01-08,1.0,2.0,0,7.029783366786374,5.55994319131551,5.7278780769324245,5.783543407790607,5.967449739120741,0.263150791910594,0.2502624083621348,0.2302507000845737,0.2289156626506024
2023-01-09,1.0,11.0,1,5.05472096685879,3.985248158300747,6.210737634624173,6.323060662137509,6.372937552911661,0.31642884619022554,0.2129693231209779,0.22431338619920008,0.21428571428571427
2023-01-10,1.0,10.0,1,7.557338700215548,9.001345848827038,6.286927405675588,6.3692843171864615,6.494209562122206,0.33265438023644744,0.5862516610484048,0.2740749910799745,0.4117647058823529
2023-01-11,1.0,10.0,1,9.028082096382427,8.567937063398338,6.621346706079568,6.55527787500896,6.942505885741687,0.39303095442059655,0.5679126884611344,0.27167336767393213,0.4117647058823529
2023-01-12,1.0,7.0,0,5.821836112161555,6.12126690185094,6.753392127163524,6.668278501314917,7.02802204833724,0.40453347281594654,0.47146521268280245,0.2594982310602553,0.25
2023-01-13,1.0,6.0,0,5.608608151713415,4.006236132975851,6.520801992760293,6.47601863006697,6.784765670849712,0.3717704517241168,0.29257227327342233,0.2364247331690829,0.2289156626506024
2023-01-14,1.0,5.0,0,8.28314676222849,6.163304737246697,6.90678212979742,6.88854992313894,7.294241676500532,0.4401137817260899,0.5029902486079704,0.26342392612831,0.4117647058823529
2023-01-15,1.0,7.0,0,5.627478051327758,5.932897562391362,6.391610130446806,6.356168340255435,6.659631845574554,0.35490032811967953,0.413235671376672,0.25225069614357587,0.25
2023-01-16,1.0,8.0,1,5.603027072258342,4.709923953421869,6.235962496002453,6.227514642452672,6.513184471941793,0.33520066619997957,0.245402673449573,0.2295073258759052,0.2282169909753981
2023-01-17,1.0,20.0,1,4.7970519970044805,4.074589970946003,6.270170724765762,6.266363082082728,6.679523839359918,0.3575808067191891,0.16687441940331443,0.21599563327593135,0.0
2023-01-18,1.0,7.0,0,4.388342646214986,3.667139872217603,5.78150075375296,5.829638745360827,6.218820980737399,0.29596826269781895,0.16863060951560144,0.21633892675419156,0.0
2023-01-19,1.0,15.0,1,5.524175417664221,4.03021687266722,5.728344788893738,5.83633574719596,6.061626729258094,0.27535039713253023,0.17179101005722786,0.21695057722374653,0.0
2023-01-20,1.0,4.0,0,5.144859776178552,3.689689024856367,6.046107482747146,6.056492625134314,6.315795550650584,0.3088187210001163,0.22460497979136998,0.2262273449301822,0.21428571428571427
2023-01-21,1.0,8.0,1,5.755163595693253,6.390173030770726,6.729432804513808,6.692761117937909,7.04951678814527,0.40742046440927715,0.47527691973725633,0.25997174390412864,0.25
2023-01-22,1.0,11.0,1,6.93356301421614,5.012010604449183,6.783768850850403,6.7277379064134415,7.004695444663127,0.4013983643144807,0.39472900215676193,0.24992250942102226,0.25
2023-01-23,1.0,6.0,0,5.02645723114755,4.274918812069152,6.319229579914197,6.360059608658228,6.536660179120152,0.3383532497865992,0.23134664298586874,0.22730918406391767,0.21428571428571427
2023-01-24,1.0,5.0,0,9.26525713886433,10.430983915585267,6.400569322612053,6.450709871778309,6.586088989672149,0.3449985165711681,0.6089871532309997,0.2771157466892,0.4117647058823529
2023-01-25,1.0,10.0,1,7.172208489479465,7.03541778988228,6.525877400373086,6.470190204193594,6.686900942613425,0.35857506439553866,0.5434302335529432,0.26852412000022957,0.4117647058823529
2023-01-26,1.0,7.0,0,7.396867080503048,7.271128645062721,6.772798468242,6.6794556159750735,6.982686772944684,0.39843857575054736,0.5964409996934901,0.27542828369965355,0.4117647058823529
2023-01-27,1.0,8.0,1,7.320502034818848,8.269186417650287,6.547106110603604,6.484226630527923,6.783457177788326,0.37159399307455987,0.6485421896940905,0.2826203995393191,0.4117647058823529
2023-01-28,1.0,7.0,0,5.411186906085128,3.864309306985622,7.408856517271516,7.248270730634172,7.698275825535357,0.4929816764724847,0.41525047643282337,0.2525030397032831,0.25
2023-01-29,1.0,7.0,0,9.807021870362039,12.380278636261947,7.423658143769977,7.2878129422180375,7.64890905864183,0.48661798632706516,0.7326406628901819,0.29570983027075165,0.4117647058823529
2023-01-30,1.0,16.0,1,9.747673925546058,10.37767991568101,7.731544827617937,7.557579680513556,7.997164360509371,0.5308074445167192,0.6966645232706064,0.28982065200178,0.4117647058823529
2023-01-31,1.0,11.0,1,5.199644070323851,4.24299212274543,6.245425109653328,6.193030373706098,6.413001844232803,0.32177899654794356,0.3530216502342642,0.24457759992393652,0.2289156626506024
2023-02-01,1.0,6.0,0,6.399485955211301,4.048785286911528,6.620913099075807,6.599641098107026,6.7705972094099325,0.36985974531379207,0.32386544586573174,0.2407215054950816,0.2289156626506024
2023-02-02,1.0,15.0,1,8.861069407214233,8.639266183352301,7.944814007309618,7.747509301197649,8.288881844737004,0.566395055709967,0.6431413784865464,0.2818499682094967,0.4117647058823529
2023-02-03,1.0,20.0,1,5.69215324208085,3.9664560277378746,8.267607827701644,8.039389031913982,8.445862460363953,0.5849337780504692,0.3185669914364741,0.24000684207623954,0.2289156626506024
2023-02-04,1.0,18.0,1,5.753433797311008,3.891477580007722,6.1403682193228395,6.14702656194222,6.315435487812876,0.30877085116187947,0.2376840989993596,0.22830946602444227,0.21428571428571427
2023-02-05,1.0,8.0,1,5.749764699919981,4.489482693229959,5.577414813149092,5.652921533661972,5.768559455263033,0.237849519857915,0.26661856404050716,0.23269662360172347,0.2289156626506024
2023-02-06,1.0,18.0,1,5.250742471272363,4.044724704351839,6.448421928142469,6.516120509276997,6.679150281051417,0.3575304624041331,0.2856061957794922,0.23544055127150737,0.2289156626506024
2023-02-07,1.0,12.0,1,5.420358516651283,3.94781891593976,7.251288694204465,7.1754857405014665,7.538661377218558,0.47230154885247677,0.3438288147276491,0.24337457224723574,0.2289156626506024
2023-02-08,1.0,13.0,1,7.335944297492562,5.343446959597254,6.387473377075447,6.355599411230479,6.669156159922497,0.3561836510786175,0.349033301990682,0.24405697893213393,0.2289156626506024
2023-02-09,1.0,10.0,1,7.952385836148963,8.997304535427586,6.529353356946044,6.512817769944658,6.8141238844013685,0.37572949037441433,0.5379592573998725,0.2678277484932783,0.4117647058823529
2023-02-10,1.0,10.0,1,8.34905720311482,8.755303758000673,6.682045483459707,6.6965026078668055,6.9490612340015945,0.39391350505243417,0.5900174445277964,0.2745734522448825,0.4117647058823529
2023-02-11,1.0,7.0,0,6.027754430504275,5.210291393266552,6.3562573311593615,6.375408848799537,6.532823788045596,0.3378378888057238,0.3518084547298684,0.24441944219615114,0.2289156626506024
2023-02-12,1.0,11.0,1,6.343215282964213,5.346313629053771,6.0311626699341065,6.042893826575099,6.303316254136771,0.30716025635922567,0.29449499817627134,0.23669443480205027,0.2289156626506024
2023-02-13,1.0,6.0,0,6.734908118804168,6.902792217017679,6.479403633549188,6.481557514172983,6.746534105932241,0.36661478536812175,0.49483136354468416,0.2624052560657791,0.4117647058823529
2023-02-14,1.0,7.0,0,10.116908617500888,8.678067342744209,6.780259924639646,6.752955172766391,6.978675916678068,0.3978990083122422,0.660845761145744,0.28440113861971006,0.4117647058823529
2023-02-15,1.0,7.0,0,9.30079040025318,9.759050992720354,7.361829083347667,7.214452480051819,7.518699542134157,0.46969476003692595,0.6746542634813352,0.28644593763195286,0.4117647058823529
2023-02-16,1.0,12.0,1,6.503182342451286,6.315135751348589,6.278449667489974,6.2715632322400126,6.438545706469556,0.3251956623374282,0.5492492457774844,0.2692675206157222,0.4117647058823529
2023-02-17,1.0,8.0,1,6.672959546671079,4.932087530373411,6.984489873167647,6.914222186480335,7.452271601662183,0.4609899861217656,0.38350833019838326,0.2484998974300714,0.25
2023-02-18,1.0,6.0,0,4.85644997595576,4.1708821991261065,6.367290008822713,6.395610314250037,6.586240686334617,0.3450189246530741,0.2575691570013994,0.2313536253631198,0.2289156626506024
2023-02-19,1.0,8.0,1,4.545342368788013,4.020609155212658,6.966252746251931,6.826888539128051,7.424654546740992,0.4573580262602083,0.24035784968100335,0.22872687430493213,0.21428571428571427
2023-02-20,1.0,11.0,1,4.823095593055977,3.411455005103685,6.006886239732575,6.056807280776396,6.153796040609181,0.2874044529435164,0.28680609238041155,0.2356108818814905,0.2289156626506024
2023-02-21,1.0,17.0,1,5.6966902469047405,4.026060884106957,6.307916154631826,6.268097962163397,6.701906925275717,0.3605977741905959,0.372739615331243,0.24712492018899024,0.25
2023-02-22,1.0,10.0,1,4.526422387108519,2.8240685707972477,6.773024710589892,6.726110207783537,7.136300931849723,0.4190547995006919,0.22808382845582123,0.22678795715044847,0.21428571428571427
2023-02-23,1.0,17.0,1,6.785425608198996,6.306331485107151,6.871733487480492,6.797987912084404,7.1763537915299125,0.4244106755832531,0.5704617533707469,0.2720047858923541,0.4117647058823529
2023-02-24,1.0,7.0,0,6.109878684755115,6.221897783617166,6.994803979359537,6.9164127117031935,7.337630243739097,0.4458671620009131,0.45917393097466624,0.2579720685230609,0.25
2023-02-25,1.0,7.0,0,6.537992919807842,6.962128352995714,6.234292947744431,6.303351532049539,6.366506646944395,0.3155711281160899,0.5912752003452864,0.27474037031543436,0.4117647058823529
2023-02-26,1.0,13.0,1,6.506928991313789,4.81732021361361,6.432007926292672,6.392905501980991,6.7213037160670694,0.36321277478195146,0.3834753789151154,0.24849570535424062,0.25
2023-02-27,1.0,11.0,1,5.31563726211791,4.50952960643646,6.784630954742051,6.7192591732141285,7.032539315999113,0.4051403517406595,0.37718238178060337,0.24769342959673402,0.25
2023-02-28,1.0,6.0,0,6.574773363875197,5.981227543235215,7.002358143422873,6.944537370194727,7.330865711762925,0.44497118804773117,0.5542908957058319,0.2699140490905597,0.4117647058823529
2023-03-01,1.0,6.0,0,8.865358015655762,8.534630900424006,6.979770702255877,6.973885840076963,7.196613546338188,0.42711609891993785,0.6429884991250409,0.281828254861748,0.4117647058823529
2023-03-02,1.0,8.0,1,9.179927817526343,7.359602219410447,7.401010773160594,7.277812588091562,7.736109640541955,0.49783786384970763,0.6101156861638701,0.2772687648966427,0.4117647058823529
2023-03-03,1.0,11.0,1,6.078745302328228,7.03430710341378,7.589838307290502,7.51408646448853,7.876070048292518,0.515635768808218,0.512812539486834,0.2646539581127625,0.4117647058823529
2023-03-04,1.0,4.0,0,3.9633010349420004,3.0783420071321794,6.864123360422042,6.841233035036492,7.232919050537454,0.4319575067587288,0.31539431278649566,0.2395765843458743,0.2289156626506024
2023-03-05,1.0,3.0,0,6.727725061690375,7.025187111440869,6.801441656302799,6.787549615497986,7.091281084910265,0.4130240654325434,0.548677182293273,0.26919430678791406,0.4117647058823529
2023-03-06,1.0,8.0,1,5.259226322736102,4.672571960191524,5.6445784326382515,5.702346397325076,5.82223743930048,0.2446099456928266,0.25978615231672675,0.23168492415490438,0.2289156626506024
2023-03-07,1.0,6.0,0,6.389314112264573,5.547915354088816,5.1733007556422805,5.2840325971577595,5.370817240663147,0.18967664726184186,0.2637005229668508,0.23226622538715622,0.2289156626506024
2023-03-08,1.0,5.0,0,5.821635297596183,4.828330656079673,6.302680293157612,6.373125408812458,6.549962985043446,0.34014076000920684,0.28786247688150424,0.23576055825872191,0.2289156626506024
2023-03-09,1.0,5.0,0,5.5971538889446855,5.10728106106828,5.286445928183053,5.396591975214374,5.418964348434548,0.1953059780448259,0.3005333904147264,0.23753622615886122,0.2289156626506024
2023-03-10,1.0,6.0,0,6.212410865008633,5.798247121068064,5.269790179337416,5.368706240783349,5.404213101125192,0.1935747858738111,0.26787338361927915,0.232880950387368,0.2289156626506024
2023-03-11,1.0,5.0,0,6.8069042307305265,6.72574003145635,6.1889915091832854,6.24001207870801,6.283246581343867,0.3044958823715478,0.2986069190366607,0.237268506711819,0.2289156626506024
2023-03-12,1.0,8.0,1,6.456641421832917,5.278415869085348,5.864468062737177,5.969348616334962,6.01324842755551,0.26906771546856306,0.300301877435048,0.23750409407574719,0.2289156626506024
2023-03-13,1.0,9.0,1,4.933977300043726,3.2603470441073754,5.995671334745141,6.089389949052279,6.1144095515922965,0.2822405637168393,0.22635790139414355,0.22651046535149022,0.21428571428571427
2023-03-14,1.0,3.0,0,5.38195929515118,4.497313433884359,5.767734290080017,5.821831097141222,5.92018847819093,0.257078328346102,0.2405557967133994,0.22875767101724617,0.21428571428571427
2023-03-15,1.0,9.0,1,4.845916745244179,4.020861362542178,6.176547241828014,6.251049529696346,6.375794648751654,0.31681000669133225,0.21875066007922456,0.22527208422643813,0.21428571428571427
2023-03-16,1.0,11.0,1,5.135656990252935,3.8090366339557575,5.718982920604195,5.793432416351976,5.806202706912409,0.24258487210363777,0.20172171099675665,0.22240095510521551,0.21428571428571427
2023-03-17,1.0,4.0,0,4.6573832210295905,3.657243768879951,5.592987425672865,5.707855093631122,5.671623615142818,0.2257828119573156,0.2842067949129527,0.23524146470284282,0.2289156626506024
2023-03-18,1.0,4.0,0,6.035462030663802,4.742078008931347,5.832030564726671,5.890642905285191,5.865780683646673,0.2501323554500843,0.35295463266111055,0.2445688678663637,0.2289156626506024
2023-03-19,1.0,6.0,0,4.705543468820934,3.47337040517192,6.142311121459177,6.1632255056228935,6.306633764947417,0.30760101508346643,0.2908334471600715,0.23618011457558466,0.2289156626506024
2023-03-20,1.0,2.0,0,5.135275567512451,3.880633761530563,5.9427825098320985,5.995634214873281,6.220939682259778,0.29624805421120365,0.3252514754240458,0.24090768071524002,0.2289156626506024
2023-03-21,1.0,4.0,0,4.921739509531577,4.191155834406904,5.967938653030548,5.986772565236404,6.141086077195291,0.28573606427073567,0.244888449567503,0.2294281894270538,0.22653753494137888
2023-03-22,1.0,4.0,0,5.497616340722851,4.979056040678662,6.050253735833574,6.066634064887966,6.259626283219427,0.301364798174489,0.271416944619119,0.23339909368139378,0.2289156626506024
2023-03-23,1.0,5.0,0,5.958508532147794,3.863696649047792,5.871648421125407,5.9291075054021505,6.111307661521381,0.28183467443411275,0.33636997457214,0.242390203454885,0.2289156626506024
2023-03-24,1.0,10.0,1,4.726238845320133,3.258816525558088,6.429861555584155,6.414827726515712,6.733191467101296,0.3648156303083317,0.24061513448812577,0.22876690001637814,0.21428571428571427
2023-03-25,1.0,7.0,0,4.996291035959478,3.860808283116175,6.045367985806814,6.078439738599138,6.202529629062341,0.29381840932043995,0.28133641075846916,0.23483161508370762,0.2289156626506024
2023-03-26,1.0,9.0,1,5.341104642142458,4.791181063618214,6.105473727295197,6.140910183570305,6.299964774341893,0.30671508090129496,0.27297601030871876,0.233625966698089,0.2289156626506024
2023-03-27,1.0,12.0,1,4.892816270100499,3.8916268836928274,5.589312095293799,5.686296591726889,5.827549330552747,0.24528182872644916,0.22965283384247012,0.2270391451866484,0.21428571428571427
2023-03-28,1.0,7.0,0,4.6969957840191245,4.53815545532263,5.9963622562976235,6.041176953596457,6.189718558533625,0.29212978842831683,0.294151301060525,0.23664628432637347,0.2289156626506024
2023-03-29,1.0,5.0,0,5.6938417605781995,4.404670220835384,5.494057531811062,5.548211900535088,5.616408393565716,0.21899683005206638,0.2927906173897145,0.23645540180260727,0.2289156626506024
2023-03-30,1.0,9.0,1,4.779202534597055,4.08624720524563,6.155783244184247,6.120137769519769,6.41666730979267,0.32226902240245253,0.25973638783291497,0.23167750414426336,0.2289156626506024
2023-03-31,1.0,8.0,1,4.405131059501837,3.7464749243826025,6.209398294620479,6.20106487879709,6.642502156345631,0.35259272710768685,0.2642044728104521,0.23234073289453383,0.2289156626506024
2023-04-01,1.0,15.0,1,5.020427873570567,4.184535297872781,6.8601605806102,6.782222371443072,7.08202478899706,0.4117828336170132,0.3115352601914845,0.23905080295817774,0.2289156626506024
2023-04-02,1.0,7.0,0,5.759867121597798,4.437598301389691,5.657953916062566,5.685071541480556,5.824940953891339,0.24495184051258423,0.2661779999954895,0.23263180026845096,0.2289156626506024
2023-04-03,1.0,8.0,1,4.552202241470129,4.332464274593554,5.814245570018276,5.851998385394078,6.041929926088175,0.2727885686996465,0.21893071788422042,0.22530169297559377,0.21428571428571427
2023-04-04,1.0,8.0,1,4.617816294320486,5.40657961158238,6.062847993449497,6.13534836533016,6.529871338056905,0.33744131531675753,0.25379149957238667,0.23078555714529006,0.2289156626506024
2023-04-05,1.0,6.0,0,3.9225023641308527,4.175549256855603,5.728702246800355,5.812302347441856,5.882143436354272,0.2522160971643165,0.1818870325037766,0.21885474679720787,0.0
2023-04-06,1.0,12.0,1,4.900312444964594,4.933730197412061,5.81660419497274,5.838210381642217,5.9541229019018145,0.2614349404530413,0.2968390715983907,0.23702214102425553,0.2289156626506024
2023-04-07,1.0,6.0,0,4.4878333700700574,3.792246448805695,5.952976255165232,5.956681172196843,6.153618130987862,0.2873810864967291,0.20465585587407492,0.22290616932344848,0.21428571428571427
2023-04-08,1.0,10.0,1,5.048467306603569,4.519280504253296,6.0550735495717705,6.056894188982336,6.250307925321256,0.3001310028466881,0.22217510402539592,0.22583269701133066,0.21428571428571427
2023-04-09,1.0,3.0,0,6.455382285128991,3.9571525548433,6.523090891998964,6.556435021132802,6.865488156085129,0.3826546857994779,0.25150779415656643,0.23043991506635028,0.2289156626506024
2023-04-10,1.0,5.0,0,5.129566390255024,3.214400927699424,5.452293853787746,5.541171060874726,5.567081352408668,0.21299148930107975,0.19397038738195305,0.22104333701181278,0.0
2023-04-11,1.0,3.0,0,5.558122024027811,4.722362835161817,5.478951643695265,5.603489687009757,5.628540354506802,0.22048218419921747,0.24897889213136587,0.2300551488236534,0.2289156626506024
2023-04-12,1.0,5.0,0,5.4906158821142395,4.773165150410572,5.535278283871106,5.61372763889813,5.6290702493203355,0.22054713461365485,0.3288643357384498,0.2413915117089712,0.2289156626506024
2023-04-13,1.0,7.0,0,5.799998675265847,4.539727492284699,5.101709487579193,5.2272149940450054,5.1925632955591166,0.16939283115169654,0.267775123683371,0.23286653263500545,0.2289156626506024
2023-04-14,1.0,7.0,0,6.226939701923205,5.637719153094013,5.19864902225044,5.2770119057297915,5.220577999830949,0.17251999799388523,0.2509986908309395,0.23036262786464826,0.2289156626506024
2023-04-15,1.0,4.0,0,5.436548243637683,5.5476037383867585,5.715147300369386,5.801551277503988,5.77641567994519,0.2388355936154731,0.3548238540130209,0.24481221609603196,0.2289156626506024
2023-04-16,1.0,7.0,0,5.426796221633967,5.516153872782654,5.707189588673918,5.683577144243693,5.823056091511017,0.24471346105913402,0.35071755490108536,0.24427707368663945,0.2289156626506024
2023-04-17,1.0,13.0,1,5.32788559117365,4.380637350859642,5.649994325614924,5.586290995010579,5.871365341074338,0.2508430293903325,0.32878890977982667,0.24138143191604064,0.2289156626506024
2023-04-18,1.0,10.0,1,5.411208447646116,4.17209503512805,5.686439253862809,5.684534637818995,5.886302951941821,0.2527465214891522,0.24000742294847377,0.22867231932783627,0.21428571428571427
2023-04-19,1.0,3.0,0,5.010267410108577,4.095493507571968,6.258316059332828,6.208331692799728,6.29884110835245,0.3065658466819976,0.2094502544783721,0.22372197011240574,0.21428571428571427
2023-04-20,1.0,8.0,1,6.409939532141936,4.955203290508811,6.314855926385023,6.261075339336303,6.396276799754677,0.31954420203728495,0.28375076630322654,0.2351764852572417,0.2289156626506024
2023-04-21,1.0,5.0,0,6.486505800397247,6.498835652881423,5.561410483598136,5.686479304525301,5.63942123778982,0.22181710797354784,0.3463899658820332,0.2437108279062632,0.2289156626506024
2023-04-22,1.0,6.0,0,5.119247052770082,4.772872868211415,5.795670570995209,5.7795106243993555,5.93396925650202,0.2588453544023784,0.22860619183747666,0.2268716970399452,0.21428571428571427
2023-04-23,1.0,4.0,0,5.8785627336489235,5.766395684128662,5.942928365150865,5.9641501517843,6.126996885030812,0.2838888512442725,0.31164781977842115,0.23906617760116278,0.2289156626506024
2023-04-24,1.0,4.0,0,5.30435913669477,6.153712075891274,5.8402430514401,5.9619858221941735,6.040028228882416,0.27254150711524183,0.26803841304825254,0.2329051591307175,0.2289156626506024
2023-04-25,1.0,3.0,0,5.198614464691392,3.9174297179603634,5.49269251677421,5.53201163540255,5.651664997661035,0.22332230553966737,0.24141672385314306,0.22889144744960638,0.21519887311966346
2023-04-26,1.0,7.0,0,5.882458173894191,6.07068379109135,6.577168374842845,6.65339196466818,6.7128221707337214,0.36206927164083047,0.2758700933038323,0.23404537937126668,0.2289156626506024
2023-04-27,1.0,6.0,0,6.3537586082043145,5.4420553075957585,5.806340618625258,5.834636417342126,5.795238712041815,0.24120291389326598,0.2707041753697541,0.2332951515698814,0.2289156626506024
2023-04-28,1.0,19.0,1,8.16668667631162,7.317485552599299,9.301723270438195,9.164820673743,10.075879018296868,0.7479254644340424,0.5380042857544882,0.2678334702598846,0.4117647058823529
2023-04-29,1.0,7.0,0,7.866019431800663,6.991594537561001,8.56930051030454,8.117479824372815,9.188385439461367,0.6661094396120459,0.586885826878952,0.27415879843308766,0.4117647058823529
2023-04-30,1.0,8.0,1,5.6088681914725775,5.732899529280183,7.960234663853031,7.586777197264283,8.788667163478614,0.6237945360156589,0.4413397065627837,0.2557566730140606,0.25
2023-05-01,1.0,10.0,1,4.677141167167041,5.072396135801601,7.1196337266515135,6.846420097255831,7.801689755577013,0.5062108258370944,0.3135044210286659,0.23931943423720112,0.2289156626506024
2023-05-03,1.0,8.0,1,4.467242092114792,3.710500164616628,7.161582850980139,6.850498011441685,7.926234259239156,0.5219473583568603,0.348255397483536,0.2439552033675517,0.2289156626506024
2023-05-04,1.0,8.0,1,4.591199999397389,4.6055921180576584,7.0585142874023745,6.715765404962151,7.9378553368066065,0.5234041990859155,0.3237126727305681,0.24070096528301355,0.2289156626506024
2023-05-05,1.0,10.0,1,3.484601680761623,3.198078582156592,5.547883756305918,5.341930821183973,6.196983909599473,0.2930872156086358,0.37020216545273044,0.24679938744240482,0.25
2023-05-06,1.0,6.0,0,5.077276801608273,4.986142472489377,5.302327508577964,5.249900084343631,5.670771798536065,0.22567762721476847,0.36210719669319835,0.24575655173141203,0.25
2023-05-07,1.0,3.0,0,4.67509208657961,4.165889930897654,6.482175248289361,6.333024025769357,7.13013882364621,0.41822998082761215,0.3233905033129643,0.24065763724183967,0.2289156626506024
2023-05-08,1.0,3.0,0,4.296137990146721,4.224575538804244,6.827081769377627,6.6494182046847925,7.549566814439554,0.4737238480142599,0.2828963510040161,0.23505460325663785,0.2289156626506024
2023-05-09,1.0,10.0,1,4.041252408458556,3.8481811776889234,7.0444672092352,6.815058370227706,7.774061569176291,0.5026904223955945,0.2821047380946109,0.2349415200845886,0.2289156626506024
2023-05-10,1.0,4.0,0,4.807381919867,5.597277772206059,7.553272420319247,7.342564102580128,8.235399300682003,0.5599781663335814,0.29550084277007777,0.23683520034037742,0.2289156626506024
2023-05-11,1.0,10.0,1,5.5465101599949875,5.37100030235965,7.732529310197803,7.4201444354444455,8.452572750998453,0.5857161515627898,0.32780909557698434,0.24125040989100788,0.2289156626506024
2023-05-12,1.0,3.0,0,5.307402774257474,4.236450391711894,10.131288493253876,9.672787152273502,10.912314078988224,0.8099497135987394,0.4204719372777513,0.2531561466022378,0.25
2023-05-13,1.0,7.0,0,5.875176646597136,5.713297495545065,6.6714677907621045,6.640638277193174,7.280479962756054,0.4382858368908125,0.2709020684310408,0.2333240240231053,0.2289156626506024
2023-05-14,1.0,3.0,0,6.252376855823041,5.531488482295884,6.538521359748404,6.444038384245068,7.288069003063362,0.43929405696193596,0.43286531884734974,0.2547021436717382,0.25
2023-05-15,1.0,6.0,0,6.789187578821962,5.716797842011945,5.9839336016658855,6.0113647614659085,6.591666223925343,0.345748884589427,0.33998630333790897,0.24286843143512638,0.2289156626506024
2023-05-16,1.0,6.0,0,6.87431148733062,6.480845371746218,5.239829498748497,5.298495107802668,5.739345424031869,0.23419316124238415,0.3384336061861216,0.24266332844086944,0.2289156626506024
2023-05-17,1.0,4.0,0,6.007943030100629,4.6523276589640545,5.371436920906078,5.4345028272375915,5.8837895236849445,0.25242597252580173,0.34509077320624504,0.2435403640104181,0.2289156626506024
2023-05-18,1.0,6.0,0,4.997197479593847,4.894706689357962,5.797324803891317,5.756511846794644,6.4978233943146115,0.33313919243135953,0.18560273497049704,0.21953769162132147,0.0
2023-05-19,1.0,8.0,1,5.969801966616037,6.451643476420605,5.743161730438356,5.722584980753744,6.3579329425238855,0.3144280937039491,0.3465126892771081,0.24372691874106664,0.2289156626506024
2023-05-20,1.0,5.0,0,5.9589071268042035,4.942698397274217,6.019390956179362,5.942219037428582,6.737096044205974,0.3653421203922078,0.26360979701884174,0.23225280389178368,0.2289156626506024
2023-05-21,1.0,15.0,1,8.310496903708584,8.434381854778493,8.89314837203188,8.680936032646123,10.380920522300949,0.7721875992801102,0.5349148323735821,0.2674412497857801,0.4117647058823529
2023-05-22,1.0,7.0,0,5.43168992098276,7.253506624173985,8.444860253861687,8.07419264414661,8.033663055089999,0.5353363774652042,0.47554308882620283,0.26000481591713637,0.25
2023-05-23,1.0,7.0,0,6.295551297075985,6.6842660751852705,8.635421094210214,8.405659369929506,8.353071046908196,0.5740296072954424,0.5033979782349753,0.26347490013565966,0.4117647058823529
2023-05-24,1.0,5.0,0,7.661037386164283,6.263394390475439,8.646107620777858,8.437848233998238,8.373669202046461,0.5764637831163234,0.560018734009891,0.2706515112168258,0.4117647058823529
2023-05-25,1.0,8.0,1,5.4127010607232355,5.176310886254956,6.991853481974253,6.899150332966907,6.778798096793694,0.37096568576857464,0.3899058608991139,0.24931216337117054,0.25
2023-05-26,1.0,7.0,0,5.188751538408555,3.995246036778854,6.330337278097666,6.490190882852809,6.028680206917754,0.27106825160699793,0.3434556667119615,0.24332550864945648,0.2289156626506024
2023-05-27,1.0,12.0,1,4.521949727694231,4.560336458401412,6.274238233191015,6.303278800618804,6.404784829341326,0.32068080769914437,0.35658768422061143,0.2450414646665848,0.2289156626506024
2023-05-28,1.0,4.0,0,5.54575145386181,5.640835336918737,4.10488522116238,4.26271645834193,4.081077404732993,0.06768087169113512,0.4008641800361874,0.25069659264381194,0.25
2023-05-29,1.0,9.0,1,4.498635615135803,5.259648340228255,6.322521961667465,6.238214625351968,6.948126816371652,0.39378771095257437,0.3730312282999227,0.2471622920758396,0.25
2023-05-30,1.0,7.0,0,5.350923706964002,5.200662511258958,5.783637836789098,5.712921420533027,6.371783379719648,0.31627488669307635,0.34147214145795146,0.2430643876879692,0.2289156626506024
2023-05-31,1.0,7.0,0,4.5376218313555405,4.080679795316718,5.459405949743602,5.470765772649374,5.837421432125589,0.2465318615471789,0.3209672310849452,0.24033117989437877,0.2289156626506024
2023-06-01,1.0,6.0,0,5.115771000308502,5.3227701893467625,8.419018296781754,8.016716504623327,9.344991022051852,0.6817720142244728,0.4159490179468181,0.25259048398509154,0.25
2023-06-02,1.0,10.0,1,5.4766531742836735,4.095322055471626,6.608346062000666,6.485479104201289,6.969556434080701,0.39667200284980875,0.4056969055924633,0.25130469094455815,0.25
2023-06-03,1.0,6.0,0,7.099872716534825,7.023768438036209,8.402959790367134,8.075917654309604,9.282333631387228,0.6755681940769941,0.5881622042498248,0.2743276406411037,0.4117647058823529
2023-06-04,1.0,5.0,0,5.3652241064236454,5.45860315022755,9.535920372624709,9.23905774534111,10.138569873400307,0.753070044030075,0.3300844024008396,0.24155443585191472,0.2289156626506024
2023-06-05,1.0,7.0,0,5.731352401695662,5.826696364096833,6.482991534674354,6.46272625972478,7.19617036524473,0.42705694587630066,0.3611422606861329,0.24563178299120675,0.2289156626506024
2023-06-06,1.0,6.0,0,5.665574724835783,5.179626485118599,5.940531613153112,6.042937583172654,6.27048277757874,0.30280328478019675,0.4070770220406136,0.2514781020977411,0.25
2023-06-07,1.0,5.0,0,4.678012642748758,4.091200571526631,7.330834097684217,7.226669824631849,8.029007520157679,0.5347598606953687,0.303869683370623,0.2379980530068552,0.2289156626506024
2023-06-08,1.0,8.0,1,8.601202275138,7.358441037917073,10.717758493170262,10.509752420670795,11.787360528606504,0.8606728633821671,0.6074180194064192,0.2769033357711468,0.4117647058823529
2023-06-09,1.0,4.0,0,5.239251122456238,6.2342294814600745,6.060228743702889,6.034820793691389,6.192157343486417,0.292451107992403,0.41160067523362726,0.2520457775219849,0.25
2023-06-10,1.0,8.0,1,4.9809655734807485,5.924749246411554,5.234769359769582,5.2501011886506,5.437671760597885,0.19750957096353833,0.3032685334737873,0.23791500607255045,0.2289156626506024
2023-06-11,1.0,8.0,1,5.5580578225659565,5.886863520063469,6.219399723599677,6.191157749343248,6.561346462176343,0.3416709355965174,0.36207615444060637,0.24575253946618889,0.25
2023-06-12,1.0,10.0,1,5.395024691330272,4.982539211745405,7.373811321445003,7.01427951880792,7.96497952205506,0.526796632415503,0.24184214648218386,0.2289574525402083,0.21658830411706242
2023-06-13,1.0,4.0,0,4.1681377041608245,4.592579707919086,6.0784086559686195,5.956168553268464,6.197710283780334,0.2931829682099334,0.36404240427865653,0.2460064758589781,0.25
2023-06-14,1.0,6.0,0,5.717230506880517,5.413325608983363,7.328261322148618,6.933349907693206,7.856400678700377,0.5131510156249947,0.26825406993158785,0.23293678299781886,0.2289156626506024
2023-06-15,1.0,5.0,0,5.270639055216678,4.911328075873083,4.713067978004631,4.63796789126533,4.789625670629644,0.12720338305974993,0.29973796940428554,0.23742578161616285,0.2289156626506024
2023-06-16,1.0,12.0,1,5.803057094381144,5.77321779779741,5.358032228133839,5.332959423012679,5.501269253635431,0.20506708921318906,0.341890936820291,0.24311956455553074,0.2289156626506024
2023-06-17,1.0,7.0,0,6.2054644813355395,8.525810350098967,6.458257351945315,6.398729867582307,6.705458003267866,0.36107648290184935,0.43966908417246164,0.2555489154486111,0.25
2023-06-18,1.0,2.0,0,5.378958645134376,6.204766358621985,5.800979706348656,5.78647304728331,6.048034022039846,0.27358192496679945,0.3069719995278587,0.23842548279552783,0.2289156626506024
2023-06-19,1.0,7.0,0,5.450310452873287,4.875914423805455,6.15202124725525,6.082417717199891,6.378869881518189,0.3172203345464092,0.17791900701301994,0.2181150686055205,0.0
2023-06-20,1.0,8.0,1,5.17033862435161,5.195088791713529,5.829035122725156,5.853735918786072,5.8251905005018285,0.2449834055941697,0.28283916400706594,0.2350464391715702,0.2289156626506024
2023-06-21,1.0,4.0,0,8.22634003597014,6.767088777747879,6.894649473800277,6.704590676545459,7.214179253302279,0.4294596246736916,0.5400441650761784,0.2680928437958461,0.4117647058823529
2023-06-22,1.0,3.0,0,8.585876984420779,8.45572256382618,11.313010824508618,10.756408051581246,11.883965218487345,0.8654772688727717,0.7267772698843871,0.2947135726932082,0.4117647058823529
2023-06-23,1.0,5.0,0,9.013524545254874,8.290522952440877,9.184411853067948,9.063820610545301,9.2184258497377,0.6691543312960951,0.7048101315594085,0.29111009559459644,0.4117647058823529
2023-06-24,1.0,3.0,0,7.0294246843483466,5.107456458976319,7.634756748080787,7.649025538463316,7.506364481876357,0.4680818129588294,0.5403372484829181,0.26813013665662355,0.4117647058823529
2023-06-25,1.0,4.0,0,9.16120109347027,8.825485346780386,7.947237815318059,8.29096443876319,7.5601094797379975,0.47509758853257156,0.6932020234005488,0.28927950986847867,0.4117647058823529
2023-06-26,1.0,4.0,0,5.331026581960735,4.374236756828564,5.162023819365049,5.596241957864473,4.582966183465446,0.10779045932792627,0.40963877252272596,0.25179970933471363,0.25
2023-06-27,1.0,5.0,0,5.914436312923005,4.815066902619862,4.551829757340688,5.083351575387772,3.9767945766255215,0.060655232616720886,0.41072467715931177,0.2519359313562051,0.25
2023-06-28,1.0,11.0,1,5.120434540326643,6.383162820603972,4.603595378338033,5.08382924761207,3.9131934209695665,0.05659467330832775,0.3212140300262204,0.24036447326845556,0.2289156626506024
2023-06-29,1.0,7.0,0,5.577952846116522,5.471979026811236,3.6190863042577774,3.9722075807572534,3.089970952997141,0.018822847714938962,0.3524083126395835,0.2444976647921315,0.2289156626506024
2023-06-30,2.0,8.0,1,5.330184601856088,5.142306834730174,5.507476065324109,5.737608834254032,4.576004348039612,0.11322757622718306,0.3892182190930314,0.32749453544782375,0.328125
2023-07-01,2.0,5.0,0,5.848792784921984,5.29578083427889,6.599848103270494,6.60380100573978,5.708576496277129,0.2355854218918479,0.3633539897624092,0.32623817953367923,0.328125
2023-07-02,2.0,5.0,0,5.145089999597085,4.39940164636801,7.102160431549229,7.122416149956881,5.7429379432621115,0.2397718535772482,0.4080239970246316,0.32839023993426014,0.328125
2023-07-03,2.0,7.0,0,5.812922587802601,8.513376620551057,7.850774338716006,7.5926679677137905,6.489029994316254,0.3341592790947481,0.39737890848840657,0.3278848273121954,0.328125
2023-07-04,2.0,7.0,0,5.640940929555647,6.05993063102931,7.0480398755286515,6.929306774137638,5.695435403814581,0.23398963736692294,0.39262093774883156,0.32765759149507984,0.328125
2023-07-05,2.0,6.0,0,6.277771327713404,6.627468885077741,5.920527877214556,6.001104234941647,4.885838162282119,0.14305047827131404,0.35363954744372095,0.32575740082996535,0.3217391304347826
2023-07-06,2.0,4.0,0,6.491850895588935,7.525119272222995,5.794786635779733,5.9519174753203,4.80634390085186,0.1350922131421256,0.41070125730785506,0.3285167509014846,0.328125
2023-07-07,2.0,11.0,1,7.2999416006831614,7.461389316906562,7.518530112421413,7.487282193746348,6.396705524699539,0.3222426708419299,0.3325163199186447,0.3246917511288079,0.3217391304347826
2023-07-08,2.0,7.0,0,7.813421620746433,9.265370195084822,7.203245481611031,7.416698156169506,6.286457126648467,0.30806464792307237,0.4549152168458415,0.33057949132990094,0.3283582089552239
2023-07-09,2.0,6.0,0,4.797572655365471,4.141378559540518,4.481198517458347,4.705471884868946,3.8748365990146527,0.05886602279711734,0.30762177767340043,0.32339338663309997,0.3217391304347826
2023-07-10,2.0,7.0,0,5.087194536520668,5.589132908133648,6.063474146670071,5.921968502752891,5.69006874182879,0.2333387921392157,0.35713444665066285,0.3259309899306817,0.328125
2023-07-11,2.0,5.0,0,6.249884989667725,6.782766051283032,5.257275771135725,5.4443258921071855,4.667342431271492,0.12167866909211283,0.36946296488820496,0.32653786148124564,0.328125
2023-07-12,2.0,7.0,0,6.118369890682588,5.466865650731088,5.301188375487586,5.433458974057199,4.805082968340895,0.1349676288903952,0.37105694794887184,0.32661573773579505,0.328125
2023-07-13,2.0,4.0,0,5.539604571045121,5.955022139382122,5.568061196943125,5.562754241000066,5.173876504686708,0.1734986799223946,0.376618727089312,0.32688648117694286,0.328125
2023-07-14,2.0,4.0,0,6.257477248070805,5.18345483324815,5.608489338430849,5.622125293123871,5.236902811915048,0.18047186338428448,0.3447325907634685,0.325311636301134,0.3217391304347826
2023-07-15,2.0,3.0,0,4.869407722760514,5.2939098046236985,5.175757233725722,5.2246207575968215,4.719812656253364,0.12666515026802774,0.3529233474000791,0.32572173831266354,0.3217391304347826
2023-07-16,2.0,10.0,1,4.5146018286060565,4.098095167474222,5.585870368800378,5.591930011306189,5.083382231228606,0.1636737931276022,0.3068030223290776,0.32334978697510275,0.3217391304347826
2023-07-17,2.0,2.0,0,6.113625039454625,5.9245795415264855,5.705378244330673,5.653581247305829,5.431585643095914,0.20263627665602296,0.3632033102153912,0.32623076268942797,0.328125
2023-07-18,2.0,3.0,0,6.050732536226195,5.754016818519497,6.357395936956713,6.439750534558955,5.775658096196118,0.24377627107142166,0.440056136222202,0.32989089598205357,0.3283582089552239
2023-07-19,2.0,6.0,0,5.751689079594776,6.515562767718798,4.983685425633805,5.491368216999883,4.137289062617557,0.0769506485894566,0.3386530328624775,0.3250044313555817,0.3217391304347826
2023-07-20,2.0,8.0,1,7.467996618123643,9.509816153843683,8.222757310555863,8.17873196545517,7.407991155257677,0.4522430322712255,0.5951054739806481,0.3370986816890419,0.42424242424242425
2023-07-21,2.0,6.0,0,5.166580335970137,4.975371493140226,6.353589322288425,6.355478195103608,5.907871426522473,0.26012185839028623,0.4019724798774227,0.32810340968690455,0.328125
2023-07-24,2.0,6.0,0,6.144907404133376,6.558934759740658,6.247988495710663,6.226231600887285,6.353856491232969,0.31672441731068296,0.23837436264507875,0.3194353009649833,0.2972972972972973
2023-07-25,2.0,5.0,0,5.2081190712725505,5.4327528155666505,5.401284237412619,5.545549142187464,5.357037381793704,0.19404243818760014,0.31141489203688894,0.32359458055549306,0.3217391304347826
2023-07-26,2.0,3.0,0,5.749327742637714,6.776677905930874,6.071083653732478,6.04833836183549,6.211784843090025,0.2985048512886952,0.33842890664678904,0.3249930582191125,0.3217391304347826
2023-07-27,2.0,1.0,0,4.554535591878814,4.404708626941485,4.631802068548465,4.718768591474007,4.55789676342029,0.11158742735147595,0.28845010249788067,0.3223553616320468,0.2972972972972973
2023-07-28,2.0,2.0,0,5.314385105389256,5.060291352858157,5.203406390696814,5.235092910864586,5.003184732715466,0.1551605736569021,0.37002922200742433,0.32656554149552164,0.328125
2023-07-29,2.0,1.0,0,3.0621705149678156,3.460456977155137,4.996632591141589,5.079601695181541,4.695216305355405,0.12431586672887818,0.2217225409129146,0.3183772315451812,0.2972972972972973
2023-08-01,2.0,4.0,0,5.648615800250721,4.571695363798927,5.0008019251271145,5.211223155854843,4.550435618079893,0.11091505187924491,0.32262123869746273,0.32418170994407464,0.3217391304347826
2023-08-02,2.0,6.0,0,5.36911381106094,6.12549486233879,5.6520635811561855,5.6931728145400715,5.310172934338687,0.18870642588956568,0.25645546336548825,0.32053015385579464,0.2972972972972973
2023-08-03,2.0,5.0,0,5.383017299154535,5.639536849744727,5.344732792964215,5.495184640089641,5.10940166800379,0.16647546175557304,0.3069924166138838,0.32335987791759196,0.3217391304347826
2023-08-04,2.0,1.0,0,4.405749094234016,5.11743023142626,5.646477853456297,5.8450415069911985,5.351584388724969,0.19341886442615897,0.27190580465993397,0.3214276575988726,0.2972972972972973
2023-08-05,2.0,2.0,0,6.5875984567647805,5.781978105655713,6.110590915454545,6.358684092226065,5.935022667426935,0.2635086981964526,0.29047818606623804,0.3224669446805336,0.2972972972972973
2023-08-06,2.0,3.0,0,6.074395959769553,5.6295652045449005,5.8360928580709395,5.896071654626619,5.64880747865912,0.2283517031877785,0.33334517017675047,0.3247341403019432,0.3217391304347826
2023-08-07,2.0,2.0,0,5.768290758540063,7.500193414781624,5.576450145864731,5.50767737084873,5.558700484122613,0.21756983280059577,0.2518613359503359,0.3202568046474389,0.2972972972972973
2023-08-09,2.0,2.0,0,6.1320054884333635,6.343362341083209,6.534557264913385,6.627775784122245,6.267631829815649,0.30565089545329954,0.3421445383210159,0.3251811624779687,0.3217391304347826
2023-08-10,2.0,4.0,0,5.591304035114175,6.721873525504591,6.7993772779367525,6.7671783305399655,6.768492320825113,0.37033556051932004,0.34598544619952887,0.32537464019929735,0.3217391304347826
2023-08-11,2.0,7.0,0,5.79242634603327,4.878772070217635,5.4598372038056535,5.598454159308607,5.0032348552322174,0.1551658355383023,0.3778539329762096,0.32694640839455114,0.328125
2023-08-12,2.0,4.0,0,5.526265192728507,5.2379786087830045,6.382858993666535,6.3626742404828756,6.0667389934008265,0.2800658440765638,0.3859739541277928,0.32733862929936425,0.328125
2023-08-13,2.0,3.0,0,5.558496593404669,6.032209466309999,6.531576008741235,6.499097111447441,6.196093088567911,0.2965011930841803,0.33114490155978077,0.3246215034765222,0.3217391304347826
2023-08-14,2.0,1.0,0,5.166831428494752,5.941648068764857,5.56116218016329,5.681878163756666,5.177904013738003,0.1739411417351953,0.3671514315365784,0.3264246974109042,0.328125
2023-08-15,2.0,4.0,0,5.6282758297469355,4.965074612717696,6.504858685363761,6.600216352374516,5.9490265261048805,0.2652592392627893,0.3038326842523065,0.32319109069007546,0.3217391304347826
2023-08-16,2.0,1.0,0,5.253008582186567,4.996357135707344,6.375955023870256,6.438498869366803,5.847444272116857,0.2526198500530263,0.3340607895379766,0.3247706985337842,0.3217391304347826
2023-08-17,2.0,7.0,0,3.9351186043153175,3.654258285251549,4.215343441498698,4.51684547650091,3.563807690246433,0.04104920257021857,0.275050245193291,0.3216064851014577,0.2972972972972973
2023-08-18,2.0,4.0,0,5.389530912806496,6.581583671985741,6.567192641231752,6.588510666670378,5.9245567227245,0.2622020434361186,0.49885061394086677,0.3326027255174591,0.3283582089552239
2023-08-19,2.0,6.0,0,8.215683788520296,6.401869886988469,9.161226111176848,9.09201499249152,8.362458148293689,0.5666436979335585,0.4938104036479084,0.3323709404286005,0.3283582089552239
2023-08-20,2.0,3.0,0,6.8098926292718795,5.623781306428452,9.095101302667663,8.846738380508782,8.17381358690825,0.5450842111949771,0.43578088771856643,0.3296920409930183,0.3283582089552239
2023-08-21,2.0,4.0,0,5.969680266616776,4.908877237134361,6.886497550385979,6.955193423395837,5.936858610032185,0.2637380571897666,0.32534297741027374,0.32432275316547543,0.3217391304347826
2023-08-22,2.0,3.0,0,5.891826939966958,5.552992131421127,7.164568782768039,7.091136086850719,6.488456408548392,0.33408515158449725,0.3274720745501266,0.3244326815173065,0.3217391304347826
2023-08-23,2.0,5.0,0,5.165890136351202,4.737096739821878,5.058365880662673,5.265228694164904,4.397690187631762,0.09759969547665143,0.29003225755838496,0.3224424480924081,0.2972972972972973
2023-08-24,2.0,2.0,0,4.3468108969830554,5.122658161402184,6.374901940267189,6.445103210831499,5.754722031415173,0.24121205296523968,0.4345676585792597,0.32963554146647916,0.3283582089552239
2023-08-25,2.0,5.0,0,5.674181581512793,6.924000745110884,6.77279070630389,6.699863137298104,6.465807234575461,0.3311589086735275,0.4829808250953765,0.3318729365247522,0.3283582089552239
2023-08-26,2.0,6.0,0,5.239696983058235,4.878056326474133,5.805948127690154,5.796358697979375,5.4384852571842925,0.20343800054729222,0.3836212522773213,0.32722528799918954,0.328125
2023-08-27,2.0,2.0,0,5.117466587176601,5.876750320844629,5.484045033153356,5.554745300912347,4.809622399392942,0.13541638337056794,0.4004806310634622,0.3280325045552911,0.328125
2023-08-28,2.0,3.0,0,6.084757908763755,7.744363676209285,8.254264691119667,8.0133973951836,7.40047785300291,0.45129739300906146,0.3339404086506495,0.3247645513252567,0.3217391304347826
2023-08-29,2.0,5.0,0,5.801904954165951,7.144994876564365,6.989236881511383,6.894040042280495,6.190063121681805,0.2957317573574517,0.35973380017480017,0.3260596387923586,0.328125
2023-08-30,2.0,3.0,0,6.242750126079077,7.74094275557923,7.637010565468392,7.675271985000775,6.589988437552155,0.3472193678002418,0.40815539395940476,0.328396454324867,0.328125
2023-08-31,2.0,9.0,1,5.935895305283364,7.420055412730833,6.236337745324459,6.143095424713635,5.894229601452411,0.2584238495921975,0.43979124830803434,0.32987858578979606,0.3283582089552239
2023-09-01,2.0,3.0,0,5.735080943040136,7.930084866687304,6.762594009521621,6.7524708089041,6.2651693855271695,0.30533533945895025,0.35007851054279165,0.3255797751148084,0.3217391304347826
2023-09-02,2.0,2.0,0,6.115677511408025,7.879952592534025,6.689548429574311,6.637883583085891,6.177866233560757,0.2941763190555599,0.38187505533141475,0.32714100857036094,0.328125
2023-09-03,2.0,4.0,0,5.922123591810269,8.301060760824848,6.3033515360077965,6.279583556307913,6.17453121678311,0.2937512278583259,0.4483658904147486,0.33027642725554884,0.3283582089552239
2023-09-04,2.0,4.0,0,3.6892379839820504,3.7000387915374646,4.403423948109416,4.497163087900726,4.1610141784629615,0.07872188059636437,0.30679751142931794,0.32334949330442153,0.3217391304347826
2023-09-05,2.0,7.0,0,6.099241083145337,6.574757605164087,7.244455039178258,7.270676509080436,6.936923253986975,0.3921096481981569,0.3685615943979011,0.32649376652709194,0.328125
2023-09-06,2.0,3.0,0,4.880500401429212,4.853184322723539,5.152662666887923,5.2998292128647995,4.788498877778922,0.13333393112543315,0.30773710992971753,0.3233995232654828,0.3217391304347826
2023-09-07,2.0,5.0,0,5.939315215025519,5.706321412663447,6.130607647686,6.0670390105624294,6.026739358124697,0.27501685820514565,0.34441973729896236,0.3252958875397868,0.3217391304347826
2023-09-08,2.0,6.0,0,5.730001871068557,6.044811488722236,5.602984612717539,5.588119771718784,5.762636653860193,0.2421806023854389,0.353823962742801,0.3257665786435022,0.3217391304347826
2023-09-09,2.0,1.0,0,6.165197275964797,6.359179271334411,7.267248421945445,7.1828614502255155,7.113654044823293,0.4148410038996613,0.41220119922548143,0.3285875301739859,0.328125
2023-09-10,2.0,3.0,0,5.479931867130596,6.177140451373724,7.63515899225909,7.347575301921004,7.492097561564074,0.4627909150362159,0.36428503530523826,0.326283980767471,0.328125
2023-09-11,2.0,4.0,0,3.6592803932667444,4.808428470029174,5.4856187407688095,5.539158578118037,5.588353566625743,0.22110093269529657,0.2821068098481655,0.32200343632275424,0.2972972972972973
2023-09-12,2.0,1.0,0,4.295093847290627,5.919232931498098,4.665765799795344,4.711111088148207,4.737221155224356,0.12834034668144825,0.45400692641958323,0.33053749813831934,0.3283582089552239
2023-09-13,2.0,1.0,0,5.326529853807,6.018671461008817,5.787706763763941,5.83776122796543,5.853312978222935,0.253346209063646,0.3664350371565879,0.3263895690381951,0.328125
2023-09-14,2.0,7.0,0,5.5583539782178795,8.604828647263096,6.757056006506746,6.759440433143948,6.804735436716611,0.3750265567024121,0.412264068982206,0.3285904953530363,0.328125
2023-09-15,2.0,3.0,0,4.785719357339243,5.217493831696363,5.414817078464749,5.478770864745665,5.422656116842717,0.20160024755985256,0.2999704797312056,0.32298349146581057,0.3217391304347826
2023-09-16,2.0,7.0,0,4.426959492220084,4.553952702347157,4.607811057293361,4.730196235260105,4.6262274248615824,0.11783803962801613,0.2726141653978377,0.3214680503892941,0.2972972972972973
2023-09-17,2.0,7.0,0,5.285924283133777,5.117539248222744,4.331378310426529,4.392225106013515,4.3552210508431495,0.09405281978085003,0.36995042365183883,0.3265616906181852,0.328125
2023-09-19,2.0,2.0,0,5.578514833455056,8.80513522959725,6.531850987207374,6.4506939095668,6.4240076425434225,0.32576318669161924,0.3615616206079799,0.32614987396364614,0.328125
2023-09-20,2.0,3.0,0,4.099374400020269,3.4798302513418933,6.458969580137659,6.4112278889360566,6.678000248559839,0.3586168428887555,0.35371388077834587,0.3257611004285174,0.3217391304347826
2023-09-21,2.0,7.0,0,6.028960762659252,4.906117954003474,6.431036059519887,6.492928631454672,6.24490114905408,0.3027396106560524,0.4556213100161288,0.33061212856062366,0.3283582089552239
2023-09-22,2.0,6.0,0,5.070212735277897,5.190270662046959,4.985477834772768,5.184526964057287,4.7600521691016695,0.1305528476124456,0.3421207531617347,0.32517996131793425,0.3217391304347826
2023-09-23,2.0,4.0,0,5.093684295051746,5.953994827856458,4.61374740546783,4.763622050810972,4.38077877181755,0.09617909287942177,0.3178999200197473,0.3239356327243076,0.3217391304347826
2023-09-24,2.0,7.0,0,5.546982446967016,6.262424042914103,4.910804251071751,5.143085292463292,4.619647310210844,0.1172288892266578,0.30832832476115896,0.32343096172130403,0.3217391304347826
2023-09-26,2.0,5.0,0,5.098061860053707,4.83119459447567,5.365372282534415,5.435559355887367,5.205022111912057,0.1769315694977348,0.26042137359864276,0.3207636519098636,0.2972972972972973
2023-09-27,2.0,20.0,1,5.213099266722422,4.556552744778199,4.829497927757033,4.9951971163350715,4.66809785521588,0.12174978668997598,0.20897897648684366,0.31752988037475316,0.2972972972972973
2023-09-28,2.0,4.0,0,4.7905897901215075,5.177414616464654,5.293004599115804,5.532764833694194,4.91885056850429,0.1464144749204245,0.29078833613396143,0.32248396991000783,0.2972972972972973
2023-09-29,2.0,1.0,0,5.2191685093588385,5.580074599785868,4.719898638419157,5.004308174085224,4.274580738572367,0.0875083990617967,0.2754676620572669,0.3216301321053624,0.2972972972972973
2023-09-30,2.0,2.0,0,4.714418613357782,3.5818657925121498,5.19734577879341,5.476006941808153,4.692002558707178,0.12401044144847748,0.24162385720961732,0.3196359501737408,0.2972972972972973
2023-10-01,2.0,8.0,1,5.777733125518277,6.681800601506865,4.441953748752553,4.735345567163353,4.054679858547953,0.07095877148837205,0.25134011104996806,0.3202255922180656,0.2972972972972973
2023-10-02,2.0,2.0,0,5.219719151618728,5.376647383230334,4.265295798644704,4.456556301540928,3.9448609038596856,0.06341866593191525,0.2143072875190658,0.3178884683492718,0.2972972972972973
2023-10-03,2.0,4.0,0,5.28858104501861,4.448006112060379,4.658095912229943,4.881204099214091,4.1713250126076025,0.07949862229167826,0.17106554892331893,0.3147637795000544,0.2972972972972973
2023-10-04,2.0,6.0,0,5.102733602565282,4.884041329626685,4.754487558985907,4.917851098095852,4.363709693435816,0.09475626876624316,0.24105926602692887,0.3196012160937509,0.2972972972972973
2023-10-05,2.0,6.0,0,5.307801572663266,5.987273372508164,4.625131163030026,4.808124757748503,4.270849479426125,0.08721168046566853,0.2810584889410774,0.3219448367199158,0.2972972972972973
2023-10-06,2.0,3.0,0,4.941411143085371,3.995572520362911,4.736690402503569,4.967815984237248,4.28431926979955,0.08828538224526031,0.19187981417284594,0.3163328218742388,0.2972972972972973
2023-10-07,2.0,2.0,0,5.606586210532228,4.685112728931891,5.037976318890647,5.277776445299667,4.4786324163156905,0.10454808206696793,0.21195506512662368,0.3177309537593827,0.2972972972972973
2023-10-08,2.0,1.0,0,5.362282498813965,6.715825479706597,5.499071126901888,5.660130889253139,5.036476026628972,0.1586718437914266,0.2841748058010476,0.32211866461253835,0.2972972972972973
2023-10-09,2.0,3.0,0,5.205608049671248,6.549246658199531,5.376204843573372,5.529667020074543,4.875292420621748,0.14198308339608895,0.3073055965848555,0.3233765569278119,0.3217391304347826
2023-10-10,2.0,2.0,0,6.504783862032425,8.028909244049224,5.8744934822549135,6.013875702051471,5.419529349880504,0.20123789133214015,0.31832523074970576,0.3239578751886949,0.3217391304347826
2023-10-11,2.0,4.0,0,5.571239505861576,5.073102550110882,5.699822111783216,5.757435132894388,5.668299148200245,0.23070382328065353,0.26829842810762705,0.321220963678213,0.2972972972972973
2023-10-12,2.0,3.0,0,5.440100755570401,4.947896425256213,6.322089480442843,6.339127817254193,6.341522111996407,0.31513769154124766,0.27344098300447844,0.3215151184026897,0.2972972972972973
2023-10-14,2.0,2.0,0,6.424598182402235,5.501858787549822,6.109174253975608,6.162513100323457,6.056675519563117,0.27879396871007933,0.3399708405943773,0.32507123277719313,0.3217391304347826
2023-10-16,2.0,3.0,0,6.337585197506003,8.016141258798113,6.872214496704502,6.879385214346847,6.766656983340295,0.3700979570294582,0.35656899654660157,0.3259029529451339,0.328125
2023-10-17,2.0,2.0,0,6.241497651495307,6.374160349939792,6.493538083377364,6.501889164321211,6.446266462907197,0.32863566375455094,0.37936208882727074,0.32701948155334826,0.328125
2023-10-18,2.0,1.0,0,6.0907019879439375,6.097590450793422,6.896304634343868,6.973051935263093,6.803505701382839,0.37486742707748,0.34552664390768983,0.3253515796301491,0.3217391304347826
2023-10-19,2.0,4.0,0,5.900757422382805,6.600087673670779,6.190351318935442,6.146949740674472,6.155497242896301,0.29132691208859485,0.333690130271812,0.32475176760106356,0.3217391304347826
2023-10-20,2.0,11.0,1,5.785603528180363,5.864486956600488,6.263166793385338,6.266414921862583,6.11992522700927,0.2868047808876071,0.3618669940751101,0.32616493142384867,0.328125
2023-10-21,2.0,2.0,0,6.979588004676428,6.318242086097158,6.500109585177217,6.52368582480961,6.544501086886379,0.3413323336820587,0.3350005068061514,0.3248186490965319,0.3217391304347826
2023-10-22,2.0,2.0,0,6.546227461285557,5.035645615402244,6.567127828063089,6.594224092065118,6.508522999885373,0.33667903377822905,0.42473142997584273,0.32917624357331865,0.3283582089552239
2023-10-23,2.0,3.0,0,7.08350987648045,6.159338025735239,6.753739931345638,6.6831099412131305,6.917361768638725,0.3895850210143959,0.4320329989006808,0.32951740074035163,0.3283582089552239
2023-10-24,2.0,3.0,0,6.502685242792837,6.996963175465729,7.125798517156685,7.035222447571513,7.211155082879271,0.4273046132961603,0.41100876891042226,0.3285312674659916,0.328125
2023-10-25,2.0,3.0,0,6.929991033037082,6.189878890171488,7.033220067000995,6.978077426606436,7.073264544674928,0.4096603001921997,0.51653892727907,0.3334170293759882,0.3283582089552239
2023-10-26,2.0,8.0,1,7.003662172821106,8.453327324537087,6.950237469828106,6.930083485709041,7.019058320729567,0.40269315023306806,0.5515919826811032,0.3350413531732161,0.4
2023-10-27,2.0,5.0,0,7.977294764816512,8.030556052513086,6.742522662663395,6.7417517241732385,7.008701829613146,0.40136032792644866,0.5045653597452141,0.3328656181875396,0.3283582089552239
2023-10-28,2.0,7.0,0,9.600000218750171,11.338481176191587,10.64512321488878,10.078031632687313,11.388121288990357,0.82208162971727,0.5911161214133709,0.33690736450064135,0.42424242424242425
2023-10-29,2.0,1.0,0,5.942437846362915,5.80085692819767,7.508364598378771,7.145135847272299,8.42644837823031,0.5738215364937544,0.3995722041540564,0.32798928947380146,0.328125
2023-10-30,2.0,5.0,0,6.4618869074254395,6.190424018815211,6.197636952769625,6.135649973330663,6.7824508581772225,0.3721424822364521,0.3959403675905698,0.32781621541393224,0.328125
2023-10-31,2.0,4.0,0,4.430404780652298,4.435082902125306,7.179335295631513,7.083633832064737,7.76113015678643,0.4960056365552139,0.3819610338753479,0.3271451614544461,0.328125
2023-11-01,2.0,6.0,0,5.737466341004005,6.57545921765555,7.439313488126548,7.302766590936883,8.019928008720083,0.5270756998545111,0.30134878360764933,0.3230577425870768,0.3217391304347826
2023-11-02,2.0,4.0,0,5.9363614402595895,6.4683878154428935,7.648725159921969,7.468260114101029,8.160315618313966,0.5435193805829788,0.3607111676102863,0.32610791230237307,0.328125
2023-11-03,2.0,3.0,0,5.987645657491974,7.349758142021682,7.404760575876155,7.274924834199299,7.798733651500835,0.500577372415624,0.3737489811117049,0.32674697232377914,0.328125
2023-11-04,2.0,7.0,0,5.93071836661253,4.7142657009572675,6.851217754019601,6.740083376197694,7.143460289771921,0.4186578582924015,0.35153292210329773,0.32565241497437847,0.3217391304347826
2023-11-05,2.0,3.0,0,6.387194955959714,7.325849852227676,6.036555679393929,6.079326341315508,6.149376996284291,0.2905480576138249,0.28674816775685374,0.32226137825303725,0.2972972972972973
2023-11-06,2.0,2.0,0,5.2994586644856305,4.985127408106889,7.0925483468467005,6.970023459064724,7.418717978649194,0.4535921943851656,0.31462282151903515,0.3237637396511732,0.3217391304347826
2023-11-07,2.0,9.0,1,6.076917583671187,6.510860664002096,6.824006747311339,6.810848292411034,6.894625403589485,0.3866489649340862,0.2918493462278746,0.3225421352333111,0.2972972972972973
2023-11-08,2.0,7.0,0,6.344989977256301,7.780008834097324,7.633190250875512,7.457799924159015,7.871745252529806,0.509399924045451,0.3708106590023323,0.32660371332999977,0.328125
2023-11-09,2.0,5.0,0,5.92998602997169,5.8948933831719055,6.695802711912874,6.663926761617288,6.763623800963196,0.3697052703327129,0.2664633841673247,0.3211151725440939,0.2972972972972973
2023-11-10,2.0,4.0,0,5.304292384839883,5.372426317710915,5.870698818838446,5.98838726331999,5.880811541808051,0.25675614808341435,0.26449348159091096,0.32100110968536744,0.2972972972972973
2023-11-11,2.0,7.0,0,6.181751813341335,8.151265811396886,6.5455419358789735,6.7833357652928195,6.5201899678948045,0.338187658346032,0.4845122374852356,0.3319433703446624,0.3283582089552239
2023-11-12,2.0,4.0,0,5.679954234425202,5.7105231978469835,6.608440619732695,6.5445778607681815,6.788829709555527,0.37296812073766716,0.23270821988760787,0.3190810403823696,0.2972972972972973
2023-11-13,2.0,5.0,0,4.301047707122294,3.6010947294841014,6.363913560847529,6.3672299233248655,6.510329728795787,0.33691263365555,0.24575085581932124,0.3198882467594498,0.2972972972972973
2023-11-14,2.0,6.0,0,5.64150233311967,4.933656322999257,6.508982972028499,6.479502704414508,6.608719478006679,0.3496444868229746,0.27853488942575866,0.3218032453406946,0.2972972972972973
2023-11-15,2.0,4.0,0,4.926032287712776,4.960950292976874,6.2965591103106275,6.257977819438765,6.629975891786452,0.35239702725205363,0.22239264799226047,0.3184208378042638,0.2972972972972973
2023-11-16,2.0,4.0,0,4.500458545160858,4.40135834568248,6.761174548093368,6.791194984220469,6.805659247687162,0.37514609737171434,0.23967177698413053,0.31951562860647936,0.2972972972972973
2023-11-17,2.0,3.0,0,6.145650257646633,6.457421381944999,6.488603776010295,6.566261034318969,6.518758591954496,0.3380025520029169,0.4133005513122526,0.3286393624280386,0.328125
2023-11-18,2.0,5.0,0,5.3167914469123705,6.0720268300566405,4.400487050146076,4.517703953429875,4.452507817326275,0.10227867558333074,0.32352754706132686,0.3242287408192838,0.3217391304347826
2023-11-19,2.0,8.0,1,5.575252592437501,4.822016558400575,6.35825928315604,6.268620370626832,6.593056838988991,0.3476166049014545,0.24859452527654702,0.32006049030726313,0.2972972972972973
2023-11-20,2.0,4.0,0,5.346545279889288,4.702309305077067,6.467908696599077,6.505263298850136,6.380601613367042,0.3201676974240803,0.1847165377541786,0.3158079868840358,0.2972972972972973
2023-11-22,2.0,7.0,0,6.148741501176117,5.628547557800966,7.107672086677329,7.0603206879743965,7.124587615597172,0.41624175675380953,0.27585196011203933,0.3216518840808039,0.2972972972972973
2023-11-23,2.0,3.0,0,6.014392631896853,5.967242944595332,6.840948597005671,6.836635698536936,6.798923728367378,0.3742744881039609,0.3333870313045324,0.3247362798452459,0.3217391304347826
2023-11-24,2.0,9.0,1,5.971736312697919,7.543524863116613,6.068820291383128,6.10633247848985,5.98213396700098,0.2694074727173703,0.27264633617838774,0.3214698833644986,0.2972972972972973
2023-11-25,2.0,6.0,0,5.879324735337928,5.766272369905923,6.746218860365115,6.718302154434943,6.610313125390112,0.3498508365002223,0.3114144505808952,0.32359455721476527,0.3217391304347826
2023-11-26,2.0,4.0,0,6.024360805891571,6.72753450691483,5.982080221979891,6.05241366539283,5.913123390701438,0.26077623556299306,0.2582805515893345,0.32063788720983016,0.2972972972972973
2023-11-27,2.0,1.0,0,5.594579896772845,5.075062703492749,6.364167910130459,6.4090618981042535,6.198204659049766,0.2967707029069351,0.22140833621706185,0.3183567537709719,0.2972972972972973
2023-11-28,2.0,5.0,0,5.832667565614173,5.813234840805972,5.712938311749108,5.851132667475032,5.2771461336596275,0.18497803497275478,0.2617830393490906,0.32084330935686023,0.2972972972972973
2023-11-29,2.0,3.0,0,6.469379969425383,8.588267143962831,6.714903923809268,6.752832514138339,6.401283954983001,0.3228328160966441,0.40566366522260494,0.32827851188913143,0.328125
2023-11-30,2.0,8.0,1,6.166728162488205,6.532186677475893,6.834098522303529,6.919986618082739,6.381837788771116,0.32032693393012,0.3644378550467481,0.3262914940119787,0.328125
2023-12-01,2.0,5.0,0,5.407627728629029,5.237097311752296,6.0236170645860705,6.254718201234813,5.714604295535623,0.23631839012916844,0.23615449296020774,0.3192971858127293,0.2972972972972973
2023-12-02,2.0,6.0,0,6.671504675106848,7.247352425024963,7.206455054897704,7.157161757483936,6.912572136995313,0.388966657738855,0.42749067794351064,0.32930531706758187,0.3283582089552239
2023-12-03,2.0,3.0,0,6.426625871974666,5.929646385107043,7.512902372702102,7.532356034315873,7.243202414601647,0.43138659425512116,0.42052861323382473,0.3289792668103447,0.3283582089552239
2023-12-04,2.0,6.0,0,5.122372882677507,4.25521464871299,6.616333021187143,6.723334738137539,6.2735410890667636,0.30640831912280564,0.26304846298422313,0.3209171065550911,0.2972972972972973
2023-12-05,2.0,3.0,0,5.864084563571688,5.816431008665484,6.032828845691676,6.173562891670173,5.764991751550646,0.24246900038162822,0.25420977651195115,0.3203969276625207,0.2972972972972973
2023-12-06,2.0,2.0,0,5.638269363890055,5.484602122956336,6.399823856106883,6.417922748933625,6.14840561586643,0.29042447145500605,0.31885981247684947,0.32398581086981254,0.3217391304347826
2023-12-07,2.0,3.0,0,6.497561714175018,6.821009676222187,6.927513482448646,6.9144779818549456,6.632060523939321,0.3526669918687821,0.4235572182134045,0.3291212574272275,0.3283582089552239
2023-12-08,2.0,3.0,0,5.599907250978403,7.203222132903083,7.9280112271753564,7.784325893629603,7.661654462344139,0.48382445658775886,0.4211876397768545,0.32901018490075146,0.3283582089552239
2023-12-09,2.0,6.0,0,6.252984227080666,9.720893337369606,7.009540254117339,6.984074327203886,6.805235383066218,0.3750912497063808,0.4758156795054395,0.33154327504955683,0.3283582089552239
2023-12-10,2.0,1.0,0,7.350241216091351,6.9358660354954855,7.875352045544137,7.74197924250757,7.7097066272595045,0.48972410923735016,0.5113355313643002,0.3331772743233845,0.3283582089552239
2023-12-11,2.0,7.0,0,5.230518204485293,4.087512768099984,6.882479692398123,7.002133263766779,6.609769085231202,0.3497803924331815,0.23501007243048996,0.3192256447738376,0.2972972972972973
2023-12-12,2.0,13.0,1,5.724082187528851,5.429012195053975,7.190846265676185,7.189135656415945,7.08026817638721,0.41055932428846204,0.36471498909806854,0.32630511585778443,0.328125
2023-12-13,2.0,2.0,0,7.17771343277275,9.511458383327597,7.194306456391233,7.127980162558709,7.206372967961734,0.4266948440833126,0.42412042263012184,0.3291476356606948,0.3283582089552239
2023-12-14,2.0,3.0,0,6.407394314271984,7.216048215866384,6.937893232794288,6.938415831085617,6.949397623178926,0.39371885732012835,0.3289835526581517,0.3245105104072837,0.3217391304347826
2023-12-17,2.0,9.0,1,5.15664814948017,4.224999056899365,6.2570948119047145,6.306273089418978,6.244689017188935,0.3027124585070333,0.2596033715883835,0.3207156740801086,0.2972972972972973
2023-12-18,2.0,2.0,0,6.608807224225984,8.302367933633562,6.867925844488089,6.82122052595572,6.965622712341538,0.3958109919822897,0.48186722456048403,0.3318217145748415,0.3283582089552239
2023-12-19,2.0,3.0,0,5.577832253043414,4.64069228509188,6.743204457467139,6.753057218089711,6.9009177212190576,0.3874616937220433,0.307138519794244,0.32336766004969153,0.3217391304347826
2023-12-20,2.0,3.0,0,5.488668449303362,5.23563682615572,5.89291214661856,5.969538023839901,5.892433370199826,0.258200457762468,0.34083522480325196,0.32511498519466886,0.3217391304347826
2023-12-21,2.0,5.0,0,6.913086755654149,6.919880619236102,7.122958958532805,7.060964401663517,7.130163080806471,0.4169557698877612,0.4201129025372087,0.3289597577638565,0.3283582089552239
2023-12-22,2.0,3.0,0,6.401504559644479,6.475097903054882,7.611335266939536,7.513386619376785,7.588639427148922,0.47480686716750437,0.4618302810273462,0.3308988513882974,0.3283582089552239
2023-12-23,2.0,6.0,0,5.908070789303125,5.9968800174973795,6.9727275810693445,6.958266989527157,6.879198023679862,0.3846558069391372,0.46027506217361236,0.3308270763009185,0.3283582089552239
2023-12-24,2.0,1.0,0,5.916053782255258,6.3930544203969415,6.54279527766312,6.686030671375091,6.332092188003733,0.3139251646699693,0.44578555454146473,0.3301568415380651,0.3283582089552239
2023-12-25,2.0,9.0,1,8.274252085386832,7.5397727907578105,7.306238201987005,7.340208212898744,7.269733915104949,0.4347600334037546,0.44276066132310143,0.33001650779085856,0.3283582089552239
2023-12-26,2.0,2.0,0,6.543402574489345,4.790428082445787,6.8889247785526,6.8841314498469455,6.927172927577364,0.3908514340503792,0.43509290856989097,0.32966000595464007,0.3283582089552239
2023-12-27,2.0,3.0,0,6.034849123590957,5.4274331851962545,6.252818851234432,6.340468839919862,6.129902035549722,0.28807192907624507,0.39181080304933713,0.32761881255824293,0.328125
2023-12-28,2.0,3.0,0,5.901692804673044,5.262819603719212,6.067403906583162,6.099702515766182,6.024391112001874,0.2747209886249842,0.2763093640368175,0.3216777505529903,0.2972972972972973
2023-12-29,2.0,8.0,1,6.559612133519279,5.738393299403953,6.6272535548089095,6.603916407010221,6.616863186798996,0.35069898361158575,0.36529566121861506,0.3263336440453575,0.328125
2023-12-30,2.0,5.0,0,5.978961532055294,7.1156881436929345,7.544985069185853,7.532719032664712,7.512509471424521,0.46533988150917993,0.41840743733324004,0.32887967150506436,0.3283582089552239
2023-12-31,2.0,5.0,0,6.286721070756797,4.499819470074798,5.933234058725003,5.960855117911437,5.861712740715413,0.2543866874046576,0.3442269364505077,0.3252861789346496,0.3217391304347826
2024-01-01,2.0,6.0,0,5.239371812958192,4.637460267067946,6.762007163491532,6.757283834065692,6.761585591540858,0.3694413897639929,0.40511608663877174,0.3282525653325683,0.328125
2024-01-02,2.0,8.0,1,7.05354875426866,7.6809602683232,7.40778974425819,7.388779623329683,7.300523646296599,0.4386678100053796,0.5543782552076457,0.33517144191844345,0.4
2024-01-03,2.0,3.0,0,6.997802569822167,6.352972935648754,7.360399438528061,7.355035047180416,7.294084447441072,0.4378512039698835,0.5053235797137587,0.33290050866642407,0.3283582089552239
2024-01-04,2.0,3.0,0,7.645727624062502,8.503419100058549,7.00661520401441,7.041442385928999,6.87201246974419,0.38372721726196335,0.48247317429192704,0.3318495867644297,0.3283582089552239
2024-01-05,2.0,3.0,0,6.153923337791881,5.153331473605491,6.864650599602363,6.922725928360464,6.787580501559463,0.37280643627427895,0.445982571169166,0.3301659761955964,0.3283582089552239
2024-01-07,2.0,2.0,0,6.206811016296902,6.767653472376332,6.597213017976761,6.671324837655202,6.466161537958718,0.331204671247347,0.6255195140944102,0.3385810767400298,0.42424242424242425
2024-01-08,2.0,9.0,1,6.584825979797821,6.975363958421856,7.074952568476683,7.013117418490021,7.096536730570685,0.4126465597068874,0.5231093287710636,0.3337201374606216,0.3283582089552239
2024-01-09,2.0,15.0,1,6.034994666036518,5.137509722902731,7.847073950234654,7.820317697405082,7.873481502606339,0.5096088409285733,0.5446613068671939,0.3347185112930881,0.4
2024-01-10,2.0,7.0,0,5.542318377914264,4.666808099208155,7.100280091360646,7.176854745739724,6.97845452064808,0.39746480841415943,0.5453636686697061,0.33475118257913455,0.4
2024-01-11,2.0,8.0,1,6.906376387972501,6.143565410823507,6.89143341612616,6.9676950539112985,6.801165770792562,0.374564628706146,0.6234275305879727,0.33847760377001995,0.42424242424242425
2024-01-12,2.0,3.0,0,6.421860964687687,3.6003139702700926,7.938485206589957,7.833263731761053,7.980414700963152,0.522393551976279,0.4952533816848087,0.3324372944887188,0.3283582089552239
2024-01-13,2.0,6.0,0,6.198381972445914,6.4438901320262,7.6502892927266135,7.632064818905612,7.596446036953242,0.47577397699494656,0.539658459816901,0.33448607418896154,0.3283582089552239
2024-01-14,2.0,8.0,1,8.101662294746182,10.07813961960265,8.161640667694813,7.997496419874592,8.32112277712279,0.5619700690928452,0.6287169315425568,0.3387397066997141,0.42424242424242425
2024-01-15,2.0,5.0,0,6.925404179834205,6.163580876280733,7.8784008685293045,7.849128879532668,7.856484143514871,0.5075618146099471,0.6581026576475218,0.3402279778565414,0.42424242424242425
2024-01-16,2.0,5.0,0,7.359584465417553,8.004181547071983,7.674501304833537,7.600024546361136,7.662446906129422,0.48392197882890603,0.6058278346078727,0.33761623347635195,0.42424242424242425
2024-01-17,2.0,6.0,0,8.317441356960165,8.063761663609899,8.173792927411549,7.983186132029313,8.447532889401339,0.5761711773655026,0.6075640266855955,0.3377005230521896,0.42424242424242425
2024-01-18,2.0,8.0,1,7.857966387820413,7.251797721625427,7.871263127522745,7.903888520745515,7.839968705691672,0.5055690228353998,0.5928353422898739,0.3369897344127124,0.42424242424242425
2024-01-19,2.0,4.0,0,8.62474664123816,7.666739256825082,9.00703479459795,8.801822122464825,9.182358983782498,0.6530032456784127,0.6331805742063942,0.33896215865559953,0.42424242424242425
2024-01-20,2.0,11.0,1,7.406353762394987,5.925046122819635,7.928048491308087,7.831576236925601,8.048081499128559,0.5303975454659102,0.5681534863092296,0.33581747951135743,0.42424242424242425
2024-01-21,2.0,13.0,1,7.276400447472791,6.710720855290372,7.187729087579526,7.223560017245787,7.247461987222016,0.43192856359321996,0.5752485384982744,0.336152337638794,0.42424242424242425
2024-01-22,2.0,3.0,0,6.743486690669284,5.476849261494928,7.155240271974942,7.140094730820582,7.248414223483797,0.4320497027437275,0.5218105356326137,0.3336601842352219,0.3283582089552239
2024-01-23,2.0,7.0,0,6.779634220616874,5.7052252348773616,6.31806531977298,6.323028094796039,6.449837024628638,0.32909661768204235,0.4316500843694437,0.32949954066216697,0.3283582089552239
2024-01-24,2.0,3.0,0,7.148385718688405,5.443786279359133,7.560238228820221,7.554263472826863,7.502167598858544,0.46404897502429526,0.49975675546731524,0.33264440250945676,0.3283582089552239
2024-01-25,2.0,4.0,0,6.880101609990296,6.6407503814991,6.8160413062718215,6.952439796960827,6.823308131227576,0.3774295288239643,0.5246026104367325,0.3337890929445418,0.3283582089552239
2024-01-26,2.0,3.0,0,6.304257226496757,4.061403749368199,7.005924312999348,6.9920847993010735,7.050665732244486,0.40675754454221175,0.4972100272978971,0.33252727411640176,0.3283582089552239
2024-01-27,2.0,4.0,0,8.825384202303871,7.688667194474973,7.64064618832314,7.515012670504088,7.765106329132011,0.49648992394391867,0.5354472774072578,0.3342907702462497,0.3283582089552239
2024-01-28,2.0,2.0,0,6.420248800537633,6.394787309693817,7.157323932981072,7.158182531967978,7.257410155897102,0.43319377520276375,0.48133764156794984,0.331797354025442,0.3283582089552239
2024-01-29,2.0,1.0,0,7.3398775363086735,6.480666230189853,7.5015260074343235,7.475341303868203,7.613384433367998,0.4778699515933889,0.5077436979941469,0.333011894139011,0.3283582089552239
2024-01-30,2.0,5.0,0,8.418424571608032,7.4538916332398495,8.786266931368958,8.592551615507322,9.147599037989945,0.649598371397021,0.6039932705271903,0.3375273200484585,0.42424242424242425
2024-01-31,2.0,2.0,0,9.423061683321942,10.82889446389963,10.1107682973661,9.85843902463244,10.43169461775601,0.7598182775540891,0.6165993172910122,0.33814153260253993,0.42424242424242425
2024-02-01,2.0,3.0,0,9.952551977498223,11.940475502374065,9.837206471000384,9.6434593524794,10.065279316168072,0.7316044134563418,0.6179608991976483,0.33820834867338967,0.42424242424242425
2024-02-02,2.0,5.0,0,9.170720246989493,9.052329372243692,9.28551683284529,9.03068474942453,9.532407480827713,0.6859827029055868,0.5454300499967512,0.33475427090837045,0.4
2024-02-03,2.0,5.0,0,8.443469084004315,8.412901319980412,8.983039571076892,8.802926311305937,9.17877197563813,0.6526529651328281,0.5040775262572245,0.33284317138412717,0.3283582089552239
2024-02-04,2.0,4.0,0,7.781040889700171,8.52767647365339,8.942269621272324,8.669767623699103,9.446523388195187,0.678112429429633,0.6352736736876072,0.33906688602016916,0.42424242424242425
2024-02-05,2.0,6.0,0,7.257994565581238,8.479553093339858,8.37836717841513,8.145220139356004,8.819311556723997,0.6162999394789932,0.58809086330392,0.3367627024536439,0.42424242424242425
2024-02-06,2.0,11.0,1,8.437914796161403,8.1182365753389,7.9331361315789,7.811506753144758,8.165450594227831,0.5441150238564065,0.5834527518993092,0.3365415891578353,0.42424242424242425
2024-02-07,2.0,8.0,1,8.15881054927693,8.027122045710144,8.510193850710785,8.443465693243343,8.406567789578135,0.5715990278161437,0.4880293195076386,0.33210511049413444,0.3283582089552239
2024-02-08,2.0,7.0,0,8.904621341097021,9.698713353834508,8.74079743360141,8.426792953989766,9.31647605009544,0.6659210128915263,0.5878819172881906,0.33675272406246365,0.42424242424242425
2024-02-09,2.0,11.0,1,6.8998678464506575,6.171670889842674,7.892423726322759,7.8951465253401425,8.149638612958931,0.5422795393326072,0.5432890814741589,0.3346547087083985,0.4
2024-02-10,2.0,3.0,0,6.6294559609075385,6.977282097568809,8.0712197258011,7.818109013279797,8.594453048321395,0.5923273540230645,0.5905842591952494,0.3368819060721441,0.42424242424242425
2024-02-11,2.0,1.0,0,6.336042001850628,6.274233998131261,8.997564502459202,8.693963748532942,9.461838826614024,0.6795264662195691,0.4479522286677857,0.33025726345829703,0.3283582089552239
2024-02-12,2.0,1.0,0,8.996676428315233,7.456184252359311,8.614839426259602,8.472061115346836,8.822740362170407,0.6166582662182603,0.6102941178415509,0.33783335414873145,0.42424242424242425
2024-02-13,2.0,3.0,0,10.349812368606893,7.287496299982696,8.71164688648054,8.496820210502598,9.041629978854267,0.6390745452717453,0.5735069615488355,0.33606999684864125,0.42424242424242425
2024-02-14,2.0,3.0,0,7.489331901031651,8.726449896717149,8.40731071443196,8.188817739282515,8.916469400010596,0.6263679915463709,0.6015723181323969,0.33741022087417444,0.42424242424242425
2024-02-15,2.0,4.0,0,6.201593719285974,5.949486968812057,6.7027895135614495,6.550484095076903,7.1524347209594445,0.4198059693803304,0.46799487669675377,0.3311831082449996,0.3283582089552239
2024-02-16,2.0,7.0,0,6.090696819013893,6.2616914500059195,8.576310737904695,8.243105108805752,9.193932532451162,0.6541317343733494,0.49407844788780964,0.33238326602687734,0.3283582089552239
2024-02-17,2.0,2.0,0,9.011630842271055,7.505187627521351,9.368126537622848,9.112058813451323,9.578723046342716,0.6901671780383011,0.5434269028568753,0.33466111514125607,0.4
2024-02-18,2.0,4.0,0,8.464726549216248,8.161881264970612,9.974393840754713,9.541161717267322,10.55774871841964,0.7689462139481533,0.5505689230980118,0.3349936320377013,0.4
2024-02-19,2.0,4.0,0,6.802264186269682,7.5099499044889715,9.123549010622908,8.79471709500344,9.826686876396565,0.7118583385392737,0.487796397940905,0.3320943997601291,0.3283582089552239
2024-02-20,2.0,2.0,0,6.764729728391092,6.145583166852203,7.09761621891876,6.923669377660108,7.523844786240128,0.4667534826827954,0.5040302353556865,0.33284099543613915,0.3283582089552239
2024-02-21,2.0,4.0,0,6.579848251149902,6.50202671385251,7.472156860059693,7.2859416086566435,7.948311346463662,0.5185725616305407,0.4063882706898552,0.328312831253158,0.328125
2024-02-22,2.0,3.0,0,5.720933566446208,5.232596028759311,7.58578044567183,7.401553223277564,8.035693896032104,0.5289373951402816,0.4608590527414328,0.3308540313048488,0.3283582089552239
2024-02-23,2.0,1.0,0,7.272340821742284,7.849479414796979,8.81791395190298,8.469541012094219,9.385549250530385,0.6724374265209287,0.5068685832698261,0.3329716133457362,0.3283582089552239
2024-02-24,2.0,4.0,0,7.330482224669768,7.478872742652895,8.400254616230164,8.16741663570233,8.978240317358255,0.6326763712167499,0.5351053652486975,0.33427492638359907,0.3283582089552239
2024-02-25,2.0,2.0,0,6.319114339704381,8.635818156039377,8.436492364998506,8.279781688280398,8.897905977782699,0.6244580721920824,0.5617981376525791,0.33551879468740686,0.4
2024-02-26,2.0,4.0,0,6.996162837415428,9.348981740121804,8.933766891116685,8.675746495200128,9.391734365030077,0.6730163962977476,0.5825125718225762,0.3364968636620569,0.42424242424242425
2024-02-27,2.0,3.0,0,7.80799959838129,11.350802180250692,8.370885977338718,8.194277108111663,8.758775958552958,0.6099376236594167,0.5803332722286657,0.3363933120921047,0.42424242424242425
2024-02-28,2.0,7.0,0,9.393064395550278,7.997459449385474,8.501184743691303,8.413263829857568,8.65808436685055,0.5992050283176504,0.5824784632636709,0.3364952416703642,0.42424242424242425
2024-02-29,2.0,4.0,0,5.664108167085754,6.445399473945062,8.207164382253131,8.049440722819005,8.447557320235164,0.5761738954490196,0.4896275942517324,0.3321786045123436,0.3283582089552239
2024-03-01,2.0,7.0,0,7.273707755408738,8.55659389696801,8.856090313369975,8.661798356836051,9.120538366026203,0.6469315171396192,0.633895971615596,0.3389979229933184,0.42424242424242425
2024-03-02,2.0,5.0,0,8.252580824606834,9.584393329608286,9.527584072845581,9.134659914157195,10.127066808692879,0.7365398400772809,0.5856515646180696,0.3366463141899206,0.42424242424242425
2024-03-04,2.0,10.0,1,6.82691072591579,6.676672782600519,8.028202245347122,7.864557881524727,8.437777125583377,0.5750849598346779,0.5682087893767048,0.33582008367260874,0.42424242424242425
2024-03-05,2.0,2.0,0,7.43901282988531,8.338331967725951,8.596137895771584,8.477043414014483,8.863866210180085,0.6209389698938985,0.6119900569313476,0.3379160510052542,0.42424242424242425
2024-03-06,2.0,3.0,0,6.982486826976705,7.61470664042876,7.81406052359365,7.721687091255758,8.024602917821605,0.527628119505499,0.6016174420757903,0.33741240107830794,0.42424242424242425
2024-03-07,2.0,8.0,1,6.115639767779003,5.171111915410541,7.244410836689874,7.2016014133161335,7.557949974149854,0.4709982559845199,0.46044984562168123,0.33083514411416276,0.3283582089552239
2024-03-08,2.0,12.0,1,7.256507550101763,7.5635045880973015,7.635983958638669,7.455550357209256,8.1181294061525,0.5386101418414362,0.4885984850092953,0.3321312829027089,0.3283582089552239
2024-03-09,2.0,4.0,0,6.045355656370711,6.731228178373546,7.497592125851018,7.3243126688115625,7.823336189555082,0.5035583511774706,0.47429995121079666,0.33147350488666294,0.3283582089552239
2024-03-10,2.0,2.0,0,6.576799513542956,11.87766189657302,7.51520822463448,7.3535461732232115,7.969591866306804,0.5211070796763758,0.5231274747840363,0.3337209752320183,0.3283582089552239
2024-03-11,2.0,7.0,0,5.856843242618379,6.940639863593399,7.279022353919397,7.127450883212617,7.789834114725943,0.4994970694740552,0.3586030351908064,0.3260037215999677,0.328125
2024-03-13,2.0,3.0,0,6.2796044103266775,4.974892717884202,6.765561640140092,6.714699945035221,6.948377266346058,0.3935872527001358,0.39760188050906015,0.32789545512484003,0.328125
2024-03-14,2.0,3.0,0,5.624622568210416,7.060594443530557,7.8539652038442345,7.956274750940456,7.751604955099374,0.49484465919928855,0.5303716834645325,0.3340557611888418,0.3283582089552239
2024-03-15,2.0,8.0,1,6.390802464929995,7.049429934141182,7.391860058371122,7.316813769400542,7.593000941506136,0.4753472726548908,0.48092225976933706,0.33177824595624805,0.3283582089552239
2024-03-16,2.0,12.0,1,7.0084564880239935,6.702000783565085,7.903400352254598,7.686269198675868,8.268283037792742,0.5559540474006265,0.5510163650165774,0.335014500299484,0.4
2024-03-17,2.0,17.0,1,5.8433556381109995,6.0362811582908655,7.643613353650482,7.539171993597689,7.838655123589659,0.5054103630165605,0.5300987409233378,0.334043134471527,0.3283582089552239
2024-03-18,3.0,5.0,0,5.517463865124338,5.7548368625357895,6.316448405163129,6.26606642844384,6.489247505726926,0.33844338457398326,0.5973490189661006,0.26794767372309775,0.32
2024-03-19,3.0,9.0,1,5.201304213505624,5.496851992485441,6.200159408018105,6.2152630172920205,6.169551105409719,0.30083141774413474,0.5349909111760226,0.2621162661628815,0.26241134751773054
2024-03-20,3.0,3.0,0,6.879516941540548,6.993766266396116,7.223762458541838,6.925401078971514,7.447288893473301,0.44915174521912876,0.4551799346369163,0.2548948183475377,0.26241134751773054
2024-03-21,3.0,4.0,0,6.1924749999625845,6.379841111983258,6.689733433872158,6.6703366174970755,6.762483898852551,0.3705253602583686,0.37858003404139795,0.2478963634335975,0.26
2024-03-22,3.0,3.0,0,4.630111102334684,4.013697042818329,7.494102741614977,7.354094194163026,7.633290551804769,0.4697947457667998,0.347761189155393,0.24498107406056463,0.22295081967213115
2024-03-23,3.0,4.0,0,7.739199892314234,5.894453715843368,8.515602219287661,8.231908403758688,8.761587045501857,0.5855481355613025,0.3861178623686139,0.24859780515985644,0.26
2024-03-24,3.0,1.0,0,3.873249948457414,3.842310679840351,7.064095705039288,6.878725964870193,7.3444776528936195,0.43758860379851905,0.28550835666889407,0.23875397655500433,0.22295081967213115
2024-03-25,3.0,4.0,0,5.912111382931934,5.399786409652759,6.925248713532312,6.768611655335118,6.998960173891055,0.3980517726433606,0.34122011021945886,0.24435070653712956,0.22295081967213115
2024-03-26,3.0,5.0,0,6.823166913388953,7.012652642121211,8.107854566608905,7.931399498740167,8.122299220347651,0.5221120967441658,0.3868178640973158,0.24866274853302886,0.26
2024-03-27,3.0,2.0,0,4.931385321479845,3.5024568286202205,6.297897724663705,6.255125798621997,6.39337459524014,0.3271562135305255,0.318619907032328,0.24213415985071512,0.22295081967213115
2024-03-28,3.0,5.0,0,5.611825077962332,5.769336213906808,6.853317770543112,6.761587163304927,6.986675840346986,0.39662968332296067,0.36889673180291305,0.24698914684515208,0.22295081967213115
2024-03-29,3.0,3.0,0,5.117484532266443,4.806443899757463,7.422226129192004,7.299473699881299,7.572680643920003,0.4631091232312329,0.3566838062379933,0.2458338704363046,0.22295081967213115
2024-03-30,3.0,2.0,0,5.0839315707398764,5.199657757376098,6.542003438543142,6.586740290215347,6.5019996891226075,0.3399442360951202,0.35724688610649397,0.24588742899693228,0.22295081967213115
2024-03-31,3.0,3.0,0,5.087507329628307,5.274146350056245,6.870108122885172,6.900856290289646,6.84742086869441,0.38044590901446296,0.39353457807013825,0.2492843139455852,0.26
2024-04-01,3.0,3.0,0,4.747076248472195,4.734865288758529,6.438381421180365,6.439309236407122,6.655687947298864,0.3580102283624371,0.3507489698791545,0.24526751665502816,0.22295081967213115
2024-04-02,3.0,6.0,0,5.309168018056738,5.228078578194398,7.306942931971608,7.244829128269378,7.335053676154988,0.43652361253327643,0.36620034610523855,0.24673519626896045,0.22295081967213115
2024-04-03,3.0,6.0,0,5.514501088754456,5.225860027838655,6.270231597375082,6.3303961597993785,6.530113364347366,0.34325232859085614,0.2690998110226771,0.2370056876865828,0.22295081967213115
2024-04-04,3.0,3.0,0,5.127979923953091,4.6768441491535935,6.103142376372531,6.021170808073047,6.318041381814851,0.3182877587376726,0.2259856027147601,0.23210258904096956,0.22295081967213115
2024-04-05,3.0,8.0,1,5.112608731816217,5.391587229969528,6.304450601991144,6.14092111105183,6.720801726115377,0.36564562156797886,0.250799935992897,0.234985404781764,0.22295081967213115
2024-04-06,3.0,8.0,1,5.4535285651236824,4.815537708010248,6.377061176785498,6.292845232685696,6.691852292871853,0.3622526926731938,0.30278615286607846,0.2405399222588641,0.22295081967213115
2024-04-07,3.0,4.0,0,5.073434978586092,4.363503455496246,6.367194745927943,6.36915977450766,6.407289870127106,0.32879463075517906,0.26902296863866465,0.2369973677119908,0.22295081967213115
2024-04-08,3.0,2.0,0,5.179441476912679,4.501153874702585,7.424962930174659,7.294371577584948,7.607278339037724,0.4669304596180806,0.3328833535939165,0.24354037672204792,0.22295081967213115
2024-04-09,3.0,5.0,0,4.607865945096569,5.511927648957019,5.607527252035736,5.604701465516992,5.719186650701558,0.2485068282178007,0.21757927423869425,0.2310818531512004,0.22295081967213115
2024-04-10,3.0,4.0,0,4.490630438056028,4.050224049343283,6.372225686362508,6.26162907970754,6.556325534623767,0.34633560346564507,0.24620283484037764,0.23446469930671546,0.22295081967213115
2024-04-11,3.0,4.0,0,4.832820216350565,5.3007968024632355,6.284009898326203,6.17564318719302,6.4545727023536275,0.33436161429653544,0.270950613051223,0.23720568955937324,0.22295081967213115
2024-04-12,3.0,4.0,0,4.429943461748873,3.5070695113581816,6.119103210702439,5.977498044886305,6.347905006739471,0.32180292923408016,0.27859455590276844,0.23802399895869075,0.22295081967213115
2024-04-13,3.0,1.0,0,4.651474561320261,4.047626735119718,5.62824058580499,5.577148068338372,5.799416418843538,0.2577223809305934,0.25279699371725056,0.2352098723460901,0.22295081967213115
2024-04-14,3.0,3.0,0,4.827819457342067,4.752765844485421,6.526167532774664,6.316001881181078,6.701491565685557,0.3633827604893263,0.31326839896664477,0.24159949404238765,0.22295081967213115
2024-04-15,3.0,3.0,0,4.401250463281001,3.9667377835695237,5.868372462675079,5.8094549615336435,6.101339917754346,0.2928331153348331,0.2551955387835956,0.23547811625977114,0.22295081967213115
2024-04-16,3.0,2.0,0,5.184200968160761,6.083349791170488,8.00748202988666,7.776929837579703,8.305783900646258,0.5409265312469689,0.339076049625246,0.2441430664396388,0.22295081967213115
2024-04-17,3.0,7.0,0,5.305759156524156,6.58993736824254,6.802184280282478,6.586078059866523,6.890108713940484,0.3854185374937436,0.2988740377389968,0.24014003636031833,0.22295081967213115
2024-04-18,3.0,8.0,1,5.512645081364039,5.813004915235905,5.922859636853117,5.855984808369384,6.1449012187843515,0.2979391055627354,0.29126257892064195,0.23935460799935368,0.22295081967213115
2024-04-19,3.0,8.0,1,4.978195347003716,4.494104533400367,5.739411438241285,5.697744475613641,5.899661526343447,0.2693136963911804,0.2408931719441953,0.23385608220289117,0.22295081967213115
2024-04-20,3.0,3.0,0,4.520959067154693,4.582062263709178,5.354242616040824,5.415072754189315,5.399251950084723,0.21246926558958523,0.34276422805201406,0.24449992961095127,0.22295081967213115
2024-04-21,3.0,7.0,0,4.7406411924621885,4.331922435903238,6.3869891101129195,6.348471564789863,6.373702238702261,0.3248400085921487,0.33020449366628446,0.2432782479965808,0.22295081967213115
2024-04-22,3.0,6.0,0,5.909702075115904,5.2847138224685954,7.1306053322550635,7.022881644303471,7.274496927375886,0.4296607226511718,0.2840728424581217,0.23860317374075946,0.22295081967213115
2024-04-23,3.0,3.0,0,4.919772420580872,5.633898343380885,6.622532888739089,6.562136188595378,6.7969811530048645,0.3745585628063882,0.2741375728742004,0.23754835007884212,0.22295081967213115
2024-04-24,3.0,5.0,0,4.116408323673695,5.058898922163523,6.409369975948697,6.2370498843267965,7.067552386979936,0.40597383163369183,0.1507914114501503,0.22182981692382117,0.0
2024-04-25,3.0,3.0,0,6.301371286142363,6.495081540113604,6.8761662881204275,6.7529947225476405,7.152750102290787,0.41576682148301786,0.3992526848802546,0.24981134103653685,0.26
2024-04-26,3.0,2.0,0,4.43241109553392,4.033787998978672,5.632964821758951,5.666336591241691,5.833354901130104,0.2616377977129474,0.23425524312513243,0.23308376380089432,0.22295081967213115
2024-04-27,3.0,6.0,0,5.07524821376752,4.888573886668833,5.766668563863285,5.709359729506302,6.015095674628577,0.28274815885718063,0.3185634513856988,0.24212854046129514,0.22295081967213115
2024-04-28,3.0,6.0,0,5.263537621087976,5.053450965457483,6.035325309630856,5.952362167387526,6.4059720542189265,0.32863946751486134,0.28288620347486204,0.23847821788760493,0.22295081967213115
2024-04-29,3.0,10.0,1,6.620181161409642,6.059167034034277,7.426797028475787,7.239871271732381,7.601802107378083,0.4663264893637201,0.4422272983167821,0.2537254831515357,0.26241134751773054
2024-04-30,3.0,3.0,0,5.354511210898536,5.346422162358096,6.098370755623932,6.218615256495054,5.631057889383002,0.23845724438690502,0.2516362619641729,0.23507953284653882,0.22295081967213115
2024-05-01,3.0,5.0,0,5.1238018758376835,5.756952331874841,5.663609627048173,5.673031807114337,5.549415709257767,0.22922499275885985,0.30761245950148974,0.24102987088994018,0.22295081967213115
2024-05-02,3.0,4.0,0,5.065559037587091,5.468266774764094,5.80622704888916,5.802183125192315,5.6227558920120275,0.237514870844393,0.2817656391955524,0.2383599695878802,0.22295081967213115
2024-05-03,3.0,3.0,0,4.530988758263306,4.728531577034522,6.818332983580014,6.641787234537381,6.675647844707347,0.360352251098453,0.27822209557700095,0.23798440561547776,0.22295081967213115
2024-05-04,3.0,11.0,1,5.168472746015453,5.3179394010758525,6.564194034372285,6.628598145861456,6.141593542105216,0.2975511534049665,0.26475887371700835,0.23653361496399805,0.22295081967213115
2024-05-05,3.0,5.0,0,4.6212206538076845,5.158568728993096,5.247674068337668,5.328977384543293,4.9310486398105375,0.1626570212834116,0.25378656782811726,0.23532071936657978,0.22295081967213115
2024-05-06,3.0,3.0,0,5.722346327330245,5.399894484822821,6.429710269339517,6.534559332382162,6.142060851592297,0.29760596106382015,0.36611484221187224,0.24672713340742586,0.22295081967213115
2024-05-07,3.0,2.0,0,5.014589590622749,4.894041420286816,6.68919600086555,6.673626515333245,6.497142840145851,0.3393726367602456,0.24117420798588346,0.2338884952891736,0.22295081967213115
2024-05-08,3.0,1.0,0,4.10838000159844,4.129082383841918,5.573907920223743,5.544609424956414,5.39118330796939,0.21157803437765202,0.2581717903929817,0.23580896658307798,0.22295081967213115
2024-05-09,3.0,3.0,0,4.641455698118594,4.916006875968559,5.758084285042763,5.70953848437311,5.851719864845984,0.26376043616924233,0.19757105592599833,0.22854501369867897,0.22295081967213115
2024-05-10,3.0,2.0,0,4.659292787755022,4.861331407024531,4.622448186834482,4.654566671467462,4.700844882364217,0.13989372528481508,0.2546455014591291,0.23541673089689757,0.22295081967213115
2024-05-11,3.0,5.0,0,3.95124263030493,4.234493447710472,5.259979085223751,5.234823135818321,5.04071692328013,0.17393884525547437,0.311468606754061,0.2414187504965382,0.22295081967213115
2024-05-12,3.0,6.0,0,5.646316820323061,4.951626905163197,5.533834168903984,5.485322983528627,5.3993772251474565,0.21248311072602774,0.3598067455893523,0.24613054476025378,0.22295081967213115
2024-05-13,3.0,9.0,1,4.589354507721137,5.087281717722626,4.774492206238524,4.82475536244505,4.839618179383448,0.15346024884414639,0.3197624365326562,0.24224778856178394,0.22295081967213115
2024-05-14,3.0,3.0,0,4.997756366372354,6.400806982047208,4.682900572878692,4.721988901261067,4.636506354841131,0.1337746645767937,0.31036920845369415,0.24130810804014735,0.22295081967213115
2024-05-15,3.0,10.0,1,6.001718930219183,6.335642059717073,5.465232785570436,5.542543330807361,5.3964560568462945,0.21216033076797353,0.3003268374200324,0.2402888308452037,0.22295081967213115
2024-05-17,3.0,6.0,0,4.830259386265057,4.545948295196028,5.282525945355575,5.289674919490788,5.377427387580596,0.21006088850380988,0.2914194352668422,0.2393708963075689,0.22295081967213115
2024-05-18,3.0,7.0,0,4.41936997139199,4.005347878616804,4.837367249119621,4.84063792485525,4.710569346971034,0.14082824270824076,0.36353185900464086,0.24648326852667043,0.22295081967213115
2024-05-19,3.0,6.0,0,4.537095608770848,6.43663402867738,4.851977330991776,4.889463699052324,4.793316789091335,0.14887964625512404,0.3276985771689321,0.2430322387559585,0.22295081967213115
2024-05-20,3.0,5.0,0,4.920242408237522,4.875125162163502,5.880032573040586,5.992124955425986,5.8519198266064345,0.2637835625289878,0.29651016653518847,0.23989717571326793,0.22295081967213115
2024-05-21,3.0,5.0,0,4.776512833791625,4.408976853544865,4.551955913686538,4.668259157925937,4.634557467248464,0.13359106742584034,0.2605168848003561,0.23606813095381113,0.22295081967213115
2024-05-22,3.0,2.0,0,5.086307137930989,5.244597469023763,5.086779292264603,5.072836206907802,5.143945323075564,0.18478943074222076,0.2896240960614615,0.23918419961866752,0.22295081967213115
2024-05-23,3.0,5.0,0,5.282845331156024,5.071611934475903,4.926650530333844,4.9092557467572835,4.926347666695591,0.1621794020200436,0.41328942557281323,0.25109781461604896,0.26241134751773054
2024-05-24,3.0,6.0,0,5.79788508411269,6.622345943215214,4.809839800720176,4.797904189384903,4.692426318390642,0.139086728926057,0.36186586125877007,0.24632567091858737,0.22295081967213115
2024-05-25,3.0,8.0,1,4.4771036900287235,4.692214188694915,4.802539567373012,4.91583234037456,4.746658483018366,0.1443180767083276,0.22861994766574167,0.23241753037095902,0.22295081967213115
2024-05-26,3.0,3.0,0,4.273881376033711,4.682841597833297,4.770404440499668,4.850405084491553,4.630190381140951,0.13318004109165502,0.23326228854467007,0.23296709375058527,0.22295081967213115
2024-05-27,3.0,10.0,1,5.155290775672707,5.335467495969043,5.109508047901076,5.019815712164492,4.875734919815346,0.15706954947764354,0.3376089553718268,0.2440006875494368,0.22295081967213115
2024-05-28,3.0,4.0,0,3.69315882184205,3.521762582842565,4.848129438654224,4.877773322249381,4.842875302308413,0.15378445737519486,0.18124099067866178,0.2263431404781699,0.22295081967213115
2024-05-29,3.0,9.0,1,4.795624513758246,4.446040190578311,4.926364205120296,5.0273153827579256,4.72287641914033,0.14201452022526218,0.2906914780515648,0.23929526634015402,0.22295081967213115
2024-05-30,3.0,5.0,0,3.4983602067701285,3.852218564647077,6.533041272498493,6.486640325330049,6.617591419900682,0.35353691448233904,0.372437194030392,0.24732169313834818,0.25266193586272534
2024-05-31,3.0,7.0,0,4.812566387241983,5.36285704337122,5.241436176704622,5.2758192780005,5.137899965182144,0.1841481440448123,0.2735042243534966,0.2374804245885224,0.22295081967213115
2024-06-01,3.0,4.0,0,4.729498553079748,4.6741917884001225,4.239845606634093,4.382045225524271,4.126765842532751,0.08963027717748813,0.1535148017114103,0.22225924937803396,0.0
2024-06-02,3.0,5.0,0,4.75537697647532,6.404218646017571,4.906808538214959,4.946601787099456,4.762091525215141,0.14582075772605654,0.23441286570144595,0.23310225624354497,0.22295081967213115
2024-06-03,3.0,5.0,0,4.783823375248608,4.965152770236275,4.74087900516384,4.876805306307742,4.662129185781076,0.1361981660490279,0.23130163902674813,0.23273582241729637,0.22295081967213115
2024-06-04,3.0,13.0,1,5.194709269719034,4.411473834755655,5.081812265520996,5.196100374322791,4.797601265512809,0.14930127900946516,0.18784650777430323,0.22724961007077168,0.22295081967213115
2024-06-05,3.0,8.0,1,6.466470364419381,7.79580486129768,7.546247152425008,7.3344552328546,7.309130543748178,0.43358982744890173,0.5201388151012065,0.26076127486193945,0.26241134751773054
2024-06-06,3.0,4.0,0,5.941747042878259,5.0484433883503295,7.638138910886655,7.491761057271502,8.174364814495984,0.5274986174085319,0.3572677795811788,0.24588941575376833,0.22295081967213115
2024-06-07,3.0,9.0,1,6.327524469294203,6.206140099280349,7.965304454860183,7.848700173852945,8.498325868587692,0.5601522068147899,0.44250026616671023,0.25375015696343134,0.26241134751773054
2024-06-08,3.0,5.0,0,6.700405721815343,6.28682948502532,8.01723809467185,7.621835117754659,8.533759657024802,0.5636310342129084,0.38007524889472977,0.2480358188812827,0.26
2024-06-09,3.0,1.0,0,5.2586370592080875,4.827246954877793,7.7557711607074635,7.559600982421339,8.172212725057369,0.5272767110410782,0.35030232333838657,0.245224753635021,0.22295081967213115
2024-06-10,3.0,9.0,1,7.5161998385011835,6.897371295187781,8.3661263542258,8.152906160741695,8.524687897245693,0.562742161802071,0.39881493044219263,0.24977105924440932,0.26
2024-06-11,3.0,20.0,1,6.90962115571423,6.985321702598384,9.718570963413216,9.382120565835844,10.27013436284829,0.7103322149604141,0.4649946645288124,0.25577948765074676,0.26241134751773054
2024-06-12,3.0,20.0,1,7.02948672136159,6.946371156145999,9.496105820116814,8.755556944180796,10.286819195276498,0.7115159409965066,0.36230107196940686,0.24636686392974003,0.22295081967213115
2024-06-13,3.0,20.0,1,5.562511805266085,4.528700911363789,7.875799153290655,7.656101116111304,7.785839327553479,0.48643500544482765,0.32217259293547884,0.24248690340125315,0.22295081967213115
2024-06-14,3.0,5.0,0,6.4019240294404485,6.474685177930628,6.4770996749899075,6.622391451531299,6.357767777989761,0.32296401515079937,0.3798674371737964,0.2480164463545764,0.26
2024-06-15,3.0,6.0,0,6.648366344225931,5.974856692484337,4.998707472476633,5.1326854817910466,5.0537347458467705,0.17529522244608492,0.39114639018767855,0.24906363204819776,0.26
2024-06-16,3.0,3.0,0,6.621917295797592,5.300715854102765,4.990872212544894,5.084061898553584,5.07343170453316,0.17735421213832997,0.27690197292565083,0.23784384713482973,0.22295081967213115
2024-06-17,3.0,5.0,0,6.936634441831799,5.911350152815727,6.598888710706879,6.525321574037398,6.669526018280625,0.35963406891532523,0.3664079120564323,0.24675476679193764,0.22295081967213115
2024-06-18,3.0,4.0,0,5.538971426709013,5.927286652352589,4.555790166212537,4.650407763852849,4.68463682813917,0.13834171696138675,0.28300886890033294,0.23849114742830035,0.22295081967213115
2024-06-19,3.0,9.0,1,5.437777028920908,4.990993607179219,4.032527027405777,4.241058719467673,4.225600131914144,0.09754394530987702,0.30488003296460475,0.24075293556474692,0.22295081967213115
2024-06-20,3.0,5.0,0,7.024728768671724,6.46708232626806,6.878858723809666,6.73600488611304,7.289533042005804,0.43136785779247583,0.39990367023943935,0.24987122479689802,0.26
2024-06-21,3.0,18.0,1,6.797983777249232,6.279399916042152,6.156910673210564,6.146558574716389,6.472051026037696,0.33641920962176386,0.32213875529584257,0.2424835517459952,0.22295081967213115
2024-06-22,3.0,3.0,0,5.534489390414516,5.32540427625347,4.822932502534044,4.978674456471264,5.29261638034938,0.2007730128772942,0.39233573871779365,0.24917357767004444,0.26
2024-06-23,3.0,5.0,0,5.846633247654247,7.171647303040774,5.068344727581698,5.099641035822882,5.837213010546377,0.2620834990414482,0.43562804098980407,0.25312845659399164,0.26241134751773054
2024-06-24,3.0,10.0,1,6.47111925777624,5.331379074477987,4.9660572176674025,4.951039655001319,5.959969364786265,0.2763221843322224,0.4557287224198299,0.2549443075321735,0.26241134751773054
2024-06-25,3.0,3.0,0,6.389781726916804,6.282229868160789,4.435814018635503,4.5228697704636245,5.243005870485897,0.19539540287244883,0.3937442561027575,0.24930367298225106,0.26
2024-06-26,3.0,4.0,0,8.14972657106837,7.1649409846691485,5.5348948119453345,5.740246951245753,6.521001307001211,0.3421802449402575,0.42647897528765355,0.2522988321720585,0.26241134751773054
2024-06-27,3.0,11.0,1,6.641739396481635,6.0594352605429185,4.85962369057067,4.927597503741057,6.047158390778275,0.28649326812257087,0.3068076603192419,0.24094842394224114,0.22295081967213115
2024-06-28,3.0,2.0,0,5.646319631660851,5.4723155551286755,4.125053497657284,4.079876602970536,4.973307811886443,0.16697299895891698,0.3592479901060796,0.24607752983853334,0.22295081967213115
2024-06-29,3.0,10.0,1,6.426135231025865,6.311669697127689,4.525117308068748,4.471169973858897,5.285376750005552,0.19998563630212376,0.3543043421360646,0.24560721118260964,0.22295081967213115
2024-06-30,3.0,4.0,0,4.279597296475577,4.250033209267375,5.151562626828469,4.978629795448008,6.399007913133025,0.3278194915719743,0.3466363497116631,0.2448729963940607,0.22295081967213115
2024-07-01,3.0,3.0,0,6.531721549839663,6.511398764901851,4.690066936676281,4.785115534336209,5.483489871118544,0.2218306462471436,0.4495770672997858,0.25438933574311146,0.26241134751773054
2024-07-02,3.0,3.0,0,5.163995728734415,5.0017023824619935,4.177184834432833,4.240102044271672,4.987339907636256,0.16841491333554928,0.23768807500881128,0.2334848037587089,0.22295081967213115
2024-07-03,3.0,7.0,0,5.719244672016547,6.89247768870082,4.200303370156347,4.173780570093989,5.0486466802828005,0.17476465574634753,0.3487580887177662,0.24507674943074526,0.22295081967213115
2024-07-04,3.0,8.0,1,6.383553874495548,9.109610846548073,4.573022886631536,4.58613643988348,5.603159826260632,0.2352936134491213,0.4125961630166794,0.25103449507267767,0.26241134751773054
2024-07-05,3.0,3.0,0,5.983425528733308,4.8294665150439995,4.331549609818201,4.344029421953616,5.2355685795044575,0.1945929160455772,0.38609577723151167,0.24859575566417436,0.26
2024-07-06,3.0,5.0,0,5.304903560350462,4.545673152446093,4.4596790044238315,4.397037815385669,5.112746408662096,0.18148752459112721,0.3248998756697468,0.24275654429568483,0.22295081967213115
2024-07-07,3.0,2.0,0,5.612397083158456,5.111614697694417,4.376166884471932,4.317185443788894,4.998685446646961,0.16958391594217787,0.3244319236942832,0.24271034843952397,0.22295081967213115
2024-07-08,3.0,5.0,0,5.650598648245251,5.2758069266659655,4.482297806249751,4.386481361894126,4.998465466345408,0.16956122333912554,0.35720972722515704,0.24588389546463635,0.22295081967213115
2024-07-09,3.0,11.0,1,5.5308329545928325,4.108561053604744,4.3596543625942585,4.298752034905315,4.767363260351816,0.14633545239050114,0.387188281499153,0.2486971014052603,0.26
2024-07-10,3.0,10.0,1,5.761619502130026,5.7537042161112115,3.7362244995496483,3.782056547127949,3.800617616426579,0.06593837181171458,0.3826614020302281,0.24827664863400076,0.26
2024-07-11,3.0,4.0,0,6.366830371968771,4.324508967026344,4.839604954268724,4.831110163513283,4.677626425583943,0.13767260787260258,0.3496428051808229,0.2451615730003239,0.22295081967213115
2024-07-12,3.0,9.0,1,5.493119189119532,4.032398276743104,4.8045414850412484,4.768632241936943,4.7566527836925765,0.14529050204942878,0.30959591385042623,0.2412301760114034,0.22295081967213115
2024-07-13,3.0,5.0,0,6.403470157907242,5.2399131880615935,4.626668891255227,4.721338450871234,4.584009843164115,0.1288660320935843,0.3439277400227894,0.24461219913953816,0.22295081967213115
2024-07-14,3.0,5.0,0,4.642388824170687,4.486944449112355,5.165433792615779,5.241969308079117,4.95205072556931,0.16479697111122618,0.32910423544019096,0.2431703309451548,0.22295081967213115
2024-07-15,3.0,5.0,0,4.90387541114837,3.610731890069443,4.34591373619807,4.440376638852206,4.102928331579105,0.08777127286280693,0.32391669788823735,0.24265945258709906,0.22295081967213115
2024-07-16,3.0,7.0,0,5.3674474507461305,4.2080196308327755,5.74997421119314,5.733155863290891,5.231713290937191,0.19417731482928996,0.37149580316960695,0.24723336853700364,0.25
2024-07-17,3.0,13.0,1,5.375090336390618,3.4659444031057025,5.04762667022254,5.112728050044778,4.874386582658174,0.15693424344560808,0.33347732288631243,0.24359837922605698,0.22295081967213115
2024-07-18,3.0,4.0,0,5.085842394863718,3.974965706819579,5.054188511211513,5.143079747975649,4.835609495119125,0.1530615852961416,0.24889037918635115,0.2347697974593593,0.22295081967213115
2024-07-19,3.0,14.0,1,5.462262718216977,5.080576472638944,5.105241527862908,5.211976427820959,4.6816856519747425,0.1380598807995584,0.2535073621067222,0.23528946947330698,0.22295081967213115
2024-07-20,3.0,4.0,0,3.891275561888281,3.5821593245570607,5.475704301457294,5.486787597235898,5.191580163667624,0.1898668594222388,0.3105954401440093,0.2413308905279073,0.22295081967213115
2024-07-21,3.0,3.0,0,5.004971746865659,4.205024897702979,6.009421343628471,5.847995356116953,6.492578598420894,0.33883545017976846,0.3408983972120865,0.2443195831936657,0.22295081967213115
2024-07-22,3.0,9.0,1,5.338524147742293,4.854402555275814,5.956807536859192,5.830562288515649,5.979106802912594,0.2785510101499515,0.29439182722700064,0.23967873127538528,0.22295081967213115
2024-07-23,3.0,4.0,0,5.1949658743135565,6.629872578007339,5.43353272275123,5.415490163141732,5.942232571952543,0.27425849127629726,0.34346693538132533,0.24456775273912085,0.22295081967213115
2024-07-24,3.0,2.0,0,5.537288574097099,6.963893079469882,5.626395496795914,5.663712593232986,5.786965512611071,0.2562883902139056,0.30360023362302885,0.24062282287013909,0.22295081967213115
2024-07-25,3.0,1.0,0,5.0267562663248455,5.151088978455057,5.73166067151376,5.7415664244802995,5.953303119705628,0.2755463289903356,0.24075316771411018,0.23383992645019383,0.22295081967213115
2024-07-26,3.0,2.0,0,4.518050683984827,4.979566059277454,5.613850002180893,5.635507177994833,5.845628331982871,0.2630560761545353,0.3629233232293736,0.24642573142340102,0.22295081967213115
2024-07-27,3.0,5.0,0,5.152100903765645,5.099290841530689,5.564115538705211,5.547766759773115,5.525703821171638,0.2265589012050432,0.36033375042796856,0.246180521176675,0.22295081967213115
2024-07-28,3.0,7.0,0,4.763579455427807,5.9390029331484815,6.377168882536541,6.2763728001911705,6.913042303618845,0.3880859821042674,0.4206939602363331,0.25177286904117124,0.26241134751773054
2024-07-29,3.0,5.0,0,4.760565012837565,4.080936677173725,5.740058706375283,5.725254155723007,5.546007554434287,0.2288413507888511,0.37152981651269323,0.24723656100875724,0.25
2024-07-30,3.0,5.0,0,4.148482116707035,3.0278137237319114,5.225892233433727,5.30356318512088,5.391106880191402,0.21156959716351623,0.40114258587152124,0.2499851287180198,0.26
2024-07-31,3.0,20.0,1,7.671813768762541,9.736376039791034,8.088918215332129,7.937632204294428,8.305489914756626,0.5408967657499445,0.5012157404891544,0.2590458184101779,0.26241134751773054
2024-08-01,3.0,20.0,1,7.074274336076378,7.39952249412094,12.66100066731299,11.469931706619704,13.665243033873054,0.877856894960922,0.49607192719158344,0.25858104089371997,0.26241134751773054
2024-08-02,3.0,20.0,1,6.296657925991878,5.7506551557788015,9.074934407886554,8.723476269161827,9.788920412993996,0.6743738032029979,0.32157562326217365,0.24242775036464925,0.22295081967213115
2024-08-03,3.0,5.0,0,6.450852638230296,6.120781679105405,8.25293806866708,8.015453050859541,9.065847516945224,0.613576750439133,0.4201593150957353,0.2517241991703961,0.26241134751773054
2024-08-04,3.0,12.0,1,8.367984087508388,6.553566410401392,8.895814148633269,8.605878667932851,9.872132073915974,0.6808457818445259,0.44925582535294484,0.2543603400555167,0.26241134751773054
2024-08-05,3.0,9.0,1,8.225448478323425,7.441577257977453,13.929504062758374,13.13480062553753,16.0552168349223,0.93418649942795,0.425041126140606,0.2521682142488949,0.26241134751773054
2024-08-06,3.0,11.0,1,5.632439036426417,5.2222370235106315,7.346572611907168,7.054456220275297,8.241214624300714,0.5343594894214425,0.4915462837267705,0.2581725096792857,0.26241134751773054
2024-08-07,3.0,5.0,0,6.745236804895733,7.116382054897803,7.400334913687577,7.1724575181133385,8.322026202146505,0.5425691103782518,0.4771203922520541,0.2568719340431872,0.26241134751773054
2024-08-09,3.0,11.0,1,6.554751752146971,5.477573112936636,7.75333017576018,7.442623587279833,8.52320802512104,0.5625970442611655,0.3860447691899382,0.2485910220064884,0.26
2024-08-10,3.0,6.0,0,5.496198928465299,5.299795919072872,8.130750316919723,7.923332638286673,8.64438514718837,0.5743712852773035,0.27633978551356736,0.2377838808483916,0.22295081967213115
2024-08-11,3.0,6.0,0,6.575462919498028,7.023892575668589,8.231093674783166,7.991746154577931,8.566951154811047,0.5668727556685665,0.39198615428694256,0.24914127038054082,0.26
2024-08-12,3.0,7.0,0,6.987078926126185,7.870116318275211,8.327797452053227,8.202914390273378,8.82070170040146,0.5911058927157038,0.5098494610637156,0.25982725503130333,0.26241134751773054
2024-08-13,3.0,7.0,0,6.129305118589172,7.414399383932669,7.972360644373094,7.773212906399517,8.437573795061489,0.5541444507116066,0.42867625824492106,0.2524983082527847,0.26241134751773054
2024-08-14,3.0,8.0,1,6.223344503978611,6.8553763956990315,8.22709231876043,8.184743458280751,8.684164609208766,0.578188242588084,0.3880445766231093,0.24877648096445337,0.26
2024-08-15,3.0,3.0,0,5.918683254234878,6.215598933101999,8.498753227758183,8.613470923301481,9.378321892159011,0.6408570102174272,0.38992672999922995,0.2489507938636903,0.26
2024-08-16,3.0,4.0,0,6.660744857869695,7.145540867128372,6.67081864855728,6.436239558404245,7.313795721508042,0.43411825287799904,0.4214931607430716,0.2518456020422731,0.26241134751773054
2024-08-17,3.0,4.0,0,5.605512257445661,5.838490224123319,6.488250942526489,6.215216992884068,6.8427240378762,0.3798982114539289,0.31393255997563413,0.24166607251862096,0.22295081967213115
2024-08-18,3.0,8.0,1,6.668129617729427,7.233186147644152,5.877111467122313,5.700060349260685,6.442860632171288,0.33298273220018915,0.4270954789732206,0.2523548159656207,0.26241134751773054
2024-08-19,3.0,5.0,0,6.181308403551723,5.080580425479841,5.603785220086321,5.430447982858315,6.236285456542686,0.30867072898417014,0.3664386827482767,0.24675766772214866,0.22295081967213115
2024-08-20,3.0,1.0,0,5.48261866486638,4.625929824040927,5.352055019159789,5.186751823045761,5.84692437426374,0.2632059123494023,0.29482905401807274,0.23972388181522503,0.22295081967213115
2024-08-21,3.0,3.0,0,5.936988177474175,5.58840245615387,6.18342031724416,5.961149440483417,6.795070943660394,0.3743353691038175,0.3070793593776867,0.24097593149782226,0.22295081967213115
2024-08-22,3.0,5.0,0,5.824967488033723,5.006387014093718,5.416543365557459,5.271678958268587,6.027570084697236,0.284204615989036,0.3209082733304149,0.24236156664049233,0.22295081967213115
2024-08-23,3.0,9.0,1,5.832891400691638,5.026717359410303,5.556390463128287,5.346371330021494,6.2423747238460425,0.3093865925753577,0.354438513071077,0.24562000623061053,0.22295081967213115
2024-08-24,3.0,4.0,0,6.136191306984455,6.616403937705937,6.097569617494281,5.8023363908714165,6.651563925218944,0.3575261801926468,0.3817714880659968,0.2481938302995768,0.26
2024-08-25,3.0,4.0,0,5.546525685479169,3.708182223207783,5.404156657476978,5.129741389414383,6.317170627236794,0.31818527804126917,0.2558668953239282,0.23555293834572513,0.22295081967213115
2024-08-26,3.0,7.0,0,6.21013670571747,6.125811828348112,6.362577991714873,6.0356706314850594,7.159709843838645,0.4165643562134647,0.3248388037557688,0.24275051694549443,0.22295081967213115
2024-08-27,3.0,10.0,1,5.980550492444599,6.060629042908908,5.475232723148621,5.223811740869026,6.272066189245143,0.31287825044985357,0.34287558838115795,0.24451068134268483,0.22295081967213115
2024-08-28,3.0,5.0,0,5.752484345642792,6.75863450846126,5.461825259838413,5.139156664862532,6.165729127012755,0.30038283292548046,0.35053052910884813,0.24524660511208968,0.22295081967213115
2024-08-29,3.0,7.0,0,6.073500477958005,5.294098286721745,5.177423573603991,5.007382653399307,5.793052454777185,0.2569892649651629,0.3901038304089257,0.2489671842464408,0.26
2024-08-30,3.0,5.0,0,6.128170075813024,6.096084324414237,5.388081056566972,5.187161494900818,5.968496966078856,0.27731507244433246,0.25357715558042054,0.2352972829159105,0.22295081967213115
2024-08-31,3.0,5.0,0,6.276267558376988,6.408428833391335,6.242415815889567,5.907681692439629,6.73408819629455,0.3672018032763532,0.33332877631947555,0.24358387727441133,0.22295081967213115
2024-09-01,3.0,6.0,0,4.743528824127844,4.4615553915761526,5.143518953613832,5.175772017963432,5.171456628771177,0.187716655690647,0.15190764076799698,0.22200651911489167,0.0
2024-09-02,3.0,6.0,0,5.782689969614614,6.501278198459256,5.919932455047678,6.027138350128585,5.76064587426234,0.2532616287700097,0.3520057593123254,0.2453877377081658,0.22295081967213115
2024-09-03,3.0,7.0,0,5.381142550584032,6.451276496373762,5.1524106391131665,5.193253262303896,5.211186728114169,0.19196902767039534,0.29966065989951357,0.24022064494442624,0.22295081967213115
2024-09-04,3.0,8.0,1,4.992347074580616,4.870075286696174,6.2239964008039115,6.198393110387997,5.979446021740029,0.27859053666404526,0.2825707867877553,0.23844495802706347,0.22295081967213115
2024-09-05,3.0,6.0,0,5.059169009624552,5.489544622557056,5.4485445963845445,5.471190776811376,5.516360525196454,0.22551035652867954,0.24101684803849643,0.2338703490878665,0.22295081967213115
2024-09-06,3.0,5.0,0,5.256612121808189,4.93803551153886,5.271642896022871,5.295103822681363,5.095152116214996,0.1796339204774103,0.24635530673441114,0.23448206068515487,0.22295081967213115
2024-09-07,3.0,9.0,1,5.325083759280482,4.819428943743915,5.456815421640244,5.4782825793001635,5.422845537600943,0.21508090277975664,0.2924578702617897,0.23947861896259148,0.22295081967213115
2024-09-08,3.0,1.0,0,5.251574257077008,6.8564161192834385,5.322923259930837,5.316024218134872,5.389891944490113,0.21143548671801207,0.3364939881880123,0.2438923167946075,0.22295081967213115
2024-09-09,3.0,4.0,0,5.45974203838019,6.285876902824929,4.920614396702684,4.923570458410103,4.936239834924179,0.16318503309072815,0.31484089517224345,0.2417570247643958,0.22295081967213115
2024-09-10,3.0,5.0,0,5.156587028744148,5.669914373832115,4.850989276449992,4.932160886120933,4.67893099629467,0.13779702298096608,0.1505096883249756,0.2217850654547517,0.0
2024-09-11,3.0,3.0,0,5.203214915086386,4.9788100939365,5.414179509272904,5.400932921435616,5.2662854757910145,0.19791355386716591,0.2069311527095714,0.22975185894928207,0.22295081967213115
2024-09-12,3.0,2.0,0,4.759547227476761,4.549191980040727,5.36584149206082,5.3744045701000545,5.157950231776293,0.1862777619512129,0.2080975470283442,0.2298996925372849,0.22295081967213115
2024-09-13,3.0,9.0,1,5.430160125884044,6.008916749454558,5.309502089869932,5.294715190445132,5.26618373338543,0.1979025279264943,0.25542838597918754,0.23550407963636016,0.22295081967213115
2024-09-14,3.0,10.0,1,5.130847502679965,6.351684647619035,5.723099082008912,5.683673432345918,5.600157062750738,0.23495363704202385,0.22427406104941977,0.23189673730743132,0.22295081967213115
2024-09-15,3.0,3.0,0,4.995500290345666,5.015843273669603,5.96691564296242,5.968905685242054,5.758494330049869,0.25301447837598573,0.2526703564481753,0.23519566900892766,0.22295081967213115
2024-09-16,3.0,9.0,1,5.319272818945549,5.375073223219369,5.412544653420901,5.491145158719549,5.089999131949092,0.17909221442915071,0.2759168886825061,0.2377387292897206,0.22295081967213115
2024-09-17,3.0,1.0,0,5.050389435355747,4.765682817330678,5.3255947081386905,5.347092513600403,5.3048506808343285,0.2021056039515048,0.2463380260255459,0.23448009331713168,0.22295081967213115
2024-09-18,3.0,1.0,0,6.518554613976091,5.906656858165295,5.6989322234439985,5.768465770882994,5.538110490557165,0.22795297488523267,0.29214424466654715,0.23944610505193778,0.22295081967213115
2024-09-19,3.0,7.0,0,7.392428729231484,8.691950546257731,6.490854048859002,6.458258353893325,6.363125620727943,0.32359478870314157,0.43780826518710286,0.2533258134834343,0.26241134751773054
2024-09-20,3.0,2.0,0,5.402751591089853,5.758539284059367,4.694032620615068,4.844155091254094,4.489351527752836,0.12021362289301991,0.18666946327782108,0.22708972271391464,0.22295081967213115
2024-09-21,3.0,5.0,0,4.457607585383592,3.8722431025655686,5.566069204109083,5.629625309907311,5.321727508343949,0.2039479414189701,0.27880624171953655,0.23804648915677068,0.22295081967213115
2024-09-22,3.0,3.0,0,5.004703407835885,5.322283112302253,5.725424793109522,5.7910095671635995,5.68350594034533,0.24442823669271252,0.2794377848035763,0.23811353289308562,0.22295081967213115
2024-09-23,3.0,4.0,0,4.855274543044187,4.237900361724981,5.4841904816071505,5.506662425091671,5.45835379786612,0.21902669431959285,0.20599567890981485,0.22963289604030526,0.22295081967213115
2024-09-24,3.0,2.0,0,5.113998604615281,5.8733536636706205,5.085586372288873,5.10926207128913,5.129541500308462,0.1832626527390448,0.27668750940531767,0.23782097881843958,0.22295081967213115
2024-09-25,3.0,5.0,0,4.705194076910553,5.085334436144406,5.312481534632806,5.3364773010632875,5.30124629963678,0.20171274611060142,0.1835491134919542,0.22666245453644404,0.22295081967213115
2024-09-26,3.0,2.0,0,4.718233209197176,5.817286938731724,5.326391410574742,5.318494977211654,5.397436495657536,0.21226865187070953,0.22817153221656855,0.23236408183569343,0.22295081967213115
2024-09-27,3.0,3.0,0,4.729311199928023,3.571146303369899,5.18627818037251,5.239747772054516,5.078089820396927,0.17784230636313195,0.24877267924269372,0.2347564764256729,0.22295081967213115
2024-09-28,3.0,2.0,0,4.310633402977474,3.552700708789226,5.068347970337942,5.121181182650634,4.940091904188645,0.1635772346206554,0.2985614138783067,0.24010797180393903,0.22295081967213115
2024-09-29,3.0,5.0,0,4.348746108044603,4.282830736653696,5.7552300111780434,5.841074526588889,5.692873305667136,0.2454977493950921,0.26302241998503006,0.23634357757774965,0.22295081967213115
2024-09-30,3.0,5.0,0,5.192936812367169,5.709276365873466,6.472137638453967,6.345298775926511,6.430841464670663,0.33156763109103715,0.3090320598617778,0.2411732943961285,0.22295081967213115
2024-10-02,3.0,1.0,0,4.577599073693042,3.911377182597655,6.157383491951111,6.150716469289467,5.9795549502299545,0.27860322939115906,0.2241882275088998,0.23188638791444063,0.22295081967213115
2024-10-03,3.0,5.0,0,4.734877380760493,5.074784187217832,5.6716921326128915,5.650755478022205,5.696665173802215,0.24593093990041828,0.26341715860129666,0.236386839028822,0.22295081967213115
2024-10-04,3.0,4.0,0,4.805360867709998,4.883401719406383,5.569292153903929,5.545082256930702,5.560140571879646,0.23043319508229151,0.2216522594927171,0.23157947797294923,0.22295081967213115
2024-10-05,3.0,6.0,0,5.358615927317326,4.92760044600657,6.3106789931506135,6.346319691341855,6.240079659993778,0.30911677184651737,0.32791206956046975,0.24305322834735302,0.22295081967213115
2024-10-06,3.0,4.0,0,4.60914706434027,4.021451058527991,5.404914586465906,5.382858736665161,5.327537888768114,0.20458330359559662,0.23589954328972426,0.23327630227352028,0.22295081967213115
2024-10-07,3.0,5.0,0,4.488191772758242,4.565852897634619,5.284599726360566,5.306686751291379,5.187904572966241,0.18947355887564798,0.2808453608998041,0.23826267297132034,0.22295081967213115
2024-10-08,3.0,2.0,0,4.186009894790703,4.066878610503203,5.6780482610246095,5.75901135846774,5.496953776888061,0.22333611694917177,0.22498336064734223,0.23198216599572719,0.22295081967213115
2024-10-09,3.0,2.0,0,4.770093686972871,4.512501611556044,5.666990352231331,5.720712289981384,5.523228976595521,0.2262810529946918,0.22343136218153922,0.2317950205066881,0.22295081967213115
2024-10-10,3.0,1.0,0,5.3263053537314775,4.564680178711062,5.939068339911466,5.995231081686665,5.86911525662688,0.2657734309109479,0.16493384012712983,0.22400098007613647,0.14620134808030574
2024-10-11,3.0,3.0,0,5.111766426179488,5.72968728904211,6.046716427841763,6.047195833326315,6.001071411569302,0.2811117406210224,0.26217536580137824,0.23625062182532552,0.22295081967213115
2024-10-12,3.0,5.0,0,4.987391395456705,4.279811165223406,5.716767233922254,5.758215615501419,5.653608654733653,0.24102090196688816,0.20864743213652587,0.22996919837332142,0.22295081967213115
2024-10-13,3.0,7.0,0,4.927323952495211,5.680377311084502,6.01004246050903,6.0208593912058985,6.020888005422633,0.283424344320069,0.2323472314452813,0.23285930631887422,0.22295081967213115
2024-10-14,3.0,2.0,0,4.601394131779405,5.208441841655191,6.3347334537483,6.358630647225639,6.311436961509394,0.3175104946781683,0.2109983557108017,0.23026501120985235,0.22295081967213115
2024-10-15,3.0,3.0,0,4.6226246654753025,4.433773750726063,5.685644438056817,5.645761944435,5.568788549338393,0.2314084654839113,0.21422355899819265,0.2306673595770833,0.22295081967213115
2024-10-16,3.0,6.0,0,4.642178815244389,3.5696496880815234,5.468266642391121,5.559243827268017,5.251567076482283,0.19632036752495938,0.23209798480992014,0.23282990155618713,0.22295081967213115
2024-10-17,3.0,1.0,0,5.170815402297241,5.068315765429438,5.779567799838409,5.76587109173426,5.717589707280703,0.24832401177577193,0.2198025505850513,0.23135421502388637,0.22295081967213115
2024-10-19,3.0,6.0,0,5.273218091967589,5.319792239868707,5.244481923740231,5.29567072636293,5.075624718448924,0.17758394885180778,0.15885849745704658,0.2230857368019596,0.0
2024-10-20,3.0,7.0,0,5.991694771284374,4.603755016606451,7.07906615964864,6.8885080418023525,6.902363996546052,0.38684433395818113,0.35265896351253756,0.24545015960372563,0.22295081967213115
2024-10-21,3.0,3.0,0,5.591063505999509,5.342068316343392,5.9557145926733694,5.8802738506944605,5.971896592904013,0.27771102133414666,0.25661430999869356,0.23563610496707443,0.22295081967213115
2024-10-22,3.0,1.0,0,4.892475296088058,5.37704242105188,6.871038093248152,6.657911700834836,6.9474614395361405,0.3920836969350016,0.2903063475140943,0.2392552152466624,0.22295081967213115
2024-10-23,3.0,2.0,0,5.16237623486035,5.916889165139207,5.930844296812462,5.8908802000061895,5.961737379607281,0.2765280019147655,0.36867218651262923,0.24696802173760357,0.22295081967213115
2024-10-24,3.0,5.0,0,3.628941299951923,5.2836967263680386,5.700102566535204,5.593058198504584,5.836400688348491,0.26198964701906213,0.1525851151980487,0.22211329466933474,0.0
2024-10-25,3.0,1.0,0,4.8321258679334225,5.620009051389621,6.647205421538742,6.494425912837406,7.0402909105096745,0.4028291130345617,0.21441613315198438,0.23069125884195857,0.22295081967213115
2024-10-26,3.0,5.0,0,5.301064637856351,5.7136337981685825,7.441131453430667,7.156884796572402,7.291416542357365,0.43158155997007885,0.3147373464992675,0.24174666236393547,0.22295081967213115
2024-10-27,3.0,1.0,0,5.454650862064503,5.820257649968781,5.864664309243943,5.761663438153707,5.954870301228579,0.27572870165697205,0.32109297452366464,0.24237989020704656,0.22295081967213115
2024-10-28,3.0,2.0,0,5.0319352406990525,3.7496445958737583,6.28026732958409,6.164645778582118,6.3966863402393415,0.3275461444539515,0.2783062258081605,0.23799335129115182,0.22295081967213115
2024-10-29,3.0,3.0,0,5.814293544904764,5.513791344538956,7.212134593122437,7.432581890321365,7.297030763715097,0.4322183610598383,0.3771831213259015,0.2477659294593338,0.26
2024-10-30,3.0,3.0,0,5.17676248772435,5.883138719997048,5.40769700353524,5.4323438287349015,5.42039502811604,0.21480926649964716,0.23996774680444297,0.23374918819172943,0.22295081967213115
2024-10-31,3.0,3.0,0,5.235654710649169,5.72707736929635,5.34533751820393,5.381401799342522,5.109959985278512,0.18119355668271933,0.22137978747224626,0.23154637072321838,0.22295081967213115
2024-11-01,3.0,5.0,0,6.189163388383384,5.333003459272009,6.1462304664386,6.289837191826872,5.984071281976326,0.27912954904712206,0.31810077822776467,0.2420824710005731,0.22295081967213115
2024-11-02,3.0,8.0,1,5.220341246910922,5.205051363259429,5.80478941761695,5.743461095580347,5.866350300871532,0.2654533162387291,0.2117137351311394,0.23035459885852064,0.22295081967213115
2024-11-03,3.0,3.0,0,5.536696838331934,4.299688562324684,5.52223256717735,5.583995967430568,5.4299363852934315,0.21586740964332632,0.16457167364455796,0.22394711426045566,0.08416310922285868
2024-11-04,3.0,5.0,0,5.268268287259857,5.525641595222922,5.190934431962359,5.279822533741522,5.003282817995475,0.17005840908052103,0.23115212618830253,0.23271813691966747,0.22295081967213115
2024-11-05,3.0,5.0,0,5.72558434821677,5.444465004927995,5.407409060020509,5.467207865707299,5.211975170425963,0.1920537094133289,0.16633680050535612,0.22420884045533768,0.22295081967213115
2024-11-06,3.0,5.0,0,5.646306637367606,6.597741375537638,6.087099456595097,6.067924275685072,6.0021224021899755,0.2812343379711434,0.2809975117940065,0.23827877065026945,0.22295081967213115
2024-11-07,3.0,2.0,0,5.225866607551368,6.816312756843385,5.637094558841979,5.70649185440038,5.303454033216513,0.20195335136878556,0.312021078624063,0.241474283005013,0.22295081967213115
2024-11-08,3.0,3.0,0,5.163602724852213,5.530055294594223,5.9620950398319765,5.972629699200296,5.808413517060147,0.258759420715536,0.32315505196918326,0.24258415044781684,0.22295081967213115
2024-11-09,3.0,6.0,0,4.953735694917007,5.651853855798421,4.999763315568595,5.086489400810703,4.725811666910206,0.1422980350421394,0.23656442286732093,0.2333539236720631,0.22295081967213115
2024-11-10,3.0,3.0,0,4.987623514349845,4.658750522024196,4.944313104211328,5.0621138722766155,4.719260509025717,0.14166557043921588,0.2152298708768366,0.23079209432830458,0.22295081967213115
2024-11-11,3.0,2.0,0,5.605693442427016,4.412682697665175,5.809256823367321,5.858702957661781,5.532073008319846,0.2272743271331074,0.30958009701774075,0.24122858106383832,0.22295081967213115
2024-11-12,3.0,12.0,1,5.375378493729324,5.916011289385906,6.126041893803903,6.156271420236273,5.852219389099999,0.2638182086846578,0.3487517536420154,0.24507614175738154,0.22295081967213115
2024-11-13,3.0,4.0,0,5.580014394098385,6.550576389629545,6.389192752464063,6.359759328305821,5.933676193561424,0.27326366428554366,0.34363897556779094,0.2445843493663839,0.22295081967213115
2024-11-14,3.0,3.0,0,5.522347985318652,5.135619757415477,5.786396123660324,5.84279358897245,5.339894628297748,0.20593632310475204,0.32328501869430143,0.24259700537686005,0.22295081967213115
2024-11-15,3.0,5.0,0,4.440380047964687,3.976934502482641,5.186652582117581,5.298963991731816,4.967720511024968,0.16640006764528756,0.22154292781622584,0.23156619651451432,0.22295081967213115
2024-11-16,3.0,10.0,1,5.515470738905846,3.940067696230281,5.444680868636704,5.55699103808403,5.175588032914516,0.18815747955987958,0.23259248077460845,0.2328882205606481,0.22295081967213115
2024-11-17,3.0,2.0,0,4.989754326449862,4.428486201784803,5.778892753716922,5.878200806836419,5.512286694099623,0.22505353089065974,0.3001145618331263,0.24026711155376737,0.22295081967213115
2024-11-18,3.0,3.0,0,4.857357462765335,4.75829454674697,5.3705362984439216,5.438122906808759,5.011140776037387,0.17087048396402787,0.33357460891855356,0.24360787540371565,0.22295081967213115
2024-11-19,3.0,3.0,0,4.5129277965441705,3.742509343191482,4.67590908378424,4.805143067440669,4.39469424152368,0.11182717612102452,0.20826079200007416,0.22992033937959802,0.22295081967213115
2024-11-21,3.0,3.0,0,5.356366233768666,5.432321680590101,5.526370897206929,5.5752153614876265,5.306041432538071,0.20223543679503184,0.27974720182548596,0.2381463510395189,0.22295081967213115
2024-11-22,3.0,5.0,0,5.143812038559919,5.179055862349616,5.020625992709459,5.111943725256701,4.79452034274999,0.14899804084665946,0.2730211216271029,0.23742855574240587,0.22295081967213115
2024-11-23,3.0,4.0,0,5.408859658539168,4.360651759323622,5.399353908395445,5.455647376283719,5.3086523471172145,0.2025201984091253,0.29695186246435346,0.23994262670072783,0.22295081967213115
2024-11-24,3.0,5.0,0,4.6201477240174285,3.9557094590844293,5.363436567003546,5.4530357746550315,5.08615317506248,0.17868825851358083,0.28833817229041064,0.23905011705242146,0.22295081967213115
2024-11-25,4.0,9.0,1,5.18403616863145,5.237607067612518,4.876728008865056,5.060633817949518,4.752218538231454,0.147983283021222,0.3110763196480287,0.21743719732910494,0.23809523809523814
2024-11-26,4.0,8.0,1,4.935031778325073,4.534229508665305,4.503839788580407,4.65624422294711,4.404386812381303,0.1157557783592241,0.3259857283311184,0.2216503703262419,0.25
2024-11-27,4.0,4.0,0,5.0207333112645856,3.6012678496124715,5.037451250198288,5.17899482513822,4.915679201961767,0.16417513510441892,0.2817771309187726,0.2089969335900635,0.19680851063829788
2024-11-28,4.0,6.0,0,4.340124963515494,4.919078062337612,5.347557283982947,5.475714956164815,5.218511919990847,0.19563462655811953,0.3781197252983188,0.2361051802875042,0.2517482517482518
2024-11-29,4.0,5.0,0,4.472069873116845,3.774482168849612,5.256420515430861,5.397706102982046,5.067176237493477,0.17969558235629068,0.31753023433144556,0.2192667635172406,0.23809523809523814
2024-11-30,4.0,6.0,0,3.283320166474491,2.8868585834582126,5.467854840925317,5.535748547914361,5.334200702562094,0.20807721102273877,0.30032596589029337,0.2143677309147765,0.19680851063829788
2024-12-01,4.0,4.0,0,5.211776811663052,4.799998473623657,5.183551563381507,5.335953040483531,5.018308176569124,0.17463882235350822,0.35497581719634347,0.22972912857269984,0.25
2024-12-02,4.0,12.0,1,4.844791272615378,3.13868270234547,5.458590788081477,5.576066229830029,5.350322579320009,0.2098272617025192,0.3872071181292551,0.23859780719705426,0.2517482517482518
2024-12-03,4.0,6.0,0,3.7848390979881916,3.374612267265143,5.37363229228324,5.467176305148512,5.252867409070905,0.19930771703519365,0.4359467072317227,0.25194295716791437,0.2517482517482518
2024-12-04,4.0,2.0,0,5.253584435777356,4.031695387945046,5.1618762668824525,5.247760998751806,5.093957005585844,0.18248615486612668,0.5232648396627545,0.2763335343026227,0.27631578947368424
2024-12-05,4.0,3.0,0,5.9647889574299136,6.459162129056645,5.169652151908103,5.249674138307049,5.0927090320228405,0.1823558172887089,0.49155912026943804,0.26734321529800265,0.27631578947368424
2024-12-06,4.0,4.0,0,5.982399504745679,7.387428613264451,5.23066814517127,5.362977498506482,5.225205464028086,0.1963487543450556,0.4914182567137646,0.2673037003022164,0.27631578947368424
2024-12-07,4.0,4.0,0,6.00030661801025,7.319164134283789,5.952910078935272,5.943549366422759,5.939038414198646,0.275752764695373,0.5010920978066364,0.2700254557585401,0.27631578947368424
2024-12-08,4.0,6.0,0,5.187644872100327,4.399820930391997,5.842700895422824,5.872133536295118,5.746903553147521,0.253886264480634,0.4681284540492993,0.2608118248255092,0.27631578947368424
2024-12-09,4.0,5.0,0,5.402024674825368,6.8941840848234595,6.015082998764696,6.018529897843644,5.985991636907951,0.2811303589296371,0.5225875568097891,0.2761392445580894,0.27631578947368424
2024-12-10,4.0,5.0,0,5.738399558146524,7.495623758449778,6.185525456781619,6.181355131645239,6.183024823086546,0.3037929902063083,0.4732136879563052,0.26222286594986705,0.27631578947368424
2024-12-11,4.0,7.0,0,6.380822086581887,5.939886287557881,6.54467407520833,6.5051702285145065,6.526194057659708,0.34339767002262034,0.550919061880388,0.2843680547556365,0.29411764705882354
2024-12-12,4.0,4.0,0,6.058765277908936,6.042594050499046,6.556544442114983,6.52025729865274,6.558768943866518,0.34715154802522474,0.5040433493543534,0.27085921575035365,0.27631578947368424
2024-12-13,4.0,8.0,1,6.822080228594308,6.074330692920301,6.254969599229156,6.230821325139515,6.232938662135834,0.30955059363211707,0.6322410361073847,0.30957608752962884,0.32051282051282054
2024-12-14,4.0,11.0,1,6.410727883324439,8.427696193089014,6.345343039053519,6.346906073187731,6.308810383290665,0.3183085935632836,0.593736672715756,0.29728987437265103,0.32051282051282054
2024-12-15,4.0,5.0,0,4.738147999991491,4.319212291028658,5.58742356970674,5.619345481832129,5.55708614276484,0.2325790556339871,0.5324835860949767,0.2789892284857281,0.27631578947368424
2024-12-16,4.0,4.0,0,5.273181323106587,3.999163233409149,5.688856578790487,5.66594304993544,5.770837890565144,0.25659591968299206,0.5067341210860729,0.271620864104124,0.27631578947368424
2024-12-17,4.0,4.0,0,6.2119339201573505,4.682157849433558,6.260104951861037,6.246000113508618,6.340263981513287,0.32194039439439015,0.5714793973109586,0.29048995164546537,0.32051282051282054
2024-12-18,4.0,5.0,0,6.733834657424855,7.3289822414671155,6.891936043499595,6.836951719215523,6.927160799482741,0.38933554637072604,0.6225157326506623,0.3064021545126088,0.32051282051282054
2024-12-19,4.0,3.0,0,6.975231934059907,9.393835433224266,6.87181162842925,6.840365572999224,6.874240449656036,0.3833158700159332,0.6440274121489439,0.3134949732982277,0.32051282051282054
2024-12-20,4.0,11.0,1,6.0033951063470194,7.213233411849588,6.598516223919495,6.576346631319582,6.559601480102462,0.3472474554555426,0.6095097706493082,0.30223509576013974,0.32051282051282054
2024-12-21,4.0,9.0,1,6.383822776250623,6.896639201812863,6.0363402585760335,6.048310575143365,6.060900491746691,0.28973055420756033,0.5353715597116232,0.27982562893571655,0.28481940047627063
2024-12-22,4.0,5.0,0,6.667196950318016,6.844961195672682,6.243737442550206,6.274760116150368,6.204116255603743,0.30622537909224307,0.5338125735701028,0.2793738510648271,0.2775422362809223
2024-12-23,4.0,9.0,1,6.501543427629676,4.928458899726626,6.713191120118675,6.640098517935652,6.683973380666131,0.361552227234064,0.5192764932850953,0.2751909574044217,0.27631578947368424
2024-12-24,4.0,9.0,1,5.216647725137934,3.8318759980250356,6.907177305620305,6.872013010032339,6.893894846373624,0.38555347496715114,0.4465884114112425,0.2548660789057928,0.2517482517482518
2024-12-25,4.0,6.0,0,5.982615260389307,7.341050440788084,6.749044686538931,6.69871009149153,6.761082833198377,0.3703928358491753,0.5697586918339205,0.28997209826846587,0.32051282051282054
2024-12-26,4.0,4.0,0,4.570936432971996,5.986067517926493,5.3173304495113065,5.370301984039267,5.365603174967099,0.21148943638309656,0.4238116186919364,0.24861711582448046,0.2517482517482518
2024-12-27,4.0,6.0,0,5.537521246171692,6.447923114177233,5.37350777908775,5.360986002183384,5.495728561881093,0.22577174744308035,0.4575018783374915,0.257872860892702,0.2517482517482518
2024-12-28,4.0,1.0,0,5.540558584372283,6.5396939900982645,5.3839509851264165,5.388946149954517,5.4987941599254775,0.22611081521269183,0.40499508110859095,0.24346779773989732,0.2517482517482518
2024-12-29,4.0,6.0,0,4.946833955223825,4.381323431585178,5.635716520165084,5.650442914695055,5.784550770512944,0.2581504080220267,0.428533863260048,0.24991059422554682,0.2517482517482518
2024-12-30,4.0,14.0,1,6.599331672728471,8.61450953040649,6.567451731879422,6.588131585561403,6.646697900627938,0.3572701999767522,0.5151444296660961,0.27401104173445523,0.27631578947368424
2024-12-31,4.0,11.0,1,7.018677559279958,6.432932549064727,6.250369225520999,6.264066399630634,6.264538576674967,0.3131975660799343,0.5844305710126148,0.29442292677379617,0.32051282051282054
2025-01-01,4.0,7.0,0,6.130698801965993,6.078897008158432,6.550482916836607,6.531063165958565,6.54432821551455,0.34548772220175966,0.5359899610294474,0.28000501390221716,0.28770602519253513
2025-01-02,4.0,3.0,0,6.258388258963232,4.524874768073653,6.168023333008926,6.16510064098783,6.115276107669901,0.29598654300765,0.47787851958336597,0.2635202046109057,0.27631578947368424
2025-01-03,4.0,11.0,1,5.690531558545804,6.294065602819121,5.790245200258524,5.80996936522526,5.7448139416834385,0.25364991400476883,0.5107131870154704,0.2727498507211054,0.27631578947368424
2025-01-04,4.0,3.0,0,5.352758036503577,7.592614153114191,5.699478947994053,5.685375899750887,5.770416269257361,0.2565481478363777,0.4300900157616389,0.2503370297608557,0.2517482517482518
2025-01-05,4.0,8.0,1,4.960365578478319,6.0783136915657705,5.408364278734444,5.446594385280711,5.550777435421335,0.2318771543397033,0.4015378153624855,0.24252180938500753,0.2517482517482518
2025-01-06,4.0,7.0,0,4.43607078238986,5.339943232695199,5.039735924767393,5.107190154789723,5.171033364388225,0.19059069692398967,0.2998200774316131,0.2142225615420509,0.19680851063829788
2025-01-07,4.0,7.0,0,3.9635030988371955,4.524326692917283,5.819639766248032,5.807173269841654,5.953991789359522,0.277464177798304,0.2948071727729422,0.21278029226522807,0.19680851063829788
2025-01-08,4.0,7.0,0,4.124527068459952,5.3435854635836915,6.480849690715939,6.447183718024571,6.589042200283112,0.35063784914726703,0.3251746198190204,0.22142233494594676,0.25
2025-01-09,4.0,3.0,0,5.332522904327832,5.804858005321073,6.506717509883941,6.463468792036235,6.534564377049425,0.34436248129700797,0.3974169106312083,0.24139400283058496,0.2517482517482518
2025-01-10,4.0,4.0,0,4.411577704151565,5.992362918402469,6.249749699910063,6.2760624187859655,6.255126967441403,0.31211124265065565,0.32311777973037387,0.22084350291468172,0.23809523809523814
2025-01-11,4.0,9.0,1,3.5318266463239896,3.8188208107027743,6.837526475400215,6.786987350561134,6.833779074692714,0.378702638486126,0.30050198718708765,0.2144182258661756,0.19680851063829788
2025-01-12,4.0,4.0,0,3.1744594269658846,4.220321414104133,6.896687735909717,6.8272494936751125,6.906629480424128,0.38700208204014075,0.2834353402880575,0.20948134792992573,0.19680851063829788
2025-01-13,4.0,6.0,0,4.732085159277954,4.366107458430084,6.730458857638266,6.686602319363945,6.765162498627665,0.37085985216147827,0.2903229628583142,0.21148409728025253,0.19680851063829788
2025-01-14,4.0,9.0,1,4.634789798136315,4.880016647385062,5.821030894569355,5.870893322059882,5.802212923520012,0.2601546827872213,0.3696825936931387,0.23378621541617506,0.2517482517482518
2025-01-15,4.0,4.0,0,4.233407938181108,4.879927502841863,5.2296155652549245,5.296515780848798,5.241037469580198,0.19804077045061735,0.35848235691742053,0.23069847275199662,0.25
2025-01-16,4.0,5.0,0,4.9953240003905055,4.270242094285323,6.098875547022584,6.126806522486979,6.2215780918185635,0.3082397799149592,0.3693422180289111,0.2336925478088531,0.2517482517482518
2025-01-17,4.0,5.0,0,5.288321591306244,3.269292362296293,6.832434098943811,6.746764768868964,6.875525521037155,0.38346223979273336,0.40944708837846844,0.24468585537428886,0.2517482517482518
2025-01-18,4.0,8.0,1,5.221939500650769,3.360156968555074,6.868262045487981,6.755863494369672,6.898949116607585,0.386128529437801,0.4249980057673195,0.24894200803985872,0.2517482517482518
2025-01-19,4.0,3.0,0,4.403810720051275,4.692372408122746,6.234024245365432,6.232939770201721,6.207536922163011,0.30661994767959583,0.4180387576880858,0.24703677704761684,0.2517482517482518
2025-01-20,4.0,7.0,0,5.82125329248233,4.7523916770048125,6.704277806339672,6.64579287701182,6.769007110756118,0.37129989061742075,0.41844423588634777,0.2471477524318736,0.2517482517482518
2025-01-21,4.0,9.0,1,5.591099584077908,4.8924758863905,6.299717785670724,6.239264001626882,6.351214051101759,0.32320478092277355,0.4259874523032575,0.24921300379349426,0.2517482517482518
2025-01-22,4.0,4.0,0,5.2518718378767915,5.096452889466236,5.715068887245829,5.730491592198264,5.7763243981037515,0.25721769492523294,0.39877485300798327,0.24176567944777055,0.2517482517482518
2025-01-23,4.0,2.0,0,4.58172758273965,5.192015905203907,5.6209972524343454,5.66032691573802,5.634898228349167,0.24127135335584982,0.47029909475818654,0.26141373606978396,0.27631578947368424
2025-01-24,4.0,3.0,0,5.946190880385031,3.8566774921298985,6.364881108703444,6.339979541558866,6.446506895840346,0.33420600790127863,0.4728189323985732,0.26211321301249435,0.27631578947368424
2025-01-25,4.0,10.0,1,5.349527816892506,4.792652913547222,6.796160427842877,6.708189845912061,6.8173435765371275,0.3768262299851412,0.4832016728913688,0.2650043513543376,0.27631578947368424
2025-01-26,4.0,4.0,0,4.7639092588657865,5.58139815533634,6.292445724732802,6.227091649505158,6.32876079599535,0.32061214828906737,0.5558384382898265,0.2858202212478134,0.32051282051282054
2025-01-27,4.0,3.0,0,6.047093616205505,7.548842640185683,6.249994671468336,6.3115182521885735,6.214082683381177,0.30737504670420224,0.4855464348731713,0.265659428544754,0.27631578947368424
2025-01-28,4.0,7.0,0,5.447851946690512,4.848189142748753,6.7883069822794635,6.704181556012893,6.833999715957319,0.37872781905778824,0.5067150331017402,0.2716154560053535,0.27631578947368424
2025-01-29,4.0,4.0,0,4.779435724863335,4.256589453861199,6.437575812475462,6.366476708332327,6.46437490783001,0.33626789709835025,0.5164748098388732,0.2743905171415125,0.27631578947368424
2025-01-30,4.0,4.0,0,5.046656876299536,7.094320086211827,5.848503247436915,5.834297317827152,5.930001131368928,0.2747190249786704,0.5353575749450641,0.2798215734341217,0.28475412122857635
2025-01-31,4.0,2.0,0,5.00561085392127,5.45106771715936,6.4306029294032445,6.352872483328895,6.500862786300833,0.3404769683866375,0.4705429633080127,0.26148139612680715,0.27631578947368424
2025-02-01,4.0,7.0,0,6.1645193547839385,4.838350844405878,6.30658431167364,6.3232650628786145,6.308684185568682,0.31829402272627194,0.499404561005618,0.26954944935586694,0.27631578947368424
2025-02-02,4.0,10.0,1,6.067300191987612,9.881988597027439,6.464805322285863,6.476537921299958,6.46288088282963,0.33609550957978146,0.5574855490239865,0.286308139801843,0.32051282051282054
2025-02-03,4.0,5.0,0,4.977065920958227,3.4001604110542094,5.937767490294737,5.985404441516049,5.9046312701978705,0.27181948960438124,0.5208573551804921,0.27564339787210096,0.27631578947368424
2025-02-04,4.0,4.0,0,4.147987530400399,4.010154322917325,5.825499608212687,5.87821234946502,5.7445415000430415,0.2536191014752097,0.45938370911320703,0.2583924365189632,0.2517482517482518
2025-02-05,4.0,11.0,1,4.587564830296386,6.118336220656005,5.6591557941036195,5.7381042627054395,5.553668627575031,0.2321987709558601,0.48801464928924654,0.26634991934948454,0.27631578947368424
2025-02-06,4.0,1.0,0,5.024750677682884,2.9910701361267082,6.4345512452786675,6.414172481099397,6.503154550236289,0.3407412602277747,0.38361208302381233,0.23761223486084268,0.2517482517482518
2025-02-08,4.0,9.0,1,5.834209931267637,6.477755697751613,7.088799253129217,7.005601457545377,7.050984314195102,0.40335098980010825,0.4437153493624464,0.254076137803793,0.2517482517482518
2025-02-09,4.0,19.0,1,5.019072605511087,4.404310951280407,7.0156315850639315,6.994045736557553,6.855829706536347,0.38121786795376245,0.37097844968644034,0.2341427336695535,0.2517482517482518
2025-02-10,4.0,1.0,0,5.837850922162503,4.447172675905493,6.887839255659754,6.895116836999239,6.705048159748322,0.3639708939243684,0.4038514719780244,0.24315489339346946,0.2517482517482518
2025-02-11,4.0,3.0,0,6.389739569106483,6.861849289519897,6.584274789156521,6.5608498679967555,6.520362739280873,0.3427254309245919,0.5102814044617291,0.27262718253489127,0.27631578947368424
2025-02-12,4.0,3.0,0,5.3703275419714736,4.991541858066064,6.3359520243646665,6.3540530001825495,6.271890627234092,0.31404622926545966,0.5454887957156984,0.28277363366635405,0.29411764705882354
2025-02-13,4.0,4.0,0,4.835668566461908,3.5735171795486043,6.12514090197046,6.130713771453396,6.088070493507817,0.2928552839111116,0.5022905008731604,0.27036381643900664,0.27631578947368424
2025-02-14,4.0,12.0,1,6.699911028676846,7.798003214839346,6.691499393798544,6.615912143698566,6.745988377690624,0.3686642534640231,0.5868748605978028,0.2951725011338922,0.32051282051282054
2025-02-15,4.0,7.0,0,4.470142403709764,4.628649663767061,6.74672738589514,6.593662188985248,6.864514658576571,0.38220779971840024,0.3370715629131547,0.22475510578405672,0.25
2025-02-16,4.0,6.0,0,4.44824286434118,6.732010706799795,6.598190925032034,6.5144905440077014,6.700772750266929,0.36348036368921904,0.386643033997902,0.23844320505257938,0.2517482517482518
2025-02-17,4.0,3.0,0,4.390438243746415,5.035698979094376,6.53032179374996,6.4466946116234265,6.607407432020765,0.3527515783477042,0.37829976305319396,0.236154609709778,0.2517482517482518
2025-02-18,4.0,5.0,0,4.597490166105989,5.6990933776069665,6.787933487962297,6.69524608090535,6.866489969859409,0.382432892051891,0.34943749596550655,0.22819515807447452,0.25
2025-02-19,4.0,3.0,0,4.550608562889496,5.44718926800087,5.852301829552646,5.820883473874415,5.967334685731622,0.27899224308206655,0.3367132134418537,0.22465507365720697,0.25
2025-02-20,4.0,3.0,0,3.9301067083903947,3.9357752635845427,5.607267738470163,5.648038430417853,5.661894781546763,0.24430142022749768,0.29419151276545724,0.21260267612840822,0.19680851063829788
2025-02-21,4.0,2.0,0,5.57344404182989,4.787437194081231,6.153445620489082,6.139217140302099,6.279294011892431,0.3149008673029722,0.35469684348848163,0.22965194911491368,0.25
2025-02-22,4.0,4.0,0,4.897116187676816,5.379296523382113,6.472859063461126,6.466137008191103,6.560166749296072,0.3473125729826416,0.44585560469722907,0.2546645375119058,0.2517482517482518
2025-02-23,4.0,2.0,0,4.866473438577102,3.4905282048768878,6.464410180919873,6.345056646111521,6.581600440193137,0.34978107416790777,0.36130373011861877,0.23147743774821383,0.25
2025-02-24,4.0,5.0,0,3.3579876921929044,4.01792683623257,6.166792067948226,6.1821977694909505,6.218764970511617,0.3079152242159574,0.315902918775928,0.21880632032785982,0.23809523809523814
2025-02-25,4.0,9.0,1,4.541529109525135,3.6067034451628723,6.621718925196011,6.558538768659037,6.6694448211732835,0.35988385488843905,0.3005731054112286,0.2144386251047575,0.19680851063829788
2025-02-26,4.0,6.0,0,4.170109500858233,3.693535743610147,6.565460384921424,6.483546312825364,6.559563996831868,0.3472431374531544,0.3357746274368305,0.22439297153569487,0.25
2025-02-27,4.0,14.0,1,4.3522646432347765,5.110974805256926,5.886921292715386,5.875741079128166,5.89625123210671,0.27086254480400124,0.4329497079886533,0.2511209570748985,0.2517482517482518
2025-02-28,4.0,11.0,1,5.0821182659925945,4.1298216450084775,6.027663579087749,6.003679123213636,6.057214808886983,0.28930687827646906,0.33350543454179593,0.2237586926585702,0.25
2025-03-01,4.0,4.0,0,5.502747767181584,5.0859678629237,5.2140640172975505,5.208619190705171,5.350721287225509,0.20987058953372428,0.3156123623385073,0.21872404785126762,0.23809523809523814
2025-03-02,4.0,6.0,0,4.58119459681365,5.655975372884787,5.601062390715864,5.5787243765029535,5.773304288607748,0.25687540289802074,0.3044786533089803,0.21555684696827823,0.19680851063829788
2025-03-03,4.0,4.0,0,5.937154151474726,6.999149981423042,5.611736045516609,5.618057997567123,5.705559421410119,0.24921673021587765,0.35452665526737037,0.22960486121976487,0.25
2025-03-04,4.0,7.0,0,5.4350411321501735,5.410631600444504,5.689408449377209,5.677611313323827,5.817252913211445,0.2618632040701498,0.40696060783784366,0.24400556767030707,0.2517482517482518
2025-03-05,4.0,5.0,0,6.149491358213581,6.392640594925453,5.514996821622264,5.528355514435919,5.598210778757122,0.23716516086543452,0.3333729188736453,0.2237216254429074,0.25
2025-03-06,4.0,9.0,1,6.040584114973291,6.933861054429335,6.491963658609076,6.465639163355869,6.562600719540414,0.3475929508705756,0.36482558692334605,0.2324486707934844,0.25
2025-03-07,4.0,6.0,0,6.241023684755707,6.880076533236745,7.226465187608093,7.129233852182168,7.223821191163051,0.4227261879774661,0.4268755626602044,0.2494562743425263,0.2517482517482518
2025-03-08,4.0,4.0,0,4.390828669000042,4.823489562919778,6.694337389292765,6.609783143743955,6.799987841862981,0.37484325838481425,0.26883303188985647,0.20518307349625617,0.19680851063829788
2025-03-09,4.0,6.0,0,4.49184076113029,4.595273682977248,6.958687909609958,6.821138327799006,6.970570913831544,0.39426065917830844,0.2578477497632052,0.20189675654430425,0.19680851063829788
2025-03-10,4.0,13.0,1,4.634916427915835,4.840193394753704,7.099877399358551,6.939021872306081,7.085565599164357,0.40724615352880733,0.28094952137033996,0.2087548252097893,0.19680851063829788
2025-03-11,4.0,9.0,1,4.073258802300156,4.063980910530565,6.1145150229483365,6.139934393991325,6.144145838127648,0.2993116979571399,0.2469678262178951,0.19859117729872322,0.19680851063829788
2025-03-12,4.0,7.0,0,2.7166739299353067,2.139128972350529,5.984968280011695,6.09116648421101,5.957815190575665,0.27790195220879355,0.20672684576648379,0.1858168828658961,0.10869565217391304
2025-03-13,4.0,4.0,0,3.7294941836841478,2.520892045890286,5.962500316166531,5.975421314399758,5.831766001768631,0.2635133950468459,0.2560516557600164,0.20135470017954027,0.19680851063829788
2025-03-14,4.0,8.0,1,4.45824392384675,4.471496923680541,5.632884057780975,5.699898687861505,5.579685615528473,0.2350970395899006,0.24728843152658517,0.19868936348423427,0.19680851063829788
2025-03-15,4.0,3.0,0,4.397197448896784,5.066961476594878,5.863245908238729,5.844075738163756,5.961639576191757,0.2783399136841306,0.3279728097770508,0.22220849316683963,0.25
2025-03-16,4.0,8.0,1,4.336736820626213,4.586694414165107,5.968136341014816,5.947487457702115,5.987195078023665,0.281268332178458,0.33537881062771413,0.22428239560532662,0.25
2025-03-17,4.0,7.0,0,4.1955450099171365,3.644200950527285,6.539464010563051,6.452744453444382,6.569626093857749,0.34840214529360725,0.3596253812745108,0.23101415625180735,0.25
2025-03-18,4.0,12.0,1,3.9829176432232005,4.7073046420109845,6.283933521872983,6.2868682888164935,6.223440882237561,0.3084547006653115,0.352367245876594,0.2290070929632749,0.25
2025-03-19,4.0,8.0,1,4.140643839879637,5.015335068884984,6.570079480705904,6.541514692968927,6.494118466614986,0.33969914179633354,0.36039466935168724,0.23122654229172862,0.25
2025-03-20,4.0,6.0,0,4.868515365387794,5.281015589720036,6.497471638550471,6.45619029728408,6.450416883834255,0.33465723826443294,0.3853439150589463,0.23808709138496018,0.2517482517482518
2025-03-21,4.0,4.0,0,5.458652972356029,6.660290952202311,6.382988996952991,6.434726149740499,6.270183890588376,0.3138492124159321,0.4769858539621439,0.263271716373427,0.27631578947368424
2025-03-22,4.0,7.0,0,4.901131143413054,4.074983303569473,6.135761985452085,6.165557306587076,6.019544214508884,0.2849795838230379,0.40952620498912723,0.24470750127965804,0.2517482517482518
2025-03-23,4.0,10.0,1,6.462812944164688,5.514303647709983,6.586925035079149,6.665888380209669,6.539380263446731,0.3449175186256594,0.5079507833862487,0.2719657261240478,0.27631578947368424
2025-03-24,4.0,16.0,1,4.370130587117178,3.188029900368489,5.983952336185673,6.163337086583388,5.744723744908694,0.2536397128875204,0.34639434222016374,0.22735061300584192,0.25
2025-03-25,4.0,10.0,1,4.253038175718704,4.066123547596705,5.5900081888467685,5.7064813134304915,5.42743418928647,0.21824826402439843,0.399254323407399,0.24189690413894574,0.2517482517482518
2025-03-26,4.0,10.0,1,4.413555203640336,3.8056300045539877,5.468656578336697,5.516029528214898,5.3652778425505945,0.21145401322080848,0.3393845592784268,0.22540027954474293,0.25
2025-03-27,4.0,6.0,0,4.966929364213225,4.340601820831821,5.3209001253309065,5.411940930387056,5.297361307665891,0.2040926183832981,0.3154750024756759,0.21868514728823094,0.23809523809523814
2025-03-29,4.0,6.0,0,4.806690253023757,4.474366101411017,6.546692558721977,6.562770045074472,6.480452225110259,0.33812276543761516,0.3104802234722571,0.2172677379210389,0.23809523809523814
2025-03-30,4.0,6.0,0,3.645778323194395,3.855477679605876,5.817527764472973,5.870521686812204,5.692359226465956,0.24772896749065584,0.17687521727732528,0.17559655893963208,0.10869565217391304
2025-03-31,4.0,3.0,0,4.438104373118276,4.020231249414287,6.361483353697974,6.334468401852615,6.200944972225171,0.3058595948769206,0.23038939399992528,0.1934430703926945,0.17391304347826086
2025-04-01,4.0,2.0,0,3.8959249095547195,3.88198240938847,6.130109609007302,6.091020177684702,5.996495968159362,0.28233489579292464,0.21647810304709336,0.1890035780008281,0.14285714285714285
2025-04-02,4.0,3.0,0,4.1810056071597685,3.39565150543905,5.311541296059351,5.438758421715984,5.10566885538405,0.18371073646434524,0.2260468154476291,0.19206980828139833,0.17391304347826086
2025-04-03,4.0,5.0,0,3.688789530568454,4.070982458995625,5.71414138282294,5.781598875865762,5.581275810957893,0.23527442379651525,0.2581801130151259,0.2019969111865445,0.19680851063829788
2025-04-04,4.0,1.0,0,5.58783480048102,4.898802773304245,7.80527137226769,7.843976435484992,7.710304080394369,0.4757761824158418,0.29683132393337286,0.21336349927023393,0.19680851063829788
2025-04-05,4.0,7.0,0,3.5669975321139367,2.626552390149971,5.587040044617137,5.642877860728405,5.35135512610908,0.20993947388790507,0.23387382480522467,0.1945371888343349,0.19680851063829788
2025-04-06,4.0,8.0,1,4.376308362523606,4.637153443381346,5.892552736503764,5.88578361058378,5.7152511116713995,0.2503100331280528,0.300322023404903,0.2143665998459045,0.19680851063829788
2025-04-07,4.0,7.0,0,4.701374185171324,4.749609812951364,6.122775613110345,6.043497117121333,6.244948119385515,0.31093647285823206,0.35312597034059423,0.2292171873239512,0.25
2025-04-08,4.0,3.0,0,4.679058227065058,4.639553190289179,6.129221986807903,6.066803548349082,6.220661751322658,0.3081340584414715,0.33565468060519343,0.22435946574796123,0.25
2025-04-09,4.0,6.0,0,5.059219224510468,5.130351305195335,5.9243709602261525,5.923181529276475,6.016866538217607,0.2846722134517145,0.30404876693189586,0.21543395585070643,0.19680851063829788
2025-04-10,4.0,2.0,0,4.498337806956805,3.8255102845915974,6.128365492401149,6.14971009670578,6.114865546353504,0.2959392722460922,0.2559016197783108,0.20130935660578728,0.19680851063829788
2025-04-11,4.0,6.0,0,4.236606692211659,4.709828559420464,5.256073779627289,5.326565460568233,5.132015641891302,0.18647469820674564,0.26724917677224086,0.2047122101216264,0.19680851063829788
2025-04-12,4.0,4.0,0,4.9335593759826475,5.113724379020404,5.698018456179749,5.7606516363277445,5.578095288223911,0.234919667760336,0.25387340348945764,0.2006954247766467,0.19680851063829788
2025-04-13,4.0,3.0,0,3.618639618080212,4.383489803684261,5.575534388309523,5.589556560932063,5.476908935515975,0.22369271380353578,0.19694837529527262,0.18255168265242508,0.10869565217391304
2025-04-14,4.0,4.0,0,4.998642464223174,4.897901203608,5.614608268617101,5.658374885875255,5.50739842170207,0.2270630820678976,0.22545218695145125,0.19188090662553803,0.17391304347826086
2025-04-15,4.0,1.0,0,3.7510641072359325,4.385930922166442,5.829314732599996,5.80521466896162,5.823321601999821,0.26255305651840766,0.19752036935870737,0.1827447340184586,0.10869565217391304
2025-04-16,4.0,7.0,0,5.357454756644885,4.695767787068165,5.495111506977941,5.533376447568212,5.5292843629155275,0.2294892125700998,0.18841793087478412,0.17964026778067804,0.10869565217391304
2025-04-17,4.0,3.0,0,4.355159315397411,5.362553310776782,5.372343042346037,5.439541615385027,5.25219070666546,0.19923518406937166,0.27521539029669706,0.20707099332253232,0.19680851063829788
2025-04-18,4.0,7.0,0,4.291865467343658,4.819764003999193,5.653266361979969,5.680575194019696,5.502073166797886,0.22647361149699563,0.2796571807074474,0.20837630823576675,0.19680851063829788
2025-04-19,4.0,1.0,0,3.8177207817364396,3.678476082897652,5.506661157254076,5.456950349215145,5.41809306483381,0.21722386447320224,0.283156879114378,0.20940006339611947,0.19680851063829788
2025-04-20,4.0,3.0,0,4.970359576067554,4.5751632079642475,5.264521461980602,5.263999458614013,5.208956601265786,0.194616461298911,0.30677564393947654,0.2162126989159219,0.23809523809523814
2025-04-21,4.0,5.0,0,5.4647841924133,5.126594799155605,5.405217026722114,5.536960683076137,5.328562124006545,0.20746602944013556,0.3204639954436839,0.22009543773890877,0.23809523809523814
2025-04-22,4.0,5.0,0,5.126091109773076,4.34576186973661,7.479281368639898,7.389944584824161,7.359752266640774,0.43778661238081606,0.3333566384671933,0.22371707128944604,0.25
2025-04-23,4.0,4.0,0,5.112315074916603,5.382831301578338,6.526321347726451,6.532457268844019,6.21870352748538,0.3079081355432764,0.33094342445505154,0.22304151155709484,0.25
2025-04-24,4.0,2.0,0,3.8207294859656384,3.2155693490514548,5.547216816212192,5.804052225671989,5.282007377223875,0.20243797013953896,0.2862908748662935,0.21031346221309552,0.19680851063829788
2025-04-25,4.0,12.0,1,4.497558617187177,4.116850491493299,4.995815807755474,5.111934318164828,4.8130594408445555,0.15393847023101281,0.16961525135767633,0.17298516356146496,0.10869565217391304
2025-04-26,4.0,6.0,0,4.644886808630616,4.8903604108942815,5.453400208720833,5.482108870940402,5.275409993931699,0.20172810602225866,0.2450871604281412,0.19801422354723514,0.19680851063829788
2025-04-27,4.0,6.0,0,4.144080007306651,4.831487691013188,5.796404057300339,5.737719112371362,5.622793112937391,0.23991500126376675,0.27127106853181393,0.2059060203062174,0.19680851063829788
2025-04-28,4.0,3.0,0,4.610611047906903,5.876113689074787,5.352966895061393,5.340753744510023,5.2152730434298595,0.19528933910645296,0.25675086191659696,0.20156588401617798,0.19680851063829788
2025-04-29,4.0,2.0,0,4.114882420827438,3.940819497200037,5.349791755940438,5.358508032208393,5.234768166777195,0.19737026307352545,0.20000070672187176,0.18357883997637334,0.10869565217391304
2025-04-30,4.0,4.0,0,5.017265559590644,4.56149870814855,5.367580981376644,5.401908276575661,5.315688520425067,0.20607238055762192,0.17902023511089418,0.17635770220438649,0.10869565217391304
2025-05-01,4.0,6.0,0,4.860674449880273,4.012658231599323,5.521807616570454,5.651838557200989,5.214306769758502,0.1951863610237578,0.2718862889376037,0.20608810093455657,0.19680851063829788
2025-05-02,4.0,3.0,0,4.6289542280323435,4.834211760569873,5.3866678588513155,5.380887588030896,5.313520302632779,0.20583789964986474,0.2686048903913363,0.20511530853566007,0.19680851063829788
2025-05-03,4.0,5.0,0,5.380167947660831,5.426411528575705,4.798063019261417,4.869423728657771,4.681101586819186,0.14113560992003754,0.1852730368757113,0.17855092833165292,0.10869565217391304
2025-05-04,4.0,6.0,0,5.748159385487551,5.5088566407697375,5.333531665666983,5.356328723863968,5.1937114065991095,0.19299516796173796,0.28887595012765144,0.2110645579512114,0.19680851063829788
2025-05-05,4.0,5.0,0,4.878907108350685,4.997701859038051,5.543635668228837,5.547044177660434,5.462682149560213,0.2221239508332666,0.28612989078416007,0.21026661953340944,0.19680851063829788
2025-05-06,4.0,5.0,0,5.687392710147016,4.859691328594664,5.324295759578697,5.427380686536385,5.216806256537233,0.19545276899415495,0.22461686897151903,0.19161518527842333,0.17391304347826086
2025-05-07,4.0,2.0,0,5.787690496093852,6.202256465730505,6.831353428175294,6.843803451790609,6.605345709708654,0.3525143354785991,0.4192506954878679,0.2473684824462768,0.2517482517482518
2025-05-08,4.0,9.0,1,3.8516606803211673,4.40612287024857,5.591964450555493,5.683365217625116,5.373711945559626,0.2123728246006363,0.2661507342229761,0.20438508687554532,0.19680851063829788
2025-05-09,4.0,9.0,1,4.333337451913208,5.253179498992987,5.095765647307594,5.168569468817943,4.933089017419353,0.16593473650842516,0.19445433974688275,0.1817068161900848,0.10869565217391304
2025-05-10,4.0,2.0,0,3.7847294750467,4.776514978088159,5.32396274730964,5.339555470828582,5.220698673246793,0.19586784807180682,0.21028027568654686,0.18698578981600225,0.13060127949758707
2025-05-11,4.0,6.0,0,4.375492929054982,4.177101187040855,5.0894858498560795,5.124272922656746,5.03358776303099,0.1762149320772705,0.2810020967004163,0.20877021231895812,0.19680851063829788
2025-05-12,4.0,5.0,0,4.580426661826687,4.749601831519289,4.816841084904965,4.870333567507891,4.83354766152635,0.15596333476919097,0.21164607582267533,0.18743269809401036,0.14285714285714285
2025-05-13,4.0,6.0,0,4.130786751417927,4.98189419580501,4.663974617237511,4.669412885966603,4.731692222650126,0.1459940895942649,0.24540138007905354,0.1981107394595518,0.19680851063829788
2025-05-14,4.0,6.0,0,4.984163654267788,3.8807036552064726,4.46837600251721,4.628422808058841,4.336215077681108,0.10983636391012971,0.30250437440298156,0.21499207273909918,0.19680851063829788
2025-05-15,4.0,1.0,0,4.086088404291851,4.4002830672618884,4.680819601604277,4.6910319218500005,4.673250485691639,0.14038736385172215,0.2656930333135341,0.2042486417780964,0.19680851063829788
2025-05-16,4.0,2.0,0,4.805326362672956,3.7801357923421532,5.096513652478671,5.223065858529538,5.076395807678719,0.18065474601100026,0.25636361567898125,0.20144894876539582,0.19680851063829788
2025-05-17,4.0,6.0,0,6.259251635916112,5.706720335152429,6.452624621969173,6.56032955359875,6.189856643204924,0.3045807829100049,0.3566057464612395,0.23017987674558285,0.25
2025-05-18,4.0,5.0,0,4.714875514806847,4.621283709453883,5.803491708813248,5.834172037095147,5.77620617189979,0.2572042941226698,0.2788080014872322,0.20812728363878158,0.19680851063829788
2025-05-19,4.0,4.0,0,4.70915474628398,4.55615809918032,5.699906711528378,5.726578726453746,5.720921316100826,0.2509500558328642,0.2763898983487601,0.2074168136291273,0.19680851063829788
2025-05-20,4.0,4.0,0,5.2335726792476285,4.705892039749527,4.822052556405839,4.9478593682934235,4.66734366655813,0.13982544632187294,0.25171395568162014,0.2000397572993304,0.19680851063829788
2025-05-21,4.0,3.0,0,4.71128598794995,4.476414612523122,5.981179926677689,6.110048261601428,5.806659948067271,0.2606596880226568,0.29472763631578497,0.21275735229956047,0.19680851063829788
2025-05-22,4.0,6.0,0,4.713005467158443,5.235341764858993,4.443130707770164,4.5612328607347665,4.399181066453898,0.11529889174357381,0.26497423640389295,0.20403419524962307,0.19680851063829788
2025-05-23,4.0,5.0,0,4.299336577185547,3.6764939572607327,4.847690528550292,4.963196353406582,4.782417913933444,0.15092830938908966,0.35162095423751444,0.22880037230213687,0.25
2025-05-24,4.0,1.0,0,4.792461752868734,4.259034620527094,5.136016734381783,5.10268100491483,5.239172519832185,0.19784124600189548,0.28186650681132375,0.2090230660149569,0.19680851063829788
2025-05-25,4.0,2.0,0,5.52256753393107,5.102877161901137,7.078201990345923,6.96096153461062,7.184541246468851,0.41834391419587663,0.3321705507802299,0.22338516205927897,0.25
2025-05-26,4.0,10.0,1,3.5906258317848465,3.8992721934208627,5.194749030122114,5.274867922553329,5.05381762472022,0.17830867787748655,0.14238743809565485,0.16262830048040425,0.0
2025-05-27,4.0,7.0,0,4.5221758776942576,4.62085457050113,5.310060202671196,5.364771241768239,5.23446493184398,0.19733784798422407,0.2509477325764585,0.19980660341622714,0.19680851063829788
2025-05-28,4.0,4.0,0,4.430217059261746,4.652226050227562,5.168578129806581,5.181027700005817,5.087060727648328,0.18176627404119713,0.19792266318335827,0.18288035289925045,0.10869565217391304
2025-05-29,4.0,6.0,0,4.875853763515691,5.373123808742666,5.558023912616987,5.602460890353639,5.415576651991083,0.21694809806931178,0.2975884565584133,0.21358135401721706,0.19680851063829788
2025-05-30,4.0,4.0,0,4.785455568852653,6.147281502460682,5.386550423502942,5.4549017847465135,5.211153051993713,0.19485036957478627,0.2930093515511405,0.21226132131042333,0.19680851063829788
2025-05-31,4.0,9.0,1,5.092326323719611,5.351411847324815,4.999529530268947,5.148226041112911,4.781269397969444,0.15081590989163862,0.3545136091651073,0.22960125146690238,0.25
2025-06-01,4.0,5.0,0,2.870898971839039,3.1098520151729936,4.552037757859142,4.694200393993648,4.328422983037246,0.10916865405395625,0.23322248444822208,0.19433317938337177,0.19505530543049568
2025-06-02,4.0,2.0,0,3.9773887879582404,3.7237324952341613,5.008771083009186,5.056563329101486,4.808241577785901,0.1534637225369844,0.2910807161043242,0.2117035456845951,0.19680851063829788
2025-06-03,4.0,5.0,0,5.06148659622693,5.145951640481462,5.682844469997926,5.817849388413253,5.518097369625574,0.22824839796138735,0.3501028048441326,0.22837963385615367,0.25
2025-06-04,4.0,4.0,0,5.193762908184527,5.644405836134386,6.708356399076837,6.735370037559233,6.5391721689221685,0.34489353652674376,0.3350349787416064,0.22418632124498888,0.25
2025-06-05,4.0,2.0,0,5.429775540953744,5.6201334981199595,6.103804561801151,6.092123297826639,6.041599956124424,0.28751248950776886,0.35236820474444164,0.22900735852270146,0.25
2025-06-06,4.0,5.0,0,4.703827670153134,5.965292175306477,5.105705437716737,5.14782868295528,5.047159813627984,0.17761873473604206,0.26314929706127543,0.203488819206342,0.19680851063829788
2025-06-07,4.0,1.0,0,5.4959061028106895,5.740905238786771,5.238319896052469,5.335465669090853,4.953502692626572,0.16800610899382903,0.3643109813607911,0.23230683138041192,0.25
2025-06-08,4.0,7.0,0,4.619574565014448,5.055973011922432,5.187131764422907,5.245395860201065,5.051527248056436,0.17807123183247134,0.3730250422608159,0.2347055248378843,0.2517482517482518
2025-06-09,4.0,7.0,0,4.7965544213062214,4.779490564045175,5.084541008773841,5.09876207871539,4.979364098848681,0.1706427213416875,0.4223854905255958,0.248226627824994,0.2517482517482518
2025-06-10,4.0,7.0,0,4.7352420288445085,4.96555386670326,5.137598514831592,5.149987475390838,5.052940335724062,0.17821771637782718,0.30470319065148455,0.21562101659779484,0.19680851063829788
2025-06-11,4.0,6.0,0,5.798094898257049,4.17001529424898,6.528987515244423,6.619769537257881,6.3171516302779605,0.31927169157535606,0.3991949535708543,0.24188065564431951,0.2517482517482518
2025-06-12,4.0,13.0,1,4.2616849173233415,4.810702180413197,5.427999657323311,5.512353284497213,5.141710143238475,0.18749486622120515,0.2780804810041138,0.20791374059962997,0.19680851063829788
2025-06-13,4.0,4.0,0,4.497231614853571,4.670887997184299,5.67311544558495,5.7468202950765574,5.536109031724681,0.2302468845815971,0.2513516758334019,0.1999295526595472,0.19680851063829788
2025-06-14,4.0,16.0,1,7.079719740790606,11.403252135051954,8.195931896897408,8.143138448686418,7.921628678344462,0.4980061565125914,0.5358968513443109,0.2799779982451758,0.2872714001186682
2025-06-15,4.0,20.0,1,10.927024812975162,13.86142010001558,8.38782345156199,8.359003381556766,7.7752545457350655,0.4826656960812462,0.5114188643418665,0.27295041573218753,0.27631578947368424
2025-06-16,4.0,7.0,0,5.012481639797291,4.56125894502959,6.253251346268009,6.161314453520679,6.043989436619098,0.2877870172198483,0.4035703920934999,0.24307798497193026,0.2517482517482518
2025-06-17,4.0,8.0,1,6.1259094045661415,5.685758921311703,6.008703551971641,5.991872333033984,5.837288984816905,0.26414176224710073,0.38657624529876244,0.23842489889334648,0.2517482517482518
2025-06-18,4.0,4.0,0,6.180590051386439,7.27560434769993,5.388301340978766,5.3416650078674035,5.320019926549427,0.20654100832154354,0.5545964615377943,0.2854528849053909,0.32051282051282054
2025-06-19,4.0,10.0,1,6.489338440548572,6.875977161361956,5.891101357566293,5.892821802915495,5.807534889864141,0.2607590635879945,0.5219005135577774,0.2759422655568709,0.27631578947368424
2025-06-20,4.0,8.0,1,6.327527593546816,6.501178962275527,5.664089884796541,5.668764522175228,5.599843955280506,0.23734765923344955,0.383269071255528,0.23751816518630253,0.2517482517482518
2025-06-21,4.0,6.0,0,4.873828269973901,5.4025267474521765,5.774460751169698,5.815808772840116,5.534117197977045,0.23002569693555452,0.2919978836668751,0.21196893341569056,0.19680851063829788
2025-06-22,4.0,4.0,0,5.405291575367298,5.603566296536142,5.091593032307859,5.244313542608588,4.8774441187695405,0.1603336931532038,0.49155889549353515,0.2673431522412903,0.27631578947368424
2025-06-23,4.0,8.0,1,6.249106378610798,5.037580482673304,5.846989696744311,5.824013781696459,5.645330734119527,0.24244145273425094,0.45086745230708286,0.2560437740865575,0.2517482517482518
2025-06-24,4.0,3.0,0,5.6971252409647795,5.321352272951293,5.858215170355246,5.8301504857574,5.7974703156908785,0.2596162707940415,0.3333321555754628,0.22371022255185027,0.25
2025-06-25,4.0,6.0,0,5.993124060432714,7.443484883825479,5.6297976323282155,5.694841915773384,5.561286421336417,0.23304661939825197,0.4938863883558444,0.2679965466705849,0.27631578947368424
2025-06-26,4.0,7.0,0,5.50028837256468,6.127591247726293,5.761917390240428,5.764619269804628,5.670119812270156,0.2452259710225265,0.41155493324031833,0.24526255832185356,0.2517482517482518
2025-06-27,4.0,5.0,0,5.517688750900909,5.74957258832353,5.36125719573512,5.421525905640259,5.162315967007395,0.1896687773373232,0.487613818481849,0.26623771996307743,0.27631578947368424
2025-06-28,4.0,2.0,0,6.215130338052613,8.959257891748267,5.228604983395932,5.310393977498416,5.059391659489523,0.17888696523464115,0.4826967675850462,0.2648634006409605,0.27631578947368424
2025-06-29,4.0,6.0,0,6.467553643860608,7.336664713407076,5.75310578383259,5.7938289967271235,5.628968142942859,0.24060671793206254,0.5072123760091573,0.2717563894664249,0.27631578947368424
2025-06-30,4.0,5.0,0,3.8874386928385105,3.6027543544059086,5.066247739719506,5.146203657185335,4.870842612071745,0.15967369010573004,0.43959745681821283,0.25294493940076895,0.2517482517482518
2025-07-01,4.0,6.0,0,4.566050137369311,4.179559808621823,5.16922024847382,5.197508332094771,4.963870927065791,0.16906150838331618,0.3921631713552203,0.23995557954232652,0.2517482517482518
2025-07-02,4.0,6.0,0,5.094378226852836,4.494496237132026,6.338002430506534,6.297969085315639,6.246833701828045,0.3111540839832677,0.32391960945129566,0.22106925070166542,0.23809523809523814
2025-07-03,4.0,4.0,0,4.995952974638961,6.877267724625876,6.174216589101781,6.09835971023948,6.07867901972064,0.29177491397460115,0.3730057549572671,0.2347002225360183,0.2517482517482518
2025-07-04,4.0,9.0,1,5.068887000903357,5.764716012774016,6.162649639209345,6.133835176549669,6.022425882869426,0.285310404263474,0.42145470470525914,0.24797180061880708,0.2517482517482518
2025-07-05,4.0,3.0,0,5.937096816558372,6.26698281736762,6.813481958452432,6.9148165489195685,6.604978400967754,0.35247206784613666,0.3394793955753036,0.2254267147209649,0.25
2025-07-06,4.0,4.0,0,7.851649793278465,7.9151199782145145,9.159984921315406,8.921243431498883,8.734411055923111,0.5780075907938528,0.5590396695047243,0.2867693130363023,0.32051282051282054
2025-07-07,4.0,2.0,0,6.293081821917242,6.252926772454648,5.967233398371117,5.969302872137373,5.642444557691552,0.2421176357651996,0.38249370387256415,0.2373055005781395,0.2517482517482518
2025-07-08,4.0,5.0,0,5.764941417257374,5.803561712286559,5.722622211509745,5.70710884037147,5.587665990159219,0.2359875117057619,0.47383570960414934,0.26239568871819624,0.27631578947368424
2025-07-09,4.0,7.0,0,6.46574839325804,7.316970386932074,5.376374933631261,5.417691299075281,5.272160934373079,0.20137876312228817,0.5858482248162873,0.2948573766444983,0.32051282051282054
2025-07-11,4.0,9.0,1,7.051370973101006,7.341942688141148,6.156924208674983,6.169077829984996,5.942773196364914,0.2761801001211161,0.5659481158164748,0.28882901602584365,0.32051282051282054
2025-07-12,4.0,8.0,1,6.489392696729659,6.88819548727501,5.92622783361677,5.939979164689649,5.666075051495275,0.244771232436997,0.5747767223221836,0.29148528902758136,0.32051282051282054
2025-07-13,4.0,6.0,0,6.143583932674772,6.9989701085606475,4.6647057248296395,4.817075006888926,4.367820121140967,0.11256341565709498,0.5558157845318964,0.2858135166303056,0.32051282051282054
2025-07-14,4.0,7.0,0,6.320100111756607,6.445575670355269,5.802227625136766,5.819340230825631,5.41841803020029,0.21725948261825526,0.3924769108754544,0.24004150165373317,0.2517482517482518
2025-07-15,4.0,3.0,0,5.736152006575384,6.5073399001076675,6.20662970473442,6.220962942928309,5.925285230394347,0.2741797683401804,0.3433955236998101,0.2265171273625374,0.25
2025-07-16,4.0,7.0,0,6.3575391489730375,6.285686557294076,7.060459758615703,6.925244575416632,7.22324039087381,0.422661486029232,0.42947164869906723,0.250167565220398,0.2517482517482518
2025-07-17,4.0,5.0,0,5.728194200509344,4.686353189548672,6.745485758497227,6.594257732575727,6.917302997623716,0.3882154870537638,0.36975525356002753,0.2338062093612765,0.2517482517482518
2025-07-18,4.0,5.0,0,6.121453368642151,7.2779161476410685,7.609301116009178,7.405533392863126,7.77163823238453,0.4822834088800592,0.41761203688055054,0.24691999119907448,0.2517482517482518
2025-07-20,4.0,2.0,0,5.356981215761226,5.6143779612527664,5.878845511102588,5.906832941057337,5.949432889379002,0.2769422879872451,0.44606347958927584,0.25472170452815285,0.2517482517482518
2025-07-21,4.0,11.0,1,5.39150751902166,5.10886187736744,5.26067232043986,5.3399438036186195,5.280464503708587,0.20227189981323684,0.3248603784263805,0.22133395503366268,0.24265614231115912
2025-07-22,4.0,4.0,0,4.552571281204162,4.792238051814483,5.797224116406077,5.753033471126591,5.871367857097492,0.268023527600707,0.2916130116373527,0.21185759868742457,0.19680851063829788
2025-07-23,4.0,7.0,0,5.032131895917385,6.258270487310259,5.192517521780114,5.211883286072763,5.265653972193009,0.20067962313406226,0.3629348436456341,0.2319274057429563,0.25
2025-07-24,4.0,9.0,1,6.5931210412192485,7.504173818473229,6.602797338741686,6.608246606189096,6.6522591857437225,0.35790936770336085,0.38091459393069804,0.23687228630270554,0.2517482517482518
2025-07-25,4.0,7.0,0,5.93127976019687,6.356366014412584,7.926516003433314,7.664221337851864,7.949964418175783,0.5009451831492664,0.3892892191654766,0.23916834257956057,0.2517482517482518
2025-07-26,4.0,5.0,0,4.113694244894088,4.380657236471629,5.4102932138721505,5.371494446632674,5.457610183472478,0.22156528601650313,0.2516560930552595,0.2000221596440183,0.19680851063829788
2025-07-27,4.0,2.0,0,3.628893278409133,3.8860857548798142,7.326275111081477,7.102121635258935,7.444330694719067,0.4470697676536811,0.3122302020037402,0.21776499079583791,0.23809523809523814
2025-07-28,4.0,10.0,1,4.3435669333393125,3.0145158128758323,7.214356832331601,7.0780501118193815,7.229892160932448,0.4234023291324554,0.2871507120060153,0.21056351798153014,0.19680851063829788
2025-07-29,4.0,3.0,0,5.642239087575008,5.116016783302829,6.622314212884583,6.474073623336288,6.661950524463816,0.3590229517175374,0.2875177906114217,0.21067020089885147,0.19680851063829788
2025-07-30,4.0,5.0,0,5.096923071970161,4.734673206665362,8.134749410708213,7.875642344897986,8.457650443486775,0.5518028854526789,0.468142053328074,0.26081559408227106,0.27631578947368424
2025-07-31,4.0,6.0,0,8.179757034834717,8.88489483930086,11.751520148439909,10.832116040669572,11.838974789097618,0.7957966276009129,0.5500897888556722,0.2841239941778015,0.29411764705882354
2025-08-01,4.0,4.0,0,5.3741498322647585,8.194653986262429,8.72140184950985,8.334522313597985,8.598091848295821,0.5652391012521244,0.43810539029506074,0.2525353327184745,0.2517482517482518
2025-08-02,4.0,2.0,0,5.554895654659568,6.188065825746567,6.4088057266421705,6.330513114404061,6.201867465305619,0.3059659958175091,0.24831033991863652,0.19900199941083851,0.19680851063829788
2025-08-03,5.0,6.0,0,5.686560112892426,4.9450098274927825,5.199737423367203,5.246882940816044,5.163606555611857,0.18929990795719953,0.4123197633663853,0.25060427044242867,0.2185792349726776
2025-08-04,5.0,3.0,0,5.313614476330943,5.221373588492202,5.74874575402584,5.723444891726773,5.781353361336999,0.2574199285716044,0.449733609775625,0.26221841269465596,0.25
2025-08-05,5.0,4.0,0,4.034516720736401,4.0495720841855265,5.282466049805867,5.306338736784245,5.175714311609543,0.19058278131418038,0.3129233876794562,0.21962413177816373,0.21333333333333335
2025-08-06,5.0,4.0,0,4.175643437772344,3.8692143162303334,5.047615601165742,5.100726843009483,4.813811551789503,0.15347325617328625,0.26683872214326915,0.20467022760568643,0.19534883720930232
2025-08-07,5.0,1.0,0,4.052629375993938,3.384881569902911,4.908347336094309,4.931279617277447,4.730648684576165,0.14535072740973295,0.24953059141534162,0.19885967447550718,0.19534883720930232
2025-08-08,5.0,5.0,0,5.413158397490529,4.596902643982073,4.983914457935166,4.9942051295621654,4.839536324427294,0.1560189956214854,0.32021563843859097,0.22193857602800396,0.21333333333333335
2025-08-09,5.0,3.0,0,4.733697000567987,5.1388964784561155,4.532040513138597,4.615061988288312,4.348135843226385,0.11032892852405628,0.24443624303428735,0.19712360392910908,0.19534883720930232
2025-08-10,5.0,1.0,0,4.884596447962886,4.85117412940809,4.605650002576687,4.727763091344302,4.393847096968494,0.11429582895665599,0.25555769946244494,0.20089782886551463,0.19534883720930232
2025-08-12,5.0,5.0,0,4.7270228408928165,4.754042483712941,4.353761667422437,4.501840804529474,4.089185078915268,0.08909182302810648,0.22383086474742395,0.18996186987819086,0.19534883720930232
2025-08-13,5.0,3.0,0,4.996541907794043,5.483617385342809,4.793432278193211,4.872666244682359,4.556644925325565,0.1289194437213454,0.2937335677910821,0.21347379168926375,0.21212121212121213
2025-08-14,5.0,3.0,0,4.358348304583705,4.721139558834557,5.551522585229472,5.622640844322164,5.359592563271238,0.21036342153732654,0.29988371577140405,0.2154552347631102,0.21212121212121213
2025-08-15,5.0,2.0,0,5.318760277852414,4.848727938199885,4.900089155760769,5.071245781969332,4.577431371887447,0.1308402506341341,0.270388129327272,0.20584655297125395,0.19534883720930232
2025-08-16,5.0,3.0,0,4.7326366618695905,4.8275501255781395,5.108926267153437,5.263433115380238,4.793579467444633,0.15148193989786451,0.3583988307512495,0.23390901776298637,0.21333333333333335
2025-08-17,5.0,1.0,0,5.581408557677402,4.793366973038326,5.142448043339974,5.277399976843903,4.969728655989011,0.16913043419335633,0.3275329665232909,0.2242502783238348,0.21333333333333335
2025-08-18,5.0,1.0,0,5.107690803967097,5.0064372480079875,4.264692374923299,4.407598923618794,4.068679577912381,0.08750367928018205,0.2712984506171256,0.2061474754510221,0.19534883720930232
2025-08-19,5.0,5.0,0,4.9306863851630585,5.029914124821086,5.23124738973224,5.369687775687961,4.92638408001831,0.1647242334710183,0.3357302820659105,0.22682867710073942,0.21333333333333335
2025-08-20,5.0,1.0,0,4.571401365379206,3.928331193227202,5.11256069006663,5.259537398581331,4.833835899612926,0.15545355673658923,0.2502672951237857,0.19910970032419298,0.19534883720930232
2025-08-21,5.0,5.0,0,4.091230735519828,4.18499988075174,5.640546469387532,5.776215436201461,5.457979213220519,0.2211546119878975,0.2503245814335046,0.19912913172609154,0.19534883720930232
2025-08-22,5.0,6.0,0,4.926195433256141,5.345084831546218,5.023794738185617,5.068076032415613,4.863003639302409,0.15835460789391198,0.241064717722047,0.1959675665618614,0.19534883720930232
2025-08-23,5.0,7.0,0,4.512578300357571,5.128359872095247,4.597572763769763,4.741455418052367,4.580207776970651,0.13109769829505682,0.21981113964799925,0.1885357426113657,0.19534883720930232
2025-08-24,5.0,1.0,0,5.344569066642966,4.652767060448344,4.347902564363359,4.490126428795199,4.225337270475562,0.09999021297404782,0.2275345495058478,0.19126698831360883,0.19534883720930232
2025-08-25,5.0,4.0,0,4.380880209169728,4.1330817982715615,5.185636022259892,5.263172441713211,5.031504939501139,0.1754777247859191,0.21060279623901007,0.1852286165979505,0.19534883720930232
2025-08-26,5.0,6.0,0,4.862605077509894,4.328634674142979,5.372076630885836,5.395723411758024,5.2525996567699,0.19878770243717017,0.2734370246535855,0.20685320961902168,0.19534883720930232
2025-08-27,5.0,6.0,0,4.953965100581789,4.600910026721466,4.562302383518965,4.669203591585103,4.408079080904923,0.11554366260450293,0.2426631943894072,0.19651637630201807,0.19534883720930232
2025-08-28,5.0,2.0,0,5.58212415309895,5.1633493084998054,4.018259675086929,4.155167683004787,3.8075111515780833,0.06854863522281551,0.2240237880239829,0.19003006013055987,0.19534883720930232
2025-08-29,5.0,2.0,0,4.618628482618931,3.7554323631787967,4.686699334756953,4.8067312163099905,4.478087113134123,0.12176824107235149,0.2684648032437082,0.20520973507424095,0.19534883720930232
2025-08-30,5.0,3.0,0,4.740890872077822,4.19632002259174,4.636008298131604,4.714222583939484,4.502370174102575,0.12396026020989284,0.23668416368747192,0.19445673979097822,0.19534883720930232
2025-08-31,5.0,6.0,0,4.520851904006239,3.5474209946057527,4.363690131799166,4.442365514514845,4.329525243456476,0.10873198544227108,0.19494195371319203,0.17946163076505225,0.19047619047619047
2025-09-01,5.0,2.0,0,4.84715519374852,4.9784335154356905,4.42592145406641,4.487133278106924,4.368485912665645,0.11208717719074567,0.2081340980913831,0.18433194823801868,0.19047619047619047
2025-09-02,5.0,3.0,0,5.2561160005227325,5.479786100167309,4.37682776909299,4.541099575705922,4.297138087958912,0.1059782555682865,0.2492816723952756,0.19877513735472985,0.19534883720930232
2025-09-03,5.0,6.0,0,4.6902701610322195,5.049747677283436,5.033707441420539,5.065685252944198,4.953948932210114,0.16752173615742538,0.2541244863582121,0.20041466440918623,0.19534883720930232
2025-09-04,5.0,5.0,0,4.554751167552271,5.110826048749001,4.955597851124326,5.013451568308933,4.9127700779715555,0.16334860039701726,0.257300688763042,0.20148420065506104,0.19534883720930232
2025-09-05,5.0,1.0,0,3.908483241999579,4.120518560156508,4.839572090077646,4.909641408809184,4.773203354712436,0.14948626199909387,0.21575252857902996,0.18708520522487573,0.19534883720930232
2025-09-06,5.0,7.0,0,4.2204814543545535,4.356623632163514,4.654918876878929,4.75603025166214,4.60190225153026,0.1331165169929217,0.23524564170781478,0.19395835873657935,0.19534883720930232
2025-09-07,5.0,4.0,0,5.473643054980071,5.024670770654939,4.901930010097712,4.989991055767059,4.725687807981149,0.1448715114743654,0.33673980026101924,0.22714545910200162,0.21333333333333335
2025-09-09,5.0,6.0,0,6.548344550554269,7.029618914802967,6.953652032665655,6.943725993479688,6.805754047536148,0.37552066338095474,0.4133572318372652,0.2509252205619147,0.2185792349726776
2025-09-10,5.0,10.0,1,3.904990692915416,4.135962959197203,5.551157294551519,5.572752087457607,5.376955638357965,0.21225809602019022,0.24545171016954792,0.19747066947177128,0.19534883720930232
2025-09-11,5.0,2.0,0,4.132499937138669,3.8304427693279406,4.7660549539684665,4.799984660133562,4.676262342042583,0.14013070601662408,0.221063094342741,0.1889810147718924,0.19534883720930232
2025-09-12,5.0,4.0,0,4.693143973406255,4.447805932885799,4.638704212795271,4.70231198974931,4.594685626981065,0.13244355719447917,0.21884263475782217,0.18819058735686295,0.19534883720930232
2025-09-14,5.0,6.0,0,4.332639479411425,4.228517424265318,4.544744930024594,4.602235670132211,4.521546654879897,0.1257030775775358,0.18327607595791767,0.17503267520188526,0.19047619047619047
2025-09-15,5.0,13.0,1,4.853037525950917,5.132613619873463,5.0996831182071665,5.145299176729533,5.028253638574831,0.175141743107346,0.23954329476845657,0.19544398515848171,0.19534883720930232
2025-09-16,5.0,10.0,1,4.332086660826034,4.144930194351234,4.8888088928559625,4.925200938462872,4.802184958605928,0.15232774506759278,0.21351353186779995,0.186280259518983,0.19534883720930232
2025-09-17,5.0,1.0,0,4.916697731141831,5.242191250155832,4.564628259360591,4.650478432177941,4.5211737138237735,0.12566908528161602,0.2713993176045324,0.20618079973237588,0.19534883720930232
2025-09-18,5.0,2.0,0,5.43950890749789,4.381512115815145,5.346644665194715,5.416222830952323,5.2179744188756425,0.19508031919038216,0.254260522477677,0.20046056432775525,0.19534883720930232
2025-09-19,5.0,7.0,0,4.761457868090572,5.802002470879841,6.2000273490137205,6.109420688886802,6.002368307790443,0.28271034667472184,0.3871320658096801,0.24281628588716433,0.2185792349726776
2025-09-20,5.0,6.0,0,3.579250372039407,4.453112012026385,6.2873649674717536,6.192503433080962,6.101842905094538,0.2941763307635186,0.28448339318839994,0.2104729311377519,0.21212121212121213
2025-09-21,5.0,1.0,0,4.432481652521282,4.971969474154772,5.416096732751466,5.435838155784087,5.340114843926328,0.20824318785042953,0.29675562170244063,0.21444873369344317,0.21212121212121213
2025-09-22,5.0,4.0,0,4.528175646549297,5.064145273996612,4.891747850933481,4.962364575802892,4.808311568599769,0.1529309741176544,0.2741059616200436,0.2070736170290081,0.19534883720930232
2025-09-23,5.0,8.0,1,3.840462082186721,4.0737110456289765,4.6459665729994075,4.744502907586656,4.563319618840021,0.1295349458081593,0.2931300519508495,0.21327878197044506,0.21212121212121213
2025-09-24,5.0,1.0,0,3.904433251997144,3.8224619511838975,5.311119644268586,5.287593396854997,5.292314235640548,0.203063895970408,0.2644585667191479,0.20387865906266803,0.19534883720930232
2025-09-26,5.0,3.0,0,4.582357759899141,4.577806218890028,5.356177844643085,5.42445347431705,5.188244071624911,0.19191306445898715,0.2845209172455618,0.2104851576897997,0.21212121212121213
2025-09-27,5.0,5.0,0,4.41998159768933,3.6674643672542304,4.759142087087353,4.855606578904389,4.657995400853921,0.13839428529112097,0.2859130814748313,0.21093845320501214,0.21212121212121213
2025-09-28,5.0,4.0,0,4.54754369976917,4.812286862241195,4.574924147445777,4.640066183427247,4.46559029472609,0.1206467118232503,0.21557614271412906,0.1870219164060532,0.19534883720930232
2025-09-29,5.0,1.0,0,5.023480220311278,4.825714239592067,5.10676835301237,5.1887977239355,4.988973895957534,0.17109945659540327,0.23957891794238947,0.1954562583207591,0.19534883720930232
2025-09-30,5.0,1.0,0,5.021126868465267,5.183754820579033,6.00412824595852,5.990526510282675,5.859777931252724,0.2663582821609006,0.25571607309780536,0.20095116368312624,0.19534883720930232
2025-10-01,5.0,6.0,0,4.145384418280755,4.738365857612255,5.7051013754539595,5.663280074963258,5.600086738997434,0.23695721231655748,0.2670207132204151,0.20473066039871843,0.19534883720930232
2025-10-02,5.0,3.0,0,4.4770948315150845,4.403965354663464,5.414745302860436,5.423519965250636,5.317512004985699,0.20578980755770895,0.3027433867919752,0.21637309667521765,0.21333333333333335
2025-10-03,5.0,3.0,0,4.0055030095615045,3.830405864314446,5.203291787611782,5.312559556910673,5.0922746298582116,0.18179551443962644,0.27908558654581705,0.2087093566268714,0.19534883720930232
2025-10-04,5.0,2.0,0,4.722101280373464,4.537592209825065,6.263911269637456,6.23437654678726,5.978135730458435,0.2799236026153626,0.33930031067678984,0.22794824364599528,0.21333333333333335
2025-10-05,5.0,4.0,0,5.108236572635442,5.552207237427959,5.131578674197001,5.185077559357239,4.97162991175179,0.1693246137465947,0.27096971665904923,0.20603884250882487,0.19534883720930232
2025-10-06,5.0,3.0,0,4.819771428529246,4.609941835226998,5.341887492734652,5.409253525461805,5.2492870981331405,0.19843216976135622,0.23956972018902178,0.19545308950582585,0.19534883720930232
2025-10-07,5.0,1.0,0,4.542017223607076,4.366359678509692,5.768522656844959,5.787762663576525,5.595097890282325,0.2363985467435395,0.2625454332394048,0.20324076055194834,0.19534883720930232
2025-10-08,5.0,6.0,0,4.56374720831525,5.457501900904413,5.741019593389316,5.738792373414757,5.626902357180036,0.23996458322213052,0.2820162689446882,0.20966806400131383,0.20589265250398794
2025-10-09,5.0,2.0,0,4.8737556639864295,4.927679053259991,5.814645772623291,5.890266953938558,5.679174326220928,0.2458477041891692,0.26958546697880026,0.2055809604762008,0.19534883720930232
2025-10-10,5.0,1.0,0,4.817248187429834,4.920490683435232,5.596741269171389,5.65175814552166,5.47769530876726,0.22333258096488065,0.2957607133800687,0.21412804990903658,0.21212121212121213
2025-10-11,5.0,4.0,0,4.181163976032343,5.18676757454145,4.9421009625750765,5.082345990459052,4.857968049616038,0.15785237881666794,0.18440294219960524,0.17546594005984195,0.19047619047619047
2025-10-12,5.0,1.0,0,4.862202914789954,5.018250245702388,5.5363269094581,5.5671058448535815,5.343693980795687,0.20863237541861257,0.2548017359358878,0.20064309287190593,0.19534883720930232
2025-10-13,5.0,6.0,0,5.387110589435157,5.499563481144182,5.992671772256047,5.975827834641104,5.806157352650463,0.26024205884327145,0.2604213707777693,0.20253077076807602,0.19534883720930232
2025-10-14,5.0,2.0,0,4.564416784907372,3.962907192579763,5.460439161884437,5.523340097001741,5.260558556008443,0.19964264677810184,0.2938215628489751,0.21350221617075973,0.21212121212121213
2025-10-15,5.0,3.0,0,5.051444086546289,3.9544204805483694,5.146066855765031,5.1949878387732,4.9012312806323735,0.16218581828856216,0.2277339403588368,0.19133701540728698,0.19534883720930232
2025-10-16,5.0,7.0,0,4.41760215234604,3.3750126512337144,5.563184652299838,5.609885742156958,5.426051428689798,0.21763832692330135,0.17407101966209762,0.1714462702021895,0.19047619047619047
2025-10-17,5.0,8.0,1,4.838644660933027,4.917486848586278,5.619604935833373,5.631444550179286,5.432768457976511,0.21837697392793534,0.3213312798138572,0.22229169483229755,0.21333333333333335
2025-10-18,5.0,2.0,0,4.434897084487009,3.678346741017549,5.1186829089881725,5.219169104347662,4.951582803879717,0.1672809679329191,0.2536413707917226,0.20025158914553318,0.19534883720930232
2025-10-19,5.0,8.0,1,4.16121282776086,4.3251329757529655,5.345842208473673,5.43804442154498,5.135123031277877,0.18629221311186941,0.27019346874398315,0.20578216418692424,0.19534883720930232
2025-10-20,5.0,1.0,0,5.24233426084488,5.028318690832997,5.295954312710396,5.334034548129109,5.233510047265284,0.1967412983645603,0.2747262890499179,0.20727786382651156,0.19534883720930232
2025-10-21,5.0,3.0,0,5.446809644859209,5.158667227603819,5.100178182214158,5.1625301476309255,5.143877008485744,0.18721503339315315,0.2837356519203698,0.21022919862146905,0.21212121212121213
2025-10-22,5.0,9.0,1,4.4766157588714925,4.201870403081142,5.721712759678534,5.768451148588872,5.726922345600702,0.25124415703304875,0.2904320935829658,0.2124057148244319,0.21212121212121213
2025-10-23,5.0,1.0,0,4.979988345593771,5.1450780806870595,5.952173941916103,5.980713840772955,5.947729968042653,0.27643110554897155,0.4044924692329937,0.24818370329229744,0.2185792349726776
2025-10-24,5.0,6.0,0,4.675045855110243,3.7392051166381246,5.66719669207061,5.732559184174355,5.624561500816106,0.23970175959835574,0.32569702512734294,0.22367120829550796,0.21333333333333335
2025-10-25,5.0,2.0,0,4.742271545143785,4.825986667782826,5.937767625987963,5.94422601044935,5.912146308413617,0.27235024475001746,0.2924000537411164,0.21304276249060017,0.21212121212121213
2025-10-26,5.0,2.0,0,4.539861955126701,4.138786655301837,5.9708131323323945,5.93453940071291,5.966173958141903,0.2785490659493313,0.41537580885023295,0.2515497880983446,0.2185792349726776
2025-10-27,5.0,4.0,0,4.188014736759552,4.54811697976138,5.846089523983677,5.926248705832461,5.788580984380216,0.25824177950127675,0.3967584196888951,0.24579274738246484,0.2185792349726776
2025-10-28,5.0,2.0,0,4.925729325280812,4.3581933407332105,6.226562840206036,6.249719935972782,6.206153908631809,0.3062343728934611,0.48484549624924683,0.27325932618327287,0.25
2025-10-29,5.0,2.0,0,4.5468858851777485,3.9649973934879137,6.680324177247675,6.634511438230693,6.592773850178682,0.3509945936847397,0.43377343424471804,0.25725141395009826,0.2185792349726776
2025-10-30,5.0,3.0,0,5.522060458380839,4.2665840393265695,6.207042171199974,6.22289725139974,6.137854021890944,0.2983358552003037,0.43832554992822126,0.258665684812227,0.2185792349726776
2025-10-31,5.0,7.0,0,5.393446754904007,4.437656875768832,6.140915832332552,6.207362755767183,6.098889146365987,0.29383533163657466,0.4772430863519058,0.2708521174055265,0.25
2025-11-02,5.0,4.0,0,4.612109241282195,5.242501883161477,5.825695021137126,5.836262362584193,5.774151742714006,0.25660144226439413,0.3734362007069315,0.23857676814879142,0.2185792349726776
2025-11-03,5.0,6.0,0,4.291767534166799,3.875663934372861,5.270651293181639,5.32178913029443,5.233089706508611,0.1966963052081128,0.2900015726284865,0.21226619812649614,0.21212121212121213
2025-11-04,5.0,3.0,0,5.001215844735354,4.6545670009508004,4.9673082060776155,5.0332642624322546,4.977616464224613,0.1699365251984319,0.31436470064981864,0.22008248168118366,0.21333333333333335
2025-11-05,5.0,3.0,0,4.837076444757297,4.70912683112163,5.52308924891982,5.516466603142508,5.5367415106785005,0.22988392512308056,0.313110135392031,0.21968354501814186,0.21333333333333335
2025-11-06,5.0,6.0,0,4.480847541390782,4.753661791181398,5.214968519770819,5.258663742604159,5.26174144048985,0.1997697992688952,0.32654778120454403,0.2239396193050847,0.21333333333333335
2025-11-07,5.0,10.0,1,4.987929964317992,5.053491188189649,5.083576635861472,5.1646863083002605,5.088130633041209,0.18136243966798354,0.34282057444626085,0.22905038499503613,0.21333333333333335
2025-11-08,5.0,6.0,0,4.617090822682836,4.775309058658199,5.496439227512417,5.504984632492986,5.4951070351502,0.2252600571897249,0.2827165976091169,0.2098967384032547,0.21212121212121213
2025-11-09,5.0,3.0,0,5.1592218285653875,4.912411709653863,5.122191304615868,5.161703411276106,5.16514740186511,0.18946302456809255,0.3287224658658823,0.2246251329938943,0.21333333333333335
2025-11-10,5.0,1.0,0,5.432352882727696,4.525306838492497,5.059694896214885,5.132848534221305,5.070198652832937,0.1794921893630698,0.3211437010524364,0.22223234032028352,0.21333333333333335
2025-11-11,5.0,2.0,0,4.35485028377377,4.42663984977137,5.355144047109599,5.38278669923253,5.335424102742548,0.20773341359639771,0.26757338069677156,0.20491410250861128,0.19534883720930232
2025-11-12,5.0,6.0,0,4.957043870711534,4.015873994334005,5.983611295479736,5.960232236326228,6.031394800079376,0.28605196087138546,0.3786189878309228,0.2401820550890121,0.2185792349726776
2025-11-13,5.0,4.0,0,5.991851753420111,6.296850440029547,6.3369411401680225,6.282621646431832,6.314945354515807,0.3188320607007388,0.4803828023198819,0.2718449930283573,0.25
2025-11-14,5.0,8.0,1,6.0480001043953475,7.002338571986247,6.183772698455183,6.129584826489786,6.185511096583359,0.3038460220325957,0.46105846440566656,0.26575971231954865,0.25
2025-11-15,5.0,9.0,1,5.1621731506287425,6.182184677610998,6.243840076278307,6.228787533066271,6.284430928112126,0.3152972907394267,0.48719192270416944,0.274004480655992,0.25
2025-11-16,5.0,5.0,0,5.395949810439464,5.516388901997089,5.988889727036025,5.989586689966599,6.017267181205491,0.28442508137407935,0.3267383837845894,0.22399973577687035,0.21333333333333335
2025-11-17,5.0,3.0,0,5.042022174716237,4.728185990475935,6.4044726572814135,6.395464393626665,6.359105705530819,0.32394830560640636,0.4159563249108665,0.2517294326192268,0.2185792349726776
2025-11-18,5.0,4.0,0,5.773074174141477,5.762631319257225,6.149050681351772,6.209701856481015,6.07582961805878,0.2911742258004045,0.4315902351235109,0.25657371097403114,0.2185792349726776
2025-11-19,5.0,5.0,0,5.886862557726785,6.417419127997516,6.369907621402807,6.328874273101255,6.39805405642606,0.3284606815181409,0.560107099018093,0.29785822300826525,0.375
2025-11-20,5.0,5.0,0,6.163021140985525,6.419111909465601,5.668338068413799,5.767956011777659,5.612648139840878,0.2383650404817077,0.48377247312717986,0.2729189193563723,0.25
2025-11-21,5.0,4.0,0,6.569370853139686,7.186542140649872,6.305650589322101,6.414461807602131,6.357453308081717,0.3237568601132545,0.5416947386162958,0.2916828448728172,0.375
2025-11-22,5.0,5.0,0,5.1977151348885595,5.461891774853303,5.6552966616923435,5.675823679146624,5.52231715099743,0.2282796372727818,0.44624374623413343,0.2611301858541925,0.25
2025-11-24,5.0,6.0,0,5.049062325093471,5.167798240351979,4.830116172083182,4.873770470600541,4.881330810783203,0.16018730837195236,0.25606414911193454,0.2010683448308499,0.19534883720930232
2025-11-25,5.0,3.0,0,4.9576675966528,4.964218757808171,4.7707065258281975,4.8513760474004535,4.808820306741336,0.1529811044158965,0.2719194369743374,0.20635257599716755,0.19534883720930232
2025-11-26,5.0,4.0,0,5.8959294967918545,5.77811268803207,4.708526451905664,4.777255339909175,4.685098289838776,0.14097370284899968,0.3426255409877985,0.2289893682068997,0.21333333333333335
2025-11-27,5.0,7.0,0,5.258504410291412,4.894198713546361,4.73142810414299,4.809859617481285,4.716913225191744,0.1440253909339845,0.3038293075571732,0.21672109092229142,0.21333333333333335
2025-11-28,5.0,4.0,0,6.073900006850563,5.832922925657984,5.409771302645544,5.49231678405842,5.430226688143448,0.21809739412758267,0.40702401612406447,0.24896643879296437,0.2185792349726776
2025-11-29,5.0,2.0,0,5.124408083877763,5.629484356735648,5.564096414226722,5.63126836948678,5.4692390652233,0.22239784395791648,0.4617414835007649,0.26597382553783994,0.25
2025-11-30,5.0,9.0,1,5.170644533522004,5.666552207363048,5.663175974457764,5.729113629476231,5.613212905226493,0.23842837585080187,0.3877544626524895,0.24300878315010788,0.2185792349726776
2025-12-01,5.0,5.0,0,5.176527643878692,5.680669120676643,5.1518605791197585,5.196436805618639,5.095459912491315,0.1821286173673613,0.34040602522947394,0.22829461504696957,0.21333333333333335
2025-12-03,5.0,9.0,1,5.006899217634855,6.003973159999154,5.878450176911943,5.892795348994253,5.818552307723616,0.26165406070404673,0.4145907662905263,0.25130687128603757,0.2185792349726776
2025-12-04,5.0,5.0,0,5.705942681752445,5.482870442734077,6.204831007223883,6.210372575566333,6.156168049604532,0.30045267391176744,0.4733639197160718,0.26962776596391186,0.25
2025-12-05,5.0,11.0,1,5.531423379998118,6.8599111120250855,6.204043858250749,6.240787253853881,6.083303257607923,0.29203649249578134,0.3368308512875357,0.2271740227873458,0.21333333333333335
2025-12-06,5.0,4.0,0,5.471685724724408,6.540378400194886,5.719756332806762,5.770666521940143,5.60992035376635,0.23805918096667628,0.34382526550908615,0.22936462389778112,0.21333333333333335
2025-12-07,5.0,5.0,0,4.174800089493401,4.49471564256841,5.021246448748726,5.062388372943682,4.9650940300308015,0.16865740555520878,0.35347483940497804,0.23237626627859986,0.21333333333333335
2025-12-08,5.0,3.0,0,5.353901225728122,5.149038386098721,4.859689526523327,4.908867381517942,4.883950206107882,0.1604498597655336,0.37476205828980524,0.23898756897392703,0.2185792349726776
2025-12-09,5.0,8.0,1,4.820713954467373,6.568150644944463,4.767710492946433,4.882362173779798,4.728795416048652,0.14517163214643278,0.40104028460083446,0.24711643888358237,0.2185792349726776
2025-12-10,5.0,6.0,0,4.377856320669684,4.927666171993541,4.825271890807387,4.870111394115719,4.834459006136805,0.15551532772943616,0.3164453846983266,0.2207433607447395,0.21333333333333335
2025-12-11,5.0,1.0,0,5.143212340370567,6.476411851083732,4.945419213193953,5.013997518736018,4.954984156373624,0.16762711383054343,0.41668202098746643,0.2519540222751591,0.2185792349726776
2025-12-12,5.0,7.0,0,4.922151303122161,7.221839351062007,5.238607732907441,5.29004529096228,5.213551969290701,0.1946082342733042,0.45984644134300184,0.2653799242283187,0.25
2025-12-13,5.0,7.0,0,4.554899968428218,5.350943815327364,5.178873457746157,5.27182503394062,5.09561227524433,0.18214455558075712,0.41060981740955715,0.2500753533873931,0.2185792349726776
2025-12-14,5.0,6.0,0,5.66549967208787,5.814794778653765,5.714659264326165,5.784915910100202,5.673709602497632,0.24523141917688157,0.4512863572352411,0.2627030333542073,0.25
2025-12-15,5.0,1.0,0,5.956713305937136,6.803630227784846,6.181794515283054,6.218945113878615,6.016045648463363,0.2842844555972645,0.3933456000092466,0.24473765986864537,0.2185792349726776
2025-12-16,5.0,8.0,1,5.709701353841557,7.424343648716447,6.8622986267088875,6.809815638469647,6.754231830726253,0.36960440738899175,0.5106032348311604,0.2815035634638468,0.3643897032818503
2025-12-17,5.0,3.0,0,4.757884830931052,5.128576198594897,6.62341991028992,6.604303970896165,6.527142098456549,0.34340685725793474,0.40981485392460343,0.24982948392281176,0.2185792349726776
2025-12-18,5.0,6.0,0,5.356923892688922,6.425905531830486,6.064450505158121,6.0805031725045895,5.961138829005648,0.2779706943232296,0.4398961047011313,0.2591540417652418,0.25
2025-12-19,5.0,3.0,0,4.984944690286899,5.8866958248421,5.795500590154773,5.8267542225651585,5.757543105993331,0.254715401256626,0.3862721374761323,0.24255030688544882,0.2185792349726776
2025-12-20,5.0,4.0,0,6.3240091558649745,6.702562601366855,6.252926923336062,6.199933451812556,6.140657627098857,0.29865985007829604,0.39226031553486174,0.24440211376030618,0.2185792349726776
2025-12-21,5.0,6.0,0,4.903833236289422,5.679464151295665,5.494196710010405,5.510084901159446,5.526409645940529,0.22873455916463997,0.2957710195084298,0.2141313732416032,0.21212121212121213
2025-12-22,5.0,3.0,0,4.772411085267243,4.5649550746618255,5.158388635809225,5.233947427150635,5.167358908446795,0.18969721162624512,0.2624270236733558,0.20320123006444113,0.19534883720930232
2025-12-23,5.0,9.0,1,4.838769804370726,5.4718813460786775,5.525901093862429,5.570474126179551,5.467266308963264,0.22217990946344193,0.34179616877842817,0.2287298383718814,0.21333333333333335
2025-12-24,5.0,9.0,1,5.9814536291382385,6.18880269991667,6.0560173258205,6.053732437180894,6.022332835740054,0.2850083219736769,0.42871054806527975,0.2556803325520413,0.2185792349726776
2025-12-25,5.0,1.0,0,5.852052396483451,6.317965821377235,6.534041139719691,6.489450925380799,6.435167331548897,0.33275974604011493,0.41163033796546245,0.25039100873044157,0.2185792349726776
2025-12-26,5.0,10.0,1,5.982444110204942,6.856902694469944,6.222176690756993,6.262560011724235,6.138921730668886,0.2984592409664556,0.4336959520687939,0.25722735594569296,0.2185792349726776
2025-12-27,5.0,5.0,0,5.5269344938434655,5.673291006747812,6.042562378012168,6.038622370357734,5.906382895261057,0.27168996477564766,0.4068703961891713,0.24891893763649683,0.2185792349726776
2025-12-28,5.0,8.0,1,4.90270942629212,5.344734837939092,5.854222462498052,5.875506452828795,5.694852938189654,0.24761741072842264,0.3642519770083944,0.2357280024916139,0.2185792349726776
2025-12-29,5.0,6.0,0,5.061453402323361,5.892114195070355,6.093727057858513,6.07213822552748,5.950309411720779,0.2767271995228393,0.5318878855949744,0.28844105277391885,0.375
2025-12-30,5.0,3.0,0,6.299168265109442,10.453468695828034,6.691742231263805,6.613418780324273,6.599722719368167,0.35179732101647837,0.6380694309899264,0.32571254656658866,0.375
2025-12-31,5.0,1.0,0,6.096199230997648,11.515439789571566,6.5020295931929315,6.484146549998973,6.368458443636571,0.32503190302318835,0.6033127091660961,0.3129000685936794,0.375
2026-01-01,5.0,9.0,1,5.290600281876571,5.75095028894865,6.12032812309517,6.158663563953708,6.023264234801572,0.285115572030576,0.5186489460013335,0.28411119007293956,0.375
2026-01-02,5.0,3.0,0,4.958934162796371,5.512748541187039,5.519229903441281,5.555190267978618,5.478597550040706,0.22343236617695086,0.4096624551870665,0.24978235125468984,0.2185792349726776
2026-01-04,5.0,7.0,0,4.827289544818577,4.759785487249765,4.7976656704108445,4.892310415937115,4.796586422688664,0.1517772844047264,0.3466976931793175,0.23026230378377097,0.21333333333333335
2026-01-05,5.0,6.0,0,5.106810452074743,5.6276088002294715,5.026794177320692,5.127440683422161,4.957569184640598,0.1678903480747332,0.4024218730457938,0.24754355311705223,0.2185792349726776
2026-01-06,5.0,3.0,0,5.819022009064025,5.2964023612774245,4.883449138290619,5.001519181993001,4.871087962191715,0.1591621029242048,0.394813917716482,0.24519160880128485,0.2185792349726776
2026-01-07,5.0,1.0,0,6.575926613963061,5.127786836150735,5.675854884443671,5.780480180698071,5.581523737114105,0.23487982791866432,0.5033964330358534,0.2791817685167698,0.25
2026-01-08,5.0,5.0,0,4.33737105713606,3.481978236262573,5.456066379626634,5.513971935771824,5.397071586293706,0.21445850609655623,0.3621940536688249,0.23508880332316598,0.2185792349726776
2026-01-09,5.0,6.0,0,5.228601304451649,3.656937786682934,5.748731199012804,5.788607465586935,5.712180691977686,0.24957587829984657,0.4357330362961623,0.2578600225244528,0.2185792349726776
2026-01-10,5.0,2.0,0,6.333423504616837,7.854081250215378,6.2051861784830145,6.212462230064749,6.111136448031772,0.29524941610835354,0.5890877047859995,0.30785185019024564,0.375
2026-01-11,5.0,4.0,0,6.165178062371424,5.712363769460176,6.237138499952905,6.29185926783683,6.094240199754752,0.29329868879867743,0.6296122641045078,0.3225263148106892,0.375
2026-01-12,5.0,3.0,0,6.80134678673029,8.269417730080194,6.1511264021360486,6.225863987171609,6.018268423342046,0.2845403517025169,0.663995800030391,0.3357977876471574,0.375
2026-01-13,5.0,2.0,0,7.828897571495505,10.332056590869065,6.790699900978059,6.744776085038719,6.702783727041113,0.36368492474955805,0.7092907460647158,0.35481404314959863,0.375
2026-01-14,5.0,4.0,0,6.4557535782846385,7.650082336250101,6.284499795199473,6.304255396941108,6.088792154347996,0.2926698963390581,0.6286498908365359,0.32216670763370964,0.375
2026-01-15,5.0,9.0,1,7.448250329529449,7.960423128304836,5.934462508230799,6.061717264463129,5.778601695589252,0.25710714487657477,0.6649912728618865,0.3361953989480987,0.375
2026-01-16,5.0,6.0,0,7.2638696621408885,9.877484480419222,6.852895436555258,6.807622533475859,6.746437271058762,0.3687083060495749,0.6904939760654101,0.3466784240490781,0.375
2026-01-17,5.0,11.0,1,7.081890400422684,10.117833882096118,6.79805286643246,6.827444361051269,6.575477078714539,0.34899591901052845,0.6530199831479234,0.33146650840655295,0.375
2026-01-18,5.0,10.0,1,9.994000250969167,13.172295758596535,7.450005728578495,7.476155836436965,7.476102964483399,0.45085958428953116,0.6695208437862196,0.33801503390949283,0.375
2026-01-19,5.0,6.0,0,8.5784530949556,10.233092819643316,6.520284802744924,6.512391716780133,6.396162910159494,0.3282415941669685,0.5823723212034043,0.3055031444896324,0.375
2026-01-20,5.0,6.0,0,6.2037157825991445,6.940836787426249,5.468535881208883,5.490279818486524,5.505669171707084,0.22643110403380892,0.43991158121698376,0.25915885522062015,0.25
2026-01-21,5.0,15.0,1,4.74467621642141,4.7932584371064735,5.935158870874267,5.930172134351415,6.0582144854770394,0.28914270169489564,0.30216194287260467,0.21618664362496215,0.21333333333333335
2026-01-22,5.0,7.0,0,5.784010787728065,7.292670144978425,6.434412197145218,6.417948376240647,6.532210175100459,0.3439931306178795,0.4807253076451486,0.27195341061895906,0.25
2026-01-23,5.0,4.0,0,4.796252504422129,5.347704205248506,6.0141561381203426,6.002208210319426,6.049139719372568,0.2880965874417457,0.45531055745837,0.2639603293586188,0.25
2026-01-24,5.0,2.0,0,4.823997805925057,4.399391742611484,5.856689917100995,5.881263056744321,5.932893704046455,0.2747287598085599,0.3337766716929629,0.22621519090129635,0.21333333333333335
2026-01-26,5.0,3.0,0,4.31682602184871,4.411078042139384,5.88487531671793,5.907012617427138,5.872315436078369,0.2677912266690057,0.37194895249490223,0.23811583900390773,0.2185792349726776
2026-01-27,5.0,3.0,0,5.198548035850464,7.299433705930575,5.6993304558799585,5.726686096845979,5.705234550061679,0.24879046628997206,0.4718783303988116,0.2691595464283203,0.25
2026-01-28,5.0,5.0,0,4.481995921907787,4.635257908993049,5.960970330911631,5.976606153204875,6.030943912722646,0.2860000252344557,0.344367897534857,0.22953428760886563,0.21333333333333335
2026-01-29,5.0,5.0,0,6.472807686902442,7.43042975312807,6.042783331183331,6.06563318833868,6.016783635656765,0.2843694136592584,0.5074883634123967,0.2804984962713887,0.25
2026-01-30,5.0,7.0,0,6.272222912734961,4.660239227142108,6.456782519645716,6.3252024508050955,6.624409959470575,0.35464804484773566,0.4638549005804429,0.2666367550370768,0.25
2026-01-31,5.0,8.0,1,5.085647575594131,4.886181791706234,6.011353233143791,6.006545929327079,6.08452971119277,0.29217801279369693,0.4188321421528379,0.25261957216760034,0.2185792349726776
2026-02-01,5.0,11.0,1,6.355726116473243,5.292384789176705,5.59619148682251,5.601947611566546,5.6297775638254315,0.24028747842783066,0.4123563036789681,0.25061557394549616,0.2185792349726776
2026-02-02,5.0,7.0,0,5.344039354286015,5.821225461934567,5.538843108385669,5.61952992805337,5.6152482001936095,0.2386566506649213,0.3935403874943203,0.24479788225229346,0.2185792349726776
2026-02-03,5.0,1.0,0,6.769212284774053,6.610787974859809,6.1489330693178506,6.091326134360748,6.1849281834326355,0.30377859242335675,0.4511970733475274,0.26267515988389084,0.25
2026-02-04,5.0,2.0,0,5.866187601695211,4.760317119258018,5.5933869957594045,5.605315973297276,5.527613599356835,0.22886842828545248,0.32227220060780853,0.2225893211084622,0.21333333333333335
2026-02-05,5.0,1.0,0,6.147341283140271,5.2602869230164435,5.270310971525166,5.3655613779172695,5.267176485471554,0.20035432011191295,0.3570530540063732,0.23349034452606993,0.21333333333333335
2026-02-06,5.0,8.0,1,5.041136635009742,3.7470560659631937,6.217537142932429,6.24435263865652,6.253792770390581,0.3117490193656565,0.3916406036660279,0.2442105048150346,0.2185792349726776
2026-02-07,5.0,5.0,0,5.321282145694422,4.660454185044235,6.1805078985267805,6.1576704279932795,6.066228282778794,0.2900667754414592,0.4691549499309881,0.2683021292745801,0.25
2026-02-08,5.0,8.0,1,6.528664056617681,6.247652465761294,5.8744603911491176,5.906602086072141,5.800452692630706,0.2595925826927314,0.42276346263547,0.25383702553184123,0.2185792349726776
2026-02-09,5.0,6.0,0,5.256744807913661,4.359955795404579,5.6922311116953725,5.708767301095359,5.665583280518716,0.24431549632408267,0.33920667648834124,0.22791890407273963,0.21333333333333335
2026-02-10,5.0,8.0,1,5.58045486812121,6.36389895301953,5.698685897761621,5.742846890627067,5.625765275181127,0.23983690841355887,0.44361719105383246,0.2603120077675718,0.25
2026-02-11,5.0,5.0,0,4.5266711515128195,3.6168104010704427,5.370801930951495,5.457315695173048,5.265841979432533,0.20021075467184477,0.39033841753408205,0.24380786039332572,0.2185792349726776
2026-02-12,5.0,5.0,0,5.759216761717619,6.494501306047811,5.806960979110866,5.814758784734187,5.685325696099367,0.24654176140757866,0.4634732244244887,0.26651698522846334,0.25
2026-02-13,5.0,8.0,1,4.88201241162798,4.930299562817715,5.907287264469306,5.926985647452076,5.750696963551304,0.2539386228152779,0.4649171977625381,0.2669702141387246,0.25
2026-02-14,5.0,2.0,0,5.583397853975822,4.569644396347438,5.6085908321266755,5.6785807321788155,5.447816551866364,0.22003392459366303,0.5129407841077954,0.28225942183243347,0.375
2026-02-15,5.0,5.0,0,5.160528665245564,4.828914230299072,5.726535638346462,5.788337433512012,5.624470828203964,0.2396915803044359,0.49417380447454273,0.2762282455375687,0.25
2026-02-16,5.0,2.0,0,5.131748419060743,5.297402148207149,5.701146797540608,5.693067166042918,5.596704612732995,0.23657844314753856,0.4462109641943614,0.2611199697957144,0.25
2026-02-17,5.0,5.0,0,6.4179773601491945,5.736588903549101,5.739807299468639,5.762106660321408,5.613269957690125,0.238434774159408,0.40456109612204666,0.24820492096805957,0.2185792349726776
2026-02-18,5.0,3.0,0,5.863780301082994,5.463015764952352,5.608799751694222,5.669354132286106,5.495008702733432,0.22524916126978675,0.44034797657892505,0.25929459048089804,0.25
2026-02-19,5.0,3.0,0,5.9701920916530575,4.863306535277821,5.966271554275804,5.957264373146913,5.824315447021682,0.2623109661950698,0.45059050777993176,0.2624858209875353,0.25
2026-02-20,5.0,7.0,0,4.911886051132648,4.338574140087506,5.219731562332307,5.289525055736391,5.079207945316801,0.18043106462690986,0.32133145897583554,0.22229175152021988,0.21333333333333335
2026-02-21,5.0,11.0,1,5.875535825661666,4.707173607646266,5.070331397860719,5.1608990877313055,4.9540893498073615,0.16753602823733726,0.33433916215770276,0.22639189007988494,0.21333333333333335
2026-02-22,5.0,4.0,0,5.995447488636301,6.566532019144444,5.689638245851036,5.725153094903954,5.579164160772474,0.23461603515964022,0.3658437868191754,0.23622218802271386,0.2185792349726776
2026-02-23,5.0,9.0,1,5.7575612467678665,5.4516160539410325,6.257406820095681,6.248958913166144,6.154371285628342,0.3002449566744735,0.4863610078296759,0.27374048465816664,0.25
2026-02-24,5.0,1.0,0,5.117129076106071,5.607947620743484,5.672637981692874,5.747600906829189,5.498819996459061,0.22567156603674873,0.4060672253596259,0.24867059421542476,0.2185792349726776
2026-02-25,5.0,5.0,0,4.484242716905295,4.1925005632513574,5.155819605459093,5.250288647762363,4.98951562942763,0.1711549931962219,0.4305505888061311,0.25625110993370936,0.2185792349726776
2026-02-26,5.0,9.0,1,5.414476010577336,4.8514454570384995,5.424019515679486,5.550588254532129,5.287103731049883,0.202501443992061,0.4591439405722527,0.2651598862147941,0.25
2026-02-27,5.0,6.0,0,5.062514924275437,5.311257148563863,5.246250361659585,5.326243704403243,5.134560370458124,0.1862329463805264,0.3825842511510409,0.24140937159968354,0.2185792349726776
2026-02-28,5.0,7.0,0,6.364880393884958,6.515381111649426,5.042107637633698,5.10650083593909,4.925133389334143,0.16459768945709013,0.3494228988733444,0.23111301329253112,0.21333333333333335
2026-03-01,5.0,4.0,0,6.544608114679512,6.689203284839113,5.480376652582415,5.532632583103884,5.349012577055808,0.2092110560968171,0.35815563265376177,0.2338333714740062,0.21333333333333335
2026-03-02,5.0,2.0,0,5.623400968152242,5.66015733373176,5.3387524529555845,5.366388716141641,5.237396686470809,0.1971574612583793,0.33948668683290933,0.22800663942251678,0.21333333333333335
2026-03-03,5.0,2.0,0,5.1890849814671265,4.478380932812575,5.223212497648079,5.294048182203245,5.1363500506971675,0.1864214786173147,0.29764600046012035,0.2147354935368315,0.21212121212121213
2026-03-04,5.0,5.0,0,5.270061063721004,5.708278812364067,6.1507893825818085,6.178938410719493,5.966341560934717,0.27856832028343625,0.4011406599498189,0.24714746924593747,0.2185792349726776
2026-03-05,5.0,8.0,1,6.134371588099529,5.05918425279243,5.693828516859876,5.73844076534993,5.5200537779502,0.22802812578328227,0.3542493055860126,0.23261751008565135,0.21333333333333335
2026-03-06,5.0,6.0,0,4.329183664483089,3.7720514272946706,5.022802146337719,5.032016352260722,4.9206548654295625,0.16414483275276676,0.23718660367001732,0.19463054696311496,0.19534883720930232
2026-03-07,5.0,7.0,0,5.293695183724,5.127873318659464,4.806804133490402,4.880359044933284,4.7877503856113375,0.15091001611839808,0.2678537063821483,0.20500710320269652,0.19534883720930232
2026-03-08,5.0,3.0,0,4.345707124116375,5.184709262579617,5.608673738023319,5.671749050037266,5.557314550933108,0.23217624472438697,0.4012454252395821,0.24717985678594873,0.2185792349726776
2026-03-09,5.0,11.0,1,5.690151110282325,5.62727304912796,5.387650302923775,5.434765082124356,5.316690870074335,0.2057008236254562,0.36927292116131455,0.23728612815204286,0.2185792349726776
2026-03-10,5.0,5.0,0,5.929203051867052,6.084555821850031,5.227570913966451,5.285055091358204,5.132632875420481,0.18602996119279563,0.404749739076749,0.24826324485369192,0.2185792349726776
2026-03-11,5.0,4.0,0,5.408522208750623,5.186269693538118,5.533543074807828,5.595851919647586,5.427541953444149,0.2178021824789082,0.39406085761208004,0.24495879365752368,0.2185792349726776
2026-03-12,5.0,2.0,0,5.18909597590104,5.4278047888439485,5.788758251661264,5.869732943402926,5.5733693120700565,0.23396844955152643,0.4261142091646887,0.254875332152991,0.2185792349726776
2026-03-13,5.0,7.0,0,6.697292341728585,5.534475184839005,6.551131257102527,6.562992986051583,6.452565106958662,0.3347746261474418,0.5210465510426937,0.284891616404887,0.375
2026-03-14,5.0,1.0,0,4.8531540042069965,4.7396211554080585,6.259938258669447,6.239968034767106,6.124344296920018,0.2967749344091268,0.4343234916110212,0.25742221870251525,0.2185792349726776
2026-03-15,5.0,15.0,1,6.963751667086641,7.142594692302795,7.636232842257609,7.345468652393405,7.414770844944081,0.4441262668063833,0.4527145375221761,0.2631490226423885,0.25
2026-03-16,5.0,5.0,0,6.108130131648582,6.350865254100267,6.153509137282451,6.116038920724907,6.23500211066875,0.30957340121418236,0.3667748193393558,0.23651114047701124,0.2185792349726776
2026-03-18,5.0,3.0,0,5.016969273305216,5.470373409447494,5.790299824946243,5.79819815844257,5.908722417558597,0.2719579660321887,0.4465149004710957,0.2612146915616109,0.25
2026-03-19,5.0,3.0,0,5.845920407594615,5.979380813544429,6.1916250753281705,6.133649190847596,6.118327260768243,0.29607989529366635,0.3541884334644477,0.23259855093283827,0.21333333333333335
2026-03-20,5.0,1.0,0,5.791676970576083,6.268663305711338,5.612396161563667,5.669968847301086,5.573603719846231,0.23399463790143074,0.49609514719689,0.2768419929596543,0.25
2026-03-22,5.0,8.0,1,5.180466543627521,5.765931414968857,5.772859947165213,5.796150068727341,5.703397523638484,0.2485828229828975,0.44847323998117367,0.26182524457728024,0.25
2026-03-23,5.0,4.0,0,5.732795142920667,6.254854568911549,5.784734637655058,5.769682029261705,5.794129377297128,0.2588729602232938,0.3509409849205969,0.23158651839451233,0.21333333333333335
2026-03-24,5.0,7.0,0,4.706800663455573,4.862021637554015,5.968214160904079,6.028805905018041,5.8489745695881865,0.2651243791991661,0.3245886905895656,0.22332133205760246,0.21333333333333335
2026-03-25,5.0,6.0,0,5.568106042105016,4.826867428028663,6.516211796800164,6.432539297598638,6.6037467173283755,0.352262107829971,0.33312394919997135,0.22601008263219918,0.21333333333333335
2026-03-26,5.0,2.0,0,5.180946556876908,4.759776072792593,5.94836447920175,5.846252306320852,5.95238121523219,0.27696504747134254,0.3078440133362845,0.21800509944493168,0.21333333333333335
2026-03-27,5.0,3.0,0,5.623043910497886,5.065065478510971,5.5676682437829506,5.53601675478361,5.605107428160658,0.23751971037626082,0.3056480723043989,0.21730326964163854,0.21333333333333335
2026-03-28,5.0,2.0,0,5.232602353754393,5.166695500817133,5.353614476672105,5.30156913522521,5.418051412488145,0.2167593829970327,0.2887646884678685,0.21186505753723217,0.21212121212121213
2026-03-29,5.0,2.0,0,5.130739048215874,5.02659180258507,5.732701455900712,5.705531637186007,5.858814264863646,0.2662481853055277,0.29980684858807755,0.215430533337051,0.21212121212121213
2026-03-30,5.0,2.0,0,5.93154847132247,6.0239122409714785,5.108407309117971,5.142614028153631,5.177382224164302,0.190759705831221,0.3729285298403666,0.23841944542337912,0.2185792349726776
2026-03-31,5.0,1.0,0,5.161653628076795,6.171808137628953,5.328683265999824,5.352348786433126,5.341047891737842,0.2083446272297423,0.37673776678790355,0.2395995382460726,0.2185792349726776
2026-04-01,5.0,5.0,0,5.0110066602196675,6.121723571582342,5.853042269371413,5.882767634382997,5.840147270318215,0.26411676373768356,0.39670128756514067,0.24577508543944157,0.2185792349726776
2026-04-02,5.0,8.0,1,4.107167379145781,4.577554132195726,5.8965075533360025,5.906828262343993,5.853133301992912,0.26559927413092993,0.3561047654797404,0.233195223006742,0.21333333333333335
2026-04-03,5.0,3.0,0,4.40504852565197,5.47846752080757,6.547899876328131,6.427046229609984,6.622757730744919,0.3544573129596002,0.4257812043258697,0.2547721137177189,0.2185792349726776
2026-04-04,5.0,3.0,0,5.2550551111775246,5.2794272321395175,5.631741959598922,5.688327916325133,5.5391309213938165,0.23014991179362854,0.4036627943686629,0.24792719365322533,0.2185792349726776
2026-04-05,5.0,5.0,0,4.560520241228388,4.019783903943763,5.207338956643917,5.2935663411744365,5.15217854764788,0.1880914331079801,0.25156996626722555,0.19955118540025668,0.19534883720930232
2026-04-06,5.0,3.0,0,4.214767315794996,5.438887173119375,5.888804021877875,5.889418150504542,5.897391619088051,0.27066028720113233,0.36543260428759644,0.23609455344537864,0.2185792349726776
2026-04-07,5.0,3.0,0,4.775558501169309,5.777120801119008,5.897674677035918,5.907737476595784,5.891993952905795,0.27004238613561105,0.4135996061945597,0.2510002061928467,0.2185792349726776
2026-04-08,5.0,10.0,1,4.7330687499102515,5.312426574427327,5.5641165959705505,5.614454808893504,5.5094812238072075,0.2268540872705269,0.3398191271264748,0.22811078781903898,0.21333333333333335
2026-04-09,5.0,2.0,0,5.014159747756489,5.184057500139206,5.219601264879268,5.219373608869067,5.308777583244326,0.20484380966382248,0.3202822235798829,0.221959658267257,0.21333333333333335
2026-04-10,5.0,4.0,0,4.220676548537104,4.608113488761227,4.7791051113490735,4.858124138200816,4.857822553070776,0.157837876127555,0.31645246877835026,0.2207456092514391,0.21333333333333335
2026-04-11,5.0,1.0,0,4.249494584748882,4.257130355920031,4.907247286357385,4.974143644299083,4.929307084749466,0.16502011258446336,0.24788648728000903,0.19830076330393254,0.19534883720930232
2026-04-12,5.0,5.0,0,4.617061639377611,3.9825687312371167,5.207610106238004,5.23512024107147,5.266256727029842,0.20025536994644108,0.23934217138799657,0.1953746801111177,0.19534883720930232
2026-04-13,5.0,11.0,1,5.0581420926268175,5.38702554528015,5.2607580207151035,5.315094520510721,5.266763134912556,0.20030984903957152,0.3581145478243248,0.23382059155698787,0.21333333333333335
2026-04-14,5.0,2.0,0,4.943640743977294,4.496817616040803,5.191020717282467,5.263566264215632,5.205592077332516,0.19375936796699977,0.27478201599307017,0.20729620551797606,0.19534883720930232
2026-04-15,5.0,12.0,1,5.126160215049092,5.189406339926859,5.632940655670557,5.581143002289186,5.647608650845462,0.24229182965631432,0.40903110175009205,0.24958709723457398,0.2185792349726776
2026-04-16,5.0,5.0,0,4.785121233845979,4.0778637513500176,5.093437337700135,5.133429013141048,4.969271274918202,0.1690837320783922,0.2587543933670136,0.2019722413596833,0.19534883720930232
2026-04-17,5.0,1.0,0,5.501209610726512,5.18103122351433,5.237112953015461,5.298795613729864,5.116204574205178,0.1843026443583054,0.22947401087753344,0.19194713810005234,0.19534883720930232
